ISO-10303-21;
HEADER;
FILE_DESCRIPTION (( 'STEP AP214' ),
    '1' );
FILE_NAME ('¥ÛÕ»Õ‚≤‡-R.step',
    '2026-04-21T06:29:15',
    ( '' ),
    ( '' ),
    'SwSTEP 2.0',
    'SolidWorks 2024',
    '' );
FILE_SCHEMA (( 'AUTOMOTIVE_DESIGN' ));
ENDSEC;

DATA;
#1 = DIRECTION ( 'NONE',  ( -0.8660254037844359321, -0.5000000000000047740, -0.000000000000000000 ) ) ;
#2 = ORIENTED_EDGE ( 'NONE', *, *, #1753, .F. ) ;
#3 = ORIENTED_EDGE ( 'NONE', *, *, #1395, .F. ) ;
#4 = VECTOR ( 'NONE', #1288, 1000.000000000000114 ) ;
#5 = CARTESIAN_POINT ( 'NONE',  ( 70.56424354118446729, 18.89921846411179374, 24.53947724611424874 ) ) ;
#6 = FACE_OUTER_BOUND ( 'NONE', #857, .T. ) ;
#7 = VERTEX_POINT ( 'NONE', #766 ) ;
#8 = CARTESIAN_POINT ( 'NONE',  ( 73.13111831681237618, -25.71759912271178194, 22.51514491833895093 ) ) ;
#9 = CARTESIAN_POINT ( 'NONE',  ( 0.000000000000000000, 0.000000000000000000, 27.00000000000000355 ) ) ;
#10 = AXIS2_PLACEMENT_3D ( 'NONE', #9, #1110, #1347 ) ;
#11 = VERTEX_POINT ( 'NONE', #1095 ) ;
#12 = LINE ( 'NONE', #2957, #2599 ) ;
#13 = VECTOR ( 'NONE', #364, 1000.000000000000000 ) ;
#14 = DIRECTION ( 'NONE',  ( 0.8660254037844327124, 0.5000000000000102141, 0.000000000000000000 ) ) ;
#15 = EDGE_CURVE ( 'NONE', #2678, #2036, #1104, .T. ) ;
#16 = VERTEX_POINT ( 'NONE', #3249 ) ;
#17 = CARTESIAN_POINT ( 'NONE',  ( 14.41933128205088011, 22.38817675479875646, 6.000000000000000000 ) ) ;
#18 = DIRECTION ( 'NONE',  ( -0.000000000000000000, -0.000000000000000000, 1.000000000000000000 ) ) ;
#19 = CIRCLE ( 'NONE', #2029, 1.000000000000000888 ) ;
#20 = ORIENTED_EDGE ( 'NONE', *, *, #3544, .T. ) ;
#21 = FACE_BOUND ( 'NONE', #3112, .T. ) ;
#22 = DIRECTION ( 'NONE',  ( 1.000000000000000000, 0.000000000000000000, 0.000000000000000000 ) ) ;
#23 = VERTEX_POINT ( 'NONE', #3017 ) ;
#24 = FACE_OUTER_BOUND ( 'NONE', #68, .T. ) ;
#25 = VERTEX_POINT ( 'NONE', #243 ) ;
#26 = DIRECTION ( 'NONE',  ( 0.000000000000000000, 0.000000000000000000, -1.000000000000000000 ) ) ;
#27 = ADVANCED_FACE ( 'NONE', ( #257, #3353, #2996, #1164, #1355, #532, #3541, #2979, #321, #57, #492, #2253, #888, #1058, #3268, #780 ), #1725, .F. ) ;
#28 = CARTESIAN_POINT ( 'NONE',  ( 14.41933128205088011, 22.38817675479875646, 27.00000000000000355 ) ) ;
#29 = VERTEX_POINT ( 'NONE', #615 ) ;
#30 = ADVANCED_FACE ( 'NONE', ( #1866 ), #222, .F. ) ;
#31 = CARTESIAN_POINT ( 'NONE',  ( 50.40644473585051344, 25.69400197316476309, 3.064445706101243339 ) ) ;
#32 = CARTESIAN_POINT ( 'NONE',  ( 83.38477631085045516, 6.091687583267706430, 24.00000000000000000 ) ) ;
#33 = VERTEX_POINT ( 'NONE', #1627 ) ;
#34 = PLANE ( 'NONE',  #1897 ) ;
#35 = CARTESIAN_POINT ( 'NONE',  ( -27.45000000000000284, 0.000000000000000000, 27.00000000000000355 ) ) ;
#36 = AXIS2_PLACEMENT_3D ( 'NONE', #3186, #1827, #2598 ) ;
#37 = VERTEX_POINT ( 'NONE', #2702 ) ;
#38 = DIRECTION ( 'NONE',  ( 0.000000000000000000, 0.000000000000000000, -1.000000000000000000 ) ) ;
#39 = VERTEX_POINT ( 'NONE', #2455 ) ;
#40 = AXIS2_PLACEMENT_3D ( 'NONE', #2529, #66, #1171 ) ;
#41 = ORIENTED_EDGE ( 'NONE', *, *, #3305, .T. ) ;
#42 = FACE_BOUND ( 'NONE', #3299, .T. ) ;
#43 = CARTESIAN_POINT ( 'NONE',  ( 43.10050506338838261, -8.734608624843867020, 27.00000000000000355 ) ) ;
#44 = VERTEX_POINT ( 'NONE', #1460 ) ;
#45 = FACE_OUTER_BOUND ( 'NONE', #2367, .T. ) ;
#46 = CARTESIAN_POINT ( 'NONE',  ( -1.549999999999999822, 29.00000000000000000, 3.000000000000000000 ) ) ;
#47 = DIRECTION ( 'NONE',  ( 1.000000000000000000, 0.000000000000000000, 0.000000000000000000 ) ) ;
#48 = AXIS2_PLACEMENT_3D ( 'NONE', #871, #111, #2524 ) ;
#49 = ORIENTED_EDGE ( 'NONE', *, *, #3278, .T. ) ;
#50 = ORIENTED_EDGE ( 'NONE', *, *, #212, .T. ) ;
#51 = CARTESIAN_POINT ( 'NONE',  ( 75.85777528966436023, 16.70820936957776226, 26.93794303967854376 ) ) ;
#52 = VECTOR ( 'NONE', #3265, 1000.000000000000000 ) ;
#53 = EDGE_CURVE ( 'NONE', #1990, #438, #635, .T. ) ;
#54 = ORIENTED_EDGE ( 'NONE', *, *, #3208, .T. ) ;
#55 = DIRECTION ( 'NONE',  ( 0.000000000000000000, 0.000000000000000000, -1.000000000000000000 ) ) ;
#56 = EDGE_LOOP ( 'NONE', ( #761, #1202, #725, #3011 ) ) ;
#57 = FACE_BOUND ( 'NONE', #3498, .T. ) ;
#58 = PRESENTATION_LAYER_ASSIGNMENT (  '', '', ( #3105 ) ) ;
#59 = CYLINDRICAL_SURFACE ( 'NONE', #793, 1.000000000000007772 ) ;
#60 = FACE_BOUND ( 'NONE', #3442, .T. ) ;
#61 = EDGE_CURVE ( 'NONE', #2783, #3036, #2300, .T. ) ;
#62 = CIRCLE ( 'NONE', #519, 1.000000000000028644 ) ;
#63 = ORIENTED_EDGE ( 'NONE', *, *, #1483, .T. ) ;
#64 = AXIS2_PLACEMENT_3D ( 'NONE', #2403, #1606, #1264 ) ;
#65 = DIRECTION ( 'NONE',  ( -7.768817096539476669E-15, 1.000000000000000000, 0.000000000000000000 ) ) ;
#66 = DIRECTION ( 'NONE',  ( 0.000000000000000000, 0.000000000000000000, -1.000000000000000000 ) ) ;
#67 = FACE_OUTER_BOUND ( 'NONE', #3260, .T. ) ;
#68 = EDGE_LOOP ( 'NONE', ( #594, #3127, #2595, #3220 ) ) ;
#69 = ORIENTED_EDGE ( 'NONE', *, *, #3352, .F. ) ;
#70 = FACE_OUTER_BOUND ( 'NONE', #2204, .T. ) ;
#71 = DIRECTION ( 'NONE',  ( 0.000000000000000000, 0.000000000000000000, -1.000000000000000000 ) ) ;
#72 = AXIS2_PLACEMENT_3D ( 'NONE', #2044, #2508, #2836 ) ;
#73 = ORIENTED_EDGE ( 'NONE', *, *, #785, .T. ) ;
#74 = CARTESIAN_POINT ( 'NONE',  ( 32.56499258019215404, 8.769738674320914029, 3.000000000000000000 ) ) ;
#75 = EDGE_CURVE ( 'NONE', #2287, #3533, #3558, .T. ) ;
#76 = VECTOR ( 'NONE', #3241, 1000.000000000000000 ) ;
#77 = VERTEX_POINT ( 'NONE', #3525 ) ;
#78 = DIRECTION ( 'NONE',  ( 1.000000000000000000, 0.000000000000000000, 0.000000000000000000 ) ) ;
#79 = CARTESIAN_POINT ( 'NONE',  ( 155.9447829456342163, -56.15997780412929075, 27.00000000000000355 ) ) ;
#80 = DIRECTION ( 'NONE',  ( -0.000000000000000000, -0.000000000000000000, 1.000000000000000000 ) ) ;
#81 = ORIENTED_EDGE ( 'NONE', *, *, #158, .T. ) ;
#82 = EDGE_CURVE ( 'NONE', #818, #1795, #286, .T. ) ;
#83 = CARTESIAN_POINT ( 'NONE',  ( -17.51933128205095969, 22.38817675479869607, 6.000000000000000000 ) ) ;
#84 = EDGE_CURVE ( 'NONE', #3187, #320, #2167, .T. ) ;
#85 = FACE_OUTER_BOUND ( 'NONE', #1367, .T. ) ;
#86 = DIRECTION ( 'NONE',  ( 1.000000000000000000, 0.000000000000000000, 0.000000000000000000 ) ) ;
#87 = EDGE_LOOP ( 'NONE', ( #3342, #1284, #458, #2135 ) ) ;
#88 = CYLINDRICAL_SURFACE ( 'NONE', #1093, 10.00000000000000000 ) ;
#89 = CARTESIAN_POINT ( 'NONE',  ( 55.20109473812613743, -22.46851847096970900, 5.049779105167965021 ) ) ;
#90 = ORIENTED_EDGE ( 'NONE', *, *, #2168, .F. ) ;
#91 = DIRECTION ( 'NONE',  ( -0.000000000000000000, -0.000000000000000000, 1.000000000000000000 ) ) ;
#92 = EDGE_CURVE ( 'NONE', #1492, #1459, #3514, .T. ) ;
#93 = ORIENTED_EDGE ( 'NONE', *, *, #1302, .F. ) ;
#94 = CARTESIAN_POINT ( 'NONE',  ( 44.10050506338838971, 11.82199566218367437, 6.000000000000000000 ) ) ;
#95 = CARTESIAN_POINT ( 'NONE',  ( 32.18043739650774171, 0.6518475494139142068, 6.000000000000000000 ) ) ;
#96 = FACE_OUTER_BOUND ( 'NONE', #1265, .T. ) ;
#97 = VERTEX_POINT ( 'NONE', #2831 ) ;
#98 = CARTESIAN_POINT ( 'NONE',  ( -6.938893903907228378E-15, 33.00000000000002132, 6.000000000000000000 ) ) ;
#99 = CARTESIAN_POINT ( 'NONE',  ( 41.63856113714640372, -16.70854568867653001, 6.000000000000000000 ) ) ;
#100 = DIRECTION ( 'NONE',  ( 1.000000000000000000, 0.000000000000000000, 0.000000000000000000 ) ) ;
#101 = VERTEX_POINT ( 'NONE', #979 ) ;
#102 = DIRECTION ( 'NONE',  ( 0.000000000000000000, 1.000000000000000000, 0.000000000000000000 ) ) ;
#103 = DIRECTION ( 'NONE',  ( 0.5000000000000103251, -0.8660254037844328234, 0.000000000000000000 ) ) ;
#104 = EDGE_CURVE ( 'NONE', #1667, #2337, #3408, .T. ) ;
#105 = VERTEX_POINT ( 'NONE', #94 ) ;
#106 = CIRCLE ( 'NONE', #217, 1.549999999999999378 ) ;
#107 = DIRECTION ( 'NONE',  ( -0.000000000000000000, -0.000000000000000000, 1.000000000000000000 ) ) ;
#108 = ORIENTED_EDGE ( 'NONE', *, *, #3239, .F. ) ;
#109 = CARTESIAN_POINT ( 'NONE',  ( 42.28151741064844771, 21.60790448760854687, 3.000000000000000000 ) ) ;
#110 = CIRCLE ( 'NONE', #1735, 1.000000000000014655 ) ;
#111 = DIRECTION ( 'NONE',  ( -0.000000000000000000, -0.000000000000000000, 1.000000000000000000 ) ) ;
#112 = CARTESIAN_POINT ( 'NONE',  ( 15.96933128205087904, -22.38817675479875291, 3.000000000000000000 ) ) ;
#113 = ORIENTED_EDGE ( 'NONE', *, *, #1249, .T. ) ;
#114 = CIRCLE ( 'NONE', #576, 80.00000000000001421 ) ;
#115 = FACE_OUTER_BOUND ( 'NONE', #525, .T. ) ;
#116 = CIRCLE ( 'NONE', #2127, 1.000000000000000888 ) ;
#117 = FACE_OUTER_BOUND ( 'NONE', #2192, .T. ) ;
#118 = EDGE_CURVE ( 'NONE', #1344, #1788, #1781, .T. ) ;
#119 = DIRECTION ( 'NONE',  ( 0.000000000000000000, 0.000000000000000000, -1.000000000000000000 ) ) ;
#120 = AXIS2_PLACEMENT_3D ( 'NONE', #3271, #1154, #2457 ) ;
#121 = EDGE_LOOP ( 'NONE', ( #49, #391 ) ) ;
#122 = DIRECTION ( 'NONE',  ( 1.000000000000000000, 0.000000000000000000, 0.000000000000000000 ) ) ;
#123 = CARTESIAN_POINT ( 'NONE',  ( 17.51933128205087087, 22.38817675479875646, 27.00000000000000355 ) ) ;
#124 = ORIENTED_EDGE ( 'NONE', *, *, #2206, .T. ) ;
#125 = SURFACE_STYLE_USAGE ( .BOTH. , #2610 ) ;
#126 = EDGE_CURVE ( 'NONE', #1223, #3447, #1030, .T. ) ;
#127 = ORIENTED_EDGE ( 'NONE', *, *, #988, .F. ) ;
#128 = CARTESIAN_POINT ( 'NONE',  ( 41.63856113714640372, -16.70854568867653001, 3.000000000000000000 ) ) ;
#129 = CYLINDRICAL_SURFACE ( 'NONE', #2234, 1.549999999999995826 ) ;
#130 = CARTESIAN_POINT ( 'NONE',  ( 113.7812622533867426, -13.51047932657571948, 27.00000000000000355 ) ) ;
#131 = ORIENTED_EDGE ( 'NONE', *, *, #2477, .F. ) ;
#132 = EDGE_CURVE ( 'NONE', #942, #1811, #160, .T. ) ;
#133 = CARTESIAN_POINT ( 'NONE',  ( -20.83817675479876286, 15.96933128205086838, 6.000000000000000000 ) ) ;
#134 = DIRECTION ( 'NONE',  ( -0.000000000000000000, -0.000000000000000000, 1.000000000000000000 ) ) ;
#135 = CARTESIAN_POINT ( 'NONE',  ( 113.2812622533867568, -12.64445392279126423, 24.00000000000000000 ) ) ;
#136 = EDGE_CURVE ( 'NONE', #320, #25, #3457, .T. ) ;
#137 = ORIENTED_EDGE ( 'NONE', *, *, #1245, .T. ) ;
#138 = FACE_OUTER_BOUND ( 'NONE', #614, .T. ) ;
#139 = CARTESIAN_POINT ( 'NONE',  ( 23.98700034849685636, -26.64845313883566646, 6.000000000000000000 ) ) ;
#140 = VERTEX_POINT ( 'NONE', #3391 ) ;
#141 = PRESENTATION_STYLE_ASSIGNMENT (( #125 ) ) ;
#142 = VERTEX_POINT ( 'NONE', #1238 ) ;
#143 = ORIENTED_EDGE ( 'NONE', *, *, #1437, .T. ) ;
#144 = CARTESIAN_POINT ( 'NONE',  ( 49.10050506338838261, -81.63930745384131171, 3.000000000000000000 ) ) ;
#145 = DIRECTION ( 'NONE',  ( 0.000000000000000000, 0.000000000000000000, 1.000000000000000000 ) ) ;
#146 = DIRECTION ( 'NONE',  ( 1.000000000000000000, 0.000000000000000000, 0.000000000000000000 ) ) ;
#147 = EDGE_LOOP ( 'NONE', ( #1961, #1111, #1809, #1621 ) ) ;
#148 = DIRECTION ( 'NONE',  ( 1.000000000000000000, 0.000000000000000000, 0.000000000000000000 ) ) ;
#149 = CARTESIAN_POINT ( 'NONE',  ( 60.04555886344191151, 22.81736339223233756, 14.04555886344183691 ) ) ;
#150 = APPLICATION_PROTOCOL_DEFINITION ( 'draft international standard', 'automotive_design', 1998, #602 ) ;
#151 = AXIS2_PLACEMENT_3D ( 'NONE', #894, #2585, #1447 ) ;
#152 = ORIENTED_EDGE ( 'NONE', *, *, #1538, .F. ) ;
#153 = LINE ( 'NONE', #1820, #2706 ) ;
#154 = CARTESIAN_POINT ( 'NONE',  ( 54.92893218813453871, -75.05618350206425760, 8.928932188134488968 ) ) ;
#155 = ORIENTED_EDGE ( 'NONE', *, *, #336, .F. ) ;
#156 = CARTESIAN_POINT ( 'NONE',  ( 78.38477631085042674, 15.59709050208962822, 24.00000000000000000 ) ) ;
#157 = VERTEX_POINT ( 'NONE', #1275 ) ;
#158 = EDGE_CURVE ( 'NONE', #3262, #320, #1888, .T. ) ;
#159 = ORIENTED_EDGE ( 'NONE', *, *, #1201, .F. ) ;
#160 = LINE ( 'NONE', #2560, #1161 ) ;
#161 = CARTESIAN_POINT ( 'NONE',  ( 113.7812622533869416, -40.30565477354845427, 27.00000000000000355 ) ) ;
#162 = DIRECTION ( 'NONE',  ( -0.000000000000000000, -0.000000000000000000, 1.000000000000000000 ) ) ;
#163 = CIRCLE ( 'NONE', #2064, 1.549999999999999822 ) ;
#164 = VERTEX_POINT ( 'NONE', #686 ) ;
#165 = CARTESIAN_POINT ( 'NONE',  ( 113.2812622533867568, -12.64445392279126423, 27.00000000000000355 ) ) ;
#166 = EDGE_CURVE ( 'NONE', #1701, #1062, #2038, .T. ) ;
#167 = DIRECTION ( 'NONE',  ( -0.000000000000000000, -0.000000000000000000, 1.000000000000000000 ) ) ;
#168 = ORIENTED_EDGE ( 'NONE', *, *, #1780, .T. ) ;
#169 = PLANE ( 'NONE',  #2198 ) ;
#170 = DIRECTION ( 'NONE',  ( -1.000000000000000000, 0.000000000000000000, 0.000000000000000000 ) ) ;
#171 = CIRCLE ( 'NONE', #2592, 1.549999999999999822 ) ;
#172 = EDGE_CURVE ( 'NONE', #385, #164, #2629, .T. ) ;
#173 = AXIS2_PLACEMENT_3D ( 'NONE', #128, #1547, #3135 ) ;
#174 = VERTEX_POINT ( 'NONE', #651 ) ;
#175 = DIRECTION ( 'NONE',  ( -0.000000000000000000, -0.000000000000000000, 1.000000000000000000 ) ) ;
#176 = ORIENTED_EDGE ( 'NONE', *, *, #589, .F. ) ;
#177 = CIRCLE ( 'NONE', #2303, 20.00000000000001776 ) ;
#178 = ORIENTED_EDGE ( 'NONE', *, *, #967, .F. ) ;
#179 = EDGE_CURVE ( 'NONE', #1053, #3282, #1255, .T. ) ;
#180 = DIRECTION ( 'NONE',  ( -0.000000000000000000, -0.000000000000000000, 1.000000000000000000 ) ) ;
#181 = CARTESIAN_POINT ( 'NONE',  ( 77.14213562373116417, -27.04617586651497518, 27.00000000000000355 ) ) ;
#182 = ORIENTED_EDGE ( 'NONE', *, *, #2216, .T. ) ;
#183 = AXIS2_PLACEMENT_3D ( 'NONE', #2927, #2348, #2896 ) ;
#184 = ORIENTED_EDGE ( 'NONE', *, *, #486, .F. ) ;
#185 = CARTESIAN_POINT ( 'NONE',  ( 165.4995305801834888, -59.69276758487141166, 24.00000000000000000 ) ) ;
#186 = DIRECTION ( 'NONE',  ( 0.000000000000000000, 0.000000000000000000, -1.000000000000000000 ) ) ;
#187 = AXIS2_PLACEMENT_3D ( 'NONE', #1915, #55, #3349 ) ;
#188 = EDGE_CURVE ( 'NONE', #2761, #335, #3470, .T. ) ;
#189 = DIRECTION ( 'NONE',  ( 0.000000000000000000, 0.000000000000000000, -1.000000000000000000 ) ) ;
#190 = ORIENTED_EDGE ( 'NONE', *, *, #899, .F. ) ;
#191 = ADVANCED_FACE ( 'NONE', ( #3412 ), #961, .F. ) ;
#192 = DIRECTION ( 'NONE',  ( -1.000000000000000000, 1.804112415015878984E-15, 0.000000000000000000 ) ) ;
#193 = CARTESIAN_POINT ( 'NONE',  ( -3.300670485102710217, -166.9610859287279538, 6.000000000000000000 ) ) ;
#194 = ORIENTED_EDGE ( 'NONE', *, *, #2987, .T. ) ;
#195 = EDGE_CURVE ( 'NONE', #1965, #1566, #1514, .T. ) ;
#196 = DIRECTION ( 'NONE',  ( 1.000000000000000000, 0.000000000000000000, 0.000000000000000000 ) ) ;
#197 = VERTEX_POINT ( 'NONE', #3167 ) ;
#198 = CARTESIAN_POINT ( 'NONE',  ( 126.1485615347142044, -47.17859774663494221, 27.00000000000000355 ) ) ;
#199 = CYLINDRICAL_SURFACE ( 'NONE', #1072, 1.000000000000000888 ) ;
#200 = ORIENTED_EDGE ( 'NONE', *, *, #2376, .F. ) ;
#201 = CARTESIAN_POINT ( 'NONE',  ( 159.6095205269191695, -65.05618350206425760, 27.00000000000000355 ) ) ;
#202 = CARTESIAN_POINT ( 'NONE',  ( 25.14460034564295654, 25.95305706593564210, 3.000000000000000000 ) ) ;
#203 = CARTESIAN_POINT ( 'NONE',  ( -1.287681100642527943, -87.87616594696413586, 6.000000000000000000 ) ) ;
#204 = EDGE_CURVE ( 'NONE', #2690, #2652, #3152, .T. ) ;
#205 = CIRCLE ( 'NONE', #3139, 1.549999999999999378 ) ;
#206 = CARTESIAN_POINT ( 'NONE',  ( 48.51788121015707844, -22.31211115365676534, 5.999999999999998224 ) ) ;
#207 = VERTEX_POINT ( 'NONE', #703 ) ;
#208 = CARTESIAN_POINT ( 'NONE',  ( 1.414573065044035127, 32.98332254088342808, 27.00000000000000355 ) ) ;
#209 = DIRECTION ( 'NONE',  ( 1.000000000000000000, 0.000000000000000000, 0.000000000000000000 ) ) ;
#210 = VERTEX_POINT ( 'NONE', #3097 ) ;
#211 = DIRECTION ( 'NONE',  ( 0.000000000000000000, 0.000000000000000000, -1.000000000000000000 ) ) ;
#212 = EDGE_CURVE ( 'NONE', #210, #1998, #2578, .T. ) ;
#213 = ORIENTED_EDGE ( 'NONE', *, *, #2368, .T. ) ;
#214 = DIRECTION ( 'NONE',  ( 1.000000000000000000, 0.000000000000000000, 0.000000000000000000 ) ) ;
#215 = LINE ( 'NONE', #2680, #1847 ) ;
#216 = EDGE_LOOP ( 'NONE', ( #2573, #2750, #355, #3425 ) ) ;
#217 = AXIS2_PLACEMENT_3D ( 'NONE', #583, #1766, #322 ) ;
#218 = FACE_OUTER_BOUND ( 'NONE', #2851, .T. ) ;
#219 = CARTESIAN_POINT ( 'NONE',  ( 23.93817675479867901, -15.96933128205087549, 3.000000000000000000 ) ) ;
#220 = ADVANCED_FACE ( 'NONE', ( #2040 ), #2596, .F. ) ;
#221 = CARTESIAN_POINT ( 'NONE',  ( 54.92893218813453871, -22.45308996158438930, 8.928932188134488968 ) ) ;
#222 = CYLINDRICAL_SURFACE ( 'NONE', #3219, 1.000000000000000888 ) ;
#223 = EDGE_CURVE ( 'NONE', #308, #25, #3517, .T. ) ;
#224 = DIRECTION ( 'NONE',  ( -0.000000000000000000, -0.000000000000000000, 1.000000000000000000 ) ) ;
#225 = DIRECTION ( 'NONE',  ( 1.000000000000000000, 0.000000000000000000, 0.000000000000000000 ) ) ;
#226 = EDGE_LOOP ( 'NONE', ( #1933, #2502, #690, #124 ) ) ;
#227 = AXIS2_PLACEMENT_3D ( 'NONE', #3492, #211, #994 ) ;
#228 = DIRECTION ( 'NONE',  ( 0.000000000000000000, 0.000000000000000000, -1.000000000000000000 ) ) ;
#229 = DIRECTION ( 'NONE',  ( 0.8660254037844361541, 0.5000000000000043299, 0.000000000000000000 ) ) ;
#230 = AXIS2_PLACEMENT_3D ( 'NONE', #2117, #3251, #2672 ) ;
#231 = EDGE_LOOP ( 'NONE', ( #1772, #2755, #642, #1984 ) ) ;
#232 = VECTOR ( 'NONE', #641, 1000.000000000000000 ) ;
#233 = CARTESIAN_POINT ( 'NONE',  ( 141.6555065600999512, -57.07047002361964871, 27.00000000000000355 ) ) ;
#234 = CYLINDRICAL_SURFACE ( 'NONE', #2820, 1.000000000000000888 ) ;
#235 = ORIENTED_EDGE ( 'NONE', *, *, #730, .F. ) ;
#236 = VERTEX_POINT ( 'NONE', #1014 ) ;
#237 = CARTESIAN_POINT ( 'NONE',  ( 43.28151741064846192, 21.60790448760854687, 6.000000000000000000 ) ) ;
#238 = AXIS2_PLACEMENT_3D ( 'NONE', #1732, #1225, #3416 ) ;
#239 = CARTESIAN_POINT ( 'NONE',  ( 44.10050506338838261, -8.734608624843867020, 27.00000000000000355 ) ) ;
#240 = AXIS2_PLACEMENT_3D ( 'NONE', #639, #1484, #1975 ) ;
#241 = CARTESIAN_POINT ( 'NONE',  ( 0.000000000000000000, 29.00000000000000000, 6.000000000000000000 ) ) ;
#242 = ADVANCED_FACE ( 'NONE', ( #3494 ), #2105, .F. ) ;
#243 = CARTESIAN_POINT ( 'NONE',  ( 42.29040868656031904, -15.95019565582687981, 3.000000000000000000 ) ) ;
#244 = CARTESIAN_POINT ( 'NONE',  ( 24.00000000000000355, 0.000000000000000000, 3.000000000000000000 ) ) ;
#245 = CARTESIAN_POINT ( 'NONE',  ( 70.07106781186573130, -24.85982325275426419, 24.07106781186552169 ) ) ;
#246 = ORIENTED_EDGE ( 'NONE', *, *, #1297, .T. ) ;
#247 = FACE_OUTER_BOUND ( 'NONE', #1211, .T. ) ;
#248 = CARTESIAN_POINT ( 'NONE',  ( 156.7656357983699706, -55.58883807152827217, 27.00000000000000355 ) ) ;
#249 = ORIENTED_EDGE ( 'NONE', *, *, #820, .F. ) ;
#250 = LINE ( 'NONE', #3185, #1296 ) ;
#251 = FACE_OUTER_BOUND ( 'NONE', #712, .T. ) ;
#252 = EDGE_LOOP ( 'NONE', ( #1648, #2693, #113, #2609, #2007, #2120, #2304 ) ) ;
#253 = LINE ( 'NONE', #1643, #933 ) ;
#254 = DIRECTION ( 'NONE',  ( -1.000000000000000000, 0.000000000000000000, 0.000000000000000000 ) ) ;
#255 = ADVANCED_FACE ( 'NONE', ( #1326 ), #1826, .F. ) ;
#256 = CARTESIAN_POINT ( 'NONE',  ( 53.95819606338937291, -22.39725248872157337, 8.049567905682561531 ) ) ;
#257 = FACE_BOUND ( 'NONE', #2478, .T. ) ;
#258 = LINE ( 'NONE', #1096, #3347 ) ;
#259 = CARTESIAN_POINT ( 'NONE',  ( 41.73578717043540109, -17.70380801512663638, 6.000000000000000000 ) ) ;
#260 = ORIENTED_EDGE ( 'NONE', *, *, #2279, .T. ) ;
#261 = EDGE_LOOP ( 'NONE', ( #2200, #1987, #2176, #2, #901, #1173 ) ) ;
#262 = AXIS2_PLACEMENT_3D ( 'NONE', #2562, #80, #906 ) ;
#263 = DIRECTION ( 'NONE',  ( 1.000000000000000000, 0.000000000000000000, 0.000000000000000000 ) ) ;
#264 = FACE_OUTER_BOUND ( 'NONE', #2730, .T. ) ;
#265 = ORIENTED_EDGE ( 'NONE', *, *, #730, .T. ) ;
#266 = DIRECTION ( 'NONE',  ( 0.000000000000000000, 0.000000000000000000, -1.000000000000000000 ) ) ;
#267 = ADVANCED_FACE ( 'NONE', ( #1050 ), #2145, .F. ) ;
#268 = CARTESIAN_POINT ( 'NONE',  ( -22.38817675479869251, -15.96933128205095898, 27.00000000000000355 ) ) ;
#269 = ORIENTED_EDGE ( 'NONE', *, *, #223, .F. ) ;
#270 = ORIENTED_EDGE ( 'NONE', *, *, #613, .F. ) ;
#271 = FACE_OUTER_BOUND ( 'NONE', #1508, .T. ) ;
#272 = CARTESIAN_POINT ( 'NONE',  ( 42.44865751397446729, -9.492958657693527869, 3.000000000000000000 ) ) ;
#273 = ORIENTED_EDGE ( 'NONE', *, *, #2564, .F. ) ;
#274 = VECTOR ( 'NONE', #3531, 1000.000000000000000 ) ;
#275 = EDGE_CURVE ( 'NONE', #2341, #1641, #649, .T. ) ;
#276 = LINE ( 'NONE', #3303, #1525 ) ;
#277 = PLANE ( 'NONE',  #2076 ) ;
#278 = ORIENTED_EDGE ( 'NONE', *, *, #3226, .F. ) ;
#279 = ORIENTED_EDGE ( 'NONE', *, *, #1410, .F. ) ;
#280 = AXIS2_PLACEMENT_3D ( 'NONE', #3294, #1963, #315 ) ;
#281 = DIRECTION ( 'NONE',  ( -0.000000000000000000, -0.000000000000000000, 1.000000000000000000 ) ) ;
#282 = CYLINDRICAL_SURFACE ( 'NONE', #1090, 1.549999999999999378 ) ;
#283 = EDGE_CURVE ( 'NONE', #2238, #1185, #2954, .T. ) ;
#284 = VERTEX_POINT ( 'NONE', #1584 ) ;
#285 = DIRECTION ( 'NONE',  ( 0.000000000000000000, 0.000000000000000000, -1.000000000000000000 ) ) ;
#286 = CIRCLE ( 'NONE', #2298, 1.549999999999999822 ) ;
#287 = AXIS2_PLACEMENT_3D ( 'NONE', #3518, #1385, #2146 ) ;
#288 = ADVANCED_FACE ( 'NONE', ( #2663 ), #2378, .F. ) ;
#289 = VERTEX_POINT ( 'NONE', #2970 ) ;
#290 = CYLINDRICAL_SURFACE ( 'NONE', #1048, 85.00000000000000000 ) ;
#291 = CIRCLE ( 'NONE', #694, 1.000000000000000888 ) ;
#292 = CARTESIAN_POINT ( 'NONE',  ( -32.93971698973837192, -75.10800038187987582, 6.000000000000000000 ) ) ;
#293 = EDGE_LOOP ( 'NONE', ( #1779, #1563, #2226, #1551 ) ) ;
#294 = CIRCLE ( 'NONE', #411, 80.00000000000000000 ) ;
#295 = DIRECTION ( 'NONE',  ( 0.000000000000000000, 0.000000000000000000, -1.000000000000000000 ) ) ;
#296 = DIRECTION ( 'NONE',  ( 0.000000000000000000, 0.000000000000000000, -1.000000000000000000 ) ) ;
#297 = VERTEX_POINT ( 'NONE', #502 ) ;
#298 = ORIENTED_EDGE ( 'NONE', *, *, #2532, .T. ) ;
#299 = CARTESIAN_POINT ( 'NONE',  ( 113.7812622533869416, -40.30565477354845427, 24.00000000000000000 ) ) ;
#300 = DIRECTION ( 'NONE',  ( 1.000000000000000000, 0.000000000000000000, 0.000000000000000000 ) ) ;
#301 = ADVANCED_FACE ( 'NONE', ( #3479 ), #3222, .F. ) ;
#302 = ORIENTED_EDGE ( 'NONE', *, *, #1704, .T. ) ;
#303 = CYLINDRICAL_SURFACE ( 'NONE', #1157, 85.00000000000000000 ) ;
#304 = ORIENTED_EDGE ( 'NONE', *, *, #1688, .F. ) ;
#305 = CARTESIAN_POINT ( 'NONE',  ( 138.3451986374572868, -32.94076000570014884, 27.00000000000000355 ) ) ;
#306 = CARTESIAN_POINT ( 'NONE',  ( 84.38477631085046937, 6.091687583267706430, 27.00000000000000355 ) ) ;
#307 = EDGE_CURVE ( 'NONE', #3150, #101, #738, .T. ) ;
#308 = VERTEX_POINT ( 'NONE', #2398 ) ;
#309 = FACE_OUTER_BOUND ( 'NONE', #1434, .T. ) ;
#310 = CARTESIAN_POINT ( 'NONE',  ( 157.0595205269191865, -65.05618350206425760, 27.00000000000000355 ) ) ;
#311 = EDGE_CURVE ( 'NONE', #2337, #2420, #2201, .T. ) ;
#312 = FACE_OUTER_BOUND ( 'NONE', #2745, .T. ) ;
#313 = ORIENTED_EDGE ( 'NONE', *, *, #1136, .F. ) ;
#314 = ORIENTED_EDGE ( 'NONE', *, *, #1297, .F. ) ;
#315 = DIRECTION ( 'NONE',  ( -1.000000000000000000, 0.000000000000000000, 0.000000000000000000 ) ) ;
#316 = ORIENTED_EDGE ( 'NONE', *, *, #3380, .F. ) ;
#317 = CARTESIAN_POINT ( 'NONE',  ( -36.73146715398669926, -71.84876263481027081, 6.000000000000000000 ) ) ;
#318 = ADVANCED_FACE ( 'NONE', ( #2433 ), #758, .F. ) ;
#319 = AXIS2_PLACEMENT_3D ( 'NONE', #1501, #363, #2566 ) ;
#320 = VERTEX_POINT ( 'NONE', #790 ) ;
#321 = FACE_BOUND ( 'NONE', #2788, .T. ) ;
#322 = DIRECTION ( 'NONE',  ( 1.000000000000000000, 0.000000000000000000, 0.000000000000000000 ) ) ;
#323 = FACE_BOUND ( 'NONE', #3402, .T. ) ;
#324 = ORIENTED_EDGE ( 'NONE', *, *, #1745, .T. ) ;
#325 = DIRECTION ( 'NONE',  ( -0.6518475494139129855, -0.7583500328496574072, 0.000000000000000000 ) ) ;
#326 = CYLINDRICAL_SURFACE ( 'NONE', #40, 0.9999999999999731326 ) ;
#327 = LINE ( 'NONE', #2551, #1162 ) ;
#328 = AXIS2_PLACEMENT_3D ( 'NONE', #2041, #2445, #1930 ) ;
#329 = EDGE_CURVE ( 'NONE', #1788, #2588, #1473, .T. ) ;
#330 = EDGE_LOOP ( 'NONE', ( #1471, #3504, #3173, #2470 ) ) ;
#331 = DIRECTION ( 'NONE',  ( 0.000000000000000000, 0.000000000000000000, -1.000000000000000000 ) ) ;
#332 = VECTOR ( 'NONE', #1038, 1000.000000000000000 ) ;
#333 = CARTESIAN_POINT ( 'NONE',  ( 50.00000000000000000, -102.3011057633860901, 3.000000000000000000 ) ) ;
#334 = AXIS2_PLACEMENT_3D ( 'NONE', #3109, #2874, #122 ) ;
#335 = VERTEX_POINT ( 'NONE', #3258 ) ;
#336 = EDGE_CURVE ( 'NONE', #1016, #2917, #2604, .T. ) ;
#337 = EDGE_CURVE ( 'NONE', #801, #2217, #250, .T. ) ;
#338 = ORIENTED_EDGE ( 'NONE', *, *, #1780, .F. ) ;
#339 = DIRECTION ( 'NONE',  ( 1.000000000000000000, 0.000000000000000000, 0.000000000000000000 ) ) ;
#340 = DIRECTION ( 'NONE',  ( 1.000000000000000000, 0.000000000000000000, 0.000000000000000000 ) ) ;
#341 = DIRECTION ( 'NONE',  ( 0.7583500328496572962, -0.6518475494139128745, 0.000000000000000000 ) ) ;
#342 = VECTOR ( 'NONE', #3279, 1000.000000000000000 ) ;
#343 = EDGE_CURVE ( 'NONE', #3447, #1909, #1273, .T. ) ;
#344 = ORIENTED_EDGE ( 'NONE', *, *, #3200, .F. ) ;
#345 = ADVANCED_FACE ( 'NONE', ( #1085 ), #2177, .F. ) ;
#346 = CYLINDRICAL_SURFACE ( 'NONE', #1168, 1.549999999999999378 ) ;
#347 = ADVANCED_FACE ( 'NONE', ( #1656 ), #1109, .F. ) ;
#348 = LINE ( 'NONE', #2855, #1892 ) ;
#349 = DIRECTION ( 'NONE',  ( -0.000000000000000000, -0.000000000000000000, 1.000000000000000000 ) ) ;
#350 = ORIENTED_EDGE ( 'NONE', *, *, #2485, .T. ) ;
#351 = DIRECTION ( 'NONE',  ( 1.000000000000000000, 0.000000000000000000, 0.000000000000000000 ) ) ;
#352 = CIRCLE ( 'NONE', #1967, 1.000000000000007772 ) ;
#353 = CARTESIAN_POINT ( 'NONE',  ( -3.300670485102710217, -166.9610859287279538, 27.00000000000000355 ) ) ;
#354 = VECTOR ( 'NONE', #2740, 1000.000000000000000 ) ;
#355 = ORIENTED_EDGE ( 'NONE', *, *, #831, .T. ) ;
#356 = DIRECTION ( 'NONE',  ( 0.000000000000000000, 0.000000000000000000, -1.000000000000000000 ) ) ;
#357 = ORIENTED_EDGE ( 'NONE', *, *, #1236, .F. ) ;
#358 = DIRECTION ( 'NONE',  ( -0.3747919106573304737, -0.9271089599965193218, -0.000000000000000000 ) ) ;
#359 = DIRECTION ( 'NONE',  ( 1.000000000000000000, 0.000000000000000000, 0.000000000000000000 ) ) ;
#360 = DIRECTION ( 'NONE',  ( -0.9271089599965193218, 0.3747919106573305292, 0.000000000000000000 ) ) ;
#361 = ORIENTED_EDGE ( 'NONE', *, *, #954, .T. ) ;
#362 = DIRECTION ( 'NONE',  ( -9.741761251385846116E-16, -1.000000000000000000, -0.000000000000000000 ) ) ;
#363 = DIRECTION ( 'NONE',  ( 0.3251624956437874636, -0.9456581578068811167, 0.000000000000000000 ) ) ;
#364 = DIRECTION ( 'NONE',  ( 0.000000000000000000, 0.000000000000000000, -1.000000000000000000 ) ) ;
#365 = ORIENTED_EDGE ( 'NONE', *, *, #82, .F. ) ;
#366 = CYLINDRICAL_SURFACE ( 'NONE', #393, 1.549999999999922995 ) ;
#367 = CARTESIAN_POINT ( 'NONE',  ( 84.38477631085044095, -22.39964463007353856, 27.00000000000000355 ) ) ;
#368 = ORIENTED_EDGE ( 'NONE', *, *, #3032, .F. ) ;
#369 = FACE_OUTER_BOUND ( 'NONE', #293, .T. ) ;
#370 = VERTEX_POINT ( 'NONE', #3077 ) ;
#371 = CIRCLE ( 'NONE', #490, 80.00000000000001421 ) ;
#372 = ORIENTED_EDGE ( 'NONE', *, *, #336, .T. ) ;
#373 = EDGE_CURVE ( 'NONE', #1459, #1492, #3123, .T. ) ;
#374 = CARTESIAN_POINT ( 'NONE',  ( 32.28693987994348191, -0.7583500328496657339, 3.000000000000000000 ) ) ;
#375 = AXIS2_PLACEMENT_3D ( 'NONE', #548, #836, #1092 ) ;
#376 = CYLINDRICAL_SURFACE ( 'NONE', #2516, 1.549999999999999378 ) ;
#377 = DIRECTION ( 'NONE',  ( 0.000000000000000000, 0.000000000000000000, -1.000000000000000000 ) ) ;
#378 = ORIENTED_EDGE ( 'NONE', *, *, #2501, .T. ) ;
#379 = LINE ( 'NONE', #1500, #2772 ) ;
#380 = CARTESIAN_POINT ( 'NONE',  ( 61.28986212328469207, 22.39783544221186773, 11.04722143616528918 ) ) ;
#381 = LINE ( 'NONE', #3418, #13 ) ;
#382 = ORIENTED_EDGE ( 'NONE', *, *, #1844, .F. ) ;
#383 = CYLINDRICAL_SURFACE ( 'NONE', #3044, 1.000000000000000888 ) ;
#384 = CARTESIAN_POINT ( 'NONE',  ( 54.39000566318453167, -22.42118841649426031, 4.507239255177895032 ) ) ;
#385 = VERTEX_POINT ( 'NONE', #3551 ) ;
#386 = CIRCLE ( 'NONE', #2286, 1.000000000000000888 ) ;
#387 = EDGE_CURVE ( 'NONE', #1927, #2287, #1932, .T. ) ;
#388 =( LENGTH_UNIT ( ) NAMED_UNIT ( * ) SI_UNIT ( .MILLI., .METRE. ) );
#389 = ORIENTED_EDGE ( 'NONE', *, *, #833, .T. ) ;
#390 = EDGE_CURVE ( 'NONE', #7, #16, #1234, .T. ) ;
#391 = ORIENTED_EDGE ( 'NONE', *, *, #2469, .T. ) ;
#392 = DIRECTION ( 'NONE',  ( 0.7583500328496574072, -0.6518475494139128745, 0.000000000000000000 ) ) ;
#393 = AXIS2_PLACEMENT_3D ( 'NONE', #2607, #897, #1488 ) ;
#394 = CARTESIAN_POINT ( 'NONE',  ( -30.55000000000000071, -1.898202538678394501E-16, 27.00000000000000355 ) ) ;
#395 = DIRECTION ( 'NONE',  ( 1.000000000000000000, 0.000000000000000000, 0.000000000000000000 ) ) ;
#396 = EDGE_CURVE ( 'NONE', #2217, #1566, #2775, .T. ) ;
#397 = VERTEX_POINT ( 'NONE', #2517 ) ;
#398 = VECTOR ( 'NONE', #2880, 1000.000000000000000 ) ;
#399 = CYLINDRICAL_SURFACE ( 'NONE', #2364, 1.000000000000014655 ) ;
#400 = CIRCLE ( 'NONE', #636, 80.00000000000001421 ) ;
#401 = CARTESIAN_POINT ( 'NONE',  ( 30.89066313467422020, 9.020360955876590481, 3.000000000000000000 ) ) ;
#402 = FACE_OUTER_BOUND ( 'NONE', #2950, .T. ) ;
#403 = AXIS2_PLACEMENT_3D ( 'NONE', #2510, #2765, #2999 ) ;
#404 = VERTEX_POINT ( 'NONE', #1966 ) ;
#405 = ORIENTED_EDGE ( 'NONE', *, *, #2720, .F. ) ;
#406 = CARTESIAN_POINT ( 'NONE',  ( 126.1331557811706290, -48.90156942015521935, 27.00000000000000355 ) ) ;
#407 = LINE ( 'NONE', #1506, #3336 ) ;
#408 = EDGE_CURVE ( 'NONE', #1084, #2513, #3350, .T. ) ;
#409 = ORIENTED_EDGE ( 'NONE', *, *, #275, .F. ) ;
#410 = CARTESIAN_POINT ( 'NONE',  ( 114.7812622533869558, -40.30565477354846848, 24.00000000000000000 ) ) ;
#411 = AXIS2_PLACEMENT_3D ( 'NONE', #2362, #2383, #3467 ) ;
#412 = VECTOR ( 'NONE', #512, 1000.000000000000000 ) ;
#413 = EDGE_CURVE ( 'NONE', #2895, #2690, #418, .T. ) ;
#414 = VERTEX_POINT ( 'NONE', #848 ) ;
#415 = DIRECTION ( 'NONE',  ( 1.000000000000000000, 0.000000000000000000, 0.000000000000000000 ) ) ;
#416 = FACE_OUTER_BOUND ( 'NONE', #1980, .T. ) ;
#417 = DIRECTION ( 'NONE',  ( -1.000000000000000000, 0.000000000000000000, 0.000000000000000000 ) ) ;
#418 = CIRCLE ( 'NONE', #2431, 1.000000000000007772 ) ;
#419 = ORIENTED_EDGE ( 'NONE', *, *, #1957, .F. ) ;
#420 = LINE ( 'NONE', #2667, #1405 ) ;
#421 = DIRECTION ( 'NONE',  ( 0.000000000000000000, 0.000000000000000000, -1.000000000000000000 ) ) ;
#422 = ORIENTED_EDGE ( 'NONE', *, *, #166, .F. ) ;
#423 = ADVANCED_FACE ( 'NONE', ( #3298 ), #2752, .F. ) ;
#424 = CARTESIAN_POINT ( 'NONE',  ( 114.7812622533869558, -40.30565477354846848, 27.00000000000000355 ) ) ;
#425 = LINE ( 'NONE', #1542, #2651 ) ;
#426 = ORIENTED_EDGE ( 'NONE', *, *, #2868, .F. ) ;
#427 = FACE_OUTER_BOUND ( 'NONE', #1582, .T. ) ;
#428 = ORIENTED_EDGE ( 'NONE', *, *, #3261, .T. ) ;
#429 = ORIENTED_EDGE ( 'NONE', *, *, #2884, .F. ) ;
#430 = DIRECTION ( 'NONE',  ( 1.000000000000000000, 0.000000000000000000, 0.000000000000000000 ) ) ;
#431 = CARTESIAN_POINT ( 'NONE',  ( 1.549999999999999822, 29.00000000000000000, 6.000000000000000000 ) ) ;
#432 = DIRECTION ( 'NONE',  ( 1.000000000000000000, 0.000000000000000000, 0.000000000000000000 ) ) ;
#433 = ORIENTED_EDGE ( 'NONE', *, *, #1946, .F. ) ;
#434 = CIRCLE ( 'NONE', #262, 200.0000000000000284 ) ;
#435 = DIRECTION ( 'NONE',  ( 0.000000000000000000, 0.000000000000000000, -1.000000000000000000 ) ) ;
#436 = EDGE_CURVE ( 'NONE', #2341, #1022, #2807, .T. ) ;
#437 = CARTESIAN_POINT ( 'NONE',  ( 0.000000000000000000, 0.000000000000000000, 6.000000000000000000 ) ) ;
#438 = VERTEX_POINT ( 'NONE', #1143 ) ;
#439 = CARTESIAN_POINT ( 'NONE',  ( 156.7656357983699706, -55.58883807152827217, 27.00000000000000355 ) ) ;
#440 = DIRECTION ( 'NONE',  ( 1.000000000000000000, 0.000000000000000000, 0.000000000000000000 ) ) ;
#441 = ADVANCED_FACE ( 'NONE', ( #24 ), #1948, .F. ) ;
#442 = ORIENTED_EDGE ( 'NONE', *, *, #545, .T. ) ;
#443 = CARTESIAN_POINT ( 'NONE',  ( 72.32729329495863624, 18.18882594501562266, 21.96362823530074948 ) ) ;
#444 = ORIENTED_EDGE ( 'NONE', *, *, #925, .F. ) ;
#445 = AXIS2_PLACEMENT_3D ( 'NONE', #1911, #1124, #2194 ) ;
#446 = ORIENTED_EDGE ( 'NONE', *, *, #570, .T. ) ;
#447 = DIRECTION ( 'NONE',  ( 0.000000000000000000, 0.000000000000000000, -1.000000000000000000 ) ) ;
#448 = EDGE_CURVE ( 'NONE', #537, #2600, #2875, .T. ) ;
#449 = DIRECTION ( 'NONE',  ( 0.000000000000000000, 0.000000000000000000, -1.000000000000000000 ) ) ;
#450 = CIRCLE ( 'NONE', #2464, 20.00000000000001776 ) ;
#451 = ADVANCED_FACE ( 'NONE', ( #1435 ), #303, .T. ) ;
#452 = EDGE_CURVE ( 'NONE', #140, #3533, #919, .T. ) ;
#453 = ORIENTED_EDGE ( 'NONE', *, *, #3095, .F. ) ;
#454 = AXIS2_PLACEMENT_3D ( 'NONE', #299, #281, #1433 ) ;
#455 = CARTESIAN_POINT ( 'NONE',  ( 147.6555065600999797, -60.36844348751505862, 27.00000000000000355 ) ) ;
#456 = ADVANCED_FACE ( 'NONE', ( #3132 ), #2265, .F. ) ;
#457 = LINE ( 'NONE', #1573, #974 ) ;
#458 = ORIENTED_EDGE ( 'NONE', *, *, #2825, .F. ) ;
#459 = CARTESIAN_POINT ( 'NONE',  ( -3.300670485102710217, -166.9610859287279538, 24.00000000000000000 ) ) ;
#460 = DIRECTION ( 'NONE',  ( 0.000000000000000000, 0.000000000000000000, -1.000000000000000000 ) ) ;
#461 = ORIENTED_EDGE ( 'NONE', *, *, #3539, .F. ) ;
#462 = LINE ( 'NONE', #1271, #4 ) ;
#463 = CIRCLE ( 'NONE', #3111, 200.0000000000000284 ) ;
#464 = ORIENTED_EDGE ( 'NONE', *, *, #2825, .T. ) ;
#465 = DIRECTION ( 'NONE',  ( 0.000000000000000000, 0.000000000000000000, -1.000000000000000000 ) ) ;
#466 = ADVANCED_FACE ( 'NONE', ( #665 ), #1999, .F. ) ;
#467 = CARTESIAN_POINT ( 'NONE',  ( 120.7812622533867994, -17.83136398209195761, 27.00000000000000355 ) ) ;
#468 = EDGE_LOOP ( 'NONE', ( #2800, #3180, #302, #681 ) ) ;
#469 = CIRCLE ( 'NONE', #1467, 200.0000000000000284 ) ;
#470 = ORIENTED_EDGE ( 'NONE', *, *, #698, .T. ) ;
#471 = CARTESIAN_POINT ( 'NONE',  ( 27.51666035628747764, -19.29207349300319052, 6.000000000000000000 ) ) ;
#472 = CARTESIAN_POINT ( 'NONE',  ( 159.6095205269191695, -65.05618350206425760, 27.00000000000000355 ) ) ;
#473 = DIRECTION ( 'NONE',  ( -0.000000000000000000, -0.000000000000000000, 1.000000000000000000 ) ) ;
#474 = DIRECTION ( 'NONE',  ( 1.000000000000000000, 0.000000000000000000, 0.000000000000000000 ) ) ;
#475 = EDGE_CURVE ( 'NONE', #174, #2768, #2531, .T. ) ;
#476 = ORIENTED_EDGE ( 'NONE', *, *, #3159, .F. ) ;
#477 = CARTESIAN_POINT ( 'NONE',  ( 15.96933128205087549, 22.38817675479875646, 6.000000000000000000 ) ) ;
#478 = LINE ( 'NONE', #154, #2533 ) ;
#479 = ORIENTED_EDGE ( 'NONE', *, *, #3183, .T. ) ;
#480 = CARTESIAN_POINT ( 'NONE',  ( 78.38477631085042674, -75.05618350206425760, 23.99999999999999289 ) ) ;
#481 = ORIENTED_EDGE ( 'NONE', *, *, #2519, .T. ) ;
#482 = DIRECTION ( 'NONE',  ( 1.000000000000000000, 0.000000000000000000, 0.000000000000000000 ) ) ;
#483 = MANIFOLD_SOLID_BREP ( 'æµœÚ1', #2019 ) ;
#484 = CARTESIAN_POINT ( 'NONE',  ( 10.73036235624504187, -31.20671920762703166, 6.000000000000000000 ) ) ;
#485 = ORIENTED_EDGE ( 'NONE', *, *, #2569, .F. ) ;
#486 = EDGE_CURVE ( 'NONE', #3460, #142, #1742, .T. ) ;
#487 = ORIENTED_EDGE ( 'NONE', *, *, #1483, .F. ) ;
#488 = FACE_OUTER_BOUND ( 'NONE', #2964, .T. ) ;
#489 = DIRECTION ( 'NONE',  ( -0.000000000000000000, -0.000000000000000000, 1.000000000000000000 ) ) ;
#490 = AXIS2_PLACEMENT_3D ( 'NONE', #3015, #797, #3538 ) ;
#491 = LINE ( 'NONE', #1865, #3388 ) ;
#492 = FACE_BOUND ( 'NONE', #1306, .T. ) ;
#493 = CARTESIAN_POINT ( 'NONE',  ( 23.93817675479869678, 15.96933128205095542, 27.00000000000000355 ) ) ;
#494 = CIRCLE ( 'NONE', #1432, 1.000000000000000888 ) ;
#495 = CARTESIAN_POINT ( 'NONE',  ( 138.3451986374572868, -32.94076000570014884, 27.00000000000000355 ) ) ;
#496 = EDGE_CURVE ( 'NONE', #834, #3337, #3165, .T. ) ;
#497 = ORIENTED_EDGE ( 'NONE', *, *, #452, .T. ) ;
#498 = DIRECTION ( 'NONE',  ( -1.000000000000000000, 0.000000000000000000, 0.000000000000000000 ) ) ;
#499 = CARTESIAN_POINT ( 'NONE',  ( 15.96933128205087549, 22.38817675479875646, 27.00000000000000355 ) ) ;
#500 = ADVANCED_FACE ( 'NONE', ( #2053 ), #1810, .T. ) ;
#501 = ORIENTED_EDGE ( 'NONE', *, *, #3009, .F. ) ;
#502 = CARTESIAN_POINT ( 'NONE',  ( 141.1555065600999797, -38.51433399651430989, 24.00000000000000000 ) ) ;
#503 = FACE_OUTER_BOUND ( 'NONE', #2512, .T. ) ;
#504 = AXIS2_PLACEMENT_3D ( 'NONE', #2074, #2430, #2967 ) ;
#505 = ORIENTED_EDGE ( 'NONE', *, *, #2665, .T. ) ;
#506 = VECTOR ( 'NONE', #1881, 1000.000000000000227 ) ;
#507 = DIRECTION ( 'NONE',  ( 0.000000000000000000, 0.000000000000000000, -1.000000000000000000 ) ) ;
#508 = DIRECTION ( 'NONE',  ( -0.6518475494139125415, -0.7583500328496576293, -0.000000000000000000 ) ) ;
#509 = AXIS2_PLACEMENT_3D ( 'NONE', #2331, #1981, #608 ) ;
#510 = LINE ( 'NONE', #1626, #2749 ) ;
#511 = DIRECTION ( 'NONE',  ( -1.000000000000000000, 0.000000000000000000, 0.000000000000000000 ) ) ;
#512 = DIRECTION ( 'NONE',  ( 0.000000000000000000, 0.000000000000000000, -1.000000000000000000 ) ) ;
#513 = DIRECTION ( 'NONE',  ( 1.000000000000000000, 0.000000000000000000, 0.000000000000000000 ) ) ;
#514 = ORIENTED_EDGE ( 'NONE', *, *, #2779, .T. ) ;
#515 = EDGE_LOOP ( 'NONE', ( #2947, #2154, #2840, #1887, #1885, #2535, #1737 ) ) ;
#516 = CIRCLE ( 'NONE', #1568, 2.549999999999996714 ) ;
#517 = DIRECTION ( 'NONE',  ( 1.000000000000000000, 0.000000000000000000, 0.000000000000000000 ) ) ;
#518 = DIRECTION ( 'NONE',  ( -0.000000000000000000, -0.000000000000000000, 1.000000000000000000 ) ) ;
#519 = AXIS2_PLACEMENT_3D ( 'NONE', #1884, #1321, #440 ) ;
#520 = VECTOR ( 'NONE', #1797, 1000.000000000000000 ) ;
#521 = ORIENTED_EDGE ( 'NONE', *, *, #3314, .F. ) ;
#522 = AXIS2_PLACEMENT_3D ( 'NONE', #749, #1078, #513 ) ;
#523 = CARTESIAN_POINT ( 'NONE',  ( 137.6188095650339278, -33.62804372838233746, 27.00000000000000355 ) ) ;
#524 = DIRECTION ( 'NONE',  ( 1.000000000000000000, 0.000000000000000000, 0.000000000000000000 ) ) ;
#525 = EDGE_LOOP ( 'NONE', ( #2161, #2382, #265, #442 ) ) ;
#526 = ORIENTED_EDGE ( 'NONE', *, *, #925, .T. ) ;
#527 = LINE ( 'NONE', #2717, #3039 ) ;
#528 = VECTOR ( 'NONE', #3228, 1000.000000000000114 ) ;
#529 = FACE_OUTER_BOUND ( 'NONE', #2522, .T. ) ;
#530 = CIRCLE ( 'NONE', #2542, 60.00000000000005684 ) ;
#531 = LINE ( 'NONE', #1850, #52 ) ;
#532 = FACE_BOUND ( 'NONE', #1132, .T. ) ;
#533 = PLANE ( 'NONE',  #3464 ) ;
#534 = CARTESIAN_POINT ( 'NONE',  ( -14.41933128205099379, -22.38817675479876002, 27.00000000000000355 ) ) ;
#535 = VECTOR ( 'NONE', #904, 1000.000000000000000 ) ;
#536 = ADVANCED_FACE ( 'NONE', ( #369 ), #3148, .F. ) ;
#537 = VERTEX_POINT ( 'NONE', #3387 ) ;
#538 = ORIENTED_EDGE ( 'NONE', *, *, #1369, .T. ) ;
#539 = CARTESIAN_POINT ( 'NONE',  ( 73.66677108150915387, 17.63610015305417633, 26.38240335532281833 ) ) ;
#540 = CARTESIAN_POINT ( 'NONE',  ( 56.17157287525381548, -75.05618350206425760, 5.928932188134485415 ) ) ;
#541 = EDGE_LOOP ( 'NONE', ( #1947, #1155 ) ) ;
#542 = CARTESIAN_POINT ( 'NONE',  ( 14.41933128205087833, -22.38817675479875291, 27.00000000000000355 ) ) ;
#543 = DIRECTION ( 'NONE',  ( 0.000000000000000000, 0.000000000000000000, -1.000000000000000000 ) ) ;
#544 = ORIENTED_EDGE ( 'NONE', *, *, #3200, .T. ) ;
#545 = EDGE_CURVE ( 'NONE', #3201, #2889, #1456, .T. ) ;
#546 = VERTEX_POINT ( 'NONE', #410 ) ;
#547 = CYLINDRICAL_SURFACE ( 'NONE', #566, 0.9999999999999870104 ) ;
#548 = CARTESIAN_POINT ( 'NONE',  ( 42.28151741064844771, 21.60790448760854687, 27.00000000000000355 ) ) ;
#549 = VERTEX_POINT ( 'NONE', #3113 ) ;
#550 = EDGE_LOOP ( 'NONE', ( #1406, #2109, #3482, #2299 ) ) ;
#551 = CARTESIAN_POINT ( 'NONE',  ( 54.09514432431529229, 24.62712781399465101, 4.312038019838333014 ) ) ;
#552 = DIRECTION ( 'NONE',  ( 3.375505899233605604E-16, 1.000000000000000000, 0.000000000000000000 ) ) ;
#553 = VERTEX_POINT ( 'NONE', #2540 ) ;
#554 = EDGE_LOOP ( 'NONE', ( #1010, #1003 ) ) ;
#555 = AXIS2_PLACEMENT_3D ( 'NONE', #2379, #162, #688 ) ;
#556 = CARTESIAN_POINT ( 'NONE',  ( 71.08394098406905925, 18.69183715542444446, 24.96308100563305388 ) ) ;
#557 = CARTESIAN_POINT ( 'NONE',  ( 126.1331557811706290, -48.90156942015521935, 24.00000000000000000 ) ) ;
#558 = EDGE_CURVE ( 'NONE', #2515, #140, #3454, .T. ) ;
#559 = ORIENTED_EDGE ( 'NONE', *, *, #646, .T. ) ;
#560 = DIRECTION ( 'NONE',  ( 1.000000000000000000, 0.000000000000000000, 0.000000000000000000 ) ) ;
#561 = ORIENTED_EDGE ( 'NONE', *, *, #1357, .F. ) ;
#562 = DIRECTION ( 'NONE',  ( -0.6518475494139125415, -0.7583500328496576293, 0.000000000000000000 ) ) ;
#563 = CARTESIAN_POINT ( 'NONE',  ( 142.3676355977906951, -64.50038205912439082, 27.00000000000000355 ) ) ;
#564 = ADVANCED_FACE ( 'NONE', ( #2037 ), #735, .F. ) ;
#565 = ORIENTED_EDGE ( 'NONE', *, *, #1002, .F. ) ;
#566 = AXIS2_PLACEMENT_3D ( 'NONE', #3300, #2181, #1936 ) ;
#567 = FACE_OUTER_BOUND ( 'NONE', #2157, .T. ) ;
#568 = DIRECTION ( 'NONE',  ( 1.000000000000000000, -3.375505899233605604E-16, 0.000000000000000000 ) ) ;
#569 = EDGE_CURVE ( 'NONE', #2335, #1061, #2676, .T. ) ;
#570 = EDGE_CURVE ( 'NONE', #2988, #2337, #753, .T. ) ;
#571 = ORIENTED_EDGE ( 'NONE', *, *, #3485, .F. ) ;
#572 = ORIENTED_EDGE ( 'NONE', *, *, #2511, .T. ) ;
#573 = VECTOR ( 'NONE', #3344, 1000.000000000000000 ) ;
#574 = DIRECTION ( 'NONE',  ( -0.000000000000000000, -0.000000000000000000, 1.000000000000000000 ) ) ;
#575 = DIRECTION ( 'NONE',  ( 1.000000000000000000, 0.000000000000000000, 0.000000000000000000 ) ) ;
#576 = AXIS2_PLACEMENT_3D ( 'NONE', #716, #3459, #3217 ) ;
#577 = EDGE_LOOP ( 'NONE', ( #2227, #673, #2939, #786 ) ) ;
#578 = EDGE_CURVE ( 'NONE', #1492, #3324, #2353, .T. ) ;
#579 = DIRECTION ( 'NONE',  ( 0.000000000000000000, 0.000000000000000000, -1.000000000000000000 ) ) ;
#580 = CIRCLE ( 'NONE', #1160, 24.00000000000000355 ) ;
#581 = ORIENTED_EDGE ( 'NONE', *, *, #2386, .F. ) ;
#582 = EDGE_CURVE ( 'NONE', #1909, #832, #1063, .T. ) ;
#583 = CARTESIAN_POINT ( 'NONE',  ( 22.38817675479869962, 15.96933128205095542, 6.000000000000000000 ) ) ;
#584 = CARTESIAN_POINT ( 'NONE',  ( 54.92893218813453871, -22.45308996158438930, 8.928932188134488968 ) ) ;
#585 = ORIENTED_EDGE ( 'NONE', *, *, #1316, .F. ) ;
#586 = VECTOR ( 'NONE', #435, 1000.000000000000000 ) ;
#587 = LINE ( 'NONE', #802, #412 ) ;
#588 = CARTESIAN_POINT ( 'NONE',  ( 56.17157287525378706, 23.99192470395763976, 5.928932188134451664 ) ) ;
#589 = EDGE_CURVE ( 'NONE', #2222, #1185, #1793, .T. ) ;
#590 = ORIENTED_EDGE ( 'NONE', *, *, #2642, .T. ) ;
#591 = ORIENTED_EDGE ( 'NONE', *, *, #1349, .T. ) ;
#592 = DIRECTION ( 'NONE',  ( 0.000000000000000000, 0.000000000000000000, -1.000000000000000000 ) ) ;
#593 = AXIS2_PLACEMENT_3D ( 'NONE', #1029, #1618, #2694 ) ;
#594 = ORIENTED_EDGE ( 'NONE', *, *, #3280, .F. ) ;
#595 = DIRECTION ( 'NONE',  ( -0.000000000000000000, -0.000000000000000000, 1.000000000000000000 ) ) ;
#596 = ORIENTED_EDGE ( 'NONE', *, *, #275, .T. ) ;
#597 = ORIENTED_EDGE ( 'NONE', *, *, #2435, .T. ) ;
#598 = DIRECTION ( 'NONE',  ( 1.000000000000000000, 0.000000000000000000, 0.000000000000000000 ) ) ;
#599 = CARTESIAN_POINT ( 'NONE',  ( -17.51933128205075008, -22.38817675479876002, 6.000000000000000000 ) ) ;
#600 = ADVANCED_FACE ( 'NONE', ( #427 ), #2101, .F. ) ;
#601 = ORIENTED_EDGE ( 'NONE', *, *, #654, .T. ) ;
#602 = APPLICATION_CONTEXT ( 'automotive_design' ) ;
#603 = FACE_OUTER_BOUND ( 'NONE', #2436, .T. ) ;
#604 = CARTESIAN_POINT ( 'NONE',  ( 147.6555065600999797, -46.35710482608354965, 24.00000000000000000 ) ) ;
#605 = DIRECTION ( 'NONE',  ( 0.000000000000000000, 0.000000000000000000, -1.000000000000000000 ) ) ;
#606 = ORIENTED_EDGE ( 'NONE', *, *, #3208, .F. ) ;
#607 = ORIENTED_EDGE ( 'NONE', *, *, #2877, .F. ) ;
#608 = DIRECTION ( 'NONE',  ( -0.7071067811865514585, 0.000000000000000000, -0.7071067811865435759 ) ) ;
#609 = LINE ( 'NONE', #882, #3456 ) ;
#610 = EDGE_LOOP ( 'NONE', ( #3356, #2123, #1080, #1079 ) ) ;
#611 = CARTESIAN_POINT ( 'NONE',  ( 0.000000000000000000, 0.000000000000000000, 3.000000000000000000 ) ) ;
#612 = AXIS2_PLACEMENT_3D ( 'NONE', #2618, #134, #693 ) ;
#613 = EDGE_CURVE ( 'NONE', #1909, #1858, #114, .T. ) ;
#614 = EDGE_LOOP ( 'NONE', ( #2443, #50, #2139, #804 ) ) ;
#615 = CARTESIAN_POINT ( 'NONE',  ( 23.93817675479869678, 15.96933128205095542, 6.000000000000000000 ) ) ;
#616 = CARTESIAN_POINT ( 'NONE',  ( -20.83817675479869180, -15.96933128205095898, 3.000000000000000000 ) ) ;
#617 = CARTESIAN_POINT ( 'NONE',  ( 22.38817675479869962, 15.96933128205095542, 27.00000000000000355 ) ) ;
#618 = ORIENTED_EDGE ( 'NONE', *, *, #3340, .F. ) ;
#619 = CARTESIAN_POINT ( 'NONE',  ( 83.38477631085044095, -22.39964463007353856, 27.00000000000000355 ) ) ;
#620 = DIRECTION ( 'NONE',  ( 1.000000000000000000, 0.000000000000000000, 0.000000000000000000 ) ) ;
#621 = LINE ( 'NONE', #3435, #2022 ) ;
#622 = CIRCLE ( 'NONE', #2806, 85.00000000000000000 ) ;
#623 = VERTEX_POINT ( 'NONE', #1870 ) ;
#624 = CARTESIAN_POINT ( 'NONE',  ( 22.38817675479875646, -15.96933128205087549, 6.000000000000000000 ) ) ;
#625 = AXIS2_PLACEMENT_3D ( 'NONE', #2550, #1226, #3125 ) ;
#626 = DIRECTION ( 'NONE',  ( -0.000000000000000000, -0.000000000000000000, 1.000000000000000000 ) ) ;
#627 = VERTEX_POINT ( 'NONE', #2155 ) ;
#628 = EDGE_CURVE ( 'NONE', #3020, #2716, #691, .T. ) ;
#629 = EDGE_CURVE ( 'NONE', #832, #3286, #2552, .T. ) ;
#630 = ORIENTED_EDGE ( 'NONE', *, *, #3384, .F. ) ;
#631 = CARTESIAN_POINT ( 'NONE',  ( 20.83817675479883391, -15.96933128205087549, 27.00000000000000355 ) ) ;
#632 = AXIS2_PLACEMENT_3D ( 'NONE', #683, #1195, #2281 ) ;
#633 = DIRECTION ( 'NONE',  ( 0.000000000000000000, -0.000000000000000000, 1.000000000000000000 ) ) ;
#634 = FACE_BOUND ( 'NONE', #3193, .T. ) ;
#635 = CIRCLE ( 'NONE', #2762, 0.9999999999999765743 ) ;
#636 = AXIS2_PLACEMENT_3D ( 'NONE', #333, #1068, #2732 ) ;
#637 = EDGE_LOOP ( 'NONE', ( #2205, #1340, #1658, #993 ) ) ;
#638 = CIRCLE ( 'NONE', #522, 1.000000000000028644 ) ;
#639 = CARTESIAN_POINT ( 'NONE',  ( 157.0595205269191865, -65.05618350206425760, 27.00000000000000355 ) ) ;
#640 = DIRECTION ( 'NONE',  ( 0.000000000000000000, 0.000000000000000000, -1.000000000000000000 ) ) ;
#641 = DIRECTION ( 'NONE',  ( 0.000000000000000000, 0.000000000000000000, -1.000000000000000000 ) ) ;
#642 = ORIENTED_EDGE ( 'NONE', *, *, #934, .T. ) ;
#643 = CARTESIAN_POINT ( 'NONE',  ( 78.38477631085042674, 15.59709050208962822, 24.00000000000000000 ) ) ;
#644 = CYLINDRICAL_SURFACE ( 'NONE', #2696, 195.0000000000000000 ) ;
#645 = VECTOR ( 'NONE', #1610, 1000.000000000000000 ) ;
#646 = EDGE_CURVE ( 'NONE', #549, #942, #2951, .T. ) ;
#647 = ORIENTED_EDGE ( 'NONE', *, *, #136, .T. ) ;
#648 = CARTESIAN_POINT ( 'NONE',  ( 157.0595205269191865, -65.05618350206425760, 27.00000000000000355 ) ) ;
#649 = CIRCLE ( 'NONE', #2894, 1.549999999999999378 ) ;
#650 = ORIENTED_EDGE ( 'NONE', *, *, #3121, .F. ) ;
#651 = CARTESIAN_POINT ( 'NONE',  ( -14.41933128205099379, -22.38817675479876002, 6.000000000000000000 ) ) ;
#652 = FACE_BOUND ( 'NONE', #737, .T. ) ;
#653 = FACE_BOUND ( 'NONE', #3362, .T. ) ;
#654 = EDGE_CURVE ( 'NONE', #1450, #1918, #516, .T. ) ;
#655 = ORIENTED_EDGE ( 'NONE', *, *, #941, .F. ) ;
#656 = CARTESIAN_POINT ( 'NONE',  ( -29.00000000000000000, 0.000000000000000000, 27.00000000000000355 ) ) ;
#657 = DIRECTION ( 'NONE',  ( 0.000000000000000000, 0.000000000000000000, -1.000000000000000000 ) ) ;
#658 = FACE_OUTER_BOUND ( 'NONE', #3385, .T. ) ;
#659 = EDGE_CURVE ( 'NONE', #2563, #549, #1214, .T. ) ;
#660 = ORIENTED_EDGE ( 'NONE', *, *, #1118, .F. ) ;
#661 = ORIENTED_EDGE ( 'NONE', *, *, #755, .F. ) ;
#662 = CARTESIAN_POINT ( 'NONE',  ( -22.38817675479869251, -15.96933128205095898, 3.000000000000000000 ) ) ;
#663 = DIRECTION ( 'NONE',  ( 0.000000000000000000, 0.000000000000000000, -1.000000000000000000 ) ) ;
#664 = ORIENTED_EDGE ( 'NONE', *, *, #2325, .T. ) ;
#665 = FACE_OUTER_BOUND ( 'NONE', #2873, .T. ) ;
#666 = EDGE_CURVE ( 'NONE', #1145, #1401, #462, .T. ) ;
#667 = CIRCLE ( 'NONE', #36, 1.000000000000014655 ) ;
#668 = ORIENTED_EDGE ( 'NONE', *, *, #53, .F. ) ;
#669 = CARTESIAN_POINT ( 'NONE',  ( 61.29637517754422049, -22.93604578874415267, 11.05373449042483180 ) ) ;
#670 = AXIS2_PLACEMENT_3D ( 'NONE', #2635, #2363, #3207 ) ;
#671 = CARTESIAN_POINT ( 'NONE',  ( -17.51933128205095969, 22.38817675479869607, 27.00000000000000355 ) ) ;
#672 = CARTESIAN_POINT ( 'NONE',  ( 50.00000000000000000, -102.3011057633860901, 27.00000000000000355 ) ) ;
#673 = ORIENTED_EDGE ( 'NONE', *, *, #1036, .T. ) ;
#674 = UNCERTAINTY_MEASURE_WITH_UNIT (LENGTH_MEASURE( 1.000000000000000082E-05 ), #388, 'distance_accuracy_value', 'NONE');
#675 = DIRECTION ( 'NONE',  ( -0.000000000000000000, -0.000000000000000000, 1.000000000000000000 ) ) ;
#676 = CARTESIAN_POINT ( 'NONE',  ( 47.85786437626909873, 26.38524662205465887, 6.000000000000000000 ) ) ;
#677 = DIRECTION ( 'NONE',  ( 0.000000000000000000, 0.000000000000000000, -1.000000000000000000 ) ) ;
#678 = ORIENTED_EDGE ( 'NONE', *, *, #1704, .F. ) ;
#679 = DIRECTION ( 'NONE',  ( 1.000000000000000000, 0.000000000000000000, 0.000000000000000000 ) ) ;
#680 = CARTESIAN_POINT ( 'NONE',  ( 53.53247379714172638, -22.37860997722436096, 4.029764950623471620 ) ) ;
#681 = ORIENTED_EDGE ( 'NONE', *, *, #1044, .F. ) ;
#682 = AXIS2_PLACEMENT_3D ( 'NONE', #2986, #2156, #2614 ) ;
#683 = CARTESIAN_POINT ( 'NONE',  ( -15.96933128205095898, 22.38817675479869607, 27.00000000000000355 ) ) ;
#684 = VERTEX_POINT ( 'NONE', #1580 ) ;
#685 = EDGE_LOOP ( 'NONE', ( #3084, #1089, #314, #2739 ) ) ;
#686 = CARTESIAN_POINT ( 'NONE',  ( 119.7812622533869984, -43.34920620125504342, 27.00000000000000355 ) ) ;
#687 = CARTESIAN_POINT ( 'NONE',  ( 91.23246028348602010, -33.74540418451846335, 24.00000000000000000 ) ) ;
#688 = DIRECTION ( 'NONE',  ( 1.000000000000000000, 0.000000000000000000, 0.000000000000000000 ) ) ;
#689 = EDGE_CURVE ( 'NONE', #2036, #834, #1954, .T. ) ;
#690 = ORIENTED_EDGE ( 'NONE', *, *, #1034, .T. ) ;
#691 = CIRCLE ( 'NONE', #2355, 1.000000000000007772 ) ;
#692 = LINE ( 'NONE', #1314, #1465 ) ;
#693 = DIRECTION ( 'NONE',  ( -1.000000000000000000, 0.000000000000000000, 0.000000000000000000 ) ) ;
#694 = AXIS2_PLACEMENT_3D ( 'NONE', #2170, #18, #1941 ) ;
#695 = ORIENTED_EDGE ( 'NONE', *, *, #3242, .F. ) ;
#696 = FACE_OUTER_BOUND ( 'NONE', #1098, .T. ) ;
#697 = DIRECTION ( 'NONE',  ( 1.000000000000000000, 0.000000000000000000, 0.000000000000000000 ) ) ;
#698 = EDGE_CURVE ( 'NONE', #3437, #1431, #1046, .T. ) ;
#699 = ORIENTED_EDGE ( 'NONE', *, *, #755, .T. ) ;
#700 = CARTESIAN_POINT ( 'NONE',  ( 93.80948905120388304, -29.46067283583923668, 24.00000000000000000 ) ) ;
#701 = AXIS2_PLACEMENT_3D ( 'NONE', #2528, #2797, #3069 ) ;
#702 = ORIENTED_EDGE ( 'NONE', *, *, #3519, .T. ) ;
#703 = CARTESIAN_POINT ( 'NONE',  ( 44.10050506338838261, -8.734608624843867020, 6.000000000000000000 ) ) ;
#704 = CARTESIAN_POINT ( 'NONE',  ( 1.549999999999999822, -29.00000000000000000, 6.000000000000000000 ) ) ;
#705 = DIRECTION ( 'NONE',  ( -1.000000000000000000, 0.000000000000000000, 0.000000000000000000 ) ) ;
#706 = VECTOR ( 'NONE', #392, 1000.000000000000114 ) ;
#707 = ORIENTED_EDGE ( 'NONE', *, *, #3087, .T. ) ;
#708 = DIRECTION ( 'NONE',  ( 0.000000000000000000, -1.000000000000000000, 0.000000000000000000 ) ) ;
#709 = PLANE ( 'NONE',  #1548 ) ;
#710 = EDGE_CURVE ( 'NONE', #3337, #546, #2013, .T. ) ;
#711 =( LENGTH_UNIT ( ) NAMED_UNIT ( * ) SI_UNIT ( .MILLI., .METRE. ) );
#712 = EDGE_LOOP ( 'NONE', ( #2372, #3166, #2933, #1536 ) ) ;
#713 = CARTESIAN_POINT ( 'NONE',  ( 156.9447829456342163, -56.15997780412929075, 24.00000000000000000 ) ) ;
#714 = CARTESIAN_POINT ( 'NONE',  ( 1.549999999999999822, 29.00000000000000000, 27.00000000000000355 ) ) ;
#715 = EDGE_LOOP ( 'NONE', ( #2638, #93 ) ) ;
#716 = CARTESIAN_POINT ( 'NONE',  ( 50.00000000000000000, -102.3011057633860901, 24.00000000000000000 ) ) ;
#717 = ORIENTED_EDGE ( 'NONE', *, *, #2953, .T. ) ;
#718 = EDGE_CURVE ( 'NONE', #1416, #842, #2754, .T. ) ;
#719 = ORIENTED_EDGE ( 'NONE', *, *, #2493, .F. ) ;
#720 = DIRECTION ( 'NONE',  ( 8.157696694311015800E-15, -1.000000000000000000, 0.000000000000000000 ) ) ;
#721 = EDGE_CURVE ( 'NONE', #297, #101, #1417, .T. ) ;
#722 = FACE_OUTER_BOUND ( 'NONE', #3138, .T. ) ;
#723 = ADVANCED_FACE ( 'NONE', ( #1081 ), #34, .F. ) ;
#724 = EDGE_CURVE ( 'NONE', #2287, #1579, #110, .T. ) ;
#725 = ORIENTED_EDGE ( 'NONE', *, *, #1688, .T. ) ;
#726 = AXIS2_PLACEMENT_3D ( 'NONE', #1390, #3555, #2182 ) ;
#727 = LINE ( 'NONE', #3483, #874 ) ;
#728 = DIRECTION ( 'NONE',  ( 3.375505899233605604E-16, 1.000000000000000000, 0.000000000000000000 ) ) ;
#729 = CARTESIAN_POINT ( 'NONE',  ( 50.45954099884959021, -22.29986255895698832, 6.322305297816239289 ) ) ;
#730 = EDGE_CURVE ( 'NONE', #947, #3201, #3274, .T. ) ;
#731 = ORIENTED_EDGE ( 'NONE', *, *, #1673, .F. ) ;
#732 = DIRECTION ( 'NONE',  ( 0.000000000000000000, 0.000000000000000000, 1.000000000000000000 ) ) ;
#733 = CYLINDRICAL_SURFACE ( 'NONE', #1043, 1.549999999999999822 ) ;
#734 = ORIENTED_EDGE ( 'NONE', *, *, #1037, .T. ) ;
#735 = CYLINDRICAL_SURFACE ( 'NONE', #3046, 1.000000000000007772 ) ;
#736 = CIRCLE ( 'NONE', #1324, 60.00000000000005684 ) ;
#737 = EDGE_LOOP ( 'NONE', ( #304, #190, #3478, #184, #1575, #453 ) ) ;
#738 = LINE ( 'NONE', #198, #2373 ) ;
#739 = CARTESIAN_POINT ( 'NONE',  ( 114.7812622533867568, -13.51047932657570172, 24.00000000000000000 ) ) ;
#740 = CIRCLE ( 'NONE', #2518, 194.9999999999999716 ) ;
#741 = ORIENTED_EDGE ( 'NONE', *, *, #2219, .F. ) ;
#742 = VECTOR ( 'NONE', #592, 1000.000000000000000 ) ;
#743 = DIRECTION ( 'NONE',  ( 0.000000000000000000, 0.000000000000000000, -1.000000000000000000 ) ) ;
#744 = CARTESIAN_POINT ( 'NONE',  ( 44.10050506338838261, -8.734608624843867020, 3.000000000000000000 ) ) ;
#745 = CARTESIAN_POINT ( 'NONE',  ( 77.14213562373116417, -75.05618350206425760, 17.00000000000000000 ) ) ;
#746 = ORIENTED_EDGE ( 'NONE', *, *, #1371, .T. ) ;
#747 = AXIS2_PLACEMENT_3D ( 'NONE', #109, #2338, #415 ) ;
#748 = FACE_OUTER_BOUND ( 'NONE', #2575, .T. ) ;
#749 = CARTESIAN_POINT ( 'NONE',  ( 84.38477631085046937, 6.091687583267706430, 24.00000000000000000 ) ) ;
#750 = AXIS2_PLACEMENT_3D ( 'NONE', #1663, #2960, #2721 ) ;
#751 = AXIS2_PLACEMENT_3D ( 'NONE', #2591, #103, #915 ) ;
#752 = ORIENTED_EDGE ( 'NONE', *, *, #1249, .F. ) ;
#753 = LINE ( 'NONE', #2914, #2071 ) ;
#754 = VECTOR ( 'NONE', #296, 1000.000000000000000 ) ;
#755 = EDGE_CURVE ( 'NONE', #44, #684, #3192, .T. ) ;
#756 = AXIS2_PLACEMENT_3D ( 'NONE', #2257, #675, #2239 ) ;
#757 = VERTEX_POINT ( 'NONE', #1929 ) ;
#758 = CYLINDRICAL_SURFACE ( 'NONE', #1351, 1.000000000000028644 ) ;
#759 = DIRECTION ( 'NONE',  ( 0.4012252678582362564, -0.9159794126682577753, 0.000000000000000000 ) ) ;
#760 = ORIENTED_EDGE ( 'NONE', *, *, #3009, .T. ) ;
#761 = ORIENTED_EDGE ( 'NONE', *, *, #2368, .F. ) ;
#762 = DIRECTION ( 'NONE',  ( 0.000000000000000000, 1.000000000000000000, 0.000000000000000000 ) ) ;
#763 = EDGE_CURVE ( 'NONE', #2065, #1632, #1653, .T. ) ;
#764 = CARTESIAN_POINT ( 'NONE',  ( 126.1331557811706290, -48.90156942015521935, 27.00000000000000355 ) ) ;
#765 = DIRECTION ( 'NONE',  ( -0.000000000000000000, -0.000000000000000000, 1.000000000000000000 ) ) ;
#766 = CARTESIAN_POINT ( 'NONE',  ( 90.48772600796267795, -27.56327034715166135, 27.00000000000000355 ) ) ;
#767 = CARTESIAN_POINT ( 'NONE',  ( 14.41933128205087833, -22.38817675479875291, 3.000000000000000000 ) ) ;
#768 = CARTESIAN_POINT ( 'NONE',  ( 0.000000000000000000, 0.000000000000000000, 6.000000000000000000 ) ) ;
#769 = VERTEX_POINT ( 'NONE', #2480 ) ;
#770 = DIRECTION ( 'NONE',  ( 1.000000000000000000, 0.000000000000000000, 0.000000000000000000 ) ) ;
#771 = CARTESIAN_POINT ( 'NONE',  ( 78.38477631085042674, -27.50602254407957759, 24.00000000000000000 ) ) ;
#772 = EDGE_LOOP ( 'NONE', ( #2805, #3114, #590, #521 ) ) ;
#773 = DIRECTION ( 'NONE',  ( 0.8569462697358460890, -0.5154057535435730975, 0.000000000000000000 ) ) ;
#774 = DIRECTION ( 'NONE',  ( 0.000000000000000000, 0.000000000000000000, -1.000000000000000000 ) ) ;
#775 = ORIENTED_EDGE ( 'NONE', *, *, #629, .T. ) ;
#776 = DIRECTION ( 'NONE',  ( -0.000000000000000000, -0.000000000000000000, 1.000000000000000000 ) ) ;
#777 = DIRECTION ( 'NONE',  ( 0.000000000000000000, 0.000000000000000000, -1.000000000000000000 ) ) ;
#778 = AXIS2_PLACEMENT_3D ( 'NONE', #945, #1277, #146 ) ;
#779 = FACE_OUTER_BOUND ( 'NONE', #1702, .T. ) ;
#780 = FACE_OUTER_BOUND ( 'NONE', #261, .T. ) ;
#781 = CARTESIAN_POINT ( 'NONE',  ( 53.52062056843023896, 24.79849968066042365, 4.006038776618153996 ) ) ;
#782 = AXIS2_PLACEMENT_3D ( 'NONE', #986, #167, #3484 ) ;
#783 = LINE ( 'NONE', #714, #1683 ) ;
#784 = B_SPLINE_CURVE_WITH_KNOTS ( 'NONE', 3,
 ( #221, #1646, #256, #1590, #1332, #2959, #2424, #3556, #729, #2669, #206, #1318 ),
 .UNSPECIFIED., .F., .F.,
 ( 4, 2, 2, 2, 2, 4 ),
 ( 0.000000000000000000, 0.001952601767366932790, 0.002928902651050406883, 0.003905203534733881193, 0.005857805302100850195, 0.007810407069467819631 ),
 .UNSPECIFIED. ) ;
#785 = EDGE_CURVE ( 'NONE', #1174, #1828, #2122, .T. ) ;
#786 = ORIENTED_EDGE ( 'NONE', *, *, #2997, .F. ) ;
#787 = CARTESIAN_POINT ( 'NONE',  ( 73.42018007642069222, 17.73938794552239884, 22.70561058283323064 ) ) ;
#788 = CARTESIAN_POINT ( 'NONE',  ( 154.5095205269191752, -65.05618350206425760, 27.00000000000000355 ) ) ;
#789 = ORIENTED_EDGE ( 'NONE', *, *, #2371, .T. ) ;
#790 = CARTESIAN_POINT ( 'NONE',  ( 42.63856113714639662, -16.70854568867653001, 3.000000000000000000 ) ) ;
#791 = LINE ( 'NONE', #1874, #3513 ) ;
#792 = ORIENTED_EDGE ( 'NONE', *, *, #84, .F. ) ;
#793 = AXIS2_PLACEMENT_3D ( 'NONE', #2545, #2025, #1971 ) ;
#794 = ORIENTED_EDGE ( 'NONE', *, *, #2219, .T. ) ;
#795 = CIRCLE ( 'NONE', #2982, 1.549999999999999822 ) ;
#796 = CARTESIAN_POINT ( 'NONE',  ( -14.41933128205096004, 22.38817675479869607, 3.000000000000000000 ) ) ;
#797 = DIRECTION ( 'NONE',  ( 0.000000000000000000, 0.000000000000000000, -1.000000000000000000 ) ) ;
#798 = EDGE_CURVE ( 'NONE', #553, #2330, #917, .T. ) ;
#799 = CIRCLE ( 'NONE', #1272, 1.000000000000000888 ) ;
#800 = DIRECTION ( 'NONE',  ( 0.000000000000000000, 0.000000000000000000, -1.000000000000000000 ) ) ;
#801 = VERTEX_POINT ( 'NONE', #1102 ) ;
#802 = CARTESIAN_POINT ( 'NONE',  ( 90.46405219629164662, -25.81797629141154360, 27.00000000000000355 ) ) ;
#803 = CARTESIAN_POINT ( 'NONE',  ( 70.54822433663129289, -24.98349167165123674, 24.54822433663105130 ) ) ;
#804 = ORIENTED_EDGE ( 'NONE', *, *, #828, .F. ) ;
#805 = VECTOR ( 'NONE', #1544, 1000.000000000000000 ) ;
#806 = CARTESIAN_POINT ( 'NONE',  ( 72.75545822068319524, 18.01431235108795192, 26.01041991556527933 ) ) ;
#807 = DIRECTION ( 'NONE',  ( 0.000000000000000000, 0.000000000000000000, -1.000000000000000000 ) ) ;
#808 = ADVANCED_FACE ( 'NONE', ( #21, #2770, #1123, #2193, #2210, #247, #2228 ), #1156, .F. ) ;
#809 = ORIENTED_EDGE ( 'NONE', *, *, #2767, .F. ) ;
#810 = PRODUCT_DEFINITION_FORMATION_WITH_SPECIFIED_SOURCE ( '‰ª', '', #2390, .NOT_KNOWN. ) ;
#811 = CARTESIAN_POINT ( 'NONE',  ( 77.74117368798441419, -27.26177498532543808, 23.99999999999999645 ) ) ;
#812 = DIRECTION ( 'NONE',  ( -1.000000000000000000, 0.000000000000000000, 0.000000000000000000 ) ) ;
#813 = ORIENTED_EDGE ( 'NONE', *, *, #2767, .T. ) ;
#814 = CYLINDRICAL_SURFACE ( 'NONE', #2828, 1.000000000000007772 ) ;
#815 = VECTOR ( 'NONE', #3283, 1000.000000000000000 ) ;
#816 = DIRECTION ( 'NONE',  ( 1.000000000000000000, -1.568988244711068848E-15, 0.000000000000000000 ) ) ;
#817 = VECTOR ( 'NONE', #295, 1000.000000000000000 ) ;
#818 = VERTEX_POINT ( 'NONE', #2985 ) ;
#819 = ORIENTED_EDGE ( 'NONE', *, *, #884, .T. ) ;
#820 = EDGE_CURVE ( 'NONE', #3431, #414, #3055, .T. ) ;
#821 = CARTESIAN_POINT ( 'NONE',  ( -15.96933128205095898, 22.38817675479869607, 6.000000000000000000 ) ) ;
#822 = DIRECTION ( 'NONE',  ( -0.000000000000000000, -0.000000000000000000, 1.000000000000000000 ) ) ;
#823 = AXIS2_PLACEMENT_3D ( 'NONE', #523, #1637, #2713 ) ;
#824 = EDGE_LOOP ( 'NONE', ( #2913, #3487, #2093, #426, #405, #422 ) ) ;
#825 = ORIENTED_EDGE ( 'NONE', *, *, #2107, .T. ) ;
#826 = DIRECTION ( 'NONE',  ( -0.8660254037844326014, -0.5000000000000104361, 0.000000000000000000 ) ) ;
#827 = CARTESIAN_POINT ( 'NONE',  ( 0.000000000000000000, -29.00000000000000000, 3.000000000000000000 ) ) ;
#828 = EDGE_CURVE ( 'NONE', #3257, #2666, #1889, .T. ) ;
#829 = EDGE_LOOP ( 'NONE', ( #891, #819, #3440, #3023, #1322, #1893, #853 ) ) ;
#830 = CARTESIAN_POINT ( 'NONE',  ( 75.82801527975583156, -26.58213048173712423, 23.68910570928238712 ) ) ;
#831 = EDGE_CURVE ( 'NONE', #1855, #3460, #3506, .T. ) ;
#832 = VERTEX_POINT ( 'NONE', #643 ) ;
#833 = EDGE_CURVE ( 'NONE', #142, #2577, #1840, .T. ) ;
#834 = VERTEX_POINT ( 'NONE', #1505 ) ;
#835 = DIRECTION ( 'NONE',  ( 1.000000000000000000, 0.000000000000000000, 0.000000000000000000 ) ) ;
#836 = DIRECTION ( 'NONE',  ( 0.000000000000000000, 0.000000000000000000, -1.000000000000000000 ) ) ;
#837 = ADVANCED_FACE ( 'NONE', ( #936 ), #2860, .T. ) ;
#838 = ORIENTED_EDGE ( 'NONE', *, *, #2493, .T. ) ;
#839 = FACE_OUTER_BOUND ( 'NONE', #2744, .T. ) ;
#840 = CARTESIAN_POINT ( 'NONE',  ( 76.49735251536915825, -26.81362245640568887, 27.00000000000000355 ) ) ;
#841 = AXIS2_PLACEMENT_3D ( 'NONE', #467, #3429, #417 ) ;
#842 = VERTEX_POINT ( 'NONE', #1191 ) ;
#843 = AXIS2_PLACEMENT_3D ( 'NONE', #3398, #657, #877 ) ;
#844 = DIRECTION ( 'NONE',  ( 1.000000000000000000, 0.000000000000000000, 0.000000000000000000 ) ) ;
#845 = DIRECTION ( 'NONE',  ( 0.000000000000000000, 0.000000000000000000, -1.000000000000000000 ) ) ;
#846 = EDGE_CURVE ( 'NONE', #2420, #39, #2587, .T. ) ;
#847 = VERTEX_POINT ( 'NONE', #406 ) ;
#848 = CARTESIAN_POINT ( 'NONE',  ( 27.77809453819111241, -20.25729479847276693, 3.000000000000000000 ) ) ;
#849 = ORIENTED_EDGE ( 'NONE', *, *, #2168, .T. ) ;
#850 = ORIENTED_EDGE ( 'NONE', *, *, #1215, .F. ) ;
#851 = LINE ( 'NONE', #2437, #2581 ) ;
#852 = FACE_OUTER_BOUND ( 'NONE', #772, .T. ) ;
#853 = ORIENTED_EDGE ( 'NONE', *, *, #710, .T. ) ;
#854 = AXIS2_PLACEMENT_3D ( 'NONE', #2218, #1330, #3030 ) ;
#855 = CYLINDRICAL_SURFACE ( 'NONE', #1754, 1.549999999999999822 ) ;
#856 = DIRECTION ( 'NONE',  ( -0.5000000000000104361, 0.8660254037844326014, 0.000000000000000000 ) ) ;
#857 = EDGE_LOOP ( 'NONE', ( #1312, #544, #3452, #912 ) ) ;
#858 = ORIENTED_EDGE ( 'NONE', *, *, #390, .T. ) ;
#859 = VECTOR ( 'NONE', #826, 1000.000000000000000 ) ;
#860 = DIRECTION ( 'NONE',  ( -0.000000000000000000, -0.000000000000000000, 1.000000000000000000 ) ) ;
#861 = DIRECTION ( 'NONE',  ( -0.000000000000000000, -1.000000000000000000, -0.000000000000000000 ) ) ;
#862 = EDGE_CURVE ( 'NONE', #2023, #2761, #1720, .T. ) ;
#863 = AXIS2_PLACEMENT_3D ( 'NONE', #3041, #579, #2232 ) ;
#864 = ORIENTED_EDGE ( 'NONE', *, *, #3194, .F. ) ;
#865 = CARTESIAN_POINT ( 'NONE',  ( 73.99769036361183794, -25.98463220934953810, 22.99235295713531713 ) ) ;
#866 = CIRCLE ( 'NONE', #287, 10.00000000000000888 ) ;
#867 = ADVANCED_FACE ( 'NONE', ( #2033 ), #2841, .F. ) ;
#868 = ORIENTED_EDGE ( 'NONE', *, *, #1436, .F. ) ;
#869 = VECTOR ( 'NONE', #1, 1000.000000000000227 ) ;
#870 = ORIENTED_EDGE ( 'NONE', *, *, #436, .T. ) ;
#871 = CARTESIAN_POINT ( 'NONE',  ( 155.9447829456342163, -56.15997780412929075, 24.00000000000000000 ) ) ;
#872 = LINE ( 'NONE', #924, #1491 ) ;
#873 = ORIENTED_EDGE ( 'NONE', *, *, #3410, .F. ) ;
#874 = VECTOR ( 'NONE', #1829, 1000.000000000000000 ) ;
#875 = LINE ( 'NONE', #2549, #1638 ) ;
#876 = ADVANCED_FACE ( 'NONE', ( #138 ), #366, .F. ) ;
#877 = DIRECTION ( 'NONE',  ( 1.000000000000000000, 0.000000000000000000, 0.000000000000000000 ) ) ;
#878 = DIRECTION ( 'NONE',  ( 0.000000000000000000, 0.000000000000000000, -1.000000000000000000 ) ) ;
#879 = ORIENTED_EDGE ( 'NONE', *, *, #3121, .T. ) ;
#880 = DIRECTION ( 'NONE',  ( 0.000000000000000000, 0.000000000000000000, -1.000000000000000000 ) ) ;
#881 = VECTOR ( 'NONE', #2090, 1000.000000000000000 ) ;
#882 = CARTESIAN_POINT ( 'NONE',  ( 141.1555065600999797, -38.51433399651430989, 27.00000000000000355 ) ) ;
#883 = ORIENTED_EDGE ( 'NONE', *, *, #53, .T. ) ;
#884 = EDGE_CURVE ( 'NONE', #2889, #3458, #799, .T. ) ;
#885 = DIRECTION ( 'NONE',  ( 0.000000000000000000, 0.000000000000000000, -1.000000000000000000 ) ) ;
#886 = EDGE_CURVE ( 'NONE', #1707, #1411, #2414, .T. ) ;
#887 = EDGE_LOOP ( 'NONE', ( #3529, #794 ) ) ;
#888 = FACE_BOUND ( 'NONE', #3312, .T. ) ;
#889 = DIRECTION ( 'NONE',  ( -1.000000000000000000, 0.000000000000000000, 0.000000000000000000 ) ) ;
#890 = CARTESIAN_POINT ( 'NONE',  ( 60.04565704170470752, -22.76893988691243109, 14.04565704170460982 ) ) ;
#891 = ORIENTED_EDGE ( 'NONE', *, *, #2171, .T. ) ;
#892 = PRODUCT_DEFINITION_CONTEXT ( 'detailed design', #3267, 'design' ) ;
#893 = DIRECTION ( 'NONE',  ( 1.000000000000000000, -4.440892098500621744E-14, 0.000000000000000000 ) ) ;
#894 = CARTESIAN_POINT ( 'NONE',  ( 157.0595205269191865, -65.05618350206425760, 27.00000000000000355 ) ) ;
#895 = DIRECTION ( 'NONE',  ( 1.000000000000000000, 2.302080095178633322E-14, 0.000000000000000000 ) ) ;
#896 = ORIENTED_EDGE ( 'NONE', *, *, #1601, .F. ) ;
#897 = DIRECTION ( 'NONE',  ( 0.000000000000000000, 0.000000000000000000, -1.000000000000000000 ) ) ;
#898 = CARTESIAN_POINT ( 'NONE',  ( 126.1331557811706290, -48.90156942015521935, 27.00000000000000355 ) ) ;
#899 = EDGE_CURVE ( 'NONE', #2577, #3150, #2822, .T. ) ;
#900 = VECTOR ( 'NONE', #341, 1000.000000000000000 ) ;
#901 = ORIENTED_EDGE ( 'NONE', *, *, #2707, .F. ) ;
#902 = CARTESIAN_POINT ( 'NONE',  ( -15.96933128205087193, -22.38817675479876002, 6.000000000000000000 ) ) ;
#903 = EDGE_LOOP ( 'NONE', ( #2215, #2352, #2734, #1451, #316, #2810, #235 ) ) ;
#904 = DIRECTION ( 'NONE',  ( 0.000000000000000000, 1.000000000000000000, 0.000000000000000000 ) ) ;
#905 = DIRECTION ( 'NONE',  ( -0.000000000000000000, -0.000000000000000000, 1.000000000000000000 ) ) ;
#906 = DIRECTION ( 'NONE',  ( -1.000000000000000000, 0.000000000000000000, 0.000000000000000000 ) ) ;
#907 = ORIENTED_EDGE ( 'NONE', *, *, #3032, .T. ) ;
#908 = DIRECTION ( 'NONE',  ( -0.000000000000000000, -0.000000000000000000, 1.000000000000000000 ) ) ;
#909 = CARTESIAN_POINT ( 'NONE',  ( -15.96933128205095898, 22.38817675479869607, 3.000000000000000000 ) ) ;
#910 = ADVANCED_FACE ( 'NONE', ( #70 ), #383, .F. ) ;
#911 = CARTESIAN_POINT ( 'NONE',  ( 50.00000000000000000, -102.3011057633860901, 6.000000000000000000 ) ) ;
#912 = ORIENTED_EDGE ( 'NONE', *, *, #2395, .F. ) ;
#913 = CARTESIAN_POINT ( 'NONE',  ( 49.10050506338838261, -81.63930745384131171, 13.00000000000000178 ) ) ;
#914 = AXIS2_PLACEMENT_3D ( 'NONE', #1301, #2685, #2387 ) ;
#915 = DIRECTION ( 'NONE',  ( 0.8660254037844327124, 0.5000000000000102141, 0.000000000000000000 ) ) ;
#916 = ADVANCED_FACE ( 'NONE', ( #1247 ), #1996, .F. ) ;
#917 = CIRCLE ( 'NONE', #1210, 195.0000000000000000 ) ;
#918 = ORIENTED_EDGE ( 'NONE', *, *, #1849, .T. ) ;
#919 = LINE ( 'NONE', #74, #2242 ) ;
#920 = ADVANCED_FACE ( 'NONE', ( #3090 ), #3420, .F. ) ;
#921 = ORIENTED_EDGE ( 'NONE', *, *, #132, .T. ) ;
#922 = DIRECTION ( 'NONE',  ( -0.000000000000000000, -0.000000000000000000, 1.000000000000000000 ) ) ;
#923 = CARTESIAN_POINT ( 'NONE',  ( 126.6485615347141760, -48.04462315041931930, 27.00000000000000355 ) ) ;
#924 = CARTESIAN_POINT ( 'NONE',  ( 26.58955139629097530, -18.91728158234586843, 27.00000000000000355 ) ) ;
#925 = EDGE_CURVE ( 'NONE', #210, #3257, #2523, .T. ) ;
#926 = AXIS2_PLACEMENT_3D ( 'NONE', #2929, #2623, #2086 ) ;
#927 = EDGE_LOOP ( 'NONE', ( #1995, #1928 ) ) ;
#928 = ADVANCED_FACE ( 'NONE', ( #952 ), #88, .T. ) ;
#929 = VECTOR ( 'NONE', #3400, 1000.000000000000000 ) ;
#930 = FACE_OUTER_BOUND ( 'NONE', #2556, .T. ) ;
#931 = DIRECTION ( 'NONE',  ( 1.000000000000000000, 0.000000000000000000, 0.000000000000000000 ) ) ;
#932 = CARTESIAN_POINT ( 'NONE',  ( 156.4447829456342447, -57.02600320791371757, 27.00000000000000355 ) ) ;
#933 = VECTOR ( 'NONE', #1368, 1000.000000000000000 ) ;
#934 = EDGE_CURVE ( 'NONE', #29, #2811, #1041, .T. ) ;
#935 = ORIENTED_EDGE ( 'NONE', *, *, #2511, .F. ) ;
#936 = FACE_OUTER_BOUND ( 'NONE', #1567, .T. ) ;
#937 = CARTESIAN_POINT ( 'NONE',  ( 22.38817675479875646, -15.96933128205087549, 3.000000000000000000 ) ) ;
#938 = VECTOR ( 'NONE', #3438, 1000.000000000000000 ) ;
#939 = VERTEX_POINT ( 'NONE', #713 ) ;
#940 = DIRECTION ( 'NONE',  ( 1.000000000000000000, 0.000000000000000000, 0.000000000000000000 ) ) ;
#941 = EDGE_CURVE ( 'NONE', #2917, #3155, #3098, .T. ) ;
#942 = VERTEX_POINT ( 'NONE', #3211 ) ;
#943 = DIRECTION ( 'NONE',  ( 0.000000000000000000, 0.000000000000000000, -1.000000000000000000 ) ) ;
#944 = PLANE ( 'NONE',  #2060 ) ;
#945 = CARTESIAN_POINT ( 'NONE',  ( -22.38817675479875646, 15.96933128205086838, 27.00000000000000355 ) ) ;
#946 = EDGE_CURVE ( 'NONE', #1061, #2761, #3001, .T. ) ;
#947 = VERTEX_POINT ( 'NONE', #424 ) ;
#948 = DIRECTION ( 'NONE',  ( 0.000000000000000000, 0.000000000000000000, -1.000000000000000000 ) ) ;
#949 = CYLINDRICAL_SURFACE ( 'NONE', #2396, 32.99999999999997868 ) ;
#950 = CARTESIAN_POINT ( 'NONE',  ( 108.5474930788880954, -8.449293599694081891, 27.00000000000000355 ) ) ;
#951 = ORIENTED_EDGE ( 'NONE', *, *, #3389, .T. ) ;
#952 = FACE_OUTER_BOUND ( 'NONE', #1363, .T. ) ;
#953 = DIRECTION ( 'NONE',  ( 1.000000000000000000, 0.000000000000000000, 0.000000000000000000 ) ) ;
#954 = EDGE_CURVE ( 'NONE', #1718, #2652, #1541, .T. ) ;
#955 = ORIENTED_EDGE ( 'NONE', *, *, #2681, .F. ) ;
#956 = DIRECTION ( 'NONE',  ( 0.8569462697358452008, -0.5154057535435747628, 0.000000000000000000 ) ) ;
#957 = EDGE_LOOP ( 'NONE', ( #1069, #3093, #977, #368 ) ) ;
#958 = ADVANCED_FACE ( 'NONE', ( #748 ), #169, .F. ) ;
#959 = AXIS2_PLACEMENT_3D ( 'NONE', #1661, #2994, #1645 ) ;
#960 = ORIENTED_EDGE ( 'NONE', *, *, #1362, .T. ) ;
#961 = CYLINDRICAL_SURFACE ( 'NONE', #1919, 1.549999999999999822 ) ;
#962 = VECTOR ( 'NONE', #1300, 1000.000000000000000 ) ;
#963 = DIRECTION ( 'NONE',  ( 0.000000000000000000, 0.000000000000000000, -1.000000000000000000 ) ) ;
#964 = CARTESIAN_POINT ( 'NONE',  ( 23.93817675479869678, 15.96933128205095542, 3.000000000000000000 ) ) ;
#965 = ORIENTED_EDGE ( 'NONE', *, *, #1792, .F. ) ;
#966 = CARTESIAN_POINT ( 'NONE',  ( -15.96933128205087193, -22.38817675479876002, 27.00000000000000355 ) ) ;
#967 = EDGE_CURVE ( 'NONE', #1431, #832, #469, .T. ) ;
#968 = FACE_OUTER_BOUND ( 'NONE', #3040, .T. ) ;
#969 = EDGE_LOOP ( 'NONE', ( #2776, #2539 ) ) ;
#970 = CARTESIAN_POINT ( 'NONE',  ( 43.10050506338838261, 11.82199566218367437, 6.000000000000000000 ) ) ;
#971 = CARTESIAN_POINT ( 'NONE',  ( 53.23307967882143998, -22.36588954734287427, 3.887973563098517271 ) ) ;
#972 = CIRCLE ( 'NONE', #48, 1.000000000000000888 ) ;
#973 = ORIENTED_EDGE ( 'NONE', *, *, #75, .T. ) ;
#974 = VECTOR ( 'NONE', #2113, 1000.000000000000000 ) ;
#975 = DIRECTION ( 'NONE',  ( 0.4012252678582362009, -0.9159794126682577753, 0.000000000000000000 ) ) ;
#976 = AXIS2_PLACEMENT_3D ( 'NONE', #662, #1452, #2536 ) ;
#977 = ORIENTED_EDGE ( 'NONE', *, *, #3278, .F. ) ;
#978 = EDGE_CURVE ( 'NONE', #1934, #11, #1024, .T. ) ;
#979 = CARTESIAN_POINT ( 'NONE',  ( 126.1485615347142044, -47.17859774663494221, 24.00000000000000000 ) ) ;
#980 = DIRECTION ( 'NONE',  ( 0.5000000000000043299, -0.8660254037844361541, 0.000000000000000000 ) ) ;
#981 = DIRECTION ( 'NONE',  ( 0.000000000000000000, 0.000000000000000000, -1.000000000000000000 ) ) ;
#982 = ORIENTED_EDGE ( 'NONE', *, *, #1037, .F. ) ;
#983 = VECTOR ( 'NONE', #3424, 1000.000000000000000 ) ;
#984 = CARTESIAN_POINT ( 'NONE',  ( 147.6555065600999797, -46.35710482608354965, 27.00000000000000355 ) ) ;
#985 = AXIS2_PLACEMENT_3D ( 'NONE', #2199, #1721, #524 ) ;
#986 = CARTESIAN_POINT ( 'NONE',  ( 15.96933128205087549, 22.38817675479875646, 3.000000000000000000 ) ) ;
#987 = PRODUCT_CONTEXT ( 'NONE', #602, 'mechanical' ) ;
#988 = EDGE_CURVE ( 'NONE', #3062, #1401, #2408, .T. ) ;
#989 = CIRCLE ( 'NONE', #1851, 1.549999999999999378 ) ;
#990 = VERTEX_POINT ( 'NONE', #991 ) ;
#991 = CARTESIAN_POINT ( 'NONE',  ( 70.07106781186573130, -24.85982325275426419, 24.07106781186552169 ) ) ;
#992 = CARTESIAN_POINT ( 'NONE',  ( 0.000000000000000000, -29.00000000000000000, 6.000000000000000000 ) ) ;
#993 = ORIENTED_EDGE ( 'NONE', *, *, #1421, .F. ) ;
#994 = DIRECTION ( 'NONE',  ( 1.000000000000000000, 0.000000000000000000, 0.000000000000000000 ) ) ;
#995 = CIRCLE ( 'NONE', #238, 1.549999999999877920 ) ;
#996 = ORIENTED_EDGE ( 'NONE', *, *, #2576, .T. ) ;
#997 = AXIS2_PLACEMENT_3D ( 'NONE', #2441, #1905, #2456 ) ;
#998 = ORIENTED_EDGE ( 'NONE', *, *, #1002, .T. ) ;
#999 = DIRECTION ( 'NONE',  ( 0.000000000000000000, 0.000000000000000000, -1.000000000000000000 ) ) ;
#1000 = CYLINDRICAL_SURFACE ( 'NONE', #1600, 80.00000000000000000 ) ;
#1001 = AXIS2_PLACEMENT_3D ( 'NONE', #1345, #999, #2124 ) ;
#1002 = EDGE_CURVE ( 'NONE', #1129, #1190, #1857, .T. ) ;
#1003 = ORIENTED_EDGE ( 'NONE', *, *, #448, .F. ) ;
#1004 = CARTESIAN_POINT ( 'NONE',  ( 148.7261871935858437, -70.58389148598993756, 27.00000000000000355 ) ) ;
#1005 = CARTESIAN_POINT ( 'NONE',  ( -17.51933128205075008, -22.38817675479876002, 27.00000000000000355 ) ) ;
#1006 = ORIENTED_EDGE ( 'NONE', *, *, #2501, .F. ) ;
#1007 = CARTESIAN_POINT ( 'NONE',  ( 49.75922762903091012, 25.87333296497020285, 3.000000000000000000 ) ) ;
#1008 = DIRECTION ( 'NONE',  ( 0.000000000000000000, 0.000000000000000000, -1.000000000000000000 ) ) ;
#1009 = B_SPLINE_CURVE_WITH_KNOTS ( 'NONE', 3,
 ( #3472, #1007, #31, #1133, #1375, #2169, #1649, #781, #551, #1698, #1117, #1680 ),
 .UNSPECIFIED., .F., .F.,
 ( 4, 2, 2, 2, 2, 4 ),
 ( 0.000000000000000000, 0.002018727256986470407, 0.003028090885479706694, 0.004037454513972943415, 0.006056181770959416857, 0.008074909027945892034 ),
 .UNSPECIFIED. ) ;
#1010 = ORIENTED_EDGE ( 'NONE', *, *, #3322, .F. ) ;
#1011 = CARTESIAN_POINT ( 'NONE',  ( 148.6555065600999797, -60.36844348751504441, 24.00000000000000000 ) ) ;
#1012 = EDGE_CURVE ( 'NONE', #105, #33, #2946, .T. ) ;
#1013 = ORIENTED_EDGE ( 'NONE', *, *, #2225, .F. ) ;
#1014 = CARTESIAN_POINT ( 'NONE',  ( 138.6188095650339278, -33.62804372838233746, 24.00000000000000000 ) ) ;
#1015 = DIRECTION ( 'NONE',  ( 1.000000000000000000, 0.000000000000000000, 0.000000000000000000 ) ) ;
#1016 = VERTEX_POINT ( 'NONE', #1867 ) ;
#1017 = AXIS2_PLACEMENT_3D ( 'NONE', #3082, #360, #3067 ) ;
#1018 = CARTESIAN_POINT ( 'NONE',  ( 84.88477631085042674, -23.26567003385797960, 27.00000000000000355 ) ) ;
#1019 = DIRECTION ( 'NONE',  ( 1.000000000000000000, 0.000000000000000000, 0.000000000000000000 ) ) ;
#1020 = CYLINDRICAL_SURFACE ( 'NONE', #2131, 200.0000000000000284 ) ;
#1021 = DIRECTION ( 'NONE',  ( 0.000000000000000000, 0.000000000000000000, -1.000000000000000000 ) ) ;
#1022 = VERTEX_POINT ( 'NONE', #767 ) ;
#1023 = EDGE_CURVE ( 'NONE', #164, #2217, #1576, .T. ) ;
#1024 = LINE ( 'NONE', #439, #3172 ) ;
#1025 = DIRECTION ( 'NONE',  ( -0.000000000000000000, -0.000000000000000000, 1.000000000000000000 ) ) ;
#1026 = ORIENTED_EDGE ( 'NONE', *, *, #2932, .T. ) ;
#1027 = CARTESIAN_POINT ( 'NONE',  ( 75.84315190901057235, 16.71354441102885602, 23.67705429204042744 ) ) ;
#1028 = ORIENTED_EDGE ( 'NONE', *, *, #2606, .T. ) ;
#1029 = CARTESIAN_POINT ( 'NONE',  ( -3.300670485102710217, -166.9610859287279538, 3.000000000000000000 ) ) ;
#1030 =( BOUNDED_CURVE ( )  B_SPLINE_CURVE ( 3, ( #1198, #669, #1533, #2865 ),
 .UNSPECIFIED., .F., .T. ) 
 B_SPLINE_CURVE_WITH_KNOTS ( ( 4, 4 ),
 ( 1.648017711874294911, 1.840474604429155114 ),
 .UNSPECIFIED. ) 
 CURVE ( )  GEOMETRIC_REPRESENTATION_ITEM ( )  RATIONAL_B_SPLINE_CURVE ( ( 1.000000000000000000, 0.9969157431407500436, 0.9969157431407500436, 1.000000000000000000 ) ) 
 REPRESENTATION_ITEM ( '' )  );
#1031 = CARTESIAN_POINT ( 'NONE',  ( 0.000000000000000000, 29.00000000000000000, 3.000000000000000000 ) ) ;
#1032 = ORIENTED_EDGE ( 'NONE', *, *, #1794, .T. ) ;
#1033 = CARTESIAN_POINT ( 'NONE',  ( 15.96933128205087904, -22.38817675479875291, 6.000000000000000000 ) ) ;
#1034 = EDGE_CURVE ( 'NONE', #2400, #7, #19, .T. ) ;
#1035 = CARTESIAN_POINT ( 'NONE',  ( 156.4447829456342447, -57.02600320791371757, 24.00000000000000000 ) ) ;
#1036 = EDGE_CURVE ( 'NONE', #438, #397, #153, .T. ) ;
#1037 = EDGE_CURVE ( 'NONE', #769, #3117, #2136, .T. ) ;
#1038 = DIRECTION ( 'NONE',  ( 0.000000000000000000, 0.000000000000000000, -1.000000000000000000 ) ) ;
#1039 = VERTEX_POINT ( 'NONE', #3233 ) ;
#1040 = VECTOR ( 'NONE', #71, 1000.000000000000000 ) ;
#1041 = LINE ( 'NONE', #493, #2640 ) ;
#1042 = CARTESIAN_POINT ( 'NONE',  ( -24.00000000000000355, -2.939152317953648289E-15, 6.000000000000000000 ) ) ;
#1043 = AXIS2_PLACEMENT_3D ( 'NONE', #1834, #460, #3490 ) ;
#1044 = EDGE_CURVE ( 'NONE', #236, #1768, #1409, .T. ) ;
#1045 = EDGE_LOOP ( 'NONE', ( #338, #3029, #973, #2479 ) ) ;
#1046 = LINE ( 'NONE', #2140, #742 ) ;
#1047 = LINE ( 'NONE', #2597, #3441 ) ;
#1048 = AXIS2_PLACEMENT_3D ( 'NONE', #1920, #3013, #2202 ) ;
#1049 = ORIENTED_EDGE ( 'NONE', *, *, #2582, .F. ) ;
#1050 = FACE_OUTER_BOUND ( 'NONE', #3198, .T. ) ;
#1051 = CARTESIAN_POINT ( 'NONE',  ( 20.83817675479869891, 15.96933128205095542, 27.00000000000000355 ) ) ;
#1052 = ADVANCED_FACE ( 'NONE', ( #696 ), #1335, .F. ) ;
#1053 = VERTEX_POINT ( 'NONE', #1807 ) ;
#1054 = VECTOR ( 'NONE', #943, 1000.000000000000000 ) ;
#1055 = DIRECTION ( 'NONE',  ( 1.568988244711068651E-15, 1.000000000000000000, 0.000000000000000000 ) ) ;
#1056 = LINE ( 'NONE', #1113, #1716 ) ;
#1057 = CYLINDRICAL_SURFACE ( 'NONE', #2288, 10.00000000000000000 ) ;
#1058 = FACE_BOUND ( 'NONE', #887, .T. ) ;
#1059 = DIRECTION ( 'NONE',  ( 1.000000000000000000, 0.000000000000000000, 0.000000000000000000 ) ) ;
#1060 = DIRECTION ( 'NONE',  ( 1.000000000000000000, 0.000000000000000000, 0.000000000000000000 ) ) ;
#1061 = VERTEX_POINT ( 'NONE', #1266 ) ;
#1062 = VERTEX_POINT ( 'NONE', #2369 ) ;
#1063 = LINE ( 'NONE', #480, #1101 ) ;
#1064 = DIRECTION ( 'NONE',  ( 0.000000000000000000, 0.000000000000000000, -1.000000000000000000 ) ) ;
#1065 = ORIENTED_EDGE ( 'NONE', *, *, #569, .F. ) ;
#1066 = DIRECTION ( 'NONE',  ( 1.000000000000000000, 0.000000000000000000, 0.000000000000000000 ) ) ;
#1067 = EDGE_CURVE ( 'NONE', #3282, #3368, #1009, .T. ) ;
#1068 = DIRECTION ( 'NONE',  ( 0.000000000000000000, 0.000000000000000000, -1.000000000000000000 ) ) ;
#1069 = ORIENTED_EDGE ( 'NONE', *, *, #1201, .T. ) ;
#1070 = CYLINDRICAL_SURFACE ( 'NONE', #1950, 10.00000000000000888 ) ;
#1071 = DIRECTION ( 'NONE',  ( 1.000000000000000000, 0.000000000000000000, 0.000000000000000000 ) ) ;
#1072 = AXIS2_PLACEMENT_3D ( 'NONE', #130, #1240, #2631 ) ;
#1073 = DIRECTION ( 'NONE',  ( 1.000000000000000000, 0.000000000000000000, 0.000000000000000000 ) ) ;
#1074 = ADVANCED_FACE ( 'NONE', ( #567 ), #855, .F. ) ;
#1075 = DIRECTION ( 'NONE',  ( 1.000000000000000000, 0.000000000000000000, 0.000000000000000000 ) ) ;
#1076 = CYLINDRICAL_SURFACE ( 'NONE', #3523, 1.000000000000007772 ) ;
#1077 = AXIS2_PLACEMENT_3D ( 'NONE', #3230, #1572, #3434 ) ;
#1078 = DIRECTION ( 'NONE',  ( -0.000000000000000000, -0.000000000000000000, 1.000000000000000000 ) ) ;
#1079 = ORIENTED_EDGE ( 'NONE', *, *, #698, .F. ) ;
#1080 = ORIENTED_EDGE ( 'NONE', *, *, #1836, .T. ) ;
#1081 = FACE_OUTER_BOUND ( 'NONE', #2043, .T. ) ;
#1082 = FACE_OUTER_BOUND ( 'NONE', #3390, .T. ) ;
#1083 = ADVANCED_FACE ( 'NONE', ( #3034 ), #533, .F. ) ;
#1084 = VERTEX_POINT ( 'NONE', #244 ) ;
#1085 = FACE_OUTER_BOUND ( 'NONE', #1207, .T. ) ;
#1086 = CARTESIAN_POINT ( 'NONE',  ( -24.00000000000000355, -2.939152317953648289E-15, 27.00000000000000355 ) ) ;
#1087 = ORIENTED_EDGE ( 'NONE', *, *, #387, .F. ) ;
#1088 = ADVANCED_FACE ( 'NONE', ( #1956 ), #2207, .F. ) ;
#1089 = ORIENTED_EDGE ( 'NONE', *, *, #2916, .T. ) ;
#1090 = AXIS2_PLACEMENT_3D ( 'NONE', #3275, #807, #575 ) ;
#1091 = CARTESIAN_POINT ( 'NONE',  ( -15.96933128205095898, 22.38817675479869607, 27.00000000000000355 ) ) ;
#1092 = DIRECTION ( 'NONE',  ( 1.000000000000000000, 0.000000000000000000, 0.000000000000000000 ) ) ;
#1093 = AXIS2_PLACEMENT_3D ( 'NONE', #913, #102, #2015 ) ;
#1094 = DIRECTION ( 'NONE',  ( 0.000000000000000000, 0.000000000000000000, -1.000000000000000000 ) ) ;
#1095 = CARTESIAN_POINT ( 'NONE',  ( 156.7656357983699706, -55.58883807152827217, 24.00000000000000000 ) ) ;
#1096 = CARTESIAN_POINT ( 'NONE',  ( 2.020667218593131917E-15, 32.99999999999997868, 27.00000000000000355 ) ) ;
#1097 = CARTESIAN_POINT ( 'NONE',  ( 72.16846762954861561, -25.43335374715118391, 25.68167461147313801 ) ) ;
#1098 = EDGE_LOOP ( 'NONE', ( #273, #585, #2377, #2311 ) ) ;
#1099 = EDGE_LOOP ( 'NONE', ( #54, #1167, #3003, #1013 ) ) ;
#1100 = ORIENTED_EDGE ( 'NONE', *, *, #82, .T. ) ;
#1101 = VECTOR ( 'NONE', #3476, 1000.000000000000000 ) ;
#1102 = CARTESIAN_POINT ( 'NONE',  ( 119.7812622533867852, -17.83136398209194695, 24.00000000000000000 ) ) ;
#1103 = DIRECTION ( 'NONE',  ( 0.000000000000000000, 0.000000000000000000, -1.000000000000000000 ) ) ;
#1104 = CIRCLE ( 'NONE', #750, 1.000000000000000888 ) ;
#1105 = AXIS2_PLACEMENT_3D ( 'NONE', #1453, #2333, #1489 ) ;
#1106 = EDGE_CURVE ( 'NONE', #2065, #1292, #1916, .T. ) ;
#1107 = EDGE_CURVE ( 'NONE', #1701, #2895, #3018, .T. ) ;
#1108 = ORIENTED_EDGE ( 'NONE', *, *, #1607, .F. ) ;
#1109 = CYLINDRICAL_SURFACE ( 'NONE', #1120, 1.000000000000000888 ) ;
#1110 = DIRECTION ( 'NONE',  ( 0.000000000000000000, 0.000000000000000000, -1.000000000000000000 ) ) ;
#1111 = ORIENTED_EDGE ( 'NONE', *, *, #1280, .T. ) ;
#1112 = DIRECTION ( 'NONE',  ( 1.000000000000000000, 0.000000000000000000, 0.000000000000000000 ) ) ;
#1113 = CARTESIAN_POINT ( 'NONE',  ( 113.2812622533867568, -12.64445392279127667, 24.00000000000000000 ) ) ;
#1114 = EDGE_CURVE ( 'NONE', #1411, #1707, #2366, .T. ) ;
#1115 = AXIS2_PLACEMENT_3D ( 'NONE', #1393, #3560, #1059 ) ;
#1116 = ORIENTED_EDGE ( 'NONE', *, *, #1339, .F. ) ;
#1117 = CARTESIAN_POINT ( 'NONE',  ( 55.70008474428640000, 24.13876950506081442, 5.457444057167079698 ) ) ;
#1118 = EDGE_CURVE ( 'NONE', #2628, #23, #276, .T. ) ;
#1119 = CARTESIAN_POINT ( 'NONE',  ( 73.96163071134631650, -25.97128301001309225, 26.50332777343143320 ) ) ;
#1120 = AXIS2_PLACEMENT_3D ( 'NONE', #2447, #885, #1402 ) ;
#1121 = ORIENTED_EDGE ( 'NONE', *, *, #3130, .T. ) ;
#1122 = ORIENTED_EDGE ( 'NONE', *, *, #820, .T. ) ;
#1123 = FACE_BOUND ( 'NONE', #2991, .T. ) ;
#1124 = DIRECTION ( 'NONE',  ( 0.000000000000000000, 0.000000000000000000, -1.000000000000000000 ) ) ;
#1125 = ORIENTED_EDGE ( 'NONE', *, *, #3539, .T. ) ;
#1126 = CARTESIAN_POINT ( 'NONE',  ( 50.00000000000000000, -102.3011057633860901, 27.00000000000000355 ) ) ;
#1127 = ADVANCED_FACE ( 'NONE', ( #839 ), #1076, .F. ) ;
#1128 = ORIENTED_EDGE ( 'NONE', *, *, #646, .F. ) ;
#1129 = VERTEX_POINT ( 'NONE', #17 ) ;
#1130 = DIRECTION ( 'NONE',  ( 0.000000000000000000, 0.000000000000000000, -1.000000000000000000 ) ) ;
#1131 = DIRECTION ( 'NONE',  ( 0.000000000000000000, 0.000000000000000000, -1.000000000000000000 ) ) ;
#1132 = EDGE_LOOP ( 'NONE', ( #3426, #1026 ) ) ;
#1133 = CARTESIAN_POINT ( 'NONE',  ( 51.36085884303619764, 25.42453331416064088, 3.253411869807362855 ) ) ;
#1134 = CARTESIAN_POINT ( 'NONE',  ( 74.58190573198186257, -26.16848873534552311, 26.68823526868146345 ) ) ;
#1135 = AXIS2_PLACEMENT_3D ( 'NONE', #1147, #377, #2270 ) ;
#1136 = EDGE_CURVE ( 'NONE', #1174, #2276, #2764, .T. ) ;
#1137 = ORIENTED_EDGE ( 'NONE', *, *, #1849, .F. ) ;
#1138 = ORIENTED_EDGE ( 'NONE', *, *, #3056, .T. ) ;
#1139 = AXIS2_PLACEMENT_3D ( 'NONE', #909, #2030, #2798 ) ;
#1140 = CARTESIAN_POINT ( 'NONE',  ( 70.07106781186573130, 19.09424997777375665, 24.07106781186552880 ) ) ;
#1141 = LINE ( 'NONE', #2728, #2342 ) ;
#1142 = ORIENTED_EDGE ( 'NONE', *, *, #1570, .F. ) ;
#1143 = CARTESIAN_POINT ( 'NONE',  ( 24.08274774922728767, 24.56252850066889337, 6.000000000000000000 ) ) ;
#1144 = EDGE_CURVE ( 'NONE', #1439, #3324, #1581, .T. ) ;
#1145 = VERTEX_POINT ( 'NONE', #3052 ) ;
#1146 = FACE_BOUND ( 'NONE', #3292, .T. ) ;
#1147 = CARTESIAN_POINT ( 'NONE',  ( -15.96933128205087193, -22.38817675479876002, 27.00000000000000355 ) ) ;
#1148 = CIRCLE ( 'NONE', #1891, 1.549999999999999378 ) ;
#1149 = ORIENTED_EDGE ( 'NONE', *, *, #689, .F. ) ;
#1150 = VECTOR ( 'NONE', #3168, 1000.000000000000000 ) ;
#1151 = EDGE_CURVE ( 'NONE', #2400, #2678, #587, .T. ) ;
#1152 = CARTESIAN_POINT ( 'NONE',  ( 126.1331557811706290, -48.90156942015523356, 24.00000000000000000 ) ) ;
#1153 = DIRECTION ( 'NONE',  ( 0.000000000000000000, 0.000000000000000000, -1.000000000000000000 ) ) ;
#1154 = DIRECTION ( 'NONE',  ( 0.000000000000000000, 0.000000000000000000, -1.000000000000000000 ) ) ;
#1155 = ORIENTED_EDGE ( 'NONE', *, *, #2344, .T. ) ;
#1156 = PLANE ( 'NONE',  #280 ) ;
#1157 = AXIS2_PLACEMENT_3D ( 'NONE', #1778, #2557, #1476 ) ;
#1158 = ORIENTED_EDGE ( 'NONE', *, *, #3519, .F. ) ;
#1159 = DIRECTION ( 'NONE',  ( 0.6518475494139128745, 0.7583500328496572962, 0.000000000000000000 ) ) ;
#1160 = AXIS2_PLACEMENT_3D ( 'NONE', #1305, #2688, #2949 ) ;
#1161 = VECTOR ( 'NONE', #358, 1000.000000000000114 ) ;
#1162 = VECTOR ( 'NONE', #2329, 1000.000000000000000 ) ;
#1163 = ORIENTED_EDGE ( 'NONE', *, *, #899, .T. ) ;
#1164 = FACE_BOUND ( 'NONE', #3395, .T. ) ;
#1165 = CARTESIAN_POINT ( 'NONE',  ( 6.071532165918824830E-15, -27.00000000000003197, 3.000000000000000000 ) ) ;
#1166 = FACE_BOUND ( 'NONE', #715, .T. ) ;
#1167 = ORIENTED_EDGE ( 'NONE', *, *, #3014, .T. ) ;
#1168 = AXIS2_PLACEMENT_3D ( 'NONE', #656, #743, #1279 ) ;
#1169 = DIRECTION ( 'NONE',  ( -0.7583500328496574072, 0.6518475494139126525, 0.000000000000000000 ) ) ;
#1170 = VECTOR ( 'NONE', #1466, 1000.000000000000227 ) ;
#1171 = DIRECTION ( 'NONE',  ( 1.000000000000000000, 0.000000000000000000, 0.000000000000000000 ) ) ;
#1172 = PLANE ( 'NONE',  #3406 ) ;
#1173 = ORIENTED_EDGE ( 'NONE', *, *, #179, .F. ) ;
#1174 = VERTEX_POINT ( 'NONE', #2781 ) ;
#1175 = CARTESIAN_POINT ( 'NONE',  ( -3.300670485102710217, -166.9610859287279538, 27.00000000000000355 ) ) ;
#1176 = AXIS2_PLACEMENT_3D ( 'NONE', #3202, #1564, #2649 ) ;
#1177 = CYLINDRICAL_SURFACE ( 'NONE', #926, 194.9999999999999432 ) ;
#1178 = ORIENTED_EDGE ( 'NONE', *, *, #1750, .F. ) ;
#1179 = DIRECTION ( 'NONE',  ( 0.6518475494139128745, 0.7583500328496574072, 0.000000000000000000 ) ) ;
#1180 = ORIENTED_EDGE ( 'NONE', *, *, #61, .T. ) ;
#1181 = ADVANCED_FACE ( 'NONE', ( #309 ), #2426, .F. ) ;
#1182 = DIRECTION ( 'NONE',  ( -0.000000000000000000, -0.000000000000000000, 1.000000000000000000 ) ) ;
#1183 = CARTESIAN_POINT ( 'NONE',  ( 132.0595205269191865, -81.63930745384131171, 27.00000000000000355 ) ) ;
#1184 = DIRECTION ( 'NONE',  ( 1.000000000000000000, 0.000000000000000000, 0.000000000000000000 ) ) ;
#1185 = VERTEX_POINT ( 'NONE', #2703 ) ;
#1186 = PLANE ( 'NONE',  #72 ) ;
#1187 = CARTESIAN_POINT ( 'NONE',  ( 56.17157287525378706, 23.99192470395763976, 5.928932188134451664 ) ) ;
#1188 = CARTESIAN_POINT ( 'NONE',  ( 43.03986744349812454, 20.95605693819462445, 3.000000000000000000 ) ) ;
#1189 = EDGE_CURVE ( 'NONE', #1298, #3131, #258, .T. ) ;
#1190 = VERTEX_POINT ( 'NONE', #2816 ) ;
#1191 = CARTESIAN_POINT ( 'NONE',  ( 159.6095205269191695, -65.05618350206425760, 24.00000000000000000 ) ) ;
#1192 = CARTESIAN_POINT ( 'NONE',  ( 47.85786437626909873, 26.38524662205465887, 6.000000000000000000 ) ) ;
#1193 = CIRCLE ( 'NONE', #726, 1.549999999999995826 ) ;
#1194 = VERTEX_POINT ( 'NONE', #1426 ) ;
#1195 = DIRECTION ( 'NONE',  ( 0.000000000000000000, 0.000000000000000000, -1.000000000000000000 ) ) ;
#1196 = ADVANCED_FACE ( 'NONE', ( #2312 ), #3124, .F. ) ;
#1197 = ORIENTED_EDGE ( 'NONE', *, *, #2520, .T. ) ;
#1198 = CARTESIAN_POINT ( 'NONE',  ( 56.17157287525380838, -22.53951294926637061, 5.928932188134474757 ) ) ;
#1199 = LINE ( 'NONE', #305, #1386 ) ;
#1200 = DIRECTION ( 'NONE',  ( 0.000000000000000000, 0.000000000000000000, -1.000000000000000000 ) ) ;
#1201 = EDGE_CURVE ( 'NONE', #1190, #1129, #1805, .T. ) ;
#1202 = ORIENTED_EDGE ( 'NONE', *, *, #307, .F. ) ;
#1203 = DIRECTION ( 'NONE',  ( 0.000000000000000000, 0.000000000000000000, -1.000000000000000000 ) ) ;
#1204 = DIRECTION ( 'NONE',  ( 0.000000000000000000, -1.000000000000000000, 0.000000000000000000 ) ) ;
#1205 = CARTESIAN_POINT ( 'NONE',  ( 93.80948905120388304, -29.46067283583923668, 27.00000000000000355 ) ) ;
#1206 = CIRCLE ( 'NONE', #1835, 1.000000000000014655 ) ;
#1207 = EDGE_LOOP ( 'NONE', ( #372, #707, #1546, #581 ) ) ;
#1208 = CARTESIAN_POINT ( 'NONE',  ( 24.99872716189555177, 24.96375376852713046, 3.000000000000000000 ) ) ;
#1209 = CARTESIAN_POINT ( 'NONE',  ( -3.300670485102710217, -166.9610859287279538, 27.00000000000000355 ) ) ;
#1210 = AXIS2_PLACEMENT_3D ( 'NONE', #1686, #3024, #517 ) ;
#1211 = EDGE_LOOP ( 'NONE', ( #270, #1705, #178, #1510, #1973, #2072, #3475 ) ) ;
#1212 = DIRECTION ( 'NONE',  ( -0.9159794126682578863, -0.4012252678582362564, 0.000000000000000000 ) ) ;
#1213 = EDGE_CURVE ( 'NONE', #3419, #1061, #1446, .T. ) ;
#1214 = CIRCLE ( 'NONE', #3216, 1.000000000000000888 ) ;
#1215 = EDGE_CURVE ( 'NONE', #284, #2335, #875, .T. ) ;
#1216 = ADVANCED_FACE ( 'NONE', ( #603 ), #1186, .F. ) ;
#1217 = ORIENTED_EDGE ( 'NONE', *, *, #496, .F. ) ;
#1218 = CIRCLE ( 'NONE', #3218, 1.549999999999999822 ) ;
#1219 = CARTESIAN_POINT ( 'NONE',  ( 32.93878742935740433, 0.000000000000000000, 6.000000000000000000 ) ) ;
#1220 = DIRECTION ( 'NONE',  ( 1.000000000000000000, 0.000000000000000000, 0.000000000000000000 ) ) ;
#1221 = FACE_BOUND ( 'NONE', #3050, .T. ) ;
#1222 = AXIS2_PLACEMENT_3D ( 'NONE', #367, #3439, #3129 ) ;
#1223 = VERTEX_POINT ( 'NONE', #2565 ) ;
#1224 = AXIS2_PLACEMENT_3D ( 'NONE', #1771, #1734, #1502 ) ;
#1225 = DIRECTION ( 'NONE',  ( -0.000000000000000000, -0.000000000000000000, 1.000000000000000000 ) ) ;
#1226 = DIRECTION ( 'NONE',  ( -0.000000000000000000, -0.000000000000000000, 1.000000000000000000 ) ) ;
#1227 = CARTESIAN_POINT ( 'NONE',  ( 157.0595205269191865, -65.05618350206425760, 27.00000000000000355 ) ) ;
#1228 = AXIS2_PLACEMENT_3D ( 'NONE', #3085, #1752, #65 ) ;
#1229 = ORIENTED_EDGE ( 'NONE', *, *, #2519, .F. ) ;
#1230 = EDGE_CURVE ( 'NONE', #2563, #197, #2272, .T. ) ;
#1231 = CARTESIAN_POINT ( 'NONE',  ( 31.93345167786021932, -8.366419304034240056, 27.00000000000000355 ) ) ;
#1232 = FACE_OUTER_BOUND ( 'NONE', #3236, .T. ) ;
#1233 = ORIENTED_EDGE ( 'NONE', *, *, #343, .T. ) ;
#1234 = CIRCLE ( 'NONE', #1530, 85.00000000000000000 ) ;
#1235 = DIRECTION ( 'NONE',  ( 1.000000000000000000, 0.000000000000000000, 0.000000000000000000 ) ) ;
#1236 = EDGE_CURVE ( 'NONE', #1298, #769, #530, .T. ) ;
#1237 = VERTEX_POINT ( 'NONE', #1785 ) ;
#1238 = CARTESIAN_POINT ( 'NONE',  ( 142.6555065600999512, -39.38035940029874382, 27.00000000000000355 ) ) ;
#1239 = CARTESIAN_POINT ( 'NONE',  ( 26.58955139629097530, -18.91728158234586843, 3.000000000000000000 ) ) ;
#1240 = DIRECTION ( 'NONE',  ( 0.000000000000000000, 0.000000000000000000, -1.000000000000000000 ) ) ;
#1241 = ORIENTED_EDGE ( 'NONE', *, *, #1395, .T. ) ;
#1242 = CARTESIAN_POINT ( 'NONE',  ( -29.00000000000000000, 0.000000000000000000, 3.000000000000000000 ) ) ;
#1243 = DIRECTION ( 'NONE',  ( 0.000000000000000000, 0.000000000000000000, -1.000000000000000000 ) ) ;
#1244 = CARTESIAN_POINT ( 'NONE',  ( 156.9447829456342163, -56.15997780412929075, 27.00000000000000355 ) ) ;
#1245 = EDGE_CURVE ( 'NONE', #25, #197, #2028, .T. ) ;
#1246 = ORIENTED_EDGE ( 'NONE', *, *, #1369, .F. ) ;
#1247 = FACE_OUTER_BOUND ( 'NONE', #2104, .T. ) ;
#1248 = CARTESIAN_POINT ( 'NONE',  ( 54.45769054452006941, 24.51793215797483327, 8.457690544520037434 ) ) ;
#1249 = EDGE_CURVE ( 'NONE', #3293, #1896, #379, .T. ) ;
#1250 = EDGE_LOOP ( 'NONE', ( #476, #365 ) ) ;
#1251 = DIRECTION ( 'NONE',  ( 1.000000000000000000, 0.000000000000000000, 0.000000000000000000 ) ) ;
#1252 = ORIENTED_EDGE ( 'NONE', *, *, #1538, .T. ) ;
#1253 = CIRCLE ( 'NONE', #555, 1.549999999999999378 ) ;
#1254 = ORIENTED_EDGE ( 'NONE', *, *, #724, .F. ) ;
#1255 = LINE ( 'NONE', #144, #535 ) ;
#1256 = ADVANCED_FACE ( 'NONE', ( #45 ), #3140, .F. ) ;
#1257 = VECTOR ( 'NONE', #2944, 1000.000000000000114 ) ;
#1258 = CARTESIAN_POINT ( 'NONE',  ( 149.4387858232196606, -45.73543482039983132, 24.00000000000000000 ) ) ;
#1259 = LINE ( 'NONE', #2075, #1571 ) ;
#1260 = ADVANCED_FACE ( 'NONE', ( #115 ), #3102, .F. ) ;
#1261 = ORIENTED_EDGE ( 'NONE', *, *, #659, .T. ) ;
#1262 = CARTESIAN_POINT ( 'NONE',  ( 10.73036235624504009, -31.20671920762702456, 6.000000000000000000 ) ) ;
#1263 = LINE ( 'NONE', #2328, #2334 ) ;
#1264 = DIRECTION ( 'NONE',  ( 1.000000000000000000, 0.000000000000000000, 0.000000000000000000 ) ) ;
#1265 = EDGE_LOOP ( 'NONE', ( #3276, #350, #3134, #69 ) ) ;
#1266 = CARTESIAN_POINT ( 'NONE',  ( 109.0474930788881522, -9.315319003478546023, 24.00000000000000000 ) ) ;
#1267 = CARTESIAN_POINT ( 'NONE',  ( 132.0595205269191865, -81.63930745384131171, 24.00000000000000000 ) ) ;
#1268 = AXIS2_PLACEMENT_3D ( 'NONE', #161, #963, #3238 ) ;
#1269 = VERTEX_POINT ( 'NONE', #1152 ) ;
#1270 = CIRCLE ( 'NONE', #3272, 2.549999999999996714 ) ;
#1271 = CARTESIAN_POINT ( 'NONE',  ( 10.73036235624504009, -31.20671920762702456, 3.000000000000000000 ) ) ;
#1272 = AXIS2_PLACEMENT_3D ( 'NONE', #3128, #2554, #3145 ) ;
#1273 = B_SPLINE_CURVE_WITH_KNOTS ( 'NONE', 3,
 ( #2248, #1384, #2213, #8, #2789, #865, #1364, #1985, #830, #2731, #811, #3311 ),
 .UNSPECIFIED., .F., .F.,
 ( 4, 2, 2, 2, 2, 4 ),
 ( 3.469446951953614189E-18, 0.002036645747258130062, 0.003054968620887176661, 0.004073291494516223694, 0.006109937241774276995, 0.008146582989032329428 ),
 .UNSPECIFIED. ) ;
#1274 = ORIENTED_EDGE ( 'NONE', *, *, #846, .F. ) ;
#1275 = CARTESIAN_POINT ( 'NONE',  ( 17.51933128205087087, 22.38817675479875646, 3.000000000000000000 ) ) ;
#1276 = CARTESIAN_POINT ( 'NONE',  ( 167.0595205269191865, -65.05618350206425760, 27.00000000000000355 ) ) ;
#1277 = DIRECTION ( 'NONE',  ( 0.000000000000000000, 0.000000000000000000, -1.000000000000000000 ) ) ;
#1278 = EDGE_LOOP ( 'NONE', ( #159, #565 ) ) ;
#1279 = DIRECTION ( 'NONE',  ( 1.000000000000000000, 0.000000000000000000, 0.000000000000000000 ) ) ;
#1280 = EDGE_CURVE ( 'NONE', #2988, #1990, #3229, .T. ) ;
#1281 = AXIS2_PLACEMENT_3D ( 'NONE', #3203, #1535, #2615 ) ;
#1282 = DIRECTION ( 'NONE',  ( 0.000000000000000000, 0.000000000000000000, -1.000000000000000000 ) ) ;
#1283 = CIRCLE ( 'NONE', #3338, 85.00000000000000000 ) ;
#1284 = ORIENTED_EDGE ( 'NONE', *, *, #1792, .T. ) ;
#1285 = DIRECTION ( 'NONE',  ( -0.8660254037844359321, -0.5000000000000048850, -0.000000000000000000 ) ) ;
#1286 = CARTESIAN_POINT ( 'NONE',  ( 114.7812622533867568, -13.51047932657570350, 27.00000000000000355 ) ) ;
#1287 = ORIENTED_EDGE ( 'NONE', *, *, #2987, .F. ) ;
#1288 = DIRECTION ( 'NONE',  ( 0.9456581578068810057, 0.3251624956437874081, 0.000000000000000000 ) ) ;
#1289 = VECTOR ( 'NONE', #1055, 1000.000000000000000 ) ;
#1290 = VERTEX_POINT ( 'NONE', #619 ) ;
#1291 = AXIS2_PLACEMENT_3D ( 'NONE', #477, #1304, #3505 ) ;
#1292 = VERTEX_POINT ( 'NONE', #83 ) ;
#1293 = CARTESIAN_POINT ( 'NONE',  ( 149.1555065600999512, -61.23446889129947834, 27.00000000000000355 ) ) ;
#1294 = CARTESIAN_POINT ( 'NONE',  ( 157.0595205269191865, -65.05618350206425760, 24.00000000000000000 ) ) ;
#1295 = ORIENTED_EDGE ( 'NONE', *, *, #1106, .F. ) ;
#1296 = VECTOR ( 'NONE', #720, 1000.000000000000000 ) ;
#1297 = EDGE_CURVE ( 'NONE', #2811, #289, #1635, .T. ) ;
#1298 = VERTEX_POINT ( 'NONE', #98 ) ;
#1299 = DIRECTION ( 'NONE',  ( 0.000000000000000000, 0.000000000000000000, -1.000000000000000000 ) ) ;
#1300 = DIRECTION ( 'NONE',  ( 0.000000000000000000, 0.000000000000000000, -1.000000000000000000 ) ) ;
#1301 = CARTESIAN_POINT ( 'NONE',  ( -3.300670485102710217, -166.9610859287279538, 24.00000000000000000 ) ) ;
#1302 = EDGE_CURVE ( 'NONE', #2768, #174, #995, .T. ) ;
#1303 = ORIENTED_EDGE ( 'NONE', *, *, #2796, .F. ) ;
#1304 = DIRECTION ( 'NONE',  ( -0.000000000000000000, -0.000000000000000000, 1.000000000000000000 ) ) ;
#1305 = CARTESIAN_POINT ( 'NONE',  ( 0.000000000000000000, 0.000000000000000000, 6.000000000000000000 ) ) ;
#1306 = EDGE_LOOP ( 'NONE', ( #2263, #2100 ) ) ;
#1307 = DIRECTION ( 'NONE',  ( 1.000000000000000000, 0.000000000000000000, 0.000000000000000000 ) ) ;
#1308 = ORIENTED_EDGE ( 'NONE', *, *, #486, .T. ) ;
#1309 = DIRECTION ( 'NONE',  ( 0.000000000000000000, 0.000000000000000000, -1.000000000000000000 ) ) ;
#1310 = FACE_BOUND ( 'NONE', #3096, .T. ) ;
#1311 = VECTOR ( 'NONE', #1131, 1000.000000000000000 ) ;
#1312 = ORIENTED_EDGE ( 'NONE', *, *, #3014, .F. ) ;
#1313 = VECTOR ( 'NONE', #421, 1000.000000000000000 ) ;
#1314 = CARTESIAN_POINT ( 'NONE',  ( 41.73578717043540109, -17.70380801512663638, 27.00000000000000355 ) ) ;
#1315 = DIRECTION ( 'NONE',  ( 1.000000000000000000, 0.000000000000000000, 0.000000000000000000 ) ) ;
#1316 = EDGE_CURVE ( 'NONE', #1425, #3458, #2870, .T. ) ;
#1317 = APPLICATION_PROTOCOL_DEFINITION ( 'draft international standard', 'automotive_design', 1998, #3267 ) ;
#1318 = CARTESIAN_POINT ( 'NONE',  ( 47.85786437626909873, -22.32979056243704363, 6.000000000000000000 ) ) ;
#1319 = ORIENTED_EDGE ( 'NONE', *, *, #2756, .T. ) ;
#1320 = CARTESIAN_POINT ( 'NONE',  ( 119.7812622533869984, -43.34920620125504342, 27.00000000000000355 ) ) ;
#1321 = DIRECTION ( 'NONE',  ( -0.000000000000000000, -0.000000000000000000, 1.000000000000000000 ) ) ;
#1322 = ORIENTED_EDGE ( 'NONE', *, *, #689, .T. ) ;
#1323 = CARTESIAN_POINT ( 'NONE',  ( 76.15615188375605271, 16.57836859472230628, 23.75377987457066453 ) ) ;
#1324 = AXIS2_PLACEMENT_3D ( 'NONE', #1165, #1695, #1220 ) ;
#1325 = ORIENTED_EDGE ( 'NONE', *, *, #2463, .F. ) ;
#1326 = FACE_OUTER_BOUND ( 'NONE', #685, .T. ) ;
#1327 = ADVANCED_FACE ( 'NONE', ( #930 ), #346, .F. ) ;
#1328 = DIRECTION ( 'NONE',  ( 0.000000000000000000, 0.000000000000000000, -1.000000000000000000 ) ) ;
#1329 = ORIENTED_EDGE ( 'NONE', *, *, #2230, .T. ) ;
#1330 = DIRECTION ( 'NONE',  ( -0.000000000000000000, -0.000000000000000000, 1.000000000000000000 ) ) ;
#1331 = DIRECTION ( 'NONE',  ( 1.568988244711068848E-15, 1.000000000000000000, 0.000000000000000000 ) ) ;
#1332 = CARTESIAN_POINT ( 'NONE',  ( 52.86724023151472096, -22.35198083118637058, 7.338957000493454785 ) ) ;
#1333 = CARTESIAN_POINT ( 'NONE',  ( 148.6555065601000081, -46.35710482608354965, 27.00000000000000355 ) ) ;
#1334 = CIRCLE ( 'NONE', #1105, 1.000000000000000888 ) ;
#1335 = PLANE ( 'NONE',  #1346 ) ;
#1336 = DIRECTION ( 'NONE',  ( 1.000000000000000000, 0.000000000000000000, 0.000000000000000000 ) ) ;
#1337 = EDGE_LOOP ( 'NONE', ( #2834, #501, #1746, #1378 ) ) ;
#1338 = AXIS2_PLACEMENT_3D ( 'NONE', #1227, #2838, #2603 ) ;
#1339 = EDGE_CURVE ( 'NONE', #2899, #3062, #294, .T. ) ;
#1340 = ORIENTED_EDGE ( 'NONE', *, *, #84, .T. ) ;
#1341 = CARTESIAN_POINT ( 'NONE',  ( 109.0474930788881522, -9.315319003478546023, 27.00000000000000355 ) ) ;
#1342 = LINE ( 'NONE', #1813, #274 ) ;
#1343 = VECTOR ( 'NONE', #708, 1000.000000000000000 ) ;
#1344 = VERTEX_POINT ( 'NONE', #1004 ) ;
#1345 = CARTESIAN_POINT ( 'NONE',  ( 22.38817675479875646, -15.96933128205087549, 27.00000000000000355 ) ) ;
#1346 = AXIS2_PLACEMENT_3D ( 'NONE', #2066, #2098, #1285 ) ;
#1347 = DIRECTION ( 'NONE',  ( 1.000000000000000000, 0.000000000000000000, 0.000000000000000000 ) ) ;
#1348 = ORIENTED_EDGE ( 'NONE', *, *, #1729, .T. ) ;
#1349 = EDGE_CURVE ( 'NONE', #684, #990, #727, .T. ) ;
#1350 = ORIENTED_EDGE ( 'NONE', *, *, #3374, .T. ) ;
#1351 = AXIS2_PLACEMENT_3D ( 'NONE', #3534, #1859, #482 ) ;
#1352 = DIRECTION ( 'NONE',  ( 0.000000000000000000, 0.000000000000000000, -1.000000000000000000 ) ) ;
#1353 = CARTESIAN_POINT ( 'NONE',  ( 26.58955139629097530, -18.91728158234586843, 6.000000000000000000 ) ) ;
#1354 = DIRECTION ( 'NONE',  ( -0.000000000000000000, -0.000000000000000000, 1.000000000000000000 ) ) ;
#1355 = FACE_BOUND ( 'NONE', #541, .T. ) ;
#1356 = DIRECTION ( 'NONE',  ( -0.000000000000000000, -0.000000000000000000, 1.000000000000000000 ) ) ;
#1357 = EDGE_CURVE ( 'NONE', #284, #3419, #2094, .T. ) ;
#1358 = DIRECTION ( 'NONE',  ( -0.8660254037844326014, -0.5000000000000104361, -0.000000000000000000 ) ) ;
#1359 = ORIENTED_EDGE ( 'NONE', *, *, #2858, .T. ) ;
#1360 = CARTESIAN_POINT ( 'NONE',  ( 76.49595153791419477, 16.43192717413640835, 27.00000000000001421 ) ) ;
#1361 = CARTESIAN_POINT ( 'NONE',  ( 22.38817675479869962, 15.96933128205095542, 3.000000000000000000 ) ) ;
#1362 = EDGE_CURVE ( 'NONE', #2674, #3431, #352, .T. ) ;
#1363 = EDGE_LOOP ( 'NONE', ( #2280, #1478, #3022, #2054 ) ) ;
#1364 = CARTESIAN_POINT ( 'NONE',  ( 74.29875635266002121, -26.07990207032411334, 23.13299732039612522 ) ) ;
#1365 = DIRECTION ( 'NONE',  ( -0.000000000000000000, -0.000000000000000000, 1.000000000000000000 ) ) ;
#1366 = ORIENTED_EDGE ( 'NONE', *, *, #2206, .F. ) ;
#1367 = EDGE_LOOP ( 'NONE', ( #868, #883, #2406, #1274 ) ) ;
#1368 = DIRECTION ( 'NONE',  ( 0.000000000000000000, 0.000000000000000000, -1.000000000000000000 ) ) ;
#1369 = EDGE_CURVE ( 'NONE', #3306, #2553, #2705, .T. ) ;
#1370 = CARTESIAN_POINT ( 'NONE',  ( 83.38477631085045516, 6.091687583267706430, 27.00000000000000355 ) ) ;
#1371 = EDGE_CURVE ( 'NONE', #16, #834, #2940, .T. ) ;
#1372 = VECTOR ( 'NONE', #14, 1000.000000000000114 ) ;
#1373 = DIRECTION ( 'NONE',  ( -1.000000000000000000, 0.000000000000000000, 0.000000000000000000 ) ) ;
#1374 = DIRECTION ( 'NONE',  ( -0.000000000000000000, -0.000000000000000000, 1.000000000000000000 ) ) ;
#1375 = CARTESIAN_POINT ( 'NONE',  ( 51.67624259836878053, 25.33463639576533311, 3.331898804074226561 ) ) ;
#1376 = LINE ( 'NONE', #3341, #1574 ) ;
#1377 = EDGE_CURVE ( 'NONE', #1641, #2341, #1524, .T. ) ;
#1378 = ORIENTED_EDGE ( 'NONE', *, *, #3410, .T. ) ;
#1379 = EDGE_LOOP ( 'NONE', ( #2784, #3244 ) ) ;
#1380 = CARTESIAN_POINT ( 'NONE',  ( 74.91244178553272093, 17.11179763143749355, 26.75353980459427561 ) ) ;
#1381 = CYLINDRICAL_SURFACE ( 'NONE', #445, 1.000000000000028644 ) ;
#1382 = ADVANCED_FACE ( 'NONE', ( #1569 ), #2922, .F. ) ;
#1383 = ORIENTED_EDGE ( 'NONE', *, *, #2448, .T. ) ;
#1384 = CARTESIAN_POINT ( 'NONE',  ( 71.79189490085961722, -25.32474933197072886, 21.54925421374010952 ) ) ;
#1385 = DIRECTION ( 'NONE',  ( -0.000000000000000000, -0.000000000000000000, 1.000000000000000000 ) ) ;
#1386 = VECTOR ( 'NONE', #2236, 1000.000000000000000 ) ;
#1387 = VERTEX_POINT ( 'NONE', #455 ) ;
#1388 = CIRCLE ( 'NONE', #914, 195.0000000000000000 ) ;
#1389 = CYLINDRICAL_SURFACE ( 'NONE', #3205, 1.549999999999999378 ) ;
#1390 = CARTESIAN_POINT ( 'NONE',  ( -22.38817675479875646, 15.96933128205086838, 3.000000000000000000 ) ) ;
#1391 = AXIS2_PLACEMENT_3D ( 'NONE', #2661, #228, #196 ) ;
#1392 = EDGE_LOOP ( 'NONE', ( #3318, #2032, #2411, #1065 ) ) ;
#1393 = CARTESIAN_POINT ( 'NONE',  ( -22.38817675479869251, -15.96933128205095898, 3.000000000000000000 ) ) ;
#1394 = CYLINDRICAL_SURFACE ( 'NONE', #2881, 9.999999999999991118 ) ;
#1395 = EDGE_CURVE ( 'NONE', #3062, #2969, #1552, .T. ) ;
#1396 = ORIENTED_EDGE ( 'NONE', *, *, #3403, .F. ) ;
#1397 = ORIENTED_EDGE ( 'NONE', *, *, #104, .T. ) ;
#1398 = CARTESIAN_POINT ( 'NONE',  ( 42.28151741064844771, 21.60790448760854687, 6.000000000000000000 ) ) ;
#1399 = DIRECTION ( 'NONE',  ( -0.000000000000000000, -0.000000000000000000, 1.000000000000000000 ) ) ;
#1400 = CIRCLE ( 'NONE', #1281, 1.000000000000000888 ) ;
#1401 = VERTEX_POINT ( 'NONE', #1587 ) ;
#1402 = DIRECTION ( 'NONE',  ( 1.000000000000000000, 0.000000000000000000, 0.000000000000000000 ) ) ;
#1403 = ORIENTED_EDGE ( 'NONE', *, *, #798, .F. ) ;
#1404 = VECTOR ( 'NONE', #1479, 1000.000000000000000 ) ;
#1405 = VECTOR ( 'NONE', #1299, 1000.000000000000000 ) ;
#1406 = ORIENTED_EDGE ( 'NONE', *, *, #1107, .F. ) ;
#1407 = LINE ( 'NONE', #2148, #815 ) ;
#1408 = DIRECTION ( 'NONE',  ( -1.000000000000000000, 0.000000000000000000, 0.000000000000000000 ) ) ;
#1409 = CIRCLE ( 'NONE', #3058, 1.000000000000000888 ) ;
#1410 = EDGE_CURVE ( 'NONE', #3447, #3286, #2327, .T. ) ;
#1411 = VERTEX_POINT ( 'NONE', #2653 ) ;
#1412 = CARTESIAN_POINT ( 'NONE',  ( -22.38817675479875646, 15.96933128205086838, 3.000000000000000000 ) ) ;
#1413 =( BOUNDED_CURVE ( )  B_SPLINE_CURVE ( 3, ( #1953, #2546, #890, #584 ),
 .UNSPECIFIED., .F., .T. ) 
 B_SPLINE_CURVE_WITH_KNOTS ( ( 4, 4 ),
 ( 4.458791134909709797, 4.650738281702677668 ),
 .UNSPECIFIED. ) 
 CURVE ( )  GEOMETRIC_REPRESENTATION_ITEM ( )  RATIONAL_B_SPLINE_CURVE ( ( 1.000000000000000000, 0.9969320470456077832, 0.9969320470456077832, 1.000000000000000000 ) ) 
 REPRESENTATION_ITEM ( '' )  );
#1414 = CARTESIAN_POINT ( 'NONE',  ( -15.96933128205087193, -22.38817675479876002, 3.000000000000000000 ) ) ;
#1415 = ORIENTED_EDGE ( 'NONE', *, *, #1522, .F. ) ;
#1416 = VERTEX_POINT ( 'NONE', #3156 ) ;
#1417 = LINE ( 'NONE', #1910, #859 ) ;
#1418 = CARTESIAN_POINT ( 'NONE',  ( 90.48772600796267795, -27.56327034715166135, 24.00000000000000000 ) ) ;
#1419 = ORIENTED_EDGE ( 'NONE', *, *, #1745, .F. ) ;
#1420 = CARTESIAN_POINT ( 'NONE',  ( 120.7812622533869842, -43.34920620125502211, 24.00000000000000000 ) ) ;
#1421 = EDGE_CURVE ( 'NONE', #3369, #3262, #692, .T. ) ;
#1422 = ORIENTED_EDGE ( 'NONE', *, *, #1760, .T. ) ;
#1423 = CARTESIAN_POINT ( 'NONE',  ( 15.96933128205087904, -22.38817675479875291, 27.00000000000000355 ) ) ;
#1424 = FACE_OUTER_BOUND ( 'NONE', #231, .T. ) ;
#1425 = VERTEX_POINT ( 'NONE', #165 ) ;
#1426 = CARTESIAN_POINT ( 'NONE',  ( 20.83817675479869891, 15.96933128205095542, 6.000000000000000000 ) ) ;
#1427 = DIRECTION ( 'NONE',  ( 1.000000000000000000, 0.000000000000000000, 0.000000000000000000 ) ) ;
#1428 = LINE ( 'NONE', #534, #754 ) ;
#1429 = AXIS2_PLACEMENT_3D ( 'NONE', #1624, #2165, #1408 ) ;
#1430 = ORIENTED_EDGE ( 'NONE', *, *, #628, .T. ) ;
#1431 = VERTEX_POINT ( 'NONE', #185 ) ;
#1432 = AXIS2_PLACEMENT_3D ( 'NONE', #2258, #3358, #1992 ) ;
#1433 = DIRECTION ( 'NONE',  ( -1.000000000000000000, 0.000000000000000000, 0.000000000000000000 ) ) ;
#1434 = EDGE_LOOP ( 'NONE', ( #3348, #428, #2163, #429 ) ) ;
#1435 = FACE_OUTER_BOUND ( 'NONE', #1475, .T. ) ;
#1436 = EDGE_CURVE ( 'NONE', #1990, #2420, #420, .T. ) ;
#1437 = EDGE_CURVE ( 'NONE', #2899, #2319, #1537, .T. ) ;
#1438 = ORIENTED_EDGE ( 'NONE', *, *, #721, .T. ) ;
#1439 = VERTEX_POINT ( 'NONE', #1863 ) ;
#1440 = CARTESIAN_POINT ( 'NONE',  ( 91.23246028348602010, -33.74540418451846335, 27.00000000000000355 ) ) ;
#1441 = DIRECTION ( 'NONE',  ( -0.000000000000000000, -0.000000000000000000, 1.000000000000000000 ) ) ;
#1442 = AXIS2_PLACEMENT_3D ( 'NONE', #2413, #145, #3255 ) ;
#1443 = ORIENTED_EDGE ( 'NONE', *, *, #763, .F. ) ;
#1444 = ORIENTED_EDGE ( 'NONE', *, *, #2723, .T. ) ;
#1445 = CIRCLE ( 'NONE', #3446, 1.549999999999999378 ) ;
#1446 = LINE ( 'NONE', #1769, #1170 ) ;
#1447 = DIRECTION ( 'NONE',  ( 1.000000000000000000, 0.000000000000000000, 0.000000000000000000 ) ) ;
#1448 = DIRECTION ( 'NONE',  ( -0.000000000000000000, -0.000000000000000000, 1.000000000000000000 ) ) ;
#1449 = AXIS2_PLACEMENT_3D ( 'NONE', #1633, #574, #263 ) ;
#1450 = VERTEX_POINT ( 'NONE', #201 ) ;
#1451 = ORIENTED_EDGE ( 'NONE', *, *, #1034, .F. ) ;
#1452 = DIRECTION ( 'NONE',  ( -0.000000000000000000, -0.000000000000000000, 1.000000000000000000 ) ) ;
#1453 = CARTESIAN_POINT ( 'NONE',  ( 113.7812622533867426, -13.51047932657571948, 27.00000000000000355 ) ) ;
#1454 = ADVANCED_FACE ( 'NONE', ( #2343 ), #399, .F. ) ;
#1455 = ORIENTED_EDGE ( 'NONE', *, *, #2183, .F. ) ;
#1456 = LINE ( 'NONE', #2845, #398 ) ;
#1457 = CIRCLE ( 'NONE', #1796, 194.9999999999999716 ) ;
#1458 = VECTOR ( 'NONE', #2012, 1000.000000000000000 ) ;
#1459 = VERTEX_POINT ( 'NONE', #133 ) ;
#1460 = CARTESIAN_POINT ( 'NONE',  ( 77.14213562373116417, 16.14804804698766105, 27.00000000000000355 ) ) ;
#1461 = FACE_OUTER_BOUND ( 'NONE', #957, .T. ) ;
#1462 = DIRECTION ( 'NONE',  ( 0.000000000000000000, 0.000000000000000000, -1.000000000000000000 ) ) ;
#1463 = EDGE_CURVE ( 'NONE', #2972, #1387, #3449, .T. ) ;
#1464 = ORIENTED_EDGE ( 'NONE', *, *, #2720, .T. ) ;
#1465 = VECTOR ( 'NONE', #2634, 1000.000000000000000 ) ;
#1466 = DIRECTION ( 'NONE',  ( 0.8660254037844361541, 0.5000000000000044409, 0.000000000000000000 ) ) ;
#1467 = AXIS2_PLACEMENT_3D ( 'NONE', #459, #732, #192 ) ;
#1468 = DIRECTION ( 'NONE',  ( 1.000000000000000000, 0.000000000000000000, 0.000000000000000000 ) ) ;
#1469 = CARTESIAN_POINT ( 'NONE',  ( 142.6555065600999797, -57.07047002361966292, 27.00000000000000355 ) ) ;
#1470 = EDGE_CURVE ( 'NONE', #397, #2515, #1816, .T. ) ;
#1471 = ORIENTED_EDGE ( 'NONE', *, *, #2183, .T. ) ;
#1472 = DIRECTION ( 'NONE',  ( 1.000000000000000000, 0.000000000000000000, 0.000000000000000000 ) ) ;
#1473 = CIRCLE ( 'NONE', #2835, 10.00000000000000888 ) ;
#1474 = CARTESIAN_POINT ( 'NONE',  ( 51.05934999807635677, 25.50993428016360198, 6.520699577589745388 ) ) ;
#1475 = EDGE_LOOP ( 'NONE', ( #249, #2708, #3466, #3323 ) ) ;
#1476 = DIRECTION ( 'NONE',  ( 1.000000000000000000, 0.000000000000000000, 0.000000000000000000 ) ) ;
#1477 = EDGE_CURVE ( 'NONE', #1504, #2404, #3521, .T. ) ;
#1478 = ORIENTED_EDGE ( 'NONE', *, *, #179, .T. ) ;
#1479 = DIRECTION ( 'NONE',  ( 0.000000000000000000, 0.000000000000000000, -1.000000000000000000 ) ) ;
#1480 = CARTESIAN_POINT ( 'NONE',  ( 148.6555065601000081, -46.35710482608354965, 24.00000000000000000 ) ) ;
#1481 = FACE_OUTER_BOUND ( 'NONE', #3379, .T. ) ;
#1482 = ORIENTED_EDGE ( 'NONE', *, *, #3314, .T. ) ;
#1483 = EDGE_CURVE ( 'NONE', #370, #1761, #3554, .T. ) ;
#1484 = DIRECTION ( 'NONE',  ( 0.000000000000000000, 0.000000000000000000, -1.000000000000000000 ) ) ;
#1485 = DIRECTION ( 'NONE',  ( 0.000000000000000000, 0.000000000000000000, -1.000000000000000000 ) ) ;
#1486 = DIRECTION ( 'NONE',  ( 1.000000000000000000, 0.000000000000000000, 0.000000000000000000 ) ) ;
#1487 = ORIENTED_EDGE ( 'NONE', *, *, #2279, .F. ) ;
#1488 = DIRECTION ( 'NONE',  ( 1.000000000000000000, 0.000000000000000000, 0.000000000000000000 ) ) ;
#1489 = DIRECTION ( 'NONE',  ( -1.000000000000000000, 0.000000000000000000, 0.000000000000000000 ) ) ;
#1490 = EDGE_CURVE ( 'NONE', #308, #2563, #1407, .T. ) ;
#1491 = VECTOR ( 'NONE', #2814, 1000.000000000000000 ) ;
#1492 = VERTEX_POINT ( 'NONE', #2735 ) ;
#1493 = CARTESIAN_POINT ( 'NONE',  ( 24.08274774922728767, 24.56252850066889337, 27.00000000000000355 ) ) ;
#1494 = EDGE_LOOP ( 'NONE', ( #2547, #1724, #3553, #1252 ) ) ;
#1495 = DIRECTION ( 'NONE',  ( 8.157696694311015800E-15, -1.000000000000000000, 0.000000000000000000 ) ) ;
#1496 = FACE_OUTER_BOUND ( 'NONE', #637, .T. ) ;
#1497 = CARTESIAN_POINT ( 'NONE',  ( 148.6555065600999797, -60.36844348751504441, 27.00000000000000355 ) ) ;
#1498 = ADVANCED_FACE ( 'NONE', ( #271 ), #814, .F. ) ;
#1499 = EDGE_LOOP ( 'NONE', ( #1662, #2356, #3411, #1837 ) ) ;
#1500 = CARTESIAN_POINT ( 'NONE',  ( 83.38477631085045516, 6.091687583267706430, 24.00000000000000000 ) ) ;
#1501 = CARTESIAN_POINT ( 'NONE',  ( 10.73036235624504009, -31.20671920762702456, 27.00000000000000355 ) ) ;
#1502 = DIRECTION ( 'NONE',  ( 1.000000000000000000, 0.000000000000000000, 0.000000000000000000 ) ) ;
#1503 = CIRCLE ( 'NONE', #2921, 0.9999999999999731326 ) ;
#1504 = VERTEX_POINT ( 'NONE', #3245 ) ;
#1505 = CARTESIAN_POINT ( 'NONE',  ( 93.80948905120386883, -29.46067283583923668, 24.00000000000000000 ) ) ;
#1506 = CARTESIAN_POINT ( 'NONE',  ( 138.6188095650339278, -33.62804372838233746, 27.00000000000000355 ) ) ;
#1507 = VECTOR ( 'NONE', #331, 1000.000000000000000 ) ;
#1508 = EDGE_LOOP ( 'NONE', ( #1415, #3065, #3469, #2018 ) ) ;
#1509 = ORIENTED_EDGE ( 'NONE', *, *, #2485, .F. ) ;
#1510 = ORIENTED_EDGE ( 'NONE', *, *, #1836, .F. ) ;
#1511 = VECTOR ( 'NONE', #266, 1000.000000000000000 ) ;
#1512 = ORIENTED_EDGE ( 'NONE', *, *, #3060, .T. ) ;
#1513 = VECTOR ( 'NONE', #774, 1000.000000000000000 ) ;
#1514 = LINE ( 'NONE', #2073, #1054 ) ;
#1515 = LINE ( 'NONE', #671, #2118 ) ;
#1516 = FACE_BOUND ( 'NONE', #1949, .T. ) ;
#1517 = CIRCLE ( 'NONE', #2422, 1.549999999999877920 ) ;
#1518 = EDGE_CURVE ( 'NONE', #3520, #370, #2250, .T. ) ;
#1519 = ORIENTED_EDGE ( 'NONE', *, *, #1144, .T. ) ;
#1520 = CARTESIAN_POINT ( 'NONE',  ( 42.28151741064844771, 21.60790448760854687, 27.00000000000000355 ) ) ;
#1521 = CARTESIAN_POINT ( 'NONE',  ( -3.300670485102710217, -166.9610859287279538, 27.00000000000000355 ) ) ;
#1522 = EDGE_CURVE ( 'NONE', #105, #3020, #3316, .T. ) ;
#1523 = CARTESIAN_POINT ( 'NONE',  ( 71.31370849898500808, -25.19257296694198089, 21.07106781186551103 ) ) ;
#1524 = CIRCLE ( 'NONE', #2082, 1.549999999999999378 ) ;
#1525 = VECTOR ( 'NONE', #2188, 1000.000000000000000 ) ;
#1526 = ORIENTED_EDGE ( 'NONE', *, *, #1700, .T. ) ;
#1527 = DIRECTION ( 'NONE',  ( 0.000000000000000000, 0.000000000000000000, -1.000000000000000000 ) ) ;
#1528 = CARTESIAN_POINT ( 'NONE',  ( 56.17157287525380838, -22.53951294926637061, 5.928932188134474757 ) ) ;
#1529 = ORIENTED_EDGE ( 'NONE', *, *, #2976, .T. ) ;
#1530 = AXIS2_PLACEMENT_3D ( 'NONE', #1126, #38, #2466 ) ;
#1531 =( NAMED_UNIT ( * ) PLANE_ANGLE_UNIT ( ) SI_UNIT ( $, .RADIAN. ) );
#1532 = ORIENTED_EDGE ( 'NONE', *, *, #862, .F. ) ;
#1533 = CARTESIAN_POINT ( 'NONE',  ( 66.35936929311725407, -23.82313513938383664, 16.11672860599780677 ) ) ;
#1534 = LINE ( 'NONE', #394, #2689 ) ;
#1535 = DIRECTION ( 'NONE',  ( -0.000000000000000000, -0.000000000000000000, 1.000000000000000000 ) ) ;
#1536 = ORIENTED_EDGE ( 'NONE', *, *, #1114, .F. ) ;
#1537 = LINE ( 'NONE', #2601, #2887 ) ;
#1538 = EDGE_CURVE ( 'NONE', #1387, #2222, #253, .T. ) ;
#1539 = CARTESIAN_POINT ( 'NONE',  ( 24.08274774922728767, 24.56252850066889337, 27.00000000000000355 ) ) ;
#1540 = ORIENTED_EDGE ( 'NONE', *, *, #978, .F. ) ;
#1541 = LINE ( 'NONE', #3488, #3291 ) ;
#1542 = CARTESIAN_POINT ( 'NONE',  ( -1.549999999999999822, -29.00000000000000000, 27.00000000000000355 ) ) ;
#1543 = EDGE_LOOP ( 'NONE', ( #2930, #470, #2316, #775, #1818, #2397, #3012, #982, #1815, #879, #597, #661 ) ) ;
#1544 = DIRECTION ( 'NONE',  ( 0.000000000000000000, 0.000000000000000000, -1.000000000000000000 ) ) ;
#1545 = VECTOR ( 'NONE', #2453, 1000.000000000000000 ) ;
#1546 = ORIENTED_EDGE ( 'NONE', *, *, #2365, .F. ) ;
#1547 = DIRECTION ( 'NONE',  ( -0.000000000000000000, -0.000000000000000000, 1.000000000000000000 ) ) ;
#1548 = AXIS2_PLACEMENT_3D ( 'NONE', #3501, #3175, #2384 ) ;
#1549 = LINE ( 'NONE', #2903, #2748 ) ;
#1550 = CARTESIAN_POINT ( 'NONE',  ( 155.9447829456342163, -56.15997780412929075, 24.00000000000000000 ) ) ;
#1551 = ORIENTED_EDGE ( 'NONE', *, *, #2344, .F. ) ;
#1552 = LINE ( 'NONE', #1262, #528 ) ;
#1553 = DIRECTION ( 'NONE',  ( 0.8660254037844327124, 0.5000000000000102141, 0.000000000000000000 ) ) ;
#1554 = EDGE_LOOP ( 'NONE', ( #497, #464, #1397, #2801, #2992, #3310, #2920 ) ) ;
#1555 = DIRECTION ( 'NONE',  ( -0.000000000000000000, -0.000000000000000000, 1.000000000000000000 ) ) ;
#1556 = DIRECTION ( 'NONE',  ( -0.000000000000000000, -0.000000000000000000, -1.000000000000000000 ) ) ;
#1557 = ORIENTED_EDGE ( 'NONE', *, *, #1230, .F. ) ;
#1558 = AXIS2_PLACEMENT_3D ( 'NONE', #2439, #2719, #800 ) ;
#1559 = CARTESIAN_POINT ( 'NONE',  ( 27.51666035628747764, -19.29207349300319052, 27.00000000000000355 ) ) ;
#1560 = EDGE_LOOP ( 'NONE', ( #1241, #3329, #2915, #127 ) ) ;
#1561 = ADVANCED_FACE ( 'NONE', ( #218 ), #290, .T. ) ;
#1562 = AXIS2_PLACEMENT_3D ( 'NONE', #2085, #2910, #1833 ) ;
#1563 = ORIENTED_EDGE ( 'NONE', *, *, #2681, .T. ) ;
#1564 = DIRECTION ( 'NONE',  ( 0.000000000000000000, 0.000000000000000000, -1.000000000000000000 ) ) ;
#1565 = LINE ( 'NONE', #3169, #3401 ) ;
#1566 = VERTEX_POINT ( 'NONE', #2698 ) ;
#1567 = EDGE_LOOP ( 'NONE', ( #182, #660, #90, #2354 ) ) ;
#1568 = AXIS2_PLACEMENT_3D ( 'NONE', #3511, #1839, #1613 ) ;
#1569 = FACE_OUTER_BOUND ( 'NONE', #1784, .T. ) ;
#1570 = EDGE_CURVE ( 'NONE', #3187, #308, #2942, .T. ) ;
#1571 = VECTOR ( 'NONE', #981, 1000.000000000000000 ) ;
#1572 = DIRECTION ( 'NONE',  ( -0.000000000000000000, -0.000000000000000000, 1.000000000000000000 ) ) ;
#1573 = CARTESIAN_POINT ( 'NONE',  ( 24.00000000000000355, 0.000000000000000000, 27.00000000000000355 ) ) ;
#1574 = VECTOR ( 'NONE', #878, 1000.000000000000000 ) ;
#1575 = ORIENTED_EDGE ( 'NONE', *, *, #831, .F. ) ;
#1576 = LINE ( 'NONE', #1320, #645 ) ;
#1577 = CARTESIAN_POINT ( 'NONE',  ( 15.96933128205087549, 22.38817675479875646, 3.000000000000000000 ) ) ;
#1578 = EDGE_CURVE ( 'NONE', #2330, #757, #12, .T. ) ;
#1579 = VERTEX_POINT ( 'NONE', #237 ) ;
#1580 = CARTESIAN_POINT ( 'NONE',  ( 70.07106781186573130, 19.09424997777375665, 24.07106781186552880 ) ) ;
#1581 = CIRCLE ( 'NONE', #1968, 1.549999999999995826 ) ;
#1582 = EDGE_LOOP ( 'NONE', ( #3493, #2084, #389, #2558 ) ) ;
#1583 = ADVANCED_FACE ( 'NONE', ( #2452 ), #1389, .F. ) ;
#1584 = CARTESIAN_POINT ( 'NONE',  ( 84.88477631085042674, -23.26567003385797960, 27.00000000000000355 ) ) ;
#1585 = CYLINDRICAL_SURFACE ( 'NONE', #778, 1.549999999999995826 ) ;
#1586 = EDGE_LOOP ( 'NONE', ( #1939, #2191, #918, #2956 ) ) ;
#1587 = CARTESIAN_POINT ( 'NONE',  ( 23.98700034849685281, -26.64845313883565225, 3.000000000000000000 ) ) ;
#1588 = CARTESIAN_POINT ( 'NONE',  ( 54.92893218813453871, 24.37451810909071881, 8.928932188134488968 ) ) ;
#1589 = FACE_OUTER_BOUND ( 'NONE', #1543, .T. ) ;
#1590 = CARTESIAN_POINT ( 'NONE',  ( 53.14687848848726759, -22.36256420280635027, 7.506933179612549800 ) ) ;
#1591 = ORIENTED_EDGE ( 'NONE', *, *, #2743, .F. ) ;
#1592 = DIRECTION ( 'NONE',  ( -0.000000000000000000, -0.000000000000000000, 1.000000000000000000 ) ) ;
#1593 = DIRECTION ( 'NONE',  ( 0.000000000000000000, 1.000000000000000000, 0.000000000000000000 ) ) ;
#1594 = ADVANCED_FACE ( 'NONE', ( #488 ), #547, .F. ) ;
#1595 = ORIENTED_EDGE ( 'NONE', *, *, #1607, .T. ) ;
#1596 = CARTESIAN_POINT ( 'NONE',  ( 73.99940527296952553, 17.49794355827502557, 23.01106035742464684 ) ) ;
#1597 = ORIENTED_EDGE ( 'NONE', *, *, #1644, .F. ) ;
#1598 = CARTESIAN_POINT ( 'NONE',  ( 157.0595205269191865, -65.05618350206425760, 24.00000000000000000 ) ) ;
#1599 = CYLINDRICAL_SURFACE ( 'NONE', #10, 24.00000000000000355 ) ;
#1600 = AXIS2_PLACEMENT_3D ( 'NONE', #672, #1843, #395 ) ;
#1601 = EDGE_CURVE ( 'NONE', #1896, #3419, #2462, .T. ) ;
#1602 = ORIENTED_EDGE ( 'NONE', *, *, #1280, .F. ) ;
#1603 = AXIS2_PLACEMENT_3D ( 'NONE', #1786, #1153, #1427 ) ;
#1604 = CARTESIAN_POINT ( 'NONE',  ( 156.4447829456342447, -57.02600320791371047, 27.00000000000000355 ) ) ;
#1605 = CARTESIAN_POINT ( 'NONE',  ( 142.6555065601000081, -39.38035940029874382, 27.00000000000000355 ) ) ;
#1606 = DIRECTION ( 'NONE',  ( 0.000000000000000000, 0.000000000000000000, 1.000000000000000000 ) ) ;
#1607 = EDGE_CURVE ( 'NONE', #2716, #2895, #851, .T. ) ;
#1608 = DIRECTION ( 'NONE',  ( 0.8569462697358452008, -0.5154057535435746518, 0.000000000000000000 ) ) ;
#1609 = DIRECTION ( 'NONE',  ( 0.000000000000000000, 0.000000000000000000, -1.000000000000000000 ) ) ;
#1610 = DIRECTION ( 'NONE',  ( 0.000000000000000000, 0.000000000000000000, -1.000000000000000000 ) ) ;
#1611 = CARTESIAN_POINT ( 'NONE',  ( 42.63856113714639662, -16.70854568867653001, 6.000000000000000000 ) ) ;
#1612 = EDGE_LOOP ( 'NONE', ( #792, #3043, #2459, #1655 ) ) ;
#1613 = DIRECTION ( 'NONE',  ( 1.000000000000000000, 0.000000000000000000, 0.000000000000000000 ) ) ;
#1614 = CARTESIAN_POINT ( 'NONE',  ( 138.3451986374572868, -32.94076000570014884, 24.00000000000000000 ) ) ;
#1615 = AXIS2_PLACEMENT_3D ( 'NONE', #1183, #633, #1988 ) ;
#1616 = VECTOR ( 'NONE', #2481, 1000.000000000000000 ) ;
#1617 = ORIENTED_EDGE ( 'NONE', *, *, #1377, .F. ) ;
#1618 = DIRECTION ( 'NONE',  ( -0.000000000000000000, -0.000000000000000000, 1.000000000000000000 ) ) ;
#1619 = LINE ( 'NONE', #1051, #2760 ) ;
#1620 =( BOUNDED_CURVE ( )  B_SPLINE_CURVE ( 3, ( #1588, #149, #2891, #2062 ),
 .UNSPECIFIED., .F., .T. ) 
 B_SPLINE_CURVE_WITH_KNOTS ( ( 4, 4 ),
 ( 1.866222945522751475, 1.946426343265855730 ),
 .UNSPECIFIED. ) 
 CURVE ( )  GEOMETRIC_REPRESENTATION_ITEM ( )  RATIONAL_B_SPLINE_CURVE ( ( 1.000000000000000000, 0.9994640230824202165, 0.9994640230824202165, 1.000000000000000000 ) ) 
 REPRESENTATION_ITEM ( '' )  );
#1621 = ORIENTED_EDGE ( 'NONE', *, *, #311, .F. ) ;
#1622 = CARTESIAN_POINT ( 'NONE',  ( 43.10050506338838261, 11.82199566218367437, 27.00000000000000355 ) ) ;
#1623 = ADVANCED_BREP_SHAPE_REPRESENTATION ( '\X2\5927817f59164fa7\X0\-R', ( #483, #64 ), #2360 ) ;
#1624 = CARTESIAN_POINT ( 'NONE',  ( 155.9447829456342163, -56.15997780412929075, 27.00000000000000355 ) ) ;
#1625 = MECHANICAL_DESIGN_GEOMETRIC_PRESENTATION_REPRESENTATION (  '', ( #3105 ), #3333 ) ;
#1626 = CARTESIAN_POINT ( 'NONE',  ( 91.23246028348602010, -33.74540418451846335, 27.00000000000000355 ) ) ;
#1627 = CARTESIAN_POINT ( 'NONE',  ( 42.34215503053871998, 12.47384321159759146, 6.000000000000000000 ) ) ;
#1628 = AXIS2_PLACEMENT_3D ( 'NONE', #768, #1854, #225 ) ;
#1629 = ADVANCED_FACE ( 'NONE', ( #3537 ), #1070, .T. ) ;
#1630 = DIRECTION ( 'NONE',  ( 1.000000000000000000, 0.000000000000000000, 0.000000000000000000 ) ) ;
#1631 = CARTESIAN_POINT ( 'NONE',  ( 113.2812622533867568, -12.64445392279127667, 27.00000000000000355 ) ) ;
#1632 = VERTEX_POINT ( 'NONE', #796 ) ;
#1633 = CARTESIAN_POINT ( 'NONE',  ( 0.000000000000000000, 29.00000000000000000, 6.000000000000000000 ) ) ;
#1634 = DIRECTION ( 'NONE',  ( 1.000000000000000000, 0.000000000000000000, 0.000000000000000000 ) ) ;
#1635 = CIRCLE ( 'NONE', #2541, 1.549999999999999378 ) ;
#1636 = ORIENTED_EDGE ( 'NONE', *, *, #2386, .T. ) ;
#1637 = DIRECTION ( 'NONE',  ( -0.000000000000000000, -0.000000000000000000, 1.000000000000000000 ) ) ;
#1638 = VECTOR ( 'NONE', #3397, 1000.000000000000227 ) ;
#1639 = CARTESIAN_POINT ( 'NONE',  ( 84.38477631085044095, -22.39964463007353856, 27.00000000000000355 ) ) ;
#1640 = VERTEX_POINT ( 'NONE', #2758 ) ;
#1641 = VERTEX_POINT ( 'NONE', #2993 ) ;
#1642 = AXIS2_PLACEMENT_3D ( 'NONE', #1765, #3427, #3443 ) ;
#1643 = CARTESIAN_POINT ( 'NONE',  ( 147.6555065600999797, -60.36844348751505862, 27.00000000000000355 ) ) ;
#1644 = EDGE_CURVE ( 'NONE', #553, #335, #527, .T. ) ;
#1645 = DIRECTION ( 'NONE',  ( 1.000000000000000000, 0.000000000000000000, 0.000000000000000000 ) ) ;
#1646 = CARTESIAN_POINT ( 'NONE',  ( 54.46254969755698738, -22.42430067174786501, 8.462549697556953632 ) ) ;
#1647 = ADVANCED_FACE ( 'NONE', ( #1748 ), #376, .F. ) ;
#1648 = ORIENTED_EDGE ( 'NONE', *, *, #2624, .T. ) ;
#1649 = CARTESIAN_POINT ( 'NONE',  ( 52.61270255950186225, 25.06441800836254785, 3.631347021065585157 ) ) ;
#1650 = CARTESIAN_POINT ( 'NONE',  ( 77.14213562373116417, -27.04617586651497518, 27.00000000000000355 ) ) ;
#1651 = VERTEX_POINT ( 'NONE', #1440 ) ;
#1652 = ORIENTED_EDGE ( 'NONE', *, *, #172, .F. ) ;
#1653 = LINE ( 'NONE', #2727, #3392 ) ;
#1654 = DIRECTION ( 'NONE',  ( 1.000000000000000000, 0.000000000000000000, 0.000000000000000000 ) ) ;
#1655 = ORIENTED_EDGE ( 'NONE', *, *, #136, .F. ) ;
#1656 = FACE_OUTER_BOUND ( 'NONE', #1337, .T. ) ;
#1657 = LINE ( 'NONE', #123, #1040 ) ;
#1658 = ORIENTED_EDGE ( 'NONE', *, *, #158, .F. ) ;
#1659 = EDGE_LOOP ( 'NONE', ( #809, #2826, #864, #1229, #2594, #731, #1711 ) ) ;
#1660 = CARTESIAN_POINT ( 'NONE',  ( 41.63856113714640372, -16.70854568867653001, 6.000000000000000000 ) ) ;
#1661 = CARTESIAN_POINT ( 'NONE',  ( -3.300670485102710217, -166.9610859287279538, 24.00000000000000000 ) ) ;
#1662 = ORIENTED_EDGE ( 'NONE', *, *, #3256, .T. ) ;
#1663 = CARTESIAN_POINT ( 'NONE',  ( 90.96405219629164662, -26.68400169519597043, 24.00000000000000000 ) ) ;
#1664 = DIRECTION ( 'NONE',  ( -9.741761251385846116E-16, -1.000000000000000000, -0.000000000000000000 ) ) ;
#1665 = CARTESIAN_POINT ( 'NONE',  ( -22.38817675479869251, -15.96933128205095898, 6.000000000000000000 ) ) ;
#1666 = ORIENTED_EDGE ( 'NONE', *, *, #3474, .F. ) ;
#1667 = VERTEX_POINT ( 'NONE', #2777 ) ;
#1668 = ORIENTED_EDGE ( 'NONE', *, *, #2892, .F. ) ;
#1669 = DIRECTION ( 'NONE',  ( 0.000000000000000000, 0.000000000000000000, -1.000000000000000000 ) ) ;
#1670 = FACE_OUTER_BOUND ( 'NONE', #1708, .T. ) ;
#1671 = ORIENTED_EDGE ( 'NONE', *, *, #613, .T. ) ;
#1672 = CARTESIAN_POINT ( 'NONE',  ( 32.93878742935740433, 0.000000000000000000, 3.000000000000000000 ) ) ;
#1673 = EDGE_CURVE ( 'NONE', #1504, #3477, #3327, .T. ) ;
#1674 = ORIENTED_EDGE ( 'NONE', *, *, #828, .T. ) ;
#1675 = ORIENTED_EDGE ( 'NONE', *, *, #343, .F. ) ;
#1676 = DIRECTION ( 'NONE',  ( 0.000000000000000000, 0.000000000000000000, -1.000000000000000000 ) ) ;
#1677 = CARTESIAN_POINT ( 'NONE',  ( 54.92893218813453871, 24.37451810909071881, 8.928932188134488968 ) ) ;
#1678 = ORIENTED_EDGE ( 'NONE', *, *, #721, .F. ) ;
#1679 = ADVANCED_FACE ( 'NONE', ( #1496 ), #3372, .F. ) ;
#1680 = CARTESIAN_POINT ( 'NONE',  ( 56.17157287525378706, 23.99192470395763976, 5.928932188134451664 ) ) ;
#1681 = CARTESIAN_POINT ( 'NONE',  ( 113.2658564998433945, -41.16260104328431879, 24.00000000000000000 ) ) ;
#1682 = VECTOR ( 'NONE', #2121, 1000.000000000000000 ) ;
#1683 = VECTOR ( 'NONE', #1821, 1000.000000000000000 ) ;
#1684 = AXIS2_PLACEMENT_3D ( 'NONE', #2883, #3370, #430 ) ;
#1685 = ORIENTED_EDGE ( 'NONE', *, *, #436, .F. ) ;
#1686 = CARTESIAN_POINT ( 'NONE',  ( -3.300670485102710217, -166.9610859287279538, 27.00000000000000355 ) ) ;
#1687 = CARTESIAN_POINT ( 'NONE',  ( 120.7812622533869842, -43.34920620125502211, 27.00000000000000355 ) ) ;
#1688 = EDGE_CURVE ( 'NONE', #3150, #847, #1503, .T. ) ;
#1689 = ORIENTED_EDGE ( 'NONE', *, *, #2787, .F. ) ;
#1690 = CIRCLE ( 'NONE', #3221, 1.000000000000007772 ) ;
#1691 = CARTESIAN_POINT ( 'NONE',  ( -22.38817675479869251, -15.96933128205095898, 6.000000000000000000 ) ) ;
#1692 = VECTOR ( 'NONE', #3500, 1000.000000000000000 ) ;
#1693 = ADVANCED_FACE ( 'NONE', ( #2504, #42, #652, #1146, #3099, #3119, #2254 ), #2849, .T. ) ;
#1694 = EDGE_LOOP ( 'NONE', ( #752, #2507, #1383, #2147 ) ) ;
#1695 = DIRECTION ( 'NONE',  ( -0.000000000000000000, -0.000000000000000000, 1.000000000000000000 ) ) ;
#1696 = DIRECTION ( 'NONE',  ( 0.000000000000000000, 0.000000000000000000, -1.000000000000000000 ) ) ;
#1697 = ORIENTED_EDGE ( 'NONE', *, *, #3107, .F. ) ;
#1698 = CARTESIAN_POINT ( 'NONE',  ( 55.18340471847997719, 24.29773386880674124, 5.035991178959329240 ) ) ;
#1699 = CARTESIAN_POINT ( 'NONE',  ( 72.75151247819165690, -25.60390283507572917, 25.99062154523845436 ) ) ;
#1700 = EDGE_CURVE ( 'NONE', #1841, #623, #386, .T. ) ;
#1701 = VERTEX_POINT ( 'NONE', #95 ) ;
#1702 = EDGE_LOOP ( 'NONE', ( #699, #591, #41, #1801 ) ) ;
#1703 = CARTESIAN_POINT ( 'NONE',  ( 73.97731208798292357, 17.50632928140644040, 26.49153287354231878 ) ) ;
#1704 = EDGE_CURVE ( 'NONE', #3155, #1768, #1199, .T. ) ;
#1705 = ORIENTED_EDGE ( 'NONE', *, *, #582, .T. ) ;
#1706 = DIRECTION ( 'NONE',  ( 1.000000000000000000, 0.000000000000000000, 0.000000000000000000 ) ) ;
#1707 = VERTEX_POINT ( 'NONE', #616 ) ;
#1708 = EDGE_LOOP ( 'NONE', ( #3054, #1872, #650, #2087 ) ) ;
#1709 = DIRECTION ( 'NONE',  ( -0.000000000000000000, -0.000000000000000000, 1.000000000000000000 ) ) ;
#1710 = CARTESIAN_POINT ( 'NONE',  ( 109.5474930788881238, -8.449293599694081891, 24.00000000000000000 ) ) ;
#1711 = ORIENTED_EDGE ( 'NONE', *, *, #3389, .F. ) ;
#1712 = DIRECTION ( 'NONE',  ( 0.7583500328496572962, -0.6518475494139128745, 0.000000000000000000 ) ) ;
#1713 = CARTESIAN_POINT ( 'NONE',  ( 109.0474930788881522, -9.315319003478546023, 27.00000000000000355 ) ) ;
#1714 = EDGE_CURVE ( 'NONE', #1632, #1237, #2410, .T. ) ;
#1715 = DIRECTION ( 'NONE',  ( -0.000000000000000000, -0.000000000000000000, 1.000000000000000000 ) ) ;
#1716 = VECTOR ( 'NONE', #3031, 1000.000000000000227 ) ;
#1717 = ORIENTED_EDGE ( 'NONE', *, *, #1490, .T. ) ;
#1718 = VERTEX_POINT ( 'NONE', #3393 ) ;
#1719 = CIRCLE ( 'NONE', #2506, 0.9999999999999731326 ) ;
#1720 = LINE ( 'NONE', #2802, #1507 ) ;
#1721 = DIRECTION ( 'NONE',  ( -0.000000000000000000, -0.000000000000000000, 1.000000000000000000 ) ) ;
#1722 = ORIENTED_EDGE ( 'NONE', *, *, #1023, .T. ) ;
#1723 = CARTESIAN_POINT ( 'NONE',  ( 90.96405219629164662, -26.68400169519597043, 27.00000000000000355 ) ) ;
#1724 = ORIENTED_EDGE ( 'NONE', *, *, #1860, .F. ) ;
#1725 = PLANE ( 'NONE',  #2129 ) ;
#1726 = DIRECTION ( 'NONE',  ( 1.000000000000000000, 0.000000000000000000, 0.000000000000000000 ) ) ;
#1727 = CYLINDRICAL_SURFACE ( 'NONE', #3309, 1.549999999999995826 ) ;
#1728 = CIRCLE ( 'NONE', #2175, 0.9999999999999870104 ) ;
#1729 = EDGE_CURVE ( 'NONE', #2404, #939, #972, .T. ) ;
#1730 = ORIENTED_EDGE ( 'NONE', *, *, #195, .T. ) ;
#1731 = CIRCLE ( 'NONE', #625, 1.000000000000000888 ) ;
#1732 = CARTESIAN_POINT ( 'NONE',  ( -15.96933128205087193, -22.38817675479876002, 6.000000000000000000 ) ) ;
#1733 = DIRECTION ( 'NONE',  ( -0.000000000000000000, -0.000000000000000000, 1.000000000000000000 ) ) ;
#1734 = DIRECTION ( 'NONE',  ( 0.000000000000000000, 0.000000000000000000, -1.000000000000000000 ) ) ;
#1735 = AXIS2_PLACEMENT_3D ( 'NONE', #1398, #860, #844 ) ;
#1736 = ADVANCED_FACE ( 'NONE', ( #3047 ), #59, .F. ) ;
#1737 = ORIENTED_EDGE ( 'NONE', *, *, #1044, .T. ) ;
#1738 = DIRECTION ( 'NONE',  ( -0.000000000000000000, -0.000000000000000000, 1.000000000000000000 ) ) ;
#1739 = CARTESIAN_POINT ( 'NONE',  ( 49.10050506338838261, -22.30616274284877321, 3.000000000000000000 ) ) ;
#1740 = AXIS2_PLACEMENT_3D ( 'NONE', #1493, #1212, #975 ) ;
#1741 = ORIENTED_EDGE ( 'NONE', *, *, #2264, .F. ) ;
#1742 = LINE ( 'NONE', #2827, #983 ) ;
#1743 = AXIS2_PLACEMENT_3D ( 'NONE', #937, #626, #953 ) ;
#1744 = CIRCLE ( 'NONE', #2699, 1.000000000000028644 ) ;
#1745 = EDGE_CURVE ( 'NONE', #1579, #2988, #1206, .T. ) ;
#1746 = ORIENTED_EDGE ( 'NONE', *, *, #2796, .T. ) ;
#1747 = DIRECTION ( 'NONE',  ( 0.000000000000000000, 0.000000000000000000, -1.000000000000000000 ) ) ;
#1748 = FACE_OUTER_BOUND ( 'NONE', #2069, .T. ) ;
#1749 = DIRECTION ( 'NONE',  ( -0.000000000000000000, -0.000000000000000000, 1.000000000000000000 ) ) ;
#1750 = EDGE_CURVE ( 'NONE', #29, #1194, #106, .T. ) ;
#1751 = ORIENTED_EDGE ( 'NONE', *, *, #1957, .T. ) ;
#1752 = DIRECTION ( 'NONE',  ( 1.000000000000000000, 7.768817096539476669E-15, 0.000000000000000000 ) ) ;
#1753 = EDGE_CURVE ( 'NONE', #3117, #3131, #736, .T. ) ;
#1754 = AXIS2_PLACEMENT_3D ( 'NONE', #2722, #1940, #3250 ) ;
#1755 = DIRECTION ( 'NONE',  ( -0.000000000000000000, -0.000000000000000000, 1.000000000000000000 ) ) ;
#1756 = CARTESIAN_POINT ( 'NONE',  ( 84.88477631085042674, -23.26567003385797960, 24.00000000000000000 ) ) ;
#1757 = ORIENTED_EDGE ( 'NONE', *, *, #1230, .T. ) ;
#1758 = DIRECTION ( 'NONE',  ( 0.8569462697358452008, -0.5154057535435747628, 0.000000000000000000 ) ) ;
#1759 = LINE ( 'NONE', #898, #1904 ) ;
#1760 = EDGE_CURVE ( 'NONE', #414, #3262, #622, .T. ) ;
#1761 = VERTEX_POINT ( 'NONE', #2813 ) ;
#1762 = CARTESIAN_POINT ( 'NONE',  ( 31.80664254734248786, 9.421586223734831123, 3.000000000000000000 ) ) ;
#1763 = ADVANCED_FACE ( 'NONE', ( #1461 ), #129, .F. ) ;
#1764 = ORIENTED_EDGE ( 'NONE', *, *, #558, .F. ) ;
#1765 = CARTESIAN_POINT ( 'NONE',  ( 108.5474930788880954, -8.449293599694081891, 24.00000000000000000 ) ) ;
#1766 = DIRECTION ( 'NONE',  ( -0.000000000000000000, -0.000000000000000000, 1.000000000000000000 ) ) ;
#1767 = PLANE ( 'NONE',  #1017 ) ;
#1768 = VERTEX_POINT ( 'NONE', #1614 ) ;
#1769 = CARTESIAN_POINT ( 'NONE',  ( 84.88477631085042674, -23.26567003385797960, 24.00000000000000000 ) ) ;
#1770 = FACE_OUTER_BOUND ( 'NONE', #1560, .T. ) ;
#1771 = CARTESIAN_POINT ( 'NONE',  ( 0.000000000000000000, 29.00000000000000000, 27.00000000000000355 ) ) ;
#1772 = ORIENTED_EDGE ( 'NONE', *, *, #2916, .F. ) ;
#1773 = DIRECTION ( 'NONE',  ( -0.8660254037844326014, -0.5000000000000104361, 0.000000000000000000 ) ) ;
#1774 = AXIS2_PLACEMENT_3D ( 'NONE', #1605, #816, #1331 ) ;
#1775 = CARTESIAN_POINT ( 'NONE',  ( 49.76092257209680980, -22.29873674587068777, 2.999999999999996003 ) ) ;
#1776 = CIRCLE ( 'NONE', #670, 1.000000000000000888 ) ;
#1777 = ORIENTED_EDGE ( 'NONE', *, *, #2482, .T. ) ;
#1778 = CARTESIAN_POINT ( 'NONE',  ( 50.00000000000000000, -102.3011057633860901, 27.00000000000000355 ) ) ;
#1779 = ORIENTED_EDGE ( 'NONE', *, *, #1794, .F. ) ;
#1780 = EDGE_CURVE ( 'NONE', #1927, #140, #1549, .T. ) ;
#1781 = LINE ( 'NONE', #2305, #520 ) ;
#1782 = DIRECTION ( 'NONE',  ( 0.000000000000000000, 0.000000000000000000, -1.000000000000000000 ) ) ;
#1783 = FACE_OUTER_BOUND ( 'NONE', #3252, .T. ) ;
#1784 = EDGE_LOOP ( 'NONE', ( #1509, #1832, #2361, #3033 ) ) ;
#1785 = CARTESIAN_POINT ( 'NONE',  ( -17.51933128205095969, 22.38817675479869607, 3.000000000000000000 ) ) ;
#1786 = CARTESIAN_POINT ( 'NONE',  ( 6.071532165918824830E-15, -27.00000000000003197, 27.00000000000000355 ) ) ;
#1787 = DIRECTION ( 'NONE',  ( -0.5154057535435747628, -0.8569462697358452008, 0.000000000000000000 ) ) ;
#1788 = VERTEX_POINT ( 'NONE', #2057 ) ;
#1789 = CARTESIAN_POINT ( 'NONE',  ( 141.6555065600999512, -57.07047002361964871, 27.00000000000000355 ) ) ;
#1790 = CARTESIAN_POINT ( 'NONE',  ( 50.11861998209712254, 25.77315683296285087, 6.253503044578335945 ) ) ;
#1791 = ORIENTED_EDGE ( 'NONE', *, *, #2291, .F. ) ;
#1792 = EDGE_CURVE ( 'NONE', #1579, #1667, #1342, .T. ) ;
#1793 = CIRCLE ( 'NONE', #2819, 1.000000000000000888 ) ;
#1794 = EDGE_CURVE ( 'NONE', #1292, #1237, #1515, .T. ) ;
#1795 = VERTEX_POINT ( 'NONE', #704 ) ;
#1796 = AXIS2_PLACEMENT_3D ( 'NONE', #1209, #1808, #3405 ) ;
#1797 = DIRECTION ( 'NONE',  ( 0.000000000000000000, 0.000000000000000000, -1.000000000000000000 ) ) ;
#1798 = LINE ( 'NONE', #2323, #1150 ) ;
#1799 = FACE_OUTER_BOUND ( 'NONE', #2055, .T. ) ;
#1800 = CIRCLE ( 'NONE', #3051, 1.549999999999999378 ) ;
#1801 = ORIENTED_EDGE ( 'NONE', *, *, #2938, .T. ) ;
#1802 = CARTESIAN_POINT ( 'NONE',  ( 93.80948905120386883, -29.46067283583923668, 27.00000000000000355 ) ) ;
#1803 = CARTESIAN_POINT ( 'NONE',  ( 156.4447829456342447, -57.02600320791371047, 24.00000000000000000 ) ) ;
#1804 = SHAPE_DEFINITION_REPRESENTATION ( #2016, #1623 ) ;
#1805 = CIRCLE ( 'NONE', #701, 1.549999999999995826 ) ;
#1806 = EDGE_LOOP ( 'NONE', ( #1678, #2294, #1163, #2905 ) ) ;
#1807 = CARTESIAN_POINT ( 'NONE',  ( 49.10050506338838261, -22.30616274284877321, 3.000000000000000000 ) ) ;
#1808 = DIRECTION ( 'NONE',  ( -0.000000000000000000, -0.000000000000000000, 1.000000000000000000 ) ) ;
#1809 = ORIENTED_EDGE ( 'NONE', *, *, #1436, .T. ) ;
#1810 = CYLINDRICAL_SURFACE ( 'NONE', #2590, 10.00000000000000888 ) ;
#1811 = VERTEX_POINT ( 'NONE', #1239 ) ;
#1812 = DIRECTION ( 'NONE',  ( -0.000000000000000000, -0.000000000000000000, 1.000000000000000000 ) ) ;
#1813 = CARTESIAN_POINT ( 'NONE',  ( 43.28151741064846192, 21.60790448760854687, 27.00000000000000355 ) ) ;
#1814 = FACE_OUTER_BOUND ( 'NONE', #1586, .T. ) ;
#1815 = ORIENTED_EDGE ( 'NONE', *, *, #3239, .T. ) ;
#1816 = LINE ( 'NONE', #2906, #586 ) ;
#1817 = CARTESIAN_POINT ( 'NONE',  ( 90.46405219629164662, -25.81797629141154360, 27.00000000000000355 ) ) ;
#1818 = ORIENTED_EDGE ( 'NONE', *, *, #2297, .T. ) ;
#1819 = ADVANCED_FACE ( 'NONE', ( #3512 ), #2866, .F. ) ;
#1820 = CARTESIAN_POINT ( 'NONE',  ( 51.50474889775795617, -38.04067852141298545, 6.000000000000000000 ) ) ;
#1821 = DIRECTION ( 'NONE',  ( 0.000000000000000000, 0.000000000000000000, -1.000000000000000000 ) ) ;
#1822 = VERTEX_POINT ( 'NONE', #1276 ) ;
#1823 = CARTESIAN_POINT ( 'NONE',  ( 72.59501852895850504, 18.07926880273321757, 22.16011168273662690 ) ) ;
#1824 = VECTOR ( 'NONE', #777, 1000.000000000000000 ) ;
#1825 = ORIENTED_EDGE ( 'NONE', *, *, #2624, .F. ) ;
#1826 = CYLINDRICAL_SURFACE ( 'NONE', #2143, 1.549999999999999378 ) ;
#1827 = DIRECTION ( 'NONE',  ( -0.000000000000000000, -0.000000000000000000, 1.000000000000000000 ) ) ;
#1828 = VERTEX_POINT ( 'NONE', #431 ) ;
#1829 = DIRECTION ( 'NONE',  ( 0.000000000000000000, -1.000000000000000000, 0.000000000000000000 ) ) ;
#1830 = LINE ( 'NONE', #472, #3253 ) ;
#1831 = CARTESIAN_POINT ( 'NONE',  ( 119.7812622533869984, -43.34920620125504342, 24.00000000000000000 ) ) ;
#1832 = ORIENTED_EDGE ( 'NONE', *, *, #1302, .T. ) ;
#1833 = DIRECTION ( 'NONE',  ( 1.000000000000000000, 0.000000000000000000, 0.000000000000000000 ) ) ;
#1834 = CARTESIAN_POINT ( 'NONE',  ( 0.000000000000000000, 29.00000000000000000, 27.00000000000000355 ) ) ;
#1835 = AXIS2_PLACEMENT_3D ( 'NONE', #3066, #1709, #598 ) ;
#1836 = EDGE_CURVE ( 'NONE', #2588, #1431, #2978, .T. ) ;
#1837 = ORIENTED_EDGE ( 'NONE', *, *, #1118, .T. ) ;
#1838 = VECTOR ( 'NONE', #3247, 1000.000000000000000 ) ;
#1839 = DIRECTION ( 'NONE',  ( -0.000000000000000000, -0.000000000000000000, 1.000000000000000000 ) ) ;
#1840 = CIRCLE ( 'NONE', #2349, 1.000000000000000888 ) ;
#1841 = VERTEX_POINT ( 'NONE', #1258 ) ;
#1842 = CARTESIAN_POINT ( 'NONE',  ( 42.29040868656031904, -15.95019565582687981, 27.00000000000000355 ) ) ;
#1843 = DIRECTION ( 'NONE',  ( 0.000000000000000000, 0.000000000000000000, -1.000000000000000000 ) ) ;
#1844 = EDGE_CURVE ( 'NONE', #3036, #3306, #1534, .T. ) ;
#1845 = ORIENTED_EDGE ( 'NONE', *, *, #2395, .T. ) ;
#1846 = DIRECTION ( 'NONE',  ( 0.000000000000000000, 0.000000000000000000, -1.000000000000000000 ) ) ;
#1847 = VECTOR ( 'NONE', #1328, 1000.000000000000000 ) ;
#1848 = LINE ( 'NONE', #744, #3080 ) ;
#1849 = EDGE_CURVE ( 'NONE', #1459, #1439, #1047, .T. ) ;
#1850 = CARTESIAN_POINT ( 'NONE',  ( 91.23246028348602010, -33.74540418451846335, 24.00000000000000000 ) ) ;
#1851 = AXIS2_PLACEMENT_3D ( 'NONE', #2799, #1448, #2818 ) ;
#1852 = EDGE_LOOP ( 'NONE', ( #1116, #143, #108, #357, #131, #3 ) ) ;
#1853 = DIRECTION ( 'NONE',  ( -0.7583500328496575182, 0.6518475494139126525, 0.000000000000000000 ) ) ;
#1854 = DIRECTION ( 'NONE',  ( -0.000000000000000000, -0.000000000000000000, 1.000000000000000000 ) ) ;
#1855 = VERTEX_POINT ( 'NONE', #2339 ) ;
#1856 = CARTESIAN_POINT ( 'NONE',  ( 71.31370849898500808, 18.59940137613697075, 21.07106781186551103 ) ) ;
#1857 = CIRCLE ( 'NONE', #1291, 1.549999999999995826 ) ;
#1858 = VERTEX_POINT ( 'NONE', #687 ) ;
#1859 = DIRECTION ( 'NONE',  ( 0.000000000000000000, 0.000000000000000000, -1.000000000000000000 ) ) ;
#1860 = EDGE_CURVE ( 'NONE', #2972, #623, #1798, .T. ) ;
#1861 = CARTESIAN_POINT ( 'NONE',  ( 77.14213562373116417, 17.91240509560401861, 27.00000000000000355 ) ) ;
#1862 = ORIENTED_EDGE ( 'NONE', *, *, #1700, .F. ) ;
#1863 = CARTESIAN_POINT ( 'NONE',  ( -20.83817675479876286, 15.96933128205086838, 3.000000000000000000 ) ) ;
#1864 = LINE ( 'NONE', #3522, #1824 ) ;
#1865 = CARTESIAN_POINT ( 'NONE',  ( 91.23246028348602010, -33.74540418451846335, 27.00000000000000355 ) ) ;
#1866 = FACE_OUTER_BOUND ( 'NONE', #2534, .T. ) ;
#1867 = CARTESIAN_POINT ( 'NONE',  ( 138.1188095650339278, -34.49406913216676429, 27.00000000000000355 ) ) ;
#1868 = DIRECTION ( 'NONE',  ( 0.000000000000000000, 0.000000000000000000, -1.000000000000000000 ) ) ;
#1869 = ORIENTED_EDGE ( 'NONE', *, *, #3248, .T. ) ;
#1870 = CARTESIAN_POINT ( 'NONE',  ( 147.6555065600999797, -46.35710482608354965, 24.00000000000000000 ) ) ;
#1871 = DIRECTION ( 'NONE',  ( 1.000000000000000000, 0.000000000000000000, 0.000000000000000000 ) ) ;
#1872 = ORIENTED_EDGE ( 'NONE', *, *, #3226, .T. ) ;
#1873 = DIRECTION ( 'NONE',  ( 0.000000000000000000, 0.000000000000000000, -1.000000000000000000 ) ) ;
#1874 = CARTESIAN_POINT ( 'NONE',  ( 121.4208598448222887, -17.06265407515052246, 27.00000000000000355 ) ) ;
#1875 = AXIS2_PLACEMENT_3D ( 'NONE', #2684, #1441, #2525 ) ;
#1876 = ADVANCED_FACE ( 'NONE', ( #3428 ), #2630, .F. ) ;
#1877 = ORIENTED_EDGE ( 'NONE', *, *, #3194, .T. ) ;
#1878 = VECTOR ( 'NONE', #1204, 1000.000000000000000 ) ;
#1879 = CARTESIAN_POINT ( 'NONE',  ( 142.6555065601000081, -39.38035940029874382, 24.00000000000000000 ) ) ;
#1880 = LINE ( 'NONE', #239, #1545 ) ;
#1881 = DIRECTION ( 'NONE',  ( 0.8569462697358452008, -0.5154057535435747628, 0.000000000000000000 ) ) ;
#1882 = ORIENTED_EDGE ( 'NONE', *, *, #1714, .F. ) ;
#1883 = DIRECTION ( 'NONE',  ( 1.000000000000000000, 0.000000000000000000, 0.000000000000000000 ) ) ;
#1884 = CARTESIAN_POINT ( 'NONE',  ( 108.5474930788880954, -8.449293599694081891, 27.00000000000000355 ) ) ;
#1885 = ORIENTED_EDGE ( 'NONE', *, *, #2559, .T. ) ;
#1886 = ADVANCED_FACE ( 'NONE', ( #2692 ), #944, .F. ) ;
#1887 = ORIENTED_EDGE ( 'NONE', *, *, #396, .T. ) ;
#1888 = CIRCLE ( 'NONE', #2804, 0.9999999999999940048 ) ;
#1889 = LINE ( 'NONE', #2709, #2928 ) ;
#1890 = CARTESIAN_POINT ( 'NONE',  ( 84.88477631085042674, -23.26567003385797960, 27.00000000000000355 ) ) ;
#1891 = AXIS2_PLACEMENT_3D ( 'NONE', #1361, #518, #1634 ) ;
#1892 = VECTOR ( 'NONE', #640, 1000.000000000000000 ) ;
#1893 = ORIENTED_EDGE ( 'NONE', *, *, #496, .T. ) ;
#1894 = DIRECTION ( 'NONE',  ( -1.000000000000000000, 0.000000000000000000, 0.000000000000000000 ) ) ;
#1895 = CARTESIAN_POINT ( 'NONE',  ( 44.10050506338838971, 11.82199566218367437, 3.000000000000000000 ) ) ;
#1896 = VERTEX_POINT ( 'NONE', #2885 ) ;
#1897 = AXIS2_PLACEMENT_3D ( 'NONE', #2173, #3307, #3004 ) ;
#1898 = ORIENTED_EDGE ( 'NONE', *, *, #1753, .T. ) ;
#1899 = DIRECTION ( 'NONE',  ( -0.000000000000000000, -0.000000000000000000, 1.000000000000000000 ) ) ;
#1900 = CARTESIAN_POINT ( 'NONE',  ( -15.96933128205087193, -22.38817675479876002, 3.000000000000000000 ) ) ;
#1901 = AXIS2_PLACEMENT_3D ( 'NONE', #1723, #285, #3061 ) ;
#1902 = CARTESIAN_POINT ( 'NONE',  ( 0.000000000000000000, 29.00000000000000000, 3.000000000000000000 ) ) ;
#1903 = CARTESIAN_POINT ( 'NONE',  ( 132.0595205269191865, -81.63930745384131171, 3.000000000000000000 ) ) ;
#1904 = VECTOR ( 'NONE', #2017, 1000.000000000000000 ) ;
#1905 = DIRECTION ( 'NONE',  ( 0.7583500328496574072, -0.6518475494139128745, 0.000000000000000000 ) ) ;
#1906 = FACE_OUTER_BOUND ( 'NONE', #2282, .T. ) ;
#1907 = VECTOR ( 'NONE', #2133, 1000.000000000000000 ) ;
#1908 = ORIENTED_EDGE ( 'NONE', *, *, #3159, .T. ) ;
#1909 = VERTEX_POINT ( 'NONE', #771 ) ;
#1910 = CARTESIAN_POINT ( 'NONE',  ( 126.1485615347142044, -47.17859774663494221, 24.00000000000000000 ) ) ;
#1911 = CARTESIAN_POINT ( 'NONE',  ( 108.5474930788880954, -8.449293599694081891, 27.00000000000000355 ) ) ;
#1912 = ADVANCED_FACE ( 'NONE', ( #416 ), #3444, .F. ) ;
#1913 = AXIS2_PLACEMENT_3D ( 'NONE', #2683, #776, #2471 ) ;
#1914 = ORIENTED_EDGE ( 'NONE', *, *, #1189, .T. ) ;
#1915 = CARTESIAN_POINT ( 'NONE',  ( 137.6188095650339278, -33.62804372838233746, 27.00000000000000355 ) ) ;
#1916 = CIRCLE ( 'NONE', #2656, 1.549999999999999378 ) ;
#1917 = DIRECTION ( 'NONE',  ( 0.000000000000000000, 0.000000000000000000, -1.000000000000000000 ) ) ;
#1918 = VERTEX_POINT ( 'NONE', #788 ) ;
#1919 = AXIS2_PLACEMENT_3D ( 'NONE', #2002, #2056, #2848 ) ;
#1920 = CARTESIAN_POINT ( 'NONE',  ( 50.00000000000000000, -102.3011057633860901, 27.00000000000000355 ) ) ;
#1921 = CARTESIAN_POINT ( 'NONE',  ( 141.1555065600999797, -38.51433399651430989, 27.00000000000000355 ) ) ;
#1922 = ORIENTED_EDGE ( 'NONE', *, *, #988, .T. ) ;
#1923 = ORIENTED_EDGE ( 'NONE', *, *, #1578, .T. ) ;
#1924 = DIRECTION ( 'NONE',  ( 0.000000000000000000, 0.000000000000000000, -1.000000000000000000 ) ) ;
#1925 = FACE_OUTER_BOUND ( 'NONE', #1806, .T. ) ;
#1926 = EDGE_CURVE ( 'NONE', #289, #2811, #1148, .T. ) ;
#1927 = VERTEX_POINT ( 'NONE', #2710 ) ;
#1928 = ORIENTED_EDGE ( 'NONE', *, *, #2842, .F. ) ;
#1929 = CARTESIAN_POINT ( 'NONE',  ( 84.83676315000488444, 6.983712188999666282, 24.00000000000000000 ) ) ;
#1930 = DIRECTION ( 'NONE',  ( 1.000000000000000000, 0.000000000000000000, 0.000000000000000000 ) ) ;
#1931 = ORIENTED_EDGE ( 'NONE', *, *, #2779, .F. ) ;
#1932 = LINE ( 'NONE', #317, #3235 ) ;
#1933 = ORIENTED_EDGE ( 'NONE', *, *, #15, .F. ) ;
#1934 = VERTEX_POINT ( 'NONE', #248 ) ;
#1935 = CIRCLE ( 'NONE', #2049, 195.0000000000000000 ) ;
#1936 = DIRECTION ( 'NONE',  ( 1.000000000000000000, 0.000000000000000000, 0.000000000000000000 ) ) ;
#1937 = CARTESIAN_POINT ( 'NONE',  ( 54.92893218813453871, -22.45308996158438930, 8.928932188134488968 ) ) ;
#1938 = AXIS2_PLACEMENT_3D ( 'NONE', #306, #1749, #2505 ) ;
#1939 = ORIENTED_EDGE ( 'NONE', *, *, #578, .F. ) ;
#1940 = DIRECTION ( 'NONE',  ( 0.000000000000000000, 0.000000000000000000, -1.000000000000000000 ) ) ;
#1941 = DIRECTION ( 'NONE',  ( 1.000000000000000000, 0.000000000000000000, 0.000000000000000000 ) ) ;
#1942 = EDGE_CURVE ( 'NONE', #2553, #3306, #3266, .T. ) ;
#1943 = ORIENTED_EDGE ( 'NONE', *, *, #172, .T. ) ;
#1944 = DIRECTION ( 'NONE',  ( -7.768817096539476669E-15, 1.000000000000000000, 0.000000000000000000 ) ) ;
#1945 = DIRECTION ( 'NONE',  ( 0.000000000000000000, 0.000000000000000000, -1.000000000000000000 ) ) ;
#1946 = EDGE_CURVE ( 'NONE', #3460, #370, #1141, .T. ) ;
#1947 = ORIENTED_EDGE ( 'NONE', *, *, #1714, .T. ) ;
#1948 = CYLINDRICAL_SURFACE ( 'NONE', #863, 1.000000000000028644 ) ;
#1949 = EDGE_LOOP ( 'NONE', ( #1455, #2415 ) ) ;
#1950 = AXIS2_PLACEMENT_3D ( 'NONE', #2164, #1676, #3263 ) ;
#1951 = ORIENTED_EDGE ( 'NONE', *, *, #978, .T. ) ;
#1952 = DIRECTION ( 'NONE',  ( -0.000000000000000000, -0.000000000000000000, 1.000000000000000000 ) ) ;
#1953 = CARTESIAN_POINT ( 'NONE',  ( 70.07106781186573130, -24.85982325275426419, 24.07106781186552169 ) ) ;
#1954 = CIRCLE ( 'NONE', #1391, 85.00000000000000000 ) ;
#1955 = ORIENTED_EDGE ( 'NONE', *, *, #283, .T. ) ;
#1956 = FACE_OUTER_BOUND ( 'NONE', #1045, .T. ) ;
#1957 = EDGE_CURVE ( 'NONE', #164, #1965, #1728, .T. ) ;
#1958 = CARTESIAN_POINT ( 'NONE',  ( 44.10050506338838261, -8.734608624843867020, 27.00000000000000355 ) ) ;
#1959 = AXIS2_PLACEMENT_3D ( 'NONE', #2070, #2574, #1251 ) ;
#1960 = CIRCLE ( 'NONE', #2302, 1.000000000000000888 ) ;
#1961 = ORIENTED_EDGE ( 'NONE', *, *, #570, .F. ) ;
#1962 = AXIS2_PLACEMENT_3D ( 'NONE', #1219, #1812, #2024 ) ;
#1963 = DIRECTION ( 'NONE',  ( 0.000000000000000000, 0.000000000000000000, 1.000000000000000000 ) ) ;
#1964 = CIRCLE ( 'NONE', #403, 1.549999999999922995 ) ;
#1965 = VERTEX_POINT ( 'NONE', #3326 ) ;
#1966 = CARTESIAN_POINT ( 'NONE',  ( 14.41933128205088011, 22.38817675479875646, 3.000000000000000000 ) ) ;
#1967 = AXIS2_PLACEMENT_3D ( 'NONE', #471, #2079, #3189 ) ;
#1968 = AXIS2_PLACEMENT_3D ( 'NONE', #1412, #2492, #3288 ) ;
#1969 = ORIENTED_EDGE ( 'NONE', *, *, #1339, .T. ) ;
#1970 = EDGE_CURVE ( 'NONE', #2783, #2553, #3025, .T. ) ;
#1971 = DIRECTION ( 'NONE',  ( 1.000000000000000000, 0.000000000000000000, 0.000000000000000000 ) ) ;
#1972 = CARTESIAN_POINT ( 'NONE',  ( 113.2658564998433945, -41.16260104328431879, 27.00000000000000355 ) ) ;
#1973 = ORIENTED_EDGE ( 'NONE', *, *, #329, .F. ) ;
#1974 = AXIS2_PLACEMENT_3D ( 'NONE', #611, #3028, #560 ) ;
#1975 = DIRECTION ( 'NONE',  ( 1.000000000000000000, 0.000000000000000000, 0.000000000000000000 ) ) ;
#1976 = CYLINDRICAL_SURFACE ( 'NONE', #843, 0.9999999999999765743 ) ;
#1977 = FACE_OUTER_BOUND ( 'NONE', #1499, .T. ) ;
#1978 = ADVANCED_FACE ( 'NONE', ( #6 ), #3548, .F. ) ;
#1979 = ORIENTED_EDGE ( 'NONE', *, *, #104, .F. ) ;
#1980 = EDGE_LOOP ( 'NONE', ( #176, #152, #813, #1955 ) ) ;
#1981 = DIRECTION ( 'NONE',  ( -0.7071067811865435759, -0.000000000000000000, 0.7071067811865514585 ) ) ;
#1982 = CARTESIAN_POINT ( 'NONE',  ( 47.85786437626909873, -22.32979056243704363, 6.000000000000000000 ) ) ;
#1983 = B_SPLINE_CURVE_WITH_KNOTS ( 'NONE', 3,
 ( #1528, #2861, #89, #384, #3091, #680, #971, #2608, #2034, #3110, #1775, #1739 ),
 .UNSPECIFIED., .F., .F.,
 ( 4, 2, 2, 2, 2, 4 ),
 ( 9.813077866773594792E-18, 0.001953189632607170781, 0.002929784448910751401, 0.003906379265214331153, 0.005859568897821473311, 0.007812758530428615469 ),
 .UNSPECIFIED. ) ;
#1984 = ORIENTED_EDGE ( 'NONE', *, *, #1926, .F. ) ;
#1985 = CARTESIAN_POINT ( 'NONE',  ( 75.20800030280929604, -26.37375541086626640, 23.50457210015825638 ) ) ;
#1986 = ORIENTED_EDGE ( 'NONE', *, *, #3474, .T. ) ;
#1987 = ORIENTED_EDGE ( 'NONE', *, *, #666, .F. ) ;
#1988 = DIRECTION ( 'NONE',  ( -1.000000000000000000, 0.000000000000000000, 0.000000000000000000 ) ) ;
#1989 = ADVANCED_FACE ( 'NONE', ( #264 ), #1381, .F. ) ;
#1990 = VERTEX_POINT ( 'NONE', #3308 ) ;
#1991 = CARTESIAN_POINT ( 'NONE',  ( 32.28693987994348191, -0.7583500328496657339, 27.00000000000000355 ) ) ;
#1992 = DIRECTION ( 'NONE',  ( 1.000000000000000000, 0.000000000000000000, 0.000000000000000000 ) ) ;
#1993 = LINE ( 'NONE', #2314, #1458 ) ;
#1994 = AXIS2_PLACEMENT_3D ( 'NONE', #1497, #2580, #2307 ) ;
#1995 = ORIENTED_EDGE ( 'NONE', *, *, #61, .F. ) ;
#1996 = PLANE ( 'NONE',  #509 ) ;
#1997 = PLANE ( 'NONE',  #751 ) ;
#1998 = VERTEX_POINT ( 'NONE', #2211 ) ;
#1999 = CYLINDRICAL_SURFACE ( 'NONE', #1959, 1.000000000000000888 ) ;
#2000 = EDGE_CURVE ( 'NONE', #3368, #1223, #3038, .T. ) ;
#2001 = ORIENTED_EDGE ( 'NONE', *, *, #2892, .T. ) ;
#2002 = CARTESIAN_POINT ( 'NONE',  ( 0.000000000000000000, -29.00000000000000000, 27.00000000000000355 ) ) ;
#2003 = CARTESIAN_POINT ( 'NONE',  ( 41.63856113714640372, -16.70854568867653001, 27.00000000000000355 ) ) ;
#2004 = DIRECTION ( 'NONE',  ( 1.000000000000000000, 0.000000000000000000, 0.000000000000000000 ) ) ;
#2005 = VECTOR ( 'NONE', #861, 1000.000000000000000 ) ;
#2006 = ADVANCED_FACE ( 'NONE', ( #1082 ), #282, .F. ) ;
#2007 = ORIENTED_EDGE ( 'NONE', *, *, #1213, .T. ) ;
#2008 = AXIS2_PLACEMENT_3D ( 'NONE', #2150, #189, #1073 ) ;
#2009 = UNCERTAINTY_MEASURE_WITH_UNIT (LENGTH_MEASURE( 1.000000000000000082E-05 ), #711, 'distance_accuracy_value', 'NONE');
#2010 = DIRECTION ( 'NONE',  ( 0.000000000000000000, 0.000000000000000000, -1.000000000000000000 ) ) ;
#2011 = CARTESIAN_POINT ( 'NONE',  ( 0.000000000000000000, 0.000000000000000000, 27.00000000000000355 ) ) ;
#2012 = DIRECTION ( 'NONE',  ( 0.000000000000000000, 0.000000000000000000, -1.000000000000000000 ) ) ;
#2013 = CIRCLE ( 'NONE', #454, 1.000000000000000888 ) ;
#2014 = EDGE_LOOP ( 'NONE', ( #3545, #960, #1122, #2926 ) ) ;
#2015 = DIRECTION ( 'NONE',  ( 0.000000000000000000, 0.000000000000000000, -1.000000000000000000 ) ) ;
#2016 = PRODUCT_DEFINITION_SHAPE ( 'NONE', 'NONE',  #3396 ) ;
#2017 = DIRECTION ( 'NONE',  ( 0.8569462697358462000, -0.5154057535435732085, 0.000000000000000000 ) ) ;
#2018 = ORIENTED_EDGE ( 'NONE', *, *, #628, .F. ) ;
#2019 = CLOSED_SHELL ( 'NONE', ( #1454, #1679, #466, #345, #318, #2901, #1583, #876, #2751, #1763, #255, #1647, #1181, #2742, #2006, #3270, #191, #3422, #500, #3503, #837, #2839, #2310, #2336, #2351, #3559, #1629, #1693, #1196, #27, #808, #916, #3382, #1216, #2102, #2786, #1074, #3495, #1327, #2809, #2963, #3328, #2729, #267, #1382, #288, #536, #2195, #928, #1978, #1876, #3508, #1561, #423, #1052, #2846, #1260, #1989, #1886, #3021, #1083, #441, #3116, #2357, #3366, #600, #2527, #242, #301, #867, #3064, #1594, #723, #347, #2119, #1912, #3171, #30, #920, #2862, #1819, #451, #564, #2736, #910, #958, #220, #1127, #456, #2308, #3133, #2611, #1088, #1736, #2407, #1498, #3320, #2715, #1256 ) ) ;
#2020 = FILL_AREA_STYLE ('',( #3094 ) ) ;
#2021 = CIRCLE ( 'NONE', #1222, 1.000000000000000888 ) ;
#2022 = VECTOR ( 'NONE', #119, 1000.000000000000000 ) ;
#2023 = VERTEX_POINT ( 'NONE', #2461 ) ;
#2024 = DIRECTION ( 'NONE',  ( 1.000000000000000000, 0.000000000000000000, 0.000000000000000000 ) ) ;
#2025 = DIRECTION ( 'NONE',  ( 0.000000000000000000, 0.000000000000000000, -1.000000000000000000 ) ) ;
#2026 = DIRECTION ( 'NONE',  ( 1.000000000000000000, 0.000000000000000000, 0.000000000000000000 ) ) ;
#2027 = ORIENTED_EDGE ( 'NONE', *, *, #2637, .F. ) ;
#2028 = LINE ( 'NONE', #2289, #2829 ) ;
#2029 = AXIS2_PLACEMENT_3D ( 'NONE', #2658, #1555, #2389 ) ;
#2030 = DIRECTION ( 'NONE',  ( -0.000000000000000000, -0.000000000000000000, 1.000000000000000000 ) ) ;
#2031 = CYLINDRICAL_SURFACE ( 'NONE', #1338, 2.549999999999996714 ) ;
#2032 = ORIENTED_EDGE ( 'NONE', *, *, #862, .T. ) ;
#2033 = FACE_OUTER_BOUND ( 'NONE', #468, .T. ) ;
#2034 = CARTESIAN_POINT ( 'NONE',  ( 51.70301085848772971, -22.31666958601270778, 3.322521445857636202 ) ) ;
#2035 = EDGE_CURVE ( 'NONE', #1768, #627, #740, .T. ) ;
#2036 = VERTEX_POINT ( 'NONE', #1418 ) ;
#2037 = FACE_OUTER_BOUND ( 'NONE', #2014, .T. ) ;
#2038 = CIRCLE ( 'NONE', #1962, 1.000000000000007772 ) ;
#2039 = ORIENTED_EDGE ( 'NONE', *, *, #3242, .T. ) ;
#2040 = FACE_OUTER_BOUND ( 'NONE', #1612, .T. ) ;
#2041 = CARTESIAN_POINT ( 'NONE',  ( -29.00000000000000000, 0.000000000000000000, 3.000000000000000000 ) ) ;
#2042 = CARTESIAN_POINT ( 'NONE',  ( 155.9447829456342163, -56.15997780412929075, 27.00000000000000355 ) ) ;
#2043 = EDGE_LOOP ( 'NONE', ( #2643, #873, #1943, #1722 ) ) ;
#2044 = CARTESIAN_POINT ( 'NONE',  ( 54.92893218813453871, -75.05618350206425760, 8.928932188134492520 ) ) ;
#2045 = FACE_OUTER_BOUND ( 'NONE', #2326, .T. ) ;
#2046 = CYLINDRICAL_SURFACE ( 'NONE', #1224, 1.549999999999999822 ) ;
#2047 = ORIENTED_EDGE ( 'NONE', *, *, #2559, .F. ) ;
#2048 = CARTESIAN_POINT ( 'NONE',  ( 91.23246028348602010, -33.74540418451846335, 27.00000000000000355 ) ) ;
#2049 = AXIS2_PLACEMENT_3D ( 'NONE', #1521, #2602, #2438 ) ;
#2050 = DIRECTION ( 'NONE',  ( 0.000000000000000000, 0.000000000000000000, -1.000000000000000000 ) ) ;
#2051 = CIRCLE ( 'NONE', #1139, 1.549999999999999378 ) ;
#2052 = ORIENTED_EDGE ( 'NONE', *, *, #2477, .T. ) ;
#2053 = FACE_OUTER_BOUND ( 'NONE', #610, .T. ) ;
#2054 = ORIENTED_EDGE ( 'NONE', *, *, #2000, .T. ) ;
#2055 = EDGE_LOOP ( 'NONE', ( #485, #996, #1951, #1668 ) ) ;
#2056 = DIRECTION ( 'NONE',  ( 0.000000000000000000, 0.000000000000000000, -1.000000000000000000 ) ) ;
#2057 = CARTESIAN_POINT ( 'NONE',  ( 148.7261871935858437, -70.58389148598993756, 24.00000000000000000 ) ) ;
#2058 = LINE ( 'NONE', #2919, #3489 ) ;
#2059 = ORIENTED_EDGE ( 'NONE', *, *, #629, .F. ) ;
#2060 = AXIS2_PLACEMENT_3D ( 'NONE', #1890, #980, #229 ) ;
#2061 = DIRECTION ( 'NONE',  ( 0.000000000000000000, 1.000000000000000000, 0.000000000000000000 ) ) ;
#2062 = CARTESIAN_POINT ( 'NONE',  ( 70.07106781186573130, 19.09424997777375665, 24.07106781186552880 ) ) ;
#2063 = CARTESIAN_POINT ( 'NONE',  ( 27.51666035628747764, -19.29207349300319052, 3.000000000000000000 ) ) ;
#2064 = AXIS2_PLACEMENT_3D ( 'NONE', #1902, #2945, #3502 ) ;
#2065 = VERTEX_POINT ( 'NONE', #3005 ) ;
#2066 = CARTESIAN_POINT ( 'NONE',  ( 113.2812622533867568, -12.64445392279127667, 27.00000000000000355 ) ) ;
#2067 = VECTOR ( 'NONE', #1773, 1000.000000000000000 ) ;
#2068 = LINE ( 'NONE', #2555, #2187 ) ;
#2069 = EDGE_LOOP ( 'NONE', ( #2869, #870, #1931, #1666 ) ) ;
#2070 = CARTESIAN_POINT ( 'NONE',  ( 155.9447829456342163, -56.15997780412929075, 27.00000000000000355 ) ) ;
#2071 = VECTOR ( 'NONE', #2394, 1000.000000000000000 ) ;
#2072 = ORIENTED_EDGE ( 'NONE', *, *, #3256, .F. ) ;
#2073 = CARTESIAN_POINT ( 'NONE',  ( 121.2812622533869700, -44.21523160503945604, 27.00000000000000355 ) ) ;
#2074 = CARTESIAN_POINT ( 'NONE',  ( 148.6555065600999797, -60.36844348751504441, 27.00000000000000355 ) ) ;
#2075 = CARTESIAN_POINT ( 'NONE',  ( 83.38477631085044095, -22.39964463007353856, 27.00000000000000355 ) ) ;
#2076 = AXIS2_PLACEMENT_3D ( 'NONE', #1958, #568, #552 ) ;
#2077 = EDGE_CURVE ( 'NONE', #2465, #1039, #2636, .T. ) ;
#2078 = ORIENTED_EDGE ( 'NONE', *, *, #2158, .F. ) ;
#2079 = DIRECTION ( 'NONE',  ( -0.000000000000000000, -0.000000000000000000, 1.000000000000000000 ) ) ;
#2080 = LINE ( 'NONE', #1539, #2857 ) ;
#2081 = DIRECTION ( 'NONE',  ( 0.000000000000000000, 0.000000000000000000, -1.000000000000000000 ) ) ;
#2082 = AXIS2_PLACEMENT_3D ( 'NONE', #1033, #3174, #2110 ) ;
#2083 = VECTOR ( 'NONE', #948, 1000.000000000000000 ) ;
#2084 = ORIENTED_EDGE ( 'NONE', *, *, #2907, .F. ) ;
#2085 = CARTESIAN_POINT ( 'NONE',  ( 137.6188095650339278, -33.62804372838233746, 27.00000000000000355 ) ) ;
#2086 = DIRECTION ( 'NONE',  ( 1.000000000000000000, 0.000000000000000000, 0.000000000000000000 ) ) ;
#2087 = ORIENTED_EDGE ( 'NONE', *, *, #1437, .F. ) ;
#2088 = DIRECTION ( 'NONE',  ( -0.000000000000000000, -0.000000000000000000, 1.000000000000000000 ) ) ;
#2089 = ORIENTED_EDGE ( 'NONE', *, *, #1371, .F. ) ;
#2090 = DIRECTION ( 'NONE',  ( 0.000000000000000000, 0.000000000000000000, -1.000000000000000000 ) ) ;
#2091 = FACE_BOUND ( 'NONE', #2712, .T. ) ;
#2092 = ORIENTED_EDGE ( 'NONE', *, *, #1860, .T. ) ;
#2093 = ORIENTED_EDGE ( 'NONE', *, *, #3497, .F. ) ;
#2094 = LINE ( 'NONE', #1018, #2138 ) ;
#2095 = DIRECTION ( 'NONE',  ( 0.000000000000000000, 0.000000000000000000, -1.000000000000000000 ) ) ;
#2096 = EDGE_CURVE ( 'NONE', #1269, #3520, #2498, .T. ) ;
#2097 = EDGE_LOOP ( 'NONE', ( #1617, #409 ) ) ;
#2098 = DIRECTION ( 'NONE',  ( -0.5000000000000048850, 0.8660254037844359321, 0.000000000000000000 ) ) ;
#2099 = CARTESIAN_POINT ( 'NONE',  ( 41.73578717043540109, -17.70380801512663638, 3.000000000000000888 ) ) ;
#2100 = ORIENTED_EDGE ( 'NONE', *, *, #1114, .T. ) ;
#2101 = CYLINDRICAL_SURFACE ( 'NONE', #227, 1.000000000000000888 ) ;
#2102 = ADVANCED_FACE ( 'NONE', ( #1670 ), #2655, .F. ) ;
#2103 = B_SPLINE_CURVE_WITH_KNOTS ( 'NONE', 3,
 ( #1192, #2318, #3146, #1790, #2876, #1474, #2278, #2262, #3383, #2843, #1248, #2572 ),
 .UNSPECIFIED., .F., .F.,
 ( 4, 2, 2, 2, 2, 4 ),
 ( 0.000000000000000000, 0.002015590417210244480, 0.003023385625815355228, 0.004031180834420466409, 0.006046771251630671425, 0.008062361668840875573 ),
 .UNSPECIFIED. ) ;
#2104 = EDGE_LOOP ( 'NONE', ( #2662, #279, #3423, #2495 ) ) ;
#2105 = CYLINDRICAL_SURFACE ( 'NONE', #3176, 1.000000000000000888 ) ;
#2106 = DIRECTION ( 'NONE',  ( 0.000000000000000000, 0.000000000000000000, -1.000000000000000000 ) ) ;
#2107 = EDGE_CURVE ( 'NONE', #16, #2686, #3540, .T. ) ;
#2108 =( BOUNDED_CURVE ( )  B_SPLINE_CURVE ( 3, ( #2290, #2837, #380, #1187 ),
 .UNSPECIFIED., .F., .T. ) 
 B_SPLINE_CURVE_WITH_KNOTS ( ( 4, 4 ),
 ( 4.330071218247496745, 4.410461324153221341 ),
 .UNSPECIFIED. ) 
 CURVE ( )  GEOMETRIC_REPRESENTATION_ITEM ( )  RATIONAL_B_SPLINE_CURVE ( ( 1.000000000000000000, 0.9994615250771335946, 0.9994615250771335946, 1.000000000000000000 ) ) 
 REPRESENTATION_ITEM ( '' )  );
#2109 = ORIENTED_EDGE ( 'NONE', *, *, #166, .T. ) ;
#2110 = DIRECTION ( 'NONE',  ( 1.000000000000000000, 0.000000000000000000, 0.000000000000000000 ) ) ;
#2111 = CARTESIAN_POINT ( 'NONE',  ( 0.000000000000000000, 0.000000000000000000, 3.000000000000000000 ) ) ;
#2112 = DIRECTION ( 'NONE',  ( 1.000000000000000000, 0.000000000000000000, 0.000000000000000000 ) ) ;
#2113 = DIRECTION ( 'NONE',  ( 0.000000000000000000, 0.000000000000000000, -1.000000000000000000 ) ) ;
#2114 = PRODUCT_RELATED_PRODUCT_CATEGORY ( 'part', '', ( #2390 ) ) ;
#2115 = ORIENTED_EDGE ( 'NONE', *, *, #1189, .F. ) ;
#2116 = DIRECTION ( 'NONE',  ( 0.6518475494139127635, 0.7583500328496576293, 0.000000000000000000 ) ) ;
#2117 = CARTESIAN_POINT ( 'NONE',  ( 147.6555065600999797, -46.35710482608354965, 27.00000000000000355 ) ) ;
#2118 = VECTOR ( 'NONE', #1064, 1000.000000000000000 ) ;
#2119 = ADVANCED_FACE ( 'NONE', ( #2405 ), #2925, .F. ) ;
#2120 = ORIENTED_EDGE ( 'NONE', *, *, #946, .T. ) ;
#2121 = DIRECTION ( 'NONE',  ( 0.000000000000000000, 0.000000000000000000, -1.000000000000000000 ) ) ;
#2122 = CIRCLE ( 'NONE', #1449, 1.549999999999999822 ) ;
#2123 = ORIENTED_EDGE ( 'NONE', *, *, #3403, .T. ) ;
#2124 = DIRECTION ( 'NONE',  ( 1.000000000000000000, 0.000000000000000000, 0.000000000000000000 ) ) ;
#2125 = DIRECTION ( 'NONE',  ( 1.000000000000000000, 0.000000000000000000, 0.000000000000000000 ) ) ;
#2126 = ORIENTED_EDGE ( 'NONE', *, *, #3151, .F. ) ;
#2127 = AXIS2_PLACEMENT_3D ( 'NONE', #3234, #2427, #2912 ) ;
#2128 = ORIENTED_EDGE ( 'NONE', *, *, #92, .F. ) ;
#2129 = AXIS2_PLACEMENT_3D ( 'NONE', #1903, #3079, #511 ) ;
#2130 = DIRECTION ( 'NONE',  ( 1.000000000000000000, 0.000000000000000000, 0.000000000000000000 ) ) ;
#2131 = AXIS2_PLACEMENT_3D ( 'NONE', #2893, #2081, #2112 ) ;
#2132 = LINE ( 'NONE', #764, #962 ) ;
#2133 = DIRECTION ( 'NONE',  ( -0.3747919106573305292, -0.9271089599965193218, -0.000000000000000000 ) ) ;
#2134 = CARTESIAN_POINT ( 'NONE',  ( 149.1555065600999512, -61.23446889129947834, 27.00000000000000355 ) ) ;
#2135 = ORIENTED_EDGE ( 'NONE', *, *, #75, .F. ) ;
#2136 = LINE ( 'NONE', #208, #938 ) ;
#2137 = DIRECTION ( 'NONE',  ( -0.000000000000000000, -0.000000000000000000, 1.000000000000000000 ) ) ;
#2138 = VECTOR ( 'NONE', #1846, 1000.000000000000000 ) ;
#2139 = ORIENTED_EDGE ( 'NONE', *, *, #3042, .F. ) ;
#2140 = CARTESIAN_POINT ( 'NONE',  ( 165.4995305801835173, -59.69276758487139745, 27.00000000000000355 ) ) ;
#2141 = DIRECTION ( 'NONE',  ( 0.000000000000000000, 0.000000000000000000, -1.000000000000000000 ) ) ;
#2142 = EDGE_CURVE ( 'NONE', #2628, #1344, #450, .T. ) ;
#2143 = AXIS2_PLACEMENT_3D ( 'NONE', #2416, #465, #1066 ) ;
#2144 = ORIENTED_EDGE ( 'NONE', *, *, #2463, .T. ) ;
#2145 = CYLINDRICAL_SURFACE ( 'NONE', #1176, 1.549999999999995826 ) ;
#2146 = DIRECTION ( 'NONE',  ( 1.000000000000000000, 0.000000000000000000, 0.000000000000000000 ) ) ;
#2147 = ORIENTED_EDGE ( 'NONE', *, *, #2877, .T. ) ;
#2148 = CARTESIAN_POINT ( 'NONE',  ( 28.20906908976263949, -3.846435767868444877, 6.000000000000000000 ) ) ;
#2149 = LINE ( 'NONE', #3246, #2675 ) ;
#2150 = CARTESIAN_POINT ( 'NONE',  ( -3.300670485102710217, -166.9610859287279538, 27.00000000000000355 ) ) ;
#2151 = CARTESIAN_POINT ( 'NONE',  ( 0.000000000000000000, -29.00000000000000000, 6.000000000000000000 ) ) ;
#2152 = DIRECTION ( 'NONE',  ( 0.000000000000000000, 0.000000000000000000, -1.000000000000000000 ) ) ;
#2153 = CARTESIAN_POINT ( 'NONE',  ( 149.4387858232196606, -45.73543482039983132, 27.00000000000000355 ) ) ;
#2154 = ORIENTED_EDGE ( 'NONE', *, *, #3026, .T. ) ;
#2155 = CARTESIAN_POINT ( 'NONE',  ( 121.4208598448222887, -17.06265407515052246, 24.00000000000000000 ) ) ;
#2156 = DIRECTION ( 'NONE',  ( 0.4999999999999963363, -0.8660254037844408170, 0.000000000000000000 ) ) ;
#2157 = EDGE_LOOP ( 'NONE', ( #2392, #1100, #1350, #2620 ) ) ;
#2158 = EDGE_CURVE ( 'NONE', #11, #1841, #1388, .T. ) ;
#2159 = DIRECTION ( 'NONE',  ( 0.000000000000000000, 0.000000000000000000, 1.000000000000000000 ) ) ;
#2160 = DIRECTION ( 'NONE',  ( 0.000000000000000000, 0.000000000000000000, -1.000000000000000000 ) ) ;
#2161 = ORIENTED_EDGE ( 'NONE', *, *, #2171, .F. ) ;
#2162 = CIRCLE ( 'NONE', #1994, 1.000000000000000888 ) ;
#2163 = ORIENTED_EDGE ( 'NONE', *, *, #886, .F. ) ;
#2164 = CARTESIAN_POINT ( 'NONE',  ( 157.0595205269191865, -65.05618350206425760, 27.00000000000000355 ) ) ;
#2165 = DIRECTION ( 'NONE',  ( -0.000000000000000000, -0.000000000000000000, 1.000000000000000000 ) ) ;
#2166 = LINE ( 'NONE', #3486, #1838 ) ;
#2167 = LINE ( 'NONE', #2283, #1404 ) ;
#2168 = EDGE_CURVE ( 'NONE', #1651, #2628, #491, .T. ) ;
#2169 = CARTESIAN_POINT ( 'NONE',  ( 52.30141834246779098, 25.15479970933469289, 3.520508517669241666 ) ) ;
#2170 = CARTESIAN_POINT ( 'NONE',  ( 43.10050506338838261, -8.734608624843867020, 3.000000000000000000 ) ) ;
#2171 = EDGE_CURVE ( 'NONE', #546, #2889, #2166, .T. ) ;
#2172 = ORIENTED_EDGE ( 'NONE', *, *, #589, .T. ) ;
#2173 = CARTESIAN_POINT ( 'NONE',  ( 119.7812622533867852, -17.83136398209194695, 27.00000000000000355 ) ) ;
#2174 = DIRECTION ( 'NONE',  ( -0.000000000000000000, -0.000000000000000000, 1.000000000000000000 ) ) ;
#2175 = AXIS2_PLACEMENT_3D ( 'NONE', #1687, #2174, #22 ) ;
#2176 = ORIENTED_EDGE ( 'NONE', *, *, #3532, .F. ) ;
#2177 = CYLINDRICAL_SURFACE ( 'NONE', #187, 1.000000000000000888 ) ;
#2178 = CARTESIAN_POINT ( 'NONE',  ( 147.6555065600999797, -46.35710482608354965, 27.00000000000000355 ) ) ;
#2179 = AXIS2_PLACEMENT_3D ( 'NONE', #624, #2571, #1472 ) ;
#2180 = EDGE_LOOP ( 'NONE', ( #2657, #200, #2244, #1512 ) ) ;
#2181 = DIRECTION ( 'NONE',  ( 0.000000000000000000, 0.000000000000000000, -1.000000000000000000 ) ) ;
#2182 = DIRECTION ( 'NONE',  ( 1.000000000000000000, 0.000000000000000000, 0.000000000000000000 ) ) ;
#2183 = EDGE_CURVE ( 'NONE', #1828, #1174, #795, .T. ) ;
#2184 = VECTOR ( 'NONE', #956, 1000.000000000000227 ) ;
#2185 = ORIENTED_EDGE ( 'NONE', *, *, #2435, .F. ) ;
#2186 = CARTESIAN_POINT ( 'NONE',  ( -29.00000000000000000, 0.000000000000000000, 6.000000000000000000 ) ) ;
#2187 = VECTOR ( 'NONE', #3421, 1000.000000000000000 ) ;
#2188 = DIRECTION ( 'NONE',  ( 0.000000000000000000, 0.000000000000000000, -1.000000000000000000 ) ) ;
#2189 = CARTESIAN_POINT ( 'NONE',  ( -23.93817675479875362, 15.96933128205086838, 3.000000000000000000 ) ) ;
#2190 = CIRCLE ( 'NONE', #3516, 1.549999999999995826 ) ;
#2191 = ORIENTED_EDGE ( 'NONE', *, *, #92, .T. ) ;
#2192 = EDGE_LOOP ( 'NONE', ( #1914, #3515, #1741, #2052 ) ) ;
#2193 = FACE_BOUND ( 'NONE', #252, .T. ) ;
#2194 = DIRECTION ( 'NONE',  ( 1.000000000000000000, 0.000000000000000000, 0.000000000000000000 ) ) ;
#2195 = ADVANCED_FACE ( 'NONE', ( #779 ), #1057, .T. ) ;
#2196 = EDGE_LOOP ( 'NONE', ( #487, #433, #1308, #2235 ) ) ;
#2197 = DIRECTION ( 'NONE',  ( 1.000000000000000000, 0.000000000000000000, 0.000000000000000000 ) ) ;
#2198 = AXIS2_PLACEMENT_3D ( 'NONE', #2621, #2116, #1853 ) ;
#2199 = CARTESIAN_POINT ( 'NONE',  ( 22.38817675479875646, -15.96933128205087549, 3.000000000000000000 ) ) ;
#2200 = ORIENTED_EDGE ( 'NONE', *, *, #2953, .F. ) ;
#2201 = CIRCLE ( 'NONE', #593, 194.9999999999999432 ) ;
#2202 = DIRECTION ( 'NONE',  ( 1.000000000000000000, 0.000000000000000000, 0.000000000000000000 ) ) ;
#2203 = PLANE ( 'NONE',  #1774 ) ;
#2204 = EDGE_LOOP ( 'NONE', ( #1557, #1261, #559, #1791 ) ) ;
#2205 = ORIENTED_EDGE ( 'NONE', *, *, #2266, .T. ) ;
#2206 = EDGE_CURVE ( 'NONE', #7, #2036, #2977, .T. ) ;
#2207 = PLANE ( 'NONE',  #997 ) ;
#2208 = DIRECTION ( 'NONE',  ( 0.000000000000000000, 1.000000000000000000, 0.000000000000000000 ) ) ;
#2209 = ORIENTED_EDGE ( 'NONE', *, *, #2249, .F. ) ;
#2210 = FACE_BOUND ( 'NONE', #829, .T. ) ;
#2211 = CARTESIAN_POINT ( 'NONE',  ( 20.83817675479883391, -15.96933128205087549, 3.000000000000000000 ) ) ;
#2212 = EDGE_LOOP ( 'NONE', ( #2473, #1287, #1777, #1359 ) ) ;
#2213 = CARTESIAN_POINT ( 'NONE',  ( 72.30723532543332510, -25.47197230471656582, 21.96856052026399198 ) ) ;
#2214 = EDGE_CURVE ( 'NONE', #1651, #1858, #510, .T. ) ;
#2215 = ORIENTED_EDGE ( 'NONE', *, *, #2482, .F. ) ;
#2216 = EDGE_CURVE ( 'NONE', #1858, #23, #531, .T. ) ;
#2217 = VERTEX_POINT ( 'NONE', #1831 ) ;
#2218 = CARTESIAN_POINT ( 'NONE',  ( 84.38477631085044095, -22.39964463007353856, 24.00000000000000000 ) ) ;
#2219 = EDGE_CURVE ( 'NONE', #2276, #37, #163, .T. ) ;
#2220 = CARTESIAN_POINT ( 'NONE',  ( -20.83817675479869180, -15.96933128205095898, 6.000000000000000000 ) ) ;
#2221 = CIRCLE ( 'NONE', #612, 1.000000000000000888 ) ;
#2222 = VERTEX_POINT ( 'NONE', #2995 ) ;
#2223 = CARTESIAN_POINT ( 'NONE',  ( 83.38477631085045516, 6.091687583267706430, 27.00000000000000355 ) ) ;
#2224 = CARTESIAN_POINT ( 'NONE',  ( 149.4387858232196606, -45.73543482039983132, 27.00000000000000355 ) ) ;
#2225 = EDGE_CURVE ( 'NONE', #2790, #1084, #457, .T. ) ;
#2226 = ORIENTED_EDGE ( 'NONE', *, *, #763, .T. ) ;
#2227 = ORIENTED_EDGE ( 'NONE', *, *, #2381, .F. ) ;
#2228 = FACE_BOUND ( 'NONE', #969, .T. ) ;
#2229 = CARTESIAN_POINT ( 'NONE',  ( 0.000000000000000000, 0.000000000000000000, 27.00000000000000355 ) ) ;
#2230 = EDGE_CURVE ( 'NONE', #2626, #2899, #784, .T. ) ;
#2231 = ORIENTED_EDGE ( 'NONE', *, *, #1213, .F. ) ;
#2232 = DIRECTION ( 'NONE',  ( 1.000000000000000000, 0.000000000000000000, 0.000000000000000000 ) ) ;
#2233 = ORIENTED_EDGE ( 'NONE', *, *, #2315, .T. ) ;
#2234 = AXIS2_PLACEMENT_3D ( 'NONE', #499, #1782, #1871 ) ;
#2235 = ORIENTED_EDGE ( 'NONE', *, *, #2907, .T. ) ;
#2236 = DIRECTION ( 'NONE',  ( 0.000000000000000000, 0.000000000000000000, -1.000000000000000000 ) ) ;
#2237 = CARTESIAN_POINT ( 'NONE',  ( 32.28693987994346770, -0.7583500328496722842, 3.000000000000000000 ) ) ;
#2238 = VERTEX_POINT ( 'NONE', #2134 ) ;
#2239 = DIRECTION ( 'NONE',  ( 1.000000000000000000, 0.000000000000000000, 0.000000000000000000 ) ) ;
#2240 = DIRECTION ( 'NONE',  ( 1.000000000000000000, 0.000000000000000000, 0.000000000000000000 ) ) ;
#2241 = PLANE ( 'NONE',  #3284 ) ;
#2242 = VECTOR ( 'NONE', #1179, 1000.000000000000114 ) ;
#2243 = CIRCLE ( 'NONE', #985, 1.549999999999922995 ) ;
#2244 = ORIENTED_EDGE ( 'NONE', *, *, #3095, .T. ) ;
#2245 = CARTESIAN_POINT ( 'NONE',  ( 27.77809453819111241, -20.25729479847276693, 27.00000000000000355 ) ) ;
#2246 = VECTOR ( 'NONE', #1008, 1000.000000000000000 ) ;
#2247 = ORIENTED_EDGE ( 'NONE', *, *, #2142, .T. ) ;
#2248 = CARTESIAN_POINT ( 'NONE',  ( 71.31370849898500808, -25.19257296694198089, 21.07106781186551103 ) ) ;
#2249 = EDGE_CURVE ( 'NONE', #1194, #29, #1445, .T. ) ;
#2250 = CIRCLE ( 'NONE', #1913, 1.000000000000000888 ) ;
#2251 = AXIS2_PLACEMENT_3D ( 'NONE', #3526, #2980, #1630 ) ;
#2252 = ORIENTED_EDGE ( 'NONE', *, *, #396, .F. ) ;
#2253 = FACE_BOUND ( 'NONE', #2983, .T. ) ;
#2254 = FACE_BOUND ( 'NONE', #2780, .T. ) ;
#2255 = FACE_BOUND ( 'NONE', #1278, .T. ) ;
#2256 = ORIENTED_EDGE ( 'NONE', *, *, #1245, .F. ) ;
#2257 = CARTESIAN_POINT ( 'NONE',  ( -3.300670485102710217, -166.9610859287279538, 6.000000000000000000 ) ) ;
#2258 = CARTESIAN_POINT ( 'NONE',  ( 137.6188095650339278, -33.62804372838233746, 24.00000000000000000 ) ) ;
#2259 = CARTESIAN_POINT ( 'NONE',  ( 0.000000000000000000, 0.000000000000000000, 3.000000000000000000 ) ) ;
#2260 = ORIENTED_EDGE ( 'NONE', *, *, #3130, .F. ) ;
#2261 = DIRECTION ( 'NONE',  ( 0.000000000000000000, 0.000000000000000000, -1.000000000000000000 ) ) ;
#2262 = CARTESIAN_POINT ( 'NONE',  ( 52.27855208325280501, 25.16217213548496190, 7.006320777183553616 ) ) ;
#2263 = ORIENTED_EDGE ( 'NONE', *, *, #886, .T. ) ;
#2264 = EDGE_CURVE ( 'NONE', #2969, #1145, #348, .T. ) ;
#2265 = PLANE ( 'NONE',  #1740 ) ;
#2266 = EDGE_CURVE ( 'NONE', #3369, #3187, #2346, .T. ) ;
#2267 = ORIENTED_EDGE ( 'NONE', *, *, #1518, .T. ) ;
#2268 = DIRECTION ( 'NONE',  ( 1.000000000000000000, 0.000000000000000000, 0.000000000000000000 ) ) ;
#2269 = CARTESIAN_POINT ( 'NONE',  ( 50.00000000000000000, -102.3011057633860901, 3.000000000000000000 ) ) ;
#2270 = DIRECTION ( 'NONE',  ( 1.000000000000000000, 0.000000000000000000, 0.000000000000000000 ) ) ;
#2271 = EDGE_LOOP ( 'NONE', ( #2027, #260, #572, #3210 ) ) ;
#2272 = LINE ( 'NONE', #2853, #2083 ) ;
#2273 = CARTESIAN_POINT ( 'NONE',  ( 42.51647714206985285, 22.57990959284741805, 3.000000000000000000 ) ) ;
#2274 = LINE ( 'NONE', #203, #1907 ) ;
#2275 = CIRCLE ( 'NONE', #1938, 1.000000000000028644 ) ;
#2276 = VERTEX_POINT ( 'NONE', #46 ) ;
#2277 = CARTESIAN_POINT ( 'NONE',  ( 126.1485615347142044, -47.17859774663494221, 27.00000000000000355 ) ) ;
#2278 = CARTESIAN_POINT ( 'NONE',  ( 51.37067293135418566, 25.42171807585969034, 6.631576306724761061 ) ) ;
#2279 = EDGE_CURVE ( 'NONE', #1918, #1450, #1270, .T. ) ;
#2280 = ORIENTED_EDGE ( 'NONE', *, *, #3107, .T. ) ;
#2281 = DIRECTION ( 'NONE',  ( 1.000000000000000000, 0.000000000000000000, 0.000000000000000000 ) ) ;
#2282 = EDGE_LOOP ( 'NONE', ( #2902, #3227, #3232, #1006 ) ) ;
#2283 = CARTESIAN_POINT ( 'NONE',  ( 42.63856113714639662, -16.70854568867653001, 27.00000000000000355 ) ) ;
#2284 = CARTESIAN_POINT ( 'NONE',  ( -15.96933128205095898, 22.38817675479869607, 3.000000000000000000 ) ) ;
#2285 = CARTESIAN_POINT ( 'NONE',  ( -22.38817675479875646, 15.96933128205086838, 27.00000000000000355 ) ) ;
#2286 = AXIS2_PLACEMENT_3D ( 'NONE', #1480, #1952, #2579 ) ;
#2287 = VERTEX_POINT ( 'NONE', #2817 ) ;
#2288 = AXIS2_PLACEMENT_3D ( 'NONE', #745, #3191, #2454 ) ;
#2289 = CARTESIAN_POINT ( 'NONE',  ( 32.58529922727413464, -7.608069271184578319, 3.000000000000000000 ) ) ;
#2290 = CARTESIAN_POINT ( 'NONE',  ( 71.31370849898500808, 18.59940137613697075, 21.07106781186551103 ) ) ;
#2291 = EDGE_CURVE ( 'NONE', #197, #942, #1731, .T. ) ;
#2292 = CARTESIAN_POINT ( 'NONE',  ( 42.34215503053871998, 12.47384321159759146, 27.00000000000000355 ) ) ;
#2293 = AXIS2_PLACEMENT_3D ( 'NONE', #2048, #2317, #1758 ) ;
#2294 = ORIENTED_EDGE ( 'NONE', *, *, #2898, .F. ) ;
#2295 = DIRECTION ( 'NONE',  ( -0.000000000000000000, -0.000000000000000000, 1.000000000000000000 ) ) ;
#2296 = CARTESIAN_POINT ( 'NONE',  ( 1.414573065044035127, 32.98332254088342808, 3.000000000000000000 ) ) ;
#2297 = EDGE_CURVE ( 'NONE', #3286, #3368, #2108, .T. ) ;
#2298 = AXIS2_PLACEMENT_3D ( 'NONE', #2151, #3287, #1075 ) ;
#2299 = ORIENTED_EDGE ( 'NONE', *, *, #413, .F. ) ;
#2300 = CIRCLE ( 'NONE', #3399, 1.549999999999999378 ) ;
#2301 = SURFACE_STYLE_FILL_AREA ( #2020 ) ;
#2302 = AXIS2_PLACEMENT_3D ( 'NONE', #2714, #1365, #812 ) ;
#2303 = AXIS2_PLACEMENT_3D ( 'NONE', #1267, #1556, #170 ) ;
#2304 = ORIENTED_EDGE ( 'NONE', *, *, #188, .T. ) ;
#2305 = CARTESIAN_POINT ( 'NONE',  ( 148.7261871935858437, -70.58389148598993756, 27.00000000000000355 ) ) ;
#2306 = DIRECTION ( 'NONE',  ( 0.000000000000000000, 0.000000000000000000, -1.000000000000000000 ) ) ;
#2307 = DIRECTION ( 'NONE',  ( 1.000000000000000000, 0.000000000000000000, 0.000000000000000000 ) ) ;
#2308 = ADVANCED_FACE ( 'NONE', ( #85 ), #1976, .F. ) ;
#2309 = VECTOR ( 'NONE', #2061, 1000.000000000000000 ) ;
#2310 = ADVANCED_FACE ( 'NONE', ( #1770 ), #3103, .T. ) ;
#2311 = ORIENTED_EDGE ( 'NONE', *, *, #1151, .T. ) ;
#2312 = FACE_OUTER_BOUND ( 'NONE', #2271, .T. ) ;
#2313 = LINE ( 'NONE', #604, #1878 ) ;
#2314 = CARTESIAN_POINT ( 'NONE',  ( 167.0595205269191865, -65.05618350206425760, 27.00000000000000355 ) ) ;
#2315 = EDGE_CURVE ( 'NONE', #1344, #1822, #3143, .T. ) ;
#2316 = ORIENTED_EDGE ( 'NONE', *, *, #967, .T. ) ;
#2317 = DIRECTION ( 'NONE',  ( -0.5154057535435747628, -0.8569462697358452008, 0.000000000000000000 ) ) ;
#2318 = CARTESIAN_POINT ( 'NONE',  ( 48.51670127592400661, 26.21092146132216172, 6.000000000000002665 ) ) ;
#2319 = VERTEX_POINT ( 'NONE', #676 ) ;
#2320 =( NAMED_UNIT ( * ) SI_UNIT ( $, .STERADIAN. ) SOLID_ANGLE_UNIT ( ) );
#2321 = EDGE_LOOP ( 'NONE', ( #719, #2583, #951, #3122 ) ) ;
#2322 = DIRECTION ( 'NONE',  ( 1.000000000000000000, 0.000000000000000000, 0.000000000000000000 ) ) ;
#2323 = CARTESIAN_POINT ( 'NONE',  ( 147.6555065600999797, -46.35710482608354965, 27.00000000000000355 ) ) ;
#2324 = CARTESIAN_POINT ( 'NONE',  ( 24.00000000000000355, 0.000000000000000000, 6.000000000000000000 ) ) ;
#2325 = EDGE_CURVE ( 'NONE', #623, #2222, #2313, .T. ) ;
#2326 = EDGE_LOOP ( 'NONE', ( #3481, #734, #1898, #2115 ) ) ;
#2327 = LINE ( 'NONE', #2890, #2309 ) ;
#2328 = CARTESIAN_POINT ( 'NONE',  ( 121.2812622533869700, -44.21523160503945604, 27.00000000000000355 ) ) ;
#2329 = DIRECTION ( 'NONE',  ( 3.375505899233605604E-16, 1.000000000000000000, 0.000000000000000000 ) ) ;
#2330 = VERTEX_POINT ( 'NONE', #3417 ) ;
#2331 = CARTESIAN_POINT ( 'NONE',  ( 53.24264068711929809, -75.05618350206425760, 3.000000000000000000 ) ) ;
#2332 = AXIS2_PLACEMENT_3D ( 'NONE', #1294, #3137, #705 ) ;
#2333 = DIRECTION ( 'NONE',  ( -0.000000000000000000, -0.000000000000000000, 1.000000000000000000 ) ) ;
#2334 = VECTOR ( 'NONE', #1553, 1000.000000000000114 ) ;
#2335 = VERTEX_POINT ( 'NONE', #1713 ) ;
#2336 = ADVANCED_FACE ( 'NONE', ( #117 ), #949, .T. ) ;
#2337 = VERTEX_POINT ( 'NONE', #2273 ) ;
#2338 = DIRECTION ( 'NONE',  ( -0.000000000000000000, -0.000000000000000000, 1.000000000000000000 ) ) ;
#2339 = CARTESIAN_POINT ( 'NONE',  ( 141.1401008065564042, -57.92741629335551323, 27.00000000000000355 ) ) ;
#2340 = LINE ( 'NONE', #3462, #2622 ) ;
#2341 = VERTEX_POINT ( 'NONE', #3377 ) ;
#2342 = VECTOR ( 'NONE', #845, 1000.000000000000000 ) ;
#2343 = FACE_OUTER_BOUND ( 'NONE', #87, .T. ) ;
#2344 = EDGE_CURVE ( 'NONE', #1237, #1632, #2051, .T. ) ;
#2345 = DIRECTION ( 'NONE',  ( -9.741761251385846116E-16, -1.000000000000000000, -0.000000000000000000 ) ) ;
#2346 = CIRCLE ( 'NONE', #2808, 0.9999999999999940048 ) ;
#2347 = EDGE_LOOP ( 'NONE', ( #81, #647, #137, #3108, #921, #20, #1422 ) ) ;
#2348 = DIRECTION ( 'NONE',  ( -0.000000000000000000, -0.000000000000000000, 1.000000000000000000 ) ) ;
#2349 = AXIS2_PLACEMENT_3D ( 'NONE', #3381, #3074, #3363 ) ;
#2350 = PLANE ( 'NONE',  #230 ) ;
#2351 = ADVANCED_FACE ( 'NONE', ( #2045 ), #3141, .T. ) ;
#2352 = ORIENTED_EDGE ( 'NONE', *, *, #2107, .F. ) ;
#2353 = LINE ( 'NONE', #3237, #1682 ) ;
#2354 = ORIENTED_EDGE ( 'NONE', *, *, #2214, .T. ) ;
#2355 = AXIS2_PLACEMENT_3D ( 'NONE', #2966, #2088, #498 ) ;
#2356 = ORIENTED_EDGE ( 'NONE', *, *, #118, .F. ) ;
#2357 = ADVANCED_FACE ( 'NONE', ( #2509 ), #326, .F. ) ;
#2358 = DIRECTION ( 'NONE',  ( 1.000000000000000000, 0.000000000000000000, 0.000000000000000000 ) ) ;
#2359 = FACE_BOUND ( 'NONE', #2097, .T. ) ;
#2360 =( GEOMETRIC_REPRESENTATION_CONTEXT ( 3 ) GLOBAL_UNCERTAINTY_ASSIGNED_CONTEXT ( ( #2009 ) ) GLOBAL_UNIT_ASSIGNED_CONTEXT ( ( #711, #2619, #2385 ) ) REPRESENTATION_CONTEXT ( 'NONE', 'WORKASPACE' ) );
#2361 = ORIENTED_EDGE ( 'NONE', *, *, #3352, .T. ) ;
#2362 = CARTESIAN_POINT ( 'NONE',  ( 50.00000000000000000, -102.3011057633860901, 6.000000000000000000 ) ) ;
#2363 = DIRECTION ( 'NONE',  ( -0.000000000000000000, -0.000000000000000000, 1.000000000000000000 ) ) ;
#2364 = AXIS2_PLACEMENT_3D ( 'NONE', #1520, #2617, #148 ) ;
#2365 = EDGE_CURVE ( 'NONE', #3144, #236, #494, .T. ) ;
#2366 = CIRCLE ( 'NONE', #1115, 1.549999999999999378 ) ;
#2367 = EDGE_LOOP ( 'NONE', ( #630, #1464, #361, #2864 ) ) ;
#2368 = EDGE_CURVE ( 'NONE', #101, #1269, #1719, .T. ) ;
#2369 = CARTESIAN_POINT ( 'NONE',  ( 32.28693987994348191, -0.7583500328496657339, 6.000000000000000000 ) ) ;
#2370 = CARTESIAN_POINT ( 'NONE',  ( 23.93817675479867901, -15.96933128205087549, 6.000000000000000000 ) ) ;
#2371 = EDGE_CURVE ( 'NONE', #1761, #297, #2221, .T. ) ;
#2372 = ORIENTED_EDGE ( 'NONE', *, *, #3261, .F. ) ;
#2373 = VECTOR ( 'NONE', #1309, 1000.000000000000000 ) ;
#2374 = EDGE_CURVE ( 'NONE', #1039, #2465, #2625, .T. ) ;
#2375 = DIRECTION ( 'NONE',  ( 0.000000000000000000, 0.000000000000000000, -1.000000000000000000 ) ) ;
#2376 = EDGE_CURVE ( 'NONE', #847, #1269, #2132, .T. ) ;
#2377 = ORIENTED_EDGE ( 'NONE', *, *, #3380, .T. ) ;
#2378 = CYLINDRICAL_SURFACE ( 'NONE', #1001, 1.549999999999922995 ) ;
#2379 = CARTESIAN_POINT ( 'NONE',  ( -29.00000000000000000, 0.000000000000000000, 6.000000000000000000 ) ) ;
#2380 = ORIENTED_EDGE ( 'NONE', *, *, #118, .T. ) ;
#2381 = EDGE_CURVE ( 'NONE', #438, #39, #2080, .T. ) ;
#2382 = ORIENTED_EDGE ( 'NONE', *, *, #2858, .F. ) ;
#2383 = DIRECTION ( 'NONE',  ( -0.000000000000000000, -0.000000000000000000, 1.000000000000000000 ) ) ;
#2384 = DIRECTION ( 'NONE',  ( -0.6518475494139125415, -0.7583500328496576293, -0.000000000000000000 ) ) ;
#2385 =( NAMED_UNIT ( * ) SI_UNIT ( $, .STERADIAN. ) SOLID_ANGLE_UNIT ( ) );
#2386 = EDGE_CURVE ( 'NONE', #1016, #3144, #2923, .T. ) ;
#2387 = DIRECTION ( 'NONE',  ( 1.000000000000000000, 0.000000000000000000, 0.000000000000000000 ) ) ;
#2388 = ORIENTED_EDGE ( 'NONE', *, *, #2932, .F. ) ;
#2389 = DIRECTION ( 'NONE',  ( 1.000000000000000000, 0.000000000000000000, 0.000000000000000000 ) ) ;
#2390 = PRODUCT ( '\X2\5927817f59164fa7\X0\-R', '\X2\5927817f59164fa7\X0\-R', '', ( #987 ) ) ;
#2391 = DIRECTION ( 'NONE',  ( 0.000000000000000000, 0.000000000000000000, -1.000000000000000000 ) ) ;
#2392 = ORIENTED_EDGE ( 'NONE', *, *, #3248, .F. ) ;
#2393 = CIRCLE ( 'NONE', #959, 195.0000000000000000 ) ;
#2394 = DIRECTION ( 'NONE',  ( 0.000000000000000000, 0.000000000000000000, -1.000000000000000000 ) ) ;
#2395 = EDGE_CURVE ( 'NONE', #2513, #1084, #3083, .T. ) ;
#2396 = AXIS2_PLACEMENT_3D ( 'NONE', #2011, #1485, #1468 ) ;
#2397 = ORIENTED_EDGE ( 'NONE', *, *, #1067, .F. ) ;
#2398 = CARTESIAN_POINT ( 'NONE',  ( 42.29040868656031904, -15.95019565582687981, 6.000000000000000000 ) ) ;
#2399 = DIRECTION ( 'NONE',  ( -1.000000000000000000, 0.000000000000000000, 0.000000000000000000 ) ) ;
#2400 = VERTEX_POINT ( 'NONE', #1817 ) ;
#2401 = DIRECTION ( 'NONE',  ( -0.000000000000000000, -0.000000000000000000, 1.000000000000000000 ) ) ;
#2402 = CARTESIAN_POINT ( 'NONE',  ( 138.1188095650339278, -34.49406913216676429, 27.00000000000000355 ) ) ;
#2403 = CARTESIAN_POINT ( 'NONE',  ( 0.000000000000000000, 0.000000000000000000, 0.000000000000000000 ) ) ;
#2404 = VERTEX_POINT ( 'NONE', #1803 ) ;
#2405 = FACE_OUTER_BOUND ( 'NONE', #2451, .T. ) ;
#2406 = ORIENTED_EDGE ( 'NONE', *, *, #2381, .T. ) ;
#2407 = ADVANCED_FACE ( 'NONE', ( #968 ), #709, .F. ) ;
#2408 = LINE ( 'NONE', #2948, #2888 ) ;
#2409 = DIRECTION ( 'NONE',  ( -0.000000000000000000, -0.000000000000000000, 1.000000000000000000 ) ) ;
#2410 = CIRCLE ( 'NONE', #3386, 1.549999999999999378 ) ;
#2411 = ORIENTED_EDGE ( 'NONE', *, *, #946, .F. ) ;
#2412 = CARTESIAN_POINT ( 'NONE',  ( 75.22131129139788186, 16.98024393350874917, 23.49198206076190587 ) ) ;
#2413 = CARTESIAN_POINT ( 'NONE',  ( 157.0595205269191865, -65.05618350206425760, 24.00000000000000000 ) ) ;
#2414 = CIRCLE ( 'NONE', #976, 1.549999999999999378 ) ;
#2415 = ORIENTED_EDGE ( 'NONE', *, *, #785, .F. ) ;
#2416 = CARTESIAN_POINT ( 'NONE',  ( 22.38817675479869962, 15.96933128205095542, 27.00000000000000355 ) ) ;
#2417 = FACE_OUTER_BOUND ( 'NONE', #1099, .T. ) ;
#2418 = VECTOR ( 'NONE', #3530, 1000.000000000000000 ) ;
#2419 = CIRCLE ( 'NONE', #1743, 1.549999999999922995 ) ;
#2420 = VERTEX_POINT ( 'NONE', #202 ) ;
#2421 = DIRECTION ( 'NONE',  ( 0.000000000000000000, 0.000000000000000000, -1.000000000000000000 ) ) ;
#2422 = AXIS2_PLACEMENT_3D ( 'NONE', #1414, #822, #47 ) ;
#2423 = CARTESIAN_POINT ( 'NONE',  ( 32.58529922727413464, -7.608069271184578319, 6.000000000000000000 ) ) ;
#2424 = CARTESIAN_POINT ( 'NONE',  ( 51.98967100175994460, -22.32527981157857866, 6.887624822094872812 ) ) ;
#2425 = CARTESIAN_POINT ( 'NONE',  ( 43.03986744349812454, 20.95605693819462445, 27.00000000000000355 ) ) ;
#2426 = CYLINDRICAL_SURFACE ( 'NONE', #2251, 1.549999999999999378 ) ;
#2427 = DIRECTION ( 'NONE',  ( -0.000000000000000000, -0.000000000000000000, 1.000000000000000000 ) ) ;
#2428 = ORIENTED_EDGE ( 'NONE', *, *, #212, .F. ) ;
#2429 = CARTESIAN_POINT ( 'NONE',  ( 77.73897852919333218, 15.88605197927927826, 23.99999999999998934 ) ) ;
#2430 = DIRECTION ( 'NONE',  ( 0.000000000000000000, 0.000000000000000000, -1.000000000000000000 ) ) ;
#2431 = AXIS2_PLACEMENT_3D ( 'NONE', #1672, #2484, #1706 ) ;
#2432 = ORIENTED_EDGE ( 'NONE', *, *, #1490, .F. ) ;
#2433 = FACE_OUTER_BOUND ( 'NONE', #1392, .T. ) ;
#2434 = DIRECTION ( 'NONE',  ( 0.000000000000000000, 0.000000000000000000, -1.000000000000000000 ) ) ;
#2435 = EDGE_CURVE ( 'NONE', #2632, #684, #1620, .T. ) ;
#2436 = EDGE_LOOP ( 'NONE', ( #2185, #278, #3204, #3076 ) ) ;
#2437 = CARTESIAN_POINT ( 'NONE',  ( 32.18043739650774171, 0.6518475494139142068, 3.000000000000000000 ) ) ;
#2438 = DIRECTION ( 'NONE',  ( 1.000000000000000000, 0.000000000000000000, 0.000000000000000000 ) ) ;
#2439 = CARTESIAN_POINT ( 'NONE',  ( 47.85786437626909873, -75.05618350206425760, 16.00000000000000000 ) ) ;
#2440 = DIRECTION ( 'NONE',  ( 0.000000000000000000, 0.000000000000000000, -1.000000000000000000 ) ) ;
#2441 = CARTESIAN_POINT ( 'NONE',  ( 32.56499258019215404, 8.769738674320914029, 27.00000000000000355 ) ) ;
#2442 = CARTESIAN_POINT ( 'NONE',  ( 71.06264933517812210, -25.12151351349610451, 24.96702296709407776 ) ) ;
#2443 = ORIENTED_EDGE ( 'NONE', *, *, #3340, .T. ) ;
#2444 = CARTESIAN_POINT ( 'NONE',  ( 77.14213562373116417, 16.14804804698766105, 27.00000000000000355 ) ) ;
#2445 = DIRECTION ( 'NONE',  ( -0.000000000000000000, -0.000000000000000000, 1.000000000000000000 ) ) ;
#2446 = EDGE_LOOP ( 'NONE', ( #1128, #1125, #1319, #2491 ) ) ;
#2447 = CARTESIAN_POINT ( 'NONE',  ( 120.7812622533867994, -17.83136398209195761, 27.00000000000000355 ) ) ;
#2448 = EDGE_CURVE ( 'NONE', #2570, #1290, #2908, .T. ) ;
#2449 = LINE ( 'NONE', #2695, #2648 ) ;
#2450 = AXIS2_PLACEMENT_3D ( 'NONE', #2737, #489, #254 ) ;
#2451 = EDGE_LOOP ( 'NONE', ( #3224, #678, #1121, #760 ) ) ;
#2452 = FACE_OUTER_BOUND ( 'NONE', #2795, .T. ) ;
#2453 = DIRECTION ( 'NONE',  ( 0.000000000000000000, 0.000000000000000000, -1.000000000000000000 ) ) ;
#2454 = DIRECTION ( 'NONE',  ( 0.000000000000000000, 0.000000000000000000, -1.000000000000000000 ) ) ;
#2455 = CARTESIAN_POINT ( 'NONE',  ( 24.08274774922728767, 24.56252850066889337, 3.000000000000000000 ) ) ;
#2456 = DIRECTION ( 'NONE',  ( 0.6518475494139128745, 0.7583500328496574072, 0.000000000000000000 ) ) ;
#2457 = DIRECTION ( 'NONE',  ( 1.000000000000000000, 0.000000000000000000, 0.000000000000000000 ) ) ;
#2458 = ORIENTED_EDGE ( 'NONE', *, *, #2582, .T. ) ;
#2459 = ORIENTED_EDGE ( 'NONE', *, *, #223, .T. ) ;
#2460 = CARTESIAN_POINT ( 'NONE',  ( 74.59933479722472782, 17.24451399127339712, 26.67674884755613007 ) ) ;
#2461 = CARTESIAN_POINT ( 'NONE',  ( 109.5474930788881238, -8.449293599694081891, 27.00000000000000355 ) ) ;
#2462 = CIRCLE ( 'NONE', #854, 1.000000000000000888 ) ;
#2463 = EDGE_CURVE ( 'NONE', #1965, #1016, #1263, .T. ) ;
#2464 = AXIS2_PLACEMENT_3D ( 'NONE', #3209, #1094, #1373 ) ;
#2465 = VERTEX_POINT ( 'NONE', #3450 ) ;
#2466 = DIRECTION ( 'NONE',  ( 1.000000000000000000, 0.000000000000000000, 0.000000000000000000 ) ) ;
#2467 = CARTESIAN_POINT ( 'NONE',  ( 113.2658564998433945, -41.16260104328431879, 27.00000000000000355 ) ) ;
#2468 = VECTOR ( 'NONE', #1944, 1000.000000000000000 ) ;
#2469 = EDGE_CURVE ( 'NONE', #404, #157, #3549, .T. ) ;
#2470 = ORIENTED_EDGE ( 'NONE', *, *, #3183, .F. ) ;
#2471 = DIRECTION ( 'NONE',  ( -1.000000000000000000, 0.000000000000000000, 0.000000000000000000 ) ) ;
#2472 = LINE ( 'NONE', #292, #3432 ) ;
#2473 = ORIENTED_EDGE ( 'NONE', *, *, #710, .F. ) ;
#2474 = AXIS2_PLACEMENT_3D ( 'NONE', #1550, #3075, #2399 ) ;
#2475 = DIRECTION ( 'NONE',  ( 1.000000000000000000, 0.000000000000000000, 0.000000000000000000 ) ) ;
#2476 = CARTESIAN_POINT ( 'NONE',  ( 78.38477631085042674, -75.05618350206425760, 14.00000000000000178 ) ) ;
#2477 = EDGE_CURVE ( 'NONE', #2969, #1298, #2968, .T. ) ;
#2478 = EDGE_LOOP ( 'NONE', ( #2616, #1482, #378, #1430, #1595, #3177 ) ) ;
#2479 = ORIENTED_EDGE ( 'NONE', *, *, #452, .F. ) ;
#2480 = CARTESIAN_POINT ( 'NONE',  ( 1.414573065044035793, 32.98332254088348492, 6.000000000000000000 ) ) ;
#2481 = DIRECTION ( 'NONE',  ( 0.8569462697358462000, -0.5154057535435732085, 0.000000000000000000 ) ) ;
#2482 = EDGE_CURVE ( 'NONE', #2686, #947, #1776, .T. ) ;
#2483 = ORIENTED_EDGE ( 'NONE', *, *, #1023, .F. ) ;
#2484 = DIRECTION ( 'NONE',  ( -0.000000000000000000, -0.000000000000000000, 1.000000000000000000 ) ) ;
#2485 = EDGE_CURVE ( 'NONE', #2768, #3073, #3468, .T. ) ;
#2486 = AXIS2_PLACEMENT_3D ( 'NONE', #970, #1592, #3453 ) ;
#2487 = ORIENTED_EDGE ( 'NONE', *, *, #1477, .F. ) ;
#2488 = ORIENTED_EDGE ( 'NONE', *, *, #3115, .F. ) ;
#2489 = DIRECTION ( 'NONE',  ( 1.000000000000000000, 0.000000000000000000, 0.000000000000000000 ) ) ;
#2490 = DIRECTION ( 'NONE',  ( -0.000000000000000000, -0.000000000000000000, 1.000000000000000000 ) ) ;
#2491 = ORIENTED_EDGE ( 'NONE', *, *, #132, .F. ) ;
#2492 = DIRECTION ( 'NONE',  ( -0.000000000000000000, -0.000000000000000000, 1.000000000000000000 ) ) ;
#2493 = EDGE_CURVE ( 'NONE', #1185, #2404, #3190, .T. ) ;
#2494 = CARTESIAN_POINT ( 'NONE',  ( 71.31370849898500808, 18.59940137613697075, 21.07106781186551103 ) ) ;
#2495 = ORIENTED_EDGE ( 'NONE', *, *, #2000, .F. ) ;
#2496 = EDGE_LOOP ( 'NONE', ( #2428, #526, #1674, #2388 ) ) ;
#2497 = CARTESIAN_POINT ( 'NONE',  ( 70.31175737284090133, 18.99933299303563317, 24.31175737284068461 ) ) ;
#2498 = LINE ( 'NONE', #557, #1616 ) ;
#2499 = ORIENTED_EDGE ( 'NONE', *, *, #1410, .T. ) ;
#2500 = DIRECTION ( 'NONE',  ( -0.000000000000000000, -0.000000000000000000, 1.000000000000000000 ) ) ;
#2501 = EDGE_CURVE ( 'NONE', #1640, #3020, #1848, .T. ) ;
#2502 = ORIENTED_EDGE ( 'NONE', *, *, #1151, .F. ) ;
#2503 = AXIS2_PLACEMENT_3D ( 'NONE', #1900, #2490, #1071 ) ;
#2504 = FACE_BOUND ( 'NONE', #1659, .T. ) ;
#2505 = DIRECTION ( 'NONE',  ( 1.000000000000000000, 0.000000000000000000, 0.000000000000000000 ) ) ;
#2506 = AXIS2_PLACEMENT_3D ( 'NONE', #3086, #1733, #1315 ) ;
#2507 = ORIENTED_EDGE ( 'NONE', *, *, #2854, .F. ) ;
#2508 = DIRECTION ( 'NONE',  ( 0.7071067811865435759, 0.000000000000000000, -0.7071067811865514585 ) ) ;
#2509 = FACE_OUTER_BOUND ( 'NONE', #56, .T. ) ;
#2510 = CARTESIAN_POINT ( 'NONE',  ( 22.38817675479875646, -15.96933128205087549, 6.000000000000000000 ) ) ;
#2511 = EDGE_CURVE ( 'NONE', #1450, #842, #1830, .T. ) ;
#2512 = EDGE_LOOP ( 'NONE', ( #896, #607, #3158, #2859 ) ) ;
#2513 = VERTEX_POINT ( 'NONE', #2668 ) ;
#2514 = DIRECTION ( 'NONE',  ( 0.000000000000000000, 0.000000000000000000, 1.000000000000000000 ) ) ;
#2515 = VERTEX_POINT ( 'NONE', #401 ) ;
#2516 = AXIS2_PLACEMENT_3D ( 'NONE', #1423, #2832, #340 ) ;
#2517 = CARTESIAN_POINT ( 'NONE',  ( 30.89066313467422020, 9.020360955876590481, 6.000000000000000000 ) ) ;
#2518 = AXIS2_PLACEMENT_3D ( 'NONE', #2747, #3295, #2771 ) ;
#2519 = EDGE_CURVE ( 'NONE', #1934, #3361, #1935, .T. ) ;
#2520 = EDGE_CURVE ( 'NONE', #33, #1701, #2472, .T. ) ;
#2521 = ORIENTED_EDGE ( 'NONE', *, *, #2096, .T. ) ;
#2522 = EDGE_LOOP ( 'NONE', ( #965, #324, #446, #1979 ) ) ;
#2523 = CIRCLE ( 'NONE', #2179, 1.549999999999922995 ) ;
#2524 = DIRECTION ( 'NONE',  ( -1.000000000000000000, 0.000000000000000000, 0.000000000000000000 ) ) ;
#2525 = DIRECTION ( 'NONE',  ( 1.000000000000000000, 0.000000000000000000, 0.000000000000000000 ) ) ;
#2526 = ORIENTED_EDGE ( 'NONE', *, *, #1470, .F. ) ;
#2527 = ADVANCED_FACE ( 'NONE', ( #2718 ), #2203, .F. ) ;
#2528 = CARTESIAN_POINT ( 'NONE',  ( 15.96933128205087549, 22.38817675479875646, 6.000000000000000000 ) ) ;
#2529 = CARTESIAN_POINT ( 'NONE',  ( 126.6485615347141760, -48.04462315041931930, 27.00000000000000355 ) ) ;
#2530 = CARTESIAN_POINT ( 'NONE',  ( 141.1401008065564042, -57.92741629335551323, 24.00000000000000000 ) ) ;
#2531 = CIRCLE ( 'NONE', #3161, 1.549999999999877920 ) ;
#2532 = EDGE_CURVE ( 'NONE', #3437, #44, #2852, .T. ) ;
#2533 = VECTOR ( 'NONE', #1593, 1000.000000000000000 ) ;
#2534 = EDGE_LOOP ( 'NONE', ( #1862, #695, #1877, #2092 ) ) ;
#2535 = ORIENTED_EDGE ( 'NONE', *, *, #2365, .T. ) ;
#2536 = DIRECTION ( 'NONE',  ( 1.000000000000000000, 0.000000000000000000, 0.000000000000000000 ) ) ;
#2537 = FACE_OUTER_BOUND ( 'NONE', #147, .T. ) ;
#2538 = AXIS2_PLACEMENT_3D ( 'NONE', #3142, #677, #100 ) ;
#2539 = ORIENTED_EDGE ( 'NONE', *, *, #718, .T. ) ;
#2540 = CARTESIAN_POINT ( 'NONE',  ( 109.1240300044757419, -7.632222505214558694, 27.00000000000000355 ) ) ;
#2541 = AXIS2_PLACEMENT_3D ( 'NONE', #3376, #908, #3357 ) ;
#2542 = AXIS2_PLACEMENT_3D ( 'NONE', #2584, #2010, #893 ) ;
#2543 = ORIENTED_EDGE ( 'NONE', *, *, #126, .T. ) ;
#2544 = CARTESIAN_POINT ( 'NONE',  ( 24.99872716189555177, 24.96375376852713046, 6.000000000000000000 ) ) ;
#2545 = CARTESIAN_POINT ( 'NONE',  ( 32.93878742935740433, 0.000000000000000000, 27.00000000000000355 ) ) ;
#2546 = CARTESIAN_POINT ( 'NONE',  ( 65.10856835667502196, -23.57365313970371190, 19.10856835667487630 ) ) ;
#2547 = ORIENTED_EDGE ( 'NONE', *, *, #2325, .F. ) ;
#2548 = VECTOR ( 'NONE', #1747, 1000.000000000000000 ) ;
#2549 = CARTESIAN_POINT ( 'NONE',  ( 84.88477631085042674, -23.26567003385797960, 27.00000000000000355 ) ) ;
#2550 = CARTESIAN_POINT ( 'NONE',  ( 31.93345167786021932, -8.366419304034240056, 3.000000000000000000 ) ) ;
#2551 = CARTESIAN_POINT ( 'NONE',  ( 44.10050506338836129, -75.05618350206428602, 6.000000000000000000 ) ) ;
#2552 = B_SPLINE_CURVE_WITH_KNOTS ( 'NONE', 3,
 ( #156, #2429, #3181, #1323, #1027, #2412, #3254, #1596, #787, #1823, #443, #2900, #2644, #1856 ),
 .UNSPECIFIED., .F., .F.,
 ( 4, 2, 2, 2, 2, 2, 4 ),
 ( 0.000000000000000000, 0.002093496278921456490, 0.003140244418382204250, 0.004186992557842952010, 0.006280488836764405031, 0.007327236976225131107, 0.008373985115685858918 ),
 .UNSPECIFIED. ) ;
#2553 = VERTEX_POINT ( 'NONE', #3264 ) ;
#2554 = DIRECTION ( 'NONE',  ( -0.000000000000000000, -0.000000000000000000, 1.000000000000000000 ) ) ;
#2555 = CARTESIAN_POINT ( 'NONE',  ( 141.1401008065564042, -57.92741629335551323, 27.00000000000000355 ) ) ;
#2556 = EDGE_LOOP ( 'NONE', ( #382, #2769, #3471, #1246 ) ) ;
#2557 = DIRECTION ( 'NONE',  ( 0.000000000000000000, 0.000000000000000000, -1.000000000000000000 ) ) ;
#2558 = ORIENTED_EDGE ( 'NONE', *, *, #2898, .T. ) ;
#2559 = EDGE_CURVE ( 'NONE', #1566, #3144, #2975, .T. ) ;
#2560 = CARTESIAN_POINT ( 'NONE',  ( 31.00634271786370277, -7.991627393376908195, 3.000000000000000000 ) ) ;
#2561 = DIRECTION ( 'NONE',  ( -0.000000000000000000, -0.000000000000000000, 1.000000000000000000 ) ) ;
#2562 = CARTESIAN_POINT ( 'NONE',  ( -3.300670485102710217, -166.9610859287279538, 3.000000000000000000 ) ) ;
#2563 = VERTEX_POINT ( 'NONE', #2423 ) ;
#2564 = EDGE_CURVE ( 'NONE', #3458, #2678, #1056, .T. ) ;
#2565 = CARTESIAN_POINT ( 'NONE',  ( 56.17157287525380838, -22.53951294926637061, 5.928932188134474757 ) ) ;
#2566 = DIRECTION ( 'NONE',  ( 0.9456581578068810057, 0.3251624956437874081, 0.000000000000000000 ) ) ;
#2567 = CYLINDRICAL_SURFACE ( 'NONE', #2538, 20.00000000000001776 ) ;
#2568 = AXIS2_PLACEMENT_3D ( 'NONE', #617, #1200, #1184 ) ;
#2569 = EDGE_CURVE ( 'NONE', #3477, #939, #2149, .T. ) ;
#2570 = VERTEX_POINT ( 'NONE', #1370 ) ;
#2571 = DIRECTION ( 'NONE',  ( -0.000000000000000000, -0.000000000000000000, 1.000000000000000000 ) ) ;
#2572 = CARTESIAN_POINT ( 'NONE',  ( 54.92893218813453871, 24.37451810909071881, 8.928932188134488968 ) ) ;
#2573 = ORIENTED_EDGE ( 'NONE', *, *, #1518, .F. ) ;
#2574 = DIRECTION ( 'NONE',  ( 0.000000000000000000, 0.000000000000000000, -1.000000000000000000 ) ) ;
#2575 = EDGE_LOOP ( 'NONE', ( #269, #1717, #1757, #2256 ) ) ;
#2576 = EDGE_CURVE ( 'NONE', #3477, #1934, #3371, .T. ) ;
#2577 = VERTEX_POINT ( 'NONE', #1921 ) ;
#2578 = LINE ( 'NONE', #631, #2548 ) ;
#2579 = DIRECTION ( 'NONE',  ( -1.000000000000000000, 0.000000000000000000, 0.000000000000000000 ) ) ;
#2580 = DIRECTION ( 'NONE',  ( -0.000000000000000000, -0.000000000000000000, 1.000000000000000000 ) ) ;
#2581 = VECTOR ( 'NONE', #562, 1000.000000000000000 ) ;
#2582 = EDGE_CURVE ( 'NONE', #2815, #1651, #371, .T. ) ;
#2583 = ORIENTED_EDGE ( 'NONE', *, *, #283, .F. ) ;
#2584 = CARTESIAN_POINT ( 'NONE',  ( 6.071532165918824830E-15, -27.00000000000003197, 6.000000000000000000 ) ) ;
#2585 = DIRECTION ( 'NONE',  ( -0.000000000000000000, -0.000000000000000000, 1.000000000000000000 ) ) ;
#2586 = LINE ( 'NONE', #932, #2937 ) ;
#2587 = CIRCLE ( 'NONE', #3212, 0.9999999999999765743 ) ;
#2588 = VERTEX_POINT ( 'NONE', #3301 ) ;
#2589 = DIRECTION ( 'NONE',  ( -1.000000000000000000, 0.000000000000000000, 0.000000000000000000 ) ) ;
#2590 = AXIS2_PLACEMENT_3D ( 'NONE', #648, #356, #1235 ) ;
#2591 = CARTESIAN_POINT ( 'NONE',  ( 121.2812622533869700, -44.21523160503945604, 27.00000000000000355 ) ) ;
#2592 = AXIS2_PLACEMENT_3D ( 'NONE', #1031, #3259, #3552 ) ;
#2593 = ORIENTED_EDGE ( 'NONE', *, *, #188, .F. ) ;
#2594 = ORIENTED_EDGE ( 'NONE', *, *, #2576, .F. ) ;
#2595 = ORIENTED_EDGE ( 'NONE', *, *, #2743, .T. ) ;
#2596 = CYLINDRICAL_SURFACE ( 'NONE', #2711, 0.9999999999999940048 ) ;
#2597 = CARTESIAN_POINT ( 'NONE',  ( -20.83817675479876286, 15.96933128205086838, 27.00000000000000355 ) ) ;
#2598 = DIRECTION ( 'NONE',  ( 1.000000000000000000, 0.000000000000000000, 0.000000000000000000 ) ) ;
#2599 = VECTOR ( 'NONE', #26, 1000.000000000000000 ) ;
#2600 = VERTEX_POINT ( 'NONE', #2220 ) ;
#2601 = CARTESIAN_POINT ( 'NONE',  ( 47.85786437626909873, -75.05618350206425760, 6.000000000000000000 ) ) ;
#2602 = DIRECTION ( 'NONE',  ( -0.000000000000000000, -0.000000000000000000, 1.000000000000000000 ) ) ;
#2603 = DIRECTION ( 'NONE',  ( 1.000000000000000000, 0.000000000000000000, 0.000000000000000000 ) ) ;
#2604 = CIRCLE ( 'NONE', #823, 1.000000000000000888 ) ;
#2605 = ORIENTED_EDGE ( 'NONE', *, *, #1970, .F. ) ;
#2606 = EDGE_CURVE ( 'NONE', #3073, #3331, #2791, .T. ) ;
#2607 = CARTESIAN_POINT ( 'NONE',  ( 22.38817675479875646, -15.96933128205087549, 27.00000000000000355 ) ) ;
#2608 = CARTESIAN_POINT ( 'NONE',  ( 52.32574558015944177, -22.33262890933377776, 3.511764201674218544 ) ) ;
#2609 = ORIENTED_EDGE ( 'NONE', *, *, #1601, .T. ) ;
#2610 = SURFACE_SIDE_STYLE ('',( #2301 ) ) ;
#2611 = ADVANCED_FACE ( 'NONE', ( #529 ), #2700, .F. ) ;
#2612 = ORIENTED_EDGE ( 'NONE', *, *, #3305, .F. ) ;
#2613 = CARTESIAN_POINT ( 'NONE',  ( 41.63856113714640372, -16.70854568867653001, 3.000000000000000000 ) ) ;
#2614 = DIRECTION ( 'NONE',  ( 0.8660254037844407060, 0.4999999999999962808, 0.000000000000000000 ) ) ;
#2615 = DIRECTION ( 'NONE',  ( 1.000000000000000000, 0.000000000000000000, 0.000000000000000000 ) ) ;
#2616 = ORIENTED_EDGE ( 'NONE', *, *, #204, .T. ) ;
#2617 = DIRECTION ( 'NONE',  ( 0.000000000000000000, 0.000000000000000000, -1.000000000000000000 ) ) ;
#2618 = CARTESIAN_POINT ( 'NONE',  ( 141.6555065600999512, -39.38035940029868698, 24.00000000000000000 ) ) ;
#2619 =( NAMED_UNIT ( * ) PLANE_ANGLE_UNIT ( ) SI_UNIT ( $, .RADIAN. ) );
#2620 = ORIENTED_EDGE ( 'NONE', *, *, #2077, .F. ) ;
#2621 = CARTESIAN_POINT ( 'NONE',  ( 32.58529922727413464, -7.608069271184578319, 27.00000000000000355 ) ) ;
#2622 = VECTOR ( 'NONE', #3154, 1000.000000000000000 ) ;
#2623 = DIRECTION ( 'NONE',  ( 0.000000000000000000, 0.000000000000000000, -1.000000000000000000 ) ) ;
#2624 = EDGE_CURVE ( 'NONE', #335, #757, #2393, .T. ) ;
#2625 = CIRCLE ( 'NONE', #1077, 1.549999999999999822 ) ;
#2626 = VERTEX_POINT ( 'NONE', #1937 ) ;
#2627 = CARTESIAN_POINT ( 'NONE',  ( 31.93345167786021932, -8.366419304034240056, 6.000000000000000000 ) ) ;
#2628 = VERTEX_POINT ( 'NONE', #563 ) ;
#2629 = LINE ( 'NONE', #3118, #3006 ) ;
#2630 = CYLINDRICAL_SURFACE ( 'NONE', #1268, 1.000000000000000888 ) ;
#2631 = DIRECTION ( 'NONE',  ( 1.000000000000000000, 0.000000000000000000, 0.000000000000000000 ) ) ;
#2632 = VERTEX_POINT ( 'NONE', #1677 ) ;
#2633 = VECTOR ( 'NONE', #1945, 1000.000000000000000 ) ;
#2634 = DIRECTION ( 'NONE',  ( 0.000000000000000000, 0.000000000000000000, -1.000000000000000000 ) ) ;
#2635 = CARTESIAN_POINT ( 'NONE',  ( 113.7812622533869416, -40.30565477354845427, 27.00000000000000355 ) ) ;
#2636 = CIRCLE ( 'NONE', #2924, 1.549999999999999822 ) ;
#2637 = EDGE_CURVE ( 'NONE', #1918, #1416, #1864, .T. ) ;
#2638 = ORIENTED_EDGE ( 'NONE', *, *, #475, .F. ) ;
#2639 = DIRECTION ( 'NONE',  ( 1.000000000000000000, 0.000000000000000000, 0.000000000000000000 ) ) ;
#2640 = VECTOR ( 'NONE', #3178, 1000.000000000000000 ) ;
#2641 = LINE ( 'NONE', #2153, #2824 ) ;
#2642 = EDGE_CURVE ( 'NONE', #207, #1640, #1880, .T. ) ;
#2643 = ORIENTED_EDGE ( 'NONE', *, *, #337, .F. ) ;
#2644 = CARTESIAN_POINT ( 'NONE',  ( 71.55464796079763801, 18.50251896018182762, 21.31200727367816583 ) ) ;
#2645 = ORIENTED_EDGE ( 'NONE', *, *, #2214, .F. ) ;
#2646 = AXIS2_PLACEMENT_3D ( 'NONE', #1762, #107, #940 ) ;
#2647 = ORIENTED_EDGE ( 'NONE', *, *, #1673, .T. ) ;
#2648 = VECTOR ( 'NONE', #759, 1000.000000000000227 ) ;
#2649 = DIRECTION ( 'NONE',  ( 1.000000000000000000, 0.000000000000000000, 0.000000000000000000 ) ) ;
#2650 = CARTESIAN_POINT ( 'NONE',  ( -33.00000000000000000, -75.05618350206425760, 6.000000000000000000 ) ) ;
#2651 = VECTOR ( 'NONE', #2391, 1000.000000000000000 ) ;
#2652 = VERTEX_POINT ( 'NONE', #272 ) ;
#2653 = CARTESIAN_POINT ( 'NONE',  ( -23.93817675479868967, -15.96933128205095898, 3.000000000000000000 ) ) ;
#2654 = DIRECTION ( 'NONE',  ( 1.000000000000000000, 0.000000000000000000, 0.000000000000000000 ) ) ;
#2655 = CYLINDRICAL_SURFACE ( 'NONE', #1558, 9.999999999999998224 ) ;
#2656 = AXIS2_PLACEMENT_3D ( 'NONE', #821, #1356, #1883 ) ;
#2657 = ORIENTED_EDGE ( 'NONE', *, *, #2096, .F. ) ;
#2658 = CARTESIAN_POINT ( 'NONE',  ( 90.96405219629164662, -26.68400169519597043, 27.00000000000000355 ) ) ;
#2659 = CARTESIAN_POINT ( 'NONE',  ( -23.93817675479868967, -15.96933128205095898, 27.00000000000000355 ) ) ;
#2660 = ORIENTED_EDGE ( 'NONE', *, *, #569, .T. ) ;
#2661 = CARTESIAN_POINT ( 'NONE',  ( 50.00000000000000000, -102.3011057633860901, 24.00000000000000000 ) ) ;
#2662 = ORIENTED_EDGE ( 'NONE', *, *, #2297, .F. ) ;
#2663 = FACE_OUTER_BOUND ( 'NONE', #2496, .T. ) ;
#2664 = FACE_BOUND ( 'NONE', #554, .T. ) ;
#2665 = EDGE_CURVE ( 'NONE', #3324, #1439, #1193, .T. ) ;
#2666 = VERTEX_POINT ( 'NONE', #219 ) ;
#2667 = CARTESIAN_POINT ( 'NONE',  ( 25.14460034564295654, 25.95305706593564210, 27.00000000000000355 ) ) ;
#2668 = CARTESIAN_POINT ( 'NONE',  ( -24.00000000000000355, -2.939152317953648289E-15, 3.000000000000000000 ) ) ;
#2669 = CARTESIAN_POINT ( 'NONE',  ( 49.17877546483268958, -22.30275776515128783, 6.066134191903575612 ) ) ;
#2670 = ORIENTED_EDGE ( 'NONE', *, *, #3465, .F. ) ;
#2671 = DIRECTION ( 'NONE',  ( 0.4012252678582362009, -0.9159794126682578863, 0.000000000000000000 ) ) ;
#2672 = DIRECTION ( 'NONE',  ( 0.000000000000000000, 0.000000000000000000, -1.000000000000000000 ) ) ;
#2673 = EDGE_CURVE ( 'NONE', #1129, #404, #2759, .T. ) ;
#2674 = VERTEX_POINT ( 'NONE', #1353 ) ;
#2675 = VECTOR ( 'NONE', #3285, 1000.000000000000000 ) ;
#2676 = LINE ( 'NONE', #1341, #2418 ) ;
#2677 = AXIS2_PLACEMENT_3D ( 'NONE', #2111, #2871, #2654 ) ;
#2678 = VERTEX_POINT ( 'NONE', #2958 ) ;
#2679 = CARTESIAN_POINT ( 'NONE',  ( 41.63856113714640372, -16.70854568867653001, 27.00000000000000355 ) ) ;
#2680 = CARTESIAN_POINT ( 'NONE',  ( 142.6555065600999512, -39.38035940029874382, 27.00000000000000355 ) ) ;
#2681 = EDGE_CURVE ( 'NONE', #1292, #2065, #3546, .T. ) ;
#2682 = ORIENTED_EDGE ( 'NONE', *, *, #2637, .T. ) ;
#2683 = CARTESIAN_POINT ( 'NONE',  ( 141.6555065600999512, -57.07047002361964871, 24.00000000000000000 ) ) ;
#2684 = CARTESIAN_POINT ( 'NONE',  ( -15.96933128205095898, 22.38817675479869607, 6.000000000000000000 ) ) ;
#2685 = DIRECTION ( 'NONE',  ( -0.000000000000000000, -0.000000000000000000, 1.000000000000000000 ) ) ;
#2686 = VERTEX_POINT ( 'NONE', #1972 ) ;
#2687 = CARTESIAN_POINT ( 'NONE',  ( 137.6188095650339278, -33.62804372838233746, 24.00000000000000000 ) ) ;
#2688 = DIRECTION ( 'NONE',  ( -0.000000000000000000, -0.000000000000000000, 1.000000000000000000 ) ) ;
#2689 = VECTOR ( 'NONE', #3153, 1000.000000000000000 ) ;
#2690 = VERTEX_POINT ( 'NONE', #2237 ) ;
#2691 = DIRECTION ( 'NONE',  ( 1.000000000000000000, 0.000000000000000000, 0.000000000000000000 ) ) ;
#2692 = FACE_OUTER_BOUND ( 'NONE', #3365, .T. ) ;
#2693 = ORIENTED_EDGE ( 'NONE', *, *, #3280, .T. ) ;
#2694 = DIRECTION ( 'NONE',  ( 1.000000000000000000, 0.000000000000000000, 0.000000000000000000 ) ) ;
#2695 = CARTESIAN_POINT ( 'NONE',  ( 24.08274774922728767, 24.56252850066889337, 3.000000000000000000 ) ) ;
#2696 = AXIS2_PLACEMENT_3D ( 'NONE', #353, #663, #697 ) ;
#2697 = ORIENTED_EDGE ( 'NONE', *, *, #1362, .F. ) ;
#2698 = CARTESIAN_POINT ( 'NONE',  ( 121.2812622533869700, -44.21523160503945604, 24.00000000000000000 ) ) ;
#2699 = AXIS2_PLACEMENT_3D ( 'NONE', #950, #1715, #1486 ) ;
#2700 = CYLINDRICAL_SURFACE ( 'NONE', #375, 1.000000000000014655 ) ;
#2701 = CARTESIAN_POINT ( 'NONE',  ( 93.80948905120388304, -29.46067283583923668, 27.00000000000000355 ) ) ;
#2702 = CARTESIAN_POINT ( 'NONE',  ( 1.549999999999999822, 29.00000000000000000, 3.000000000000000000 ) ) ;
#2703 = CARTESIAN_POINT ( 'NONE',  ( 149.1555065600999512, -61.23446889129949255, 24.00000000000000000 ) ) ;
#2704 = FACE_OUTER_BOUND ( 'NONE', #2973, .T. ) ;
#2705 = CIRCLE ( 'NONE', #3409, 1.549999999999999378 ) ;
#2706 = VECTOR ( 'NONE', #2671, 999.9999999999998863 ) ;
#2707 = EDGE_CURVE ( 'NONE', #3282, #3117, #434, .T. ) ;
#2708 = ORIENTED_EDGE ( 'NONE', *, *, #3430, .T. ) ;
#2709 = CARTESIAN_POINT ( 'NONE',  ( 23.93817675479867901, -15.96933128205087549, 27.00000000000000355 ) ) ;
#2710 = CARTESIAN_POINT ( 'NONE',  ( 32.56499258019215404, 8.769738674320914029, 6.000000000000000000 ) ) ;
#2711 = AXIS2_PLACEMENT_3D ( 'NONE', #2679, #447, #214 ) ;
#2712 = EDGE_LOOP ( 'NONE', ( #3027, #2128 ) ) ;
#2713 = DIRECTION ( 'NONE',  ( 1.000000000000000000, 0.000000000000000000, 0.000000000000000000 ) ) ;
#2714 = CARTESIAN_POINT ( 'NONE',  ( 120.7812622533867994, -17.83136398209195761, 24.00000000000000000 ) ) ;
#2715 = ADVANCED_FACE ( 'NONE', ( #852 ), #2850, .F. ) ;
#2716 = VERTEX_POINT ( 'NONE', #3355 ) ;
#2717 = CARTESIAN_POINT ( 'NONE',  ( 109.1240300044757419, -7.632222505214558694, 27.00000000000000355 ) ) ;
#2718 = FACE_OUTER_BOUND ( 'NONE', #2196, .T. ) ;
#2719 = DIRECTION ( 'NONE',  ( 0.000000000000000000, 1.000000000000000000, 0.000000000000000000 ) ) ;
#2720 = EDGE_CURVE ( 'NONE', #1062, #1718, #3048, .T. ) ;
#2721 = DIRECTION ( 'NONE',  ( 1.000000000000000000, 0.000000000000000000, 0.000000000000000000 ) ) ;
#2722 = CARTESIAN_POINT ( 'NONE',  ( 0.000000000000000000, -29.00000000000000000, 27.00000000000000355 ) ) ;
#2723 = EDGE_CURVE ( 'NONE', #990, #2626, #1413, .T. ) ;
#2724 = CARTESIAN_POINT ( 'NONE',  ( -30.55000000000000071, -1.898202538678392282E-16, 3.000000000000000000 ) ) ;
#2725 = ORIENTED_EDGE ( 'NONE', *, *, #3485, .T. ) ;
#2726 = ORIENTED_EDGE ( 'NONE', *, *, #373, .T. ) ;
#2727 = CARTESIAN_POINT ( 'NONE',  ( -14.41933128205096004, 22.38817675479869607, 27.00000000000000355 ) ) ;
#2728 = CARTESIAN_POINT ( 'NONE',  ( 142.6555065600999797, -57.07047002361966292, 27.00000000000000355 ) ) ;
#2729 = ADVANCED_FACE ( 'NONE', ( #1424 ), #2778, .F. ) ;
#2730 = EDGE_LOOP ( 'NONE', ( #1532, #2725, #3415, #2593 ) ) ;
#2731 = CARTESIAN_POINT ( 'NONE',  ( 77.09356621884104754, -27.02568971976969081, 23.93723165243045869 ) ) ;
#2732 = DIRECTION ( 'NONE',  ( -1.000000000000000000, 0.000000000000000000, 0.000000000000000000 ) ) ;
#2733 = CIRCLE ( 'NONE', #2332, 2.549999999999996714 ) ;
#2734 = ORIENTED_EDGE ( 'NONE', *, *, #390, .F. ) ;
#2735 = CARTESIAN_POINT ( 'NONE',  ( -23.93817675479875362, 15.96933128205086838, 6.000000000000000000 ) ) ;
#2736 = ADVANCED_FACE ( 'NONE', ( #3335 ), #1767, .F. ) ;
#2737 = CARTESIAN_POINT ( 'NONE',  ( -3.300670485102710217, -166.9610859287279538, 27.00000000000000355 ) ) ;
#2738 = EDGE_LOOP ( 'NONE', ( #2458, #849, #2247, #2233, #1529, #298, #3016 ) ) ;
#2739 = ORIENTED_EDGE ( 'NONE', *, *, #934, .F. ) ;
#2740 = DIRECTION ( 'NONE',  ( 0.000000000000000000, 0.000000000000000000, -1.000000000000000000 ) ) ;
#2741 = DIRECTION ( 'NONE',  ( -0.000000000000000000, -0.000000000000000000, 1.000000000000000000 ) ) ;
#2742 = ADVANCED_FACE ( 'NONE', ( #1481 ), #1727, .F. ) ;
#2743 = EDGE_CURVE ( 'NONE', #2330, #2570, #2275, .T. ) ;
#2744 = EDGE_LOOP ( 'NONE', ( #2526, #3509, #168, #1764 ) ) ;
#2745 = EDGE_LOOP ( 'NONE', ( #1685, #596, #1986, #1158 ) ) ;
#2746 = CARTESIAN_POINT ( 'NONE',  ( 157.0595205269191865, -65.05618350206425760, 24.00000000000000000 ) ) ;
#2747 = CARTESIAN_POINT ( 'NONE',  ( -3.300670485102710217, -166.9610859287279538, 24.00000000000000000 ) ) ;
#2748 = VECTOR ( 'NONE', #3136, 1000.000000000000000 ) ;
#2749 = VECTOR ( 'NONE', #1021, 1000.000000000000000 ) ;
#2750 = ORIENTED_EDGE ( 'NONE', *, *, #3060, .F. ) ;
#2751 = ADVANCED_FACE ( 'NONE', ( #96 ), #3394, .F. ) ;
#2752 = CYLINDRICAL_SURFACE ( 'NONE', #1901, 1.000000000000000888 ) ;
#2753 = EDGE_LOOP ( 'NONE', ( #1396, #3078, #2380, #3188 ) ) ;
#2754 = CIRCLE ( 'NONE', #3448, 2.549999999999996714 ) ;
#2755 = ORIENTED_EDGE ( 'NONE', *, *, #2249, .T. ) ;
#2756 = EDGE_CURVE ( 'NONE', #2674, #1811, #872, .T. ) ;
#2757 = COLOUR_RGB ( '',0.7921568627450980005, 0.8196078431372548767, 0.9333333333333333481 ) ;
#2758 = CARTESIAN_POINT ( 'NONE',  ( 44.10050506338838261, -8.734608624843867020, 3.000000000000000000 ) ) ;
#2759 = LINE ( 'NONE', #28, #1311 ) ;
#2760 = VECTOR ( 'NONE', #3223, 1000.000000000000000 ) ;
#2761 = VERTEX_POINT ( 'NONE', #1710 ) ;
#2762 = AXIS2_PLACEMENT_3D ( 'NONE', #2544, #1374, #78 ) ;
#2763 = AXIS2_PLACEMENT_3D ( 'NONE', #2962, #2137, #209 ) ;
#2764 = LINE ( 'NONE', #3269, #817 ) ;
#2765 = DIRECTION ( 'NONE',  ( -0.000000000000000000, -0.000000000000000000, 1.000000000000000000 ) ) ;
#2766 = CIRCLE ( 'NONE', #3225, 32.99999999999997868 ) ;
#2767 = EDGE_CURVE ( 'NONE', #1387, #2238, #2162, .T. ) ;
#2768 = VERTEX_POINT ( 'NONE', #599 ) ;
#2769 = ORIENTED_EDGE ( 'NONE', *, *, #2842, .T. ) ;
#2770 = FACE_BOUND ( 'NONE', #515, .T. ) ;
#2771 = DIRECTION ( 'NONE',  ( 1.000000000000000000, 0.000000000000000000, 0.000000000000000000 ) ) ;
#2772 = VECTOR ( 'NONE', #362, 1000.000000000000000 ) ;
#2773 = ORIENTED_EDGE ( 'NONE', *, *, #195, .F. ) ;
#2774 = DIRECTION ( 'NONE',  ( 1.000000000000000000, 0.000000000000000000, 0.000000000000000000 ) ) ;
#2775 = CIRCLE ( 'NONE', #3528, 0.9999999999999870104 ) ;
#2776 = ORIENTED_EDGE ( 'NONE', *, *, #2787, .T. ) ;
#2777 = CARTESIAN_POINT ( 'NONE',  ( 43.28151741064846192, 21.60790448760854687, 3.000000000000000000 ) ) ;
#2778 = CYLINDRICAL_SURFACE ( 'NONE', #2568, 1.549999999999999378 ) ;
#2779 = EDGE_CURVE ( 'NONE', #97, #1022, #205, .T. ) ;
#2780 = EDGE_LOOP ( 'NONE', ( #3491, #1487 ) ) ;
#2781 = CARTESIAN_POINT ( 'NONE',  ( -1.549999999999999822, 29.00000000000000000, 6.000000000000000000 ) ) ;
#2782 = CARTESIAN_POINT ( 'NONE',  ( 73.05247722858256054, -25.69377131946516002, 26.13136938129954245 ) ) ;
#2783 = VERTEX_POINT ( 'NONE', #3120 ) ;
#2784 = ORIENTED_EDGE ( 'NONE', *, *, #2374, .T. ) ;
#2785 = DIRECTION ( 'NONE',  ( -1.000000000000000000, 0.000000000000000000, 0.000000000000000000 ) ) ;
#2786 = ADVANCED_FACE ( 'NONE', ( #3100, #1221, #323, #60, #634, #653, #1166, #2255, #1310, #2359, #2664, #2091, #2886, #1516, #3414, #3445 ), #2867, .F. ) ;
#2787 = EDGE_CURVE ( 'NONE', #842, #1416, #2733, .T. ) ;
#2788 = EDGE_LOOP ( 'NONE', ( #246, #3089 ) ) ;
#2789 = CARTESIAN_POINT ( 'NONE',  ( 73.41429385873580316, -25.80362788595201096, 22.68350384392032737 ) ) ;
#2790 = VERTEX_POINT ( 'NONE', #2324 ) ;
#2791 = CIRCLE ( 'NONE', #2503, 1.549999999999877920 ) ;
#2792 = DIRECTION ( 'NONE',  ( -0.000000000000000000, -0.000000000000000000, 1.000000000000000000 ) ) ;
#2793 = DIRECTION ( 'NONE',  ( -0.000000000000000000, -0.000000000000000000, 1.000000000000000000 ) ) ;
#2794 = VECTOR ( 'NONE', #2095, 1000.000000000000000 ) ;
#2795 = EDGE_LOOP ( 'NONE', ( #3164, #1032, #1882, #1443 ) ) ;
#2796 = EDGE_CURVE ( 'NONE', #77, #385, #3196, .T. ) ;
#2797 = DIRECTION ( 'NONE',  ( -0.000000000000000000, -0.000000000000000000, 1.000000000000000000 ) ) ;
#2798 = DIRECTION ( 'NONE',  ( 1.000000000000000000, 0.000000000000000000, 0.000000000000000000 ) ) ;
#2799 = CARTESIAN_POINT ( 'NONE',  ( 15.96933128205087904, -22.38817675479875291, 3.000000000000000000 ) ) ;
#2800 = ORIENTED_EDGE ( 'NONE', *, *, #3087, .F. ) ;
#2801 = ORIENTED_EDGE ( 'NONE', *, *, #311, .T. ) ;
#2802 = CARTESIAN_POINT ( 'NONE',  ( 109.5474930788881238, -8.449293599694081891, 27.00000000000000355 ) ) ;
#2803 = LINE ( 'NONE', #1861, #342 ) ;
#2804 = AXIS2_PLACEMENT_3D ( 'NONE', #2613, #922, #2322 ) ;
#2805 = ORIENTED_EDGE ( 'NONE', *, *, #954, .F. ) ;
#2806 = AXIS2_PLACEMENT_3D ( 'NONE', #2269, #2306, #1726 ) ;
#2807 = LINE ( 'NONE', #542, #1511 ) ;
#2808 = AXIS2_PLACEMENT_3D ( 'NONE', #99, #3070, #931 ) ;
#2809 = ADVANCED_FACE ( 'NONE', ( #1814 ), #1585, .F. ) ;
#2810 = ORIENTED_EDGE ( 'NONE', *, *, #3056, .F. ) ;
#2811 = VERTEX_POINT ( 'NONE', #964 ) ;
#2812 = AXIS2_PLACEMENT_3D ( 'NONE', #1789, #2295, #3404 ) ;
#2813 = CARTESIAN_POINT ( 'NONE',  ( 142.6555065600999512, -39.38035940029874382, 24.00000000000000000 ) ) ;
#2814 = DIRECTION ( 'NONE',  ( 0.000000000000000000, 0.000000000000000000, -1.000000000000000000 ) ) ;
#2815 = VERTEX_POINT ( 'NONE', #181 ) ;
#2816 = CARTESIAN_POINT ( 'NONE',  ( 17.51933128205087087, 22.38817675479875646, 6.000000000000000000 ) ) ;
#2817 = CARTESIAN_POINT ( 'NONE',  ( 43.03986744349805349, 20.95605693819462090, 6.000000000000000000 ) ) ;
#2818 = DIRECTION ( 'NONE',  ( 1.000000000000000000, 0.000000000000000000, 0.000000000000000000 ) ) ;
#2819 = AXIS2_PLACEMENT_3D ( 'NONE', #1011, #2931, #770 ) ;
#2820 = AXIS2_PLACEMENT_3D ( 'NONE', #1639, #2434, #3535 ) ;
#2821 = ORIENTED_EDGE ( 'NONE', *, *, #1844, .T. ) ;
#2822 = LINE ( 'NONE', #2277, #2067 ) ;
#2823 = FACE_OUTER_BOUND ( 'NONE', #2909, .T. ) ;
#2824 = VECTOR ( 'NONE', #1868, 1000.000000000000000 ) ;
#2825 = EDGE_CURVE ( 'NONE', #3533, #1667, #667, .T. ) ;
#2826 = ORIENTED_EDGE ( 'NONE', *, *, #1463, .F. ) ;
#2827 = CARTESIAN_POINT ( 'NONE',  ( 142.6555065601000081, -39.38035940029874382, 27.00000000000000355 ) ) ;
#2828 = AXIS2_PLACEMENT_3D ( 'NONE', #1622, #507, #835 ) ;
#2829 = VECTOR ( 'NONE', #1169, 1000.000000000000227 ) ;
#2830 = ORIENTED_EDGE ( 'NONE', *, *, #1316, .T. ) ;
#2831 = CARTESIAN_POINT ( 'NONE',  ( 17.51933128205087797, -22.38817675479875291, 3.000000000000000000 ) ) ;
#2832 = DIRECTION ( 'NONE',  ( 0.000000000000000000, 0.000000000000000000, -1.000000000000000000 ) ) ;
#2833 = CARTESIAN_POINT ( 'NONE',  ( 31.46830683683224450, -0.05468560362018037857, 6.000000000000000000 ) ) ;
#2834 = ORIENTED_EDGE ( 'NONE', *, *, #3026, .F. ) ;
#2835 = AXIS2_PLACEMENT_3D ( 'NONE', #1598, #2159, #1894 ) ;
#2836 = DIRECTION ( 'NONE',  ( 0.7071067811865514585, 0.000000000000000000, 0.7071067811865435759 ) ) ;
#2837 = CARTESIAN_POINT ( 'NONE',  ( 66.33996001560143441, 20.59935923193305385, 16.09731932848198710 ) ) ;
#2838 = DIRECTION ( 'NONE',  ( 0.000000000000000000, 0.000000000000000000, -1.000000000000000000 ) ) ;
#2839 = ADVANCED_FACE ( 'NONE', ( #722 ), #1000, .F. ) ;
#2840 = ORIENTED_EDGE ( 'NONE', *, *, #337, .T. ) ;
#2841 = CYLINDRICAL_SURFACE ( 'NONE', #334, 1.000000000000000888 ) ;
#2842 = EDGE_CURVE ( 'NONE', #3036, #2783, #1253, .T. ) ;
#2843 = CARTESIAN_POINT ( 'NONE',  ( 53.94114464624165350, 24.67319197619460525, 8.036286962128935230 ) ) ;
#2844 = ORIENTED_EDGE ( 'NONE', *, *, #1942, .F. ) ;
#2845 = CARTESIAN_POINT ( 'NONE',  ( 114.7812622533867568, -13.51047932657570172, 27.00000000000000355 ) ) ;
#2846 = ADVANCED_FACE ( 'NONE', ( #1783 ), #199, .F. ) ;
#2847 = ORIENTED_EDGE ( 'NONE', *, *, #3374, .F. ) ;
#2848 = DIRECTION ( 'NONE',  ( 1.000000000000000000, 0.000000000000000000, 0.000000000000000000 ) ) ;
#2849 = PLANE ( 'NONE',  #1615 ) ;
#2850 = CYLINDRICAL_SURFACE ( 'NONE', #2965, 1.000000000000000888 ) ;
#2851 = EDGE_LOOP ( 'NONE', ( #1149, #1366, #858, #746 ) ) ;
#2852 = CIRCLE ( 'NONE', #2450, 200.0000000000000284 ) ;
#2853 = CARTESIAN_POINT ( 'NONE',  ( 32.58529922727413464, -7.608069271184578319, 27.00000000000000355 ) ) ;
#2854 = EDGE_CURVE ( 'NONE', #2570, #3293, #2058, .T. ) ;
#2855 = CARTESIAN_POINT ( 'NONE',  ( 10.73036235624504009, -31.20671920762702456, 27.00000000000000355 ) ) ;
#2856 = DIRECTION ( 'NONE',  ( 0.000000000000000000, 0.000000000000000000, -1.000000000000000000 ) ) ;
#2857 = VECTOR ( 'NONE', #1243, 1000.000000000000000 ) ;
#2858 = EDGE_CURVE ( 'NONE', #947, #546, #2340, .T. ) ;
#2859 = ORIENTED_EDGE ( 'NONE', *, *, #1357, .T. ) ;
#2860 = PLANE ( 'NONE',  #2293 ) ;
#2861 = CARTESIAN_POINT ( 'NONE',  ( 55.70530400906752533, -22.50343528098514057, 5.462663321948203254 ) ) ;
#2862 = ADVANCED_FACE ( 'NONE', ( #1799 ), #3480, .F. ) ;
#2863 = ORIENTED_EDGE ( 'NONE', *, *, #3214, .F. ) ;
#2864 = ORIENTED_EDGE ( 'NONE', *, *, #204, .F. ) ;
#2865 = CARTESIAN_POINT ( 'NONE',  ( 71.31370849898500808, -25.19257296694198089, 21.07106781186551103 ) ) ;
#2866 = PLANE ( 'NONE',  #682 ) ;
#2867 = PLANE ( 'NONE',  #2911 ) ;
#2868 = EDGE_CURVE ( 'NONE', #1718, #207, #1400, .T. ) ;
#2869 = ORIENTED_EDGE ( 'NONE', *, *, #1377, .T. ) ;
#2870 = LINE ( 'NONE', #3339, #3463 ) ;
#2871 = DIRECTION ( 'NONE',  ( -0.000000000000000000, -0.000000000000000000, 1.000000000000000000 ) ) ;
#2872 = LINE ( 'NONE', #3088, #929 ) ;
#2873 = EDGE_LOOP ( 'NONE', ( #2647, #3072, #3002, #2487 ) ) ;
#2874 = DIRECTION ( 'NONE',  ( 0.000000000000000000, 0.000000000000000000, -1.000000000000000000 ) ) ;
#2875 = CIRCLE ( 'NONE', #3510, 1.549999999999999378 ) ;
#2876 = CARTESIAN_POINT ( 'NONE',  ( 50.43406097904421159, 25.68544033546195138, 6.332018941433752879 ) ) ;
#2877 = EDGE_CURVE ( 'NONE', #1290, #1896, #1259, .T. ) ;
#2878 = VECTOR ( 'NONE', #543, 1000.000000000000000 ) ;
#2879 = ORIENTED_EDGE ( 'NONE', *, *, #1036, .F. ) ;
#2880 = DIRECTION ( 'NONE',  ( 0.000000000000000000, 0.000000000000000000, -1.000000000000000000 ) ) ;
#2881 = AXIS2_PLACEMENT_3D ( 'NONE', #2476, #2208, #2856 ) ;
#2882 = EDGE_LOOP ( 'NONE', ( #3375, #1028 ) ) ;
#2883 = CARTESIAN_POINT ( 'NONE',  ( -22.38817675479875646, 15.96933128205086838, 6.000000000000000000 ) ) ;
#2884 = EDGE_CURVE ( 'NONE', #2600, #1707, #1565, .T. ) ;
#2885 = CARTESIAN_POINT ( 'NONE',  ( 83.38477631085044095, -22.39964463007353856, 24.00000000000000000 ) ) ;
#2886 = FACE_BOUND ( 'NONE', #927, .T. ) ;
#2887 = VECTOR ( 'NONE', #762, 1000.000000000000000 ) ;
#2888 = VECTOR ( 'NONE', #3195, 1000.000000000000000 ) ;
#2889 = VERTEX_POINT ( 'NONE', #739 ) ;
#2890 = CARTESIAN_POINT ( 'NONE',  ( 71.31370849898500808, -75.05618350206425760, 21.07106781186551103 ) ) ;
#2891 = CARTESIAN_POINT ( 'NONE',  ( 65.09564413382240389, 21.05633014195344188, 19.09564413382225467 ) ) ;
#2892 = EDGE_CURVE ( 'NONE', #939, #11, #3106, .T. ) ;
#2893 = CARTESIAN_POINT ( 'NONE',  ( -3.300670485102710217, -166.9610859287279538, 27.00000000000000355 ) ) ;
#2894 = AXIS2_PLACEMENT_3D ( 'NONE', #2935, #180, #2918 ) ;
#2895 = VERTEX_POINT ( 'NONE', #3346 ) ;
#2896 = DIRECTION ( 'NONE',  ( 1.000000000000000000, 0.000000000000000000, 0.000000000000000000 ) ) ;
#2897 = CARTESIAN_POINT ( 'NONE',  ( 2.020667218593131917E-15, 32.99999999999997868, 3.000000000000000000 ) ) ;
#2898 = EDGE_CURVE ( 'NONE', #2577, #297, #609, .T. ) ;
#2899 = VERTEX_POINT ( 'NONE', #1982 ) ;
#2900 = CARTESIAN_POINT ( 'NONE',  ( 71.80734699584502323, 18.40035688626236521, 21.53988718509798517 ) ) ;
#2901 = ADVANCED_FACE ( 'NONE', ( #2417 ), #1599, .F. ) ;
#2902 = ORIENTED_EDGE ( 'NONE', *, *, #2642, .F. ) ;
#2903 = CARTESIAN_POINT ( 'NONE',  ( 32.56499258019215404, 8.769738674320914029, 27.00000000000000355 ) ) ;
#2904 = DIRECTION ( 'NONE',  ( 0.000000000000000000, 0.000000000000000000, -1.000000000000000000 ) ) ;
#2905 = ORIENTED_EDGE ( 'NONE', *, *, #307, .T. ) ;
#2906 = CARTESIAN_POINT ( 'NONE',  ( 30.89066313467422020, 9.020360955876590481, 27.00000000000000355 ) ) ;
#2907 = EDGE_CURVE ( 'NONE', #142, #1761, #215, .T. ) ;
#2908 = LINE ( 'NONE', #3157, #3313 ) ;
#2909 = EDGE_LOOP ( 'NONE', ( #2047, #2773, #2144, #1636 ) ) ;
#2910 = DIRECTION ( 'NONE',  ( -0.000000000000000000, -0.000000000000000000, 1.000000000000000000 ) ) ;
#2911 = AXIS2_PLACEMENT_3D ( 'NONE', #2650, #2936, #1015 ) ;
#2912 = DIRECTION ( 'NONE',  ( -1.000000000000000000, 0.000000000000000000, 0.000000000000000000 ) ) ;
#2913 = ORIENTED_EDGE ( 'NONE', *, *, #2520, .F. ) ;
#2914 = CARTESIAN_POINT ( 'NONE',  ( 42.51647714206985285, 22.57990959284741805, 27.00000000000000355 ) ) ;
#2915 = ORIENTED_EDGE ( 'NONE', *, *, #666, .T. ) ;
#2916 = EDGE_CURVE ( 'NONE', #1194, #289, #1619, .T. ) ;
#2917 = VERTEX_POINT ( 'NONE', #2955 ) ;
#2918 = DIRECTION ( 'NONE',  ( 1.000000000000000000, 0.000000000000000000, 0.000000000000000000 ) ) ;
#2919 = CARTESIAN_POINT ( 'NONE',  ( 83.38477631085045516, 6.091687583267706430, 27.00000000000000355 ) ) ;
#2920 = ORIENTED_EDGE ( 'NONE', *, *, #558, .T. ) ;
#2921 = AXIS2_PLACEMENT_3D ( 'NONE', #923, #2561, #359 ) ;
#2922 = CYLINDRICAL_SURFACE ( 'NONE', #3000, 1.549999999999877920 ) ;
#2923 = LINE ( 'NONE', #2402, #1313 ) ;
#2924 = AXIS2_PLACEMENT_3D ( 'NONE', #827, #1399, #300 ) ;
#2925 = CYLINDRICAL_SURFACE ( 'NONE', #2008, 194.9999999999999716 ) ;
#2926 = ORIENTED_EDGE ( 'NONE', *, *, #3544, .F. ) ;
#2927 = CARTESIAN_POINT ( 'NONE',  ( 108.5474930788880954, -8.449293599694081891, 24.00000000000000000 ) ) ;
#2928 = VECTOR ( 'NONE', #1527, 1000.000000000000000 ) ;
#2929 = CARTESIAN_POINT ( 'NONE',  ( -3.300670485102710217, -166.9610859287279538, 27.00000000000000355 ) ) ;
#2930 = ORIENTED_EDGE ( 'NONE', *, *, #2532, .F. ) ;
#2931 = DIRECTION ( 'NONE',  ( -0.000000000000000000, -0.000000000000000000, 1.000000000000000000 ) ) ;
#2932 = EDGE_CURVE ( 'NONE', #1998, #2666, #2243, .T. ) ;
#2933 = ORIENTED_EDGE ( 'NONE', *, *, #2884, .T. ) ;
#2934 = CIRCLE ( 'NONE', #2763, 1.000000000000007772 ) ;
#2935 = CARTESIAN_POINT ( 'NONE',  ( 15.96933128205087904, -22.38817675479875291, 6.000000000000000000 ) ) ;
#2936 = DIRECTION ( 'NONE',  ( 0.000000000000000000, 0.000000000000000000, -1.000000000000000000 ) ) ;
#2937 = VECTOR ( 'NONE', #3359, 1000.000000000000114 ) ;
#2938 = EDGE_CURVE ( 'NONE', #2815, #44, #2803, .T. ) ;
#2939 = ORIENTED_EDGE ( 'NONE', *, *, #1470, .T. ) ;
#2940 = LINE ( 'NONE', #1802, #1692 ) ;
#2941 = VECTOR ( 'NONE', #1609, 1000.000000000000000 ) ;
#2942 = CIRCLE ( 'NONE', #3170, 0.9999999999999940048 ) ;
#2943 = EDGE_CURVE ( 'NONE', #37, #2276, #171, .T. ) ;
#2944 = DIRECTION ( 'NONE',  ( 0.8660254037844408170, 0.4999999999999963363, 0.000000000000000000 ) ) ;
#2945 = DIRECTION ( 'NONE',  ( -0.000000000000000000, -0.000000000000000000, 1.000000000000000000 ) ) ;
#2946 = CIRCLE ( 'NONE', #2486, 1.000000000000007772 ) ;
#2947 = ORIENTED_EDGE ( 'NONE', *, *, #2035, .T. ) ;
#2948 = CARTESIAN_POINT ( 'NONE',  ( 23.98700034849685281, -26.64845313883565225, 27.00000000000000355 ) ) ;
#2949 = DIRECTION ( 'NONE',  ( 1.000000000000000000, 0.000000000000000000, 0.000000000000000000 ) ) ;
#2950 = EDGE_LOOP ( 'NONE', ( #601, #2682, #1689, #935 ) ) ;
#2951 = LINE ( 'NONE', #3199, #805 ) ;
#2952 = ORIENTED_EDGE ( 'NONE', *, *, #884, .F. ) ;
#2953 = EDGE_CURVE ( 'NONE', #1401, #1053, #400, .T. ) ;
#2954 = LINE ( 'NONE', #1293, #76 ) ;
#2955 = CARTESIAN_POINT ( 'NONE',  ( 138.6188095650339278, -33.62804372838233746, 27.00000000000000355 ) ) ;
#2956 = ORIENTED_EDGE ( 'NONE', *, *, #2665, .F. ) ;
#2957 = CARTESIAN_POINT ( 'NONE',  ( 84.83676315000488444, 6.983712188999666282, 27.00000000000000355 ) ) ;
#2958 = CARTESIAN_POINT ( 'NONE',  ( 90.46405219629164662, -25.81797629141154360, 24.00000000000000000 ) ) ;
#2959 = CARTESIAN_POINT ( 'NONE',  ( 52.28911533988767246, -22.33333978902372863, 7.029407645208231692 ) ) ;
#2960 = DIRECTION ( 'NONE',  ( -0.000000000000000000, -0.000000000000000000, 1.000000000000000000 ) ) ;
#2961 = DIRECTION ( 'NONE',  ( 0.000000000000000000, 0.000000000000000000, -1.000000000000000000 ) ) ;
#2962 = CARTESIAN_POINT ( 'NONE',  ( 31.80664254734248786, 9.421586223734831123, 6.000000000000000000 ) ) ;
#2963 = ADVANCED_FACE ( 'NONE', ( #251 ), #3496, .F. ) ;
#2964 = EDGE_LOOP ( 'NONE', ( #2252, #2483, #1751, #1730 ) ) ;
#2965 = AXIS2_PLACEMENT_3D ( 'NONE', #43, #1462, #3373 ) ;
#2966 = CARTESIAN_POINT ( 'NONE',  ( 43.10050506338838261, 11.82199566218367437, 3.000000000000000000 ) ) ;
#2967 = DIRECTION ( 'NONE',  ( 1.000000000000000000, 0.000000000000000000, 0.000000000000000000 ) ) ;
#2968 = CIRCLE ( 'NONE', #3436, 32.99999999999997868 ) ;
#2969 = VERTEX_POINT ( 'NONE', #484 ) ;
#2970 = CARTESIAN_POINT ( 'NONE',  ( 20.83817675479869891, 15.96933128205095542, 3.000000000000000000 ) ) ;
#2971 = LINE ( 'NONE', #1086, #2878 ) ;
#2972 = VERTEX_POINT ( 'NONE', #2178 ) ;
#2973 = EDGE_LOOP ( 'NONE', ( #1675, #2499, #2059, #3101 ) ) ;
#2974 = CARTESIAN_POINT ( 'NONE',  ( 44.10050506338838971, 11.82199566218367437, 27.00000000000000355 ) ) ;
#2975 = LINE ( 'NONE', #3317, #1372 ) ;
#2976 = EDGE_CURVE ( 'NONE', #1822, #3437, #866, .T. ) ;
#2977 = LINE ( 'NONE', #3524, #332 ) ;
#2978 = CIRCLE ( 'NONE', #1442, 10.00000000000000888 ) ;
#2979 = FACE_BOUND ( 'NONE', #121, .T. ) ;
#2980 = DIRECTION ( 'NONE',  ( 0.000000000000000000, 0.000000000000000000, -1.000000000000000000 ) ) ;
#2981 = LINE ( 'NONE', #1631, #869 ) ;
#2982 = AXIS2_PLACEMENT_3D ( 'NONE', #241, #1354, #474 ) ;
#2983 = EDGE_LOOP ( 'NONE', ( #1519, #505 ) ) ;
#2984 = AXIS2_PLACEMENT_3D ( 'NONE', #1175, #2261, #351 ) ;
#2985 = CARTESIAN_POINT ( 'NONE',  ( -1.549999999999999822, -29.00000000000000000, 6.000000000000000000 ) ) ;
#2986 = CARTESIAN_POINT ( 'NONE',  ( 156.4447829456342447, -57.02600320791371757, 27.00000000000000355 ) ) ;
#2987 = EDGE_CURVE ( 'NONE', #2686, #3337, #3243, .T. ) ;
#2988 = VERTEX_POINT ( 'NONE', #2990 ) ;
#2989 = CARTESIAN_POINT ( 'NONE',  ( 126.1331557811706290, -48.90156942015521935, 27.00000000000000355 ) ) ;
#2990 = CARTESIAN_POINT ( 'NONE',  ( 42.51647714206985285, 22.57990959284741805, 6.000000000000000000 ) ) ;
#2991 = EDGE_LOOP ( 'NONE', ( #2521, #2267, #63, #789, #1438, #213 ) ) ;
#2992 = ORIENTED_EDGE ( 'NONE', *, *, #846, .T. ) ;
#2993 = CARTESIAN_POINT ( 'NONE',  ( 17.51933128205087797, -22.38817675479875291, 6.000000000000000000 ) ) ;
#2994 = DIRECTION ( 'NONE',  ( -0.000000000000000000, -0.000000000000000000, 1.000000000000000000 ) ) ;
#2995 = CARTESIAN_POINT ( 'NONE',  ( 147.6555065600999797, -60.36844348751505862, 24.00000000000000000 ) ) ;
#2996 = FACE_BOUND ( 'NONE', #2347, .T. ) ;
#2997 = EDGE_CURVE ( 'NONE', #39, #2515, #2449, .T. ) ;
#2998 = CARTESIAN_POINT ( 'NONE',  ( 31.80664254734248786, 9.421586223734831123, 27.00000000000000355 ) ) ;
#2999 = DIRECTION ( 'NONE',  ( 1.000000000000000000, 0.000000000000000000, 0.000000000000000000 ) ) ;
#3000 = AXIS2_PLACEMENT_3D ( 'NONE', #966, #3206, #2130 ) ;
#3001 = CIRCLE ( 'NONE', #183, 1.000000000000028644 ) ;
#3002 = ORIENTED_EDGE ( 'NONE', *, *, #1729, .F. ) ;
#3003 = ORIENTED_EDGE ( 'NONE', *, *, #408, .F. ) ;
#3004 = DIRECTION ( 'NONE',  ( 8.157696694311015800E-15, -1.000000000000000000, 0.000000000000000000 ) ) ;
#3005 = CARTESIAN_POINT ( 'NONE',  ( -14.41933128205096004, 22.38817675479869607, 6.000000000000000000 ) ) ;
#3006 = VECTOR ( 'NONE', #1495, 1000.000000000000000 ) ;
#3007 = ORIENTED_EDGE ( 'NONE', *, *, #2673, .F. ) ;
#3008 = DIRECTION ( 'NONE',  ( -0.000000000000000000, -0.000000000000000000, 1.000000000000000000 ) ) ;
#3009 = EDGE_CURVE ( 'NONE', #77, #627, #791, .T. ) ;
#3010 = DIRECTION ( 'NONE',  ( 0.000000000000000000, 0.000000000000000000, -1.000000000000000000 ) ) ;
#3011 = ORIENTED_EDGE ( 'NONE', *, *, #2376, .T. ) ;
#3012 = ORIENTED_EDGE ( 'NONE', *, *, #2707, .T. ) ;
#3013 = DIRECTION ( 'NONE',  ( 0.000000000000000000, 0.000000000000000000, -1.000000000000000000 ) ) ;
#3014 = EDGE_CURVE ( 'NONE', #3147, #2513, #2971, .T. ) ;
#3015 = CARTESIAN_POINT ( 'NONE',  ( 50.00000000000000000, -102.3011057633860901, 27.00000000000000355 ) ) ;
#3016 = ORIENTED_EDGE ( 'NONE', *, *, #2938, .F. ) ;
#3017 = CARTESIAN_POINT ( 'NONE',  ( 142.3676355977906951, -64.50038205912439082, 24.00000000000000000 ) ) ;
#3018 = LINE ( 'NONE', #3542, #354 ) ;
#3019 = CARTESIAN_POINT ( 'NONE',  ( 126.1485615347142044, -47.17859774663494221, 27.00000000000000355 ) ) ;
#3020 = VERTEX_POINT ( 'NONE', #1895 ) ;
#3021 = ADVANCED_FACE ( 'NONE', ( #503 ), #234, .F. ) ;
#3022 = ORIENTED_EDGE ( 'NONE', *, *, #1067, .T. ) ;
#3023 = ORIENTED_EDGE ( 'NONE', *, *, #15, .T. ) ;
#3024 = DIRECTION ( 'NONE',  ( -0.000000000000000000, -0.000000000000000000, 1.000000000000000000 ) ) ;
#3025 = LINE ( 'NONE', #35, #2633 ) ;
#3026 = EDGE_CURVE ( 'NONE', #627, #801, #1960, .T. ) ;
#3027 = ORIENTED_EDGE ( 'NONE', *, *, #373, .F. ) ;
#3028 = DIRECTION ( 'NONE',  ( -0.000000000000000000, -0.000000000000000000, 1.000000000000000000 ) ) ;
#3029 = ORIENTED_EDGE ( 'NONE', *, *, #387, .T. ) ;
#3030 = DIRECTION ( 'NONE',  ( -1.000000000000000000, 0.000000000000000000, 0.000000000000000000 ) ) ;
#3031 = DIRECTION ( 'NONE',  ( -0.8660254037844359321, -0.5000000000000047740, -0.000000000000000000 ) ) ;
#3032 = EDGE_CURVE ( 'NONE', #1190, #157, #1657, .T. ) ;
#3033 = ORIENTED_EDGE ( 'NONE', *, *, #2606, .F. ) ;
#3034 = FACE_OUTER_BOUND ( 'NONE', #1694, .T. ) ;
#3035 = CARTESIAN_POINT ( 'NONE',  ( 49.10050506338838261, 26.05216957756162444, 3.000000000000000000 ) ) ;
#3036 = VERTEX_POINT ( 'NONE', #3162 ) ;
#3037 = CARTESIAN_POINT ( 'NONE',  ( 71.35155018898798573, 18.58441762212737558, 25.15952029612927632 ) ) ;
#3038 = LINE ( 'NONE', #540, #2005 ) ;
#3039 = VECTOR ( 'NONE', #3413, 1000.000000000000000 ) ;
#3040 = EDGE_LOOP ( 'NONE', ( #2670, #1197, #3215, #1108 ) ) ;
#3041 = CARTESIAN_POINT ( 'NONE',  ( 84.38477631085046937, 6.091687583267706430, 27.00000000000000355 ) ) ;
#3042 = EDGE_CURVE ( 'NONE', #2666, #1998, #2419, .T. ) ;
#3043 = ORIENTED_EDGE ( 'NONE', *, *, #1570, .T. ) ;
#3044 = AXIS2_PLACEMENT_3D ( 'NONE', #1231, #880, #679 ) ;
#3045 = ORIENTED_EDGE ( 'NONE', *, *, #2448, .F. ) ;
#3046 = AXIS2_PLACEMENT_3D ( 'NONE', #1559, #2375, #1307 ) ;
#3047 = FACE_OUTER_BOUND ( 'NONE', #550, .T. ) ;
#3048 = LINE ( 'NONE', #2833, #900 ) ;
#3049 = AXIS2_PLACEMENT_3D ( 'NONE', #268, #2160, #2125 ) ;
#3050 = EDGE_LOOP ( 'NONE', ( #2879, #668, #1602, #1419, #1254, #1087, #2126 ) ) ;
#3051 = AXIS2_PLACEMENT_3D ( 'NONE', #1665, #2741, #3321 ) ;
#3052 = CARTESIAN_POINT ( 'NONE',  ( 10.73036235624504009, -31.20671920762702456, 3.000000000000000000 ) ) ;
#3053 = CARTESIAN_POINT ( 'NONE',  ( 75.84872844255657753, -26.58922622749487630, 26.93699036849769257 ) ) ;
#3054 = ORIENTED_EDGE ( 'NONE', *, *, #2230, .F. ) ;
#3055 = LINE ( 'NONE', #2245, #573 ) ;
#3056 = EDGE_CURVE ( 'NONE', #3201, #1425, #1334, .T. ) ;
#3057 = AXIS2_PLACEMENT_3D ( 'NONE', #1991, #325, #1712 ) ;
#3058 = AXIS2_PLACEMENT_3D ( 'NONE', #2687, #224, #2639 ) ;
#3059 = ORIENTED_EDGE ( 'NONE', *, *, #3430, .F. ) ;
#3060 = EDGE_CURVE ( 'NONE', #1855, #3520, #2068, .T. ) ;
#3061 = DIRECTION ( 'NONE',  ( 1.000000000000000000, 0.000000000000000000, 0.000000000000000000 ) ) ;
#3062 = VERTEX_POINT ( 'NONE', #139 ) ;
#3063 = AXIS2_PLACEMENT_3D ( 'NONE', #3330, #2500, #3277 ) ;
#3064 = ADVANCED_FACE ( 'NONE', ( #2823 ), #1997, .F. ) ;
#3065 = ORIENTED_EDGE ( 'NONE', *, *, #1012, .T. ) ;
#3066 = CARTESIAN_POINT ( 'NONE',  ( 42.28151741064844771, 21.60790448760854687, 6.000000000000000000 ) ) ;
#3067 = DIRECTION ( 'NONE',  ( -0.3747919106573305292, -0.9271089599965193218, -0.000000000000000000 ) ) ;
#3068 = EDGE_LOOP ( 'NONE', ( #1908, #1869, #3407, #2847 ) ) ;
#3069 = DIRECTION ( 'NONE',  ( 1.000000000000000000, 0.000000000000000000, 0.000000000000000000 ) ) ;
#3070 = DIRECTION ( 'NONE',  ( -0.000000000000000000, -0.000000000000000000, 1.000000000000000000 ) ) ;
#3071 = DIRECTION ( 'NONE',  ( 0.8569462697358452008, -0.5154057535435747628, 0.000000000000000000 ) ) ;
#3072 = ORIENTED_EDGE ( 'NONE', *, *, #2569, .T. ) ;
#3073 = VERTEX_POINT ( 'NONE', #3364 ) ;
#3074 = DIRECTION ( 'NONE',  ( -0.000000000000000000, -0.000000000000000000, 1.000000000000000000 ) ) ;
#3075 = DIRECTION ( 'NONE',  ( -0.000000000000000000, -0.000000000000000000, 1.000000000000000000 ) ) ;
#3076 = ORIENTED_EDGE ( 'NONE', *, *, #1349, .F. ) ;
#3077 = CARTESIAN_POINT ( 'NONE',  ( 142.6555065600999797, -57.07047002361966292, 24.00000000000000000 ) ) ;
#3078 = ORIENTED_EDGE ( 'NONE', *, *, #2315, .F. ) ;
#3079 = DIRECTION ( 'NONE',  ( 0.000000000000000000, -0.000000000000000000, 1.000000000000000000 ) ) ;
#3080 = VECTOR ( 'NONE', #728, 1000.000000000000000 ) ;
#3081 = DIRECTION ( 'NONE',  ( 0.000000000000000000, 0.000000000000000000, -1.000000000000000000 ) ) ;
#3082 = CARTESIAN_POINT ( 'NONE',  ( 31.00634271786370277, -7.991627393376908195, 27.00000000000000355 ) ) ;
#3083 = CIRCLE ( 'NONE', #2677, 24.00000000000000355 ) ;
#3084 = ORIENTED_EDGE ( 'NONE', *, *, #1750, .T. ) ;
#3085 = CARTESIAN_POINT ( 'NONE',  ( 114.7812622533867568, -13.51047932657570172, 27.00000000000000355 ) ) ;
#3086 = CARTESIAN_POINT ( 'NONE',  ( 126.6485615347141760, -48.04462315041931930, 24.00000000000000000 ) ) ;
#3087 = EDGE_CURVE ( 'NONE', #2917, #236, #407, .T. ) ;
#3088 = CARTESIAN_POINT ( 'NONE',  ( 32.28693987994348191, -0.7583500328496657339, 27.00000000000000355 ) ) ;
#3089 = ORIENTED_EDGE ( 'NONE', *, *, #1926, .T. ) ;
#3090 = FACE_OUTER_BOUND ( 'NONE', #3302, .T. ) ;
#3091 = CARTESIAN_POINT ( 'NONE',  ( 54.11044549443576557, -22.40625022403484223, 4.339286370316409958 ) ) ;
#3092 = B_SPLINE_CURVE_WITH_KNOTS ( 'NONE', 3,
 ( #245, #803, #2442, #3304, #1097, #1699, #2782, #1119, #1134, #3053, #840, #1650 ),
 .UNSPECIFIED., .F., .F.,
 ( 4, 2, 2, 2, 2, 4 ),
 ( 3.469446951953614189E-18, 0.002027849652991619081, 0.003041774479487425586, 0.004055699305983232958, 0.006083548958974809538, 0.008111398611966386119 ),
 .UNSPECIFIED. ) ;
#3093 = ORIENTED_EDGE ( 'NONE', *, *, #2673, .T. ) ;
#3094 = FILL_AREA_STYLE_COLOUR ( '', #2757 ) ;
#3095 = EDGE_CURVE ( 'NONE', #847, #1855, #1759, .T. ) ;
#3096 = EDGE_LOOP ( 'NONE', ( #1178, #2209 ) ) ;
#3097 = CARTESIAN_POINT ( 'NONE',  ( 20.83817675479883391, -15.96933128205087549, 6.000000000000000000 ) ) ;
#3098 = CIRCLE ( 'NONE', #1562, 1.000000000000000888 ) ;
#3099 = FACE_BOUND ( 'NONE', #903, .T. ) ;
#3100 = FACE_BOUND ( 'NONE', #824, .T. ) ;
#3101 = ORIENTED_EDGE ( 'NONE', *, *, #582, .F. ) ;
#3102 = PLANE ( 'NONE',  #1228 ) ;
#3103 = PLANE ( 'NONE',  #319 ) ;
#3104 = CARTESIAN_POINT ( 'NONE',  ( 27.77809453819111241, -20.25729479847276693, 6.000000000000000000 ) ) ;
#3105 = STYLED_ITEM ( 'NONE', ( #141 ), #483 ) ;
#3106 = CIRCLE ( 'NONE', #2474, 1.000000000000000888 ) ;
#3107 = EDGE_CURVE ( 'NONE', #1223, #1053, #1983, .T. ) ;
#3108 = ORIENTED_EDGE ( 'NONE', *, *, #2291, .T. ) ;
#3109 = CARTESIAN_POINT ( 'NONE',  ( 137.6188095650339278, -33.62804372838233746, 27.00000000000000355 ) ) ;
#3110 = CARTESIAN_POINT ( 'NONE',  ( 50.42206710986359752, -22.29965492684679518, 3.066214148838959819 ) ) ;
#3111 = AXIS2_PLACEMENT_3D ( 'NONE', #193, #3527, #1060 ) ;
#3112 = EDGE_LOOP ( 'NONE', ( #838, #1348, #2001, #3550, #1526, #664, #2172 ) ) ;
#3113 = CARTESIAN_POINT ( 'NONE',  ( 31.00634271786369922, -7.991627393376908195, 6.000000000000000000 ) ) ;
#3114 = ORIENTED_EDGE ( 'NONE', *, *, #2868, .T. ) ;
#3115 = EDGE_CURVE ( 'NONE', #1290, #284, #2021, .T. ) ;
#3116 = ADVANCED_FACE ( 'NONE', ( #1232 ), #644, .F. ) ;
#3117 = VERTEX_POINT ( 'NONE', #2296 ) ;
#3118 = CARTESIAN_POINT ( 'NONE',  ( 119.7812622533867852, -17.83136398209194695, 27.00000000000000355 ) ) ;
#3119 = FACE_OUTER_BOUND ( 'NONE', #2738, .T. ) ;
#3120 = CARTESIAN_POINT ( 'NONE',  ( -27.45000000000000284, 0.000000000000000000, 6.000000000000000000 ) ) ;
#3121 = EDGE_CURVE ( 'NONE', #2319, #2632, #2103, .T. ) ;
#3122 = ORIENTED_EDGE ( 'NONE', *, *, #1477, .T. ) ;
#3123 = CIRCLE ( 'NONE', #3063, 1.549999999999995826 ) ;
#3124 = CYLINDRICAL_SURFACE ( 'NONE', #240, 2.549999999999996714 ) ;
#3125 = DIRECTION ( 'NONE',  ( 1.000000000000000000, 0.000000000000000000, 0.000000000000000000 ) ) ;
#3126 = LINE ( 'NONE', #2292, #232 ) ;
#3127 = ORIENTED_EDGE ( 'NONE', *, *, #1578, .F. ) ;
#3128 = CARTESIAN_POINT ( 'NONE',  ( 113.7812622533867426, -13.51047932657571948, 24.00000000000000000 ) ) ;
#3129 = DIRECTION ( 'NONE',  ( -1.000000000000000000, 0.000000000000000000, 0.000000000000000000 ) ) ;
#3130 = EDGE_CURVE ( 'NONE', #3155, #77, #1457, .T. ) ;
#3131 = VERTEX_POINT ( 'NONE', #2897 ) ;
#3132 = FACE_OUTER_BOUND ( 'NONE', #577, .T. ) ;
#3133 = ADVANCED_FACE ( 'NONE', ( #2537 ), #1177, .F. ) ;
#3134 = ORIENTED_EDGE ( 'NONE', *, *, #3360, .F. ) ;
#3135 = DIRECTION ( 'NONE',  ( 1.000000000000000000, 0.000000000000000000, 0.000000000000000000 ) ) ;
#3136 = DIRECTION ( 'NONE',  ( 0.000000000000000000, 0.000000000000000000, -1.000000000000000000 ) ) ;
#3137 = DIRECTION ( 'NONE',  ( 0.000000000000000000, 0.000000000000000000, 1.000000000000000000 ) ) ;
#3138 = EDGE_LOOP ( 'NONE', ( #1444, #1329, #1969, #1922, #717, #1697, #2543, #1233, #1671, #2645, #1049, #2612 ) ) ;
#3139 = AXIS2_PLACEMENT_3D ( 'NONE', #112, #2793, #2026 ) ;
#3140 = PLANE ( 'NONE',  #3057 ) ;
#3141 = CYLINDRICAL_SURFACE ( 'NONE', #1603, 60.00000000000005684 ) ;
#3142 = CARTESIAN_POINT ( 'NONE',  ( 132.0595205269191865, -81.63930745384131171, 27.00000000000000355 ) ) ;
#3143 = CIRCLE ( 'NONE', #151, 10.00000000000000888 ) ;
#3144 = VERTEX_POINT ( 'NONE', #3507 ) ;
#3145 = DIRECTION ( 'NONE',  ( -1.000000000000000000, 0.000000000000000000, 0.000000000000000000 ) ) ;
#3146 = CARTESIAN_POINT ( 'NONE',  ( 49.16403366513849704, 26.03603976539558928, 6.064467954149595386 ) ) ;
#3147 = VERTEX_POINT ( 'NONE', #1042 ) ;
#3148 = CYLINDRICAL_SURFACE ( 'NONE', #632, 1.549999999999999378 ) ;
#3149 = AXIS2_PLACEMENT_3D ( 'NONE', #79, #905, #889 ) ;
#3150 = VERTEX_POINT ( 'NONE', #3179 ) ;
#3151 = EDGE_CURVE ( 'NONE', #397, #1927, #2934, .T. ) ;
#3152 = LINE ( 'NONE', #374, #706 ) ;
#3153 = DIRECTION ( 'NONE',  ( 0.000000000000000000, 0.000000000000000000, -1.000000000000000000 ) ) ;
#3154 = DIRECTION ( 'NONE',  ( 0.000000000000000000, 0.000000000000000000, -1.000000000000000000 ) ) ;
#3155 = VERTEX_POINT ( 'NONE', #495 ) ;
#3156 = CARTESIAN_POINT ( 'NONE',  ( 154.5095205269191752, -65.05618350206425760, 24.00000000000000000 ) ) ;
#3157 = CARTESIAN_POINT ( 'NONE',  ( 83.38477631085045516, 6.091687583267706430, 27.00000000000000355 ) ) ;
#3158 = ORIENTED_EDGE ( 'NONE', *, *, #3115, .T. ) ;
#3159 = EDGE_CURVE ( 'NONE', #1795, #818, #1218, .T. ) ;
#3160 = DIRECTION ( 'NONE',  ( 0.000000000000000000, 0.000000000000000000, -1.000000000000000000 ) ) ;
#3161 = AXIS2_PLACEMENT_3D ( 'NONE', #902, #91, #3367 ) ;
#3162 = CARTESIAN_POINT ( 'NONE',  ( -30.55000000000000071, -1.898202538678392282E-16, 6.000000000000000000 ) ) ;
#3163 = CIRCLE ( 'NONE', #1628, 24.00000000000000355 ) ;
#3164 = ORIENTED_EDGE ( 'NONE', *, *, #1106, .T. ) ;
#3165 = LINE ( 'NONE', #700, #2184 ) ;
#3166 = ORIENTED_EDGE ( 'NONE', *, *, #448, .T. ) ;
#3167 = CARTESIAN_POINT ( 'NONE',  ( 32.58529922727413464, -7.608069271184578319, 3.000000000000000000 ) ) ;
#3168 = DIRECTION ( 'NONE',  ( 0.000000000000000000, 0.000000000000000000, -1.000000000000000000 ) ) ;
#3169 = CARTESIAN_POINT ( 'NONE',  ( -20.83817675479869180, -15.96933128205095898, 27.00000000000000355 ) ) ;
#3170 = AXIS2_PLACEMENT_3D ( 'NONE', #1660, #1899, #2489 ) ;
#3171 = ADVANCED_FACE ( 'NONE', ( #3455 ), #2350, .F. ) ;
#3172 = VECTOR ( 'NONE', #3160, 1000.000000000000000 ) ;
#3173 = ORIENTED_EDGE ( 'NONE', *, *, #2943, .F. ) ;
#3174 = DIRECTION ( 'NONE',  ( -0.000000000000000000, -0.000000000000000000, 1.000000000000000000 ) ) ;
#3175 = DIRECTION ( 'NONE',  ( -0.7583500328496576293, 0.6518475494139125415, 0.000000000000000000 ) ) ;
#3176 = AXIS2_PLACEMENT_3D ( 'NONE', #233, #1873, #2358 ) ;
#3177 = ORIENTED_EDGE ( 'NONE', *, *, #413, .T. ) ;
#3178 = DIRECTION ( 'NONE',  ( 0.000000000000000000, 0.000000000000000000, -1.000000000000000000 ) ) ;
#3179 = CARTESIAN_POINT ( 'NONE',  ( 126.1485615347142044, -47.17859774663494221, 27.00000000000000355 ) ) ;
#3180 = ORIENTED_EDGE ( 'NONE', *, *, #941, .T. ) ;
#3181 = CARTESIAN_POINT ( 'NONE',  ( 77.10111487052324719, 16.16735223016639011, 23.93801630211499543 ) ) ;
#3182 = ORIENTED_EDGE ( 'NONE', *, *, #659, .F. ) ;
#3183 = EDGE_CURVE ( 'NONE', #1828, #37, #783, .T. ) ;
#3184 = ORIENTED_EDGE ( 'NONE', *, *, #2266, .F. ) ;
#3185 = CARTESIAN_POINT ( 'NONE',  ( 119.7812622533867852, -17.83136398209194695, 24.00000000000000000 ) ) ;
#3186 = CARTESIAN_POINT ( 'NONE',  ( 42.28151741064844771, 21.60790448760854687, 3.000000000000000000 ) ) ;
#3187 = VERTEX_POINT ( 'NONE', #1611 ) ;
#3188 = ORIENTED_EDGE ( 'NONE', *, *, #329, .T. ) ;
#3189 = DIRECTION ( 'NONE',  ( 1.000000000000000000, 0.000000000000000000, 0.000000000000000000 ) ) ;
#3190 = LINE ( 'NONE', #1035, #1257 ) ;
#3191 = DIRECTION ( 'NONE',  ( 0.000000000000000000, 1.000000000000000000, 0.000000000000000000 ) ) ;
#3192 = B_SPLINE_CURVE_WITH_KNOTS ( 'NONE', 3,
 ( #2444, #1360, #51, #1380, #2460, #1703, #539, #806, #3547, #3037, #556, #5, #2497, #1140 ),
 .UNSPECIFIED., .F., .F.,
 ( 4, 2, 2, 2, 2, 2, 4 ),
 ( 0.000000000000000000, 0.002088424644270473092, 0.003132636966405707470, 0.004176849288540941847, 0.006265273932811380245, 0.007309486254946599010, 0.008353698577081817775 ),
 .UNSPECIFIED. ) ;
#3193 = EDGE_LOOP ( 'NONE', ( #1295, #955 ) ) ;
#3194 = EDGE_CURVE ( 'NONE', #3361, #2972, #116, .T. ) ;
#3195 = DIRECTION ( 'NONE',  ( 0.000000000000000000, 0.000000000000000000, -1.000000000000000000 ) ) ;
#3196 = CIRCLE ( 'NONE', #841, 1.000000000000000888 ) ;
#3197 = FACE_OUTER_BOUND ( 'NONE', #330, .T. ) ;
#3198 = EDGE_LOOP ( 'NONE', ( #3007, #998, #907, #3343 ) ) ;
#3199 = CARTESIAN_POINT ( 'NONE',  ( 31.00634271786369922, -7.991627393376908195, 27.00000000000000355 ) ) ;
#3200 = EDGE_CURVE ( 'NONE', #3147, #2790, #580, .T. ) ;
#3201 = VERTEX_POINT ( 'NONE', #1286 ) ;
#3202 = CARTESIAN_POINT ( 'NONE',  ( 15.96933128205087549, 22.38817675479875646, 27.00000000000000355 ) ) ;
#3203 = CARTESIAN_POINT ( 'NONE',  ( 43.10050506338838261, -8.734608624843867020, 6.000000000000000000 ) ) ;
#3204 = ORIENTED_EDGE ( 'NONE', *, *, #2723, .F. ) ;
#3205 = AXIS2_PLACEMENT_3D ( 'NONE', #1091, #1352, #1112 ) ;
#3206 = DIRECTION ( 'NONE',  ( 0.000000000000000000, 0.000000000000000000, -1.000000000000000000 ) ) ;
#3207 = DIRECTION ( 'NONE',  ( -1.000000000000000000, 0.000000000000000000, 0.000000000000000000 ) ) ;
#3208 = EDGE_CURVE ( 'NONE', #2790, #3147, #3163, .T. ) ;
#3209 = CARTESIAN_POINT ( 'NONE',  ( 132.0595205269191865, -81.63930745384131171, 27.00000000000000355 ) ) ;
#3210 = ORIENTED_EDGE ( 'NONE', *, *, #718, .F. ) ;
#3211 = CARTESIAN_POINT ( 'NONE',  ( 31.00634271786369922, -7.991627393376908195, 3.000000000000000000 ) ) ;
#3212 = AXIS2_PLACEMENT_3D ( 'NONE', #1208, #1738, #2589 ) ;
#3213 = DIRECTION ( 'NONE',  ( 1.000000000000000000, 0.000000000000000000, 0.000000000000000000 ) ) ;
#3214 = EDGE_CURVE ( 'NONE', #2335, #2023, #62, .T. ) ;
#3215 = ORIENTED_EDGE ( 'NONE', *, *, #1107, .T. ) ;
#3216 = AXIS2_PLACEMENT_3D ( 'NONE', #2627, #175, #2691 ) ;
#3217 = DIRECTION ( 'NONE',  ( -1.000000000000000000, 0.000000000000000000, 0.000000000000000000 ) ) ;
#3218 = AXIS2_PLACEMENT_3D ( 'NONE', #992, #2409, #1336 ) ;
#3219 = AXIS2_PLACEMENT_3D ( 'NONE', #1333, #2440, #339 ) ;
#3220 = ORIENTED_EDGE ( 'NONE', *, *, #2854, .T. ) ;
#3221 = AXIS2_PLACEMENT_3D ( 'NONE', #2063, #473, #3451 ) ;
#3222 = PLANE ( 'NONE',  #3296 ) ;
#3223 = DIRECTION ( 'NONE',  ( 0.000000000000000000, 0.000000000000000000, -1.000000000000000000 ) ) ;
#3224 = ORIENTED_EDGE ( 'NONE', *, *, #2035, .F. ) ;
#3225 = AXIS2_PLACEMENT_3D ( 'NONE', #2259, #349, #86 ) ;
#3226 = EDGE_CURVE ( 'NONE', #2626, #2632, #478, .T. ) ;
#3227 = ORIENTED_EDGE ( 'NONE', *, *, #3497, .T. ) ;
#3228 = DIRECTION ( 'NONE',  ( -0.9456581578068810057, -0.3251624956437874081, -0.000000000000000000 ) ) ;
#3229 = CIRCLE ( 'NONE', #756, 194.9999999999999432 ) ;
#3230 = CARTESIAN_POINT ( 'NONE',  ( 0.000000000000000000, -29.00000000000000000, 3.000000000000000000 ) ) ;
#3231 = CARTESIAN_POINT ( 'NONE',  ( 22.38817675479869962, 15.96933128205095542, 6.000000000000000000 ) ) ;
#3232 = ORIENTED_EDGE ( 'NONE', *, *, #1522, .T. ) ;
#3233 = CARTESIAN_POINT ( 'NONE',  ( 1.549999999999999822, -29.00000000000000000, 3.000000000000000000 ) ) ;
#3234 = CARTESIAN_POINT ( 'NONE',  ( 148.6555065601000081, -46.35710482608354965, 27.00000000000000355 ) ) ;
#3235 = VECTOR ( 'NONE', #1159, 1000.000000000000000 ) ;
#3236 = EDGE_LOOP ( 'NONE', ( #1825, #1597, #3273, #1923 ) ) ;
#3237 = CARTESIAN_POINT ( 'NONE',  ( -23.93817675479875362, 15.96933128205086838, 27.00000000000000355 ) ) ;
#3238 = DIRECTION ( 'NONE',  ( 1.000000000000000000, 0.000000000000000000, 0.000000000000000000 ) ) ;
#3239 = EDGE_CURVE ( 'NONE', #769, #2319, #463, .T. ) ;
#3240 = ORIENTED_EDGE ( 'NONE', *, *, #408, .T. ) ;
#3241 = DIRECTION ( 'NONE',  ( 0.000000000000000000, 0.000000000000000000, -1.000000000000000000 ) ) ;
#3242 = EDGE_CURVE ( 'NONE', #3361, #1841, #2641, .T. ) ;
#3243 = LINE ( 'NONE', #2467, #1513 ) ;
#3244 = ORIENTED_EDGE ( 'NONE', *, *, #2077, .T. ) ;
#3245 = CARTESIAN_POINT ( 'NONE',  ( 156.4447829456342447, -57.02600320791371757, 27.00000000000000355 ) ) ;
#3246 = CARTESIAN_POINT ( 'NONE',  ( 156.9447829456342163, -56.15997780412929075, 27.00000000000000355 ) ) ;
#3247 = DIRECTION ( 'NONE',  ( -7.768817096539476669E-15, 1.000000000000000000, 0.000000000000000000 ) ) ;
#3248 = EDGE_CURVE ( 'NONE', #818, #2465, #425, .T. ) ;
#3249 = CARTESIAN_POINT ( 'NONE',  ( 93.80948905120386883, -29.46067283583923668, 27.00000000000000355 ) ) ;
#3250 = DIRECTION ( 'NONE',  ( 1.000000000000000000, 0.000000000000000000, 0.000000000000000000 ) ) ;
#3251 = DIRECTION ( 'NONE',  ( -1.000000000000000000, -0.000000000000000000, -0.000000000000000000 ) ) ;
#3252 = EDGE_LOOP ( 'NONE', ( #2952, #3351, #1138, #2830 ) ) ;
#3253 = VECTOR ( 'NONE', #186, 1000.000000000000000 ) ;
#3254 = CARTESIAN_POINT ( 'NONE',  ( 74.91086144294426674, 17.11244582241975465, 23.38294130146828209 ) ) ;
#3255 = DIRECTION ( 'NONE',  ( -1.000000000000000000, 0.000000000000000000, 0.000000000000000000 ) ) ;
#3256 = EDGE_CURVE ( 'NONE', #23, #1788, #177, .T. ) ;
#3257 = VERTEX_POINT ( 'NONE', #2370 ) ;
#3258 = CARTESIAN_POINT ( 'NONE',  ( 109.1240300044757419, -7.632222505214558694, 24.00000000000000000 ) ) ;
#3259 = DIRECTION ( 'NONE',  ( -0.000000000000000000, -0.000000000000000000, 1.000000000000000000 ) ) ;
#3260 = EDGE_LOOP ( 'NONE', ( #1217, #2089, #825, #194 ) ) ;
#3261 = EDGE_CURVE ( 'NONE', #537, #1411, #3473, .T. ) ;
#3262 = VERTEX_POINT ( 'NONE', #2099 ) ;
#3263 = DIRECTION ( 'NONE',  ( 1.000000000000000000, 0.000000000000000000, 0.000000000000000000 ) ) ;
#3264 = CARTESIAN_POINT ( 'NONE',  ( -27.45000000000000284, 0.000000000000000000, 3.000000000000000000 ) ) ;
#3265 = DIRECTION ( 'NONE',  ( 0.8569462697358450898, -0.5154057535435747628, 0.000000000000000000 ) ) ;
#3266 = CIRCLE ( 'NONE', #328, 1.549999999999999378 ) ;
#3267 = APPLICATION_CONTEXT ( 'automotive_design' ) ;
#3268 = FACE_BOUND ( 'NONE', #1379, .T. ) ;
#3269 = CARTESIAN_POINT ( 'NONE',  ( -1.549999999999999822, 29.00000000000000000, 27.00000000000000355 ) ) ;
#3270 = ADVANCED_FACE ( 'NONE', ( #3197 ), #733, .F. ) ;
#3271 = CARTESIAN_POINT ( 'NONE',  ( 15.96933128205087904, -22.38817675479875291, 27.00000000000000355 ) ) ;
#3272 = AXIS2_PLACEMENT_3D ( 'NONE', #310, #1755, #620 ) ;
#3273 = ORIENTED_EDGE ( 'NONE', *, *, #798, .T. ) ;
#3274 = LINE ( 'NONE', #3325, #2468 ) ;
#3275 = CARTESIAN_POINT ( 'NONE',  ( -29.00000000000000000, 0.000000000000000000, 27.00000000000000355 ) ) ;
#3276 = ORIENTED_EDGE ( 'NONE', *, *, #475, .T. ) ;
#3277 = DIRECTION ( 'NONE',  ( 1.000000000000000000, 0.000000000000000000, 0.000000000000000000 ) ) ;
#3278 = EDGE_CURVE ( 'NONE', #157, #404, #2190, .T. ) ;
#3279 = DIRECTION ( 'NONE',  ( -0.000000000000000000, 1.000000000000000000, -0.000000000000000000 ) ) ;
#3280 = EDGE_CURVE ( 'NONE', #757, #3293, #638, .T. ) ;
#3281 = AXIS2_PLACEMENT_3D ( 'NONE', #2042, #2106, #432 ) ;
#3282 = VERTEX_POINT ( 'NONE', #3035 ) ;
#3283 = DIRECTION ( 'NONE',  ( -0.7583500328496575182, 0.6518475494139126525, 0.000000000000000000 ) ) ;
#3284 = AXIS2_PLACEMENT_3D ( 'NONE', #3019, #856, #1358 ) ;
#3285 = DIRECTION ( 'NONE',  ( 0.000000000000000000, 0.000000000000000000, -1.000000000000000000 ) ) ;
#3286 = VERTEX_POINT ( 'NONE', #2494 ) ;
#3287 = DIRECTION ( 'NONE',  ( -0.000000000000000000, -0.000000000000000000, 1.000000000000000000 ) ) ;
#3288 = DIRECTION ( 'NONE',  ( 1.000000000000000000, 0.000000000000000000, 0.000000000000000000 ) ) ;
#3289 = CARTESIAN_POINT ( 'NONE',  ( -14.41933128205099379, -22.38817675479876002, 3.000000000000000000 ) ) ;
#3290 = VECTOR ( 'NONE', #2421, 1000.000000000000000 ) ;
#3291 = VECTOR ( 'NONE', #2961, 1000.000000000000000 ) ;
#3292 = EDGE_LOOP ( 'NONE', ( #2863, #850, #2488, #3045, #1591, #1403, #571 ) ) ;
#3293 = VERTEX_POINT ( 'NONE', #32 ) ;
#3294 = CARTESIAN_POINT ( 'NONE',  ( 78.38477631085044095, -75.05618350206425760, 24.00000000000000000 ) ) ;
#3295 = DIRECTION ( 'NONE',  ( -0.000000000000000000, -0.000000000000000000, 1.000000000000000000 ) ) ;
#3296 = AXIS2_PLACEMENT_3D ( 'NONE', #2989, #3461, #773 ) ;
#3297 = ORIENTED_EDGE ( 'NONE', *, *, #1144, .F. ) ;
#3298 = FACE_OUTER_BOUND ( 'NONE', #226, .T. ) ;
#3299 = EDGE_LOOP ( 'NONE', ( #155, #1325, #419, #1652, #1303, #2260, #655 ) ) ;
#3300 = CARTESIAN_POINT ( 'NONE',  ( 120.7812622533869842, -43.34920620125502211, 27.00000000000000355 ) ) ;
#3301 = CARTESIAN_POINT ( 'NONE',  ( 167.0595205269191865, -65.05618350206425760, 24.00000000000000000 ) ) ;
#3302 = EDGE_LOOP ( 'NONE', ( #2078, #1540, #481, #2039 ) ) ;
#3303 = CARTESIAN_POINT ( 'NONE',  ( 142.3676355977906951, -64.50038205912439082, 27.00000000000000355 ) ) ;
#3304 = CARTESIAN_POINT ( 'NONE',  ( 71.88555311603509779, -25.35239733352224434, 25.51332734378932088 ) ) ;
#3305 = EDGE_CURVE ( 'NONE', #990, #2815, #3092, .T. ) ;
#3306 = VERTEX_POINT ( 'NONE', #2724 ) ;
#3307 = DIRECTION ( 'NONE',  ( -1.000000000000000000, -8.157696694311015800E-15, 0.000000000000000000 ) ) ;
#3308 = CARTESIAN_POINT ( 'NONE',  ( 25.14460034564295654, 25.95305706593564210, 6.000000000000000000 ) ) ;
#3309 = AXIS2_PLACEMENT_3D ( 'NONE', #2285, #1696, #2004 ) ;
#3310 = ORIENTED_EDGE ( 'NONE', *, *, #2997, .T. ) ;
#3311 = CARTESIAN_POINT ( 'NONE',  ( 78.38477631085042674, -27.50602254407957759, 24.00000000000000000 ) ) ;
#3312 = EDGE_LOOP ( 'NONE', ( #3332, #538 ) ) ;
#3313 = VECTOR ( 'NONE', #2345, 1000.000000000000000 ) ;
#3314 = EDGE_CURVE ( 'NONE', #2652, #1640, #291, .T. ) ;
#3315 = ORIENTED_EDGE ( 'NONE', *, *, #578, .T. ) ;
#3316 = LINE ( 'NONE', #2974, #3290 ) ;
#3317 = CARTESIAN_POINT ( 'NONE',  ( 121.2812622533869700, -44.21523160503945604, 24.00000000000000000 ) ) ;
#3318 = ORIENTED_EDGE ( 'NONE', *, *, #3214, .T. ) ;
#3319 = DIRECTION ( 'NONE',  ( -1.000000000000000000, 9.741761251385846116E-16, 0.000000000000000000 ) ) ;
#3320 = ADVANCED_FACE ( 'NONE', ( #1906 ), #277, .F. ) ;
#3321 = DIRECTION ( 'NONE',  ( 1.000000000000000000, 0.000000000000000000, 0.000000000000000000 ) ) ;
#3322 = EDGE_CURVE ( 'NONE', #2600, #537, #1800, .T. ) ;
#3323 = ORIENTED_EDGE ( 'NONE', *, *, #1760, .F. ) ;
#3324 = VERTEX_POINT ( 'NONE', #2189 ) ;
#3325 = CARTESIAN_POINT ( 'NONE',  ( 114.7812622533867568, -13.51047932657570172, 27.00000000000000355 ) ) ;
#3326 = CARTESIAN_POINT ( 'NONE',  ( 121.2812622533869700, -44.21523160503945604, 27.00000000000000355 ) ) ;
#3327 = CIRCLE ( 'NONE', #3149, 1.000000000000000888 ) ;
#3328 = ADVANCED_FACE ( 'NONE', ( #312 ), #3543, .F. ) ;
#3329 = ORIENTED_EDGE ( 'NONE', *, *, #2264, .T. ) ;
#3330 = CARTESIAN_POINT ( 'NONE',  ( -22.38817675479875646, 15.96933128205086838, 6.000000000000000000 ) ) ;
#3331 = VERTEX_POINT ( 'NONE', #3289 ) ;
#3332 = ORIENTED_EDGE ( 'NONE', *, *, #1942, .T. ) ;
#3333 =( GEOMETRIC_REPRESENTATION_CONTEXT ( 3 ) GLOBAL_UNCERTAINTY_ASSIGNED_CONTEXT ( ( #674 ) ) GLOBAL_UNIT_ASSIGNED_CONTEXT ( ( #388, #1531, #2320 ) ) REPRESENTATION_CONTEXT ( 'NONE', 'WORKASPACE' ) );
#3334 = DIRECTION ( 'NONE',  ( 1.000000000000000000, 0.000000000000000000, 0.000000000000000000 ) ) ;
#3335 = FACE_OUTER_BOUND ( 'NONE', #2446, .T. ) ;
#3336 = VECTOR ( 'NONE', #2050, 1000.000000000000000 ) ;
#3337 = VERTEX_POINT ( 'NONE', #1681 ) ;
#3338 = AXIS2_PLACEMENT_3D ( 'NONE', #911, #605, #895 ) ;
#3339 = CARTESIAN_POINT ( 'NONE',  ( 113.2812622533867568, -12.64445392279126423, 27.00000000000000355 ) ) ;
#3340 = EDGE_CURVE ( 'NONE', #3257, #210, #1964, .T. ) ;
#3341 = CARTESIAN_POINT ( 'NONE',  ( 1.549999999999999822, -29.00000000000000000, 27.00000000000000355 ) ) ;
#3342 = ORIENTED_EDGE ( 'NONE', *, *, #724, .T. ) ;
#3343 = ORIENTED_EDGE ( 'NONE', *, *, #2469, .F. ) ;
#3344 = DIRECTION ( 'NONE',  ( 0.000000000000000000, 0.000000000000000000, -1.000000000000000000 ) ) ;
#3345 = VECTOR ( 'NONE', #1130, 1000.000000000000000 ) ;
#3346 = CARTESIAN_POINT ( 'NONE',  ( 32.18043739650774171, 0.6518475494139142068, 3.000000000000000000 ) ) ;
#3347 = VECTOR ( 'NONE', #2152, 1000.000000000000000 ) ;
#3348 = ORIENTED_EDGE ( 'NONE', *, *, #3322, .T. ) ;
#3349 = DIRECTION ( 'NONE',  ( 1.000000000000000000, 0.000000000000000000, 0.000000000000000000 ) ) ;
#3350 = CIRCLE ( 'NONE', #1974, 24.00000000000000355 ) ;
#3351 = ORIENTED_EDGE ( 'NONE', *, *, #545, .F. ) ;
#3352 = EDGE_CURVE ( 'NONE', #174, #3331, #1428, .T. ) ;
#3353 = FACE_BOUND ( 'NONE', #1554, .T. ) ;
#3354 = DIRECTION ( 'NONE',  ( 1.000000000000000000, 0.000000000000000000, 0.000000000000000000 ) ) ;
#3355 = CARTESIAN_POINT ( 'NONE',  ( 42.34215503053871998, 12.47384321159759146, 3.000000000000000000 ) ) ;
#3356 = ORIENTED_EDGE ( 'NONE', *, *, #2976, .F. ) ;
#3357 = DIRECTION ( 'NONE',  ( 1.000000000000000000, 0.000000000000000000, 0.000000000000000000 ) ) ;
#3358 = DIRECTION ( 'NONE',  ( -0.000000000000000000, -0.000000000000000000, 1.000000000000000000 ) ) ;
#3359 = DIRECTION ( 'NONE',  ( 0.8660254037844408170, 0.4999999999999963363, 0.000000000000000000 ) ) ;
#3360 = EDGE_CURVE ( 'NONE', #3331, #3073, #1517, .T. ) ;
#3361 = VERTEX_POINT ( 'NONE', #2224 ) ;
#3362 = EDGE_LOOP ( 'NONE', ( #618, #444 ) ) ;
#3363 = DIRECTION ( 'NONE',  ( -1.000000000000000000, 0.000000000000000000, 0.000000000000000000 ) ) ;
#3364 = CARTESIAN_POINT ( 'NONE',  ( -17.51933128205075008, -22.38817675479876002, 3.000000000000000000 ) ) ;
#3365 = EDGE_LOOP ( 'NONE', ( #2231, #561, #3536, #2660 ) ) ;
#3366 = ADVANCED_FACE ( 'NONE', ( #1925 ), #2241, .F. ) ;
#3367 = DIRECTION ( 'NONE',  ( 1.000000000000000000, 0.000000000000000000, 0.000000000000000000 ) ) ;
#3368 = VERTEX_POINT ( 'NONE', #588 ) ;
#3369 = VERTEX_POINT ( 'NONE', #259 ) ;
#3370 = DIRECTION ( 'NONE',  ( -0.000000000000000000, -0.000000000000000000, 1.000000000000000000 ) ) ;
#3371 = CIRCLE ( 'NONE', #1429, 1.000000000000000888 ) ;
#3372 = CYLINDRICAL_SURFACE ( 'NONE', #3499, 0.9999999999999940048 ) ;
#3373 = DIRECTION ( 'NONE',  ( 1.000000000000000000, 0.000000000000000000, 0.000000000000000000 ) ) ;
#3374 = EDGE_CURVE ( 'NONE', #1795, #1039, #1376, .T. ) ;
#3375 = ORIENTED_EDGE ( 'NONE', *, *, #3360, .T. ) ;
#3376 = CARTESIAN_POINT ( 'NONE',  ( 22.38817675479869962, 15.96933128205095542, 3.000000000000000000 ) ) ;
#3377 = CARTESIAN_POINT ( 'NONE',  ( 14.41933128205087833, -22.38817675479875291, 6.000000000000000000 ) ) ;
#3378 = CARTESIAN_POINT ( 'NONE',  ( 165.4995305801835173, -59.69276758487139745, 27.00000000000000355 ) ) ;
#3379 = EDGE_LOOP ( 'NONE', ( #2726, #3315, #3297, #1137 ) ) ;
#3380 = EDGE_CURVE ( 'NONE', #1425, #2400, #2981, .T. ) ;
#3381 = CARTESIAN_POINT ( 'NONE',  ( 141.6555065600999512, -39.38035940029868698, 27.00000000000000355 ) ) ;
#3382 = ADVANCED_FACE ( 'NONE', ( #2704 ), #1394, .F. ) ;
#3383 = CARTESIAN_POINT ( 'NONE',  ( 52.85302610343224217, 24.99485752475005995, 7.312343036693985887 ) ) ;
#3384 = EDGE_CURVE ( 'NONE', #1062, #2690, #2872, .T. ) ;
#3385 = EDGE_LOOP ( 'NONE', ( #313, #73, #479, #741 ) ) ;
#3386 = AXIS2_PLACEMENT_3D ( 'NONE', #2284, #2792, #3334 ) ;
#3387 = CARTESIAN_POINT ( 'NONE',  ( -23.93817675479868967, -15.96933128205095898, 6.000000000000000000 ) ) ;
#3388 = VECTOR ( 'NONE', #1608, 1000.000000000000114 ) ;
#3389 = EDGE_CURVE ( 'NONE', #2238, #1504, #2586, .T. ) ;
#3390 = EDGE_LOOP ( 'NONE', ( #1180, #2821, #2844, #2605 ) ) ;
#3391 = CARTESIAN_POINT ( 'NONE',  ( 32.56499258019216825, 8.769738674320914029, 3.000000000000000000 ) ) ;
#3392 = VECTOR ( 'NONE', #1669, 1000.000000000000000 ) ;
#3393 = CARTESIAN_POINT ( 'NONE',  ( 42.44865751397446729, -9.492958657693529645, 6.000000000000000000 ) ) ;
#3394 = CYLINDRICAL_SURFACE ( 'NONE', #1135, 1.549999999999877920 ) ;
#3395 = EDGE_LOOP ( 'NONE', ( #3240, #1845 ) ) ;
#3396 = PRODUCT_DEFINITION ( 'Êú', '', #810, #892 ) ;
#3397 = DIRECTION ( 'NONE',  ( 0.8660254037844361541, 0.5000000000000044409, 0.000000000000000000 ) ) ;
#3398 = CARTESIAN_POINT ( 'NONE',  ( 24.99872716189555177, 24.96375376852713046, 27.00000000000000355 ) ) ;
#3399 = AXIS2_PLACEMENT_3D ( 'NONE', #2186, #1182, #2268 ) ;
#3400 = DIRECTION ( 'NONE',  ( 0.000000000000000000, 0.000000000000000000, -1.000000000000000000 ) ) ;
#3401 = VECTOR ( 'NONE', #2904, 1000.000000000000000 ) ;
#3402 = EDGE_LOOP ( 'NONE', ( #2697, #461, #3182, #2432, #1142, #3184, #3059 ) ) ;
#3403 = EDGE_CURVE ( 'NONE', #1822, #2588, #1993, .T. ) ;
#3404 = DIRECTION ( 'NONE',  ( -1.000000000000000000, 0.000000000000000000, 0.000000000000000000 ) ) ;
#3405 = DIRECTION ( 'NONE',  ( 1.000000000000000000, 0.000000000000000000, 0.000000000000000000 ) ) ;
#3406 = AXIS2_PLACEMENT_3D ( 'NONE', #1205, #1787, #3071 ) ;
#3407 = ORIENTED_EDGE ( 'NONE', *, *, #2374, .F. ) ;
#3408 = CIRCLE ( 'NONE', #747, 1.000000000000014655 ) ;
#3409 = AXIS2_PLACEMENT_3D ( 'NONE', #1242, #2401, #3433 ) ;
#3410 = EDGE_CURVE ( 'NONE', #385, #801, #381, .T. ) ;
#3411 = ORIENTED_EDGE ( 'NONE', *, *, #2142, .F. ) ;
#3412 = FACE_OUTER_BOUND ( 'NONE', #3068, .T. ) ;
#3413 = DIRECTION ( 'NONE',  ( 0.000000000000000000, 0.000000000000000000, -1.000000000000000000 ) ) ;
#3414 = FACE_BOUND ( 'NONE', #1250, .T. ) ;
#3415 = ORIENTED_EDGE ( 'NONE', *, *, #1644, .T. ) ;
#3416 = DIRECTION ( 'NONE',  ( 1.000000000000000000, 0.000000000000000000, 0.000000000000000000 ) ) ;
#3417 = CARTESIAN_POINT ( 'NONE',  ( 84.83676315000487023, 6.983712188999624537, 27.00000000000000355 ) ) ;
#3418 = CARTESIAN_POINT ( 'NONE',  ( 119.7812622533867852, -17.83136398209194695, 27.00000000000000355 ) ) ;
#3419 = VERTEX_POINT ( 'NONE', #1756 ) ;
#3420 = CYLINDRICAL_SURFACE ( 'NONE', #2984, 195.0000000000000000 ) ;
#3421 = DIRECTION ( 'NONE',  ( 0.000000000000000000, 0.000000000000000000, -1.000000000000000000 ) ) ;
#3422 = ADVANCED_FACE ( 'NONE', ( #402 ), #2031, .F. ) ;
#3423 = ORIENTED_EDGE ( 'NONE', *, *, #126, .F. ) ;
#3424 = DIRECTION ( 'NONE',  ( 1.568988244711068651E-15, 1.000000000000000000, 0.000000000000000000 ) ) ;
#3425 = ORIENTED_EDGE ( 'NONE', *, *, #1946, .T. ) ;
#3426 = ORIENTED_EDGE ( 'NONE', *, *, #3042, .T. ) ;
#3427 = DIRECTION ( 'NONE',  ( -0.000000000000000000, -0.000000000000000000, 1.000000000000000000 ) ) ;
#3428 = FACE_OUTER_BOUND ( 'NONE', #2212, .T. ) ;
#3429 = DIRECTION ( 'NONE',  ( -0.000000000000000000, -0.000000000000000000, 1.000000000000000000 ) ) ;
#3430 = EDGE_CURVE ( 'NONE', #3431, #3369, #1283, .T. ) ;
#3431 = VERTEX_POINT ( 'NONE', #3104 ) ;
#3432 = VECTOR ( 'NONE', #508, 1000.000000000000114 ) ;
#3433 = DIRECTION ( 'NONE',  ( 1.000000000000000000, 0.000000000000000000, 0.000000000000000000 ) ) ;
#3434 = DIRECTION ( 'NONE',  ( 1.000000000000000000, 0.000000000000000000, 0.000000000000000000 ) ) ;
#3435 = CARTESIAN_POINT ( 'NONE',  ( 17.51933128205087797, -22.38817675479875291, 27.00000000000000355 ) ) ;
#3436 = AXIS2_PLACEMENT_3D ( 'NONE', #437, #1282, #1019 ) ;
#3437 = VERTEX_POINT ( 'NONE', #3378 ) ;
#3438 = DIRECTION ( 'NONE',  ( 0.000000000000000000, 0.000000000000000000, -1.000000000000000000 ) ) ;
#3439 = DIRECTION ( 'NONE',  ( -0.000000000000000000, -0.000000000000000000, 1.000000000000000000 ) ) ;
#3440 = ORIENTED_EDGE ( 'NONE', *, *, #2564, .T. ) ;
#3441 = VECTOR ( 'NONE', #2141, 1000.000000000000000 ) ;
#3442 = EDGE_LOOP ( 'NONE', ( #606, #344 ) ) ;
#3443 = DIRECTION ( 'NONE',  ( 1.000000000000000000, 0.000000000000000000, 0.000000000000000000 ) ) ;
#3444 = CYLINDRICAL_SURFACE ( 'NONE', #504, 1.000000000000000888 ) ;
#3445 = FACE_OUTER_BOUND ( 'NONE', #1852, .T. ) ;
#3446 = AXIS2_PLACEMENT_3D ( 'NONE', #3231, #765, #2240 ) ;
#3447 = VERTEX_POINT ( 'NONE', #1523 ) ;
#3448 = AXIS2_PLACEMENT_3D ( 'NONE', #2746, #2514, #2785 ) ;
#3449 = LINE ( 'NONE', #984, #1343 ) ;
#3450 = CARTESIAN_POINT ( 'NONE',  ( -1.549999999999999822, -29.00000000000000000, 3.000000000000000000 ) ) ;
#3451 = DIRECTION ( 'NONE',  ( 1.000000000000000000, 0.000000000000000000, 0.000000000000000000 ) ) ;
#3452 = ORIENTED_EDGE ( 'NONE', *, *, #2225, .T. ) ;
#3453 = DIRECTION ( 'NONE',  ( 1.000000000000000000, 0.000000000000000000, 0.000000000000000000 ) ) ;
#3454 = CIRCLE ( 'NONE', #2646, 1.000000000000007772 ) ;
#3455 = FACE_OUTER_BOUND ( 'NONE', #1494, .T. ) ;
#3456 = VECTOR ( 'NONE', #1917, 1000.000000000000000 ) ;
#3457 = CIRCLE ( 'NONE', #173, 0.9999999999999940048 ) ;
#3458 = VERTEX_POINT ( 'NONE', #135 ) ;
#3459 = DIRECTION ( 'NONE',  ( -0.000000000000000000, -0.000000000000000000, -1.000000000000000000 ) ) ;
#3460 = VERTEX_POINT ( 'NONE', #1469 ) ;
#3461 = DIRECTION ( 'NONE',  ( -0.5154057535435730975, -0.8569462697358460890, 0.000000000000000000 ) ) ;
#3462 = CARTESIAN_POINT ( 'NONE',  ( 114.7812622533869558, -40.30565477354846848, 27.00000000000000355 ) ) ;
#3463 = VECTOR ( 'NONE', #1203, 1000.000000000000000 ) ;
#3464 = AXIS2_PLACEMENT_3D ( 'NONE', #2223, #3319, #1664 ) ;
#3465 = EDGE_CURVE ( 'NONE', #33, #2716, #3126, .T. ) ;
#3466 = ORIENTED_EDGE ( 'NONE', *, *, #1421, .T. ) ;
#3467 = DIRECTION ( 'NONE',  ( 1.000000000000000000, 0.000000000000000000, 0.000000000000000000 ) ) ;
#3468 = LINE ( 'NONE', #1005, #2794 ) ;
#3469 = ORIENTED_EDGE ( 'NONE', *, *, #3465, .T. ) ;
#3470 = CIRCLE ( 'NONE', #1642, 1.000000000000028644 ) ;
#3471 = ORIENTED_EDGE ( 'NONE', *, *, #1970, .T. ) ;
#3472 = CARTESIAN_POINT ( 'NONE',  ( 49.10050506338838261, 26.05216957756162444, 3.000000000000000000 ) ) ;
#3473 = LINE ( 'NONE', #2659, #2246 ) ;
#3474 = EDGE_CURVE ( 'NONE', #1641, #97, #621, .T. ) ;
#3475 = ORIENTED_EDGE ( 'NONE', *, *, #2216, .F. ) ;
#3476 = DIRECTION ( 'NONE',  ( 0.000000000000000000, 1.000000000000000000, 0.000000000000000000 ) ) ;
#3477 = VERTEX_POINT ( 'NONE', #1244 ) ;
#3478 = ORIENTED_EDGE ( 'NONE', *, *, #833, .F. ) ;
#3479 = FACE_OUTER_BOUND ( 'NONE', #2180, .T. ) ;
#3480 = CYLINDRICAL_SURFACE ( 'NONE', #3281, 1.000000000000000888 ) ;
#3481 = ORIENTED_EDGE ( 'NONE', *, *, #1236, .T. ) ;
#3482 = ORIENTED_EDGE ( 'NONE', *, *, #3384, .T. ) ;
#3483 = CARTESIAN_POINT ( 'NONE',  ( 70.07106781186573130, -25.67865474542405124, 24.07106781186551459 ) ) ;
#3484 = DIRECTION ( 'NONE',  ( 1.000000000000000000, 0.000000000000000000, 0.000000000000000000 ) ) ;
#3485 = EDGE_CURVE ( 'NONE', #2023, #553, #1744, .T. ) ;
#3486 = CARTESIAN_POINT ( 'NONE',  ( 114.7812622533867568, -13.51047932657570172, 24.00000000000000000 ) ) ;
#3487 = ORIENTED_EDGE ( 'NONE', *, *, #1012, .F. ) ;
#3488 = CARTESIAN_POINT ( 'NONE',  ( 42.44865751397446729, -9.492958657693527869, 27.00000000000000355 ) ) ;
#3489 = VECTOR ( 'NONE', #449, 1000.000000000000000 ) ;
#3490 = DIRECTION ( 'NONE',  ( 1.000000000000000000, 0.000000000000000000, 0.000000000000000000 ) ) ;
#3491 = ORIENTED_EDGE ( 'NONE', *, *, #654, .F. ) ;
#3492 = CARTESIAN_POINT ( 'NONE',  ( 141.6555065600999512, -39.38035940029868698, 27.00000000000000355 ) ) ;
#3493 = ORIENTED_EDGE ( 'NONE', *, *, #2371, .F. ) ;
#3494 = FACE_OUTER_BOUND ( 'NONE', #216, .T. ) ;
#3495 = ADVANCED_FACE ( 'NONE', ( #658 ), #2046, .F. ) ;
#3496 = CYLINDRICAL_SURFACE ( 'NONE', #3049, 1.549999999999999378 ) ;
#3497 = EDGE_CURVE ( 'NONE', #207, #105, #327, .T. ) ;
#3498 = EDGE_LOOP ( 'NONE', ( #514, #702 ) ) ;
#3499 = AXIS2_PLACEMENT_3D ( 'NONE', #2003, #3081, #3354 ) ;
#3500 = DIRECTION ( 'NONE',  ( 0.000000000000000000, 0.000000000000000000, -1.000000000000000000 ) ) ;
#3501 = CARTESIAN_POINT ( 'NONE',  ( 32.18043739650774171, 0.6518475494139142068, 27.00000000000000355 ) ) ;
#3502 = DIRECTION ( 'NONE',  ( 1.000000000000000000, 0.000000000000000000, 0.000000000000000000 ) ) ;
#3503 = ADVANCED_FACE ( 'NONE', ( #1977 ), #2567, .F. ) ;
#3504 = ORIENTED_EDGE ( 'NONE', *, *, #1136, .T. ) ;
#3505 = DIRECTION ( 'NONE',  ( 1.000000000000000000, 0.000000000000000000, 0.000000000000000000 ) ) ;
#3506 = CIRCLE ( 'NONE', #2812, 1.000000000000000888 ) ;
#3507 = CARTESIAN_POINT ( 'NONE',  ( 138.1188095650339278, -34.49406913216676429, 24.00000000000000000 ) ) ;
#3508 = ADVANCED_FACE ( 'NONE', ( #67 ), #1172, .F. ) ;
#3509 = ORIENTED_EDGE ( 'NONE', *, *, #3151, .T. ) ;
#3510 = AXIS2_PLACEMENT_3D ( 'NONE', #1691, #595, #2774 ) ;
#3511 = CARTESIAN_POINT ( 'NONE',  ( 157.0595205269191865, -65.05618350206425760, 27.00000000000000355 ) ) ;
#3512 = FACE_OUTER_BOUND ( 'NONE', #2321, .T. ) ;
#3513 = VECTOR ( 'NONE', #3010, 1000.000000000000000 ) ;
#3514 = CIRCLE ( 'NONE', #1684, 1.549999999999995826 ) ;
#3515 = ORIENTED_EDGE ( 'NONE', *, *, #3532, .T. ) ;
#3516 = AXIS2_PLACEMENT_3D ( 'NONE', #1577, #1025, #3213 ) ;
#3517 = LINE ( 'NONE', #1842, #881 ) ;
#3518 = CARTESIAN_POINT ( 'NONE',  ( 157.0595205269191865, -65.05618350206425760, 27.00000000000000355 ) ) ;
#3519 = EDGE_CURVE ( 'NONE', #1022, #97, #989, .T. ) ;
#3520 = VERTEX_POINT ( 'NONE', #2530 ) ;
#3521 = LINE ( 'NONE', #1604, #3345 ) ;
#3522 = CARTESIAN_POINT ( 'NONE',  ( 154.5095205269191752, -65.05618350206425760, 27.00000000000000355 ) ) ;
#3523 = AXIS2_PLACEMENT_3D ( 'NONE', #2998, #1924, #2475 ) ;
#3524 = CARTESIAN_POINT ( 'NONE',  ( 90.48772600796267795, -27.56327034715166135, 27.00000000000000355 ) ) ;
#3525 = CARTESIAN_POINT ( 'NONE',  ( 121.4208598448222887, -17.06265407515053667, 27.00000000000000355 ) ) ;
#3526 = CARTESIAN_POINT ( 'NONE',  ( -22.38817675479869251, -15.96933128205095898, 27.00000000000000355 ) ) ;
#3527 = DIRECTION ( 'NONE',  ( 0.000000000000000000, 0.000000000000000000, -1.000000000000000000 ) ) ;
#3528 = AXIS2_PLACEMENT_3D ( 'NONE', #1420, #3008, #2197 ) ;
#3529 = ORIENTED_EDGE ( 'NONE', *, *, #2943, .T. ) ;
#3530 = DIRECTION ( 'NONE',  ( 0.000000000000000000, 0.000000000000000000, -1.000000000000000000 ) ) ;
#3531 = DIRECTION ( 'NONE',  ( 0.000000000000000000, 0.000000000000000000, -1.000000000000000000 ) ) ;
#3532 = EDGE_CURVE ( 'NONE', #3131, #1145, #2766, .T. ) ;
#3533 = VERTEX_POINT ( 'NONE', #1188 ) ;
#3534 = CARTESIAN_POINT ( 'NONE',  ( 108.5474930788880954, -8.449293599694081891, 27.00000000000000355 ) ) ;
#3535 = DIRECTION ( 'NONE',  ( 1.000000000000000000, 0.000000000000000000, 0.000000000000000000 ) ) ;
#3536 = ORIENTED_EDGE ( 'NONE', *, *, #1215, .T. ) ;
#3537 = FACE_OUTER_BOUND ( 'NONE', #2753, .T. ) ;
#3538 = DIRECTION ( 'NONE',  ( -1.000000000000000000, 0.000000000000000000, 0.000000000000000000 ) ) ;
#3539 = EDGE_CURVE ( 'NONE', #549, #2674, #2274, .T. ) ;
#3540 = LINE ( 'NONE', #2701, #506 ) ;
#3541 = FACE_BOUND ( 'NONE', #2882, .T. ) ;
#3542 = CARTESIAN_POINT ( 'NONE',  ( 32.18043739650774171, 0.6518475494139142068, 27.00000000000000355 ) ) ;
#3543 = CYLINDRICAL_SURFACE ( 'NONE', #120, 1.549999999999999378 ) ;
#3544 = EDGE_CURVE ( 'NONE', #1811, #414, #1690, .T. ) ;
#3545 = ORIENTED_EDGE ( 'NONE', *, *, #2756, .F. ) ;
#3546 = CIRCLE ( 'NONE', #1875, 1.549999999999999378 ) ;
#3547 = CARTESIAN_POINT ( 'NONE',  ( 72.17639758547603890, 18.25112736597787944, 25.70494401449238353 ) ) ;
#3548 = CYLINDRICAL_SURFACE ( 'NONE', #3557, 24.00000000000000355 ) ;
#3549 = CIRCLE ( 'NONE', #782, 1.549999999999995826 ) ;
#3550 = ORIENTED_EDGE ( 'NONE', *, *, #2158, .T. ) ;
#3551 = CARTESIAN_POINT ( 'NONE',  ( 119.7812622533867852, -17.83136398209194695, 27.00000000000000355 ) ) ;
#3552 = DIRECTION ( 'NONE',  ( 1.000000000000000000, 0.000000000000000000, 0.000000000000000000 ) ) ;
#3553 = ORIENTED_EDGE ( 'NONE', *, *, #1463, .T. ) ;
#3554 = LINE ( 'NONE', #1879, #1289 ) ;
#3555 = DIRECTION ( 'NONE',  ( -0.000000000000000000, -0.000000000000000000, 1.000000000000000000 ) ) ;
#3556 = CARTESIAN_POINT ( 'NONE',  ( 51.08226815438920454, -22.30613838969315310, 6.511477998705458070 ) ) ;
#3557 = AXIS2_PLACEMENT_3D ( 'NONE', #2229, #1103, #1654 ) ;
#3558 = LINE ( 'NONE', #2425, #2941 ) ;
#3559 = ADVANCED_FACE ( 'NONE', ( #1589 ), #1020, .T. ) ;
#3560 = DIRECTION ( 'NONE',  ( -0.000000000000000000, -0.000000000000000000, 1.000000000000000000 ) ) ;
ENDSEC;
END-ISO-10303-21;
