ISO-10303-21;
HEADER;
FILE_DESCRIPTION (( 'STEP AP214' ),
    '1' );
FILE_NAME ('´óÍÈÄÚ²à-R.step',
    '2026-04-21T06:29:07',
    ( '' ),
    ( '' ),
    'SwSTEP 2.0',
    'SolidWorks 2024',
    '' );
FILE_SCHEMA (( 'AUTOMOTIVE_DESIGN' ));
ENDSEC;

DATA;
#1 = VECTOR ( 'NONE', #2161, 1000.000000000000000 ) ;
#2 = DIRECTION ( 'NONE',  ( -1.000000000000000000, 0.000000000000000000, 0.000000000000000000 ) ) ;
#3 = ORIENTED_EDGE ( 'NONE', *, *, #2910, .F. ) ;
#4 = EDGE_CURVE ( 'NONE', #651, #406, #2483, .T. ) ;
#5 = ORIENTED_EDGE ( 'NONE', *, *, #2093, .F. ) ;
#6 = CIRCLE ( 'NONE', #3100, 1.000000000000000888 ) ;
#7 = CYLINDRICAL_SURFACE ( 'NONE', #1840, 39.79999999999999005 ) ;
#8 = ORIENTED_EDGE ( 'NONE', *, *, #311, .T. ) ;
#9 = DIRECTION ( 'NONE',  ( 1.000000000000000000, 0.000000000000000000, 0.000000000000000000 ) ) ;
#10 = DIRECTION ( 'NONE',  ( -0.000000000000000000, -0.000000000000000000, 1.000000000000000000 ) ) ;
#11 = CARTESIAN_POINT ( 'NONE',  ( 149.7881047748701633, -47.51630602613604992, 3.000000000000000000 ) ) ;
#12 = LINE ( 'NONE', #1680, #669 ) ;
#13 = EDGE_LOOP ( 'NONE', ( #2168, #2750, #3018, #3063 ) ) ;
#14 = EDGE_LOOP ( 'NONE', ( #1302, #903, #254, #1092 ) ) ;
#15 = FACE_OUTER_BOUND ( 'NONE', #731, .T. ) ;
#16 = ORIENTED_EDGE ( 'NONE', *, *, #1275, .F. ) ;
#17 = LINE ( 'NONE', #285, #316 ) ;
#18 = AXIS2_PLACEMENT_3D ( 'NONE', #2186, #31, #230 ) ;
#19 = VERTEX_POINT ( 'NONE', #1992 ) ;
#20 = AXIS2_PLACEMENT_3D ( 'NONE', #644, #2133, #1436 ) ;
#21 = CARTESIAN_POINT ( 'NONE',  ( 64.46242926466706535, 15.18909527294460382, 3.000000000000000000 ) ) ;
#22 = DIRECTION ( 'NONE',  ( 1.000000000000000000, 0.000000000000000000, 0.000000000000000000 ) ) ;
#23 = ORIENTED_EDGE ( 'NONE', *, *, #2296, .T. ) ;
#24 = EDGE_CURVE ( 'NONE', #1851, #742, #1470, .T. ) ;
#25 = CARTESIAN_POINT ( 'NONE',  ( -24.58628865436077149, 17.53722926247049685, 3.000000000000000000 ) ) ;
#26 = DIRECTION ( 'NONE',  ( -1.000000000000000000, 0.000000000000000000, 0.000000000000000000 ) ) ;
#27 = ORIENTED_EDGE ( 'NONE', *, *, #2475, .F. ) ;
#28 = CARTESIAN_POINT ( 'NONE',  ( 132.0595205269187034, -81.63930745384240595, 6.000000000000000000 ) ) ;
#29 = VECTOR ( 'NONE', #701, 1000.000000000000000 ) ;
#30 = ORIENTED_EDGE ( 'NONE', *, *, #1491, .F. ) ;
#31 = DIRECTION ( 'NONE',  ( 0.000000000000000000, 0.000000000000000000, -1.000000000000000000 ) ) ;
#32 = ADVANCED_FACE ( 'NONE', ( #1765 ), #535, .F. ) ;
#33 = VERTEX_POINT ( 'NONE', #2985 ) ;
#34 = FACE_OUTER_BOUND ( 'NONE', #1381, .T. ) ;
#35 = CARTESIAN_POINT ( 'NONE',  ( 69.12797754963551711, 12.36936218367450380, 3.000000000000000000 ) ) ;
#36 = EDGE_CURVE ( 'NONE', #33, #3094, #2039, .T. ) ;
#37 = VERTEX_POINT ( 'NONE', #1214 ) ;
#38 = CARTESIAN_POINT ( 'NONE',  ( -2.385469812811840780E-15, 33.00000000000000000, 3.000000000000000000 ) ) ;
#39 = CARTESIAN_POINT ( 'NONE',  ( 10.73036235624257806, -31.20671920762786655, 3.000000000000000000 ) ) ;
#40 = ORIENTED_EDGE ( 'NONE', *, *, #2816, .T. ) ;
#41 = DIRECTION ( 'NONE',  ( 0.000000000000000000, 0.000000000000000000, -1.000000000000000000 ) ) ;
#42 = CIRCLE ( 'NONE', #191, 30.20000000000000284 ) ;
#43 = CIRCLE ( 'NONE', #2067, 1.000000000000000888 ) ;
#44 = ORIENTED_EDGE ( 'NONE', *, *, #2885, .T. ) ;
#45 = DIRECTION ( 'NONE',  ( 1.000000000000000000, 0.000000000000000000, 0.000000000000000000 ) ) ;
#46 = AXIS2_PLACEMENT_3D ( 'NONE', #2430, #781, #957 ) ;
#47 = VECTOR ( 'NONE', #204, 1000.000000000000000 ) ;
#48 = VERTEX_POINT ( 'NONE', #2197 ) ;
#49 = DIRECTION ( 'NONE',  ( 0.01788134095748411881, 0.9998401160413409317, 0.000000000000000000 ) ) ;
#50 = ADVANCED_FACE ( 'NONE', ( #848 ), #2779, .F. ) ;
#51 = DIRECTION ( 'NONE',  ( 1.000000000000000000, 0.000000000000000000, 0.000000000000000000 ) ) ;
#52 = AXIS2_PLACEMENT_3D ( 'NONE', #1670, #456, #2878 ) ;
#53 = DIRECTION ( 'NONE',  ( 1.000000000000000000, 0.000000000000000000, 0.000000000000000000 ) ) ;
#54 = DIRECTION ( 'NONE',  ( -0.000000000000000000, -0.000000000000000000, 1.000000000000000000 ) ) ;
#55 = CARTESIAN_POINT ( 'NONE',  ( 117.8336775321179033, -42.74295828272965991, 3.000000000000000000 ) ) ;
#56 = DIRECTION ( 'NONE',  ( 0.000000000000000000, 0.000000000000000000, -1.000000000000000000 ) ) ;
#57 = FACE_OUTER_BOUND ( 'NONE', #3146, .T. ) ;
#58 = EDGE_CURVE ( 'NONE', #1410, #2359, #964, .T. ) ;
#59 = VERTEX_POINT ( 'NONE', #1355 ) ;
#60 = FACE_OUTER_BOUND ( 'NONE', #1054, .T. ) ;
#61 = ORIENTED_EDGE ( 'NONE', *, *, #1041, .F. ) ;
#62 = DIRECTION ( 'NONE',  ( -0.000000000000000000, -0.000000000000000000, 1.000000000000000000 ) ) ;
#63 = DIRECTION ( 'NONE',  ( -0.000000000000000000, -0.000000000000000000, 1.000000000000000000 ) ) ;
#64 = CIRCLE ( 'NONE', #2662, 1.000000000000014655 ) ;
#65 = DIRECTION ( 'NONE',  ( 0.000000000000000000, 0.000000000000000000, -1.000000000000000000 ) ) ;
#66 = ORIENTED_EDGE ( 'NONE', *, *, #2188, .F. ) ;
#67 = CYLINDRICAL_SURFACE ( 'NONE', #1020, 33.00000000000000000 ) ;
#68 = DIRECTION ( 'NONE',  ( -0.000000000000000000, -0.000000000000000000, 1.000000000000000000 ) ) ;
#69 = EDGE_CURVE ( 'NONE', #388, #1341, #2448, .T. ) ;
#70 = ADVANCED_FACE ( 'NONE', ( #2050 ), #2323, .F. ) ;
#71 = CARTESIAN_POINT ( 'NONE',  ( 118.8336775321179033, -42.74295828272965991, 6.000000000000000000 ) ) ;
#72 = DIRECTION ( 'NONE',  ( 1.000000000000000000, 0.000000000000000000, 0.000000000000000000 ) ) ;
#73 = AXIS2_PLACEMENT_3D ( 'NONE', #1619, #1116, #2660 ) ;
#74 = ADVANCED_FACE ( 'NONE', ( #1776 ), #2082, .T. ) ;
#75 = ORIENTED_EDGE ( 'NONE', *, *, #2575, .T. ) ;
#76 = LINE ( 'NONE', #3017, #1531 ) ;
#77 = AXIS2_PLACEMENT_3D ( 'NONE', #645, #610, #2083 ) ;
#78 = ORIENTED_EDGE ( 'NONE', *, *, #3058, .T. ) ;
#79 = CARTESIAN_POINT ( 'NONE',  ( 25.14999999999999147, -4.065758146820641628E-15, 3.000000000000000000 ) ) ;
#80 = DIRECTION ( 'NONE',  ( -1.000000000000000000, 0.000000000000000000, 0.000000000000000000 ) ) ;
#81 = CARTESIAN_POINT ( 'NONE',  ( -3.498362325693026964, -24.90550061809985394, 3.000000000000000000 ) ) ;
#82 = DIRECTION ( 'NONE',  ( -0.000000000000000000, -0.000000000000000000, 1.000000000000000000 ) ) ;
#83 = CARTESIAN_POINT ( 'NONE',  ( -2.081668171172168513E-14, -8.131516293641283255E-15, 3.000000000000000000 ) ) ;
#84 = VERTEX_POINT ( 'NONE', #1310 ) ;
#85 = DIRECTION ( 'NONE',  ( 1.000000000000000000, 0.000000000000000000, 0.000000000000000000 ) ) ;
#86 = DIRECTION ( 'NONE',  ( 0.01788134095748411881, 0.9998401160413409317, 0.000000000000000000 ) ) ;
#87 = ADVANCED_FACE ( 'NONE', ( #390 ), #864, .T. ) ;
#88 = EDGE_LOOP ( 'NONE', ( #2907, #785, #1842, #75 ) ) ;
#89 = FACE_BOUND ( 'NONE', #2159, .T. ) ;
#90 = ADVANCED_FACE ( 'NONE', ( #802 ), #1293, .F. ) ;
#91 = AXIS2_PLACEMENT_3D ( 'NONE', #646, #2291, #1340 ) ;
#92 = EDGE_LOOP ( 'NONE', ( #2441, #1608, #1425, #2928 ) ) ;
#93 = AXIS2_PLACEMENT_3D ( 'NONE', #2647, #1184, #2371 ) ;
#94 = AXIS2_PLACEMENT_3D ( 'NONE', #987, #975, #2937 ) ;
#95 = LINE ( 'NONE', #2058, #2224 ) ;
#96 = DIRECTION ( 'NONE',  ( 0.000000000000000000, 0.000000000000000000, -1.000000000000000000 ) ) ;
#97 = DIRECTION ( 'NONE',  ( 1.000000000000000000, 0.000000000000000000, 0.000000000000000000 ) ) ;
#98 = CARTESIAN_POINT ( 'NONE',  ( 118.8336775321179033, -42.74295828272965991, 6.000000000000000000 ) ) ;
#99 = VECTOR ( 'NONE', #1235, 999.9999999999998863 ) ;
#100 = ORIENTED_EDGE ( 'NONE', *, *, #3090, .F. ) ;
#101 = CARTESIAN_POINT ( 'NONE',  ( 15.52876795007798449, 25.05199055281859799, 6.000000000000000000 ) ) ;
#102 = DIRECTION ( 'NONE',  ( 0.000000000000000000, -0.000000000000000000, 1.000000000000000000 ) ) ;
#103 = EDGE_LOOP ( 'NONE', ( #1833, #1270, #464, #968 ) ) ;
#104 = DIRECTION ( 'NONE',  ( -1.000000000000000000, 0.000000000000000000, 0.000000000000000000 ) ) ;
#105 = VERTEX_POINT ( 'NONE', #1843 ) ;
#106 = DIRECTION ( 'NONE',  ( -0.000000000000000000, -0.000000000000000000, 1.000000000000000000 ) ) ;
#107 = CARTESIAN_POINT ( 'NONE',  ( 24.90550061809982907, -3.498362325693084252, 6.000000000000000000 ) ) ;
#108 = CYLINDRICAL_SURFACE ( 'NONE', #363, 1.000000000000000888 ) ;
#109 = EDGE_CURVE ( 'NONE', #2410, #528, #309, .T. ) ;
#110 = LINE ( 'NONE', #1553, #141 ) ;
#111 = ADVANCED_FACE ( 'NONE', ( #2338 ), #2828, .F. ) ;
#112 = ORIENTED_EDGE ( 'NONE', *, *, #140, .F. ) ;
#113 = EDGE_CURVE ( 'NONE', #388, #635, #373, .T. ) ;
#114 = DIRECTION ( 'NONE',  ( 0.000000000000000000, 0.000000000000000000, -1.000000000000000000 ) ) ;
#115 = CARTESIAN_POINT ( 'NONE',  ( -22.38817675479869251, -15.96933128205096608, 6.000000000000000000 ) ) ;
#116 = AXIS2_PLACEMENT_3D ( 'NONE', #2872, #469, #2626 ) ;
#117 = CARTESIAN_POINT ( 'NONE',  ( 149.7879448909115183, -47.53418736709353709, 6.000000000000000000 ) ) ;
#118 = ORIENTED_EDGE ( 'NONE', *, *, #2520, .T. ) ;
#119 = VECTOR ( 'NONE', #278, 1000.000000000000000 ) ;
#120 = DIRECTION ( 'NONE',  ( 0.9659258262890632052, 0.2588190451025392802, 0.000000000000000000 ) ) ;
#121 = ORIENTED_EDGE ( 'NONE', *, *, #1238, .T. ) ;
#122 = LINE ( 'NONE', #3007, #2399 ) ;
#123 = ADVANCED_FACE ( 'NONE', ( #2034 ), #1555, .F. ) ;
#124 = CIRCLE ( 'NONE', #1899, 9.999999999999980460 ) ;
#125 = CARTESIAN_POINT ( 'NONE',  ( 15.52876795007801114, -25.05199055281860154, 3.000000000000000000 ) ) ;
#126 = CARTESIAN_POINT ( 'NONE',  ( -17.53722926247045066, 24.58628865436080702, 3.000000000000000000 ) ) ;
#127 = DIRECTION ( 'NONE',  ( 1.000000000000000000, 0.000000000000000000, 0.000000000000000000 ) ) ;
#128 = ADVANCED_FACE ( 'NONE', ( #1602 ), #2534, .T. ) ;
#129 = ORIENTED_EDGE ( 'NONE', *, *, #577, .F. ) ;
#130 = DIRECTION ( 'NONE',  ( 0.000000000000000000, 0.000000000000000000, -1.000000000000000000 ) ) ;
#131 = DIRECTION ( 'NONE',  ( -0.000000000000000000, -0.000000000000000000, 1.000000000000000000 ) ) ;
#132 = LINE ( 'NONE', #1827, #683 ) ;
#133 = ORIENTED_EDGE ( 'NONE', *, *, #385, .T. ) ;
#134 = DIRECTION ( 'NONE',  ( 0.000000000000000000, 0.000000000000000000, -1.000000000000000000 ) ) ;
#135 = CARTESIAN_POINT ( 'NONE',  ( 31.70710678118656034, -17.98044077290914800, 6.000000000000000000 ) ) ;
#136 = VERTEX_POINT ( 'NONE', #358 ) ;
#137 = ORIENTED_EDGE ( 'NONE', *, *, #723, .T. ) ;
#138 = DIRECTION ( 'NONE',  ( -0.000000000000000000, -0.000000000000000000, 1.000000000000000000 ) ) ;
#139 = VECTOR ( 'NONE', #1896, 1000.000000000000114 ) ;
#140 = EDGE_CURVE ( 'NONE', #3094, #3081, #147, .T. ) ;
#141 = VECTOR ( 'NONE', #2336, 1000.000000000000000 ) ;
#142 = CARTESIAN_POINT ( 'NONE',  ( 145.3449025187958057, -40.74898814748384979, 6.000000000000000000 ) ) ;
#143 = LINE ( 'NONE', #1096, #1658 ) ;
#144 = VECTOR ( 'NONE', #530, 1000.000000000000000 ) ;
#145 = ORIENTED_EDGE ( 'NONE', *, *, #2423, .F. ) ;
#146 = CIRCLE ( 'NONE', #1923, 9.999999999999980460 ) ;
#147 = LINE ( 'NONE', #595, #259 ) ;
#148 = CARTESIAN_POINT ( 'NONE',  ( 132.0595205269187034, -81.63930745384240595, 3.000000000000000000 ) ) ;
#149 = CARTESIAN_POINT ( 'NONE',  ( 91.23246028348621905, -33.74540418451975654, 3.000000000000000000 ) ) ;
#150 = VERTEX_POINT ( 'NONE', #2549 ) ;
#151 = CARTESIAN_POINT ( 'NONE',  ( 0.000000000000000000, 1.301042606982605321E-15, 6.000000000000000000 ) ) ;
#152 = LINE ( 'NONE', #415, #1423 ) ;
#153 = EDGE_CURVE ( 'NONE', #2827, #3131, #707, .T. ) ;
#154 = ORIENTED_EDGE ( 'NONE', *, *, #2653, .F. ) ;
#155 = CYLINDRICAL_SURFACE ( 'NONE', #1300, 2.700000000000011280 ) ;
#156 = DIRECTION ( 'NONE',  ( 0.000000000000000000, 0.000000000000000000, -1.000000000000000000 ) ) ;
#157 = ORIENTED_EDGE ( 'NONE', *, *, #2992, .T. ) ;
#158 = LINE ( 'NONE', #2101, #2451 ) ;
#159 = DIRECTION ( 'NONE',  ( -1.000000000000000000, 0.000000000000000000, 0.000000000000000000 ) ) ;
#160 = EDGE_CURVE ( 'NONE', #2622, #635, #2501, .T. ) ;
#161 = CARTESIAN_POINT ( 'NONE',  ( 31.17680757982012807, 24.96677423305969512, 6.000000000000000000 ) ) ;
#162 = ADVANCED_FACE ( 'NONE', ( #1421 ), #1387, .F. ) ;
#163 = VERTEX_POINT ( 'NONE', #2645 ) ;
#164 = AXIS2_PLACEMENT_3D ( 'NONE', #1030, #792, #1768 ) ;
#165 = FACE_OUTER_BOUND ( 'NONE', #1379, .T. ) ;
#166 = CARTESIAN_POINT ( 'NONE',  ( 148.5431502394038432, -61.21300649999260202, 6.000000000000000000 ) ) ;
#167 = EDGE_LOOP ( 'NONE', ( #1847, #1618, #1171, #1324 ) ) ;
#168 = EDGE_CURVE ( 'NONE', #48, #1570, #1635, .T. ) ;
#169 = ADVANCED_FACE ( 'NONE', ( #423 ), #2369, .F. ) ;
#170 = ORIENTED_EDGE ( 'NONE', *, *, #855, .F. ) ;
#171 = EDGE_LOOP ( 'NONE', ( #1203, #2855, #1439, #1596, #2861, #2824, #2180, #1974, #1218, #2493, #779, #2532, #2516, #377, #807, #2975, #2933, #250, #1417, #835, #837, #1508, #2414, #854, #3104, #847, #1175, #121, #264 ) ) ;
#172 = DIRECTION ( 'NONE',  ( 0.000000000000000000, 0.000000000000000000, -1.000000000000000000 ) ) ;
#173 = CIRCLE ( 'NONE', #922, 25.15000000000001279 ) ;
#174 = LINE ( 'NONE', #402, #2383 ) ;
#175 = CARTESIAN_POINT ( 'NONE',  ( 31.00000000000000000, 23.98252879633256285, 3.000000000000000000 ) ) ;
#176 = AXIS2_PLACEMENT_3D ( 'NONE', #2986, #1766, #744 ) ;
#177 = AXIS2_PLACEMENT_3D ( 'NONE', #1454, #755, #1035 ) ;
#178 = ORIENTED_EDGE ( 'NONE', *, *, #2283, .T. ) ;
#179 = CARTESIAN_POINT ( 'NONE',  ( 10.73036235624257806, -31.20671920762786655, 6.000000000000000000 ) ) ;
#180 = CARTESIAN_POINT ( 'NONE',  ( 24.90550061809983262, 3.498362325693098018, 6.000000000000000000 ) ) ;
#181 = FACE_OUTER_BOUND ( 'NONE', #1830, .T. ) ;
#182 = VERTEX_POINT ( 'NONE', #879 ) ;
#183 = ORIENTED_EDGE ( 'NONE', *, *, #1028, .F. ) ;
#184 = DIRECTION ( 'NONE',  ( -0.000000000000000000, -0.000000000000000000, 1.000000000000000000 ) ) ;
#185 = CARTESIAN_POINT ( 'NONE',  ( 1.414573065044561151, 32.98332254088345650, 3.000000000000000000 ) ) ;
#186 = ORIENTED_EDGE ( 'NONE', *, *, #1391, .F. ) ;
#187 = ADVANCED_FACE ( 'NONE', ( #2389 ), #1679, .F. ) ;
#188 = CARTESIAN_POINT ( 'NONE',  ( 148.5292857297676505, -46.55038019984699815, 6.000000000000000000 ) ) ;
#189 = CARTESIAN_POINT ( 'NONE',  ( -27.45000000000000284, -1.898202538678394501E-16, 3.000000000000000000 ) ) ;
#190 = CARTESIAN_POINT ( 'NONE',  ( 104.3383953236162682, -4.360866027812660306, 6.000000000000000000 ) ) ;
#191 = AXIS2_PLACEMENT_3D ( 'NONE', #2552, #2104, #1794 ) ;
#192 = CIRCLE ( 'NONE', #1809, 1.549999999999999822 ) ;
#193 = FACE_OUTER_BOUND ( 'NONE', #167, .T. ) ;
#194 = DIRECTION ( 'NONE',  ( -0.000000000000000000, -0.000000000000000000, 1.000000000000000000 ) ) ;
#195 = AXIS2_PLACEMENT_3D ( 'NONE', #545, #291, #1449 ) ;
#196 = DIRECTION ( 'NONE',  ( 0.8569462697358436465, -0.5154057535435769832, 0.000000000000000000 ) ) ;
#197 = AXIS2_PLACEMENT_3D ( 'NONE', #244, #764, #698 ) ;
#198 = ORIENTED_EDGE ( 'NONE', *, *, #1098, .T. ) ;
#199 = DIRECTION ( 'NONE',  ( 0.000000000000000000, 0.000000000000000000, -1.000000000000000000 ) ) ;
#200 = LINE ( 'NONE', #397, #1581 ) ;
#201 = VECTOR ( 'NONE', #2666, 1000.000000000000000 ) ;
#202 = ORIENTED_EDGE ( 'NONE', *, *, #1262, .F. ) ;
#203 = DIRECTION ( 'NONE',  ( 1.000000000000000000, 0.000000000000000000, 0.000000000000000000 ) ) ;
#204 = DIRECTION ( 'NONE',  ( 0.000000000000000000, 0.000000000000000000, -1.000000000000000000 ) ) ;
#205 = ORIENTED_EDGE ( 'NONE', *, *, #2455, .F. ) ;
#206 = LINE ( 'NONE', #892, #2528 ) ;
#207 = ADVANCED_FACE ( 'NONE', ( #193 ), #1153, .F. ) ;
#208 = DIRECTION ( 'NONE',  ( 1.000000000000000000, 0.000000000000000000, 0.000000000000000000 ) ) ;
#209 = LINE ( 'NONE', #959, #824 ) ;
#210 = CYLINDRICAL_SURFACE ( 'NONE', #887, 1.000000000000014655 ) ;
#211 = VERTEX_POINT ( 'NONE', #684 ) ;
#212 = CYLINDRICAL_SURFACE ( 'NONE', #2003, 1.000000000000004441 ) ;
#213 = CIRCLE ( 'NONE', #1990, 1.000000000000000888 ) ;
#214 = ORIENTED_EDGE ( 'NONE', *, *, #2996, .T. ) ;
#215 = CIRCLE ( 'NONE', #708, 2.700000000000016609 ) ;
#216 = VERTEX_POINT ( 'NONE', #1893 ) ;
#217 = VECTOR ( 'NONE', #1228, 1000.000000000000000 ) ;
#218 = DIRECTION ( 'NONE',  ( -0.000000000000000000, -0.000000000000000000, 1.000000000000000000 ) ) ;
#219 = EDGE_CURVE ( 'NONE', #1289, #216, #918, .T. ) ;
#220 = CIRCLE ( 'NONE', #970, 39.79999999999999005 ) ;
#221 = FACE_OUTER_BOUND ( 'NONE', #2569, .T. ) ;
#222 = DIRECTION ( 'NONE',  ( 1.000000000000000000, 0.000000000000000000, 0.000000000000000000 ) ) ;
#223 = LINE ( 'NONE', #1182, #2774 ) ;
#224 = EDGE_CURVE ( 'NONE', #150, #1328, #360, .T. ) ;
#225 = AXIS2_PLACEMENT_3D ( 'NONE', #251, #773, #1750 ) ;
#226 = CARTESIAN_POINT ( 'NONE',  ( 15.96933128205087193, 22.38817675479873870, 6.000000000000000000 ) ) ;
#227 = EDGE_LOOP ( 'NONE', ( #725, #3, #2958, #2499 ) ) ;
#228 = DIRECTION ( 'NONE',  ( 1.000000000000000000, 0.000000000000000000, 0.000000000000000000 ) ) ;
#229 = ORIENTED_EDGE ( 'NONE', *, *, #712, .F. ) ;
#230 = DIRECTION ( 'NONE',  ( 1.000000000000000000, 0.000000000000000000, 0.000000000000000000 ) ) ;
#231 = ORIENTED_EDGE ( 'NONE', *, *, #2871, .F. ) ;
#232 = DIRECTION ( 'NONE',  ( -0.000000000000000000, -0.000000000000000000, 1.000000000000000000 ) ) ;
#233 = CARTESIAN_POINT ( 'NONE',  ( 125.3432086005548740, -47.58668994021531518, 3.000000000000000000 ) ) ;
#234 = FACE_OUTER_BOUND ( 'NONE', #2358, .T. ) ;
#235 = CARTESIAN_POINT ( 'NONE',  ( 70.80101015711112211, 11.92107444759049173, 6.000000000000000000 ) ) ;
#236 = EDGE_CURVE ( 'NONE', #3081, #2731, #2711, .T. ) ;
#237 = ORIENTED_EDGE ( 'NONE', *, *, #376, .F. ) ;
#238 = VECTOR ( 'NONE', #2791, 1000.000000000000000 ) ;
#239 = DIRECTION ( 'NONE',  ( 1.000000000000000000, 0.000000000000000000, 0.000000000000000000 ) ) ;
#240 = ORIENTED_EDGE ( 'NONE', *, *, #393, .F. ) ;
#241 = CIRCLE ( 'NONE', #1717, 19.99999999999998934 ) ;
#242 = CARTESIAN_POINT ( 'NONE',  ( 25.14999999999999147, -4.065758146820641628E-15, 6.000000000000000000 ) ) ;
#243 = VERTEX_POINT ( 'NONE', #1135 ) ;
#244 = CARTESIAN_POINT ( 'NONE',  ( 50.00000000000000000, -102.3011057633872269, 3.000000000000000000 ) ) ;
#245 = DIRECTION ( 'NONE',  ( 0.000000000000000000, 0.000000000000000000, -1.000000000000000000 ) ) ;
#246 = ORIENTED_EDGE ( 'NONE', *, *, #2778, .F. ) ;
#247 = DIRECTION ( 'NONE',  ( -0.000000000000000000, -0.000000000000000000, 1.000000000000000000 ) ) ;
#248 = DIRECTION ( 'NONE',  ( 1.000000000000000000, 0.000000000000000000, 0.000000000000000000 ) ) ;
#249 = ADVANCED_BREP_SHAPE_REPRESENTATION ( '\X2\5927817f51854fa7\X0\-R', ( #2318, #2896 ), #490 ) ;
#250 = ORIENTED_EDGE ( 'NONE', *, *, #1671, .T. ) ;
#251 = CARTESIAN_POINT ( 'NONE',  ( -9.034538093588908581, -64.31857913103716839, 3.000000000000000000 ) ) ;
#252 = EDGE_CURVE ( 'NONE', #771, #578, #433, .T. ) ;
#253 = VERTEX_POINT ( 'NONE', #2905 ) ;
#254 = ORIENTED_EDGE ( 'NONE', *, *, #1941, .T. ) ;
#255 = CARTESIAN_POINT ( 'NONE',  ( 0.000000000000000000, 1.301042606982605321E-15, 3.000000000000000000 ) ) ;
#256 = EDGE_CURVE ( 'NONE', #2782, #517, #1734, .T. ) ;
#257 = PRESENTATION_LAYER_ASSIGNMENT (  '', '', ( #604 ) ) ;
#258 = ORIENTED_EDGE ( 'NONE', *, *, #640, .T. ) ;
#259 = VECTOR ( 'NONE', #2581, 1000.000000000000000 ) ;
#260 = CARTESIAN_POINT ( 'NONE',  ( 159.6095205269186863, -65.05618350206539446, 3.000000000000000000 ) ) ;
#261 = CARTESIAN_POINT ( 'NONE',  ( 25.08817675479870957, 15.96933128205094832, 3.000000000000000000 ) ) ;
#262 = CARTESIAN_POINT ( 'NONE',  ( 41.54464528357758013, -17.72269849167592071, 3.000000000000000000 ) ) ;
#263 = CARTESIAN_POINT ( 'NONE',  ( 1.549999999999978950, 28.99999999999997513, 3.000000000000000000 ) ) ;
#264 = ORIENTED_EDGE ( 'NONE', *, *, #673, .T. ) ;
#265 = CARTESIAN_POINT ( 'NONE',  ( -24.58628865436076083, -17.53722926247050040, 3.000000000000000000 ) ) ;
#266 = AXIS2_PLACEMENT_3D ( 'NONE', #2764, #787, #281 ) ;
#267 = VERTEX_POINT ( 'NONE', #3078 ) ;
#268 = EDGE_CURVE ( 'NONE', #906, #1820, #465, .T. ) ;
#269 = VECTOR ( 'NONE', #520, 1000.000000000000000 ) ;
#270 = ORIENTED_EDGE ( 'NONE', *, *, #1826, .F. ) ;
#271 = CYLINDRICAL_SURFACE ( 'NONE', #1119, 2.549999999999996714 ) ;
#272 = EDGE_CURVE ( 'NONE', #2860, #2950, #158, .T. ) ;
#273 = VERTEX_POINT ( 'NONE', #2840 ) ;
#274 = DIRECTION ( 'NONE',  ( 0.9998401160413410427, -0.01788134095748412228, 0.000000000000000000 ) ) ;
#275 = DIRECTION ( 'NONE',  ( 1.000000000000000000, 0.000000000000000000, 0.000000000000000000 ) ) ;
#276 = LINE ( 'NONE', #3130, #1397 ) ;
#277 = EDGE_LOOP ( 'NONE', ( #647, #2523, #1283, #2911 ) ) ;
#278 = DIRECTION ( 'NONE',  ( -0.000000000000000000, -0.000000000000000000, 1.000000000000000000 ) ) ;
#279 = LINE ( 'NONE', #1226, #2879 ) ;
#280 = ORIENTED_EDGE ( 'NONE', *, *, #58, .T. ) ;
#281 = DIRECTION ( 'NONE',  ( -1.000000000000000000, 0.000000000000000000, 0.000000000000000000 ) ) ;
#282 = AXIS2_PLACEMENT_3D ( 'NONE', #1102, #1312, #2781 ) ;
#283 = CIRCLE ( 'NONE', #2269, 1.549999999999999378 ) ;
#284 = ORIENTED_EDGE ( 'NONE', *, *, #1739, .T. ) ;
#285 = CARTESIAN_POINT ( 'NONE',  ( 25.08817675479869891, -15.96933128205096253, 6.000000000000000000 ) ) ;
#286 = VECTOR ( 'NONE', #353, 1000.000000000000000 ) ;
#287 = AXIS2_PLACEMENT_3D ( 'NONE', #2176, #10, #51 ) ;
#288 = CIRCLE ( 'NONE', #1815, 0.9999999999999870104 ) ;
#289 = VERTEX_POINT ( 'NONE', #2597 ) ;
#290 = CARTESIAN_POINT ( 'NONE',  ( 157.0595205269186749, -65.05618350206539446, 3.000000000000000000 ) ) ;
#291 = DIRECTION ( 'NONE',  ( -0.000000000000000000, -0.000000000000000000, 1.000000000000000000 ) ) ;
#292 = EDGE_CURVE ( 'NONE', #878, #1189, #1121, .T. ) ;
#293 = CARTESIAN_POINT ( 'NONE',  ( 132.6055164150408245, -50.81714132818785146, 6.000000000000000000 ) ) ;
#294 = VERTEX_POINT ( 'NONE', #2354 ) ;
#295 = CARTESIAN_POINT ( 'NONE',  ( -25.05199055281858023, 15.52876795007808042, 6.000000000000000000 ) ) ;
#296 = CARTESIAN_POINT ( 'NONE',  ( 31.70710678118656034, -17.98044077290914800, 6.000000000000000000 ) ) ;
#297 = ADVANCED_FACE ( 'NONE', ( #2115 ), #3095, .F. ) ;
#298 = EDGE_CURVE ( 'NONE', #2971, #253, #220, .T. ) ;
#299 = ADVANCED_FACE ( 'NONE', ( #1453 ), #2741, .F. ) ;
#300 = DIRECTION ( 'NONE',  ( 0.000000000000000000, 0.000000000000000000, -1.000000000000000000 ) ) ;
#301 = DIRECTION ( 'NONE',  ( -1.000000000000000000, 0.000000000000000000, 0.000000000000000000 ) ) ;
#302 = ORIENTED_EDGE ( 'NONE', *, *, #1391, .T. ) ;
#303 = ORIENTED_EDGE ( 'NONE', *, *, #1755, .F. ) ;
#304 = CARTESIAN_POINT ( 'NONE',  ( 1.549999999999978950, 28.99999999999997513, 3.000000000000000000 ) ) ;
#305 = ORIENTED_EDGE ( 'NONE', *, *, #2988, .F. ) ;
#306 = DIRECTION ( 'NONE',  ( -0.7071067811865383579, -0.7071067811865565655, -0.000000000000000000 ) ) ;
#307 = DIRECTION ( 'NONE',  ( 1.000000000000000000, 0.000000000000000000, 0.000000000000000000 ) ) ;
#308 = AXIS2_PLACEMENT_3D ( 'NONE', #188, #2128, #680 ) ;
#309 = CIRCLE ( 'NONE', #2147, 1.000000000000000888 ) ;
#310 = CIRCLE ( 'NONE', #1168, 2.700000000000018385 ) ;
#311 = EDGE_CURVE ( 'NONE', #315, #2700, #2208, .T. ) ;
#312 = CARTESIAN_POINT ( 'NONE',  ( 165.4995305801830341, -59.69276758487259116, 3.000000000000000000 ) ) ;
#313 = DIRECTION ( 'NONE',  ( 0.000000000000000000, 0.000000000000000000, -1.000000000000000000 ) ) ;
#314 = ORIENTED_EDGE ( 'NONE', *, *, #2064, .F. ) ;
#315 = VERTEX_POINT ( 'NONE', #721 ) ;
#316 = VECTOR ( 'NONE', #527, 1000.000000000000000 ) ;
#317 = DIRECTION ( 'NONE',  ( -0.000000000000000000, -0.000000000000000000, 1.000000000000000000 ) ) ;
#318 = VERTEX_POINT ( 'NONE', #1976 ) ;
#319 = AXIS2_PLACEMENT_3D ( 'NONE', #3028, #131, #3079 ) ;
#320 = DIRECTION ( 'NONE',  ( -0.000000000000000000, -0.000000000000000000, 1.000000000000000000 ) ) ;
#321 = VECTOR ( 'NONE', #2968, 1000.000000000000000 ) ;
#322 = EDGE_LOOP ( 'NONE', ( #2839, #1587, #830, #1605 ) ) ;
#323 = CARTESIAN_POINT ( 'NONE',  ( 144.8414365741347751, -42.36215550085623960, 6.000000000000000000 ) ) ;
#324 = CARTESIAN_POINT ( 'NONE',  ( 108.3151633611694109, -9.151231436765719707, 6.000000000000000000 ) ) ;
#325 = DIRECTION ( 'NONE',  ( -0.000000000000000000, -0.000000000000000000, 1.000000000000000000 ) ) ;
#326 = DIRECTION ( 'NONE',  ( 0.000000000000000000, 0.000000000000000000, -1.000000000000000000 ) ) ;
#327 = ORIENTED_EDGE ( 'NONE', *, *, #1515, .T. ) ;
#328 = DIRECTION ( 'NONE',  ( -8.409585250409852253E-17, -1.000000000000000000, -0.000000000000000000 ) ) ;
#329 = FACE_BOUND ( 'NONE', #1479, .T. ) ;
#330 = ORIENTED_EDGE ( 'NONE', *, *, #2939, .F. ) ;
#331 = FACE_BOUND ( 'NONE', #757, .T. ) ;
#332 = CIRCLE ( 'NONE', #739, 39.79999999999999005 ) ;
#333 = AXIS2_PLACEMENT_3D ( 'NONE', #2080, #2271, #1822 ) ;
#334 = VERTEX_POINT ( 'NONE', #295 ) ;
#335 = CIRCLE ( 'NONE', #46, 195.0000000000000000 ) ;
#336 = DIRECTION ( 'NONE',  ( 0.000000000000000000, 0.000000000000000000, -1.000000000000000000 ) ) ;
#337 = CARTESIAN_POINT ( 'NONE',  ( -1.550000000000020473, -28.99999999999998934, 3.000000000000000000 ) ) ;
#338 = VECTOR ( 'NONE', #2387, 1000.000000000000000 ) ;
#339 = CARTESIAN_POINT ( 'NONE',  ( 116.4278669229684482, -14.31418183262834987, 3.000000000000000000 ) ) ;
#340 = FACE_OUTER_BOUND ( 'NONE', #2444, .T. ) ;
#341 = VERTEX_POINT ( 'NONE', #1940 ) ;
#342 = CARTESIAN_POINT ( 'NONE',  ( 64.31857913103713997, -9.034538093589119967, 6.000000000000000000 ) ) ;
#343 = DIRECTION ( 'NONE',  ( 0.000000000000000000, 0.000000000000000000, -1.000000000000000000 ) ) ;
#344 = DIRECTION ( 'NONE',  ( -0.000000000000000000, -0.000000000000000000, 1.000000000000000000 ) ) ;
#345 = EDGE_LOOP ( 'NONE', ( #1309, #1029, #437, #599 ) ) ;
#346 = ADVANCED_FACE ( 'NONE', ( #234 ), #67, .T. ) ;
#347 = CARTESIAN_POINT ( 'NONE',  ( 109.0222701423559641, -9.858338217952260507, 3.000000000000000000 ) ) ;
#348 = ADVANCED_FACE ( 'NONE', ( #548 ), #519, .F. ) ;
#349 = ORIENTED_EDGE ( 'NONE', *, *, #2957, .F. ) ;
#350 = ORIENTED_EDGE ( 'NONE', *, *, #526, .F. ) ;
#351 = EDGE_CURVE ( 'NONE', #2676, #651, #1272, .T. ) ;
#352 = CARTESIAN_POINT ( 'NONE',  ( -2.081668171172168513E-14, -28.99999999999998934, 3.000000000000000000 ) ) ;
#353 = DIRECTION ( 'NONE',  ( 0.000000000000000000, 0.000000000000000000, -1.000000000000000000 ) ) ;
#354 = CARTESIAN_POINT ( 'NONE',  ( 117.0450243322884063, -13.52734212079281839, 3.000000000000000000 ) ) ;
#355 = LINE ( 'NONE', #3024, #637 ) ;
#356 = AXIS2_PLACEMENT_3D ( 'NONE', #135, #1088, #2749 ) ;
#357 = VERTEX_POINT ( 'NONE', #262 ) ;
#358 = CARTESIAN_POINT ( 'NONE',  ( -24.51857913103717834, 9.034538093589119967, 3.000000000000000000 ) ) ;
#359 = DIRECTION ( 'NONE',  ( -0.000000000000000000, -0.000000000000000000, 1.000000000000000000 ) ) ;
#360 = CIRCLE ( 'NONE', #412, 1.000000000000014655 ) ;
#361 = LINE ( 'NONE', #1810, #1968 ) ;
#362 = VERTEX_POINT ( 'NONE', #2418 ) ;
#363 = AXIS2_PLACEMENT_3D ( 'NONE', #1552, #2061, #2807 ) ;
#364 = CARTESIAN_POINT ( 'NONE',  ( 24.58628865436076083, -17.53722926247050040, 6.000000000000000000 ) ) ;
#365 = ORIENTED_EDGE ( 'NONE', *, *, #113, .T. ) ;
#366 = EDGE_CURVE ( 'NONE', #3131, #59, #2406, .T. ) ;
#367 = VERTEX_POINT ( 'NONE', #11 ) ;
#368 = DIRECTION ( 'NONE',  ( 0.000000000000000000, 0.000000000000000000, -1.000000000000000000 ) ) ;
#369 = AXIS2_PLACEMENT_3D ( 'NONE', #628, #596, #2796 ) ;
#370 = CARTESIAN_POINT ( 'NONE',  ( -1.387778780781445676E-14, -4.065758146820641628E-15, 6.000000000000000000 ) ) ;
#371 = CARTESIAN_POINT ( 'NONE',  ( 15.96933128205088614, -22.38817675479873515, 6.000000000000000000 ) ) ;
#372 = ORIENTED_EDGE ( 'NONE', *, *, #542, .T. ) ;
#373 = LINE ( 'NONE', #101, #2969 ) ;
#374 = DIRECTION ( 'NONE',  ( 1.000000000000000000, 0.000000000000000000, 0.000000000000000000 ) ) ;
#375 = DIRECTION ( 'NONE',  ( 0.000000000000000000, 0.000000000000000000, -1.000000000000000000 ) ) ;
#376 = EDGE_CURVE ( 'NONE', #1781, #505, #1537, .T. ) ;
#377 = ORIENTED_EDGE ( 'NONE', *, *, #2871, .T. ) ;
#378 = CYLINDRICAL_SURFACE ( 'NONE', #2385, 30.20000000000000284 ) ;
#379 = DIRECTION ( 'NONE',  ( -0.000000000000000000, -0.000000000000000000, 1.000000000000000000 ) ) ;
#380 = VERTEX_POINT ( 'NONE', #1485 ) ;
#381 = SURFACE_STYLE_FILL_AREA ( #2605 ) ;
#382 = VECTOR ( 'NONE', #3144, 1000.000000000000000 ) ;
#383 = EDGE_CURVE ( 'NONE', #882, #441, #3123, .T. ) ;
#384 = CARTESIAN_POINT ( 'NONE',  ( -6.938893903907228378E-15, -1.290200585257750276E-14, 3.000000000000000000 ) ) ;
#385 = EDGE_CURVE ( 'NONE', #1935, #2924, #2194, .T. ) ;
#386 = CARTESIAN_POINT ( 'NONE',  ( 79.64354198142947894, -21.21135608589663946, 6.000000000000000000 ) ) ;
#387 = EDGE_CURVE ( 'NONE', #1634, #1002, #1747, .T. ) ;
#388 = VERTEX_POINT ( 'NONE', #2695 ) ;
#389 = VECTOR ( 'NONE', #732, 1000.000000000000114 ) ;
#390 = FACE_OUTER_BOUND ( 'NONE', #2521, .T. ) ;
#391 = DIRECTION ( 'NONE',  ( 1.000000000000000000, 0.000000000000000000, 0.000000000000000000 ) ) ;
#392 = EDGE_CURVE ( 'NONE', #289, #294, #1841, .T. ) ;
#393 = EDGE_CURVE ( 'NONE', #1375, #357, #1895, .T. ) ;
#394 = CARTESIAN_POINT ( 'NONE',  ( 86.99472106095397805, -23.40060592511613891, 3.000000000000000000 ) ) ;
#395 = ORIENTED_EDGE ( 'NONE', *, *, #1170, .F. ) ;
#396 = CARTESIAN_POINT ( 'NONE',  ( -3.300670485103986973, -166.9610859287278686, 6.000000000000000000 ) ) ;
#397 = CARTESIAN_POINT ( 'NONE',  ( 91.28176322693774125, -27.94038564956319703, 6.000000000000000000 ) ) ;
#398 = ORIENTED_EDGE ( 'NONE', *, *, #1281, .F. ) ;
#399 = ORIENTED_EDGE ( 'NONE', *, *, #311, .F. ) ;
#400 = ORIENTED_EDGE ( 'NONE', *, *, #2557, .T. ) ;
#401 = DIRECTION ( 'NONE',  ( 0.000000000000000000, 0.000000000000000000, -1.000000000000000000 ) ) ;
#402 = CARTESIAN_POINT ( 'NONE',  ( 149.7881047748701633, -47.51630602613604992, 6.000000000000000000 ) ) ;
#403 = ORIENTED_EDGE ( 'NONE', *, *, #1908, .F. ) ;
#404 = DIRECTION ( 'NONE',  ( 0.000000000000000000, 0.000000000000000000, -1.000000000000000000 ) ) ;
#405 = EDGE_CURVE ( 'NONE', #341, #2924, #870, .T. ) ;
#406 = VERTEX_POINT ( 'NONE', #25 ) ;
#407 = CARTESIAN_POINT ( 'NONE',  ( 157.0595205269186749, -65.05618350206539446, 3.000000000000000000 ) ) ;
#408 = CARTESIAN_POINT ( 'NONE',  ( 64.31857913103713997, 9.034538093589070229, 6.000000000000000000 ) ) ;
#409 = VECTOR ( 'NONE', #1268, 1000.000000000000227 ) ;
#410 = CARTESIAN_POINT ( 'NONE',  ( 142.3676355977902404, -64.50038205912554190, 6.000000000000000000 ) ) ;
#411 = ADVANCED_FACE ( 'NONE', ( #974 ), #769, .F. ) ;
#412 = AXIS2_PLACEMENT_3D ( 'NONE', #671, #1665, #222 ) ;
#413 = ORIENTED_EDGE ( 'NONE', *, *, #1615, .T. ) ;
#414 = FACE_OUTER_BOUND ( 'NONE', #1712, .T. ) ;
#415 = CARTESIAN_POINT ( 'NONE',  ( 91.23246028348621905, -33.74540418451975654, 6.000000000000000000 ) ) ;
#416 = VERTEX_POINT ( 'NONE', #2478 ) ;
#417 = SHAPE_DEFINITION_REPRESENTATION ( #2297, #249 ) ;
#418 = CARTESIAN_POINT ( 'NONE',  ( 0.000000000000000000, 2.515349040166370287E-14, 3.000000000000000000 ) ) ;
#419 = VERTEX_POINT ( 'NONE', #1334 ) ;
#420 = CARTESIAN_POINT ( 'NONE',  ( 109.0222701423559641, -9.858338217952260507, 6.000000000000000000 ) ) ;
#421 = AXIS2_PLACEMENT_3D ( 'NONE', #1620, #3111, #434 ) ;
#422 = VERTEX_POINT ( 'NONE', #2044 ) ;
#423 = FACE_OUTER_BOUND ( 'NONE', #1125, .T. ) ;
#424 = CARTESIAN_POINT ( 'NONE',  ( 64.31857913103713997, -9.034538093589119967, 3.000000000000000000 ) ) ;
#425 = DIRECTION ( 'NONE',  ( -0.5154057535435770943, -0.8569462697358437575, 0.000000000000000000 ) ) ;
#426 = ORIENTED_EDGE ( 'NONE', *, *, #2184, .T. ) ;
#427 = DIRECTION ( 'NONE',  ( -0.000000000000000000, -0.000000000000000000, 1.000000000000000000 ) ) ;
#428 = DIRECTION ( 'NONE',  ( -0.000000000000000000, -0.000000000000000000, 1.000000000000000000 ) ) ;
#429 = ORIENTED_EDGE ( 'NONE', *, *, #567, .F. ) ;
#430 = CYLINDRICAL_SURFACE ( 'NONE', #511, 30.20000000000000995 ) ;
#431 = DIRECTION ( 'NONE',  ( 1.000000000000000000, 0.000000000000000000, 0.000000000000000000 ) ) ;
#432 = CARTESIAN_POINT ( 'NONE',  ( 149.7879448909115183, -47.53418736709353709, 3.000000000000000000 ) ) ;
#433 = LINE ( 'NONE', #944, #3120 ) ;
#434 = DIRECTION ( 'NONE',  ( 1.000000000000000000, 0.000000000000000000, 0.000000000000000000 ) ) ;
#435 = AXIS2_PLACEMENT_3D ( 'NONE', #2675, #480, #22 ) ;
#436 = DIRECTION ( 'NONE',  ( -1.000000000000000000, 0.000000000000000000, 0.000000000000000000 ) ) ;
#437 = ORIENTED_EDGE ( 'NONE', *, *, #1262, .T. ) ;
#438 = VECTOR ( 'NONE', #2757, 1000.000000000000000 ) ;
#439 = ORIENTED_EDGE ( 'NONE', *, *, #1307, .T. ) ;
#440 = CYLINDRICAL_SURFACE ( 'NONE', #2613, 39.79999999999999005 ) ;
#441 = VERTEX_POINT ( 'NONE', #142 ) ;
#442 = CIRCLE ( 'NONE', #2537, 1.000000000000000888 ) ;
#443 = ORIENTED_EDGE ( 'NONE', *, *, #3143, .T. ) ;
#444 = EDGE_CURVE ( 'NONE', #1341, #2392, #173, .T. ) ;
#445 = ORIENTED_EDGE ( 'NONE', *, *, #993, .T. ) ;
#446 = DIRECTION ( 'NONE',  ( 0.000000000000000000, 0.000000000000000000, -1.000000000000000000 ) ) ;
#447 = EDGE_CURVE ( 'NONE', #136, #273, #1174, .T. ) ;
#448 = LINE ( 'NONE', #2577, #47 ) ;
#449 = ORIENTED_EDGE ( 'NONE', *, *, #1579, .T. ) ;
#450 = DIRECTION ( 'NONE',  ( -0.000000000000000000, -0.000000000000000000, 1.000000000000000000 ) ) ;
#451 = DIRECTION ( 'NONE',  ( -0.000000000000000000, -0.000000000000000000, 1.000000000000000000 ) ) ;
#452 = CARTESIAN_POINT ( 'NONE',  ( -2.081668171172168513E-14, 28.99999999999997513, 3.000000000000000000 ) ) ;
#453 = CARTESIAN_POINT ( 'NONE',  ( 117.8336775321179033, -42.74295828272965991, 6.000000000000000000 ) ) ;
#454 = ORIENTED_EDGE ( 'NONE', *, *, #606, .F. ) ;
#455 = ORIENTED_EDGE ( 'NONE', *, *, #2938, .T. ) ;
#456 = DIRECTION ( 'NONE',  ( 0.000000000000000000, 0.000000000000000000, -1.000000000000000000 ) ) ;
#457 = AXIS2_PLACEMENT_3D ( 'NONE', #2251, #1771, #80 ) ;
#458 = AXIS2_PLACEMENT_3D ( 'NONE', #748, #1444, #1231 ) ;
#459 = ORIENTED_EDGE ( 'NONE', *, *, #2901, .T. ) ;
#460 = DIRECTION ( 'NONE',  ( 0.000000000000000000, 0.000000000000000000, -1.000000000000000000 ) ) ;
#461 = EDGE_CURVE ( 'NONE', #2948, #1570, #2016, .T. ) ;
#462 = VECTOR ( 'NONE', #138, 1000.000000000000000 ) ;
#463 = CARTESIAN_POINT ( 'NONE',  ( 1.549999999999978950, -28.99999999999998934, 3.000000000000000000 ) ) ;
#464 = ORIENTED_EDGE ( 'NONE', *, *, #1103, .T. ) ;
#465 = CIRCLE ( 'NONE', #73, 2.700000000000008171 ) ;
#466 = DIRECTION ( 'NONE',  ( 1.000000000000000000, 0.000000000000000000, 0.000000000000000000 ) ) ;
#467 = EDGE_CURVE ( 'NONE', #2464, #528, #2079, .T. ) ;
#468 = CIRCLE ( 'NONE', #720, 1.000000000000000888 ) ;
#469 = DIRECTION ( 'NONE',  ( -0.000000000000000000, -0.000000000000000000, 1.000000000000000000 ) ) ;
#470 = CARTESIAN_POINT ( 'NONE',  ( 23.98700034850283913, -26.64845313883475342, 6.000000000000000000 ) ) ;
#471 = CIRCLE ( 'NONE', #2927, 39.80000000000000426 ) ;
#472 = ORIENTED_EDGE ( 'NONE', *, *, #1414, .F. ) ;
#473 = ORIENTED_EDGE ( 'NONE', *, *, #2901, .F. ) ;
#474 = DIRECTION ( 'NONE',  ( -0.000000000000000000, -0.000000000000000000, 1.000000000000000000 ) ) ;
#475 = ORIENTED_EDGE ( 'NONE', *, *, #2720, .F. ) ;
#476 = ORIENTED_EDGE ( 'NONE', *, *, #2203, .T. ) ;
#477 = CARTESIAN_POINT ( 'NONE',  ( 64.16953604585361859, 14.48198849175807368, 6.000000000000000000 ) ) ;
#478 = ORIENTED_EDGE ( 'NONE', *, *, #366, .F. ) ;
#479 = DIRECTION ( 'NONE',  ( 0.000000000000000000, 0.000000000000000000, -1.000000000000000000 ) ) ;
#480 = DIRECTION ( 'NONE',  ( -0.000000000000000000, -0.000000000000000000, 1.000000000000000000 ) ) ;
#481 = ORIENTED_EDGE ( 'NONE', *, *, #1633, .F. ) ;
#482 = ADVANCED_FACE ( 'NONE', ( #2286 ), #108, .F. ) ;
#483 = DIRECTION ( 'NONE',  ( -0.000000000000000000, -0.000000000000000000, 1.000000000000000000 ) ) ;
#484 = CARTESIAN_POINT ( 'NONE',  ( -29.00000000000000000, 0.000000000000000000, 3.000000000000000000 ) ) ;
#485 = EDGE_CURVE ( 'NONE', #19, #1818, #2151, .T. ) ;
#486 = CIRCLE ( 'NONE', #91, 2.549999999999996714 ) ;
#487 = ORIENTED_EDGE ( 'NONE', *, *, #1579, .F. ) ;
#488 = ADVANCED_FACE ( 'NONE', ( #2790 ), #603, .T. ) ;
#489 = VERTEX_POINT ( 'NONE', #3023 ) ;
#490 =( GEOMETRIC_REPRESENTATION_CONTEXT ( 3 ) GLOBAL_UNCERTAINTY_ASSIGNED_CONTEXT ( ( #670 ) ) GLOBAL_UNIT_ASSIGNED_CONTEXT ( ( #560, #1059, #797 ) ) REPRESENTATION_CONTEXT ( 'NONE', 'WORKASPACE' ) );
#491 = CARTESIAN_POINT ( 'NONE',  ( 157.0595205269186749, -65.05618350206539446, 8.000000000000000000 ) ) ;
#492 = ADVANCED_FACE ( 'NONE', ( #2529 ), #1273, .F. ) ;
#493 = EDGE_CURVE ( 'NONE', #505, #2793, #1586, .T. ) ;
#494 = AXIS2_PLACEMENT_3D ( 'NONE', #891, #2593, #2335 ) ;
#495 = ORIENTED_EDGE ( 'NONE', *, *, #1183, .F. ) ;
#496 = VECTOR ( 'NONE', #2215, 1000.000000000000000 ) ;
#497 = VERTEX_POINT ( 'NONE', #3037 ) ;
#498 = CYLINDRICAL_SURFACE ( 'NONE', #2921, 1.000000000000000888 ) ;
#499 = ORIENTED_EDGE ( 'NONE', *, *, #2654, .F. ) ;
#500 = CARTESIAN_POINT ( 'NONE',  ( 31.17680757982012096, 24.96677423305968091, 6.000000000000000000 ) ) ;
#501 = LINE ( 'NONE', #35, #1400 ) ;
#502 = DIRECTION ( 'NONE',  ( 1.000000000000000000, 0.000000000000000000, 0.000000000000000000 ) ) ;
#503 = CARTESIAN_POINT ( 'NONE',  ( 30.00000000000001066, -17.27333399172260187, 3.000000000000000000 ) ) ;
#504 = EDGE_CURVE ( 'NONE', #59, #3121, #2638, .T. ) ;
#505 = VERTEX_POINT ( 'NONE', #354 ) ;
#506 = EDGE_LOOP ( 'NONE', ( #2241, #2372, #2438, #44 ) ) ;
#507 = CYLINDRICAL_SURFACE ( 'NONE', #1126, 1.000000000000000888 ) ;
#508 = EDGE_CURVE ( 'NONE', #33, #1108, #1321, .T. ) ;
#509 = ORIENTED_EDGE ( 'NONE', *, *, #640, .F. ) ;
#510 = CARTESIAN_POINT ( 'NONE',  ( 69.12797754963551711, 12.36936218367450913, 6.000000000000000000 ) ) ;
#511 = AXIS2_PLACEMENT_3D ( 'NONE', #697, #2574, #203 ) ;
#512 = ORIENTED_EDGE ( 'NONE', *, *, #2988, .T. ) ;
#513 = AXIS2_PLACEMENT_3D ( 'NONE', #913, #2888, #2610 ) ;
#514 = PLANE ( 'NONE',  #994 ) ;
#515 = CARTESIAN_POINT ( 'NONE',  ( 148.0277444858602678, -62.06995276972843811, 6.000000000000000000 ) ) ;
#516 = CARTESIAN_POINT ( 'NONE',  ( -1.387778780781445676E-14, -4.065758146820641628E-15, 6.000000000000000000 ) ) ;
#517 = VERTEX_POINT ( 'NONE', #126 ) ;
#518 = AXIS2_PLACEMENT_3D ( 'NONE', #407, #2856, #1370 ) ;
#519 = CYLINDRICAL_SURFACE ( 'NONE', #1064, 25.15000000000001279 ) ;
#520 = DIRECTION ( 'NONE',  ( 0.9456581578069068739, 0.3251624956437123015, 0.000000000000000000 ) ) ;
#521 = VERTEX_POINT ( 'NONE', #312 ) ;
#522 = CARTESIAN_POINT ( 'NONE',  ( 25.08817675479870957, 15.96933128205094832, 6.000000000000000000 ) ) ;
#523 = CIRCLE ( 'NONE', #1642, 195.0000000000000000 ) ;
#524 = EDGE_LOOP ( 'NONE', ( #2015, #2185, #1948, #1805 ) ) ;
#525 = ORIENTED_EDGE ( 'NONE', *, *, #1028, .T. ) ;
#526 = EDGE_CURVE ( 'NONE', #2924, #341, #745, .T. ) ;
#527 = DIRECTION ( 'NONE',  ( 0.000000000000000000, 0.000000000000000000, -1.000000000000000000 ) ) ;
#528 = VERTEX_POINT ( 'NONE', #2823 ) ;
#529 = DIRECTION ( 'NONE',  ( -0.000000000000000000, -0.000000000000000000, 1.000000000000000000 ) ) ;
#530 = DIRECTION ( 'NONE',  ( -0.000000000000000000, -0.000000000000000000, 1.000000000000000000 ) ) ;
#531 = CARTESIAN_POINT ( 'NONE',  ( -9.034538093588901475, 64.31857913103718261, 3.000000000000000000 ) ) ;
#532 = ORIENTED_EDGE ( 'NONE', *, *, #2997, .F. ) ;
#533 = CARTESIAN_POINT ( 'NONE',  ( 31.70710678118656034, -17.98044077290914800, 6.000000000000000000 ) ) ;
#534 = DIRECTION ( 'NONE',  ( 1.000000000000000000, 0.000000000000000000, 0.000000000000000000 ) ) ;
#535 = CYLINDRICAL_SURFACE ( 'NONE', #1217, 25.15000000000003055 ) ;
#536 = DIRECTION ( 'NONE',  ( 0.000000000000000000, 0.000000000000000000, -1.000000000000000000 ) ) ;
#537 = AXIS2_PLACEMENT_3D ( 'NONE', #516, #1483, #766 ) ;
#538 = AXIS2_PLACEMENT_3D ( 'NONE', #371, #2287, #1335 ) ;
#539 = VERTEX_POINT ( 'NONE', #2998 ) ;
#540 = DIRECTION ( 'NONE',  ( 0.000000000000000000, 0.000000000000000000, -1.000000000000000000 ) ) ;
#541 = VECTOR ( 'NONE', #1694, 1000.000000000000000 ) ;
#542 = EDGE_CURVE ( 'NONE', #1634, #489, #798, .T. ) ;
#543 = ORIENTED_EDGE ( 'NONE', *, *, #351, .F. ) ;
#544 = CARTESIAN_POINT ( 'NONE',  ( 148.7261871935853890, -70.58389148599107443, 3.000000000000000000 ) ) ;
#545 = CARTESIAN_POINT ( 'NONE',  ( 157.0595205269186749, -65.05618350206539446, 3.000000000000000000 ) ) ;
#546 = CARTESIAN_POINT ( 'NONE',  ( 3.498362325693002983, 24.90550061809984328, 3.000000000000000000 ) ) ;
#547 = ADVANCED_FACE ( 'NONE', ( #562 ), #1538, .F. ) ;
#548 = FACE_OUTER_BOUND ( 'NONE', #2604, .T. ) ;
#549 = LINE ( 'NONE', #39, #269 ) ;
#550 = VERTEX_POINT ( 'NONE', #2270 ) ;
#551 = ORIENTED_EDGE ( 'NONE', *, *, #1336, .F. ) ;
#552 = DIRECTION ( 'NONE',  ( 0.000000000000000000, 0.000000000000000000, -1.000000000000000000 ) ) ;
#553 = DIRECTION ( 'NONE',  ( -8.409585250409852253E-17, -1.000000000000000000, -0.000000000000000000 ) ) ;
#554 = ORIENTED_EDGE ( 'NONE', *, *, #2520, .F. ) ;
#555 = CARTESIAN_POINT ( 'NONE',  ( -17.53722926247045066, 24.58628865436080702, 6.000000000000000000 ) ) ;
#556 = ORIENTED_EDGE ( 'NONE', *, *, #888, .F. ) ;
#557 = DIRECTION ( 'NONE',  ( 1.000000000000000000, 0.000000000000000000, 0.000000000000000000 ) ) ;
#558 = DIRECTION ( 'NONE',  ( -0.000000000000000000, -0.000000000000000000, 1.000000000000000000 ) ) ;
#559 = CIRCLE ( 'NONE', #1216, 1.549999999999999822 ) ;
#560 =( LENGTH_UNIT ( ) NAMED_UNIT ( * ) SI_UNIT ( .MILLI., .METRE. ) );
#561 = AXIS2_PLACEMENT_3D ( 'NONE', #627, #1791, #3012 ) ;
#562 = FACE_OUTER_BOUND ( 'NONE', #524, .T. ) ;
#563 = CARTESIAN_POINT ( 'NONE',  ( 125.3432086005548740, -47.58668994021530096, 6.000000000000000000 ) ) ;
#564 = ORIENTED_EDGE ( 'NONE', *, *, #252, .T. ) ;
#565 = DIRECTION ( 'NONE',  ( 0.000000000000000000, 0.000000000000000000, -1.000000000000000000 ) ) ;
#566 = DIRECTION ( 'NONE',  ( 1.000000000000000000, 0.000000000000000000, 0.000000000000000000 ) ) ;
#567 = EDGE_CURVE ( 'NONE', #2591, #2245, #2028, .T. ) ;
#568 = ORIENTED_EDGE ( 'NONE', *, *, #2403, .F. ) ;
#569 = AXIS2_PLACEMENT_3D ( 'NONE', #2211, #992, #1326 ) ;
#570 = CARTESIAN_POINT ( 'NONE',  ( 17.53722926247041514, 24.58628865436081412, 6.000000000000000000 ) ) ;
#571 = VERTEX_POINT ( 'NONE', #1856 ) ;
#572 = ORIENTED_EDGE ( 'NONE', *, *, #1877, .T. ) ;
#573 = FACE_OUTER_BOUND ( 'NONE', #2486, .T. ) ;
#574 = DIRECTION ( 'NONE',  ( 1.000000000000000000, 0.000000000000000000, 0.000000000000000000 ) ) ;
#575 = CARTESIAN_POINT ( 'NONE',  ( -3.300670485103986973, -166.9610859287278686, 3.000000000000000000 ) ) ;
#576 = LINE ( 'NONE', #1600, #3036 ) ;
#577 = EDGE_CURVE ( 'NONE', #2712, #1928, #1921, .T. ) ;
#578 = VERTEX_POINT ( 'NONE', #1163 ) ;
#579 = DIRECTION ( 'NONE',  ( -1.000000000000000000, 8.409585250409852253E-17, 0.000000000000000000 ) ) ;
#580 = FACE_OUTER_BOUND ( 'NONE', #2615, .T. ) ;
#581 = DIRECTION ( 'NONE',  ( -1.000000000000000000, 0.000000000000000000, 0.000000000000000000 ) ) ;
#582 = ADVANCED_FACE ( 'NONE', ( #1902 ), #155, .F. ) ;
#583 = ORIENTED_EDGE ( 'NONE', *, *, #36, .F. ) ;
#584 = FACE_BOUND ( 'NONE', #2412, .T. ) ;
#585 = AXIS2_PLACEMENT_3D ( 'NONE', #226, #2221, #1909 ) ;
#586 = ORIENTED_EDGE ( 'NONE', *, *, #1857, .F. ) ;
#587 = AXIS2_PLACEMENT_3D ( 'NONE', #1742, #2000, #1222 ) ;
#588 = DIRECTION ( 'NONE',  ( 1.000000000000000000, 0.000000000000000000, 0.000000000000000000 ) ) ;
#589 = DIRECTION ( 'NONE',  ( -0.000000000000000000, -0.000000000000000000, 1.000000000000000000 ) ) ;
#590 = AXIS2_PLACEMENT_3D ( 'NONE', #2673, #479, #2949 ) ;
#591 = DIRECTION ( 'NONE',  ( -0.000000000000000000, -0.000000000000000000, 1.000000000000000000 ) ) ;
#592 = CARTESIAN_POINT ( 'NONE',  ( -64.31857913103716839, 9.034538093589119967, 6.000000000000000000 ) ) ;
#593 = CIRCLE ( 'NONE', #2952, 195.0000000000000000 ) ;
#594 = VERTEX_POINT ( 'NONE', #3122 ) ;
#595 = CARTESIAN_POINT ( 'NONE',  ( 15.52876795007801114, -25.05199055281860154, 6.000000000000000000 ) ) ;
#596 = DIRECTION ( 'NONE',  ( -0.000000000000000000, -0.000000000000000000, 1.000000000000000000 ) ) ;
#597 = EDGE_CURVE ( 'NONE', #1298, #2408, #1348, .T. ) ;
#598 = DIRECTION ( 'NONE',  ( 0.000000000000000000, 0.000000000000000000, -1.000000000000000000 ) ) ;
#599 = ORIENTED_EDGE ( 'NONE', *, *, #1575, .T. ) ;
#600 = DIRECTION ( 'NONE',  ( 0.000000000000000000, -0.000000000000000000, 1.000000000000000000 ) ) ;
#601 = ORIENTED_EDGE ( 'NONE', *, *, #2302, .T. ) ;
#602 = CARTESIAN_POINT ( 'NONE',  ( -17.53722926247045066, 24.58628865436080702, 6.000000000000000000 ) ) ;
#603 = CYLINDRICAL_SURFACE ( 'NONE', #2973, 200.0000000000000000 ) ;
#604 = STYLED_ITEM ( 'NONE', ( #1396 ), #2318 ) ;
#605 = DIRECTION ( 'NONE',  ( 0.9659258262890632052, 0.2588190451025392802, 0.000000000000000000 ) ) ;
#606 = EDGE_CURVE ( 'NONE', #2898, #216, #448, .T. ) ;
#607 = AXIS2_PLACEMENT_3D ( 'NONE', #347, #3005, #1264 ) ;
#608 = EDGE_LOOP ( 'NONE', ( #1019, #2424, #66, #1910 ) ) ;
#609 = CARTESIAN_POINT ( 'NONE',  ( 0.000000000000000000, -26.99999999999996092, 3.000000000000000000 ) ) ;
#610 = DIRECTION ( 'NONE',  ( -0.000000000000000000, -0.000000000000000000, 1.000000000000000000 ) ) ;
#611 = LINE ( 'NONE', #881, #2842 ) ;
#612 = ORIENTED_EDGE ( 'NONE', *, *, #2184, .F. ) ;
#613 = VECTOR ( 'NONE', #2709, 1000.000000000000000 ) ;
#614 = LINE ( 'NONE', #1533, #2693 ) ;
#615 = ORIENTED_EDGE ( 'NONE', *, *, #2910, .T. ) ;
#616 = DIRECTION ( 'NONE',  ( -0.000000000000000000, -0.000000000000000000, 1.000000000000000000 ) ) ;
#617 = EDGE_CURVE ( 'NONE', #3135, #633, #1202, .T. ) ;
#618 = EDGE_CURVE ( 'NONE', #2507, #1947, #2400, .T. ) ;
#619 = EDGE_LOOP ( 'NONE', ( #1527, #1292 ) ) ;
#620 = DIRECTION ( 'NONE',  ( 1.000000000000000000, 0.000000000000000000, 0.000000000000000000 ) ) ;
#621 = ORIENTED_EDGE ( 'NONE', *, *, #1254, .F. ) ;
#622 = EDGE_CURVE ( 'NONE', #2337, #341, #2160, .T. ) ;
#623 = CARTESIAN_POINT ( 'NONE',  ( 15.96933128205088614, -22.38817675479873515, 6.000000000000000000 ) ) ;
#624 = CARTESIAN_POINT ( 'NONE',  ( 115.4619410966793254, -14.57300087773089992, 3.000000000000000000 ) ) ;
#625 = ORIENTED_EDGE ( 'NONE', *, *, #827, .T. ) ;
#626 = ADVANCED_FACE ( 'NONE', ( #3107 ), #1176, .F. ) ;
#627 = CARTESIAN_POINT ( 'NONE',  ( -2.081668171172168513E-14, 28.99999999999997513, 3.000000000000000000 ) ) ;
#628 = CARTESIAN_POINT ( 'NONE',  ( -15.96933128205088614, -22.38817675479874225, 3.000000000000000000 ) ) ;
#629 = CARTESIAN_POINT ( 'NONE',  ( 148.7881047748701633, -47.51630602613604992, 3.000000000000000000 ) ) ;
#630 = ORIENTED_EDGE ( 'NONE', *, *, #1598, .T. ) ;
#631 = DIRECTION ( 'NONE',  ( 1.000000000000000000, 0.000000000000000000, 0.000000000000000000 ) ) ;
#632 = LINE ( 'NONE', #1607, #2631 ) ;
#633 = VERTEX_POINT ( 'NONE', #2142 ) ;
#634 = DIRECTION ( 'NONE',  ( 1.000000000000000000, 0.000000000000000000, 0.000000000000000000 ) ) ;
#635 = VERTEX_POINT ( 'NONE', #876 ) ;
#636 = AXIS2_PLACEMENT_3D ( 'NONE', #2124, #3103, #905 ) ;
#637 = VECTOR ( 'NONE', #1291, 1000.000000000000000 ) ;
#638 = DIRECTION ( 'NONE',  ( 1.000000000000000000, 0.000000000000000000, 0.000000000000000000 ) ) ;
#639 = CARTESIAN_POINT ( 'NONE',  ( -15.52876795007799693, -25.05199055281860510, 6.000000000000000000 ) ) ;
#640 = EDGE_CURVE ( 'NONE', #1298, #367, #174, .T. ) ;
#641 = PRODUCT_DEFINITION_FORMATION_WITH_SPECIFIED_SOURCE ( 'ä»', '', #1061, .NOT_KNOWN. ) ;
#642 = ORIENTED_EDGE ( 'NONE', *, *, #2046, .F. ) ;
#643 = VECTOR ( 'NONE', #2561, 1000.000000000000000 ) ;
#644 = CARTESIAN_POINT ( 'NONE',  ( 76.74516107323535152, 9.055717746539230006, 6.000000000000000000 ) ) ;
#645 = CARTESIAN_POINT ( 'NONE',  ( -29.00000000000000000, 0.000000000000000000, 3.000000000000000000 ) ) ;
#646 = CARTESIAN_POINT ( 'NONE',  ( 157.0595205269186749, -65.05618350206539446, 3.000000000000000000 ) ) ;
#647 = ORIENTED_EDGE ( 'NONE', *, *, #2033, .F. ) ;
#648 = ORIENTED_EDGE ( 'NONE', *, *, #1952, .T. ) ;
#649 = DIRECTION ( 'NONE',  ( -0.5154057535435778714, -0.8569462697358433134, 0.000000000000000000 ) ) ;
#650 = DIRECTION ( 'NONE',  ( 0.8569462697358436465, -0.5154057535435769832, 0.000000000000000000 ) ) ;
#651 = VERTEX_POINT ( 'NONE', #1110 ) ;
#652 = CARTESIAN_POINT ( 'NONE',  ( 132.0595205269187034, -81.63930745384240595, 3.000000000000000000 ) ) ;
#653 = DIRECTION ( 'NONE',  ( 1.000000000000000000, 0.000000000000000000, 0.000000000000000000 ) ) ;
#654 = ORIENTED_EDGE ( 'NONE', *, *, #2242, .T. ) ;
#655 = DIRECTION ( 'NONE',  ( 1.000000000000000000, 0.000000000000000000, 0.000000000000000000 ) ) ;
#656 = CARTESIAN_POINT ( 'NONE',  ( 64.46242926466706535, 15.18909527294460382, 6.000000000000000000 ) ) ;
#657 = AXIS2_PLACEMENT_3D ( 'NONE', #2094, #2384, #634 ) ;
#658 = PLANE ( 'NONE',  #942 ) ;
#659 = AXIS2_PLACEMENT_3D ( 'NONE', #2308, #2518, #2021 ) ;
#660 = VERTEX_POINT ( 'NONE', #925 ) ;
#661 = CARTESIAN_POINT ( 'NONE',  ( 31.17680757982012807, 24.96677423305969512, 3.000000000000000000 ) ) ;
#663 = EDGE_CURVE ( 'NONE', #2935, #1298, #6, .T. ) ;
#662 = CARTESIAN_POINT ( 'NONE',  ( 85.32168845347835884, -22.95231818903213039, 6.000000000000000000 ) ) ;
#664 = EDGE_LOOP ( 'NONE', ( #654, #1995 ) ) ;
#665 = DIRECTION ( 'NONE',  ( 1.000000000000000000, 0.000000000000000000, 0.000000000000000000 ) ) ;
#666 = DIRECTION ( 'NONE',  ( 0.7071067811865383579, 0.7071067811865565655, 0.000000000000000000 ) ) ;
#667 = LINE ( 'NONE', #1631, #2122 ) ;
#668 = VECTOR ( 'NONE', #1279, 1000.000000000000000 ) ;
#669 = VECTOR ( 'NONE', #2661, 1000.000000000000000 ) ;
#670 = UNCERTAINTY_MEASURE_WITH_UNIT (LENGTH_MEASURE( 1.000000000000000082E-05 ), #560, 'distance_accuracy_value', 'NONE');
#671 = CARTESIAN_POINT ( 'NONE',  ( 103.7864001143407648, -5.194713309355808661, 6.000000000000000000 ) ) ;
#672 = CYLINDRICAL_SURFACE ( 'NONE', #1280, 39.80000000000000426 ) ;
#673 = EDGE_CURVE ( 'NONE', #3084, #1108, #3043, .T. ) ;
#674 = FACE_OUTER_BOUND ( 'NONE', #2801, .T. ) ;
#675 = ORIENTED_EDGE ( 'NONE', *, *, #1675, .F. ) ;
#676 = DIRECTION ( 'NONE',  ( 1.000000000000000000, 0.000000000000000000, 0.000000000000000000 ) ) ;
#677 = ORIENTED_EDGE ( 'NONE', *, *, #2639, .T. ) ;
#678 = EDGE_CURVE ( 'NONE', #380, #1900, #1663, .T. ) ;
#679 = VERTEX_POINT ( 'NONE', #2350 ) ;
#680 = DIRECTION ( 'NONE',  ( -0.9659258262890636493, -0.2588190451025380590, -0.000000000000000000 ) ) ;
#681 = DIRECTION ( 'NONE',  ( 0.000000000000000000, 0.000000000000000000, -1.000000000000000000 ) ) ;
#682 = CYLINDRICAL_SURFACE ( 'NONE', #2584, 1.549999999999999822 ) ;
#683 = VECTOR ( 'NONE', #2538, 1000.000000000000227 ) ;
#684 = CARTESIAN_POINT ( 'NONE',  ( 148.5292857297676505, -46.55038019984699815, 3.000000000000000000 ) ) ;
#685 = DIRECTION ( 'NONE',  ( 0.000000000000000000, 0.000000000000000000, -1.000000000000000000 ) ) ;
#686 = CIRCLE ( 'NONE', #2476, 1.000000000000000888 ) ;
#687 = AXIS2_PLACEMENT_3D ( 'NONE', #1876, #2853, #1711 ) ;
#688 = DIRECTION ( 'NONE',  ( 0.000000000000000000, 0.000000000000000000, -1.000000000000000000 ) ) ;
#689 = ORIENTED_EDGE ( 'NONE', *, *, #2720, .T. ) ;
#690 = AXIS2_PLACEMENT_3D ( 'NONE', #370, #1821, #1802 ) ;
#691 = ORIENTED_EDGE ( 'NONE', *, *, #1336, .T. ) ;
#692 = VERTEX_POINT ( 'NONE', #1132 ) ;
#693 = LINE ( 'NONE', #2167, #201 ) ;
#694 = VECTOR ( 'NONE', #2013, 1000.000000000000000 ) ;
#695 = ORIENTED_EDGE ( 'NONE', *, *, #2170, .F. ) ;
#696 = ORIENTED_EDGE ( 'NONE', *, *, #939, .T. ) ;
#697 = CARTESIAN_POINT ( 'NONE',  ( 0.000000000000000000, -8.131516293641283255E-15, 6.000000000000000000 ) ) ;
#698 = DIRECTION ( 'NONE',  ( 1.000000000000000000, 0.000000000000000000, 0.000000000000000000 ) ) ;
#699 = DIRECTION ( 'NONE',  ( 1.000000000000000000, 0.000000000000000000, 0.000000000000000000 ) ) ;
#700 = CARTESIAN_POINT ( 'NONE',  ( 15.96933128205088614, -22.38817675479873515, 3.000000000000000000 ) ) ;
#701 = DIRECTION ( 'NONE',  ( 0.000000000000000000, 0.000000000000000000, -1.000000000000000000 ) ) ;
#702 = ORIENTED_EDGE ( 'NONE', *, *, #2073, .F. ) ;
#703 = ORIENTED_EDGE ( 'NONE', *, *, #793, .T. ) ;
#704 = ORIENTED_EDGE ( 'NONE', *, *, #2816, .F. ) ;
#705 = CARTESIAN_POINT ( 'NONE',  ( 31.00000000000001066, -17.27333399172260187, 6.000000000000000000 ) ) ;
#706 = VECTOR ( 'NONE', #2543, 1000.000000000000000 ) ;
#707 = CIRCLE ( 'NONE', #763, 39.80000000000000426 ) ;
#708 = AXIS2_PLACEMENT_3D ( 'NONE', #1055, #1284, #1042 ) ;
#709 = ORIENTED_EDGE ( 'NONE', *, *, #2187, .T. ) ;
#710 = CARTESIAN_POINT ( 'NONE',  ( 79.60946780771854492, -20.95253704079411250, 3.000000000000000000 ) ) ;
#711 = EDGE_CURVE ( 'NONE', #150, #2914, #2366, .T. ) ;
#712 = EDGE_CURVE ( 'NONE', #2809, #182, #1874, .T. ) ;
#713 = ORIENTED_EDGE ( 'NONE', *, *, #1170, .T. ) ;
#714 = AXIS2_PLACEMENT_3D ( 'NONE', #3033, #2770, #588 ) ;
#715 = CARTESIAN_POINT ( 'NONE',  ( 103.7864001143407648, -5.194713309355808661, 6.000000000000000000 ) ) ;
#716 = CARTESIAN_POINT ( 'NONE',  ( 70.80101015711112211, 11.92107444759049173, 6.000000000000000000 ) ) ;
#717 = EDGE_CURVE ( 'NONE', #2157, #933, #241, .T. ) ;
#718 = ORIENTED_EDGE ( 'NONE', *, *, #977, .F. ) ;
#719 = EDGE_CURVE ( 'NONE', #497, #762, #288, .T. ) ;
#720 = AXIS2_PLACEMENT_3D ( 'NONE', #949, #474, #2894 ) ;
#721 = CARTESIAN_POINT ( 'NONE',  ( -2.385469812811840780E-15, 33.00000000000000000, 3.000000000000000000 ) ) ;
#722 = DIRECTION ( 'NONE',  ( -0.000000000000000000, -0.000000000000000000, 1.000000000000000000 ) ) ;
#723 = EDGE_CURVE ( 'NONE', #2157, #2923, #1660, .T. ) ;
#724 = AXIS2_PLACEMENT_3D ( 'NONE', #2149, #2889, #2116 ) ;
#725 = ORIENTED_EDGE ( 'NONE', *, *, #1839, .F. ) ;
#726 = ORIENTED_EDGE ( 'NONE', *, *, #1206, .T. ) ;
#727 = DIRECTION ( 'NONE',  ( 0.7071067811865383579, 0.7071067811865565655, 0.000000000000000000 ) ) ;
#728 = ORIENTED_EDGE ( 'NONE', *, *, #1161, .T. ) ;
#729 = ORIENTED_EDGE ( 'NONE', *, *, #2653, .T. ) ;
#730 = CARTESIAN_POINT ( 'NONE',  ( 64.46242926466706535, 15.18909527294460382, 6.000000000000000000 ) ) ;
#731 = EDGE_LOOP ( 'NONE', ( #902, #1554, #178, #2316 ) ) ;
#732 = DIRECTION ( 'NONE',  ( -0.7071067811865383579, -0.7071067811865565655, -0.000000000000000000 ) ) ;
#733 = EDGE_CURVE ( 'NONE', #2948, #318, #2127, .T. ) ;
#734 = ORIENTED_EDGE ( 'NONE', *, *, #2978, .F. ) ;
#735 = DIRECTION ( 'NONE',  ( 0.000000000000000000, 0.000000000000000000, -1.000000000000000000 ) ) ;
#736 = ORIENTED_EDGE ( 'NONE', *, *, #1079, .F. ) ;
#737 = DIRECTION ( 'NONE',  ( 1.000000000000000000, 0.000000000000000000, 0.000000000000000000 ) ) ;
#738 = CARTESIAN_POINT ( 'NONE',  ( -24.51857913103716413, -9.034538093589127072, 6.000000000000000000 ) ) ;
#739 = AXIS2_PLACEMENT_3D ( 'NONE', #1068, #3029, #1373 ) ;
#740 = CIRCLE ( 'NONE', #2737, 39.79999999999999005 ) ;
#741 = ORIENTED_EDGE ( 'NONE', *, *, #1190, .T. ) ;
#742 = VERTEX_POINT ( 'NONE', #2234 ) ;
#743 = VECTOR ( 'NONE', #1985, 1000.000000000000000 ) ;
#744 = DIRECTION ( 'NONE',  ( 1.000000000000000000, 0.000000000000000000, 0.000000000000000000 ) ) ;
#745 = CIRCLE ( 'NONE', #2689, 1.549999999999999378 ) ;
#746 = ORIENTED_EDGE ( 'NONE', *, *, #1938, .T. ) ;
#747 = CIRCLE ( 'NONE', #2076, 0.9999999999999870104 ) ;
#748 = CARTESIAN_POINT ( 'NONE',  ( 148.7881047748701633, -47.51630602613604992, 3.000000000000000000 ) ) ;
#749 = ORIENTED_EDGE ( 'NONE', *, *, #774, .T. ) ;
#750 = CARTESIAN_POINT ( 'NONE',  ( 148.5292857297676505, -46.55038019984699815, 6.000000000000000000 ) ) ;
#751 = CARTESIAN_POINT ( 'NONE',  ( -1.387778780781445676E-14, -4.065758146820641628E-15, 3.000000000000000000 ) ) ;
#752 = DIRECTION ( 'NONE',  ( 1.000000000000000000, 0.000000000000000000, 0.000000000000000000 ) ) ;
#753 = ORIENTED_EDGE ( 'NONE', *, *, #1772, .T. ) ;
#754 = DIRECTION ( 'NONE',  ( 1.000000000000000000, 0.000000000000000000, 0.000000000000000000 ) ) ;
#755 = DIRECTION ( 'NONE',  ( -0.000000000000000000, -0.000000000000000000, 1.000000000000000000 ) ) ;
#756 = EDGE_CURVE ( 'NONE', #2950, #2622, #2074, .T. ) ;
#757 = EDGE_LOOP ( 'NONE', ( #1669, #1983, #1991, #16, #791, #1875, #937 ) ) ;
#758 = CARTESIAN_POINT ( 'NONE',  ( 132.6055164150408245, -50.81714132818785146, 6.000000000000000000 ) ) ;
#759 = ORIENTED_EDGE ( 'NONE', *, *, #622, .F. ) ;
#760 = LINE ( 'NONE', #477, #916 ) ;
#761 = VECTOR ( 'NONE', #2343, 1000.000000000000114 ) ;
#762 = VERTEX_POINT ( 'NONE', #21 ) ;
#763 = AXIS2_PLACEMENT_3D ( 'NONE', #1082, #1338, #1325 ) ;
#764 = DIRECTION ( 'NONE',  ( 0.000000000000000000, 0.000000000000000000, -1.000000000000000000 ) ) ;
#765 = LINE ( 'NONE', #2443, #2792 ) ;
#766 = DIRECTION ( 'NONE',  ( 1.000000000000000000, 0.000000000000000000, 0.000000000000000000 ) ) ;
#767 = ORIENTED_EDGE ( 'NONE', *, *, #1098, .F. ) ;
#768 = AXIS2_PLACEMENT_3D ( 'NONE', #2546, #844, #1062 ) ;
#769 = PLANE ( 'NONE',  #2663 ) ;
#770 = DIRECTION ( 'NONE',  ( -0.000000000000000000, -0.000000000000000000, 1.000000000000000000 ) ) ;
#771 = VERTEX_POINT ( 'NONE', #1432 ) ;
#772 = ORIENTED_EDGE ( 'NONE', *, *, #3134, .F. ) ;
#773 = DIRECTION ( 'NONE',  ( 0.000000000000000000, 0.000000000000000000, -1.000000000000000000 ) ) ;
#774 = EDGE_CURVE ( 'NONE', #933, #521, #146, .T. ) ;
#775 = CIRCLE ( 'NONE', #176, 30.20000000000000995 ) ;
#776 = ORIENTED_EDGE ( 'NONE', *, *, #2852, .F. ) ;
#777 = DIRECTION ( 'NONE',  ( -0.000000000000000000, -0.000000000000000000, 1.000000000000000000 ) ) ;
#778 = EDGE_CURVE ( 'NONE', #820, #1654, #3000, .T. ) ;
#779 = ORIENTED_EDGE ( 'NONE', *, *, #2579, .T. ) ;
#780 = DIRECTION ( 'NONE',  ( 0.000000000000000000, 0.000000000000000000, -1.000000000000000000 ) ) ;
#781 = DIRECTION ( 'NONE',  ( -0.000000000000000000, -0.000000000000000000, 1.000000000000000000 ) ) ;
#782 = DIRECTION ( 'NONE',  ( -0.000000000000000000, -0.000000000000000000, 1.000000000000000000 ) ) ;
#783 = DIRECTION ( 'NONE',  ( -0.000000000000000000, -0.000000000000000000, 1.000000000000000000 ) ) ;
#784 = CARTESIAN_POINT ( 'NONE',  ( 63.46242926466707956, 15.18909527294460382, 6.000000000000000000 ) ) ;
#785 = ORIENTED_EDGE ( 'NONE', *, *, #1515, .F. ) ;
#786 = CARTESIAN_POINT ( 'NONE',  ( 9.034538093588915686, -64.31857913103716839, 6.000000000000000000 ) ) ;
#787 = DIRECTION ( 'NONE',  ( -0.000000000000000000, -0.000000000000000000, 1.000000000000000000 ) ) ;
#788 = AXIS2_PLACEMENT_3D ( 'NONE', #811, #782, #2285 ) ;
#789 = PRODUCT_RELATED_PRODUCT_CATEGORY ( 'part', '', ( #1061 ) ) ;
#790 = CIRCLE ( 'NONE', #333, 2.700000000000014833 ) ;
#791 = ORIENTED_EDGE ( 'NONE', *, *, #778, .F. ) ;
#792 = DIRECTION ( 'NONE',  ( -0.9659258262890643154, -0.2588190451025357830, 0.000000000000000000 ) ) ;
#793 = EDGE_CURVE ( 'NONE', #2408, #2944, #2442, .T. ) ;
#794 = ORIENTED_EDGE ( 'NONE', *, *, #2033, .T. ) ;
#795 = FACE_OUTER_BOUND ( 'NONE', #3099, .T. ) ;
#796 = CARTESIAN_POINT ( 'NONE',  ( -24.58628865436076083, -17.53722926247050040, 6.000000000000000000 ) ) ;
#797 =( NAMED_UNIT ( * ) SI_UNIT ( $, .STERADIAN. ) SOLID_ANGLE_UNIT ( ) );
#798 = LINE ( 'NONE', #1773, #438 ) ;
#799 = DIRECTION ( 'NONE',  ( -0.000000000000000000, -0.000000000000000000, 1.000000000000000000 ) ) ;
#800 = EDGE_CURVE ( 'NONE', #2914, #84, #1151, .T. ) ;
#801 = EDGE_LOOP ( 'NONE', ( #495, #586, #2777, #2006 ) ) ;
#802 = FACE_OUTER_BOUND ( 'NONE', #1431, .T. ) ;
#803 = CARTESIAN_POINT ( 'NONE',  ( 85.32168845347835884, -22.95231818903213039, 3.000000000000000000 ) ) ;
#804 = ORIENTED_EDGE ( 'NONE', *, *, #504, .T. ) ;
#805 = CARTESIAN_POINT ( 'NONE',  ( 22.38817675479869251, 15.96933128205094832, 3.000000000000000000 ) ) ;
#806 = ORIENTED_EDGE ( 'NONE', *, *, #567, .T. ) ;
#807 = ORIENTED_EDGE ( 'NONE', *, *, #617, .T. ) ;
#808 = CARTESIAN_POINT ( 'NONE',  ( -64.31857913103715418, -9.034538093589127072, 3.000000000000000000 ) ) ;
#809 = MECHANICAL_DESIGN_GEOMETRIC_PRESENTATION_REPRESENTATION (  '', ( #604 ), #1419 ) ;
#810 = EDGE_CURVE ( 'NONE', #2700, #578, #1613, .T. ) ;
#811 = CARTESIAN_POINT ( 'NONE',  ( 63.46242926466707956, 15.18909527294460382, 6.000000000000000000 ) ) ;
#812 = ADVANCED_FACE ( 'NONE', ( #2655 ), #1221, .F. ) ;
#813 = DIRECTION ( 'NONE',  ( 0.000000000000000000, 0.000000000000000000, -1.000000000000000000 ) ) ;
#814 = DIRECTION ( 'NONE',  ( 0.000000000000000000, 0.000000000000000000, -1.000000000000000000 ) ) ;
#815 = ADVANCED_FACE ( 'NONE', ( #969 ), #983, .F. ) ;
#816 = ORIENTED_EDGE ( 'NONE', *, *, #723, .F. ) ;
#817 = DIRECTION ( 'NONE',  ( -0.000000000000000000, -0.000000000000000000, 1.000000000000000000 ) ) ;
#818 = CARTESIAN_POINT ( 'NONE',  ( 157.0595205269186749, -65.05618350206539446, 6.000000000000000000 ) ) ;
#819 = LINE ( 'NONE', #2813, #1450 ) ;
#820 = VERTEX_POINT ( 'NONE', #500 ) ;
#821 = CIRCLE ( 'NONE', #1484, 2.700000000000018385 ) ;
#822 = ORIENTED_EDGE ( 'NONE', *, *, #1084, .T. ) ;
#823 = CARTESIAN_POINT ( 'NONE',  ( -25.05199055281856246, -15.52876795007808042, 6.000000000000000000 ) ) ;
#824 = VECTOR ( 'NONE', #2163, 1000.000000000000114 ) ;
#825 = ORIENTED_EDGE ( 'NONE', *, *, #2257, .F. ) ;
#826 = DIRECTION ( 'NONE',  ( 0.000000000000000000, 0.000000000000000000, -1.000000000000000000 ) ) ;
#827 = EDGE_CURVE ( 'NONE', #2109, #1719, #1253, .T. ) ;
#828 = DIRECTION ( 'NONE',  ( 1.000000000000000000, 0.000000000000000000, 0.000000000000000000 ) ) ;
#829 = DIRECTION ( 'NONE',  ( 0.000000000000000000, 0.000000000000000000, -1.000000000000000000 ) ) ;
#830 = ORIENTED_EDGE ( 'NONE', *, *, #292, .F. ) ;
#831 = EDGE_CURVE ( 'NONE', #357, #851, #2177, .T. ) ;
#832 = DIRECTION ( 'NONE',  ( 1.000000000000000000, 0.000000000000000000, 0.000000000000000000 ) ) ;
#833 = CYLINDRICAL_SURFACE ( 'NONE', #1026, 195.0000000000000000 ) ;
#834 = CARTESIAN_POINT ( 'NONE',  ( 30.00000000000001066, -17.27333399172260187, 6.000000000000000000 ) ) ;
#835 = ORIENTED_EDGE ( 'NONE', *, *, #2188, .T. ) ;
#836 = DIRECTION ( 'NONE',  ( -0.000000000000000000, -0.000000000000000000, 1.000000000000000000 ) ) ;
#837 = ORIENTED_EDGE ( 'NONE', *, *, #447, .T. ) ;
#838 = CIRCLE ( 'NONE', #2216, 1.000000000000000888 ) ;
#839 = VECTOR ( 'NONE', #1585, 1000.000000000000000 ) ;
#840 = ORIENTED_EDGE ( 'NONE', *, *, #224, .T. ) ;
#841 = AXIS2_PLACEMENT_3D ( 'NONE', #2284, #106, #1567 ) ;
#842 = DIRECTION ( 'NONE',  ( 1.000000000000000000, 0.000000000000000000, 0.000000000000000000 ) ) ;
#843 = CARTESIAN_POINT ( 'NONE',  ( 63.46242926466707956, 15.18909527294460382, 6.000000000000000000 ) ) ;
#844 = DIRECTION ( 'NONE',  ( -0.000000000000000000, -0.000000000000000000, 1.000000000000000000 ) ) ;
#845 = CARTESIAN_POINT ( 'NONE',  ( 63.80656895409892115, 16.12801373274702499, 6.000000000000000000 ) ) ;
#846 = VECTOR ( 'NONE', #1411, 1000.000000000000000 ) ;
#847 = ORIENTED_EDGE ( 'NONE', *, *, #219, .T. ) ;
#848 = FACE_OUTER_BOUND ( 'NONE', #2681, .T. ) ;
#849 = DIRECTION ( 'NONE',  ( 1.000000000000000000, 0.000000000000000000, 0.000000000000000000 ) ) ;
#850 = CARTESIAN_POINT ( 'NONE',  ( -17.53722926247043645, -24.58628865436081057, 6.000000000000000000 ) ) ;
#851 = VERTEX_POINT ( 'NONE', #1741 ) ;
#852 = CARTESIAN_POINT ( 'NONE',  ( 108.3151633611694109, -9.151231436765719707, 6.000000000000000000 ) ) ;
#853 = CARTESIAN_POINT ( 'NONE',  ( 25.05199055281854470, -15.52876795007806088, 3.000000000000000000 ) ) ;
#854 = ORIENTED_EDGE ( 'NONE', *, *, #2257, .T. ) ;
#855 = EDGE_CURVE ( 'NONE', #19, #571, #1676, .T. ) ;
#856 = ORIENTED_EDGE ( 'NONE', *, *, #1473, .F. ) ;
#857 = FACE_OUTER_BOUND ( 'NONE', #2243, .T. ) ;
#858 = ORIENTED_EDGE ( 'NONE', *, *, #1084, .F. ) ;
#859 = CARTESIAN_POINT ( 'NONE',  ( 69.12797754963551711, 12.36936218367450913, 6.000000000000000000 ) ) ;
#860 = CIRCLE ( 'NONE', #457, 0.9999999999999870104 ) ;
#861 = DIRECTION ( 'NONE',  ( -1.000000000000000000, 0.000000000000000000, 0.000000000000000000 ) ) ;
#862 = AXIS2_PLACEMENT_3D ( 'NONE', #2504, #320, #2603 ) ;
#863 = ORIENTED_EDGE ( 'NONE', *, *, #1733, .T. ) ;
#864 = CYLINDRICAL_SURFACE ( 'NONE', #2196, 60.00000000000002842 ) ;
#865 = FACE_OUTER_BOUND ( 'NONE', #227, .T. ) ;
#866 = LINE ( 'NONE', #161, #1609 ) ;
#867 = AXIS2_PLACEMENT_3D ( 'NONE', #3119, #172, #665 ) ;
#868 = ORIENTED_EDGE ( 'NONE', *, *, #2858, .F. ) ;
#869 = EDGE_CURVE ( 'NONE', #2987, #182, #2704, .T. ) ;
#870 = CIRCLE ( 'NONE', #1687, 1.549999999999999378 ) ;
#871 = CARTESIAN_POINT ( 'NONE',  ( 78.12867327779571269, 10.22317402215912630, 6.000000000000000000 ) ) ;
#872 = CYLINDRICAL_SURFACE ( 'NONE', #2583, 79.99999999999998579 ) ;
#873 = ORIENTED_EDGE ( 'NONE', *, *, #4, .T. ) ;
#874 = VERTEX_POINT ( 'NONE', #1195 ) ;
#875 = AXIS2_PLACEMENT_3D ( 'NONE', #55, #722, #26 ) ;
#876 = CARTESIAN_POINT ( 'NONE',  ( 15.52876795007798449, 25.05199055281859799, 3.000000000000000000 ) ) ;
#877 = LINE ( 'NONE', #1890, #2272 ) ;
#878 = VERTEX_POINT ( 'NONE', #260 ) ;
#879 = CARTESIAN_POINT ( 'NONE',  ( 104.4935068955273181, -5.901820090542344133, 3.000000000000000000 ) ) ;
#880 = DIRECTION ( 'NONE',  ( 0.000000000000000000, 0.000000000000000000, -1.000000000000000000 ) ) ;
#881 = CARTESIAN_POINT ( 'NONE',  ( -25.05199055281856246, -15.52876795007808042, 6.000000000000000000 ) ) ;
#882 = VERTEX_POINT ( 'NONE', #2175 ) ;
#883 = PLANE ( 'NONE',  #1301 ) ;
#884 = CARTESIAN_POINT ( 'NONE',  ( 91.23246028348621905, -33.74540418451975654, 3.000000000000000000 ) ) ;
#885 = ORIENTED_EDGE ( 'NONE', *, *, #2144, .F. ) ;
#886 = DIRECTION ( 'NONE',  ( 0.000000000000000000, 0.000000000000000000, -1.000000000000000000 ) ) ;
#887 = AXIS2_PLACEMENT_3D ( 'NONE', #1001, #688, #2135 ) ;
#888 = EDGE_CURVE ( 'NONE', #406, #2767, #2589, .T. ) ;
#889 = CIRCLE ( 'NONE', #3039, 39.79999999999999005 ) ;
#890 = AXIS2_PLACEMENT_3D ( 'NONE', #1838, #829, #1787 ) ;
#891 = CARTESIAN_POINT ( 'NONE',  ( 132.0595205269187034, -81.63930745384240595, 3.000000000000000000 ) ) ;
#892 = CARTESIAN_POINT ( 'NONE',  ( 30.00000000000001066, 23.98252879633256285, 3.000000000000000000 ) ) ;
#893 = AXIS2_PLACEMENT_3D ( 'NONE', #1599, #1416, #2837 ) ;
#894 = EDGE_LOOP ( 'NONE', ( #1672, #2970, #3055, #2153, #1627, #767, #3074 ) ) ;
#895 = ADVANCED_FACE ( 'NONE', ( #34 ), #1692, .F. ) ;
#896 = AXIS2_PLACEMENT_3D ( 'NONE', #1829, #1286, #1342 ) ;
#897 = CARTESIAN_POINT ( 'NONE',  ( 69.83508433082205613, 11.66225540248796122, 6.000000000000000000 ) ) ;
#898 = FACE_OUTER_BOUND ( 'NONE', #1412, .T. ) ;
#899 = ADVANCED_FACE ( 'NONE', ( #1446 ), #514, .F. ) ;
#900 = EDGE_CURVE ( 'NONE', #2822, #3042, #2794, .T. ) ;
#901 = CARTESIAN_POINT ( 'NONE',  ( -24.90550061809985394, -3.498362325693098906, 6.000000000000000000 ) ) ;
#902 = ORIENTED_EDGE ( 'NONE', *, *, #2639, .F. ) ;
#903 = ORIENTED_EDGE ( 'NONE', *, *, #855, .T. ) ;
#904 = DIRECTION ( 'NONE',  ( 1.000000000000000000, 0.000000000000000000, 0.000000000000000000 ) ) ;
#905 = DIRECTION ( 'NONE',  ( -0.2588190451025281780, 0.9659258262890662028, 0.000000000000000000 ) ) ;
#906 = VERTEX_POINT ( 'NONE', #1756 ) ;
#907 = ORIENTED_EDGE ( 'NONE', *, *, #810, .T. ) ;
#908 = CARTESIAN_POINT ( 'NONE',  ( 79.60946780771853071, -20.95253704079411605, 6.000000000000000000 ) ) ;
#909 = DIRECTION ( 'NONE',  ( 1.000000000000000000, 0.000000000000000000, 0.000000000000000000 ) ) ;
#910 = ADVANCED_FACE ( 'NONE', ( #2088 ), #2489, .F. ) ;
#911 = LINE ( 'NONE', #1616, #1 ) ;
#912 = EDGE_CURVE ( 'NONE', #1285, #1655, #1978, .T. ) ;
#913 = CARTESIAN_POINT ( 'NONE',  ( -15.96933128205088614, -22.38817675479874225, 6.000000000000000000 ) ) ;
#914 = DIRECTION ( 'NONE',  ( -0.2588190451025281780, 0.9659258262890662028, 0.000000000000000000 ) ) ;
#915 = EDGE_CURVE ( 'NONE', #267, #419, #1866, .T. ) ;
#916 = VECTOR ( 'NONE', #2201, 1000.000000000000000 ) ;
#917 = CARTESIAN_POINT ( 'NONE',  ( 24.58628865436076083, -17.53722926247050040, 6.000000000000000000 ) ) ;
#918 = CIRCLE ( 'NONE', #116, 30.20000000000000639 ) ;
#919 = VERTEX_POINT ( 'NONE', #79 ) ;
#920 = CARTESIAN_POINT ( 'NONE',  ( 149.5429903554451698, -61.23088784095008208, 3.000000000000000000 ) ) ;
#921 = DIRECTION ( 'NONE',  ( 1.000000000000000000, 0.000000000000000000, 0.000000000000000000 ) ) ;
#922 = AXIS2_PLACEMENT_3D ( 'NONE', #1095, #591, #97 ) ;
#923 = ORIENTED_EDGE ( 'NONE', *, *, #3143, .F. ) ;
#924 = EDGE_LOOP ( 'NONE', ( #2278, #3004, #1532, #806 ) ) ;
#925 = CARTESIAN_POINT ( 'NONE',  ( -15.52876795007799693, -25.05199055281860510, 3.000000000000000000 ) ) ;
#926 = DIRECTION ( 'NONE',  ( 0.000000000000000000, 0.000000000000000000, -1.000000000000000000 ) ) ;
#927 = AXIS2_PLACEMENT_3D ( 'NONE', #2617, #427, #1392 ) ;
#928 = ADVANCED_FACE ( 'NONE', ( #414 ), #1999, .F. ) ;
#929 = DIRECTION ( 'NONE',  ( -0.000000000000000000, -0.000000000000000000, 1.000000000000000000 ) ) ;
#930 = CARTESIAN_POINT ( 'NONE',  ( 17.53722926247041514, -24.58628865436082123, 6.000000000000000000 ) ) ;
#931 = DIRECTION ( 'NONE',  ( 1.000000000000000000, 0.000000000000000000, 0.000000000000000000 ) ) ;
#932 = EDGE_CURVE ( 'NONE', #1036, #1189, #614, .T. ) ;
#933 = VERTEX_POINT ( 'NONE', #544 ) ;
#934 = CARTESIAN_POINT ( 'NONE',  ( 78.64354198142949315, -21.21135608589663946, 6.000000000000000000 ) ) ;
#935 = VERTEX_POINT ( 'NONE', #1848 ) ;
#936 = ORIENTED_EDGE ( 'NONE', *, *, #1714, .T. ) ;
#937 = ORIENTED_EDGE ( 'NONE', *, *, #3088, .F. ) ;
#938 = DIRECTION ( 'NONE',  ( 1.000000000000000000, 0.000000000000000000, 0.000000000000000000 ) ) ;
#939 = EDGE_CURVE ( 'NONE', #2944, #2712, #442, .T. ) ;
#940 = DIRECTION ( 'NONE',  ( -0.000000000000000000, -0.000000000000000000, 1.000000000000000000 ) ) ;
#941 = DIRECTION ( 'NONE',  ( 1.000000000000000000, 0.000000000000000000, 0.000000000000000000 ) ) ;
#942 = AXIS2_PLACEMENT_3D ( 'NONE', #2614, #425, #196 ) ;
#943 = VECTOR ( 'NONE', #2367, 1000.000000000000000 ) ;
#944 = CARTESIAN_POINT ( 'NONE',  ( -32.99999999999999289, 2.168016842886885245E-15, 3.000000000000000000 ) ) ;
#945 = DIRECTION ( 'NONE',  ( 1.000000000000000000, 0.000000000000000000, 0.000000000000000000 ) ) ;
#946 = CARTESIAN_POINT ( 'NONE',  ( 157.0595205269186749, -65.05618350206539446, 6.000000000000000000 ) ) ;
#947 = AXIS2_PLACEMENT_3D ( 'NONE', #2903, #62, #2691 ) ;
#948 = ORIENTED_EDGE ( 'NONE', *, *, #1517, .F. ) ;
#949 = CARTESIAN_POINT ( 'NONE',  ( 117.8336775321179033, -42.74295828272965991, 6.000000000000000000 ) ) ;
#950 = ADVANCED_FACE ( 'NONE', ( #795 ), #1625, .F. ) ;
#951 = ORIENTED_EDGE ( 'NONE', *, *, #2008, .F. ) ;
#952 = ORIENTED_EDGE ( 'NONE', *, *, #2311, .T. ) ;
#953 = LINE ( 'NONE', #2413, #1536 ) ;
#954 = EDGE_CURVE ( 'NONE', #1328, #1051, #593, .T. ) ;
#955 = ORIENTED_EDGE ( 'NONE', *, *, #2386, .F. ) ;
#956 = CARTESIAN_POINT ( 'NONE',  ( 1.024880689364709403E-14, 2.168016842886885245E-15, 6.000000000000000000 ) ) ;
#957 = DIRECTION ( 'NONE',  ( 1.000000000000000000, 0.000000000000000000, 0.000000000000000000 ) ) ;
#958 = DIRECTION ( 'NONE',  ( -0.000000000000000000, -0.000000000000000000, 1.000000000000000000 ) ) ;
#959 = CARTESIAN_POINT ( 'NONE',  ( 109.9881959686450301, -9.599519172849722892, 6.000000000000000000 ) ) ;
#960 = ORIENTED_EDGE ( 'NONE', *, *, #2307, .T. ) ;
#961 = ORIENTED_EDGE ( 'NONE', *, *, #1804, .T. ) ;
#962 = DIRECTION ( 'NONE',  ( -1.000000000000000000, 0.000000000000000000, 0.000000000000000000 ) ) ;
#963 = CIRCLE ( 'NONE', #2812, 39.79999999999999005 ) ;
#964 = CIRCLE ( 'NONE', #659, 200.0000000000000000 ) ;
#965 = ORIENTED_EDGE ( 'NONE', *, *, #508, .T. ) ;
#966 = FACE_OUTER_BOUND ( 'NONE', #1448, .T. ) ;
#967 = EDGE_CURVE ( 'NONE', #1051, #1249, #1770, .T. ) ;
#968 = ORIENTED_EDGE ( 'NONE', *, *, #977, .T. ) ;
#969 = FACE_OUTER_BOUND ( 'NONE', #1878, .T. ) ;
#970 = AXIS2_PLACEMENT_3D ( 'NONE', #1499, #2239, #1240 ) ;
#971 = CARTESIAN_POINT ( 'NONE',  ( -64.31857913103716839, 9.034538093589119967, 3.000000000000000000 ) ) ;
#972 = ORIENTED_EDGE ( 'NONE', *, *, #2575, .F. ) ;
#973 = AXIS2_PLACEMENT_3D ( 'NONE', #2941, #2244, #2714 ) ;
#974 = FACE_OUTER_BOUND ( 'NONE', #2705, .T. ) ;
#975 = DIRECTION ( 'NONE',  ( -0.000000000000000000, -0.000000000000000000, 1.000000000000000000 ) ) ;
#976 = VECTOR ( 'NONE', #3142, 1000.000000000000000 ) ;
#977 = EDGE_CURVE ( 'NONE', #1769, #1089, #1267, .T. ) ;
#978 = EDGE_LOOP ( 'NONE', ( #702, #736, #1065, #1263, #3068, #1823, #1853 ) ) ;
#979 = DIRECTION ( 'NONE',  ( 0.000000000000000000, 0.000000000000000000, -1.000000000000000000 ) ) ;
#980 = ORIENTED_EDGE ( 'NONE', *, *, #733, .T. ) ;
#981 = DIRECTION ( 'NONE',  ( 0.000000000000000000, 0.000000000000000000, -1.000000000000000000 ) ) ;
#982 = EDGE_LOOP ( 'NONE', ( #601, #3030, #2449, #2670, #2212, #960, #284 ) ) ;
#983 = CYLINDRICAL_SURFACE ( 'NONE', #1563, 1.000000000000014655 ) ;
#984 = CARTESIAN_POINT ( 'NONE',  ( 70.80101015711112211, 11.92107444759050949, 6.000000000000000000 ) ) ;
#985 = ADVANCED_FACE ( 'NONE', ( #2993 ), #2071, .T. ) ;
#986 = CARTESIAN_POINT ( 'NONE',  ( -6.938893903907228378E-15, -1.290200585257750276E-14, 6.000000000000000000 ) ) ;
#987 = CARTESIAN_POINT ( 'NONE',  ( 78.64354198142949315, -21.21135608589663946, 3.000000000000000000 ) ) ;
#988 = VECTOR ( 'NONE', #2585, 1000.000000000000000 ) ;
#989 = EDGE_CURVE ( 'NONE', #935, #1057, #2641, .T. ) ;
#990 = ORIENTED_EDGE ( 'NONE', *, *, #2110, .F. ) ;
#991 = CIRCLE ( 'NONE', #1920, 1.000000000000004441 ) ;
#992 = DIRECTION ( 'NONE',  ( -0.000000000000000000, -0.000000000000000000, 1.000000000000000000 ) ) ;
#993 = EDGE_CURVE ( 'NONE', #2156, #878, #1606, .T. ) ;
#994 = AXIS2_PLACEMENT_3D ( 'NONE', #1480, #274, #49 ) ;
#995 = ORIENTED_EDGE ( 'NONE', *, *, #2042, .T. ) ;
#996 = VECTOR ( 'NONE', #134, 1000.000000000000000 ) ;
#997 = CARTESIAN_POINT ( 'NONE',  ( 148.7261871935853890, -70.58389148599107443, 6.000000000000000000 ) ) ;
#998 = ORIENTED_EDGE ( 'NONE', *, *, #1232, .F. ) ;
#999 = DIRECTION ( 'NONE',  ( 0.000000000000000000, 0.000000000000000000, -1.000000000000000000 ) ) ;
#1000 = LINE ( 'NONE', #515, #743 ) ;
#1001 = CARTESIAN_POINT ( 'NONE',  ( 116.4278669229684482, -14.31418183262834987, 6.000000000000000000 ) ) ;
#1002 = VERTEX_POINT ( 'NONE', #1592 ) ;
#1003 = ADVANCED_FACE ( 'NONE', ( #2570 ), #378, .F. ) ;
#1004 = CARTESIAN_POINT ( 'NONE',  ( -29.00000000000000000, 0.000000000000000000, 6.000000000000000000 ) ) ;
#1005 = CARTESIAN_POINT ( 'NONE',  ( 144.5826175290322340, -41.39622967456715941, 6.000000000000000000 ) ) ;
#1006 = ORIENTED_EDGE ( 'NONE', *, *, #2091, .F. ) ;
#1007 = ADVANCED_FACE ( 'NONE', ( #165 ), #883, .F. ) ;
#1008 = ORIENTED_EDGE ( 'NONE', *, *, #1957, .F. ) ;
#1009 = CYLINDRICAL_SURFACE ( 'NONE', #2771, 1.000000000000000888 ) ;
#1010 = ORIENTED_EDGE ( 'NONE', *, *, #1621, .T. ) ;
#1011 = AXIS2_PLACEMENT_3D ( 'NONE', #1033, #336, #620 ) ;
#1012 = ORIENTED_EDGE ( 'NONE', *, *, #2754, .T. ) ;
#1013 = CARTESIAN_POINT ( 'NONE',  ( 22.38817675479869251, -15.96933128205096253, 6.000000000000000000 ) ) ;
#1014 = AXIS2_PLACEMENT_3D ( 'NONE', #2280, #600, #104 ) ;
#1015 = ORIENTED_EDGE ( 'NONE', *, *, #1307, .F. ) ;
#1016 = DIRECTION ( 'NONE',  ( 1.000000000000000000, 0.000000000000000000, 0.000000000000000000 ) ) ;
#1017 = LINE ( 'NONE', #2218, #144 ) ;
#1018 = CARTESIAN_POINT ( 'NONE',  ( -3.300670485103986973, -166.9610859287278686, 6.000000000000000000 ) ) ;
#1019 = ORIENTED_EDGE ( 'NONE', *, *, #2798, .T. ) ;
#1020 = AXIS2_PLACEMENT_3D ( 'NONE', #1468, #1258, #2462 ) ;
#1021 = DIRECTION ( 'NONE',  ( 0.000000000000000000, 0.000000000000000000, -1.000000000000000000 ) ) ;
#1022 = CARTESIAN_POINT ( 'NONE',  ( -3.498362325693026964, -24.90550061809985394, 6.000000000000000000 ) ) ;
#1023 = APPLICATION_CONTEXT ( 'automotive_design' ) ;
#1024 = DIRECTION ( 'NONE',  ( 1.000000000000000000, 0.000000000000000000, 0.000000000000000000 ) ) ;
#1025 = LINE ( 'NONE', #2500, #1690 ) ;
#1026 = AXIS2_PLACEMENT_3D ( 'NONE', #1083, #880, #391 ) ;
#1027 = ORIENTED_EDGE ( 'NONE', *, *, #69, .T. ) ;
#1028 = EDGE_CURVE ( 'NONE', #416, #422, #1404, .T. ) ;
#1029 = ORIENTED_EDGE ( 'NONE', *, *, #272, .F. ) ;
#1030 = CARTESIAN_POINT ( 'NONE',  ( 115.4619410966793254, -14.57300087773089992, 6.000000000000000000 ) ) ;
#1031 = ORIENTED_EDGE ( 'NONE', *, *, #915, .T. ) ;
#1032 = DIRECTION ( 'NONE',  ( 1.000000000000000000, 0.000000000000000000, 0.000000000000000000 ) ) ;
#1033 = CARTESIAN_POINT ( 'NONE',  ( 132.8643354601433373, -51.78306715447691033, 6.000000000000000000 ) ) ;
#1034 = DIRECTION ( 'NONE',  ( -0.000000000000000000, -0.000000000000000000, 1.000000000000000000 ) ) ;
#1035 = DIRECTION ( 'NONE',  ( 1.000000000000000000, 0.000000000000000000, 0.000000000000000000 ) ) ;
#1036 = VERTEX_POINT ( 'NONE', #1440 ) ;
#1037 = DIRECTION ( 'NONE',  ( 1.000000000000000000, 0.000000000000000000, 0.000000000000000000 ) ) ;
#1038 = CARTESIAN_POINT ( 'NONE',  ( 41.44517052220790276, -16.72765840612637334, 6.000000000000000000 ) ) ;
#1039 = VECTOR ( 'NONE', #1904, 1000.000000000000000 ) ;
#1040 = EDGE_LOOP ( 'NONE', ( #1455, #612, #476, #2315 ) ) ;
#1041 = EDGE_CURVE ( 'NONE', #1900, #1641, #747, .T. ) ;
#1042 = DIRECTION ( 'NONE',  ( 1.000000000000000000, 0.000000000000000000, 0.000000000000000000 ) ) ;
#1043 = VECTOR ( 'NONE', #813, 1000.000000000000000 ) ;
#1044 = EDGE_LOOP ( 'NONE', ( #2930, #2834, #1798, #1006 ) ) ;
#1045 = ADVANCED_FACE ( 'NONE', ( #15 ), #1205, .F. ) ;
#1046 = CYLINDRICAL_SURFACE ( 'NONE', #1011, 1.000000000000000888 ) ;
#1047 = EDGE_CURVE ( 'NONE', #2732, #2359, #1945, .T. ) ;
#1048 = CYLINDRICAL_SURFACE ( 'NONE', #1297, 195.0000000000000000 ) ;
#1049 = DIRECTION ( 'NONE',  ( -1.000000000000000000, 0.000000000000000000, 0.000000000000000000 ) ) ;
#1050 = CARTESIAN_POINT ( 'NONE',  ( 9.034538093588915686, -64.31857913103716839, 3.000000000000000000 ) ) ;
#1051 = VERTEX_POINT ( 'NONE', #1172 ) ;
#1052 = DIRECTION ( 'NONE',  ( 0.000000000000000000, 0.000000000000000000, -1.000000000000000000 ) ) ;
#1053 = FACE_BOUND ( 'NONE', #2573, .T. ) ;
#1054 = EDGE_LOOP ( 'NONE', ( #1944, #2629, #445, #3113 ) ) ;
#1055 = CARTESIAN_POINT ( 'NONE',  ( -15.96933128205089325, 22.38817675479873159, 6.000000000000000000 ) ) ;
#1056 = EDGE_CURVE ( 'NONE', #1002, #497, #1459, .T. ) ;
#1057 = VERTEX_POINT ( 'NONE', #661 ) ;
#1058 = LINE ( 'NONE', #602, #706 ) ;
#1059 =( NAMED_UNIT ( * ) PLANE_ANGLE_UNIT ( ) SI_UNIT ( $, .RADIAN. ) );
#1060 = AXIS2_PLACEMENT_3D ( 'NONE', #786, #552, #85 ) ;
#1061 = PRODUCT ( '\X2\5927817f51854fa7\X0\-R', '\X2\5927817f51854fa7\X0\-R', '', ( #3008 ) ) ;
#1062 = DIRECTION ( 'NONE',  ( 1.000000000000000000, 0.000000000000000000, 0.000000000000000000 ) ) ;
#1063 = CYLINDRICAL_SURFACE ( 'NONE', #1296, 39.79999999999999005 ) ;
#1064 = AXIS2_PLACEMENT_3D ( 'NONE', #986, #1021, #1199 ) ;
#1065 = ORIENTED_EDGE ( 'NONE', *, *, #1929, .F. ) ;
#1066 = DIRECTION ( 'NONE',  ( 0.000000000000000000, 0.000000000000000000, -1.000000000000000000 ) ) ;
#1067 = DIRECTION ( 'NONE',  ( 0.000000000000000000, 0.000000000000000000, -1.000000000000000000 ) ) ;
#1068 = CARTESIAN_POINT ( 'NONE',  ( -64.31857913103716839, 9.034538093589119967, 6.000000000000000000 ) ) ;
#1069 = EDGE_LOOP ( 'NONE', ( #2524, #1104, #1767, #1723 ) ) ;
#1070 = CIRCLE ( 'NONE', #569, 33.00000000000000000 ) ;
#1071 = PLANE ( 'NONE',  #164 ) ;
#1072 = AXIS2_PLACEMENT_3D ( 'NONE', #2355, #685, #1907 ) ;
#1073 = VERTEX_POINT ( 'NONE', #920 ) ;
#1074 = CARTESIAN_POINT ( 'NONE',  ( 91.09006219929476345, -26.37633259864080770, 6.000000000000000000 ) ) ;
#1075 = CARTESIAN_POINT ( 'NONE',  ( 15.52876795007801114, -25.05199055281860510, 6.000000000000000000 ) ) ;
#1076 = EDGE_CURVE ( 'NONE', #521, #1410, #693, .T. ) ;
#1077 = CARTESIAN_POINT ( 'NONE',  ( -29.00000000000000000, 0.000000000000000000, 6.000000000000000000 ) ) ;
#1078 = CARTESIAN_POINT ( 'NONE',  ( 1.024880689364709403E-14, 2.168016842886885245E-15, 3.000000000000000000 ) ) ;
#1079 = EDGE_CURVE ( 'NONE', #1138, #2987, #2634, .T. ) ;
#1080 = ADVANCED_FACE ( 'NONE', ( #1702 ), #1913, .F. ) ;
#1081 = ORIENTED_EDGE ( 'NONE', *, *, #1938, .F. ) ;
#1082 = CARTESIAN_POINT ( 'NONE',  ( 64.31857913103713997, -9.034538093589119967, 6.000000000000000000 ) ) ;
#1083 = CARTESIAN_POINT ( 'NONE',  ( -3.300670485103986973, -166.9610859287278686, 6.000000000000000000 ) ) ;
#1084 = EDGE_CURVE ( 'NONE', #2542, #1947, #1924, .T. ) ;
#1085 = DIRECTION ( 'NONE',  ( 0.000000000000000000, 0.000000000000000000, -1.000000000000000000 ) ) ;
#1086 = ORIENTED_EDGE ( 'NONE', *, *, #1621, .F. ) ;
#1087 = DIRECTION ( 'NONE',  ( 0.000000000000000000, 0.000000000000000000, -1.000000000000000000 ) ) ;
#1088 = DIRECTION ( 'NONE',  ( 0.7071067811865493491, -0.7071067811865456854, 0.000000000000000000 ) ) ;
#1089 = VERTEX_POINT ( 'NONE', #1639 ) ;
#1090 = AXIS2_PLACEMENT_3D ( 'NONE', #531, #1169, #931 ) ;
#1091 = CIRCLE ( 'NONE', #538, 2.700000000000011280 ) ;
#1092 = ORIENTED_EDGE ( 'NONE', *, *, #3145, .F. ) ;
#1093 = DIRECTION ( 'NONE',  ( -0.000000000000000000, -0.000000000000000000, 1.000000000000000000 ) ) ;
#1094 = AXIS2_PLACEMENT_3D ( 'NONE', #2868, #1385, #1366 ) ;
#1095 = CARTESIAN_POINT ( 'NONE',  ( -6.938893903907228378E-15, -1.290200585257750276E-14, 6.000000000000000000 ) ) ;
#1096 = CARTESIAN_POINT ( 'NONE',  ( 108.3151633611694109, -9.151231436765719707, 6.000000000000000000 ) ) ;
#1097 = AXIS2_PLACEMENT_3D ( 'NONE', #852, #2832, #306 ) ;
#1098 = EDGE_CURVE ( 'NONE', #2231, #1851, #468, .T. ) ;
#1099 = ORIENTED_EDGE ( 'NONE', *, *, #2753, .T. ) ;
#1100 = CARTESIAN_POINT ( 'NONE',  ( 69.12797754963551711, 12.36936218367450380, 6.000000000000000000 ) ) ;
#1101 = CARTESIAN_POINT ( 'NONE',  ( 118.7996033584069835, -42.48413923762711875, 6.000000000000000000 ) ) ;
#1102 = CARTESIAN_POINT ( 'NONE',  ( -1.387778780781445676E-14, -4.065758146820641628E-15, 3.000000000000000000 ) ) ;
#1103 = EDGE_CURVE ( 'NONE', #2223, #1769, #1435, .T. ) ;
#1104 = ORIENTED_EDGE ( 'NONE', *, *, #2939, .T. ) ;
#1105 = DIRECTION ( 'NONE',  ( 1.000000000000000000, 0.000000000000000000, 0.000000000000000000 ) ) ;
#1106 = FACE_OUTER_BOUND ( 'NONE', #924, .T. ) ;
#1107 = ORIENTED_EDGE ( 'NONE', *, *, #1079, .T. ) ;
#1108 = VERTEX_POINT ( 'NONE', #2649 ) ;
#1109 = CYLINDRICAL_SURFACE ( 'NONE', #657, 2.700000000000016609 ) ;
#1110 = CARTESIAN_POINT ( 'NONE',  ( -24.58628865436077149, 17.53722926247049685, 6.000000000000000000 ) ) ;
#1111 = CIRCLE ( 'NONE', #3060, 0.9999999999999870104 ) ;
#1112 = CYLINDRICAL_SURFACE ( 'NONE', #890, 39.79999999999999005 ) ;
#1113 = AXIS2_PLACEMENT_3D ( 'NONE', #3027, #579, #328 ) ;
#1114 = AXIS2_PLACEMENT_3D ( 'NONE', #3050, #3083, #921 ) ;
#1115 = ORIENTED_EDGE ( 'NONE', *, *, #2362, .T. ) ;
#1116 = DIRECTION ( 'NONE',  ( -0.000000000000000000, -0.000000000000000000, 1.000000000000000000 ) ) ;
#1117 = FACE_BOUND ( 'NONE', #619, .T. ) ;
#1118 = CARTESIAN_POINT ( 'NONE',  ( 148.0277444858602678, -62.06995276972843811, 3.000000000000000000 ) ) ;
#1119 = AXIS2_PLACEMENT_3D ( 'NONE', #1462, #1430, #2961 ) ;
#1120 = VERTEX_POINT ( 'NONE', #3133 ) ;
#1121 = CIRCLE ( 'NONE', #518, 2.549999999999996714 ) ;
#1122 = DIRECTION ( 'NONE',  ( 0.000000000000000000, 0.000000000000000000, -1.000000000000000000 ) ) ;
#1123 = CARTESIAN_POINT ( 'NONE',  ( 0.000000000000000000, -26.99999999999996092, 3.000000000000000000 ) ) ;
#1124 = EDGE_CURVE ( 'NONE', #1961, #1120, #2510, .T. ) ;
#1125 = EDGE_LOOP ( 'NONE', ( #1492, #454, #863, #648 ) ) ;
#1126 = AXIS2_PLACEMENT_3D ( 'NONE', #2465, #41, #2484 ) ;
#1127 = ORIENTED_EDGE ( 'NONE', *, *, #2031, .F. ) ;
#1128 = DIRECTION ( 'NONE',  ( 1.000000000000000000, 0.000000000000000000, 0.000000000000000000 ) ) ;
#1129 = VECTOR ( 'NONE', #2873, 1000.000000000000000 ) ;
#1130 = ADVANCED_FACE ( 'NONE', ( #2909 ), #212, .F. ) ;
#1131 = ORIENTED_EDGE ( 'NONE', *, *, #219, .F. ) ;
#1132 = CARTESIAN_POINT ( 'NONE',  ( -15.52876795007799693, 25.05199055281859799, 6.000000000000000000 ) ) ;
#1133 = DIRECTION ( 'NONE',  ( 1.000000000000000000, 0.000000000000000000, 0.000000000000000000 ) ) ;
#1134 = EDGE_LOOP ( 'NONE', ( #473, #718, #1591, #2697 ) ) ;
#1135 = CARTESIAN_POINT ( 'NONE',  ( -1.550000000000020473, -28.99999999999998934, 6.000000000000000000 ) ) ;
#1136 = LINE ( 'NONE', #235, #2512 ) ;
#1137 = DIRECTION ( 'NONE',  ( -0.8569462697358433134, 0.5154057535435777604, 0.000000000000000000 ) ) ;
#1138 = VERTEX_POINT ( 'NONE', #2123 ) ;
#1139 = VERTEX_POINT ( 'NONE', #2862 ) ;
#1140 = CARTESIAN_POINT ( 'NONE',  ( 125.0843895554523471, -46.62076411392624209, 3.000000000000000000 ) ) ;
#1141 = CARTESIAN_POINT ( 'NONE',  ( 109.9881959686450301, -9.599519172849722892, 6.000000000000000000 ) ) ;
#1142 = EDGE_CURVE ( 'NONE', #1162, #1634, #2668, .T. ) ;
#1143 = ORIENTED_EDGE ( 'NONE', *, *, #2505, .T. ) ;
#1144 = DIRECTION ( 'NONE',  ( 1.000000000000000000, 0.000000000000000000, 0.000000000000000000 ) ) ;
#1145 = CIRCLE ( 'NONE', #1090, 39.80000000000000426 ) ;
#1146 = CIRCLE ( 'NONE', #2019, 195.0000000000000000 ) ;
#1147 = ADVANCED_FACE ( 'NONE', ( #2137 ), #440, .T. ) ;
#1148 = CIRCLE ( 'NONE', #2636, 39.79999999999998295 ) ;
#1149 = DIRECTION ( 'NONE',  ( -1.000000000000000000, 0.000000000000000000, 0.000000000000000000 ) ) ;
#1150 = DIRECTION ( 'NONE',  ( -0.000000000000000000, -0.000000000000000000, 1.000000000000000000 ) ) ;
#1151 = CIRCLE ( 'NONE', #947, 1.000000000000014655 ) ;
#1152 = VECTOR ( 'NONE', #1684, 1000.000000000000000 ) ;
#1153 = PLANE ( 'NONE',  #20 ) ;
#1154 = DIRECTION ( 'NONE',  ( 0.000000000000000000, 0.000000000000000000, -1.000000000000000000 ) ) ;
#1155 = CARTESIAN_POINT ( 'NONE',  ( 24.58628865436075728, 17.53722926247051461, 3.000000000000000000 ) ) ;
#1156 = ORIENTED_EDGE ( 'NONE', *, *, #1322, .T. ) ;
#1157 = CARTESIAN_POINT ( 'NONE',  ( 91.79716898048131668, -27.08343937982735028, 6.000000000000000000 ) ) ;
#1158 = DIRECTION ( 'NONE',  ( -1.000000000000000000, 0.000000000000000000, 0.000000000000000000 ) ) ;
#1159 = ORIENTED_EDGE ( 'NONE', *, *, #1275, .T. ) ;
#1160 = CARTESIAN_POINT ( 'NONE',  ( -3.498362325693052721, 24.90550061809983973, 6.000000000000000000 ) ) ;
#1161 = EDGE_CURVE ( 'NONE', #679, #2049, #1653, .T. ) ;
#1162 = VERTEX_POINT ( 'NONE', #1777 ) ;
#1163 = CARTESIAN_POINT ( 'NONE',  ( -32.99999999999999289, 2.168016842886885245E-15, 6.000000000000000000 ) ) ;
#1164 = ORIENTED_EDGE ( 'NONE', *, *, #800, .T. ) ;
#1165 = FACE_OUTER_BOUND ( 'NONE', #2396, .T. ) ;
#1166 = CARTESIAN_POINT ( 'NONE',  ( 78.64354198142949315, -21.21135608589663946, 6.000000000000000000 ) ) ;
#1167 = LINE ( 'NONE', #1666, #1227 ) ;
#1168 = AXIS2_PLACEMENT_3D ( 'NONE', #805, #777, #2263 ) ;
#1169 = DIRECTION ( 'NONE',  ( 0.000000000000000000, 0.000000000000000000, -1.000000000000000000 ) ) ;
#1170 = EDGE_CURVE ( 'NONE', #539, #679, #821, .T. ) ;
#1171 = ORIENTED_EDGE ( 'NONE', *, *, #1192, .T. ) ;
#1172 = CARTESIAN_POINT ( 'NONE',  ( 78.12867327779571269, 10.22317402215913695, 6.000000000000000000 ) ) ;
#1173 = ORIENTED_EDGE ( 'NONE', *, *, #1598, .F. ) ;
#1174 = CIRCLE ( 'NONE', #2716, 39.79999999999999005 ) ;
#1175 = ORIENTED_EDGE ( 'NONE', *, *, #1380, .T. ) ;
#1176 = CYLINDRICAL_SURFACE ( 'NONE', #494, 19.99999999999998934 ) ;
#1177 = ORIENTED_EDGE ( 'NONE', *, *, #2132, .F. ) ;
#1178 = DIRECTION ( 'NONE',  ( 0.000000000000000000, 0.000000000000000000, -1.000000000000000000 ) ) ;
#1179 = ADVANCED_FACE ( 'NONE', ( #2729 ), #2230, .F. ) ;
#1180 = ADVANCED_FACE ( 'NONE', ( #57 ), #1009, .F. ) ;
#1181 = DIRECTION ( 'NONE',  ( 1.000000000000000000, 0.000000000000000000, 0.000000000000000000 ) ) ;
#1182 = CARTESIAN_POINT ( 'NONE',  ( 30.00000000000001066, 23.98252879633256285, 6.000000000000000000 ) ) ;
#1183 = EDGE_CURVE ( 'NONE', #1073, #1971, #1731, .T. ) ;
#1184 = DIRECTION ( 'NONE',  ( -0.000000000000000000, -0.000000000000000000, 1.000000000000000000 ) ) ;
#1185 = ORIENTED_EDGE ( 'NONE', *, *, #366, .T. ) ;
#1186 = ADVANCED_FACE ( 'NONE', ( #3003 ), #2972, .F. ) ;
#1187 = ORIENTED_EDGE ( 'NONE', *, *, #2579, .F. ) ;
#1188 = DIRECTION ( 'NONE',  ( -0.000000000000000000, -0.000000000000000000, 1.000000000000000000 ) ) ;
#1189 = VERTEX_POINT ( 'NONE', #2022 ) ;
#1190 = EDGE_CURVE ( 'NONE', #539, #37, #1980, .T. ) ;
#1191 = ORIENTED_EDGE ( 'NONE', *, *, #2545, .T. ) ;
#1192 = EDGE_CURVE ( 'NONE', #3032, #2439, #1025, .T. ) ;
#1193 = DIRECTION ( 'NONE',  ( 1.000000000000000000, 0.000000000000000000, 0.000000000000000000 ) ) ;
#1194 = EDGE_LOOP ( 'NONE', ( #2892, #794, #746, #1701, #2363, #3136, #2672 ) ) ;
#1195 = CARTESIAN_POINT ( 'NONE',  ( 17.53722926247041514, -24.58628865436082123, 6.000000000000000000 ) ) ;
#1196 = DIRECTION ( 'NONE',  ( 0.01788134095748411881, 0.9998401160413409317, 0.000000000000000000 ) ) ;
#1197 = CIRCLE ( 'NONE', #2994, 0.9999999999999870104 ) ;
#1198 = CIRCLE ( 'NONE', #2427, 25.15000000000001634 ) ;
#1199 = DIRECTION ( 'NONE',  ( 1.000000000000000000, 0.000000000000000000, 0.000000000000000000 ) ) ;
#1200 = CARTESIAN_POINT ( 'NONE',  ( 115.4619410966793254, -14.57300087773089992, 6.000000000000000000 ) ) ;
#1201 = ORIENTED_EDGE ( 'NONE', *, *, #1857, .T. ) ;
#1202 = CIRCLE ( 'NONE', #1248, 25.15000000000001279 ) ;
#1203 = ORIENTED_EDGE ( 'NONE', *, *, #1908, .T. ) ;
#1204 = ORIENTED_EDGE ( 'NONE', *, *, #967, .F. ) ;
#1205 = CYLINDRICAL_SURFACE ( 'NONE', #1817, 1.549999999999999822 ) ;
#1206 = EDGE_CURVE ( 'NONE', #2944, #289, #1490, .T. ) ;
#1207 = VERTEX_POINT ( 'NONE', #803 ) ;
#1208 = DIRECTION ( 'NONE',  ( 0.000000000000000000, 0.000000000000000000, -1.000000000000000000 ) ) ;
#1209 = ORIENTED_EDGE ( 'NONE', *, *, #2938, .F. ) ;
#1210 = CARTESIAN_POINT ( 'NONE',  ( 108.3151633611694109, -9.151231436765719707, 3.000000000000000000 ) ) ;
#1211 = CARTESIAN_POINT ( 'NONE',  ( 1.024880689364709403E-14, 2.168016842886885245E-15, 6.000000000000000000 ) ) ;
#1212 = DIRECTION ( 'NONE',  ( 1.000000000000000000, 0.000000000000000000, 0.000000000000000000 ) ) ;
#1213 = CARTESIAN_POINT ( 'NONE',  ( 117.8336775321179033, -42.74295828272965991, 3.000000000000000000 ) ) ;
#1214 = CARTESIAN_POINT ( 'NONE',  ( 25.05199055281856246, 15.52876795007806976, 3.000000000000000000 ) ) ;
#1215 = DIRECTION ( 'NONE',  ( 0.000000000000000000, 0.000000000000000000, -1.000000000000000000 ) ) ;
#1216 = AXIS2_PLACEMENT_3D ( 'NONE', #1871, #3137, #938 ) ;
#1217 = AXIS2_PLACEMENT_3D ( 'NONE', #1504, #300, #1024 ) ;
#1218 = ORIENTED_EDGE ( 'NONE', *, *, #2403, .T. ) ;
#1219 = DIRECTION ( 'NONE',  ( -0.000000000000000000, -0.000000000000000000, 1.000000000000000000 ) ) ;
#1220 = ORIENTED_EDGE ( 'NONE', *, *, #711, .F. ) ;
#1221 = CYLINDRICAL_SURFACE ( 'NONE', #2023, 1.000000000000000888 ) ;
#1222 = DIRECTION ( 'NONE',  ( 1.000000000000000000, 0.000000000000000000, 0.000000000000000000 ) ) ;
#1223 = ORIENTED_EDGE ( 'NONE', *, *, #36, .T. ) ;
#1224 = CIRCLE ( 'NONE', #225, 39.79999999999998295 ) ;
#1225 = DIRECTION ( 'NONE',  ( 1.000000000000000000, 0.000000000000000000, 0.000000000000000000 ) ) ;
#1226 = CARTESIAN_POINT ( 'NONE',  ( 91.23246028348621905, -33.74540418451975654, 3.000000000000000000 ) ) ;
#1227 = VECTOR ( 'NONE', #2646, 1000.000000000000000 ) ;
#1228 = DIRECTION ( 'NONE',  ( 0.000000000000000000, 0.000000000000000000, -1.000000000000000000 ) ) ;
#1229 = CARTESIAN_POINT ( 'NONE',  ( 149.7881047748701633, -47.51630602613604992, 6.000000000000000000 ) ) ;
#1230 = ORIENTED_EDGE ( 'NONE', *, *, #160, .F. ) ;
#1231 = DIRECTION ( 'NONE',  ( -1.000000000000000000, 0.000000000000000000, 0.000000000000000000 ) ) ;
#1232 = EDGE_CURVE ( 'NONE', #521, #2732, #2202, .T. ) ;
#1233 = ADVANCED_FACE ( 'NONE', ( #1544 ), #507, .F. ) ;
#1234 = ORIENTED_EDGE ( 'NONE', *, *, #2621, .F. ) ;
#1235 = DIRECTION ( 'NONE',  ( -0.9659258262890636493, -0.2588190451025380590, -0.000000000000000000 ) ) ;
#1236 = DIRECTION ( 'NONE',  ( -0.000000000000000000, -0.000000000000000000, 1.000000000000000000 ) ) ;
#1237 = DIRECTION ( 'NONE',  ( -0.000000000000000000, -0.000000000000000000, 1.000000000000000000 ) ) ;
#1238 = EDGE_CURVE ( 'NONE', #660, #3084, #1224, .T. ) ;
#1239 = EDGE_LOOP ( 'NONE', ( #951, #1257, #3026, #885 ) ) ;
#1240 = DIRECTION ( 'NONE',  ( 1.000000000000000000, 0.000000000000000000, 0.000000000000000000 ) ) ;
#1241 = CARTESIAN_POINT ( 'NONE',  ( 115.4619410966793254, -14.57300087773089992, 6.000000000000000000 ) ) ;
#1242 = CIRCLE ( 'NONE', #1708, 39.80000000000000426 ) ;
#1243 = AXIS2_PLACEMENT_3D ( 'NONE', #1520, #313, #1259 ) ;
#1244 = ORIENTED_EDGE ( 'NONE', *, *, #405, .F. ) ;
#1245 = ORIENTED_EDGE ( 'NONE', *, *, #2321, .T. ) ;
#1246 = CIRCLE ( 'NONE', #1659, 39.79999999999999005 ) ;
#1247 = CARTESIAN_POINT ( 'NONE',  ( 22.38817675479869251, 15.96933128205094832, 6.000000000000000000 ) ) ;
#1248 = AXIS2_PLACEMENT_3D ( 'NONE', #384, #2886, #638 ) ;
#1249 = VERTEX_POINT ( 'NONE', #2959 ) ;
#1250 = VECTOR ( 'NONE', #727, 1000.000000000000114 ) ;
#1251 = CYLINDRICAL_SURFACE ( 'NONE', #18, 2.700000000000011280 ) ;
#1252 = ORIENTED_EDGE ( 'NONE', *, *, #392, .F. ) ;
#1253 = LINE ( 'NONE', #1210, #389 ) ;
#1254 = EDGE_CURVE ( 'NONE', #2923, #2564, #2926, .T. ) ;
#1255 = CARTESIAN_POINT ( 'NONE',  ( 159.6095205269186863, -65.05618350206539446, 6.000000000000000000 ) ) ;
#1256 = DIRECTION ( 'NONE',  ( 1.000000000000000000, 0.000000000000000000, 0.000000000000000000 ) ) ;
#1257 = ORIENTED_EDGE ( 'NONE', *, *, #383, .T. ) ;
#1258 = DIRECTION ( 'NONE',  ( -0.000000000000000000, -0.000000000000000000, 1.000000000000000000 ) ) ;
#1259 = DIRECTION ( 'NONE',  ( 1.000000000000000000, 0.000000000000000000, 0.000000000000000000 ) ) ;
#1260 = EDGE_LOOP ( 'NONE', ( #2908, #525, #753, #2690 ) ) ;
#1261 = DIRECTION ( 'NONE',  ( -0.000000000000000000, -0.000000000000000000, 1.000000000000000000 ) ) ;
#1262 = EDGE_CURVE ( 'NONE', #2860, #2586, #775, .T. ) ;
#1263 = ORIENTED_EDGE ( 'NONE', *, *, #1192, .F. ) ;
#1264 = DIRECTION ( 'NONE',  ( -1.000000000000000000, 0.000000000000000000, 0.000000000000000000 ) ) ;
#1265 = AXIS2_PLACEMENT_3D ( 'NONE', #3031, #836, #2010 ) ;
#1266 = ORIENTED_EDGE ( 'NONE', *, *, #1322, .F. ) ;
#1267 = LINE ( 'NONE', #3065, #694 ) ;
#1268 = DIRECTION ( 'NONE',  ( -0.2588190451025281780, 0.9659258262890662028, 0.000000000000000000 ) ) ;
#1269 = DIRECTION ( 'NONE',  ( -1.000000000000000000, 0.000000000000000000, 0.000000000000000000 ) ) ;
#1270 = ORIENTED_EDGE ( 'NONE', *, *, #1933, .F. ) ;
#1271 = VECTOR ( 'NONE', #2671, 1000.000000000000000 ) ;
#1272 = CIRCLE ( 'NONE', #2922, 30.20000000000000284 ) ;
#1273 = CYLINDRICAL_SURFACE ( 'NONE', #2560, 1.549999999999999822 ) ;
#1274 = CYLINDRICAL_SURFACE ( 'NONE', #3093, 2.700000000000018385 ) ;
#1275 = EDGE_CURVE ( 'NONE', #1654, #1162, #2699, .T. ) ;
#1276 = AXIS2_PLACEMENT_3D ( 'NONE', #148, #102, #1339 ) ;
#1277 = EDGE_LOOP ( 'NONE', ( #186, #5, #2344, #2075, #1790, #2273, #2539, #1127, #183, #2432, #2136, #543, #2165, #868, #1463, #2962, #305, #202, #2026, #395, #1548, #2592, #478, #1987, #145, #1927, #704, #1754, #583 ) ) ;
#1278 = ORIENTED_EDGE ( 'NONE', *, *, #2858, .T. ) ;
#1279 = DIRECTION ( 'NONE',  ( 0.000000000000000000, 0.000000000000000000, -1.000000000000000000 ) ) ;
#1280 = AXIS2_PLACEMENT_3D ( 'NONE', #1880, #1154, #1636 ) ;
#1281 = EDGE_CURVE ( 'NONE', #37, #2049, #2411, .T. ) ;
#1282 = EDGE_LOOP ( 'NONE', ( #1859, #2740 ) ) ;
#1283 = ORIENTED_EDGE ( 'NONE', *, *, #778, .T. ) ;
#1284 = DIRECTION ( 'NONE',  ( -0.000000000000000000, -0.000000000000000000, 1.000000000000000000 ) ) ;
#1285 = VERTEX_POINT ( 'NONE', #2450 ) ;
#1286 = DIRECTION ( 'NONE',  ( 0.000000000000000000, 0.000000000000000000, -1.000000000000000000 ) ) ;
#1287 = CARTESIAN_POINT ( 'NONE',  ( 91.79716898048131668, -27.08343937982735028, 3.000000000000000000 ) ) ;
#1288 = DIRECTION ( 'NONE',  ( -0.9659258262890636493, -0.2588190451025380590, -0.000000000000000000 ) ) ;
#1289 = VERTEX_POINT ( 'NONE', #265 ) ;
#1290 = DIRECTION ( 'NONE',  ( -1.000000000000000000, 0.000000000000000000, 0.000000000000000000 ) ) ;
#1291 = DIRECTION ( 'NONE',  ( 0.000000000000000000, 0.000000000000000000, -1.000000000000000000 ) ) ;
#1292 = ORIENTED_EDGE ( 'NONE', *, *, #2913, .T. ) ;
#1293 = CYLINDRICAL_SURFACE ( 'NONE', #1632, 2.700000000000008171 ) ;
#1294 = FACE_BOUND ( 'NONE', #1194, .T. ) ;
#1295 = AXIS2_PLACEMENT_3D ( 'NONE', #149, #3061, #1137 ) ;
#1296 = AXIS2_PLACEMENT_3D ( 'NONE', #592, #156, #2304 ) ;
#1297 = AXIS2_PLACEMENT_3D ( 'NONE', #1018, #2739, #2526 ) ;
#1298 = VERTEX_POINT ( 'NONE', #1229 ) ;
#1299 = FACE_BOUND ( 'NONE', #1363, .T. ) ;
#1300 = AXIS2_PLACEMENT_3D ( 'NONE', #623, #2607, #1401 ) ;
#1301 = AXIS2_PLACEMENT_3D ( 'NONE', #2846, #649, #2409 ) ;
#1302 = ORIENTED_EDGE ( 'NONE', *, *, #485, .F. ) ;
#1303 = DIRECTION ( 'NONE',  ( 0.000000000000000000, 0.000000000000000000, -1.000000000000000000 ) ) ;
#1304 = LINE ( 'NONE', #1801, #2736 ) ;
#1305 = CARTESIAN_POINT ( 'NONE',  ( -64.31857913103716839, 9.034538093589119967, 3.000000000000000000 ) ) ;
#1306 = DIRECTION ( 'NONE',  ( 0.2588190451025393357, -0.9659258262890633162, 0.000000000000000000 ) ) ;
#1307 = EDGE_CURVE ( 'NONE', #315, #771, #1070, .T. ) ;
#1308 = UNCERTAINTY_MEASURE_WITH_UNIT (LENGTH_MEASURE( 1.000000000000000082E-05 ), #2364, 'distance_accuracy_value', 'NONE');
#1309 = ORIENTED_EDGE ( 'NONE', *, *, #756, .F. ) ;
#1310 = CARTESIAN_POINT ( 'NONE',  ( 104.3383953236162682, -4.360866027812660306, 3.000000000000000000 ) ) ;
#1311 = DIRECTION ( 'NONE',  ( 0.000000000000000000, 0.000000000000000000, -1.000000000000000000 ) ) ;
#1312 = DIRECTION ( 'NONE',  ( -0.000000000000000000, -0.000000000000000000, 1.000000000000000000 ) ) ;
#1313 = VERTEX_POINT ( 'NONE', #2339 ) ;
#1314 = DIRECTION ( 'NONE',  ( -0.000000000000000000, -0.000000000000000000, 1.000000000000000000 ) ) ;
#1315 = ORIENTED_EDGE ( 'NONE', *, *, #2621, .T. ) ;
#1316 = CARTESIAN_POINT ( 'NONE',  ( 77.71108689952443171, 9.314536791641756963, 6.000000000000000000 ) ) ;
#1317 = VECTOR ( 'NONE', #2294, 1000.000000000000000 ) ;
#1318 = DIRECTION ( 'NONE',  ( -0.000000000000000000, -0.000000000000000000, 1.000000000000000000 ) ) ;
#1319 = ORIENTED_EDGE ( 'NONE', *, *, #663, .F. ) ;
#1320 = AXIS2_PLACEMENT_3D ( 'NONE', #700, #1648, #1181 ) ;
#1321 = LINE ( 'NONE', #2303, #643 ) ;
#1322 = EDGE_CURVE ( 'NONE', #1947, #419, #2066, .T. ) ;
#1323 = CARTESIAN_POINT ( 'NONE',  ( 25.08817675479869891, -15.96933128205096253, 3.000000000000000000 ) ) ;
#1324 = ORIENTED_EDGE ( 'NONE', *, *, #2761, .T. ) ;
#1325 = DIRECTION ( 'NONE',  ( 1.000000000000000000, 0.000000000000000000, 0.000000000000000000 ) ) ;
#1326 = DIRECTION ( 'NONE',  ( 1.000000000000000000, 0.000000000000000000, 0.000000000000000000 ) ) ;
#1327 = DIRECTION ( 'NONE',  ( 0.000000000000000000, 0.000000000000000000, -1.000000000000000000 ) ) ;
#1328 = VERTEX_POINT ( 'NONE', #2051 ) ;
#1329 = CIRCLE ( 'NONE', #369, 2.700000000000011280 ) ;
#1330 = PLANE ( 'NONE',  #356 ) ;
#1331 = ORIENTED_EDGE ( 'NONE', *, *, #168, .T. ) ;
#1332 = DIRECTION ( 'NONE',  ( 1.000000000000000000, 0.000000000000000000, 0.000000000000000000 ) ) ;
#1333 = ADVANCED_FACE ( 'NONE', ( #580, #1589, #1053, #1556, #1117, #2276, #1572, #329, #1603, #2290, #1294, #2780 ), #2582, .F. ) ;
#1334 = CARTESIAN_POINT ( 'NONE',  ( 144.8414365741347751, -42.36215550085623960, 3.000000000000000000 ) ) ;
#1335 = DIRECTION ( 'NONE',  ( 1.000000000000000000, 0.000000000000000000, 0.000000000000000000 ) ) ;
#1336 = EDGE_CURVE ( 'NONE', #2564, #1410, #124, .T. ) ;
#1337 = ORIENTED_EDGE ( 'NONE', *, *, #2199, .F. ) ;
#1338 = DIRECTION ( 'NONE',  ( 0.000000000000000000, 0.000000000000000000, -1.000000000000000000 ) ) ;
#1339 = DIRECTION ( 'NONE',  ( -1.000000000000000000, 0.000000000000000000, 0.000000000000000000 ) ) ;
#1340 = DIRECTION ( 'NONE',  ( 1.000000000000000000, 0.000000000000000000, 0.000000000000000000 ) ) ;
#1341 = VERTEX_POINT ( 'NONE', #2841 ) ;
#1342 = DIRECTION ( 'NONE',  ( 1.000000000000000000, 0.000000000000000000, 0.000000000000000000 ) ) ;
#1343 = FACE_OUTER_BOUND ( 'NONE', #2262, .T. ) ;
#1344 = ORIENTED_EDGE ( 'NONE', *, *, #1832, .T. ) ;
#1345 = AXIS2_PLACEMENT_3D ( 'NONE', #1141, #2571, #1626 ) ;
#1346 = CIRCLE ( 'NONE', #1503, 1.000000000000000888 ) ;
#1347 = ORIENTED_EDGE ( 'NONE', *, *, #1500, .T. ) ;
#1348 = CIRCLE ( 'NONE', #893, 1.000000000000000888 ) ;
#1349 = EDGE_CURVE ( 'NONE', #105, #820, #523, .T. ) ;
#1350 = CARTESIAN_POINT ( 'NONE',  ( 125.3432086005548740, -47.58668994021531518, 6.000000000000000000 ) ) ;
#1351 = ORIENTED_EDGE ( 'NONE', *, *, #236, .F. ) ;
#1352 = DIRECTION ( 'NONE',  ( -0.000000000000000000, -0.000000000000000000, 1.000000000000000000 ) ) ;
#1353 = ORIENTED_EDGE ( 'NONE', *, *, #597, .F. ) ;
#1354 = EDGE_CURVE ( 'NONE', #1036, #2156, #1951, .T. ) ;
#1355 = CARTESIAN_POINT ( 'NONE',  ( 25.14999999999999147, -4.065758146820641628E-15, 6.000000000000000000 ) ) ;
#1356 = CARTESIAN_POINT ( 'NONE',  ( 125.3432086005548740, -47.58668994021530096, 3.000000000000000000 ) ) ;
#1357 = CARTESIAN_POINT ( 'NONE',  ( 1.549999999999978950, 28.99999999999997513, 6.000000000000000000 ) ) ;
#1358 = ORIENTED_EDGE ( 'NONE', *, *, #712, .T. ) ;
#1359 = CARTESIAN_POINT ( 'NONE',  ( -3.300670485103986973, -166.9610859287278686, 6.000000000000000000 ) ) ;
#1361 = EDGE_CURVE ( 'NONE', #3131, #1451, #2102, .T. ) ;
#1360 = CARTESIAN_POINT ( 'NONE',  ( 17.53722926247041514, -24.58628865436082123, 3.000000000000000000 ) ) ;
#1362 = EDGE_LOOP ( 'NONE', ( #403, #1481, #1223, #2298 ) ) ;
#1363 = EDGE_LOOP ( 'NONE', ( #350, #1244 ) ) ;
#1364 = ORIENTED_EDGE ( 'NONE', *, *, #1933, .T. ) ;
#1365 = SURFACE_STYLE_USAGE ( .BOTH. , #2111 ) ;
#1366 = DIRECTION ( 'NONE',  ( -1.000000000000000000, 0.000000000000000000, 0.000000000000000000 ) ) ;
#1367 = AXIS2_PLACEMENT_3D ( 'NONE', #1013, #2912, #2929 ) ;
#1368 = CYLINDRICAL_SURFACE ( 'NONE', #2172, 0.9999999999999870104 ) ;
#1369 = ORIENTED_EDGE ( 'NONE', *, *, #1739, .F. ) ;
#1370 = DIRECTION ( 'NONE',  ( 1.000000000000000000, 0.000000000000000000, 0.000000000000000000 ) ) ;
#1371 = LINE ( 'NONE', #1649, #2460 ) ;
#1372 = ADVANCED_FACE ( 'NONE', ( #865 ), #1792, .F. ) ;
#1373 = DIRECTION ( 'NONE',  ( 1.000000000000000000, 0.000000000000000000, 0.000000000000000000 ) ) ;
#1374 = ORIENTED_EDGE ( 'NONE', *, *, #2073, .T. ) ;
#1375 = VERTEX_POINT ( 'NONE', #1825 ) ;
#1376 = AXIS2_PLACEMENT_3D ( 'NONE', #1727, #2967, #2446 ) ;
#1377 = DIRECTION ( 'NONE',  ( 1.000000000000000000, 0.000000000000000000, 0.000000000000000000 ) ) ;
#1378 = FACE_OUTER_BOUND ( 'NONE', #2077, .T. ) ;
#1379 = EDGE_LOOP ( 'NONE', ( #1008, #205, #2063, #1442 ) ) ;
#1380 = EDGE_CURVE ( 'NONE', #216, #660, #1329, .T. ) ;
#1381 = EDGE_LOOP ( 'NONE', ( #1374, #2667, #472, #2092 ) ) ;
#1382 = CARTESIAN_POINT ( 'NONE',  ( 117.0450243322884063, -13.52734212079281839, 6.000000000000000000 ) ) ;
#1383 = AXIS2_PLACEMENT_3D ( 'NONE', #408, #2405, #945 ) ;
#1384 = ORIENTED_EDGE ( 'NONE', *, *, #1911, .T. ) ;
#1385 = DIRECTION ( 'NONE',  ( -0.000000000000000000, -0.000000000000000000, 1.000000000000000000 ) ) ;
#1386 = DIRECTION ( 'NONE',  ( 0.000000000000000000, 0.000000000000000000, -1.000000000000000000 ) ) ;
#1387 = CYLINDRICAL_SURFACE ( 'NONE', #2349, 30.20000000000000639 ) ;
#1388 = FACE_OUTER_BOUND ( 'NONE', #2718, .T. ) ;
#1389 = CARTESIAN_POINT ( 'NONE',  ( -2.081668171172168513E-14, -28.99999999999998934, 6.000000000000000000 ) ) ;
#1390 = ORIENTED_EDGE ( 'NONE', *, *, #733, .F. ) ;
#1391 = EDGE_CURVE ( 'NONE', #1700, #33, #2563, .T. ) ;
#1392 = DIRECTION ( 'NONE',  ( 1.000000000000000000, 0.000000000000000000, 0.000000000000000000 ) ) ;
#1393 = CARTESIAN_POINT ( 'NONE',  ( 50.00000000000000000, -102.3011057633872269, 3.000000000000000000 ) ) ;
#1394 = ORIENTED_EDGE ( 'NONE', *, *, #2632, .T. ) ;
#1395 = ORIENTED_EDGE ( 'NONE', *, *, #493, .T. ) ;
#1396 = PRESENTATION_STYLE_ASSIGNMENT (( #1365 ) ) ;
#1397 = VECTOR ( 'NONE', #2965, 1000.000000000000000 ) ;
#1398 = CIRCLE ( 'NONE', #2943, 79.99999999999998579 ) ;
#1399 = AXIS2_PLACEMENT_3D ( 'NONE', #2806, #65, #1582 ) ;
#1400 = VECTOR ( 'NONE', #1725, 1000.000000000000114 ) ;
#1401 = DIRECTION ( 'NONE',  ( 1.000000000000000000, 0.000000000000000000, 0.000000000000000000 ) ) ;
#1402 = DIRECTION ( 'NONE',  ( 1.000000000000000000, 0.000000000000000000, 0.000000000000000000 ) ) ;
#1403 = AXIS2_PLACEMENT_3D ( 'NONE', #2751, #2602, #1377 ) ;
#1404 = CIRCLE ( 'NONE', #52, 39.79999999999999005 ) ;
#1405 = DIRECTION ( 'NONE',  ( 0.9456581578069068739, 0.3251624956437123015, 0.000000000000000000 ) ) ;
#1406 = ADVANCED_FACE ( 'NONE', ( #3045 ), #833, .F. ) ;
#1407 = DIRECTION ( 'NONE',  ( 0.000000000000000000, 0.000000000000000000, -1.000000000000000000 ) ) ;
#1408 = CARTESIAN_POINT ( 'NONE',  ( 86.28761427976741061, -22.69349914392960343, 6.000000000000000000 ) ) ;
#1409 = ORIENTED_EDGE ( 'NONE', *, *, #1633, .T. ) ;
#1410 = VERTEX_POINT ( 'NONE', #2811 ) ;
#1411 = DIRECTION ( 'NONE',  ( 0.7071067811865456854, 0.7071067811865493491, 0.000000000000000000 ) ) ;
#1412 = EDGE_LOOP ( 'NONE', ( #734, #554, #1278, #1710 ) ) ;
#1413 = CARTESIAN_POINT ( 'NONE',  ( 64.31857913103713997, 9.034538093589070229, 3.000000000000000000 ) ) ;
#1414 = EDGE_CURVE ( 'NONE', #182, #2914, #2977, .T. ) ;
#1415 = ORIENTED_EDGE ( 'NONE', *, *, #774, .F. ) ;
#1416 = DIRECTION ( 'NONE',  ( -0.000000000000000000, -0.000000000000000000, 1.000000000000000000 ) ) ;
#1417 = ORIENTED_EDGE ( 'NONE', *, *, #888, .T. ) ;
#1418 = DIRECTION ( 'NONE',  ( -1.000000000000000000, 0.000000000000000000, 0.000000000000000000 ) ) ;
#1419 =( GEOMETRIC_REPRESENTATION_CONTEXT ( 3 ) GLOBAL_UNCERTAINTY_ASSIGNED_CONTEXT ( ( #1308 ) ) GLOBAL_UNIT_ASSIGNED_CONTEXT ( ( #2364, #2900, #1917 ) ) REPRESENTATION_CONTEXT ( 'NONE', 'WORKASPACE' ) );
#1420 = EDGE_CURVE ( 'NONE', #651, #334, #2103, .T. ) ;
#1421 = FACE_OUTER_BOUND ( 'NONE', #1816, .T. ) ;
#1422 = CYLINDRICAL_SURFACE ( 'NONE', #1383, 39.79999999999999005 ) ;
#1423 = VECTOR ( 'NONE', #2332, 1000.000000000000000 ) ;
#1424 = DIRECTION ( 'NONE',  ( 1.000000000000000000, 0.000000000000000000, 0.000000000000000000 ) ) ;
#1425 = ORIENTED_EDGE ( 'NONE', *, *, #153, .T. ) ;
#1426 = ORIENTED_EDGE ( 'NONE', *, *, #2420, .T. ) ;
#1427 = CARTESIAN_POINT ( 'NONE',  ( 41.44517052220790276, -16.72765840612637334, 6.000000000000000000 ) ) ;
#1428 = AXIS2_PLACEMENT_3D ( 'NONE', #2955, #958, #737 ) ;
#1429 = VERTEX_POINT ( 'NONE', #1101 ) ;
#1430 = DIRECTION ( 'NONE',  ( 0.000000000000000000, 0.000000000000000000, -1.000000000000000000 ) ) ;
#1431 = EDGE_LOOP ( 'NONE', ( #2979, #2333, #2960, #314 ) ) ;
#1432 = CARTESIAN_POINT ( 'NONE',  ( -32.99999999999999289, 2.168016842886885245E-15, 3.000000000000000000 ) ) ;
#1433 = EDGE_CURVE ( 'NONE', #1935, #2337, #2826, .T. ) ;
#1434 = DIRECTION ( 'NONE',  ( 0.000000000000000000, 0.000000000000000000, -1.000000000000000000 ) ) ;
#1435 = CIRCLE ( 'NONE', #2874, 1.000000000000000888 ) ;
#1436 = DIRECTION ( 'NONE',  ( 0.2588190451025292882, -0.9659258262890659807, 0.000000000000000000 ) ) ;
#1437 = FACE_OUTER_BOUND ( 'NONE', #1460, .T. ) ;
#1438 = ADVANCED_FACE ( 'NONE', ( #2829 ), #1422, .T. ) ;
#1439 = ORIENTED_EDGE ( 'NONE', *, *, #2541, .T. ) ;
#1440 = CARTESIAN_POINT ( 'NONE',  ( 154.5095205269186920, -65.05618350206539446, 6.000000000000000000 ) ) ;
#1441 = EDGE_LOOP ( 'NONE', ( #556, #1943, #2814, #2746 ) ) ;
#1442 = ORIENTED_EDGE ( 'NONE', *, *, #2110, .T. ) ;
#1443 = ORIENTED_EDGE ( 'NONE', *, *, #526, .T. ) ;
#1444 = DIRECTION ( 'NONE',  ( -0.000000000000000000, -0.000000000000000000, 1.000000000000000000 ) ) ;
#1445 = EDGE_LOOP ( 'NONE', ( #1914, #1745, #2428, #873 ) ) ;
#1446 = FACE_OUTER_BOUND ( 'NONE', #801, .T. ) ;
#1447 = CIRCLE ( 'NONE', #2893, 1.549999999999999822 ) ;
#1448 = EDGE_LOOP ( 'NONE', ( #1230, #2785, #512, #365 ) ) ;
#1449 = DIRECTION ( 'NONE',  ( -1.000000000000000000, 0.000000000000000000, 0.000000000000000000 ) ) ;
#1450 = VECTOR ( 'NONE', #2357, 1000.000000000000114 ) ;
#1451 = VERTEX_POINT ( 'NONE', #2390 ) ;
#1452 = CIRCLE ( 'NONE', #2217, 2.700000000000011280 ) ;
#1453 = FACE_OUTER_BOUND ( 'NONE', #1730, .T. ) ;
#1454 = CARTESIAN_POINT ( 'NONE',  ( -1.387778780781445676E-14, -3.848917712323540741E-15, 3.000000000000000000 ) ) ;
#1455 = ORIENTED_EDGE ( 'NONE', *, *, #109, .F. ) ;
#1456 = AXIS2_PLACEMENT_3D ( 'NONE', #2513, #325, #1290 ) ;
#1457 = EDGE_CURVE ( 'NONE', #874, #2731, #2419, .T. ) ;
#1458 = ORIENTED_EDGE ( 'NONE', *, *, #3109, .T. ) ;
#1459 = LINE ( 'NONE', #2422, #846 ) ;
#1460 = EDGE_LOOP ( 'NONE', ( #198, #1697, #1574, #1704 ) ) ;
#1461 = EDGE_CURVE ( 'NONE', #2748, #1451, #471, .T. ) ;
#1462 = CARTESIAN_POINT ( 'NONE',  ( 157.0595205269186749, -65.05618350206539446, 8.000000000000000000 ) ) ;
#1463 = ORIENTED_EDGE ( 'NONE', *, *, #444, .F. ) ;
#1464 = ORIENTED_EDGE ( 'NONE', *, *, #3088, .T. ) ;
#1465 = CARTESIAN_POINT ( 'NONE',  ( 104.4935068955273181, -5.901820090542344133, 6.000000000000000000 ) ) ;
#1466 = CYLINDRICAL_SURFACE ( 'NONE', #195, 9.999999999999980460 ) ;
#1467 = ORIENTED_EDGE ( 'NONE', *, *, #606, .T. ) ;
#1468 = CARTESIAN_POINT ( 'NONE',  ( 1.024880689364709403E-14, 2.168016842886885245E-15, 3.000000000000000000 ) ) ;
#1469 = LINE ( 'NONE', #1241, #2684 ) ;
#1470 = LINE ( 'NONE', #71, #217 ) ;
#1471 = DIRECTION ( 'NONE',  ( 1.000000000000000000, 0.000000000000000000, 0.000000000000000000 ) ) ;
#1472 = ADVANCED_FACE ( 'NONE', ( #1388 ), #1926, .F. ) ;
#1473 = EDGE_CURVE ( 'NONE', #1641, #2097, #1136, .T. ) ;
#1474 = VECTOR ( 'NONE', #1405, 1000.000000000000000 ) ;
#1475 = ORIENTED_EDGE ( 'NONE', *, *, #461, .T. ) ;
#1476 = DIRECTION ( 'NONE',  ( 0.000000000000000000, 0.000000000000000000, -1.000000000000000000 ) ) ;
#1477 = EDGE_CURVE ( 'NONE', #2935, #1971, #1894, .T. ) ;
#1478 = AXIS2_PLACEMENT_3D ( 'NONE', #897, #1879, #655 ) ;
#1479 = EDGE_LOOP ( 'NONE', ( #459, #3118, #1409, #2877, #1315, #625, #1245 ) ) ;
#1480 = CARTESIAN_POINT ( 'NONE',  ( 149.7879448909115467, -47.53418736709353709, 6.000000000000000000 ) ) ;
#1481 = ORIENTED_EDGE ( 'NONE', *, *, #508, .F. ) ;
#1482 = CARTESIAN_POINT ( 'NONE',  ( 144.5826175290322340, -41.39622967456715941, 3.000000000000000000 ) ) ;
#1483 = DIRECTION ( 'NONE',  ( 0.000000000000000000, 0.000000000000000000, -1.000000000000000000 ) ) ;
#1484 = AXIS2_PLACEMENT_3D ( 'NONE', #1247, #1261, #566 ) ;
#1485 = CARTESIAN_POINT ( 'NONE',  ( 78.31047753978495507, -22.15426015191397724, 6.000000000000000000 ) ) ;
#1486 = DIRECTION ( 'NONE',  ( 0.000000000000000000, 0.000000000000000000, -1.000000000000000000 ) ) ;
#1487 = VECTOR ( 'NONE', #2727, 1000.000000000000000 ) ;
#1488 = EDGE_LOOP ( 'NONE', ( #2070, #1685, #372, #1882 ) ) ;
#1489 = ORIENTED_EDGE ( 'NONE', *, *, #1457, .T. ) ;
#1490 = LINE ( 'NONE', #758, #668 ) ;
#1491 = EDGE_CURVE ( 'NONE', #441, #1781, #12, .T. ) ;
#1492 = ORIENTED_EDGE ( 'NONE', *, *, #1380, .F. ) ;
#1493 = CARTESIAN_POINT ( 'NONE',  ( 124.1184637291632527, -46.87958315902878326, 3.000000000000000000 ) ) ;
#1494 = EDGE_CURVE ( 'NONE', #2601, #2237, #1793, .T. ) ;
#1495 = ORIENTED_EDGE ( 'NONE', *, *, #1952, .F. ) ;
#1496 = DIRECTION ( 'NONE',  ( -1.000000000000000000, 0.000000000000000000, 0.000000000000000000 ) ) ;
#1497 = DIRECTION ( 'NONE',  ( -0.000000000000000000, -0.000000000000000000, 1.000000000000000000 ) ) ;
#1498 = FACE_OUTER_BOUND ( 'NONE', #2306, .T. ) ;
#1499 = CARTESIAN_POINT ( 'NONE',  ( -64.31857913103715418, -9.034538093589127072, 3.000000000000000000 ) ) ;
#1500 = EDGE_CURVE ( 'NONE', #1429, #362, #1371, .T. ) ;
#1501 = FACE_OUTER_BOUND ( 'NONE', #2347, .T. ) ;
#1502 = CIRCLE ( 'NONE', #3092, 1.000000000000000888 ) ;
#1503 = AXIS2_PLACEMENT_3D ( 'NONE', #1213, #68, #1761 ) ;
#1504 = CARTESIAN_POINT ( 'NONE',  ( 0.000000000000000000, 2.515349040166370287E-14, 6.000000000000000000 ) ) ;
#1505 = AXIS2_PLACEMENT_3D ( 'NONE', #751, #2706, #2724 ) ;
#1506 = CARTESIAN_POINT ( 'NONE',  ( 149.7879448909115467, -47.53418736709353709, 3.000000000000000000 ) ) ;
#1507 = AXIS2_PLACEMENT_3D ( 'NONE', #2458, #2190, #2470 ) ;
#1508 = ORIENTED_EDGE ( 'NONE', *, *, #1617, .T. ) ;
#1509 = AXIS2_PLACEMENT_3D ( 'NONE', #491, #199, #228 ) ;
#1510 = ORIENTED_EDGE ( 'NONE', *, *, #1892, .F. ) ;
#1511 = CARTESIAN_POINT ( 'NONE',  ( 22.38817675479869251, -15.96933128205096253, 6.000000000000000000 ) ) ;
#1512 = ORIENTED_EDGE ( 'NONE', *, *, #2302, .F. ) ;
#1513 = DIRECTION ( 'NONE',  ( 0.000000000000000000, 0.000000000000000000, -1.000000000000000000 ) ) ;
#1514 = CARTESIAN_POINT ( 'NONE',  ( 144.5826175290322340, -41.39622967456715941, 6.000000000000000000 ) ) ;
#1515 = EDGE_CURVE ( 'NONE', #1749, #2793, #3096, .T. ) ;
#1516 = CARTESIAN_POINT ( 'NONE',  ( 77.71108689952443171, 9.314536791641756963, 3.000000000000000000 ) ) ;
#1517 = EDGE_CURVE ( 'NONE', #1721, #2057, #2052, .T. ) ;
#1518 = VERTEX_POINT ( 'NONE', #2857 ) ;
#1519 = DIRECTION ( 'NONE',  ( -1.000000000000000000, 0.000000000000000000, 0.000000000000000000 ) ) ;
#1520 = CARTESIAN_POINT ( 'NONE',  ( -64.31857913103716839, 9.034538093589119967, 6.000000000000000000 ) ) ;
#1521 = ADVANCED_FACE ( 'NONE', ( #1437 ), #2920, .F. ) ;
#1522 = EDGE_CURVE ( 'NONE', #1429, #2591, #209, .T. ) ;
#1523 = VERTEX_POINT ( 'NONE', #656 ) ;
#1524 = ORIENTED_EDGE ( 'NONE', *, *, #2031, .T. ) ;
#1525 = ORIENTED_EDGE ( 'NONE', *, *, #1473, .T. ) ;
#1526 = CARTESIAN_POINT ( 'NONE',  ( 22.38817675479869251, 15.96933128205094832, 3.000000000000000000 ) ) ;
#1527 = ORIENTED_EDGE ( 'NONE', *, *, #292, .T. ) ;
#1528 = VECTOR ( 'NONE', #446, 1000.000000000000000 ) ;
#1529 = FACE_BOUND ( 'NONE', #1282, .T. ) ;
#1530 = CLOSED_SHELL ( 'NONE', ( #1186, #3047, #2261, #1703, #2496, #3125, #895, #1969, #1521, #2515, #187, #1080, #2011, #547, #123, #346, #1333, #2644, #626, #2084, #488, #87, #74, #1472, #2773, #2876, #1045, #1179, #492, #2517, #2029, #985, #1180, #50, #297, #2759, #2220, #2368, #482, #899, #299, #1007, #910, #928, #1996, #2756, #1233, #3076, #2974, #950, #2086, #1852, #812, #2658, #815, #411, #3041, #207, #2264, #1406, #1696, #2674, #1130, #70, #2325, #3106, #32, #3128, #169, #162, #1372, #1811, #2595, #1788, #1752, #2279, #2329, #1564, #348, #2701, #2468, #2381, #1718, #1438, #111, #128, #90, #1003, #582, #1147 ) ) ;
#1531 = VECTOR ( 'NONE', #120, 1000.000000000000114 ) ;
#1532 = ORIENTED_EDGE ( 'NONE', *, *, #1522, .T. ) ;
#1533 = CARTESIAN_POINT ( 'NONE',  ( 154.5095205269186920, -65.05618350206539446, 8.000000000000000000 ) ) ;
#1534 = DIRECTION ( 'NONE',  ( -0.000000000000000000, -0.000000000000000000, 1.000000000000000000 ) ) ;
#1535 = DIRECTION ( 'NONE',  ( 0.000000000000000000, 0.000000000000000000, -1.000000000000000000 ) ) ;
#1536 = VECTOR ( 'NONE', #2440, 1000.000000000000000 ) ;
#1537 = CIRCLE ( 'NONE', #1428, 195.0000000000000000 ) ;
#1538 = CYLINDRICAL_SURFACE ( 'NONE', #1456, 1.549999999999999378 ) ;
#1539 = LINE ( 'NONE', #624, #839 ) ;
#1540 = VECTOR ( 'NONE', #536, 1000.000000000000000 ) ;
#1541 = EDGE_LOOP ( 'NONE', ( #2119, #1464, #1344, #100 ) ) ;
#1542 = EDGE_CURVE ( 'NONE', #3121, #2891, #1942, .T. ) ;
#1543 = DIRECTION ( 'NONE',  ( -1.000000000000000000, 0.000000000000000000, 0.000000000000000000 ) ) ;
#1544 = FACE_OUTER_BOUND ( 'NONE', #2181, .T. ) ;
#1545 = VECTOR ( 'NONE', #2598, 1000.000000000000000 ) ;
#1546 = EDGE_LOOP ( 'NONE', ( #1266, #2233, #729, #1031 ) ) ;
#1547 = FACE_BOUND ( 'NONE', #3051, .T. ) ;
#1548 = ORIENTED_EDGE ( 'NONE', *, *, #2545, .F. ) ;
#1549 = ORIENTED_EDGE ( 'NONE', *, *, #444, .T. ) ;
#1550 = DIRECTION ( 'NONE',  ( 0.000000000000000000, 0.000000000000000000, -1.000000000000000000 ) ) ;
#1551 = CARTESIAN_POINT ( 'NONE',  ( 40.73806374102134953, -16.02055162493982365, 6.000000000000000000 ) ) ;
#1552 = CARTESIAN_POINT ( 'NONE',  ( 148.7881047748701633, -47.51630602613604992, 6.000000000000000000 ) ) ;
#1553 = CARTESIAN_POINT ( 'NONE',  ( 79.64354198142947894, -21.21135608589663946, 6.000000000000000000 ) ) ;
#1554 = ORIENTED_EDGE ( 'NONE', *, *, #2679, .F. ) ;
#1555 = CYLINDRICAL_SURFACE ( 'NONE', #561, 1.549999999999999822 ) ;
#1556 = FACE_BOUND ( 'NONE', #664, .T. ) ;
#1557 = CIRCLE ( 'NONE', #282, 25.15000000000000568 ) ;
#1558 = AXIS2_PLACEMENT_3D ( 'NONE', #784, #2696, #534 ) ;
#1559 = CARTESIAN_POINT ( 'NONE',  ( -9.034538093588901475, 64.31857913103718261, 6.000000000000000000 ) ) ;
#1560 = AXIS2_PLACEMENT_3D ( 'NONE', #1514, #245, #275 ) ;
#1561 = ORIENTED_EDGE ( 'NONE', *, *, #2557, .F. ) ;
#1562 = FACE_BOUND ( 'NONE', #1277, .T. ) ;
#1563 = AXIS2_PLACEMENT_3D ( 'NONE', #715, #1724, #2723 ) ;
#1564 = ADVANCED_FACE ( 'NONE', ( #898 ), #672, .T. ) ;
#1565 = AXIS2_PLACEMENT_3D ( 'NONE', #2360, #1122, #2250 ) ;
#1566 = ORIENTED_EDGE ( 'NONE', *, *, #1826, .T. ) ;
#1567 = DIRECTION ( 'NONE',  ( -1.000000000000000000, 0.000000000000000000, 0.000000000000000000 ) ) ;
#1568 = CARTESIAN_POINT ( 'NONE',  ( 23.98700034850283913, -26.64845313883475342, 3.000000000000000000 ) ) ;
#1569 = CARTESIAN_POINT ( 'NONE',  ( -3.300670485103986973, -166.9610859287278686, 6.000000000000000000 ) ) ;
#1570 = VERTEX_POINT ( 'NONE', #470 ) ;
#1571 = DIRECTION ( 'NONE',  ( -1.000000000000000000, 0.000000000000000000, 0.000000000000000000 ) ) ;
#1572 = FACE_BOUND ( 'NONE', #1885, .T. ) ;
#1573 = CARTESIAN_POINT ( 'NONE',  ( 25.05199055281854470, -15.52876795007806088, 6.000000000000000000 ) ) ;
#1574 = ORIENTED_EDGE ( 'NONE', *, *, #1729, .F. ) ;
#1575 = EDGE_CURVE ( 'NONE', #2586, #2622, #2611, .T. ) ;
#1576 = DIRECTION ( 'NONE',  ( -0.000000000000000000, -0.000000000000000000, 1.000000000000000000 ) ) ;
#1577 = ORIENTED_EDGE ( 'NONE', *, *, #1457, .F. ) ;
#1578 = ORIENTED_EDGE ( 'NONE', *, *, #2060, .F. ) ;
#1579 = EDGE_CURVE ( 'NONE', #2408, #211, #1167, .T. ) ;
#1580 = DIRECTION ( 'NONE',  ( 0.000000000000000000, 0.000000000000000000, -1.000000000000000000 ) ) ;
#1581 = VECTOR ( 'NONE', #650, 1000.000000000000227 ) ;
#1582 = DIRECTION ( 'NONE',  ( 1.000000000000000000, 0.000000000000000000, 0.000000000000000000 ) ) ;
#1583 = VECTOR ( 'NONE', #56, 1000.000000000000000 ) ;
#1584 = DIRECTION ( 'NONE',  ( -1.000000000000000000, 0.000000000000000000, 0.000000000000000000 ) ) ;
#1585 = DIRECTION ( 'NONE',  ( 0.2588190451025358385, -0.9659258262890643154, 0.000000000000000000 ) ) ;
#1586 = CIRCLE ( 'NONE', #2099, 1.000000000000014655 ) ;
#1587 = ORIENTED_EDGE ( 'NONE', *, *, #932, .T. ) ;
#1588 = CARTESIAN_POINT ( 'NONE',  ( 9.034538093588889041, 64.31857913103718261, 6.000000000000000000 ) ) ;
#1589 = FACE_BOUND ( 'NONE', #2685, .T. ) ;
#1590 = DIRECTION ( 'NONE',  ( 1.000000000000000000, 0.000000000000000000, 0.000000000000000000 ) ) ;
#1591 = ORIENTED_EDGE ( 'NONE', *, *, #2742, .T. ) ;
#1592 = CARTESIAN_POINT ( 'NONE',  ( 31.70710678118656034, -17.98044077290914800, 3.000000000000000000 ) ) ;
#1593 = AXIS2_PLACEMENT_3D ( 'NONE', #1861, #359, #849 ) ;
#1594 = CARTESIAN_POINT ( 'NONE',  ( -25.05199055281858023, 15.52876795007808042, 3.000000000000000000 ) ) ;
#1595 = EDGE_CURVE ( 'NONE', #1654, #594, #223, .T. ) ;
#1596 = ORIENTED_EDGE ( 'NONE', *, *, #268, .T. ) ;
#1597 = CARTESIAN_POINT ( 'NONE',  ( 70.80101015711112211, 11.92107444759049173, 3.000000000000000000 ) ) ;
#1598 = EDGE_CURVE ( 'NONE', #318, #2157, #279, .T. ) ;
#1599 = CARTESIAN_POINT ( 'NONE',  ( 148.7881047748701633, -47.51630602613604992, 6.000000000000000000 ) ) ;
#1600 = CARTESIAN_POINT ( 'NONE',  ( 149.5429903554451698, -61.23088784095008208, 6.000000000000000000 ) ) ;
#1601 = ORIENTED_EDGE ( 'NONE', *, *, #900, .T. ) ;
#1602 = FACE_OUTER_BOUND ( 'NONE', #92, .T. ) ;
#1603 = FACE_BOUND ( 'NONE', #2680, .T. ) ;
#1604 = PLANE ( 'NONE',  #1295 ) ;
#1605 = ORIENTED_EDGE ( 'NONE', *, *, #993, .F. ) ;
#1606 = LINE ( 'NONE', #2106, #2129 ) ;
#1607 = CARTESIAN_POINT ( 'NONE',  ( 86.99472106095397805, -23.40060592511613891, 6.000000000000000000 ) ) ;
#1608 = ORIENTED_EDGE ( 'NONE', *, *, #2398, .F. ) ;
#1609 = VECTOR ( 'NONE', #2068, 1000.000000000000000 ) ;
#1610 = AXIS2_PLACEMENT_3D ( 'NONE', #1078, #799, #2062 ) ;
#1611 = EDGE_LOOP ( 'NONE', ( #1795, #691, #280, #23, #907, #3132, #1331, #2728, #2214 ) ) ;
#1612 = FACE_OUTER_BOUND ( 'NONE', #2189, .T. ) ;
#1613 = CIRCLE ( 'NONE', #2744, 33.00000000000000000 ) ;
#1614 = DIRECTION ( 'NONE',  ( -1.000000000000000000, 0.000000000000000000, 0.000000000000000000 ) ) ;
#1615 = EDGE_CURVE ( 'NONE', #267, #882, #2618, .T. ) ;
#1616 = CARTESIAN_POINT ( 'NONE',  ( 132.3489297065997619, -52.64001342421275353, 3.000000000000000000 ) ) ;
#1617 = EDGE_CURVE ( 'NONE', #273, #2971, #2254, .T. ) ;
#1618 = ORIENTED_EDGE ( 'NONE', *, *, #1911, .F. ) ;
#1619 = CARTESIAN_POINT ( 'NONE',  ( 22.38817675479869251, -15.96933128205096253, 3.000000000000000000 ) ) ;
#1620 = CARTESIAN_POINT ( 'NONE',  ( -22.38817675479869251, -15.96933128205096608, 6.000000000000000000 ) ) ;
#1621 = EDGE_CURVE ( 'NONE', #2312, #2109, #2984, .T. ) ;
#1622 = EDGE_CURVE ( 'NONE', #163, #2948, #549, .T. ) ;
#1623 = CARTESIAN_POINT ( 'NONE',  ( 50.00000000000000000, -102.3011057633872269, 6.000000000000000000 ) ) ;
#1624 = ORIENTED_EDGE ( 'NONE', *, *, #2612, .T. ) ;
#1625 = CYLINDRICAL_SURFACE ( 'NONE', #2902, 195.0000000000000000 ) ;
#1626 = DIRECTION ( 'NONE',  ( -0.2588190451025359495, 0.9659258262890643154, 0.000000000000000000 ) ) ;
#1627 = ORIENTED_EDGE ( 'NONE', *, *, #2996, .F. ) ;
#1628 = CARTESIAN_POINT ( 'NONE',  ( -27.45000000000000284, -1.898202538678392282E-16, 3.000000000000000000 ) ) ;
#1629 = DIRECTION ( 'NONE',  ( 0.000000000000000000, 0.000000000000000000, -1.000000000000000000 ) ) ;
#1630 = AXIS2_PLACEMENT_3D ( 'NONE', #2078, #1093, #3052 ) ;
#1631 = CARTESIAN_POINT ( 'NONE',  ( 76.74516107323535152, 9.055717746539230006, 6.000000000000000000 ) ) ;
#1632 = AXIS2_PLACEMENT_3D ( 'NONE', #2763, #565, #832 ) ;
#1633 = EDGE_CURVE ( 'NONE', #742, #362, #3022, .T. ) ;
#1634 = VERTEX_POINT ( 'NONE', #296 ) ;
#1635 = LINE ( 'NONE', #179, #1474 ) ;
#1636 = DIRECTION ( 'NONE',  ( 1.000000000000000000, 0.000000000000000000, 0.000000000000000000 ) ) ;
#1637 = CARTESIAN_POINT ( 'NONE',  ( 69.12797754963551711, 12.36936218367450380, 6.000000000000000000 ) ) ;
#1638 = ORIENTED_EDGE ( 'NONE', *, *, #1542, .F. ) ;
#1639 = CARTESIAN_POINT ( 'NONE',  ( 91.28176322693774125, -27.94038564956320059, 3.000000000000000000 ) ) ;
#1640 = DIRECTION ( 'NONE',  ( 0.000000000000000000, 0.000000000000000000, -1.000000000000000000 ) ) ;
#1641 = VERTEX_POINT ( 'NONE', #1699 ) ;
#1642 = AXIS2_PLACEMENT_3D ( 'NONE', #3057, #2550, #2519 ) ;
#1643 = ORIENTED_EDGE ( 'NONE', *, *, #1433, .F. ) ;
#1644 = DIRECTION ( 'NONE',  ( -0.000000000000000000, -0.000000000000000000, 1.000000000000000000 ) ) ;
#1645 = AXIS2_PLACEMENT_3D ( 'NONE', #83, #1716, #2226 ) ;
#1646 = DIRECTION ( 'NONE',  ( -0.000000000000000000, -0.000000000000000000, 1.000000000000000000 ) ) ;
#1647 = CARTESIAN_POINT ( 'NONE',  ( 144.5826175290322340, -41.39622967456715941, 6.000000000000000000 ) ) ;
#1648 = DIRECTION ( 'NONE',  ( -0.000000000000000000, -0.000000000000000000, 1.000000000000000000 ) ) ;
#1649 = CARTESIAN_POINT ( 'NONE',  ( 118.7996033584069835, -42.48413923762711875, 6.000000000000000000 ) ) ;
#1650 = FACE_OUTER_BOUND ( 'NONE', #3006, .T. ) ;
#1651 = ORIENTED_EDGE ( 'NONE', *, *, #2144, .T. ) ;
#1652 = EDGE_LOOP ( 'NONE', ( #551, #776, #749, #2141 ) ) ;
#1653 = LINE ( 'NONE', #522, #1540 ) ;
#1654 = VERTEX_POINT ( 'NONE', #2678 ) ;
#1655 = VERTEX_POINT ( 'NONE', #738 ) ;
#1656 = LINE ( 'NONE', #908, #1686 ) ;
#1657 = CIRCLE ( 'NONE', #2471, 1.000000000000000888 ) ;
#1658 = VECTOR ( 'NONE', #2514, 1000.000000000000114 ) ;
#1659 = AXIS2_PLACEMENT_3D ( 'NONE', #971, #735, #307 ) ;
#1660 = LINE ( 'NONE', #2624, #338 ) ;
#1661 = ORIENTED_EDGE ( 'NONE', *, *, #24, .F. ) ;
#1662 = CARTESIAN_POINT ( 'NONE',  ( -2.081668171172168513E-14, -28.99999999999998934, 3.000000000000000000 ) ) ;
#1663 = CIRCLE ( 'NONE', #1094, 0.9999999999999870104 ) ;
#1664 = AXIS2_PLACEMENT_3D ( 'NONE', #1140, #1883, #2155 ) ;
#1665 = DIRECTION ( 'NONE',  ( -0.000000000000000000, -0.000000000000000000, 1.000000000000000000 ) ) ;
#1666 = CARTESIAN_POINT ( 'NONE',  ( 148.5292857297676505, -46.55038019984699815, 6.000000000000000000 ) ) ;
#1667 = DIRECTION ( 'NONE',  ( -0.000000000000000000, -0.000000000000000000, 1.000000000000000000 ) ) ;
#1668 = EDGE_LOOP ( 'NONE', ( #2100, #2259, #3059, #1751, #154, #2831, #2421 ) ) ;
#1669 = ORIENTED_EDGE ( 'NONE', *, *, #2311, .F. ) ;
#1670 = CARTESIAN_POINT ( 'NONE',  ( -64.31857913103716839, 9.034538093589119967, 6.000000000000000000 ) ) ;
#1671 = EDGE_CURVE ( 'NONE', #517, #406, #2669, .T. ) ;
#1672 = ORIENTED_EDGE ( 'NONE', *, *, #1103, .F. ) ;
#1673 = FACE_OUTER_BOUND ( 'NONE', #2762, .T. ) ;
#1674 = ORIENTED_EDGE ( 'NONE', *, *, #2754, .F. ) ;
#1675 = EDGE_CURVE ( 'NONE', #692, #2782, #1728, .T. ) ;
#1676 = LINE ( 'NONE', #463, #1873 ) ;
#1677 = DIRECTION ( 'NONE',  ( 0.000000000000000000, 0.000000000000000000, -1.000000000000000000 ) ) ;
#1678 = VECTOR ( 'NONE', #886, 1000.000000000000000 ) ;
#1679 = CYLINDRICAL_SURFACE ( 'NONE', #1782, 0.9999999999999870104 ) ;
#1680 = CARTESIAN_POINT ( 'NONE',  ( 145.3449025187958057, -40.74898814748384979, 6.000000000000000000 ) ) ;
#1681 = AXIS2_PLACEMENT_3D ( 'NONE', #255, #1219, #1193 ) ;
#1682 = ORIENTED_EDGE ( 'NONE', *, *, #1047, .F. ) ;
#1683 = EDGE_LOOP ( 'NONE', ( #952, #1426, #2249, #2881 ) ) ;
#1684 = DIRECTION ( 'NONE',  ( -0.000000000000000000, -0.000000000000000000, 1.000000000000000000 ) ) ;
#1685 = ORIENTED_EDGE ( 'NONE', *, *, #387, .F. ) ;
#1686 = VECTOR ( 'NONE', #1887, 1000.000000000000000 ) ;
#1687 = AXIS2_PLACEMENT_3D ( 'NONE', #1004, #247, #1212 ) ;
#1688 = ORIENTED_EDGE ( 'NONE', *, *, #461, .F. ) ;
#1689 = CARTESIAN_POINT ( 'NONE',  ( 85.32168845347835884, -22.95231818903213039, 6.000000000000000000 ) ) ;
#1690 = VECTOR ( 'NONE', #2007, 1000.000000000000114 ) ;
#1691 = ORIENTED_EDGE ( 'NONE', *, *, #2199, .T. ) ;
#1692 = CYLINDRICAL_SURFACE ( 'NONE', #590, 1.000000000000014655 ) ;
#1693 = EDGE_LOOP ( 'NONE', ( #568, #1638, #1191, #741 ) ) ;
#1694 = DIRECTION ( 'NONE',  ( 0.000000000000000000, 0.000000000000000000, -1.000000000000000000 ) ) ;
#1695 = AXIS2_PLACEMENT_3D ( 'NONE', #1005, #1989, #2017 ) ;
#1696 = ADVANCED_FACE ( 'NONE', ( #2005 ), #2956, .F. ) ;
#1697 = ORIENTED_EDGE ( 'NONE', *, *, #24, .T. ) ;
#1698 = CARTESIAN_POINT ( 'NONE',  ( 132.8643354601433373, -51.78306715447691033, 3.000000000000000000 ) ) ;
#1699 = CARTESIAN_POINT ( 'NONE',  ( 79.60946780771853071, -20.95253704079411605, 6.000000000000000000 ) ) ;
#1700 = VERTEX_POINT ( 'NONE', #1022 ) ;
#1701 = ORIENTED_EDGE ( 'NONE', *, *, #2170, .T. ) ;
#1702 = FACE_OUTER_BOUND ( 'NONE', #322, .T. ) ;
#1703 = ADVANCED_FACE ( 'NONE', ( #2495 ), #1960, .T. ) ;
#1704 = ORIENTED_EDGE ( 'NONE', *, *, #2895, .F. ) ;
#1705 = LINE ( 'NONE', #242, #2864 ) ;
#1706 = ORIENTED_EDGE ( 'NONE', *, *, #2386, .T. ) ;
#1707 = DIRECTION ( 'NONE',  ( -0.000000000000000000, -0.000000000000000000, 1.000000000000000000 ) ) ;
#1708 = AXIS2_PLACEMENT_3D ( 'NONE', #1559, #1327, #1846 ) ;
#1709 = CIRCLE ( 'NONE', #1610, 33.00000000000000000 ) ;
#1710 = ORIENTED_EDGE ( 'NONE', *, *, #1675, .T. ) ;
#1711 = DIRECTION ( 'NONE',  ( -1.000000000000000000, 0.000000000000000000, 0.000000000000000000 ) ) ;
#1712 = EDGE_LOOP ( 'NONE', ( #1953, #1086, #572, #1364 ) ) ;
#1713 = CIRCLE ( 'NONE', #1975, 1.000000000000000888 ) ;
#1714 = EDGE_CURVE ( 'NONE', #2337, #1935, #283, .T. ) ;
#1715 = CARTESIAN_POINT ( 'NONE',  ( -30.55000000000000071, 0.000000000000000000, 3.000000000000000000 ) ) ;
#1716 = DIRECTION ( 'NONE',  ( -0.000000000000000000, -0.000000000000000000, 1.000000000000000000 ) ) ;
#1717 = AXIS2_PLACEMENT_3D ( 'NONE', #652, #681, #1149 ) ;
#1718 = ADVANCED_FACE ( 'NONE', ( #1501 ), #1274, .F. ) ;
#1719 = VERTEX_POINT ( 'NONE', #2479 ) ;
#1720 = DIRECTION ( 'NONE',  ( -1.000000000000000000, 0.000000000000000000, 0.000000000000000000 ) ) ;
#1721 = VERTEX_POINT ( 'NONE', #263 ) ;
#1722 = DIRECTION ( 'NONE',  ( 0.000000000000000000, 0.000000000000000000, -1.000000000000000000 ) ) ;
#1723 = ORIENTED_EDGE ( 'NONE', *, *, #3067, .F. ) ;
#1724 = DIRECTION ( 'NONE',  ( 0.000000000000000000, 0.000000000000000000, -1.000000000000000000 ) ) ;
#1725 = DIRECTION ( 'NONE',  ( -0.7071067811865455743, -0.7071067811865495711, -0.000000000000000000 ) ) ;
#1726 = CYLINDRICAL_SURFACE ( 'NONE', #537, 25.15000000000000568 ) ;
#1727 = CARTESIAN_POINT ( 'NONE',  ( 148.5431502394038432, -61.21300649999260202, 6.000000000000000000 ) ) ;
#1728 = LINE ( 'NONE', #1977, #321 ) ;
#1729 = EDGE_CURVE ( 'NONE', #550, #742, #1346, .T. ) ;
#1730 = EDGE_LOOP ( 'NONE', ( #2503, #990, #1099, #1201 ) ) ;
#1731 = LINE ( 'NONE', #1506, #1849 ) ;
#1732 = CIRCLE ( 'NONE', #1265, 1.000000000000000888 ) ;
#1733 = EDGE_CURVE ( 'NONE', #2898, #1139, #1452, .T. ) ;
#1734 = CIRCLE ( 'NONE', #2352, 2.700000000000016609 ) ;
#1735 = ORIENTED_EDGE ( 'NONE', *, *, #1477, .F. ) ;
#1736 = ORIENTED_EDGE ( 'NONE', *, *, #2852, .T. ) ;
#1737 = DIRECTION ( 'NONE',  ( 1.000000000000000000, 0.000000000000000000, 0.000000000000000000 ) ) ;
#1738 = VECTOR ( 'NONE', #2494, 1000.000000000000000 ) ;
#1739 = EDGE_CURVE ( 'NONE', #1313, #2553, #2843, .T. ) ;
#1740 = VERTEX_POINT ( 'NONE', #503 ) ;
#1741 = CARTESIAN_POINT ( 'NONE',  ( 78.31047753978495507, -22.15426015191397724, 3.000000000000000000 ) ) ;
#1742 = CARTESIAN_POINT ( 'NONE',  ( 22.38817675479869251, -15.96933128205096253, 3.000000000000000000 ) ) ;
#1743 = EDGE_CURVE ( 'NONE', #1749, #2497, #1469, .T. ) ;
#1744 = CARTESIAN_POINT ( 'NONE',  ( 76.74516107323535152, 9.055717746539230006, 6.000000000000000000 ) ) ;
#1745 = ORIENTED_EDGE ( 'NONE', *, *, #2238, .F. ) ;
#1746 = AXIS2_PLACEMENT_3D ( 'NONE', #115, #1067, #2309 ) ;
#1747 = LINE ( 'NONE', #533, #2869 ) ;
#1748 = DIRECTION ( 'NONE',  ( 0.8569462697358433134, -0.5154057535435778714, 0.000000000000000000 ) ) ;
#1749 = VERTEX_POINT ( 'NONE', #2209 ) ;
#1750 = DIRECTION ( 'NONE',  ( 1.000000000000000000, 0.000000000000000000, 0.000000000000000000 ) ) ;
#1751 = ORIENTED_EDGE ( 'NONE', *, *, #1615, .F. ) ;
#1752 = ADVANCED_FACE ( 'NONE', ( #2547 ), #2030, .F. ) ;
#1753 = FACE_OUTER_BOUND ( 'NONE', #2498, .T. ) ;
#1754 = ORIENTED_EDGE ( 'NONE', *, *, #1872, .F. ) ;
#1755 = EDGE_CURVE ( 'NONE', #1900, #1313, #110, .T. ) ;
#1756 = CARTESIAN_POINT ( 'NONE',  ( 24.58628865436076083, -17.53722926247050040, 3.000000000000000000 ) ) ;
#1757 = LINE ( 'NONE', #2206, #2477 ) ;
#1758 = FACE_OUTER_BOUND ( 'NONE', #2637, .T. ) ;
#1759 = EDGE_LOOP ( 'NONE', ( #1897, #2745, #2024, #2330 ) ) ;
#1760 = DIRECTION ( 'NONE',  ( 0.000000000000000000, 0.000000000000000000, -1.000000000000000000 ) ) ;
#1761 = DIRECTION ( 'NONE',  ( -1.000000000000000000, 0.000000000000000000, 0.000000000000000000 ) ) ;
#1762 = CIRCLE ( 'NONE', #788, 0.9999999999999870104 ) ;
#1763 = AXIS2_PLACEMENT_3D ( 'NONE', #420, #1386, #699 ) ;
#1764 = ORIENTED_EDGE ( 'NONE', *, *, #1622, .T. ) ;
#1765 = FACE_OUTER_BOUND ( 'NONE', #2040, .T. ) ;
#1766 = DIRECTION ( 'NONE',  ( -0.000000000000000000, -0.000000000000000000, 1.000000000000000000 ) ) ;
#1767 = ORIENTED_EDGE ( 'NONE', *, *, #298, .F. ) ;
#1768 = DIRECTION ( 'NONE',  ( 0.2588190451025357830, -0.9659258262890643154, 0.000000000000000000 ) ) ;
#1769 = VERTEX_POINT ( 'NONE', #3010 ) ;
#1770 = LINE ( 'NONE', #871, #2481 ) ;
#1771 = DIRECTION ( 'NONE',  ( -0.000000000000000000, -0.000000000000000000, 1.000000000000000000 ) ) ;
#1772 = EDGE_CURVE ( 'NONE', #422, #273, #2999, .T. ) ;
#1773 = CARTESIAN_POINT ( 'NONE',  ( 31.70710678118656034, -17.98044077290914800, 6.000000000000000000 ) ) ;
#1774 = DIRECTION ( 'NONE',  ( 0.000000000000000000, 0.000000000000000000, -1.000000000000000000 ) ) ;
#1775 = ORIENTED_EDGE ( 'NONE', *, *, #2659, .T. ) ;
#1776 = FACE_OUTER_BOUND ( 'NONE', #2703, .T. ) ;
#1777 = CARTESIAN_POINT ( 'NONE',  ( 30.00000000000001066, -17.27333399172260187, 6.000000000000000000 ) ) ;
#1778 = ORIENTED_EDGE ( 'NONE', *, *, #1142, .T. ) ;
#1779 = AXIS2_PLACEMENT_3D ( 'NONE', #352, #2014, #2041 ) ;
#1780 = LINE ( 'NONE', #304, #2815 ) ;
#1781 = VERTEX_POINT ( 'NONE', #2045 ) ;
#1782 = AXIS2_PLACEMENT_3D ( 'NONE', #1166, #1925, #208 ) ;
#1783 = ORIENTED_EDGE ( 'NONE', *, *, #1517, .T. ) ;
#1784 = FACE_OUTER_BOUND ( 'NONE', #2090, .T. ) ;
#1785 = APPLICATION_PROTOCOL_DEFINITION ( 'draft international standard', 'automotive_design', 1998, #1023 ) ;
#1786 = DIRECTION ( 'NONE',  ( -0.000000000000000000, -0.000000000000000000, 1.000000000000000000 ) ) ;
#1787 = DIRECTION ( 'NONE',  ( 1.000000000000000000, 0.000000000000000000, 0.000000000000000000 ) ) ;
#1788 = ADVANCED_FACE ( 'NONE', ( #1803 ), #1063, .T. ) ;
#1789 = AXIS2_PLACEMENT_3D ( 'NONE', #28, #979, #301 ) ;
#1790 = ORIENTED_EDGE ( 'NONE', *, *, #1494, .F. ) ;
#1791 = DIRECTION ( 'NONE',  ( -0.000000000000000000, -0.000000000000000000, 1.000000000000000000 ) ) ;
#1792 = CYLINDRICAL_SURFACE ( 'NONE', #1746, 2.700000000000014833 ) ;
#1793 = CIRCLE ( 'NONE', #421, 2.700000000000014833 ) ;
#1794 = DIRECTION ( 'NONE',  ( 1.000000000000000000, 0.000000000000000000, 0.000000000000000000 ) ) ;
#1795 = ORIENTED_EDGE ( 'NONE', *, *, #1254, .T. ) ;
#1796 = FACE_BOUND ( 'NONE', #2548, .T. ) ;
#1797 = EDGE_CURVE ( 'NONE', #441, #2353, #1146, .T. ) ;
#1798 = ORIENTED_EDGE ( 'NONE', *, *, #2307, .F. ) ;
#1799 = ORIENTED_EDGE ( 'NONE', *, *, #1047, .T. ) ;
#1800 = DIRECTION ( 'NONE',  ( 1.000000000000000000, 0.000000000000000000, 0.000000000000000000 ) ) ;
#1801 = CARTESIAN_POINT ( 'NONE',  ( 148.5292857297676505, -46.55038019984699815, 3.000000000000000000 ) ) ;
#1802 = DIRECTION ( 'NONE',  ( 1.000000000000000000, 0.000000000000000000, 0.000000000000000000 ) ) ;
#1803 = FACE_OUTER_BOUND ( 'NONE', #1260, .T. ) ;
#1804 = EDGE_CURVE ( 'NONE', #2353, #505, #355, .T. ) ;
#1805 = ORIENTED_EDGE ( 'NONE', *, *, #385, .F. ) ;
#1806 = CARTESIAN_POINT ( 'NONE',  ( 69.83508433082205613, 11.66225540248796122, 3.000000000000000000 ) ) ;
#1807 = DIRECTION ( 'NONE',  ( -0.000000000000000000, -0.000000000000000000, 1.000000000000000000 ) ) ;
#1808 = VECTOR ( 'NONE', #1640, 1000.000000000000000 ) ;
#1809 = AXIS2_PLACEMENT_3D ( 'NONE', #2838, #2131, #1133 ) ;
#1810 = CARTESIAN_POINT ( 'NONE',  ( 148.7261871935853890, -70.58389148599107443, 3.000000000000000000 ) ) ;
#1811 = ADVANCED_FACE ( 'NONE', ( #340 ), #1112, .T. ) ;
#1812 = CIRCLE ( 'NONE', #435, 30.20000000000000639 ) ;
#1813 = EDGE_LOOP ( 'NONE', ( #2572, #1577, #40, #2295 ) ) ;
#1814 = FACE_OUTER_BOUND ( 'NONE', #88, .T. ) ;
#1815 = AXIS2_PLACEMENT_3D ( 'NONE', #2130, #1646, #431 ) ;
#1816 = EDGE_LOOP ( 'NONE', ( #1131, #3101, #709, #1467 ) ) ;
#1817 = AXIS2_PLACEMENT_3D ( 'NONE', #1930, #3102, #2 ) ;
#1818 = VERTEX_POINT ( 'NONE', #2825 ) ;
#1819 = FACE_OUTER_BOUND ( 'NONE', #1445, .T. ) ;
#1820 = VERTEX_POINT ( 'NONE', #1323 ) ;
#1821 = DIRECTION ( 'NONE',  ( -0.000000000000000000, -0.000000000000000000, 1.000000000000000000 ) ) ;
#1822 = DIRECTION ( 'NONE',  ( 1.000000000000000000, 0.000000000000000000, 0.000000000000000000 ) ) ;
#1823 = ORIENTED_EDGE ( 'NONE', *, *, #954, .F. ) ;
#1824 = DIRECTION ( 'NONE',  ( -0.7071067811865495711, 0.7071067811865455743, 0.000000000000000000 ) ) ;
#1825 = CARTESIAN_POINT ( 'NONE',  ( 40.73806374102134953, -16.02055162493982365, 3.000000000000000000 ) ) ;
#1826 = EDGE_CURVE ( 'NONE', #771, #163, #1709, .T. ) ;
#1827 = CARTESIAN_POINT ( 'NONE',  ( 91.28176322693774125, -27.94038564956319703, 3.000000000000000000 ) ) ;
#1828 = ORIENTED_EDGE ( 'NONE', *, *, #2183, .T. ) ;
#1829 = CARTESIAN_POINT ( 'NONE',  ( 50.00000000000000000, -102.3011057633872269, 6.000000000000000000 ) ) ;
#1830 = EDGE_LOOP ( 'NONE', ( #3116, #475, #630, #137 ) ) ;
#1831 = DIRECTION ( 'NONE',  ( -0.000000000000000000, -0.000000000000000000, 1.000000000000000000 ) ) ;
#1832 = EDGE_CURVE ( 'NONE', #105, #935, #3038, .T. ) ;
#1833 = ORIENTED_EDGE ( 'NONE', *, *, #2321, .F. ) ;
#1834 = LINE ( 'NONE', #1597, #409 ) ;
#1835 = CIRCLE ( 'NONE', #2656, 1.000000000000000888 ) ;
#1836 = ORIENTED_EDGE ( 'NONE', *, *, #1929, .T. ) ;
#1837 = DIRECTION ( 'NONE',  ( 1.000000000000000000, 0.000000000000000000, 0.000000000000000000 ) ) ;
#1838 = CARTESIAN_POINT ( 'NONE',  ( -64.31857913103715418, -9.034538093589127072, 6.000000000000000000 ) ) ;
#1839 = EDGE_CURVE ( 'NONE', #2650, #1289, #790, .T. ) ;
#1840 = AXIS2_PLACEMENT_3D ( 'NONE', #2651, #1476, #2687 ) ;
#1841 = CIRCLE ( 'NONE', #3072, 1.000000000000000888 ) ;
#1842 = ORIENTED_EDGE ( 'NONE', *, *, #1743, .T. ) ;
#1843 = CARTESIAN_POINT ( 'NONE',  ( 63.80656895409892115, 16.12801373274702499, 6.000000000000000000 ) ) ;
#1844 = DIRECTION ( 'NONE',  ( 1.000000000000000000, 0.000000000000000000, 0.000000000000000000 ) ) ;
#1845 = AXIS2_PLACEMENT_3D ( 'NONE', #2260, #317, #1720 ) ;
#1846 = DIRECTION ( 'NONE',  ( 1.000000000000000000, 0.000000000000000000, 0.000000000000000000 ) ) ;
#1847 = ORIENTED_EDGE ( 'NONE', *, *, #2715, .F. ) ;
#1848 = CARTESIAN_POINT ( 'NONE',  ( 63.80656895409892115, 16.12801373274702499, 3.000000000000000000 ) ) ;
#1849 = VECTOR ( 'NONE', #86, 1000.000000000000227 ) ;
#1850 = CARTESIAN_POINT ( 'NONE',  ( 91.23246028348621905, -33.74540418451975654, 6.000000000000000000 ) ) ;
#1851 = VERTEX_POINT ( 'NONE', #98 ) ;
#1852 = ADVANCED_FACE ( 'NONE', ( #2758 ), #2808, .F. ) ;
#1853 = ORIENTED_EDGE ( 'NONE', *, *, #224, .F. ) ;
#1854 = DIRECTION ( 'NONE',  ( -1.000000000000000000, 0.000000000000000000, 0.000000000000000000 ) ) ;
#1855 = EDGE_CURVE ( 'NONE', #2793, #2542, #1539, .T. ) ;
#1856 = CARTESIAN_POINT ( 'NONE',  ( 1.549999999999978950, -28.99999999999998934, 6.000000000000000000 ) ) ;
#1857 = EDGE_CURVE ( 'NONE', #2346, #1073, #576, .T. ) ;
#1858 = LINE ( 'NONE', #2388, #2472 ) ;
#1859 = ORIENTED_EDGE ( 'NONE', *, *, #2417, .F. ) ;
#1860 = DIRECTION ( 'NONE',  ( 0.000000000000000000, 0.000000000000000000, -1.000000000000000000 ) ) ;
#1861 = CARTESIAN_POINT ( 'NONE',  ( 103.7864001143407648, -5.194713309355808661, 3.000000000000000000 ) ) ;
#1862 = DIRECTION ( 'NONE',  ( -0.000000000000000000, -0.000000000000000000, 1.000000000000000000 ) ) ;
#1863 = ORIENTED_EDGE ( 'NONE', *, *, #2778, .T. ) ;
#1864 = ORIENTED_EDGE ( 'NONE', *, *, #618, .T. ) ;
#1865 = CIRCLE ( 'NONE', #2121, 39.80000000000000426 ) ;
#1866 = LINE ( 'NONE', #323, #996 ) ;
#1867 = DIRECTION ( 'NONE',  ( 1.000000000000000000, 0.000000000000000000, 0.000000000000000000 ) ) ;
#1868 = ORIENTED_EDGE ( 'NONE', *, *, #3085, .T. ) ;
#1869 = CIRCLE ( 'NONE', #2327, 1.000000000000014655 ) ;
#1870 = ORIENTED_EDGE ( 'NONE', *, *, #2992, .F. ) ;
#1871 = CARTESIAN_POINT ( 'NONE',  ( -2.081668171172168513E-14, 28.99999999999997513, 6.000000000000000000 ) ) ;
#1872 = EDGE_CURVE ( 'NONE', #3094, #874, #1091, .T. ) ;
#1873 = VECTOR ( 'NONE', #232, 1000.000000000000000 ) ;
#1874 = LINE ( 'NONE', #2851, #2899 ) ;
#1875 = ORIENTED_EDGE ( 'NONE', *, *, #1349, .F. ) ;
#1876 = CARTESIAN_POINT ( 'NONE',  ( 148.5431502394038432, -61.21300649999260202, 3.000000000000000000 ) ) ;
#1877 = EDGE_CURVE ( 'NONE', #2312, #2223, #143, .T. ) ;
#1878 = EDGE_LOOP ( 'NONE', ( #1220, #840, #2717, #2341 ) ) ;
#1879 = DIRECTION ( 'NONE',  ( 0.000000000000000000, 0.000000000000000000, -1.000000000000000000 ) ) ;
#1880 = CARTESIAN_POINT ( 'NONE',  ( -9.034538093588901475, 64.31857913103718261, 6.000000000000000000 ) ) ;
#1881 = DIRECTION ( 'NONE',  ( 0.000000000000000000, 0.000000000000000000, -1.000000000000000000 ) ) ;
#1882 = ORIENTED_EDGE ( 'NONE', *, *, #2556, .T. ) ;
#1883 = DIRECTION ( 'NONE',  ( -0.000000000000000000, -0.000000000000000000, 1.000000000000000000 ) ) ;
#1884 = LINE ( 'NONE', #662, #1808 ) ;
#1885 = EDGE_LOOP ( 'NONE', ( #2435, #995, #2567, #400, #2664, #1868, #2436 ) ) ;
#1886 = ORIENTED_EDGE ( 'NONE', *, *, #2854, .F. ) ;
#1887 = DIRECTION ( 'NONE',  ( 0.000000000000000000, 0.000000000000000000, -1.000000000000000000 ) ) ;
#1888 = DIRECTION ( 'NONE',  ( 0.8569462697358433134, -0.5154057535435778714, 0.000000000000000000 ) ) ;
#1889 = AXIS2_PLACEMENT_3D ( 'NONE', #1413, #401, #1128 ) ;
#1890 = CARTESIAN_POINT ( 'NONE',  ( 41.54464528357758013, -17.72269849167592071, 6.000000000000000000 ) ) ;
#1891 = AXIS2_PLACEMENT_3D ( 'NONE', #3044, #817, #1571 ) ;
#1892 = EDGE_CURVE ( 'NONE', #1570, #2686, #1398, .T. ) ;
#1893 = CARTESIAN_POINT ( 'NONE',  ( -17.53722926247043645, -24.58628865436081057, 3.000000000000000000 ) ) ;
#1894 = LINE ( 'NONE', #2134, #29 ) ;
#1895 = CIRCLE ( 'NONE', #2248, 1.000000000000000888 ) ;
#1896 = DIRECTION ( 'NONE',  ( -0.7071067811865455743, -0.7071067811865495711, -0.000000000000000000 ) ) ;
#1897 = ORIENTED_EDGE ( 'NONE', *, *, #831, .F. ) ;
#1898 = DIRECTION ( 'NONE',  ( 0.000000000000000000, 0.000000000000000000, -1.000000000000000000 ) ) ;
#1899 = AXIS2_PLACEMENT_3D ( 'NONE', #818, #2035, #374 ) ;
#1900 = VERTEX_POINT ( 'NONE', #386 ) ;
#1901 = DIRECTION ( 'NONE',  ( -0.000000000000000000, -0.000000000000000000, 1.000000000000000000 ) ) ;
#1902 = FACE_OUTER_BOUND ( 'NONE', #2940, .T. ) ;
#1903 = ORIENTED_EDGE ( 'NONE', *, *, #2203, .F. ) ;
#1904 = DIRECTION ( 'NONE',  ( 0.000000000000000000, 0.000000000000000000, -1.000000000000000000 ) ) ;
#1905 = APPLICATION_CONTEXT ( 'automotive_design' ) ;
#1906 = CARTESIAN_POINT ( 'NONE',  ( -15.96933128205089325, 22.38817675479873159, 3.000000000000000000 ) ) ;
#1907 = DIRECTION ( 'NONE',  ( 1.000000000000000000, 0.000000000000000000, 0.000000000000000000 ) ) ;
#1908 = EDGE_CURVE ( 'NONE', #1108, #3081, #740, .T. ) ;
#1909 = DIRECTION ( 'NONE',  ( 1.000000000000000000, 0.000000000000000000, 0.000000000000000000 ) ) ;
#1910 = ORIENTED_EDGE ( 'NONE', *, *, #2365, .F. ) ;
#1911 = EDGE_CURVE ( 'NONE', #3032, #2619, #667, .T. ) ;
#1912 = EDGE_LOOP ( 'NONE', ( #27, #804, #2931, #1177 ) ) ;
#1913 = CYLINDRICAL_SURFACE ( 'NONE', #1509, 2.549999999999996714 ) ;
#1914 = ORIENTED_EDGE ( 'NONE', *, *, #1671, .F. ) ;
#1915 = EDGE_CURVE ( 'NONE', #1120, #357, #877, .T. ) ;
#1916 = EDGE_LOOP ( 'NONE', ( #759, #1643, #133, #1443 ) ) ;
#1917 =( NAMED_UNIT ( * ) SI_UNIT ( $, .STERADIAN. ) SOLID_ANGLE_UNIT ( ) );
#1918 = AXIS2_PLACEMENT_3D ( 'NONE', #1408, #2953, #752 ) ;
#1919 = AXIS2_PLACEMENT_3D ( 'NONE', #563, #1306, #605 ) ;
#1920 = AXIS2_PLACEMENT_3D ( 'NONE', #2235, #63, #2981 ) ;
#1921 = LINE ( 'NONE', #2642, #2227 ) ;
#1922 = CARTESIAN_POINT ( 'NONE',  ( -1.387778780781445676E-14, -3.848917712323540741E-15, 6.000000000000000000 ) ) ;
#1923 = AXIS2_PLACEMENT_3D ( 'NONE', #290, #1707, #2963 ) ;
#1924 = CIRCLE ( 'NONE', #1664, 1.000000000000000888 ) ;
#1925 = DIRECTION ( 'NONE',  ( 0.000000000000000000, 0.000000000000000000, -1.000000000000000000 ) ) ;
#1926 = PLANE ( 'NONE',  #724 ) ;
#1927 = ORIENTED_EDGE ( 'NONE', *, *, #2612, .F. ) ;
#1928 = VERTEX_POINT ( 'NONE', #2625 ) ;
#1929 = EDGE_CURVE ( 'NONE', #2439, #1138, #43, .T. ) ;
#1930 = CARTESIAN_POINT ( 'NONE',  ( -2.081668171172168513E-14, 28.99999999999997513, 3.000000000000000000 ) ) ;
#1931 = ORIENTED_EDGE ( 'NONE', *, *, #939, .F. ) ;
#1932 = ORIENTED_EDGE ( 'NONE', *, *, #268, .F. ) ;
#1933 = EDGE_CURVE ( 'NONE', #2223, #1719, #1858, .T. ) ;
#1934 = CARTESIAN_POINT ( 'NONE',  ( 64.31857913103713997, 9.034538093589070229, 6.000000000000000000 ) ) ;
#1935 = VERTEX_POINT ( 'NONE', #2416 ) ;
#1936 = DIRECTION ( 'NONE',  ( 0.000000000000000000, 0.000000000000000000, -1.000000000000000000 ) ) ;
#1937 = CARTESIAN_POINT ( 'NONE',  ( 142.3676355977902404, -64.50038205912554190, 3.000000000000000000 ) ) ;
#1938 = EDGE_CURVE ( 'NONE', #594, #1740, #206, .T. ) ;
#1939 = CIRCLE ( 'NONE', #1889, 39.79999999999999005 ) ;
#1940 = CARTESIAN_POINT ( 'NONE',  ( -27.45000000000000284, -1.898202538678392282E-16, 6.000000000000000000 ) ) ;
#1941 = EDGE_CURVE ( 'NONE', #571, #243, #192, .T. ) ;
#1942 = LINE ( 'NONE', #180, #976 ) ;
#1943 = ORIENTED_EDGE ( 'NONE', *, *, #4, .F. ) ;
#1944 = ORIENTED_EDGE ( 'NONE', *, *, #932, .F. ) ;
#1945 = LINE ( 'NONE', #2182, #1152 ) ;
#1946 = VECTOR ( 'NONE', #2775, 1000.000000000000000 ) ;
#1947 = VERTEX_POINT ( 'NONE', #233 ) ;
#1948 = ORIENTED_EDGE ( 'NONE', *, *, #405, .T. ) ;
#1949 = LINE ( 'NONE', #730, #2345 ) ;
#1950 = EDGE_CURVE ( 'NONE', #1328, #84, #3108, .T. ) ;
#1951 = CIRCLE ( 'NONE', #2047, 2.549999999999996714 ) ;
#1952 = EDGE_CURVE ( 'NONE', #1139, #660, #2608, .T. ) ;
#1953 = ORIENTED_EDGE ( 'NONE', *, *, #827, .F. ) ;
#1954 = CARTESIAN_POINT ( 'NONE',  ( 50.00000000000000000, -102.3011057633872269, 3.000000000000000000 ) ) ;
#1955 = CARTESIAN_POINT ( 'NONE',  ( -9.034538093588908581, -64.31857913103716839, 6.000000000000000000 ) ) ;
#1956 = VECTOR ( 'NONE', #1407, 1000.000000000000000 ) ;
#1957 = EDGE_CURVE ( 'NONE', #294, #2803, #911, .T. ) ;
#1958 = ORIENTED_EDGE ( 'NONE', *, *, #2242, .F. ) ;
#1959 = DIRECTION ( 'NONE',  ( 0.7071067811865566766, -0.7071067811865384689, 0.000000000000000000 ) ) ;
#1960 = CYLINDRICAL_SURFACE ( 'NONE', #1243, 39.79999999999999005 ) ;
#1961 = VERTEX_POINT ( 'NONE', #2098 ) ;
#1962 = DIRECTION ( 'NONE',  ( -0.000000000000000000, -0.000000000000000000, 1.000000000000000000 ) ) ;
#1963 = EDGE_LOOP ( 'NONE', ( #509, #2648, #449, #1886 ) ) ;
#1964 = ORIENTED_EDGE ( 'NONE', *, *, #2238, .T. ) ;
#1965 = DIRECTION ( 'NONE',  ( -0.000000000000000000, -0.000000000000000000, 1.000000000000000000 ) ) ;
#1966 = ORIENTED_EDGE ( 'NONE', *, *, #717, .T. ) ;
#1967 = CARTESIAN_POINT ( 'NONE',  ( -22.38817675479871383, 15.96933128205095187, 3.000000000000000000 ) ) ;
#1968 = VECTOR ( 'NONE', #1862, 1000.000000000000000 ) ;
#1969 = ADVANCED_FACE ( 'NONE', ( #2594 ), #2870, .F. ) ;
#1970 = VECTOR ( 'NONE', #1178, 1000.000000000000000 ) ;
#1971 = VERTEX_POINT ( 'NONE', #432 ) ;
#1972 = FACE_OUTER_BOUND ( 'NONE', #1239, .T. ) ;
#1973 = CYLINDRICAL_SURFACE ( 'NONE', #1918, 1.000000000000000888 ) ;
#1974 = ORIENTED_EDGE ( 'NONE', *, *, #2132, .T. ) ;
#1975 = AXIS2_PLACEMENT_3D ( 'NONE', #1482, #1236, #2934 ) ;
#1976 = CARTESIAN_POINT ( 'NONE',  ( 91.23246028348621905, -33.74540418451975654, 3.000000000000000000 ) ) ;
#1977 = CARTESIAN_POINT ( 'NONE',  ( -15.52876795007799693, 25.05199055281859799, 6.000000000000000000 ) ) ;
#1978 = CIRCLE ( 'NONE', #1565, 39.79999999999999005 ) ;
#1979 = ORIENTED_EDGE ( 'NONE', *, *, #1433, .T. ) ;
#1980 = LINE ( 'NONE', #1993, #2721 ) ;
#1981 = ORIENTED_EDGE ( 'NONE', *, *, #1124, .F. ) ;
#1982 = LINE ( 'NONE', #2702, #1271 ) ;
#1983 = ORIENTED_EDGE ( 'NONE', *, *, #542, .F. ) ;
#1984 = DIRECTION ( 'NONE',  ( -1.000000000000000000, 0.000000000000000000, 0.000000000000000000 ) ) ;
#1985 = DIRECTION ( 'NONE',  ( 0.000000000000000000, 0.000000000000000000, -1.000000000000000000 ) ) ;
#1986 = DIRECTION ( 'NONE',  ( -1.000000000000000000, 0.000000000000000000, 0.000000000000000000 ) ) ;
#1987 = ORIENTED_EDGE ( 'NONE', *, *, #153, .F. ) ;
#1988 = DIRECTION ( 'NONE',  ( -0.000000000000000000, -0.000000000000000000, 1.000000000000000000 ) ) ;
#1989 = DIRECTION ( 'NONE',  ( -0.000000000000000000, -0.000000000000000000, 1.000000000000000000 ) ) ;
#1990 = AXIS2_PLACEMENT_3D ( 'NONE', #2945, #1965, #2213 ) ;
#1991 = ORIENTED_EDGE ( 'NONE', *, *, #1142, .F. ) ;
#1992 = CARTESIAN_POINT ( 'NONE',  ( 1.549999999999978950, -28.99999999999998934, 3.000000000000000000 ) ) ;
#1993 = CARTESIAN_POINT ( 'NONE',  ( 25.05199055281856246, 15.52876795007806976, 6.000000000000000000 ) ) ;
#1994 = CIRCLE ( 'NONE', #1681, 30.20000000000000284 ) ;
#1995 = ORIENTED_EDGE ( 'NONE', *, *, #485, .T. ) ;
#1996 = ADVANCED_FACE ( 'NONE', ( #1165 ), #2351, .F. ) ;
#1997 = DIRECTION ( 'NONE',  ( 0.000000000000000000, 0.000000000000000000, -1.000000000000000000 ) ) ;
#1998 = ORIENTED_EDGE ( 'NONE', *, *, #1872, .T. ) ;
#1999 = PLANE ( 'NONE',  #1097 ) ;
#2000 = DIRECTION ( 'NONE',  ( -0.000000000000000000, -0.000000000000000000, 1.000000000000000000 ) ) ;
#2001 = FACE_OUTER_BOUND ( 'NONE', #1683, .T. ) ;
#2002 = ORIENTED_EDGE ( 'NONE', *, *, #2219, .T. ) ;
#2003 = AXIS2_PLACEMENT_3D ( 'NONE', #705, #2682, #2437 ) ;
#2004 = CARTESIAN_POINT ( 'NONE',  ( -2.081668171172168513E-14, -8.131516293641283255E-15, 6.000000000000000000 ) ) ;
#2005 = FACE_OUTER_BOUND ( 'NONE', #1541, .T. ) ;
#2006 = ORIENTED_EDGE ( 'NONE', *, *, #1477, .T. ) ;
#2007 = DIRECTION ( 'NONE',  ( 0.2588190451025292882, -0.9659258262890659807, 0.000000000000000000 ) ) ;
#2008 = EDGE_CURVE ( 'NONE', #882, #2576, #2145, .T. ) ;
#2009 = ORIENTED_EDGE ( 'NONE', *, *, #1076, .F. ) ;
#2010 = DIRECTION ( 'NONE',  ( -1.000000000000000000, 0.000000000000000000, 0.000000000000000000 ) ) ;
#2011 = ADVANCED_FACE ( 'NONE', ( #2887 ), #682, .F. ) ;
#2012 = ORIENTED_EDGE ( 'NONE', *, *, #2296, .F. ) ;
#2013 = DIRECTION ( 'NONE',  ( 0.000000000000000000, 0.000000000000000000, -1.000000000000000000 ) ) ;
#2014 = DIRECTION ( 'NONE',  ( -0.000000000000000000, -0.000000000000000000, 1.000000000000000000 ) ) ;
#2015 = ORIENTED_EDGE ( 'NONE', *, *, #1714, .F. ) ;
#2016 = LINE ( 'NONE', #1568, #1738 ) ;
#2017 = DIRECTION ( 'NONE',  ( 1.000000000000000000, 0.000000000000000000, 0.000000000000000000 ) ) ;
#2018 = AXIS2_PLACEMENT_3D ( 'NONE', #1123, #379, #1867 ) ;
#2019 = AXIS2_PLACEMENT_3D ( 'NONE', #1569, #1352, #127 ) ;
#2020 = ORIENTED_EDGE ( 'NONE', *, *, #915, .F. ) ;
#2021 = DIRECTION ( 'NONE',  ( -1.000000000000000000, 0.000000000000000000, 0.000000000000000000 ) ) ;
#2022 = CARTESIAN_POINT ( 'NONE',  ( 154.5095205269186920, -65.05618350206539446, 3.000000000000000000 ) ) ;
#2023 = AXIS2_PLACEMENT_3D ( 'NONE', #2415, #1936, #2916 ) ;
#2024 = ORIENTED_EDGE ( 'NONE', *, *, #2883, .T. ) ;
#2025 = CYLINDRICAL_SURFACE ( 'NONE', #2095, 25.15000000000001634 ) ;
#2026 = ORIENTED_EDGE ( 'NONE', *, *, #2990, .F. ) ;
#2027 = CARTESIAN_POINT ( 'NONE',  ( 117.3182717785743137, -43.59990455246548180, 6.000000000000000000 ) ) ;
#2028 = LINE ( 'NONE', #3009, #1043 ) ;
#2029 = ADVANCED_FACE ( 'NONE', ( #221 ), #1368, .F. ) ;
#2030 = CYLINDRICAL_SURFACE ( 'NONE', #2633, 2.700000000000004619 ) ;
#2031 = EDGE_CURVE ( 'NONE', #422, #1285, #1198, .T. ) ;
#2032 = ORIENTED_EDGE ( 'NONE', *, *, #1915, .T. ) ;
#2033 = EDGE_CURVE ( 'NONE', #1057, #594, #1869, .T. ) ;
#2034 = FACE_OUTER_BOUND ( 'NONE', #2466, .T. ) ;
#2035 = DIRECTION ( 'NONE',  ( -0.000000000000000000, -0.000000000000000000, 1.000000000000000000 ) ) ;
#2036 = ORIENTED_EDGE ( 'NONE', *, *, #2679, .T. ) ;
#2037 = AXIS2_PLACEMENT_3D ( 'NONE', #1316, #1580, #842 ) ;
#2038 = PLANE ( 'NONE',  #1014 ) ;
#2039 = CIRCLE ( 'NONE', #1060, 39.79999999999999005 ) ;
#2040 = EDGE_LOOP ( 'NONE', ( #2126, #1337, #302, #965 ) ) ;
#2041 = DIRECTION ( 'NONE',  ( 1.000000000000000000, 0.000000000000000000, 0.000000000000000000 ) ) ;
#2042 = EDGE_CURVE ( 'NONE', #2803, #1073, #2069, .T. ) ;
#2043 = DIRECTION ( 'NONE',  ( -0.000000000000000000, -0.000000000000000000, 1.000000000000000000 ) ) ;
#2044 = CARTESIAN_POINT ( 'NONE',  ( -24.90550061809986460, 3.498362325693096686, 6.000000000000000000 ) ) ;
#2045 = CARTESIAN_POINT ( 'NONE',  ( 145.3449025187958057, -40.74898814748384979, 3.000000000000000000 ) ) ;
#2046 = EDGE_CURVE ( 'NONE', #2346, #2935, #765, .T. ) ;
#2047 = AXIS2_PLACEMENT_3D ( 'NONE', #2535, #343, #159 ) ;
#2048 = PRODUCT_DEFINITION_CONTEXT ( 'detailed design', #1023, 'design' ) ;
#2049 = VERTEX_POINT ( 'NONE', #261 ) ;
#2050 = FACE_OUTER_BOUND ( 'NONE', #2596, .T. ) ;
#2051 = CARTESIAN_POINT ( 'NONE',  ( 104.3383953236162682, -4.360866027812660306, 6.000000000000000000 ) ) ;
#2052 = CIRCLE ( 'NONE', #2207, 1.549999999999999822 ) ;
#2053 = ORIENTED_EDGE ( 'NONE', *, *, #3085, .F. ) ;
#2054 = LINE ( 'NONE', #834, #3035 ) ;
#2055 = ORIENTED_EDGE ( 'NONE', *, *, #113, .F. ) ;
#2056 = FACE_OUTER_BOUND ( 'NONE', #1611, .T. ) ;
#2057 = VERTEX_POINT ( 'NONE', #2692 ) ;
#2058 = CARTESIAN_POINT ( 'NONE',  ( -3.498362325693026964, -24.90550061809985394, 6.000000000000000000 ) ) ;
#2059 = CARTESIAN_POINT ( 'NONE',  ( 24.90550061809983262, 3.498362325693098018, 6.000000000000000000 ) ) ;
#2060 = EDGE_CURVE ( 'NONE', #528, #1375, #501, .T. ) ;
#2061 = DIRECTION ( 'NONE',  ( 0.000000000000000000, 0.000000000000000000, -1.000000000000000000 ) ) ;
#2062 = DIRECTION ( 'NONE',  ( 1.000000000000000000, 0.000000000000000000, 0.000000000000000000 ) ) ;
#2063 = ORIENTED_EDGE ( 'NONE', *, *, #577, .T. ) ;
#2064 = EDGE_CURVE ( 'NONE', #1820, #2748, #2897, .T. ) ;
#2065 = CARTESIAN_POINT ( 'NONE',  ( 15.96933128205087193, 22.38817675479873870, 3.000000000000000000 ) ) ;
#2066 = LINE ( 'NONE', #1356, #3129 ) ;
#2067 = AXIS2_PLACEMENT_3D ( 'NONE', #2904, #1150, #3140 ) ;
#2068 = DIRECTION ( 'NONE',  ( 0.000000000000000000, 0.000000000000000000, -1.000000000000000000 ) ) ;
#2069 = CIRCLE ( 'NONE', #687, 1.000000000000000888 ) ;
#2070 = ORIENTED_EDGE ( 'NONE', *, *, #1056, .F. ) ;
#2071 = CYLINDRICAL_SURFACE ( 'NONE', #896, 85.00000000000000000 ) ;
#2073 = EDGE_CURVE ( 'NONE', #2987, #150, #2380, .T. ) ;
#2072 = CARTESIAN_POINT ( 'NONE',  ( -25.05199055281856246, -15.52876795007808042, 3.000000000000000000 ) ) ;
#2074 = CIRCLE ( 'NONE', #1507, 30.20000000000000995 ) ;
#2075 = ORIENTED_EDGE ( 'NONE', *, *, #2187, .F. ) ;
#2076 = AXIS2_PLACEMENT_3D ( 'NONE', #934, #2376, #962 ) ;
#2077 = EDGE_LOOP ( 'NONE', ( #1512, #955, #1525, #426 ) ) ;
#2078 = CARTESIAN_POINT ( 'NONE',  ( 0.000000000000000000, -26.99999999999996092, 6.000000000000000000 ) ) ;
#2079 = LINE ( 'NONE', #859, #1946 ) ;
#2080 = CARTESIAN_POINT ( 'NONE',  ( -22.38817675479869251, -15.96933128205096608, 3.000000000000000000 ) ) ;
#2081 = ORIENTED_EDGE ( 'NONE', *, *, #810, .F. ) ;
#2082 = CYLINDRICAL_SURFACE ( 'NONE', #1891, 33.00000000000000000 ) ;
#2083 = DIRECTION ( 'NONE',  ( 1.000000000000000000, 0.000000000000000000, 0.000000000000000000 ) ) ;
#2084 = ADVANCED_FACE ( 'NONE', ( #2459 ), #1466, .T. ) ;
#2085 = CARTESIAN_POINT ( 'NONE',  ( 24.58628865436075728, 17.53722926247051461, 6.000000000000000000 ) ) ;
#2086 = ADVANCED_FACE ( 'NONE', ( #1972 ), #2951, .F. ) ;
#2087 = ORIENTED_EDGE ( 'NONE', *, *, #2536, .T. ) ;
#2088 = FACE_OUTER_BOUND ( 'NONE', #103, .T. ) ;
#2089 = CYLINDRICAL_SURFACE ( 'NONE', #1114, 39.80000000000000426 ) ;
#2090 = EDGE_LOOP ( 'NONE', ( #713, #728, #398, #2765 ) ) ;
#2091 = EDGE_CURVE ( 'NONE', #380, #851, #1757, .T. ) ;
#2092 = ORIENTED_EDGE ( 'NONE', *, *, #869, .F. ) ;
#2093 = EDGE_CURVE ( 'NONE', #1139, #1700, #1148, .T. ) ;
#2094 = CARTESIAN_POINT ( 'NONE',  ( -15.96933128205089325, 22.38817675479873159, 6.000000000000000000 ) ) ;
#2095 = AXIS2_PLACEMENT_3D ( 'NONE', #2733, #540, #2783 ) ;
#2096 = CARTESIAN_POINT ( 'NONE',  ( 148.7881047748701633, -47.51630602613604992, 6.000000000000000000 ) ) ;
#2097 = VERTEX_POINT ( 'NONE', #984 ) ;
#2098 = CARTESIAN_POINT ( 'NONE',  ( 40.73806374102134953, -16.02055162493982365, 6.000000000000000000 ) ) ;
#2099 = AXIS2_PLACEMENT_3D ( 'NONE', #339, #82, #1049 ) ;
#2100 = ORIENTED_EDGE ( 'NONE', *, *, #2362, .F. ) ;
#2101 = CARTESIAN_POINT ( 'NONE',  ( 24.58628865436075728, 17.53722926247051461, 6.000000000000000000 ) ) ;
#2102 = LINE ( 'NONE', #3013, #2305 ) ;
#2103 = CIRCLE ( 'NONE', #2356, 2.700000000000004619 ) ;
#2104 = DIRECTION ( 'NONE',  ( -0.000000000000000000, -0.000000000000000000, 1.000000000000000000 ) ) ;
#2105 = ORIENTED_EDGE ( 'NONE', *, *, #2150, .F. ) ;
#2106 = CARTESIAN_POINT ( 'NONE',  ( 159.6095205269186863, -65.05618350206539446, 8.000000000000000000 ) ) ;
#2107 = CARTESIAN_POINT ( 'NONE',  ( 132.3489297065997619, -52.64001342421275353, 6.000000000000000000 ) ) ;
#2108 = ORIENTED_EDGE ( 'NONE', *, *, #1161, .F. ) ;
#2109 = VERTEX_POINT ( 'NONE', #2964 ) ;
#2110 = EDGE_CURVE ( 'NONE', #1928, #2803, #1000, .T. ) ;
#2111 = SURFACE_SIDE_STYLE ('',( #381 ) ) ;
#2112 = CARTESIAN_POINT ( 'NONE',  ( 104.7864001143407791, -5.194713309355808661, 6.000000000000000000 ) ) ;
#2113 = DIRECTION ( 'NONE',  ( -0.000000000000000000, -0.000000000000000000, 1.000000000000000000 ) ) ;
#2114 = ORIENTED_EDGE ( 'NONE', *, *, #1797, .T. ) ;
#2115 = FACE_OUTER_BOUND ( 'NONE', #1040, .T. ) ;
#2116 = DIRECTION ( 'NONE',  ( -0.9456581578069068739, -0.3251624956437123015, -0.000000000000000000 ) ) ;
#2117 = ORIENTED_EDGE ( 'NONE', *, *, #2008, .T. ) ;
#2118 = DIRECTION ( 'NONE',  ( 0.000000000000000000, 0.000000000000000000, -1.000000000000000000 ) ) ;
#2119 = ORIENTED_EDGE ( 'NONE', *, *, #2420, .F. ) ;
#2120 = EDGE_LOOP ( 'NONE', ( #413, #2117, #2734, #2020 ) ) ;
#2121 = AXIS2_PLACEMENT_3D ( 'NONE', #2830, #2340, #1590 ) ;
#2122 = VECTOR ( 'NONE', #3075, 1000.000000000000000 ) ;
#2123 = CARTESIAN_POINT ( 'NONE',  ( 86.99472106095397805, -23.40060592511613891, 6.000000000000000000 ) ) ;
#2124 = CARTESIAN_POINT ( 'NONE',  ( 70.80101015711112211, 11.92107444759049173, 6.000000000000000000 ) ) ;
#2125 = CIRCLE ( 'NONE', #841, 1.000000000000000888 ) ;
#2126 = ORIENTED_EDGE ( 'NONE', *, *, #673, .F. ) ;
#2127 = CIRCLE ( 'NONE', #2947, 79.99999999999998579 ) ;
#2128 = DIRECTION ( 'NONE',  ( -0.2588190451025380590, 0.9659258262890636493, 0.000000000000000000 ) ) ;
#2129 = VECTOR ( 'NONE', #2342, 1000.000000000000000 ) ;
#2130 = CARTESIAN_POINT ( 'NONE',  ( 63.46242926466707956, 15.18909527294460382, 3.000000000000000000 ) ) ;
#2131 = DIRECTION ( 'NONE',  ( -0.000000000000000000, -0.000000000000000000, 1.000000000000000000 ) ) ;
#2132 = EDGE_CURVE ( 'NONE', #919, #2891, #2688, .T. ) ;
#2133 = DIRECTION ( 'NONE',  ( -0.9659258262890659807, -0.2588190451025292882, 0.000000000000000000 ) ) ;
#2134 = CARTESIAN_POINT ( 'NONE',  ( 149.7879448909115183, -47.53418736709353709, 6.000000000000000000 ) ) ;
#2135 = DIRECTION ( 'NONE',  ( 1.000000000000000000, 0.000000000000000000, 0.000000000000000000 ) ) ;
#2136 = ORIENTED_EDGE ( 'NONE', *, *, #1420, .F. ) ;
#2137 = FACE_OUTER_BOUND ( 'NONE', #1362, .T. ) ;
#2138 = DIRECTION ( 'NONE',  ( 0.000000000000000000, 0.000000000000000000, -1.000000000000000000 ) ) ;
#2139 = ORIENTED_EDGE ( 'NONE', *, *, #168, .F. ) ;
#2140 = LINE ( 'NONE', #2158, #1528 ) ;
#2141 = ORIENTED_EDGE ( 'NONE', *, *, #1076, .T. ) ;
#2142 = CARTESIAN_POINT ( 'NONE',  ( -3.498362325693052721, 24.90550061809983973, 3.000000000000000000 ) ) ;
#2143 = CIRCLE ( 'NONE', #862, 1.549999999999999822 ) ;
#2144 = EDGE_CURVE ( 'NONE', #2576, #1781, #1713, .T. ) ;
#2145 = LINE ( 'NONE', #3124, #1039 ) ;
#2146 = EDGE_CURVE ( 'NONE', #163, #48, #1017, .T. ) ;
#2147 = AXIS2_PLACEMENT_3D ( 'NONE', #1806, #3056, #2810 ) ;
#2148 = DIRECTION ( 'NONE',  ( 1.000000000000000000, 0.000000000000000000, 0.000000000000000000 ) ) ;
#2149 = CARTESIAN_POINT ( 'NONE',  ( 10.73036235624257806, -31.20671920762786655, 3.000000000000000000 ) ) ;
#2150 = EDGE_CURVE ( 'NONE', #578, #48, #3097, .T. ) ;
#2151 = CIRCLE ( 'NONE', #768, 1.549999999999999822 ) ;
#2152 = DIRECTION ( 'NONE',  ( -1.000000000000000000, 0.000000000000000000, 0.000000000000000000 ) ) ;
#2153 = ORIENTED_EDGE ( 'NONE', *, *, #1522, .F. ) ;
#2154 = ORIENTED_EDGE ( 'NONE', *, *, #2146, .T. ) ;
#2155 = DIRECTION ( 'NONE',  ( 1.000000000000000000, 0.000000000000000000, 0.000000000000000000 ) ) ;
#2156 = VERTEX_POINT ( 'NONE', #1255 ) ;
#2157 = VERTEX_POINT ( 'NONE', #1937 ) ;
#2158 = CARTESIAN_POINT ( 'NONE',  ( 25.05199055281854470, -15.52876795007806088, 6.000000000000000000 ) ) ;
#2159 = EDGE_LOOP ( 'NONE', ( #1931, #2590, #1353, #1319, #642, #2200, #129 ) ) ;
#2160 = LINE ( 'NONE', #189, #2848 ) ;
#2161 = DIRECTION ( 'NONE',  ( 0.8569462697358433134, -0.5154057535435778714, 0.000000000000000000 ) ) ;
#2162 = DIRECTION ( 'NONE',  ( 1.000000000000000000, 0.000000000000000000, 0.000000000000000000 ) ) ;
#2163 = DIRECTION ( 'NONE',  ( -0.2588190451025359495, 0.9659258262890642044, 0.000000000000000000 ) ) ;
#2164 = DIRECTION ( 'NONE',  ( -0.000000000000000000, -0.000000000000000000, 1.000000000000000000 ) ) ;
#2165 = ORIENTED_EDGE ( 'NONE', *, *, #2632, .F. ) ;
#2166 = ORIENTED_EDGE ( 'NONE', *, *, #58, .F. ) ;
#2167 = CARTESIAN_POINT ( 'NONE',  ( 165.4995305801830341, -59.69276758487259116, 3.000000000000000000 ) ) ;
#2168 = ORIENTED_EDGE ( 'NONE', *, *, #2183, .F. ) ;
#2169 = CARTESIAN_POINT ( 'NONE',  ( 124.1184637291632527, -46.87958315902878326, 6.000000000000000000 ) ) ;
#2170 = EDGE_CURVE ( 'NONE', #1740, #1002, #991, .T. ) ;
#2171 = VECTOR ( 'NONE', #1881, 1000.000000000000000 ) ;
#2172 = AXIS2_PLACEMENT_3D ( 'NONE', #2402, #1677, #941 ) ;
#2173 = AXIS2_PLACEMENT_3D ( 'NONE', #843, #1535, #574 ) ;
#2174 = EDGE_LOOP ( 'NONE', ( #695, #1209, #1778, #2373 ) ) ;
#2175 = CARTESIAN_POINT ( 'NONE',  ( 145.5826175290322340, -41.39622967456715941, 6.000000000000000000 ) ) ;
#2176 = CARTESIAN_POINT ( 'NONE',  ( 103.7864001143407648, -5.194713309355808661, 6.000000000000000000 ) ) ;
#2177 = CIRCLE ( 'NONE', #197, 85.00000000000000000 ) ;
#2178 = CARTESIAN_POINT ( 'NONE',  ( -1.387778780781445676E-14, -4.065758146820641628E-15, 6.000000000000000000 ) ) ;
#2179 = DIRECTION ( 'NONE',  ( 1.000000000000000000, 0.000000000000000000, 0.000000000000000000 ) ) ;
#2180 = ORIENTED_EDGE ( 'NONE', *, *, #2820, .T. ) ;
#2181 = EDGE_LOOP ( 'NONE', ( #1661, #214, #1347, #481 ) ) ;
#2182 = CARTESIAN_POINT ( 'NONE',  ( 1.414573065044561151, 32.98332254088345650, 3.000000000000000000 ) ) ;
#2183 = EDGE_CURVE ( 'NONE', #84, #1249, #335, .T. ) ;
#2184 = EDGE_CURVE ( 'NONE', #2097, #2410, #2918, .T. ) ;
#2185 = ORIENTED_EDGE ( 'NONE', *, *, #622, .T. ) ;
#2186 = CARTESIAN_POINT ( 'NONE',  ( 15.96933128205087193, 22.38817675479873870, 6.000000000000000000 ) ) ;
#2187 = EDGE_CURVE ( 'NONE', #2237, #2898, #1812, .T. ) ;
#2188 = EDGE_CURVE ( 'NONE', #2767, #136, #1246, .T. ) ;
#2189 = EDGE_LOOP ( 'NONE', ( #2053, #487, #703, #726 ) ) ;
#2190 = DIRECTION ( 'NONE',  ( -0.000000000000000000, -0.000000000000000000, 1.000000000000000000 ) ) ;
#2191 = DIRECTION ( 'NONE',  ( 0.000000000000000000, 0.000000000000000000, -1.000000000000000000 ) ) ;
#2192 = ORIENTED_EDGE ( 'NONE', *, *, #2455, .T. ) ;
#2193 = CIRCLE ( 'NONE', #1779, 1.549999999999999822 ) ;
#2194 = LINE ( 'NONE', #1715, #119 ) ;
#2195 = DIRECTION ( 'NONE',  ( 1.000000000000000000, 0.000000000000000000, 0.000000000000000000 ) ) ;
#2196 = AXIS2_PLACEMENT_3D ( 'NONE', #609, #2289, #1543 ) ;
#2197 = CARTESIAN_POINT ( 'NONE',  ( 10.73036235624257806, -31.20671920762786655, 6.000000000000000000 ) ) ;
#2198 = DIRECTION ( 'NONE',  ( 0.000000000000000000, 0.000000000000000000, -1.000000000000000000 ) ) ;
#2199 = EDGE_CURVE ( 'NONE', #1700, #3084, #95, .T. ) ;
#2200 = ORIENTED_EDGE ( 'NONE', *, *, #2753, .F. ) ;
#2201 = DIRECTION ( 'NONE',  ( 0.000000000000000000, 0.000000000000000000, -1.000000000000000000 ) ) ;
#2202 = CIRCLE ( 'NONE', #266, 200.0000000000000000 ) ;
#2203 = EDGE_CURVE ( 'NONE', #2097, #2464, #2125, .T. ) ;
#2204 = ORIENTED_EDGE ( 'NONE', *, *, #2715, .T. ) ;
#2205 = DIRECTION ( 'NONE',  ( -0.000000000000000000, -0.000000000000000000, 1.000000000000000000 ) ) ;
#2206 = CARTESIAN_POINT ( 'NONE',  ( 78.31047753978495507, -22.15426015191397724, 6.000000000000000000 ) ) ;
#2207 = AXIS2_PLACEMENT_3D ( 'NONE', #452, #194, #3127 ) ;
#2208 = LINE ( 'NONE', #38, #613 ) ;
#2209 = CARTESIAN_POINT ( 'NONE',  ( 115.4619410966793254, -14.57300087773089992, 6.000000000000000000 ) ) ;
#2210 = ORIENTED_EDGE ( 'NONE', *, *, #272, .T. ) ;
#2211 = CARTESIAN_POINT ( 'NONE',  ( 1.024880689364709403E-14, 2.168016842886885245E-15, 3.000000000000000000 ) ) ;
#2212 = ORIENTED_EDGE ( 'NONE', *, *, #831, .T. ) ;
#2213 = DIRECTION ( 'NONE',  ( 1.000000000000000000, 0.000000000000000000, 0.000000000000000000 ) ) ;
#2214 = ORIENTED_EDGE ( 'NONE', *, *, #2730, .T. ) ;
#2215 = DIRECTION ( 'NONE',  ( 0.000000000000000000, 0.000000000000000000, -1.000000000000000000 ) ) ;
#2216 = AXIS2_PLACEMENT_3D ( 'NONE', #629, #344, #581 ) ;
#2217 = AXIS2_PLACEMENT_3D ( 'NONE', #2743, #2463, #2195 ) ;
#2218 = CARTESIAN_POINT ( 'NONE',  ( 10.73036235624257806, -31.20671920762786655, 3.000000000000000000 ) ) ;
#2219 = EDGE_CURVE ( 'NONE', #419, #2576, #2531, .T. ) ;
#2220 = ADVANCED_FACE ( 'NONE', ( #573 ), #1046, .F. ) ;
#2221 = DIRECTION ( 'NONE',  ( -0.000000000000000000, -0.000000000000000000, 1.000000000000000000 ) ) ;
#2222 = EDGE_CURVE ( 'NONE', #2237, #1289, #122, .T. ) ;
#2223 = VERTEX_POINT ( 'NONE', #1074 ) ;
#2224 = VECTOR ( 'NONE', #1550, 1000.000000000000000 ) ;
#2225 = CARTESIAN_POINT ( 'NONE',  ( 41.44517052220790276, -16.72765840612637334, 3.000000000000000000 ) ) ;
#2226 = DIRECTION ( 'NONE',  ( 1.000000000000000000, 0.000000000000000000, 0.000000000000000000 ) ) ;
#2227 = VECTOR ( 'NONE', #1888, 1000.000000000000000 ) ;
#2228 = AXIS2_PLACEMENT_3D ( 'NONE', #2735, #2980, #631 ) ;
#2229 = CARTESIAN_POINT ( 'NONE',  ( -24.58628865436077149, 17.53722926247049685, 6.000000000000000000 ) ) ;
#2230 = CYLINDRICAL_SURFACE ( 'NONE', #1845, 1.549999999999999378 ) ;
#2231 = VERTEX_POINT ( 'NONE', #2027 ) ;
#2232 = CARTESIAN_POINT ( 'NONE',  ( 148.7881047748701633, -47.51630602613604992, 6.000000000000000000 ) ) ;
#2233 = ORIENTED_EDGE ( 'NONE', *, *, #618, .F. ) ;
#2234 = CARTESIAN_POINT ( 'NONE',  ( 118.8336775321179033, -42.74295828272965991, 3.000000000000000000 ) ) ;
#2235 = CARTESIAN_POINT ( 'NONE',  ( 31.00000000000001066, -17.27333399172260187, 3.000000000000000000 ) ) ;
#2236 = DIRECTION ( 'NONE',  ( 1.000000000000000000, 0.000000000000000000, 0.000000000000000000 ) ) ;
#2237 = VERTEX_POINT ( 'NONE', #796 ) ;
#2238 = EDGE_CURVE ( 'NONE', #2676, #517, #1058, .T. ) ;
#2239 = DIRECTION ( 'NONE',  ( 0.000000000000000000, 0.000000000000000000, -1.000000000000000000 ) ) ;
#2240 = DIRECTION ( 'NONE',  ( 1.000000000000000000, 0.000000000000000000, 0.000000000000000000 ) ) ;
#2241 = ORIENTED_EDGE ( 'NONE', *, *, #989, .F. ) ;
#2242 = EDGE_CURVE ( 'NONE', #1818, #19, #2193, .T. ) ;
#2243 = EDGE_LOOP ( 'NONE', ( #923, #1204, #1775, #1384 ) ) ;
#2244 = DIRECTION ( 'NONE',  ( 0.000000000000000000, 0.000000000000000000, -1.000000000000000000 ) ) ;
#2245 = VERTEX_POINT ( 'NONE', #3019 ) ;
#2246 = FACE_BOUND ( 'NONE', #978, .T. ) ;
#2247 = CIRCLE ( 'NONE', #2506, 1.000000000000000888 ) ;
#2248 = AXIS2_PLACEMENT_3D ( 'NONE', #2225, #54, #2433 ) ;
#2249 = ORIENTED_EDGE ( 'NONE', *, *, #719, .F. ) ;
#2250 = DIRECTION ( 'NONE',  ( 1.000000000000000000, 0.000000000000000000, 0.000000000000000000 ) ) ;
#2251 = CARTESIAN_POINT ( 'NONE',  ( 78.64354198142949315, -21.21135608589663946, 3.000000000000000000 ) ) ;
#2252 = AXIS2_PLACEMENT_3D ( 'NONE', #1427, #2394, #904 ) ;
#2253 = ORIENTED_EDGE ( 'NONE', *, *, #2990, .T. ) ;
#2254 = CIRCLE ( 'NONE', #177, 25.15000000000001634 ) ;
#2255 = CARTESIAN_POINT ( 'NONE',  ( -2.081668171172168513E-14, -28.99999999999998934, 3.000000000000000000 ) ) ;
#2256 = DIRECTION ( 'NONE',  ( 0.000000000000000000, 0.000000000000000000, -1.000000000000000000 ) ) ;
#2257 = EDGE_CURVE ( 'NONE', #253, #2650, #963, .T. ) ;
#2258 = ORIENTED_EDGE ( 'NONE', *, *, #1238, .F. ) ;
#2259 = ORIENTED_EDGE ( 'NONE', *, *, #1797, .F. ) ;
#2260 = CARTESIAN_POINT ( 'NONE',  ( -29.00000000000000000, 0.000000000000000000, 3.000000000000000000 ) ) ;
#2261 = ADVANCED_FACE ( 'NONE', ( #1784 ), #2786, .F. ) ;
#2262 = EDGE_LOOP ( 'NONE', ( #231, #2055, #1027, #157 ) ) ;
#2263 = DIRECTION ( 'NONE',  ( 1.000000000000000000, 0.000000000000000000, 0.000000000000000000 ) ) ;
#2264 = ADVANCED_FACE ( 'NONE', ( #857 ), #2299, .F. ) ;
#2265 = ORIENTED_EDGE ( 'NONE', *, *, #1772, .F. ) ;
#2266 = FILL_AREA_STYLE_COLOUR ( '', #2652 ) ;
#2267 = FACE_OUTER_BOUND ( 'NONE', #506, .T. ) ;
#2268 = CIRCLE ( 'NONE', #2527, 85.00000000000000000 ) ;
#2269 = AXIS2_PLACEMENT_3D ( 'NONE', #484, #770, #2240 ) ;
#2270 = CARTESIAN_POINT ( 'NONE',  ( 117.3182717785743137, -43.59990455246549601, 3.000000000000000000 ) ) ;
#2271 = DIRECTION ( 'NONE',  ( -0.000000000000000000, -0.000000000000000000, 1.000000000000000000 ) ) ;
#2272 = VECTOR ( 'NONE', #1434, 1000.000000000000000 ) ;
#2273 = ORIENTED_EDGE ( 'NONE', *, *, #3109, .F. ) ;
#2274 = AXIS2_PLACEMENT_3D ( 'NONE', #418, #3073, #909 ) ;
#2275 = DIRECTION ( 'NONE',  ( 1.000000000000000000, 0.000000000000000000, 0.000000000000000000 ) ) ;
#2276 = FACE_BOUND ( 'NONE', #982, .T. ) ;
#2277 = AXIS2_PLACEMENT_3D ( 'NONE', #1967, #2205, #9 ) ;
#2278 = ORIENTED_EDGE ( 'NONE', *, *, #2800, .F. ) ;
#2279 = ADVANCED_FACE ( 'NONE', ( #1819 ), #2559, .F. ) ;
#2280 = CARTESIAN_POINT ( 'NONE',  ( 132.0595205269187034, -81.63930745384240595, 6.000000000000000000 ) ) ;
#2281 = ORIENTED_EDGE ( 'NONE', *, *, #1232, .T. ) ;
#2282 = ORIENTED_EDGE ( 'NONE', *, *, #869, .T. ) ;
#2283 = EDGE_CURVE ( 'NONE', #2057, #3042, #2317, .T. ) ;
#2284 = CARTESIAN_POINT ( 'NONE',  ( 69.83508433082205613, 11.66225540248796122, 6.000000000000000000 ) ) ;
#2285 = DIRECTION ( 'NONE',  ( 1.000000000000000000, 0.000000000000000000, 0.000000000000000000 ) ) ;
#2286 = FACE_OUTER_BOUND ( 'NONE', #1963, .T. ) ;
#2287 = DIRECTION ( 'NONE',  ( -0.000000000000000000, -0.000000000000000000, 1.000000000000000000 ) ) ;
#2288 = ORIENTED_EDGE ( 'NONE', *, *, #2954, .T. ) ;
#2289 = DIRECTION ( 'NONE',  ( -0.000000000000000000, -0.000000000000000000, 1.000000000000000000 ) ) ;
#2290 = FACE_BOUND ( 'NONE', #2991, .T. ) ;
#2291 = DIRECTION ( 'NONE',  ( -0.000000000000000000, -0.000000000000000000, 1.000000000000000000 ) ) ;
#2292 = ORIENTED_EDGE ( 'NONE', *, *, #1354, .T. ) ;
#2293 = AXIS2_PLACEMENT_3D ( 'NONE', #1934, #981, #45 ) ;
#2294 = DIRECTION ( 'NONE',  ( 0.000000000000000000, 0.000000000000000000, -1.000000000000000000 ) ) ;
#2295 = ORIENTED_EDGE ( 'NONE', *, *, #2654, .T. ) ;
#2296 = EDGE_CURVE ( 'NONE', #2359, #2700, #2760, .T. ) ;
#2297 = PRODUCT_DEFINITION_SHAPE ( 'NONE', 'NONE',  #2490 ) ;
#2298 = ORIENTED_EDGE ( 'NONE', *, *, #140, .T. ) ;
#2299 = CYLINDRICAL_SURFACE ( 'NONE', #2037, 1.000000000000000888 ) ;
#2300 = AXIS2_PLACEMENT_3D ( 'NONE', #2178, #783, #1225 ) ;
#2301 = APPLICATION_PROTOCOL_DEFINITION ( 'draft international standard', 'automotive_design', 1998, #1905 ) ;
#2302 = EDGE_CURVE ( 'NONE', #2553, #2410, #1834, .T. ) ;
#2303 = CARTESIAN_POINT ( 'NONE',  ( 3.498362325693028740, -24.90550061809984683, 6.000000000000000000 ) ) ;
#2304 = DIRECTION ( 'NONE',  ( 1.000000000000000000, 0.000000000000000000, 0.000000000000000000 ) ) ;
#2305 = VECTOR ( 'NONE', #1311, 1000.000000000000000 ) ;
#2306 = EDGE_LOOP ( 'NONE', ( #3069, #2784, #1115, #327 ) ) ;
#2307 = EDGE_CURVE ( 'NONE', #851, #1313, #860, .T. ) ;
#2308 = CARTESIAN_POINT ( 'NONE',  ( -3.300670485103986973, -166.9610859287278686, 6.000000000000000000 ) ) ;
#2309 = DIRECTION ( 'NONE',  ( 1.000000000000000000, 0.000000000000000000, 0.000000000000000000 ) ) ;
#2310 = DIRECTION ( 'NONE',  ( 1.000000000000000000, 0.000000000000000000, 0.000000000000000000 ) ) ;
#2311 = EDGE_CURVE ( 'NONE', #489, #1523, #1111, .T. ) ;
#2312 = VERTEX_POINT ( 'NONE', #324 ) ;
#2313 = CARTESIAN_POINT ( 'NONE',  ( -3.300670485103986973, -166.9610859287278686, 3.000000000000000000 ) ) ;
#2314 = CARTESIAN_POINT ( 'NONE',  ( 109.9881959686450301, -9.599519172849722892, 6.000000000000000000 ) ) ;
#2315 = ORIENTED_EDGE ( 'NONE', *, *, #467, .T. ) ;
#2316 = ORIENTED_EDGE ( 'NONE', *, *, #2417, .T. ) ;
#2317 = LINE ( 'NONE', #2995, #462 ) ;
#2318 = MANIFOLD_SOLID_BREP ( '¾µÏò1', #1530 ) ;
#2319 = DIRECTION ( 'NONE',  ( -0.000000000000000000, -0.000000000000000000, 1.000000000000000000 ) ) ;
#2320 = CARTESIAN_POINT ( 'NONE',  ( -22.38817675479871383, 15.96933128205095187, 6.000000000000000000 ) ) ;
#2321 = EDGE_CURVE ( 'NONE', #1719, #1089, #2247, .T. ) ;
#2322 = ORIENTED_EDGE ( 'NONE', *, *, #1414, .T. ) ;
#2323 = PLANE ( 'NONE',  #1113 ) ;
#2324 = CARTESIAN_POINT ( 'NONE',  ( -22.38817675479871383, 15.96933128205095187, 6.000000000000000000 ) ) ;
#2325 = ADVANCED_FACE ( 'NONE', ( #2334 ), #2866, .F. ) ;
#2326 = AXIS2_PLACEMENT_3D ( 'NONE', #2474, #2461, #53 ) ;
#2327 = AXIS2_PLACEMENT_3D ( 'NONE', #175, #2113, #3091 ) ;
#2328 = CARTESIAN_POINT ( 'NONE',  ( -30.55000000000000071, 0.000000000000000000, 6.000000000000000000 ) ) ;
#2329 = ADVANCED_FACE ( 'NONE', ( #2884 ), #1109, .F. ) ;
#2330 = ORIENTED_EDGE ( 'NONE', *, *, #2091, .T. ) ;
#2331 = CARTESIAN_POINT ( 'NONE',  ( 132.8643354601433373, -51.78306715447691033, 6.000000000000000000 ) ) ;
#2332 = DIRECTION ( 'NONE',  ( 0.8569462697358433134, -0.5154057535435778714, 0.000000000000000000 ) ) ;
#2333 = ORIENTED_EDGE ( 'NONE', *, *, #2423, .T. ) ;
#2334 = FACE_OUTER_BOUND ( 'NONE', #277, .T. ) ;
#2335 = DIRECTION ( 'NONE',  ( -1.000000000000000000, 0.000000000000000000, 0.000000000000000000 ) ) ;
#2336 = DIRECTION ( 'NONE',  ( 0.000000000000000000, 0.000000000000000000, -1.000000000000000000 ) ) ;
#2337 = VERTEX_POINT ( 'NONE', #1628 ) ;
#2338 = FACE_OUTER_BOUND ( 'NONE', #1912, .T. ) ;
#2339 = CARTESIAN_POINT ( 'NONE',  ( 79.64354198142947894, -21.21135608589663946, 3.000000000000000000 ) ) ;
#2340 = DIRECTION ( 'NONE',  ( 0.000000000000000000, 0.000000000000000000, -1.000000000000000000 ) ) ;
#2341 = ORIENTED_EDGE ( 'NONE', *, *, #800, .F. ) ;
#2342 = DIRECTION ( 'NONE',  ( 0.000000000000000000, 0.000000000000000000, -1.000000000000000000 ) ) ;
#2343 = DIRECTION ( 'NONE',  ( 0.2588190451025292882, -0.9659258262890659807, 0.000000000000000000 ) ) ;
#2344 = ORIENTED_EDGE ( 'NONE', *, *, #1733, .F. ) ;
#2345 = VECTOR ( 'NONE', #460, 1000.000000000000000 ) ;
#2346 = VERTEX_POINT ( 'NONE', #2850 ) ;
#2347 = EDGE_LOOP ( 'NONE', ( #2108, #2253, #2210, #1187 ) ) ;
#2348 = CARTESIAN_POINT ( 'NONE',  ( 116.4278669229684482, -14.31418183262834987, 6.000000000000000000 ) ) ;
#2349 = AXIS2_PLACEMENT_3D ( 'NONE', #2404, #3141, #2148 ) ;
#2350 = CARTESIAN_POINT ( 'NONE',  ( 25.08817675479870957, 15.96933128205094832, 6.000000000000000000 ) ) ;
#2351 = CYLINDRICAL_SURFACE ( 'NONE', #1763, 1.000000000000000888 ) ;
#2352 = AXIS2_PLACEMENT_3D ( 'NONE', #1906, #451, #2162 ) ;
#2353 = VERTEX_POINT ( 'NONE', #1382 ) ;
#2354 = CARTESIAN_POINT ( 'NONE',  ( 132.3489297065997619, -52.64001342421275353, 3.000000000000000000 ) ) ;
#2355 = CARTESIAN_POINT ( 'NONE',  ( 117.8336775321179033, -42.74295828272965991, 6.000000000000000000 ) ) ;
#2356 = AXIS2_PLACEMENT_3D ( 'NONE', #2324, #1807, #1844 ) ;
#2357 = DIRECTION ( 'NONE',  ( -0.2588190451025359495, 0.9659258262890642044, 0.000000000000000000 ) ) ;
#2358 = EDGE_LOOP ( 'NONE', ( #439, #564, #2081, #399 ) ) ;
#2359 = VERTEX_POINT ( 'NONE', #3071 ) ;
#2360 = CARTESIAN_POINT ( 'NONE',  ( -64.31857913103715418, -9.034538093589127072, 6.000000000000000000 ) ) ;
#2361 = LINE ( 'NONE', #2833, #761 ) ;
#2362 = EDGE_CURVE ( 'NONE', #2353, #1749, #64, .T. ) ;
#2363 = ORIENTED_EDGE ( 'NONE', *, *, #1056, .T. ) ;
#2364 =( LENGTH_UNIT ( ) NAMED_UNIT ( * ) SI_UNIT ( .MILLI., .METRE. ) );
#2365 = EDGE_CURVE ( 'NONE', #334, #2767, #3105, .T. ) ;
#2366 = LINE ( 'NONE', #2112, #2431 ) ;
#2367 = DIRECTION ( 'NONE',  ( 0.000000000000000000, 0.000000000000000000, -1.000000000000000000 ) ) ;
#2368 = ADVANCED_FACE ( 'NONE', ( #1612 ), #2640, .F. ) ;
#2369 = CYLINDRICAL_SURFACE ( 'NONE', #513, 2.700000000000011280 ) ;
#2370 = DIRECTION ( 'NONE',  ( 0.000000000000000000, 0.000000000000000000, -1.000000000000000000 ) ) ;
#2371 = DIRECTION ( 'NONE',  ( 1.000000000000000000, 0.000000000000000000, 0.000000000000000000 ) ) ;
#2372 = ORIENTED_EDGE ( 'NONE', *, *, #1832, .F. ) ;
#2373 = ORIENTED_EDGE ( 'NONE', *, *, #387, .T. ) ;
#2374 = AXIS2_PLACEMENT_3D ( 'NONE', #946, #2118, #436 ) ;
#2375 = AXIS2_PLACEMENT_3D ( 'NONE', #1647, #404, #1402 ) ;
#2376 = DIRECTION ( 'NONE',  ( -0.000000000000000000, -0.000000000000000000, 1.000000000000000000 ) ) ;
#2377 = LINE ( 'NONE', #884, #2966 ) ;
#2378 = ORIENTED_EDGE ( 'NONE', *, *, #2146, .F. ) ;
#2379 = VECTOR ( 'NONE', #589, 1000.000000000000000 ) ;
#2380 = CIRCLE ( 'NONE', #287, 1.000000000000014655 ) ;
#2381 = ADVANCED_FACE ( 'NONE', ( #2835 ), #430, .F. ) ;
#2382 = ORIENTED_EDGE ( 'NONE', *, *, #3067, .T. ) ;
#2383 = VECTOR ( 'NONE', #3139, 1000.000000000000000 ) ;
#2384 = DIRECTION ( 'NONE',  ( 0.000000000000000000, 0.000000000000000000, -1.000000000000000000 ) ) ;
#2385 = AXIS2_PLACEMENT_3D ( 'NONE', #151, #3082, #1105 ) ;
#2386 = EDGE_CURVE ( 'NONE', #1641, #2553, #1656, .T. ) ;
#2387 = DIRECTION ( 'NONE',  ( -0.000000000000000000, -0.000000000000000000, 1.000000000000000000 ) ) ;
#2388 = CARTESIAN_POINT ( 'NONE',  ( 91.09006219929476345, -26.37633259864080770, 6.000000000000000000 ) ) ;
#2389 = FACE_OUTER_BOUND ( 'NONE', #1044, .T. ) ;
#2390 = CARTESIAN_POINT ( 'NONE',  ( 24.90550061809982907, -3.498362325693084252, 3.000000000000000000 ) ) ;
#2391 = CARTESIAN_POINT ( 'NONE',  ( -24.90550061809985394, -3.498362325693098906, 3.000000000000000000 ) ) ;
#2392 = VERTEX_POINT ( 'NONE', #1160 ) ;
#2393 = ORIENTED_EDGE ( 'NONE', *, *, #1941, .F. ) ;
#2394 = DIRECTION ( 'NONE',  ( -0.000000000000000000, -0.000000000000000000, 1.000000000000000000 ) ) ;
#2395 = EDGE_LOOP ( 'NONE', ( #1510, #1688, #980, #689 ) ) ;
#2396 = EDGE_LOOP ( 'NONE', ( #1234, #429, #2288, #1010 ) ) ;
#2397 = CARTESIAN_POINT ( 'NONE',  ( 148.5292857297676505, -46.55038019984699815, 6.000000000000000000 ) ) ;
#2398 = EDGE_CURVE ( 'NONE', #2827, #2748, #2140, .T. ) ;
#2399 = VECTOR ( 'NONE', #1303, 1000.000000000000000 ) ;
#2400 = LINE ( 'NONE', #1350, #2480 ) ;
#2401 = CIRCLE ( 'NONE', #2293, 39.79999999999999005 ) ;
#2402 = CARTESIAN_POINT ( 'NONE',  ( 78.64354198142949315, -21.21135608589663946, 6.000000000000000000 ) ) ;
#2403 = EDGE_CURVE ( 'NONE', #2891, #37, #1939, .T. ) ;
#2404 = CARTESIAN_POINT ( 'NONE',  ( 0.000000000000000000, 0.000000000000000000, 6.000000000000000000 ) ) ;
#2405 = DIRECTION ( 'NONE',  ( 0.000000000000000000, 0.000000000000000000, -1.000000000000000000 ) ) ;
#2406 = CIRCLE ( 'NONE', #2300, 25.15000000000000568 ) ;
#2407 = CARTESIAN_POINT ( 'NONE',  ( 23.98700034850283913, -26.64845313883475342, 3.000000000000000000 ) ) ;
#2408 = VERTEX_POINT ( 'NONE', #2397 ) ;
#2409 = DIRECTION ( 'NONE',  ( 0.8569462697358433134, -0.5154057535435778714, 0.000000000000000000 ) ) ;
#2410 = VERTEX_POINT ( 'NONE', #3087 ) ;
#2411 = CIRCLE ( 'NONE', #2456, 2.700000000000018385 ) ;
#2412 = EDGE_LOOP ( 'NONE', ( #3001, #2580, #1981, #349, #1903, #856, #61 ) ) ;
#2413 = CARTESIAN_POINT ( 'NONE',  ( -3.498362325693052721, 24.90550061809983973, 6.000000000000000000 ) ) ;
#2414 = ORIENTED_EDGE ( 'NONE', *, *, #298, .T. ) ;
#2415 = CARTESIAN_POINT ( 'NONE',  ( 125.0843895554523471, -46.62076411392624209, 6.000000000000000000 ) ) ;
#2416 = CARTESIAN_POINT ( 'NONE',  ( -30.55000000000000071, 0.000000000000000000, 3.000000000000000000 ) ) ;
#2417 = EDGE_CURVE ( 'NONE', #3042, #2822, #559, .T. ) ;
#2418 = CARTESIAN_POINT ( 'NONE',  ( 118.7996033584069835, -42.48413923762711875, 3.000000000000000000 ) ) ;
#2419 = LINE ( 'NONE', #930, #1545 ) ;
#2420 = EDGE_CURVE ( 'NONE', #1523, #762, #1949, .T. ) ;
#2421 = ORIENTED_EDGE ( 'NONE', *, *, #1743, .F. ) ;
#2422 = CARTESIAN_POINT ( 'NONE',  ( 31.70710678118656034, -17.98044077290914800, 3.000000000000000000 ) ) ;
#2423 = EDGE_CURVE ( 'NONE', #1518, #2827, #2445, .T. ) ;
#2424 = ORIENTED_EDGE ( 'NONE', *, *, #2836, .T. ) ;
#2425 = CARTESIAN_POINT ( 'NONE',  ( 124.1184637291632527, -46.87958315902878326, 6.000000000000000000 ) ) ;
#2426 = VECTOR ( 'NONE', #3046, 1000.000000000000000 ) ;
#2427 = AXIS2_PLACEMENT_3D ( 'NONE', #1922, #2657, #466 ) ;
#2428 = ORIENTED_EDGE ( 'NONE', *, *, #351, .T. ) ;
#2429 = DIRECTION ( 'NONE',  ( -0.000000000000000000, -0.000000000000000000, 1.000000000000000000 ) ) ;
#2430 = CARTESIAN_POINT ( 'NONE',  ( -3.300670485103986973, -166.9610859287278686, 3.000000000000000000 ) ) ;
#2431 = VECTOR ( 'NONE', #3089, 1000.000000000000000 ) ;
#2432 = ORIENTED_EDGE ( 'NONE', *, *, #2798, .F. ) ;
#2433 = DIRECTION ( 'NONE',  ( 1.000000000000000000, 0.000000000000000000, 0.000000000000000000 ) ) ;
#2434 = CARTESIAN_POINT ( 'NONE',  ( 22.38817675479869251, 15.96933128205094832, 6.000000000000000000 ) ) ;
#2435 = ORIENTED_EDGE ( 'NONE', *, *, #1957, .T. ) ;
#2436 = ORIENTED_EDGE ( 'NONE', *, *, #392, .T. ) ;
#2437 = DIRECTION ( 'NONE',  ( 1.000000000000000000, 0.000000000000000000, 0.000000000000000000 ) ) ;
#2438 = ORIENTED_EDGE ( 'NONE', *, *, #1349, .T. ) ;
#2439 = VERTEX_POINT ( 'NONE', #1689 ) ;
#2440 = DIRECTION ( 'NONE',  ( 0.000000000000000000, 0.000000000000000000, -1.000000000000000000 ) ) ;
#2441 = ORIENTED_EDGE ( 'NONE', *, *, #1461, .F. ) ;
#2442 = LINE ( 'NONE', #750, #99 ) ;
#2443 = CARTESIAN_POINT ( 'NONE',  ( 149.7879448909115467, -47.53418736709353709, 6.000000000000000000 ) ) ;
#2444 = EDGE_LOOP ( 'NONE', ( #330, #1458, #615, #825 ) ) ;
#2445 = CIRCLE ( 'NONE', #1367, 2.700000000000008171 ) ;
#2446 = DIRECTION ( 'NONE',  ( 1.000000000000000000, 0.000000000000000000, 0.000000000000000000 ) ) ;
#2447 = DIRECTION ( 'NONE',  ( 0.2588190451025358385, -0.9659258262890643154, 0.000000000000000000 ) ) ;
#2448 = CIRCLE ( 'NONE', #3014, 39.80000000000000426 ) ;
#2449 = ORIENTED_EDGE ( 'NONE', *, *, #2060, .T. ) ;
#2450 = CARTESIAN_POINT ( 'NONE',  ( -24.90550061809985394, -3.498362325693098906, 6.000000000000000000 ) ) ;
#2451 = VECTOR ( 'NONE', #1860, 1000.000000000000000 ) ;
#2452 = ORIENTED_EDGE ( 'NONE', *, *, #2475, .T. ) ;
#2453 = ORIENTED_EDGE ( 'NONE', *, *, #2283, .F. ) ;
#2454 = CARTESIAN_POINT ( 'NONE',  ( 145.5826175290322340, -41.39622967456715941, 3.000000000000000000 ) ) ;
#2455 = EDGE_CURVE ( 'NONE', #2712, #294, #1982, .T. ) ;
#2456 = AXIS2_PLACEMENT_3D ( 'NONE', #1526, #1962, #1471 ) ;
#2457 = ORIENTED_EDGE ( 'NONE', *, *, #376, .T. ) ;
#2458 = CARTESIAN_POINT ( 'NONE',  ( 0.000000000000000000, -8.131516293641283255E-15, 3.000000000000000000 ) ) ;
#2459 = FACE_OUTER_BOUND ( 'NONE', #1652, .T. ) ;
#2460 = VECTOR ( 'NONE', #2906, 1000.000000000000000 ) ;
#2461 = DIRECTION ( 'NONE',  ( -0.000000000000000000, -0.000000000000000000, 1.000000000000000000 ) ) ;
#2462 = DIRECTION ( 'NONE',  ( -1.000000000000000000, 0.000000000000000000, 0.000000000000000000 ) ) ;
#2463 = DIRECTION ( 'NONE',  ( -0.000000000000000000, -0.000000000000000000, 1.000000000000000000 ) ) ;
#2464 = VERTEX_POINT ( 'NONE', #510 ) ;
#2465 = CARTESIAN_POINT ( 'NONE',  ( 117.8336775321179033, -42.74295828272965991, 6.000000000000000000 ) ) ;
#2466 = EDGE_LOOP ( 'NONE', ( #948, #677, #1601, #2453 ) ) ;
#2467 = FACE_OUTER_BOUND ( 'NONE', #1069, .T. ) ;
#2468 = ADVANCED_FACE ( 'NONE', ( #966 ), #1251, .F. ) ;
#2469 = EDGE_LOOP ( 'NONE', ( #858, #972, #78, #1864 ) ) ;
#2470 = DIRECTION ( 'NONE',  ( 1.000000000000000000, 0.000000000000000000, 0.000000000000000000 ) ) ;
#2471 = AXIS2_PLACEMENT_3D ( 'NONE', #2707, #1237, #2152 ) ;
#2472 = VECTOR ( 'NONE', #926, 1000.000000000000000 ) ;
#2473 = DIRECTION ( 'NONE',  ( 1.000000000000000000, 0.000000000000000000, 0.000000000000000000 ) ) ;
#2474 = CARTESIAN_POINT ( 'NONE',  ( 125.0843895554523471, -46.62076411392624209, 6.000000000000000000 ) ) ;
#2475 = EDGE_CURVE ( 'NONE', #59, #919, #1705, .T. ) ;
#2476 = AXIS2_PLACEMENT_3D ( 'NONE', #1516, #1318, #1269 ) ;
#2477 = VECTOR ( 'NONE', #2191, 1000.000000000000000 ) ;
#2478 = CARTESIAN_POINT ( 'NONE',  ( -24.51857913103717834, 9.034538093589119967, 6.000000000000000000 ) ) ;
#2479 = CARTESIAN_POINT ( 'NONE',  ( 91.09006219929476345, -26.37633259864080770, 3.000000000000000000 ) ) ;
#2480 = VECTOR ( 'NONE', #1629, 1000.000000000000000 ) ;
#2481 = VECTOR ( 'NONE', #1513, 1000.000000000000000 ) ;
#2482 = ORIENTED_EDGE ( 'NONE', *, *, #663, .T. ) ;
#2483 = LINE ( 'NONE', #2229, #1583 ) ;
#2484 = DIRECTION ( 'NONE',  ( 1.000000000000000000, 0.000000000000000000, 0.000000000000000000 ) ) ;
#2485 = ORIENTED_EDGE ( 'NONE', *, *, #1595, .F. ) ;
#2486 = EDGE_LOOP ( 'NONE', ( #1252, #3048, #696, #2192 ) ) ;
#2487 = CARTESIAN_POINT ( 'NONE',  ( 17.53722926247041514, 24.58628865436081412, 3.000000000000000000 ) ) ;
#2488 = ORIENTED_EDGE ( 'NONE', *, *, #252, .F. ) ;
#2489 = CYLINDRICAL_SURFACE ( 'NONE', #2228, 1.000000000000000888 ) ;
#2490 = PRODUCT_DEFINITION ( 'æœ', '', #641, #2048 ) ;
#2491 = DIRECTION ( 'NONE',  ( 1.000000000000000000, 0.000000000000000000, 0.000000000000000000 ) ) ;
#2492 = LINE ( 'NONE', #337, #2379 ) ;
#2493 = ORIENTED_EDGE ( 'NONE', *, *, #1281, .T. ) ;
#2494 = DIRECTION ( 'NONE',  ( -0.000000000000000000, -0.000000000000000000, 1.000000000000000000 ) ) ;
#2495 = FACE_OUTER_BOUND ( 'NONE', #608, .T. ) ;
#2496 = ADVANCED_FACE ( 'NONE', ( #2467 ), #7, .T. ) ;
#2497 = VERTEX_POINT ( 'NONE', #2169 ) ;
#2498 = EDGE_LOOP ( 'NONE', ( #2819, #2265, #1524, #2382 ) ) ;
#2499 = ORIENTED_EDGE ( 'NONE', *, *, #2222, .T. ) ;
#2500 = CARTESIAN_POINT ( 'NONE',  ( 76.74516107323535152, 9.055717746539230006, 6.000000000000000000 ) ) ;
#2501 = CIRCLE ( 'NONE', #2915, 2.700000000000011280 ) ;
#2502 = CIRCLE ( 'NONE', #2018, 60.00000000000002842 ) ;
#2503 = ORIENTED_EDGE ( 'NONE', *, *, #2042, .F. ) ;
#2504 = CARTESIAN_POINT ( 'NONE',  ( -2.081668171172168513E-14, 28.99999999999997513, 3.000000000000000000 ) ) ;
#2505 = EDGE_CURVE ( 'NONE', #1518, #1820, #17, .T. ) ;
#2506 = AXIS2_PLACEMENT_3D ( 'NONE', #1287, #1901, #1144 ) ;
#2507 = VERTEX_POINT ( 'NONE', #2976 ) ;
#2508 = DIRECTION ( 'NONE',  ( 1.000000000000000000, 0.000000000000000000, 0.000000000000000000 ) ) ;
#2509 = DIRECTION ( 'NONE',  ( 1.000000000000000000, 0.000000000000000000, 0.000000000000000000 ) ) ;
#2510 = CIRCLE ( 'NONE', #2252, 1.000000000000000888 ) ;
#2511 = DIRECTION ( 'NONE',  ( 1.000000000000000000, 0.000000000000000000, 0.000000000000000000 ) ) ;
#2512 = VECTOR ( 'NONE', #914, 1000.000000000000227 ) ;
#2513 = CARTESIAN_POINT ( 'NONE',  ( -29.00000000000000000, 0.000000000000000000, 3.000000000000000000 ) ) ;
#2514 = DIRECTION ( 'NONE',  ( -0.7071067811865383579, -0.7071067811865565655, -0.000000000000000000 ) ) ;
#2515 = ADVANCED_FACE ( 'NONE', ( #1673 ), #498, .F. ) ;
#2516 = ORIENTED_EDGE ( 'NONE', *, *, #160, .T. ) ;
#2517 = ADVANCED_FACE ( 'NONE', ( #60 ), #271, .F. ) ;
#2518 = DIRECTION ( 'NONE',  ( -0.000000000000000000, -0.000000000000000000, 1.000000000000000000 ) ) ;
#2519 = DIRECTION ( 'NONE',  ( 1.000000000000000000, 0.000000000000000000, 0.000000000000000000 ) ) ;
#2520 = EDGE_CURVE ( 'NONE', #2392, #633, #953, .T. ) ;
#2521 = EDGE_LOOP ( 'NONE', ( #2012, #1682, #1012, #8 ) ) ;
#2522 = FACE_BOUND ( 'NONE', #894, .T. ) ;
#2523 = ORIENTED_EDGE ( 'NONE', *, *, #2885, .F. ) ;
#2524 = ORIENTED_EDGE ( 'NONE', *, *, #912, .T. ) ;
#2525 = DIRECTION ( 'NONE',  ( 1.000000000000000000, 0.000000000000000000, 0.000000000000000000 ) ) ;
#2526 = DIRECTION ( 'NONE',  ( 1.000000000000000000, 0.000000000000000000, 0.000000000000000000 ) ) ;
#2527 = AXIS2_PLACEMENT_3D ( 'NONE', #1623, #1085, #2310 ) ;
#2528 = VECTOR ( 'NONE', #2643, 1000.000000000000000 ) ;
#2529 = FACE_OUTER_BOUND ( 'NONE', #2882, .T. ) ;
#2530 = CARTESIAN_POINT ( 'NONE',  ( -24.90550061809986460, 3.498362325693096686, 6.000000000000000000 ) ) ;
#2531 = CIRCLE ( 'NONE', #2946, 1.000000000000000888 ) ;
#2532 = ORIENTED_EDGE ( 'NONE', *, *, #756, .T. ) ;
#2533 = AXIS2_PLACEMENT_3D ( 'NONE', #2932, #2429, #1984 ) ;
#2534 = CYLINDRICAL_SURFACE ( 'NONE', #2867, 39.80000000000000426 ) ;
#2535 = CARTESIAN_POINT ( 'NONE',  ( 157.0595205269186749, -65.05618350206539446, 6.000000000000000000 ) ) ;
#2536 = EDGE_CURVE ( 'NONE', #1207, #2809, #213, .T. ) ;
#2537 = AXIS2_PLACEMENT_3D ( 'NONE', #2331, #2587, #557 ) ;
#2538 = DIRECTION ( 'NONE',  ( 0.8569462697358436465, -0.5154057535435769832, 0.000000000000000000 ) ) ;
#2539 = ORIENTED_EDGE ( 'NONE', *, *, #912, .F. ) ;
#2540 = LINE ( 'NONE', #364, #1317 ) ;
#2541 = EDGE_CURVE ( 'NONE', #2731, #906, #1994, .T. ) ;
#2542 = VERTEX_POINT ( 'NONE', #1493 ) ;
#2543 = DIRECTION ( 'NONE',  ( 0.000000000000000000, 0.000000000000000000, -1.000000000000000000 ) ) ;
#2544 = CARTESIAN_POINT ( 'NONE',  ( 63.46242926466707956, 15.18909527294460382, 3.000000000000000000 ) ) ;
#2545 = EDGE_CURVE ( 'NONE', #3121, #539, #2401, .T. ) ;
#2546 = CARTESIAN_POINT ( 'NONE',  ( -2.081668171172168513E-14, -28.99999999999998934, 3.000000000000000000 ) ) ;
#2547 = FACE_OUTER_BOUND ( 'NONE', #1441, .T. ) ;
#2548 = EDGE_LOOP ( 'NONE', ( #532, #2393 ) ) ;
#2549 = CARTESIAN_POINT ( 'NONE',  ( 104.7864001143407791, -5.194713309355808661, 6.000000000000000000 ) ) ;
#2550 = DIRECTION ( 'NONE',  ( -0.000000000000000000, -0.000000000000000000, 1.000000000000000000 ) ) ;
#2551 = ORIENTED_EDGE ( 'NONE', *, *, #3025, .T. ) ;
#2552 = CARTESIAN_POINT ( 'NONE',  ( 0.000000000000000000, 1.301042606982605321E-15, 6.000000000000000000 ) ) ;
#2553 = VERTEX_POINT ( 'NONE', #710 ) ;
#2554 = VECTOR ( 'NONE', #1722, 1000.000000000000000 ) ;
#2555 = FACE_BOUND ( 'NONE', #1668, .T. ) ;
#2556 = EDGE_CURVE ( 'NONE', #489, #497, #760, .T. ) ;
#2557 = EDGE_CURVE ( 'NONE', #1971, #367, #2708, .T. ) ;
#2558 = ORIENTED_EDGE ( 'NONE', *, *, #1855, .T. ) ;
#2559 = CYLINDRICAL_SURFACE ( 'NONE', #3070, 30.20000000000000284 ) ;
#2560 = AXIS2_PLACEMENT_3D ( 'NONE', #2255, #1034, #1519 ) ;
#2561 = DIRECTION ( 'NONE',  ( 0.000000000000000000, 0.000000000000000000, -1.000000000000000000 ) ) ;
#2562 = DIRECTION ( 'NONE',  ( 0.000000000000000000, 0.000000000000000000, -1.000000000000000000 ) ) ;
#2563 = CIRCLE ( 'NONE', #319, 25.15000000000003055 ) ;
#2564 = VERTEX_POINT ( 'NONE', #997 ) ;
#2565 = CARTESIAN_POINT ( 'NONE',  ( -1.387778780781445676E-14, -4.065758146820641628E-15, 6.000000000000000000 ) ) ;
#2566 = DIRECTION ( 'NONE',  ( 0.9659258262890632052, 0.2588190451025392802, 0.000000000000000000 ) ) ;
#2567 = ORIENTED_EDGE ( 'NONE', *, *, #1183, .T. ) ;
#2568 = CARTESIAN_POINT ( 'NONE',  ( 117.3182717785743137, -43.59990455246549601, 6.000000000000000000 ) ) ;
#2569 = EDGE_LOOP ( 'NONE', ( #303, #2698, #1706, #1369 ) ) ;
#2570 = FACE_OUTER_BOUND ( 'NONE', #1813, .T. ) ;
#2571 = DIRECTION ( 'NONE',  ( 0.9659258262890643154, 0.2588190451025359495, 0.000000000000000000 ) ) ;
#2572 = ORIENTED_EDGE ( 'NONE', *, *, #2541, .F. ) ;
#2573 = EDGE_LOOP ( 'NONE', ( #1979, #936 ) ) ;
#2574 = DIRECTION ( 'NONE',  ( 0.000000000000000000, 0.000000000000000000, -1.000000000000000000 ) ) ;
#2575 = EDGE_CURVE ( 'NONE', #2497, #2542, #2719, .T. ) ;
#2576 = VERTEX_POINT ( 'NONE', #2454 ) ;
#2577 = CARTESIAN_POINT ( 'NONE',  ( -17.53722926247043645, -24.58628865436081057, 6.000000000000000000 ) ) ;
#2578 = DIRECTION ( 'NONE',  ( 1.000000000000000000, 0.000000000000000000, 0.000000000000000000 ) ) ;
#2579 = EDGE_CURVE ( 'NONE', #2049, #2950, #310, .T. ) ;
#2580 = ORIENTED_EDGE ( 'NONE', *, *, #2883, .F. ) ;
#2581 = DIRECTION ( 'NONE',  ( 0.000000000000000000, 0.000000000000000000, -1.000000000000000000 ) ) ;
#2582 = PLANE ( 'NONE',  #1276 ) ;
#2583 = AXIS2_PLACEMENT_3D ( 'NONE', #1393, #1831, #1158 ) ;
#2584 = AXIS2_PLACEMENT_3D ( 'NONE', #1662, #450, #1418 ) ;
#2585 = DIRECTION ( 'NONE',  ( 0.000000000000000000, 0.000000000000000000, -1.000000000000000000 ) ) ;
#2586 = VERTEX_POINT ( 'NONE', #570 ) ;
#2587 = DIRECTION ( 'NONE',  ( -0.000000000000000000, -0.000000000000000000, 1.000000000000000000 ) ) ;
#2588 = CARTESIAN_POINT ( 'NONE',  ( 115.4619410966793396, -14.57300087773090524, 3.000000000000000000 ) ) ;
#2589 = CIRCLE ( 'NONE', #2277, 2.700000000000004619 ) ;
#2590 = ORIENTED_EDGE ( 'NONE', *, *, #793, .F. ) ;
#2591 = VERTEX_POINT ( 'NONE', #2314 ) ;
#2592 = ORIENTED_EDGE ( 'NONE', *, *, #504, .F. ) ;
#2593 = DIRECTION ( 'NONE',  ( -0.000000000000000000, -0.000000000000000000, 1.000000000000000000 ) ) ;
#2594 = FACE_OUTER_BOUND ( 'NONE', #2120, .T. ) ;
#2595 = ADVANCED_FACE ( 'NONE', ( #1753 ), #2025, .F. ) ;
#2596 = EDGE_LOOP ( 'NONE', ( #1081, #2485, #1159, #455 ) ) ;
#2597 = CARTESIAN_POINT ( 'NONE',  ( 132.6055164150408245, -50.81714132818785146, 3.000000000000000000 ) ) ;
#2598 = DIRECTION ( 'NONE',  ( 0.000000000000000000, 0.000000000000000000, -1.000000000000000000 ) ) ;
#2599 = CARTESIAN_POINT ( 'NONE',  ( 104.7864001143407791, -5.194713309355808661, 3.000000000000000000 ) ) ;
#2600 = ORIENTED_EDGE ( 'NONE', *, *, #1361, .F. ) ;
#2601 = VERTEX_POINT ( 'NONE', #823 ) ;
#2602 = DIRECTION ( 'NONE',  ( -0.000000000000000000, -0.000000000000000000, 1.000000000000000000 ) ) ;
#2603 = DIRECTION ( 'NONE',  ( 1.000000000000000000, 0.000000000000000000, 0.000000000000000000 ) ) ;
#2604 = EDGE_LOOP ( 'NONE', ( #3086, #1870, #1549, #118 ) ) ;
#2605 = FILL_AREA_STYLE ('',( #2266 ) ) ;
#2606 = AXIS2_PLACEMENT_3D ( 'NONE', #2565, #114, #2275 ) ;
#2607 = DIRECTION ( 'NONE',  ( 0.000000000000000000, 0.000000000000000000, -1.000000000000000000 ) ) ;
#2608 = LINE ( 'NONE', #639, #943 ) ;
#2609 = ORIENTED_EDGE ( 'NONE', *, *, #1622, .F. ) ;
#2610 = DIRECTION ( 'NONE',  ( 1.000000000000000000, 0.000000000000000000, 0.000000000000000000 ) ) ;
#2611 = LINE ( 'NONE', #2627, #1956 ) ;
#2612 = EDGE_CURVE ( 'NONE', #3016, #1518, #3064, .T. ) ;
#2613 = AXIS2_PLACEMENT_3D ( 'NONE', #3114, #1898, #676 ) ;
#2614 = CARTESIAN_POINT ( 'NONE',  ( 91.28176322693774125, -27.94038564956319703, 6.000000000000000000 ) ) ;
#2615 = EDGE_LOOP ( 'NONE', ( #2769, #1173, #1390, #2609, #270, #1015, #1674, #998, #1415 ) ) ;
#2616 = ORIENTED_EDGE ( 'NONE', *, *, #3145, .T. ) ;
#2617 = CARTESIAN_POINT ( 'NONE',  ( 31.00000000000001066, -17.27333399172260187, 6.000000000000000000 ) ) ;
#2618 = CIRCLE ( 'NONE', #1695, 1.000000000000000888 ) ;
#2619 = VERTEX_POINT ( 'NONE', #2766 ) ;
#2620 = FACE_OUTER_BOUND ( 'NONE', #2395, .T. ) ;
#2621 = EDGE_CURVE ( 'NONE', #2245, #2109, #2917, .T. ) ;
#2622 = VERTEX_POINT ( 'NONE', #2487 ) ;
#2623 = CARTESIAN_POINT ( 'NONE',  ( -25.05199055281858023, 15.52876795007808042, 6.000000000000000000 ) ) ;
#2624 = CARTESIAN_POINT ( 'NONE',  ( 142.3676355977902404, -64.50038205912554190, 3.000000000000000000 ) ) ;
#2625 = CARTESIAN_POINT ( 'NONE',  ( 148.0277444858602678, -62.06995276972845943, 6.000000000000000000 ) ) ;
#2626 = DIRECTION ( 'NONE',  ( 1.000000000000000000, 0.000000000000000000, 0.000000000000000000 ) ) ;
#2627 = CARTESIAN_POINT ( 'NONE',  ( 17.53722926247041514, 24.58628865436081412, 6.000000000000000000 ) ) ;
#2628 = LINE ( 'NONE', #1637, #139 ) ;
#2629 = ORIENTED_EDGE ( 'NONE', *, *, #3025, .F. ) ;
#2630 = EDGE_LOOP ( 'NONE', ( #621, #816, #1966, #1736 ) ) ;
#2631 = VECTOR ( 'NONE', #2138, 1000.000000000000000 ) ;
#2632 = EDGE_CURVE ( 'NONE', #692, #2676, #215, .T. ) ;
#2633 = AXIS2_PLACEMENT_3D ( 'NONE', #2320, #326, #2578 ) ;
#2634 = LINE ( 'NONE', #2925, #1250 ) ;
#2635 = ORIENTED_EDGE ( 'NONE', *, *, #2997, .T. ) ;
#2636 = AXIS2_PLACEMENT_3D ( 'NONE', #1955, #2738, #2491 ) ;
#2637 = EDGE_LOOP ( 'NONE', ( #2258, #1495, #2665, #1691 ) ) ;
#2638 = CIRCLE ( 'NONE', #690, 25.15000000000000568 ) ;
#2639 = EDGE_CURVE ( 'NONE', #1721, #2822, #1780, .T. ) ;
#2640 = PLANE ( 'NONE',  #308 ) ;
#2641 = CIRCLE ( 'NONE', #2797, 195.0000000000000000 ) ;
#2642 = CARTESIAN_POINT ( 'NONE',  ( 132.3489297065997619, -52.64001342421275353, 6.000000000000000000 ) ) ;
#2643 = DIRECTION ( 'NONE',  ( -8.409585250409852253E-17, -1.000000000000000000, -0.000000000000000000 ) ) ;
#2644 = ADVANCED_FACE ( 'NONE', ( #1796, #1529, #2056, #1299, #1547, #584, #89, #2522, #2555, #2246, #331, #1562 ), #2038, .T. ) ;
#2645 = CARTESIAN_POINT ( 'NONE',  ( 10.73036235624257806, -31.20671920762786655, 3.000000000000000000 ) ) ;
#2646 = DIRECTION ( 'NONE',  ( 0.000000000000000000, 0.000000000000000000, -1.000000000000000000 ) ) ;
#2647 = CARTESIAN_POINT ( 'NONE',  ( 22.38817675479869251, 15.96933128205094832, 6.000000000000000000 ) ) ;
#2648 = ORIENTED_EDGE ( 'NONE', *, *, #597, .T. ) ;
#2649 = CARTESIAN_POINT ( 'NONE',  ( 3.498362325693028740, -24.90550061809984683, 3.000000000000000000 ) ) ;
#2650 = VERTEX_POINT ( 'NONE', #2072 ) ;
#2651 = CARTESIAN_POINT ( 'NONE',  ( -64.31857913103715418, -9.034538093589127072, 6.000000000000000000 ) ) ;
#2652 = COLOUR_RGB ( '',0.7921568627450980005, 0.8196078431372548767, 0.9333333333333333481 ) ;
#2653 = EDGE_CURVE ( 'NONE', #2507, #267, #76, .T. ) ;
#2654 = EDGE_CURVE ( 'NONE', #3016, #906, #2540, .T. ) ;
#2655 = FACE_OUTER_BOUND ( 'NONE', #2469, .T. ) ;
#2656 = AXIS2_PLACEMENT_3D ( 'NONE', #166, #616, #2847 ) ;
#2657 = DIRECTION ( 'NONE',  ( -0.000000000000000000, -0.000000000000000000, 1.000000000000000000 ) ) ;
#2658 = ADVANCED_FACE ( 'NONE', ( #1814 ), #1071, .F. ) ;
#2659 = EDGE_CURVE ( 'NONE', #1051, #3032, #1732, .T. ) ;
#2660 = DIRECTION ( 'NONE',  ( 1.000000000000000000, 0.000000000000000000, 0.000000000000000000 ) ) ;
#2661 = DIRECTION ( 'NONE',  ( 0.000000000000000000, 0.000000000000000000, -1.000000000000000000 ) ) ;
#2662 = AXIS2_PLACEMENT_3D ( 'NONE', #2348, #1644, #1854 ) ;
#2663 = AXIS2_PLACEMENT_3D ( 'NONE', #2726, #1959, #2936 ) ;
#2664 = ORIENTED_EDGE ( 'NONE', *, *, #2854, .T. ) ;
#2665 = ORIENTED_EDGE ( 'NONE', *, *, #2093, .T. ) ;
#2666 = DIRECTION ( 'NONE',  ( -0.000000000000000000, -0.000000000000000000, 1.000000000000000000 ) ) ;
#2667 = ORIENTED_EDGE ( 'NONE', *, *, #711, .T. ) ;
#2668 = CIRCLE ( 'NONE', #927, 1.000000000000004441 ) ;
#2669 = CIRCLE ( 'NONE', #1645, 30.20000000000000284 ) ;
#2670 = ORIENTED_EDGE ( 'NONE', *, *, #393, .T. ) ;
#2671 = DIRECTION ( 'NONE',  ( 0.000000000000000000, 0.000000000000000000, -1.000000000000000000 ) ) ;
#2672 = ORIENTED_EDGE ( 'NONE', *, *, #3090, .T. ) ;
#2673 = CARTESIAN_POINT ( 'NONE',  ( 103.7864001143407648, -5.194713309355808661, 6.000000000000000000 ) ) ;
#2674 = ADVANCED_FACE ( 'NONE', ( #2802 ), #1330, .F. ) ;
#2675 = CARTESIAN_POINT ( 'NONE',  ( 0.000000000000000000, 0.000000000000000000, 6.000000000000000000 ) ) ;
#2676 = VERTEX_POINT ( 'NONE', #555 ) ;
#2677 = DIRECTION ( 'NONE',  ( -0.000000000000000000, -0.000000000000000000, 1.000000000000000000 ) ) ;
#2678 = CARTESIAN_POINT ( 'NONE',  ( 30.00000000000001066, 23.98252879633256285, 6.000000000000000000 ) ) ;
#2679 = EDGE_CURVE ( 'NONE', #2057, #1721, #2143, .T. ) ;
#2680 = EDGE_LOOP ( 'NONE', ( #2558, #822, #1156, #2002, #1651, #2457, #1395 ) ) ;
#2681 = EDGE_LOOP ( 'NONE', ( #1578, #2880, #2845, #3077 ) ) ;
#2682 = DIRECTION ( 'NONE',  ( 0.000000000000000000, 0.000000000000000000, -1.000000000000000000 ) ) ;
#2683 = CIRCLE ( 'NONE', #93, 2.700000000000018385 ) ;
#2684 = VECTOR ( 'NONE', #2447, 1000.000000000000000 ) ;
#2685 = EDGE_LOOP ( 'NONE', ( #2036, #1783 ) ) ;
#2686 = VERTEX_POINT ( 'NONE', #1850 ) ;
#2687 = DIRECTION ( 'NONE',  ( 1.000000000000000000, 0.000000000000000000, 0.000000000000000000 ) ) ;
#2688 = CIRCLE ( 'NONE', #1505, 25.15000000000000568 ) ;
#2689 = AXIS2_PLACEMENT_3D ( 'NONE', #1077, #2319, #1837 ) ;
#2690 = ORIENTED_EDGE ( 'NONE', *, *, #447, .F. ) ;
#2691 = DIRECTION ( 'NONE',  ( 1.000000000000000000, 0.000000000000000000, 0.000000000000000000 ) ) ;
#2692 = CARTESIAN_POINT ( 'NONE',  ( -1.550000000000020473, 28.99999999999997513, 3.000000000000000000 ) ) ;
#2693 = VECTOR ( 'NONE', #780, 1000.000000000000000 ) ;
#2694 = EDGE_LOOP ( 'NONE', ( #1624, #1143, #1932, #499 ) ) ;
#2695 = CARTESIAN_POINT ( 'NONE',  ( 15.52876795007798449, 25.05199055281859799, 6.000000000000000000 ) ) ;
#2696 = DIRECTION ( 'NONE',  ( 0.000000000000000000, 0.000000000000000000, -1.000000000000000000 ) ) ;
#2697 = ORIENTED_EDGE ( 'NONE', *, *, #2895, .T. ) ;
#2698 = ORIENTED_EDGE ( 'NONE', *, *, #1041, .T. ) ;
#2699 = LINE ( 'NONE', #2747, #3020 ) ;
#2700 = VERTEX_POINT ( 'NONE', #3115 ) ;
#2701 = ADVANCED_FACE ( 'NONE', ( #1343 ), #2089, .T. ) ;
#2702 = CARTESIAN_POINT ( 'NONE',  ( 132.3489297065997619, -52.64001342421275353, 6.000000000000000000 ) ) ;
#2703 = EDGE_LOOP ( 'NONE', ( #2488, #1566, #2154, #2105 ) ) ;
#2704 = LINE ( 'NONE', #1465, #496 ) ;
#2705 = EDGE_LOOP ( 'NONE', ( #229, #246, #1107, #2282 ) ) ;
#2706 = DIRECTION ( 'NONE',  ( -0.000000000000000000, -0.000000000000000000, 1.000000000000000000 ) ) ;
#2707 = CARTESIAN_POINT ( 'NONE',  ( 109.0222701423559641, -9.858338217952260507, 6.000000000000000000 ) ) ;
#2708 = CIRCLE ( 'NONE', #458, 1.000000000000000888 ) ;
#2709 = DIRECTION ( 'NONE',  ( -0.000000000000000000, -0.000000000000000000, 1.000000000000000000 ) ) ;
#2710 = CARTESIAN_POINT ( 'NONE',  ( 108.3151633611694109, -9.151231436765719707, 6.000000000000000000 ) ) ;
#2711 = CIRCLE ( 'NONE', #1320, 2.700000000000011280 ) ;
#2712 = VERTEX_POINT ( 'NONE', #2107 ) ;
#2713 = EDGE_LOOP ( 'NONE', ( #2166, #2009, #2281, #1799 ) ) ;
#2714 = DIRECTION ( 'NONE',  ( 1.000000000000000000, 0.000000000000000000, 0.000000000000000000 ) ) ;
#2715 = EDGE_CURVE ( 'NONE', #2619, #1207, #2361, .T. ) ;
#2716 = AXIS2_PLACEMENT_3D ( 'NONE', #1305, #3053, #828 ) ;
#2717 = ORIENTED_EDGE ( 'NONE', *, *, #1950, .T. ) ;
#2718 = EDGE_LOOP ( 'NONE', ( #2139, #2378, #1764, #1475 ) ) ;
#2719 = LINE ( 'NONE', #2425, #2554 ) ;
#2720 = EDGE_CURVE ( 'NONE', #318, #2686, #2377, .T. ) ;
#2721 = VECTOR ( 'NONE', #2198, 1000.000000000000000 ) ;
#2722 = ORIENTED_EDGE ( 'NONE', *, *, #2820, .F. ) ;
#2723 = DIRECTION ( 'NONE',  ( 1.000000000000000000, 0.000000000000000000, 0.000000000000000000 ) ) ;
#2724 = DIRECTION ( 'NONE',  ( 1.000000000000000000, 0.000000000000000000, 0.000000000000000000 ) ) ;
#2725 = LINE ( 'NONE', #2890, #382 ) ;
#2726 = CARTESIAN_POINT ( 'NONE',  ( 86.99472106095397805, -23.40060592511613891, 6.000000000000000000 ) ) ;
#2727 = DIRECTION ( 'NONE',  ( 0.000000000000000000, 0.000000000000000000, -1.000000000000000000 ) ) ;
#2728 = ORIENTED_EDGE ( 'NONE', *, *, #1892, .T. ) ;
#2729 = FACE_OUTER_BOUND ( 'NONE', #1916, .T. ) ;
#2730 = EDGE_CURVE ( 'NONE', #2686, #2923, #152, .T. ) ;
#2731 = VERTEX_POINT ( 'NONE', #1360 ) ;
#2732 = VERTEX_POINT ( 'NONE', #185 ) ;
#2733 = CARTESIAN_POINT ( 'NONE',  ( -1.387778780781445676E-14, -3.848917712323540741E-15, 6.000000000000000000 ) ) ;
#2734 = ORIENTED_EDGE ( 'NONE', *, *, #2219, .F. ) ;
#2735 = CARTESIAN_POINT ( 'NONE',  ( 91.79716898048131668, -27.08343937982735028, 6.000000000000000000 ) ) ;
#2736 = VECTOR ( 'NONE', #1288, 999.9999999999998863 ) ;
#2737 = AXIS2_PLACEMENT_3D ( 'NONE', #1050, #2776, #653 ) ;
#2738 = DIRECTION ( 'NONE',  ( 0.000000000000000000, 0.000000000000000000, -1.000000000000000000 ) ) ;
#2739 = DIRECTION ( 'NONE',  ( 0.000000000000000000, 0.000000000000000000, -1.000000000000000000 ) ) ;
#2740 = ORIENTED_EDGE ( 'NONE', *, *, #900, .F. ) ;
#2741 = CYLINDRICAL_SURFACE ( 'NONE', #1376, 1.000000000000000888 ) ;
#2742 = EDGE_CURVE ( 'NONE', #1769, #2231, #200, .T. ) ;
#2743 = CARTESIAN_POINT ( 'NONE',  ( -15.96933128205088614, -22.38817675479874225, 6.000000000000000000 ) ) ;
#2744 = AXIS2_PLACEMENT_3D ( 'NONE', #956, #529, #1016 ) ;
#2745 = ORIENTED_EDGE ( 'NONE', *, *, #1915, .F. ) ;
#2746 = ORIENTED_EDGE ( 'NONE', *, *, #2365, .T. ) ;
#2747 = CARTESIAN_POINT ( 'NONE',  ( 30.00000000000001066, 23.98252879633256285, 6.000000000000000000 ) ) ;
#2748 = VERTEX_POINT ( 'NONE', #853 ) ;
#2749 = DIRECTION ( 'NONE',  ( 0.7071067811865456854, 0.7071067811865493491, 0.000000000000000000 ) ) ;
#2750 = ORIENTED_EDGE ( 'NONE', *, *, #1950, .F. ) ;
#2751 = CARTESIAN_POINT ( 'NONE',  ( -2.081668171172168513E-14, 28.99999999999997513, 6.000000000000000000 ) ) ;
#2752 = CARTESIAN_POINT ( 'NONE',  ( 63.46242926466707956, 15.18909527294460382, 6.000000000000000000 ) ) ;
#2753 = EDGE_CURVE ( 'NONE', #1928, #2346, #1835, .T. ) ;
#2754 = EDGE_CURVE ( 'NONE', #2732, #315, #2502, .T. ) ;
#2755 = DIRECTION ( 'NONE',  ( 0.000000000000000000, 0.000000000000000000, 1.000000000000000000 ) ) ;
#2756 = ADVANCED_FACE ( 'NONE', ( #1106 ), #2863, .F. ) ;
#2757 = DIRECTION ( 'NONE',  ( 0.7071067811865456854, 0.7071067811865493491, 0.000000000000000000 ) ) ;
#2758 = FACE_OUTER_BOUND ( 'NONE', #1546, .T. ) ;
#2759 = ADVANCED_FACE ( 'NONE', ( #1378 ), #3066, .F. ) ;
#2760 = CIRCLE ( 'NONE', #1630, 60.00000000000002842 ) ;
#2761 = EDGE_CURVE ( 'NONE', #2439, #1207, #1884, .T. ) ;
#2762 = EDGE_LOOP ( 'NONE', ( #2482, #258, #1561, #1735 ) ) ;
#2763 = CARTESIAN_POINT ( 'NONE',  ( 22.38817675479869251, -15.96933128205096253, 6.000000000000000000 ) ) ;
#2764 = CARTESIAN_POINT ( 'NONE',  ( -3.300670485103986973, -166.9610859287278686, 3.000000000000000000 ) ) ;
#2765 = ORIENTED_EDGE ( 'NONE', *, *, #1190, .F. ) ;
#2766 = CARTESIAN_POINT ( 'NONE',  ( 76.74516107323535152, 9.055717746539230006, 3.000000000000000000 ) ) ;
#2767 = VERTEX_POINT ( 'NONE', #1594 ) ;
#2768 = AXIS2_PLACEMENT_3D ( 'NONE', #2919, #2677, #754 ) ;
#2769 = ORIENTED_EDGE ( 'NONE', *, *, #717, .F. ) ;
#2770 = DIRECTION ( 'NONE',  ( 0.000000000000000000, 0.000000000000000000, -1.000000000000000000 ) ) ;
#2771 = AXIS2_PLACEMENT_3D ( 'NONE', #1038, #1215, #72 ) ;
#2772 = CARTESIAN_POINT ( 'NONE',  ( 0.000000000000000000, 0.000000000000000000, 0.000000000000000000 ) ) ;
#2773 = ADVANCED_FACE ( 'NONE', ( #2620 ), #872, .F. ) ;
#2774 = VECTOR ( 'NONE', #2256, 1000.000000000000000 ) ;
#2775 = DIRECTION ( 'NONE',  ( 0.000000000000000000, 0.000000000000000000, -1.000000000000000000 ) ) ;
#2776 = DIRECTION ( 'NONE',  ( 0.000000000000000000, 0.000000000000000000, -1.000000000000000000 ) ) ;
#2777 = ORIENTED_EDGE ( 'NONE', *, *, #2046, .T. ) ;
#2778 = EDGE_CURVE ( 'NONE', #1138, #2809, #632, .T. ) ;
#2779 = PLANE ( 'NONE',  #3062 ) ;
#2780 = FACE_BOUND ( 'NONE', #171, .T. ) ;
#2781 = DIRECTION ( 'NONE',  ( 1.000000000000000000, 0.000000000000000000, 0.000000000000000000 ) ) ;
#2782 = VERTEX_POINT ( 'NONE', #2818 ) ;
#2783 = DIRECTION ( 'NONE',  ( 1.000000000000000000, 0.000000000000000000, 0.000000000000000000 ) ) ;
#2784 = ORIENTED_EDGE ( 'NONE', *, *, #1804, .F. ) ;
#2785 = ORIENTED_EDGE ( 'NONE', *, *, #1575, .F. ) ;
#2786 = CYLINDRICAL_SURFACE ( 'NONE', #714, 2.700000000000018385 ) ;
#2787 = CARTESIAN_POINT ( 'NONE',  ( -64.31857913103715418, -9.034538093589127072, 6.000000000000000000 ) ) ;
#2788 = CIRCLE ( 'NONE', #2326, 1.000000000000000888 ) ;
#2789 = VECTOR ( 'NONE', #1774, 1000.000000000000000 ) ;
#2790 = FACE_OUTER_BOUND ( 'NONE', #2713, .T. ) ;
#2791 = DIRECTION ( 'NONE',  ( 0.000000000000000000, 0.000000000000000000, -1.000000000000000000 ) ) ;
#2792 = VECTOR ( 'NONE', #1196, 1000.000000000000227 ) ;
#2793 = VERTEX_POINT ( 'NONE', #2588 ) ;
#2794 = CIRCLE ( 'NONE', #1403, 1.549999999999999822 ) ;
#2795 = DIRECTION ( 'NONE',  ( 1.000000000000000000, 0.000000000000000000, 0.000000000000000000 ) ) ;
#2796 = DIRECTION ( 'NONE',  ( 1.000000000000000000, 0.000000000000000000, 0.000000000000000000 ) ) ;
#2797 = AXIS2_PLACEMENT_3D ( 'NONE', #2313, #3049, #2817 ) ;
#2798 = EDGE_CURVE ( 'NONE', #334, #416, #332, .T. ) ;
#2799 = CARTESIAN_POINT ( 'NONE',  ( 24.90550061809983262, 3.498362325693098018, 3.000000000000000000 ) ) ;
#2800 = EDGE_CURVE ( 'NONE', #362, #2245, #819, .T. ) ;
#2801 = EDGE_LOOP ( 'NONE', ( #2804, #3011, #1836, #1863 ) ) ;
#2802 = FACE_OUTER_BOUND ( 'NONE', #1488, .T. ) ;
#2803 = VERTEX_POINT ( 'NONE', #1118 ) ;
#2804 = ORIENTED_EDGE ( 'NONE', *, *, #2536, .F. ) ;
#2805 = CARTESIAN_POINT ( 'NONE',  ( -2.081668171172168513E-14, -8.131516293641283255E-15, 6.000000000000000000 ) ) ;
#2806 = CARTESIAN_POINT ( 'NONE',  ( -9.034538093588908581, -64.31857913103716839, 6.000000000000000000 ) ) ;
#2807 = DIRECTION ( 'NONE',  ( 1.000000000000000000, 0.000000000000000000, 0.000000000000000000 ) ) ;
#2808 = PLANE ( 'NONE',  #1919 ) ;
#2809 = VERTEX_POINT ( 'NONE', #394 ) ;
#2810 = DIRECTION ( 'NONE',  ( -1.000000000000000000, 0.000000000000000000, 0.000000000000000000 ) ) ;
#2811 = CARTESIAN_POINT ( 'NONE',  ( 165.4995305801830341, -59.69276758487259116, 6.000000000000000000 ) ) ;
#2812 = AXIS2_PLACEMENT_3D ( 'NONE', #808, #826, #1800 ) ;
#2813 = CARTESIAN_POINT ( 'NONE',  ( 109.9881959686450301, -9.599519172849722892, 3.000000000000000000 ) ) ;
#2814 = ORIENTED_EDGE ( 'NONE', *, *, #1420, .T. ) ;
#2815 = VECTOR ( 'NONE', #1314, 1000.000000000000000 ) ;
#2816 = EDGE_CURVE ( 'NONE', #874, #3016, #42, .T. ) ;
#2817 = DIRECTION ( 'NONE',  ( 1.000000000000000000, 0.000000000000000000, 0.000000000000000000 ) ) ;
#2818 = CARTESIAN_POINT ( 'NONE',  ( -15.52876795007799693, 25.05199055281859799, 3.000000000000000000 ) ) ;
#2819 = ORIENTED_EDGE ( 'NONE', *, *, #1617, .F. ) ;
#2820 = EDGE_CURVE ( 'NONE', #1451, #919, #1557, .T. ) ;
#2821 = CARTESIAN_POINT ( 'NONE',  ( 144.5826175290322340, -41.39622967456715941, 3.000000000000000000 ) ) ;
#2822 = VERTEX_POINT ( 'NONE', #1357 ) ;
#2823 = CARTESIAN_POINT ( 'NONE',  ( 69.12797754963551711, 12.36936218367450913, 3.000000000000000000 ) ) ;
#2824 = ORIENTED_EDGE ( 'NONE', *, *, #1461, .T. ) ;
#2825 = CARTESIAN_POINT ( 'NONE',  ( -1.550000000000020473, -28.99999999999998934, 3.000000000000000000 ) ) ;
#2826 = CIRCLE ( 'NONE', #77, 1.549999999999999378 ) ;
#2827 = VERTEX_POINT ( 'NONE', #1573 ) ;
#2828 = CYLINDRICAL_SURFACE ( 'NONE', #2606, 25.15000000000000568 ) ;
#2829 = FACE_OUTER_BOUND ( 'NONE', #1693, .T. ) ;
#2830 = CARTESIAN_POINT ( 'NONE',  ( 9.034538093588889041, 64.31857913103718261, 3.000000000000000000 ) ) ;
#2831 = ORIENTED_EDGE ( 'NONE', *, *, #3058, .F. ) ;
#2832 = DIRECTION ( 'NONE',  ( -0.7071067811865566766, 0.7071067811865384689, 0.000000000000000000 ) ) ;
#2833 = CARTESIAN_POINT ( 'NONE',  ( 76.74516107323535152, 9.055717746539230006, 3.000000000000000000 ) ) ;
#2834 = ORIENTED_EDGE ( 'NONE', *, *, #1755, .T. ) ;
#2835 = FACE_OUTER_BOUND ( 'NONE', #345, .T. ) ;
#2836 = EDGE_CURVE ( 'NONE', #416, #136, #2844, .T. ) ;
#2837 = DIRECTION ( 'NONE',  ( -1.000000000000000000, 0.000000000000000000, 0.000000000000000000 ) ) ;
#2838 = CARTESIAN_POINT ( 'NONE',  ( -2.081668171172168513E-14, -28.99999999999998934, 6.000000000000000000 ) ) ;
#2839 = ORIENTED_EDGE ( 'NONE', *, *, #1354, .F. ) ;
#2840 = CARTESIAN_POINT ( 'NONE',  ( -24.90550061809986460, 3.498362325693096686, 3.000000000000000000 ) ) ;
#2841 = CARTESIAN_POINT ( 'NONE',  ( 3.498362325693002983, 24.90550061809984328, 6.000000000000000000 ) ) ;
#2842 = VECTOR ( 'NONE', #375, 1000.000000000000000 ) ;
#2843 = CIRCLE ( 'NONE', #94, 0.9999999999999870104 ) ;
#2844 = LINE ( 'NONE', #3015, #988 ) ;
#2845 = ORIENTED_EDGE ( 'NONE', *, *, #2957, .T. ) ;
#2846 = CARTESIAN_POINT ( 'NONE',  ( 132.3489297065997619, -52.64001342421275353, 6.000000000000000000 ) ) ;
#2847 = DIRECTION ( 'NONE',  ( -1.000000000000000000, 0.000000000000000000, 0.000000000000000000 ) ) ;
#2848 = VECTOR ( 'NONE', #218, 1000.000000000000000 ) ;
#2849 = EDGE_LOOP ( 'NONE', ( #2865, #675, #1394, #1964 ) ) ;
#2850 = CARTESIAN_POINT ( 'NONE',  ( 149.5429903554451698, -61.23088784095008208, 6.000000000000000000 ) ) ;
#2851 = CARTESIAN_POINT ( 'NONE',  ( 86.99472106095397805, -23.40060592511613891, 3.000000000000000000 ) ) ;
#2852 = EDGE_CURVE ( 'NONE', #933, #2564, #361, .T. ) ;
#2853 = DIRECTION ( 'NONE',  ( -0.000000000000000000, -0.000000000000000000, 1.000000000000000000 ) ) ;
#2854 = EDGE_CURVE ( 'NONE', #367, #211, #838, .T. ) ;
#2855 = ORIENTED_EDGE ( 'NONE', *, *, #236, .T. ) ;
#2856 = DIRECTION ( 'NONE',  ( -0.000000000000000000, -0.000000000000000000, 1.000000000000000000 ) ) ;
#2857 = CARTESIAN_POINT ( 'NONE',  ( 25.08817675479869891, -15.96933128205096253, 6.000000000000000000 ) ) ;
#2858 = EDGE_CURVE ( 'NONE', #2392, #692, #1242, .T. ) ;
#2859 = FACE_OUTER_BOUND ( 'NONE', #1134, .T. ) ;
#2860 = VERTEX_POINT ( 'NONE', #2085 ) ;
#2861 = ORIENTED_EDGE ( 'NONE', *, *, #2064, .T. ) ;
#2862 = CARTESIAN_POINT ( 'NONE',  ( -15.52876795007799693, -25.05199055281860510, 6.000000000000000000 ) ) ;
#2863 = PLANE ( 'NONE',  #1345 ) ;
#2864 = VECTOR ( 'NONE', #1997, 1000.000000000000000 ) ;
#2865 = ORIENTED_EDGE ( 'NONE', *, *, #256, .F. ) ;
#2866 = CYLINDRICAL_SURFACE ( 'NONE', #867, 1.000000000000014655 ) ;
#2867 = AXIS2_PLACEMENT_3D ( 'NONE', #342, #130, #2795 ) ;
#2868 = CARTESIAN_POINT ( 'NONE',  ( 78.64354198142949315, -21.21135608589663946, 6.000000000000000000 ) ) ;
#2869 = VECTOR ( 'NONE', #1760, 1000.000000000000000 ) ;
#2870 = CYLINDRICAL_SURFACE ( 'NONE', #2375, 1.000000000000000888 ) ;
#2871 = EDGE_CURVE ( 'NONE', #635, #3135, #1865, .T. ) ;
#2872 = CARTESIAN_POINT ( 'NONE',  ( 0.000000000000000000, 0.000000000000000000, 3.000000000000000000 ) ) ;
#2873 = DIRECTION ( 'NONE',  ( 0.000000000000000000, 0.000000000000000000, -1.000000000000000000 ) ) ;
#2874 = AXIS2_PLACEMENT_3D ( 'NONE', #1157, #1188, #239 ) ;
#2875 = CARTESIAN_POINT ( 'NONE',  ( 104.4935068955273181, -5.901820090542344133, 6.000000000000000000 ) ) ;
#2876 = ADVANCED_FACE ( 'NONE', ( #181 ), #1604, .F. ) ;
#2877 = ORIENTED_EDGE ( 'NONE', *, *, #2800, .T. ) ;
#2878 = DIRECTION ( 'NONE',  ( 1.000000000000000000, 0.000000000000000000, 0.000000000000000000 ) ) ;
#2879 = VECTOR ( 'NONE', #1748, 1000.000000000000000 ) ;
#2880 = ORIENTED_EDGE ( 'NONE', *, *, #467, .F. ) ;
#2881 = ORIENTED_EDGE ( 'NONE', *, *, #2556, .F. ) ;
#2882 = EDGE_LOOP ( 'NONE', ( #170, #1958, #2616, #2635 ) ) ;
#2883 = EDGE_CURVE ( 'NONE', #1120, #380, #2268, .T. ) ;
#2884 = FACE_OUTER_BOUND ( 'NONE', #2849, .T. ) ;
#2885 = EDGE_CURVE ( 'NONE', #820, #1057, #866, .T. ) ;
#2886 = DIRECTION ( 'NONE',  ( -0.000000000000000000, -0.000000000000000000, 1.000000000000000000 ) ) ;
#2887 = FACE_OUTER_BOUND ( 'NONE', #14, .T. ) ;
#2888 = DIRECTION ( 'NONE',  ( 0.000000000000000000, 0.000000000000000000, -1.000000000000000000 ) ) ;
#2889 = DIRECTION ( 'NONE',  ( -0.3251624956437123015, 0.9456581578069068739, 0.000000000000000000 ) ) ;
#2890 = CARTESIAN_POINT ( 'NONE',  ( 3.498362325693002983, 24.90550061809984328, 6.000000000000000000 ) ) ;
#2891 = VERTEX_POINT ( 'NONE', #2799 ) ;
#2892 = ORIENTED_EDGE ( 'NONE', *, *, #989, .T. ) ;
#2893 = AXIS2_PLACEMENT_3D ( 'NONE', #1389, #2164, #1424 ) ;
#2894 = DIRECTION ( 'NONE',  ( -1.000000000000000000, 0.000000000000000000, 0.000000000000000000 ) ) ;
#2895 = EDGE_CURVE ( 'NONE', #2231, #550, #3080, .T. ) ;
#2896 = AXIS2_PLACEMENT_3D ( 'NONE', #2772, #2755, #2511 ) ;
#2897 = CIRCLE ( 'NONE', #587, 2.700000000000008171 ) ;
#2898 = VERTEX_POINT ( 'NONE', #850 ) ;
#2899 = VECTOR ( 'NONE', #666, 1000.000000000000114 ) ;
#2900 =( NAMED_UNIT ( * ) PLANE_ANGLE_UNIT ( ) SI_UNIT ( $, .RADIAN. ) );
#2901 = EDGE_CURVE ( 'NONE', #1089, #550, #132, .T. ) ;
#2902 = AXIS2_PLACEMENT_3D ( 'NONE', #396, #1087, #2508 ) ;
#2903 = CARTESIAN_POINT ( 'NONE',  ( 103.7864001143407648, -5.194713309355808661, 3.000000000000000000 ) ) ;
#2904 = CARTESIAN_POINT ( 'NONE',  ( 86.28761427976741061, -22.69349914392960343, 6.000000000000000000 ) ) ;
#2905 = CARTESIAN_POINT ( 'NONE',  ( -24.51857913103716413, -9.034538093589127072, 3.000000000000000000 ) ) ;
#2906 = DIRECTION ( 'NONE',  ( 0.000000000000000000, 0.000000000000000000, -1.000000000000000000 ) ) ;
#2907 = ORIENTED_EDGE ( 'NONE', *, *, #1855, .F. ) ;
#2908 = ORIENTED_EDGE ( 'NONE', *, *, #2836, .F. ) ;
#2909 = FACE_OUTER_BOUND ( 'NONE', #2174, .T. ) ;
#2910 = EDGE_CURVE ( 'NONE', #2601, #2650, #611, .T. ) ;
#2911 = ORIENTED_EDGE ( 'NONE', *, *, #1595, .T. ) ;
#2912 = DIRECTION ( 'NONE',  ( -0.000000000000000000, -0.000000000000000000, 1.000000000000000000 ) ) ;
#2913 = EDGE_CURVE ( 'NONE', #1189, #878, #486, .T. ) ;
#2914 = VERTEX_POINT ( 'NONE', #2599 ) ;
#2915 = AXIS2_PLACEMENT_3D ( 'NONE', #2065, #3110, #3126 ) ;
#2916 = DIRECTION ( 'NONE',  ( 1.000000000000000000, 0.000000000000000000, 0.000000000000000000 ) ) ;
#2917 = CIRCLE ( 'NONE', #607, 1.000000000000000888 ) ;
#2918 = LINE ( 'NONE', #716, #541 ) ;
#2919 = CARTESIAN_POINT ( 'NONE',  ( 144.5826175290322340, -41.39622967456715941, 6.000000000000000000 ) ) ;
#2920 = CYLINDRICAL_SURFACE ( 'NONE', #1072, 1.000000000000000888 ) ;
#2921 = AXIS2_PLACEMENT_3D ( 'NONE', #2232, #1208, #1737 ) ;
#2922 = AXIS2_PLACEMENT_3D ( 'NONE', #2004, #1988, #2983 ) ;
#2923 = VERTEX_POINT ( 'NONE', #410 ) ;
#2924 = VERTEX_POINT ( 'NONE', #2328 ) ;
#2925 = CARTESIAN_POINT ( 'NONE',  ( 86.99472106095397805, -23.40060592511613891, 6.000000000000000000 ) ) ;
#2926 = CIRCLE ( 'NONE', #1789, 19.99999999999998934 ) ;
#2927 = AXIS2_PLACEMENT_3D ( 'NONE', #424, #2370, #2179 ) ;
#2928 = ORIENTED_EDGE ( 'NONE', *, *, #1361, .T. ) ;
#2929 = DIRECTION ( 'NONE',  ( 1.000000000000000000, 0.000000000000000000, 0.000000000000000000 ) ) ;
#2930 = ORIENTED_EDGE ( 'NONE', *, *, #678, .T. ) ;
#2931 = ORIENTED_EDGE ( 'NONE', *, *, #1542, .T. ) ;
#2932 = CARTESIAN_POINT ( 'NONE',  ( 31.00000000000000000, 23.98252879633256285, 6.000000000000000000 ) ) ;
#2933 = ORIENTED_EDGE ( 'NONE', *, *, #256, .T. ) ;
#2934 = DIRECTION ( 'NONE',  ( 1.000000000000000000, 0.000000000000000000, 0.000000000000000000 ) ) ;
#2935 = VERTEX_POINT ( 'NONE', #117 ) ;
#2936 = DIRECTION ( 'NONE',  ( 0.7071067811865383579, 0.7071067811865565655, 0.000000000000000000 ) ) ;
#2937 = DIRECTION ( 'NONE',  ( -1.000000000000000000, 0.000000000000000000, 0.000000000000000000 ) ) ;
#2938 = EDGE_CURVE ( 'NONE', #1162, #1740, #2054, .T. ) ;
#2939 = EDGE_CURVE ( 'NONE', #1655, #253, #276, .T. ) ;
#2940 = EDGE_LOOP ( 'NONE', ( #1351, #112, #1998, #1489 ) ) ;
#2941 = CARTESIAN_POINT ( 'NONE',  ( 22.38817675479869251, -15.96933128205096253, 6.000000000000000000 ) ) ;
#2942 = CIRCLE ( 'NONE', #585, 2.700000000000011280 ) ;
#2943 = AXIS2_PLACEMENT_3D ( 'NONE', #3054, #814, #861 ) ;
#2944 = VERTEX_POINT ( 'NONE', #293 ) ;
#2945 = CARTESIAN_POINT ( 'NONE',  ( 86.28761427976741061, -22.69349914392960343, 3.000000000000000000 ) ) ;
#2946 = AXIS2_PLACEMENT_3D ( 'NONE', #2821, #1534, #2525 ) ;
#2947 = AXIS2_PLACEMENT_3D ( 'NONE', #1954, #999, #1496 ) ;
#2948 = VERTEX_POINT ( 'NONE', #2407 ) ;
#2949 = DIRECTION ( 'NONE',  ( 1.000000000000000000, 0.000000000000000000, 0.000000000000000000 ) ) ;
#2950 = VERTEX_POINT ( 'NONE', #1155 ) ;
#2951 = CYLINDRICAL_SURFACE ( 'NONE', #1560, 1.000000000000000888 ) ;
#2952 = AXIS2_PLACEMENT_3D ( 'NONE', #1359, #184, #1032 ) ;
#2953 = DIRECTION ( 'NONE',  ( 0.000000000000000000, 0.000000000000000000, -1.000000000000000000 ) ) ;
#2954 = EDGE_CURVE ( 'NONE', #2591, #2312, #1657, .T. ) ;
#2955 = CARTESIAN_POINT ( 'NONE',  ( -3.300670485103986973, -166.9610859287278686, 3.000000000000000000 ) ) ;
#2956 = CYLINDRICAL_SURFACE ( 'NONE', #1558, 0.9999999999999870104 ) ;
#2957 = EDGE_CURVE ( 'NONE', #2464, #1961, #2628, .T. ) ;
#2958 = ORIENTED_EDGE ( 'NONE', *, *, #1494, .T. ) ;
#2959 = CARTESIAN_POINT ( 'NONE',  ( 78.12867327779571269, 10.22317402215912630, 3.000000000000000000 ) ) ;
#2960 = ORIENTED_EDGE ( 'NONE', *, *, #2398, .T. ) ;
#2961 = DIRECTION ( 'NONE',  ( 1.000000000000000000, 0.000000000000000000, 0.000000000000000000 ) ) ;
#2962 = ORIENTED_EDGE ( 'NONE', *, *, #69, .F. ) ;
#2963 = DIRECTION ( 'NONE',  ( 1.000000000000000000, 0.000000000000000000, 0.000000000000000000 ) ) ;
#2964 = CARTESIAN_POINT ( 'NONE',  ( 108.3151633611694109, -9.151231436765719707, 3.000000000000000000 ) ) ;
#2965 = DIRECTION ( 'NONE',  ( 0.000000000000000000, 0.000000000000000000, -1.000000000000000000 ) ) ;
#2966 = VECTOR ( 'NONE', #428, 1000.000000000000000 ) ;
#2967 = DIRECTION ( 'NONE',  ( 0.000000000000000000, 0.000000000000000000, -1.000000000000000000 ) ) ;
#2968 = DIRECTION ( 'NONE',  ( 0.000000000000000000, 0.000000000000000000, -1.000000000000000000 ) ) ;
#2969 = VECTOR ( 'NONE', #1052, 1000.000000000000000 ) ;
#2970 = ORIENTED_EDGE ( 'NONE', *, *, #1877, .F. ) ;
#2971 = VERTEX_POINT ( 'NONE', #2391 ) ;
#2972 = CYLINDRICAL_SURFACE ( 'NONE', #973, 2.700000000000008171 ) ;
#2973 = AXIS2_PLACEMENT_3D ( 'NONE', #575, #1786, #1584 ) ;
#2974 = ADVANCED_FACE ( 'NONE', ( #1498 ), #210, .F. ) ;
#2975 = ORIENTED_EDGE ( 'NONE', *, *, #2978, .T. ) ;
#2976 = CARTESIAN_POINT ( 'NONE',  ( 125.3432086005548740, -47.58668994021531518, 6.000000000000000000 ) ) ;
#2977 = CIRCLE ( 'NONE', #1593, 1.000000000000014655 ) ;
#2978 = EDGE_CURVE ( 'NONE', #633, #2782, #1145, .T. ) ;
#2979 = ORIENTED_EDGE ( 'NONE', *, *, #2505, .F. ) ;
#2980 = DIRECTION ( 'NONE',  ( 0.000000000000000000, 0.000000000000000000, -1.000000000000000000 ) ) ;
#2981 = DIRECTION ( 'NONE',  ( 1.000000000000000000, 0.000000000000000000, 0.000000000000000000 ) ) ;
#2982 = LINE ( 'NONE', #1551, #286 ) ;
#2983 = DIRECTION ( 'NONE',  ( 1.000000000000000000, 0.000000000000000000, 0.000000000000000000 ) ) ;
#2984 = LINE ( 'NONE', #2710, #1487 ) ;
#2985 = CARTESIAN_POINT ( 'NONE',  ( 3.498362325693028740, -24.90550061809984683, 6.000000000000000000 ) ) ;
#2986 = CARTESIAN_POINT ( 'NONE',  ( 0.000000000000000000, -8.131516293641283255E-15, 6.000000000000000000 ) ) ;
#2987 = VERTEX_POINT ( 'NONE', #2875 ) ;
#2988 = EDGE_CURVE ( 'NONE', #2586, #388, #2942, .T. ) ;
#2989 = DIRECTION ( 'NONE',  ( 1.000000000000000000, 0.000000000000000000, 0.000000000000000000 ) ) ;
#2990 = EDGE_CURVE ( 'NONE', #679, #2860, #2683, .T. ) ;
#2991 = EDGE_LOOP ( 'NONE', ( #1828, #443, #2204, #2087, #1358, #2322, #1164 ) ) ;
#2992 = EDGE_CURVE ( 'NONE', #1341, #3135, #2725, .T. ) ;
#2993 = FACE_OUTER_BOUND ( 'NONE', #1759, .T. ) ;
#2994 = AXIS2_PLACEMENT_3D ( 'NONE', #2544, #2043, #1256 ) ;
#2995 = CARTESIAN_POINT ( 'NONE',  ( -1.550000000000020473, 28.99999999999997513, 3.000000000000000000 ) ) ;
#2996 = EDGE_CURVE ( 'NONE', #1851, #1429, #1502, .T. ) ;
#2997 = EDGE_CURVE ( 'NONE', #243, #571, #1447, .T. ) ;
#2998 = CARTESIAN_POINT ( 'NONE',  ( 25.05199055281856246, 15.52876795007806976, 6.000000000000000000 ) ) ;
#2999 = LINE ( 'NONE', #2530, #238 ) ;
#3000 = CIRCLE ( 'NONE', #2533, 1.000000000000014655 ) ;
#3001 = ORIENTED_EDGE ( 'NONE', *, *, #678, .F. ) ;
#3002 = DIRECTION ( 'NONE',  ( -0.7071067811865455743, -0.7071067811865495711, -0.000000000000000000 ) ) ;
#3003 = FACE_OUTER_BOUND ( 'NONE', #2694, .T. ) ;
#3004 = ORIENTED_EDGE ( 'NONE', *, *, #1500, .F. ) ;
#3005 = DIRECTION ( 'NONE',  ( -0.000000000000000000, -0.000000000000000000, 1.000000000000000000 ) ) ;
#3006 = EDGE_LOOP ( 'NONE', ( #1185, #2452, #2722, #2600 ) ) ;
#3007 = CARTESIAN_POINT ( 'NONE',  ( -24.58628865436076083, -17.53722926247050040, 6.000000000000000000 ) ) ;
#3008 = PRODUCT_CONTEXT ( 'NONE', #1905, 'mechanical' ) ;
#3009 = CARTESIAN_POINT ( 'NONE',  ( 109.9881959686450301, -9.599519172849722892, 6.000000000000000000 ) ) ;
#3010 = CARTESIAN_POINT ( 'NONE',  ( 91.28176322693774125, -27.94038564956319703, 6.000000000000000000 ) ) ;
#3011 = ORIENTED_EDGE ( 'NONE', *, *, #2761, .F. ) ;
#3012 = DIRECTION ( 'NONE',  ( -1.000000000000000000, 0.000000000000000000, 0.000000000000000000 ) ) ;
#3013 = CARTESIAN_POINT ( 'NONE',  ( 24.90550061809982907, -3.498362325693084252, 6.000000000000000000 ) ) ;
#3014 = AXIS2_PLACEMENT_3D ( 'NONE', #1588, #1066, #1037 ) ;
#3015 = CARTESIAN_POINT ( 'NONE',  ( -24.51857913103717834, 9.034538093589119967, 6.000000000000000000 ) ) ;
#3016 = VERTEX_POINT ( 'NONE', #917 ) ;
#3017 = CARTESIAN_POINT ( 'NONE',  ( 125.3432086005548740, -47.58668994021530096, 6.000000000000000000 ) ) ;
#3018 = ORIENTED_EDGE ( 'NONE', *, *, #954, .T. ) ;
#3019 = CARTESIAN_POINT ( 'NONE',  ( 109.9881959686450301, -9.599519172849722892, 3.000000000000000000 ) ) ;
#3020 = VECTOR ( 'NONE', #553, 1000.000000000000000 ) ;
#3021 = CYLINDRICAL_SURFACE ( 'NONE', #2173, 0.9999999999999870104 ) ;
#3022 = CIRCLE ( 'NONE', #875, 1.000000000000000888 ) ;
#3023 = CARTESIAN_POINT ( 'NONE',  ( 64.16953604585361859, 14.48198849175807368, 6.000000000000000000 ) ) ;
#3024 = CARTESIAN_POINT ( 'NONE',  ( 117.0450243322884063, -13.52734212079281839, 6.000000000000000000 ) ) ;
#3025 = EDGE_CURVE ( 'NONE', #2156, #1036, #3147, .T. ) ;
#3026 = ORIENTED_EDGE ( 'NONE', *, *, #1491, .T. ) ;
#3027 = CARTESIAN_POINT ( 'NONE',  ( 30.00000000000001066, 23.98252879633256285, 6.000000000000000000 ) ) ;
#3028 = CARTESIAN_POINT ( 'NONE',  ( 0.000000000000000000, 2.515349040166370287E-14, 6.000000000000000000 ) ) ;
#3029 = DIRECTION ( 'NONE',  ( 0.000000000000000000, 0.000000000000000000, -1.000000000000000000 ) ) ;
#3030 = ORIENTED_EDGE ( 'NONE', *, *, #109, .T. ) ;
#3031 = CARTESIAN_POINT ( 'NONE',  ( 77.71108689952443171, 9.314536791641756963, 6.000000000000000000 ) ) ;
#3032 = VERTEX_POINT ( 'NONE', #1744 ) ;
#3033 = CARTESIAN_POINT ( 'NONE',  ( 22.38817675479869251, 15.96933128205094832, 6.000000000000000000 ) ) ;
#3034 = CYLINDRICAL_SURFACE ( 'NONE', #1399, 39.79999999999998295 ) ;
#3035 = VECTOR ( 'NONE', #598, 1000.000000000000000 ) ;
#3036 = VECTOR ( 'NONE', #2562, 1000.000000000000000 ) ;
#3037 = CARTESIAN_POINT ( 'NONE',  ( 64.16953604585361859, 14.48198849175807368, 3.000000000000000000 ) ) ;
#3038 = LINE ( 'NONE', #845, #2789 ) ;
#3039 = AXIS2_PLACEMENT_3D ( 'NONE', #2787, #96, #2236 ) ;
#3040 = AXIS2_PLACEMENT_3D ( 'NONE', #1211, #1497, #2473 ) ;
#3041 = ADVANCED_FACE ( 'NONE', ( #674 ), #1973, .F. ) ;
#3042 = VERTEX_POINT ( 'NONE', #3112 ) ;
#3043 = CIRCLE ( 'NONE', #2274, 25.15000000000003055 ) ;
#3044 = CARTESIAN_POINT ( 'NONE',  ( 1.024880689364709403E-14, 2.168016842886885245E-15, 3.000000000000000000 ) ) ;
#3045 = FACE_OUTER_BOUND ( 'NONE', #13, .T. ) ;
#3046 = DIRECTION ( 'NONE',  ( 0.000000000000000000, 0.000000000000000000, -1.000000000000000000 ) ) ;
#3047 = ADVANCED_FACE ( 'NONE', ( #1650 ), #1726, .F. ) ;
#3048 = ORIENTED_EDGE ( 'NONE', *, *, #1206, .F. ) ;
#3049 = DIRECTION ( 'NONE',  ( -0.000000000000000000, -0.000000000000000000, 1.000000000000000000 ) ) ;
#3050 = CARTESIAN_POINT ( 'NONE',  ( 9.034538093588889041, 64.31857913103718261, 6.000000000000000000 ) ) ;
#3051 = EDGE_LOOP ( 'NONE', ( #2551, #2292 ) ) ;
#3052 = DIRECTION ( 'NONE',  ( 1.000000000000000000, 0.000000000000000000, 0.000000000000000000 ) ) ;
#3053 = DIRECTION ( 'NONE',  ( 0.000000000000000000, 0.000000000000000000, -1.000000000000000000 ) ) ;
#3054 = CARTESIAN_POINT ( 'NONE',  ( 50.00000000000000000, -102.3011057633872269, 6.000000000000000000 ) ) ;
#3055 = ORIENTED_EDGE ( 'NONE', *, *, #2954, .F. ) ;
#3056 = DIRECTION ( 'NONE',  ( -0.000000000000000000, -0.000000000000000000, 1.000000000000000000 ) ) ;
#3057 = CARTESIAN_POINT ( 'NONE',  ( -3.300670485103986973, -166.9610859287278686, 6.000000000000000000 ) ) ;
#3058 = EDGE_CURVE ( 'NONE', #2497, #2507, #2788, .T. ) ;
#3059 = ORIENTED_EDGE ( 'NONE', *, *, #383, .F. ) ;
#3060 = AXIS2_PLACEMENT_3D ( 'NONE', #2752, #558, #2509 ) ;
#3061 = DIRECTION ( 'NONE',  ( 0.5154057535435777604, 0.8569462697358433134, 0.000000000000000000 ) ) ;
#3062 = AXIS2_PLACEMENT_3D ( 'NONE', #1100, #1824, #3002 ) ;
#3063 = ORIENTED_EDGE ( 'NONE', *, *, #967, .T. ) ;
#3064 = CIRCLE ( 'NONE', #3117, 2.700000000000008171 ) ;
#3065 = CARTESIAN_POINT ( 'NONE',  ( 91.28176322693774125, -27.94038564956319703, 6.000000000000000000 ) ) ;
#3066 = PLANE ( 'NONE',  #636 ) ;
#3067 = EDGE_CURVE ( 'NONE', #1285, #2971, #3098, .T. ) ;
#3068 = ORIENTED_EDGE ( 'NONE', *, *, #2659, .F. ) ;
#3069 = ORIENTED_EDGE ( 'NONE', *, *, #493, .F. ) ;
#3070 = AXIS2_PLACEMENT_3D ( 'NONE', #2805, #368, #1332 ) ;
#3071 = CARTESIAN_POINT ( 'NONE',  ( 1.414573065044561151, 32.98332254088345650, 6.000000000000000000 ) ) ;
#3072 = AXIS2_PLACEMENT_3D ( 'NONE', #1698, #483, #502 ) ;
#3073 = DIRECTION ( 'NONE',  ( -0.000000000000000000, -0.000000000000000000, 1.000000000000000000 ) ) ;
#3074 = ORIENTED_EDGE ( 'NONE', *, *, #2742, .F. ) ;
#3075 = DIRECTION ( 'NONE',  ( 0.000000000000000000, 0.000000000000000000, -1.000000000000000000 ) ) ;
#3076 = ADVANCED_FACE ( 'NONE', ( #2859 ), #658, .F. ) ;
#3077 = ORIENTED_EDGE ( 'NONE', *, *, #3134, .T. ) ;
#3078 = CARTESIAN_POINT ( 'NONE',  ( 144.8414365741347751, -42.36215550085623960, 6.000000000000000000 ) ) ;
#3079 = DIRECTION ( 'NONE',  ( 1.000000000000000000, 0.000000000000000000, 0.000000000000000000 ) ) ;
#3080 = LINE ( 'NONE', #2568, #2426 ) ;
#3081 = VERTEX_POINT ( 'NONE', #125 ) ;
#3082 = DIRECTION ( 'NONE',  ( 0.000000000000000000, 0.000000000000000000, -1.000000000000000000 ) ) ;
#3083 = DIRECTION ( 'NONE',  ( 0.000000000000000000, 0.000000000000000000, -1.000000000000000000 ) ) ;
#3084 = VERTEX_POINT ( 'NONE', #81 ) ;
#3085 = EDGE_CURVE ( 'NONE', #211, #289, #1304, .T. ) ;
#3086 = ORIENTED_EDGE ( 'NONE', *, *, #617, .F. ) ;
#3087 = CARTESIAN_POINT ( 'NONE',  ( 70.80101015711112211, 11.92107444759049173, 3.000000000000000000 ) ) ;
#3088 = EDGE_CURVE ( 'NONE', #1523, #105, #1762, .T. ) ;
#3089 = DIRECTION ( 'NONE',  ( 0.000000000000000000, 0.000000000000000000, -1.000000000000000000 ) ) ;
#3090 = EDGE_CURVE ( 'NONE', #762, #935, #1197, .T. ) ;
#3091 = DIRECTION ( 'NONE',  ( -1.000000000000000000, 0.000000000000000000, 0.000000000000000000 ) ) ;
#3092 = AXIS2_PLACEMENT_3D ( 'NONE', #453, #1667, #1986 ) ;
#3093 = AXIS2_PLACEMENT_3D ( 'NONE', #2434, #1486, #248 ) ;
#3094 = VERTEX_POINT ( 'NONE', #1075 ) ;
#3095 = CYLINDRICAL_SURFACE ( 'NONE', #1478, 1.000000000000000888 ) ;
#3096 = LINE ( 'NONE', #1200, #1129 ) ;
#3097 = CIRCLE ( 'NONE', #3040, 33.00000000000000000 ) ;
#3098 = LINE ( 'NONE', #901, #2171 ) ;
#3099 = EDGE_LOOP ( 'NONE', ( #237, #30, #2114, #961 ) ) ;
#3100 = AXIS2_PLACEMENT_3D ( 'NONE', #2096, #940, #1614 ) ;
#3101 = ORIENTED_EDGE ( 'NONE', *, *, #2222, .F. ) ;
#3102 = DIRECTION ( 'NONE',  ( -0.000000000000000000, -0.000000000000000000, 1.000000000000000000 ) ) ;
#3103 = DIRECTION ( 'NONE',  ( 0.9659258262890663138, 0.2588190451025282335, 0.000000000000000000 ) ) ;
#3104 = ORIENTED_EDGE ( 'NONE', *, *, #1839, .T. ) ;
#3105 = LINE ( 'NONE', #2623, #1678 ) ;
#3106 = ADVANCED_FACE ( 'NONE', ( #2267 ), #1048, .F. ) ;
#3107 = FACE_OUTER_BOUND ( 'NONE', #2630, .T. ) ;
#3108 = LINE ( 'NONE', #190, #1970 ) ;
#3109 = EDGE_CURVE ( 'NONE', #1655, #2601, #889, .T. ) ;
#3110 = DIRECTION ( 'NONE',  ( -0.000000000000000000, -0.000000000000000000, 1.000000000000000000 ) ) ;
#3111 = DIRECTION ( 'NONE',  ( -0.000000000000000000, -0.000000000000000000, 1.000000000000000000 ) ) ;
#3112 = CARTESIAN_POINT ( 'NONE',  ( -1.550000000000020473, 28.99999999999997513, 6.000000000000000000 ) ) ;
#3113 = ORIENTED_EDGE ( 'NONE', *, *, #2913, .F. ) ;
#3114 = CARTESIAN_POINT ( 'NONE',  ( 9.034538093588915686, -64.31857913103716839, 6.000000000000000000 ) ) ;
#3115 = CARTESIAN_POINT ( 'NONE',  ( -2.385469812811840780E-15, 33.00000000000000000, 6.000000000000000000 ) ) ;
#3116 = ORIENTED_EDGE ( 'NONE', *, *, #2730, .F. ) ;
#3117 = AXIS2_PLACEMENT_3D ( 'NONE', #1511, #1576, #2989 ) ;
#3118 = ORIENTED_EDGE ( 'NONE', *, *, #1729, .T. ) ;
#3119 = CARTESIAN_POINT ( 'NONE',  ( 31.00000000000000000, 23.98252879633256285, 6.000000000000000000 ) ) ;
#3120 = VECTOR ( 'NONE', #929, 1000.000000000000000 ) ;
#3121 = VERTEX_POINT ( 'NONE', #2059 ) ;
#3122 = CARTESIAN_POINT ( 'NONE',  ( 30.00000000000001066, 23.98252879633256285, 3.000000000000000000 ) ) ;
#3123 = CIRCLE ( 'NONE', #2768, 1.000000000000000888 ) ;
#3124 = CARTESIAN_POINT ( 'NONE',  ( 145.5826175290322340, -41.39622967456715941, 6.000000000000000000 ) ) ;
#3125 = ADVANCED_FACE ( 'NONE', ( #2001 ), #3021, .F. ) ;
#3126 = DIRECTION ( 'NONE',  ( 1.000000000000000000, 0.000000000000000000, 0.000000000000000000 ) ) ;
#3127 = DIRECTION ( 'NONE',  ( 1.000000000000000000, 0.000000000000000000, 0.000000000000000000 ) ) ;
#3128 = ADVANCED_FACE ( 'NONE', ( #1758 ), #3034, .T. ) ;
#3129 = VECTOR ( 'NONE', #2566, 1000.000000000000114 ) ;
#3130 = CARTESIAN_POINT ( 'NONE',  ( -24.51857913103716413, -9.034538093589127072, 6.000000000000000000 ) ) ;
#3131 = VERTEX_POINT ( 'NONE', #107 ) ;
#3132 = ORIENTED_EDGE ( 'NONE', *, *, #2150, .T. ) ;
#3133 = CARTESIAN_POINT ( 'NONE',  ( 41.54464528357758013, -17.72269849167592071, 6.000000000000000000 ) ) ;
#3134 = EDGE_CURVE ( 'NONE', #1961, #1375, #2982, .T. ) ;
#3135 = VERTEX_POINT ( 'NONE', #546 ) ;
#3136 = ORIENTED_EDGE ( 'NONE', *, *, #719, .T. ) ;
#3137 = DIRECTION ( 'NONE',  ( -0.000000000000000000, -0.000000000000000000, 1.000000000000000000 ) ) ;
#3138 = ORIENTED_EDGE ( 'NONE', *, *, #1124, .T. ) ;
#3139 = DIRECTION ( 'NONE',  ( 0.000000000000000000, 0.000000000000000000, -1.000000000000000000 ) ) ;
#3140 = DIRECTION ( 'NONE',  ( 1.000000000000000000, 0.000000000000000000, 0.000000000000000000 ) ) ;
#3141 = DIRECTION ( 'NONE',  ( 0.000000000000000000, 0.000000000000000000, -1.000000000000000000 ) ) ;
#3142 = DIRECTION ( 'NONE',  ( 0.000000000000000000, 0.000000000000000000, -1.000000000000000000 ) ) ;
#3143 = EDGE_CURVE ( 'NONE', #1249, #2619, #686, .T. ) ;
#3144 = DIRECTION ( 'NONE',  ( 0.000000000000000000, 0.000000000000000000, -1.000000000000000000 ) ) ;
#3145 = EDGE_CURVE ( 'NONE', #1818, #243, #2492, .T. ) ;
#3146 = EDGE_LOOP ( 'NONE', ( #240, #772, #3138, #2032 ) ) ;
#3147 = CIRCLE ( 'NONE', #2374, 2.549999999999996714 ) ;
ENDSEC;
END-ISO-10303-21;
