ISO-10303-21;
HEADER;
FILE_DESCRIPTION (( 'STEP AP214' ),
    '1' );
FILE_NAME ('¿ì²ð·¨À¼02.step',
    '2026-04-21T06:29:31',
    ( '' ),
    ( '' ),
    'SwSTEP 2.0',
    'SolidWorks 2024',
    '' );
FILE_SCHEMA (( 'AUTOMOTIVE_DESIGN' ));
ENDSEC;

DATA;
#1 = CARTESIAN_POINT ( 'NONE',  ( -10.58578643762693794, 5.999999999999993783, 8.999999999999985789 ) ) ;
#2 = ADVANCED_FACE ( 'NONE', ( #2916 ), #2898, .F. ) ;
#3 = DIRECTION ( 'NONE',  ( -0.000000000000000000, -0.000000000000000000, -1.000000000000000000 ) ) ;
#4 = CARTESIAN_POINT ( 'NONE',  ( 6.000434516904693538, -1.444652180050272294, 10.15258903650247113 ) ) ;
#5 = DIRECTION ( 'NONE',  ( -0.000000000000000000, -0.000000000000000000, -1.000000000000000000 ) ) ;
#6 = ORIENTED_EDGE ( 'NONE', *, *, #2116, .T. ) ;
#7 = DIRECTION ( 'NONE',  ( -0.7071067811865475727, 0.000000000000000000, -0.7071067811865475727 ) ) ;
#8 = ORIENTED_EDGE ( 'NONE', *, *, #2793, .T. ) ;
#9 = CIRCLE ( 'NONE', #2487, 6.499999999999998224 ) ;
#10 = DIRECTION ( 'NONE',  ( 0.000000000000000000, 0.000000000000000000, 1.000000000000000000 ) ) ;
#11 = EDGE_CURVE ( 'NONE', #3123, #3381, #2651, .T. ) ;
#12 = ORIENTED_EDGE ( 'NONE', *, *, #2834, .F. ) ;
#13 = CARTESIAN_POINT ( 'NONE',  ( 22.50000000000000000, -2.999999999999994227, 41.00000000000000000 ) ) ;
#14 = ORIENTED_EDGE ( 'NONE', *, *, #2202, .T. ) ;
#15 =( BOUNDED_CURVE ( )  B_SPLINE_CURVE ( 3, ( #2132, #2663, #529, #3201 ),
 .UNSPECIFIED., .F., .T. ) 
 B_SPLINE_CURVE_WITH_KNOTS ( ( 4, 4 ),
 ( -1.598721155460225418E-14, 1.570796326794896780 ),
 .UNSPECIFIED. ) 
 CURVE ( )  GEOMETRIC_REPRESENTATION_ITEM ( )  RATIONAL_B_SPLINE_CURVE ( ( 1.000000000000000000, 0.8047378541243610517, 0.8047378541243610517, 1.000000000000000000 ) ) 
 REPRESENTATION_ITEM ( '' )  );
#16 = PLANE ( 'NONE',  #2594 ) ;
#17 = B_SPLINE_CURVE_WITH_KNOTS ( 'NONE', 3,
 ( #3331, #2305, #2568, #202, #3090, #2872, #2008, #2510, #1501, #1463, #147, #419, #698, #3368, #3313, #3349, #1775, #990, #2049, #1758, #732, #1485, #933, #3383, #1991, #3053, #677, #2819, #2533, #163, #439, #2551 ),
 .UNSPECIFIED., .F., .F.,
 ( 4, 2, 2, 2, 2, 2, 1, 2, 2, 2, 2, 2, 2, 1, 2, 2, 4 ),
 ( 0.000000000000000000, 0.1249999999999990563, 0.2499999999999981126, 0.3749999999999971689, 0.4374999999999978906, 0.4999999999999986677, 0.5624999999999994449, 0.5937499999999994449, 0.6249999999999993339, 0.6875000000000027756, 0.7187500000000063283, 0.7500000000000098810, 0.8125000000000166533, 0.8437500000000180966, 0.8593750000000167644, 0.8750000000000153211, 1.000000000000000000 ),
 .UNSPECIFIED. ) ;
#18 = CARTESIAN_POINT ( 'NONE',  ( 10.58578643762693616, 4.999999999999997335, 0.000000000000000000 ) ) ;
#19 = DIRECTION ( 'NONE',  ( -9.435651794974608658E-17, 0.7071067811865475727, -0.7071067811865475727 ) ) ;
#20 = DIRECTION ( 'NONE',  ( -0.4999999999999976685, -0.5000000000000026645, 0.7071067811865472397 ) ) ;
#21 = DIRECTION ( 'NONE',  ( -0.000000000000000000, -0.000000000000000000, 1.000000000000000000 ) ) ;
#22 = ORIENTED_EDGE ( 'NONE', *, *, #2081, .F. ) ;
#23 = CARTESIAN_POINT ( 'NONE',  ( 5.500000000000029310, -1.000000000000000000, 10.49999999999999822 ) ) ;
#24 = ORIENTED_EDGE ( 'NONE', *, *, #2468, .F. ) ;
#25 = EDGE_CURVE ( 'NONE', #2972, #638, #2102, .T. ) ;
#26 = CIRCLE ( 'NONE', #2727, 1.500000000000001332 ) ;
#27 = EDGE_CURVE ( 'NONE', #705, #2140, #1852, .T. ) ;
#28 = CARTESIAN_POINT ( 'NONE',  ( 22.50000000000000711, -6.500000000000094147, 43.00000000000000000 ) ) ;
#29 = ORIENTED_EDGE ( 'NONE', *, *, #1800, .T. ) ;
#30 = DIRECTION ( 'NONE',  ( 1.000000000000000000, 0.000000000000000000, 0.000000000000000000 ) ) ;
#31 = VERTEX_POINT ( 'NONE', #774 ) ;
#32 = DIRECTION ( 'NONE',  ( 1.000000000000000000, 0.000000000000000000, 0.000000000000000000 ) ) ;
#33 = ORIENTED_EDGE ( 'NONE', *, *, #2379, .T. ) ;
#34 = FACE_OUTER_BOUND ( 'NONE', #3341, .T. ) ;
#35 = CIRCLE ( 'NONE', #2231, 6.500000000000000888 ) ;
#36 = CARTESIAN_POINT ( 'NONE',  ( -5.502455850279864613, -0.9999994255190428616, 10.47051291716619836 ) ) ;
#37 = DIRECTION ( 'NONE',  ( 0.4999999999999943379, 0.4999999999999980016, -0.7071067811865529018 ) ) ;
#38 = AXIS2_PLACEMENT_3D ( 'NONE', #2678, #2381, #2912 ) ;
#39 = CIRCLE ( 'NONE', #256, 1.500000000000001332 ) ;
#40 = ORIENTED_EDGE ( 'NONE', *, *, #343, .F. ) ;
#41 = CYLINDRICAL_SURFACE ( 'NONE', #2378, 0.9999999999999956701 ) ;
#42 = CARTESIAN_POINT ( 'NONE',  ( -6.409133018448260444, -0.5908669815517408885, 9.018611019496745485 ) ) ;
#43 = CARTESIAN_POINT ( 'NONE',  ( 13.00000000000000888, -15.99999999999999645, 41.00000000000000000 ) ) ;
#44 = VERTEX_POINT ( 'NONE', #246 ) ;
#45 = SURFACE_STYLE_FILL_AREA ( #813 ) ;
#46 = ORIENTED_EDGE ( 'NONE', *, *, #2564, .F. ) ;
#47 = FACE_OUTER_BOUND ( 'NONE', #2154, .T. ) ;
#48 = ORIENTED_EDGE ( 'NONE', *, *, #1699, .F. ) ;
#49 = FACE_BOUND ( 'NONE', #2358, .T. ) ;
#50 = AXIS2_PLACEMENT_3D ( 'NONE', #477, #421, #660 ) ;
#51 = DIRECTION ( 'NONE',  ( -1.000000000000000000, -1.264902534566415512E-16, 0.000000000000000000 ) ) ;
#52 = PRODUCT_CONTEXT ( 'NONE', #1134, 'mechanical' ) ;
#53 = DIRECTION ( 'NONE',  ( 1.000000000000000000, 1.264902534566415759E-16, 0.000000000000000000 ) ) ;
#54 = DIRECTION ( 'NONE',  ( -1.000000000000000000, 0.000000000000000000, 0.000000000000000000 ) ) ;
#55 = VERTEX_POINT ( 'NONE', #1565 ) ;
#56 = FACE_OUTER_BOUND ( 'NONE', #3204, .T. ) ;
#57 = CARTESIAN_POINT ( 'NONE',  ( -22.50000000000000000, -3.000000000000000000, 41.00000000000000000 ) ) ;
#58 = ORIENTED_EDGE ( 'NONE', *, *, #415, .F. ) ;
#59 = AXIS2_PLACEMENT_3D ( 'NONE', #2689, #2388, #315 ) ;
#60 = LINE ( 'NONE', #43, #929 ) ;
#61 = CARTESIAN_POINT ( 'NONE',  ( 5.500068038967918405, -0.9288991816242001542, 10.12849830915206972 ) ) ;
#62 = VECTOR ( 'NONE', #2361, 1000.000000000000114 ) ;
#63 = B_SPLINE_SURFACE_WITH_KNOTS ( 'NONE', 1, 3, ( 
 ( #2407, #2390, #765, #1874 ),
 ( #1889, #2921, #2608, #250 ) ),
 .UNSPECIFIED., .F., .F., .F.,
 ( 2, 2 ),
 ( 4, 4 ),
 ( 0.000000000000000000, 1.000000000000000000 ),
 ( 4.712388980384689674, 4.950330105214872489 ),
 .UNSPECIFIED. ) ;
#64 = ORIENTED_EDGE ( 'NONE', *, *, #27, .F. ) ;
#65 = CARTESIAN_POINT ( 'NONE',  ( 21.56066017177981564, -7.560660171779924887, 43.50000000000000711 ) ) ;
#66 = AXIS2_PLACEMENT_3D ( 'NONE', #1813, #2553, #479 ) ;
#67 = ORIENTED_EDGE ( 'NONE', *, *, #2412, .F. ) ;
#68 = CARTESIAN_POINT ( 'NONE',  ( -4.000000000000000000, -8.750000000000000000, 38.50000000000000000 ) ) ;
#69 = EDGE_CURVE ( 'NONE', #2904, #267, #1299, .T. ) ;
#70 = LINE ( 'NONE', #387, #594 ) ;
#71 = CARTESIAN_POINT ( 'NONE',  ( 5.750000000000037303, -4.500000000000000000, 0.2500000000000013323 ) ) ;
#72 = DIRECTION ( 'NONE',  ( 0.000000000000000000, -0.7071067811865477948, 0.7071067811865473507 ) ) ;
#73 = EDGE_LOOP ( 'NONE', ( #1454, #325, #1427, #2527 ) ) ;
#74 = EDGE_CURVE ( 'NONE', #1727, #867, #26, .T. ) ;
#75 = DIRECTION ( 'NONE',  ( 1.000000000000000000, 0.000000000000000000, 0.000000000000000000 ) ) ;
#76 = DIRECTION ( 'NONE',  ( 1.000000000000000000, 1.156482317317874289E-15, 0.000000000000000000 ) ) ;
#77 = VERTEX_POINT ( 'NONE', #2424 ) ;
#78 = ORIENTED_EDGE ( 'NONE', *, *, #1921, .F. ) ;
#79 = LINE ( 'NONE', #3222, #858 ) ;
#80 = VERTEX_POINT ( 'NONE', #1056 ) ;
#81 = CARTESIAN_POINT ( 'NONE',  ( -11.01182324520111067, -12.03066871794928439, 43.50000000000000711 ) ) ;
#82 = EDGE_CURVE ( 'NONE', #1656, #1779, #284, .T. ) ;
#83 = VERTEX_POINT ( 'NONE', #266 ) ;
#84 = CARTESIAN_POINT ( 'NONE',  ( -5.939339828220207451, -0.2357022603954921636, 9.528174684192443067 ) ) ;
#85 = DIRECTION ( 'NONE',  ( 1.022195611122243879E-16, -0.7071067811865473507, -0.7071067811865476838 ) ) ;
#86 = EDGE_CURVE ( 'NONE', #1600, #2198, #2206, .T. ) ;
#87 = CARTESIAN_POINT ( 'NONE',  ( -6.216409586265316811, -0.7922884674097826485, 9.078912483381483156 ) ) ;
#88 = CARTESIAN_POINT ( 'NONE',  ( 10.58578643762693616, 5.500000000000000000, 0.000000000000000000 ) ) ;
#89 = ORIENTED_EDGE ( 'NONE', *, *, #2573, .T. ) ;
#90 = VECTOR ( 'NONE', #3394, 1000.000000000000000 ) ;
#91 = DIRECTION ( 'NONE',  ( -0.000000000000000000, -0.000000000000000000, 1.000000000000000000 ) ) ;
#92 = AXIS2_PLACEMENT_3D ( 'NONE', #481, #3041, #2500 ) ;
#93 = VECTOR ( 'NONE', #1675, 1000.000000000000000 ) ;
#94 = CARTESIAN_POINT ( 'NONE',  ( 6.000000000000031086, -1.500000000000014433, 10.49999999999999822 ) ) ;
#95 = ORIENTED_EDGE ( 'NONE', *, *, #2531, .F. ) ;
#96 = ORIENTED_EDGE ( 'NONE', *, *, #1755, .T. ) ;
#97 = DIRECTION ( 'NONE',  ( 1.000000000000000000, 0.000000000000000000, 0.000000000000000000 ) ) ;
#98 = ORIENTED_EDGE ( 'NONE', *, *, #2431, .T. ) ;
#99 = CARTESIAN_POINT ( 'NONE',  ( 10.93933982822021278, 4.646446609406721606, 0.000000000000000000 ) ) ;
#100 = DIRECTION ( 'NONE',  ( 1.000000000000000000, 0.000000000000000000, 0.000000000000000000 ) ) ;
#101 = AXIS2_PLACEMENT_3D ( 'NONE', #322, #85, #2219 ) ;
#102 = CARTESIAN_POINT ( 'NONE',  ( -6.019585453586459245, -1.216351039313132265, 9.498367933146141695 ) ) ;
#103 = LINE ( 'NONE', #1153, #2939 ) ;
#104 = ORIENTED_EDGE ( 'NONE', *, *, #1294, .F. ) ;
#105 = DIRECTION ( 'NONE',  ( -1.000000000000000000, 0.000000000000000000, 0.000000000000000000 ) ) ;
#106 = CARTESIAN_POINT ( 'NONE',  ( -10.58578643762693794, 5.500000000000000000, 0.000000000000000000 ) ) ;
#107 = VERTEX_POINT ( 'NONE', #2968 ) ;
#108 = CARTESIAN_POINT ( 'NONE',  ( -21.56066017177980498, -7.560660171779925776, 40.50000000000000000 ) ) ;
#109 = ORIENTED_EDGE ( 'NONE', *, *, #787, .F. ) ;
#110 = CARTESIAN_POINT ( 'NONE',  ( 5.541381089026939044, -0.7089992202038909452, 9.794458576765029179 ) ) ;
#111 = EDGE_CURVE ( 'NONE', #2662, #206, #1887, .T. ) ;
#112 = VERTEX_POINT ( 'NONE', #846 ) ;
#113 = CIRCLE ( 'NONE', #1722, 2.000000000000000000 ) ;
#114 = DIRECTION ( 'NONE',  ( -0.000000000000000000, -0.000000000000000000, 1.000000000000000000 ) ) ;
#115 = CARTESIAN_POINT ( 'NONE',  ( -6.272317532917508487, -0.7276829625860231632, 9.049747931404382939 ) ) ;
#116 = CARTESIAN_POINT ( 'NONE',  ( -6.158125274693096785, -0.8741344928335755826, 9.126733533482479288 ) ) ;
#117 = ORIENTED_EDGE ( 'NONE', *, *, #2105, .T. ) ;
#118 = FACE_OUTER_BOUND ( 'NONE', #1119, .T. ) ;
#119 =( BOUNDED_CURVE ( )  B_SPLINE_CURVE ( 3, ( #452, #1515, #2563, #196 ),
 .UNSPECIFIED., .F., .F. ) 
 B_SPLINE_CURVE_WITH_KNOTS ( ( 4, 4 ),
 ( 1.012197011451496209, 1.570796326794896336 ),
 .UNSPECIFIED. ) 
 CURVE ( )  GEOMETRIC_REPRESENTATION_ITEM ( )  RATIONAL_B_SPLINE_CURVE ( ( 1.000000000000000000, 0.9741658307762512958, 0.9741658307762512958, 1.000000000000000000 ) ) 
 REPRESENTATION_ITEM ( '' )  );
#120 = DIRECTION ( 'NONE',  ( 1.000000000000000000, 0.000000000000000000, 0.000000000000000000 ) ) ;
#121 = ORIENTED_EDGE ( 'NONE', *, *, #586, .F. ) ;
#122 = DIRECTION ( 'NONE',  ( -1.000000000000000000, -1.334402673828312846E-16, 0.000000000000000000 ) ) ;
#123 = ADVANCED_FACE ( 'NONE', ( #1335 ), #1047, .T. ) ;
#124 = ORIENTED_EDGE ( 'NONE', *, *, #141, .T. ) ;
#125 = EDGE_CURVE ( 'NONE', #1095, #1044, #3163, .T. ) ;
#126 = EDGE_CURVE ( 'NONE', #1435, #2282, #1936, .T. ) ;
#127 = CARTESIAN_POINT ( 'NONE',  ( -11.58578643762693261, 4.999999999999997335, 9.500000000000000000 ) ) ;
#128 = ORIENTED_EDGE ( 'NONE', *, *, #3194, .F. ) ;
#129 = DIRECTION ( 'NONE',  ( 1.000000000000000000, 0.000000000000000000, 0.000000000000000000 ) ) ;
#130 = CARTESIAN_POINT ( 'NONE',  ( -6.000045724143409309, -1.400313758931470476, 9.942802708627020536 ) ) ;
#131 = DIRECTION ( 'NONE',  ( -1.149252004332924301E-16, -0.5299989400031799303, 0.8479983040050880216 ) ) ;
#132 = ORIENTED_EDGE ( 'NONE', *, *, #1349, .F. ) ;
#133 = B_SPLINE_CURVE_WITH_KNOTS ( 'NONE', 3,
 ( #968, #1174, #3311, #2835, #3088, #656, #3345, #2817, #1989, #2494, #453, #2549 ),
 .UNSPECIFIED., .F., .F.,
 ( 4, 2, 1, 1, 2, 2, 4 ),
 ( 0.000000000000000000, 0.2500000000000091593, 0.3750000000000111577, 0.4375000000000098810, 0.4687500000000110467, 0.5000000000000122125, 1.000000000000000000 ),
 .UNSPECIFIED. ) ;
#134 = DIRECTION ( 'NONE',  ( -2.168404344971008868E-16, -1.000000000000000000, 0.000000000000000000 ) ) ;
#135 = DIRECTION ( 'NONE',  ( 1.000000000000000000, 1.264902534566415512E-16, 0.000000000000000000 ) ) ;
#136 = ORIENTED_EDGE ( 'NONE', *, *, #690, .T. ) ;
#137 = LINE ( 'NONE', #1392, #2575 ) ;
#138 = CARTESIAN_POINT ( 'NONE',  ( -22.00000000000000000, 0.000000000000000000, 43.50000000000000711 ) ) ;
#139 = CIRCLE ( 'NONE', #2913, 2.000000000000005329 ) ;
#140 = ORIENTED_EDGE ( 'NONE', *, *, #291, .T. ) ;
#141 = EDGE_CURVE ( 'NONE', #2737, #1773, #60, .T. ) ;
#142 = VECTOR ( 'NONE', #2342, 1000.000000000000000 ) ;
#143 = VECTOR ( 'NONE', #614, 1000.000000000000000 ) ;
#144 = DIRECTION ( 'NONE',  ( -1.000000000000000000, -0.000000000000000000, 0.000000000000000000 ) ) ;
#145 = CIRCLE ( 'NONE', #752, 1.500000000000001332 ) ;
#146 = EDGE_LOOP ( 'NONE', ( #2416, #1935, #2173, #956 ) ) ;
#147 = CARTESIAN_POINT ( 'NONE',  ( -5.575267306528624900, -0.6295821049601444397, 9.722790947039943177 ) ) ;
#148 = CARTESIAN_POINT ( 'NONE',  ( -11.29289321881348229, 4.292893218813451206, 9.500000000000000000 ) ) ;
#149 = FACE_OUTER_BOUND ( 'NONE', #2129, .T. ) ;
#150 = CARTESIAN_POINT ( 'NONE',  ( -6.013493929658724646, -1.242692464004538699, 9.535947789417239306 ) ) ;
#151 = ORIENTED_EDGE ( 'NONE', *, *, #1310, .T. ) ;
#152 = DIRECTION ( 'NONE',  ( -1.000000000000000000, 2.168404344971008868E-16, 0.000000000000000000 ) ) ;
#153 = DIRECTION ( 'NONE',  ( -0.000000000000000000, -0.000000000000000000, -1.000000000000000000 ) ) ;
#154 = ORIENTED_EDGE ( 'NONE', *, *, #1079, .F. ) ;
#155 = VECTOR ( 'NONE', #1659, 1000.000000000000000 ) ;
#156 = CARTESIAN_POINT ( 'NONE',  ( 5.529303588110049184, -0.7451862897557006704, 9.832508432282226707 ) ) ;
#157 = FACE_OUTER_BOUND ( 'NONE', #1667, .T. ) ;
#158 = CARTESIAN_POINT ( 'NONE',  ( 22.50000000000000711, -6.500000000000094147, 41.00000000000000000 ) ) ;
#159 = EDGE_LOOP ( 'NONE', ( #33, #3056, #1550, #889 ) ) ;
#160 = CARTESIAN_POINT ( 'NONE',  ( -6.253256334019625662, -0.02642458986254964809, 9.499999999999994671 ) ) ;
#161 = DIRECTION ( 'NONE',  ( -0.000000000000000000, -0.000000000000000000, 1.000000000000000000 ) ) ;
#162 = ORIENTED_EDGE ( 'NONE', *, *, #512, .F. ) ;
#163 = CARTESIAN_POINT ( 'NONE',  ( -5.500689629916789336, -0.9077848174865786879, 10.07880993995463115 ) ) ;
#164 = DIRECTION ( 'NONE',  ( -1.000000000000000000, 0.000000000000000000, 0.000000000000000000 ) ) ;
#165 = ADVANCED_FACE ( 'NONE', ( #1617 ), #2159, .T. ) ;
#166 = CARTESIAN_POINT ( 'NONE',  ( 6.000000000000001776, -11.10849528301415035, 40.50000000000000000 ) ) ;
#167 = EDGE_CURVE ( 'NONE', #2508, #1724, #550, .T. ) ;
#168 = ORIENTED_EDGE ( 'NONE', *, *, #838, .T. ) ;
#169 = CARTESIAN_POINT ( 'NONE',  ( -0.3535533905932152776, -5.939339828220216333, 0.000000000000000000 ) ) ;
#170 = EDGE_CURVE ( 'NONE', #1435, #1196, #3174, .T. ) ;
#171 = CARTESIAN_POINT ( 'NONE',  ( -6.000000000000029310, -1.414213562373067168, 0.5000000000000004441 ) ) ;
#172 = ORIENTED_EDGE ( 'NONE', *, *, #2834, .T. ) ;
#173 = LINE ( 'NONE', #331, #3015 ) ;
#174 = EDGE_CURVE ( 'NONE', #2721, #2871, #1088, .T. ) ;
#175 = LINE ( 'NONE', #382, #3013 ) ;
#176 = CARTESIAN_POINT ( 'NONE',  ( 20.49999999999999645, -0.9999999999999952260, 40.50000000000000000 ) ) ;
#177 = ORIENTED_EDGE ( 'NONE', *, *, #3231, .T. ) ;
#178 = FACE_OUTER_BOUND ( 'NONE', #2376, .T. ) ;
#179 = DIRECTION ( 'NONE',  ( -0.000000000000000000, -0.000000000000000000, 1.000000000000000000 ) ) ;
#180 = EDGE_LOOP ( 'NONE', ( #2955, #691, #187, #2523 ) ) ;
#181 = LINE ( 'NONE', #268, #2856 ) ;
#182 = ADVANCED_FACE ( 'NONE', ( #1651 ), #1842, .T. ) ;
#183 = FACE_OUTER_BOUND ( 'NONE', #438, .T. ) ;
#184 = CLOSED_SHELL ( 'NONE', ( #321, #463, #422, #2422, #3412, #3046, #2536, #2902, #182, #2949, #3161, #1568, #1668, #1958, #988, #3029, #2093, #3260, #1289, #469, #947, #1192, #1074, #1404, #165, #278, #3110, #2942, #2170, #1876, #1350, #2749, #1713, #2030, #1446, #1304, #2215, #1521, #2066, #1650, #2025, #3296, #613, #2997, #1176, #236, #2684, #823, #2459, #1244, #3280, #1194, #971, #1834, #2, #1902, #1158, #2734, #3058, #2382, #3261, #2283, #3108, #2155, #721, #3087, #1205, #123, #1236, #600, #2022, #1042, #3034, #388, #330, #1097, #1265, #880, #364, #2364, #869, #777, #2729, #186, #2623, #2825, #2688, #2478, #335, #1507, #2670, #1503, #1672, #3093, #1251, #2212, #1511, #3314, #734, #1904, #842, #1999, #2474, #855, #2946, #2275, #2218, #327, #673, #834 ) ) ;
#185 = CARTESIAN_POINT ( 'NONE',  ( -20.49999999999999645, -3.000000000000000000, 43.50000000000000711 ) ) ;
#186 = ADVANCED_FACE ( 'NONE', ( #829 ), #3003, .F. ) ;
#187 = ORIENTED_EDGE ( 'NONE', *, *, #1032, .F. ) ;
#188 = EDGE_CURVE ( 'NONE', #2737, #370, #2669, .T. ) ;
#189 = DIRECTION ( 'NONE',  ( -1.000000000000000000, -1.264902534566415512E-16, 0.000000000000000000 ) ) ;
#190 = DIRECTION ( 'NONE',  ( 0.7071067811865420216, 0.000000000000000000, -0.7071067811865531239 ) ) ;
#191 = ORIENTED_EDGE ( 'NONE', *, *, #1137, .F. ) ;
#192 = CARTESIAN_POINT ( 'NONE',  ( 5.727199261663019847, -0.4129862811975554271, 9.588898935684037284 ) ) ;
#193 = CARTESIAN_POINT ( 'NONE',  ( 10.58578643762693794, 5.999999999999992006, 0.5000000000000004441 ) ) ;
#194 = CARTESIAN_POINT ( 'NONE',  ( -11.01037837748729231, -6.432042556664610444, 40.42117151071129655 ) ) ;
#195 = ORIENTED_EDGE ( 'NONE', *, *, #1413, .F. ) ;
#196 = CARTESIAN_POINT ( 'NONE',  ( -4.000000000000000000, -8.750000000000000000, 38.50000000000000000 ) ) ;
#197 = AXIS2_PLACEMENT_3D ( 'NONE', #1497, #1231, #1822 ) ;
#198 = DIRECTION ( 'NONE',  ( 4.906538933386793298E-15, -0.7071067811865474617, 0.7071067811865474617 ) ) ;
#199 = PRODUCT_DEFINITION_FORMATION_WITH_SPECIFIED_SOURCE ( 'ä»', '', #2118, .NOT_KNOWN. ) ;
#200 = EDGE_LOOP ( 'NONE', ( #1888, #927, #3011, #1122, #2588 ) ) ;
#201 = VECTOR ( 'NONE', #2287, 1000.000000000000000 ) ;
#202 = CARTESIAN_POINT ( 'NONE',  ( -5.772202749443163583, -0.3667513098793707127, 9.568993239040715082 ) ) ;
#203 = DIRECTION ( 'NONE',  ( -0.000000000000000000, -0.000000000000000000, -1.000000000000000000 ) ) ;
#204 = AXIS2_PLACEMENT_3D ( 'NONE', #1013, #2037, #2807 ) ;
#205 = CARTESIAN_POINT ( 'NONE',  ( -6.000000000000030198, -7.000000000000001776, 38.50000000000000000 ) ) ;
#206 = VERTEX_POINT ( 'NONE', #1043 ) ;
#207 = DIRECTION ( 'NONE',  ( 1.000000000000000000, 0.000000000000000000, 0.000000000000000000 ) ) ;
#208 = CARTESIAN_POINT ( 'NONE',  ( 21.91421356237308515, -7.914213562373196176, 43.00000000000000000 ) ) ;
#209 = EDGE_LOOP ( 'NONE', ( #1476, #2052, #1994, #78 ) ) ;
#210 = CARTESIAN_POINT ( 'NONE',  ( -5.500000000000027534, -1.000000000000001998, 10.49999999999999822 ) ) ;
#211 = DIRECTION ( 'NONE',  ( -0.7071067811865515695, -0.7071067811865435759, 0.000000000000000000 ) ) ;
#212 = AXIS2_PLACEMENT_3D ( 'NONE', #303, #1297, #981 ) ;
#213 = ORIENTED_EDGE ( 'NONE', *, *, #3298, .T. ) ;
#214 = LINE ( 'NONE', #984, #1690 ) ;
#215 = VERTEX_POINT ( 'NONE', #2092 ) ;
#216 = AXIS2_PLACEMENT_3D ( 'NONE', #3400, #2392, #32 ) ;
#217 = CYLINDRICAL_SURFACE ( 'NONE', #1527, 1.000000000000000000 ) ;
#218 = EDGE_CURVE ( 'NONE', #1008, #80, #520, .T. ) ;
#219 = ORIENTED_EDGE ( 'NONE', *, *, #1616, .T. ) ;
#220 = CYLINDRICAL_SURFACE ( 'NONE', #1303, 0.9999999999999956701 ) ;
#221 = EDGE_CURVE ( 'NONE', #1997, #2146, #1628, .T. ) ;
#222 = LINE ( 'NONE', #2232, #1867 ) ;
#223 = CARTESIAN_POINT ( 'NONE',  ( 12.99999999999999822, -14.00000000000000355, 43.00000000000000000 ) ) ;
#224 = APPLICATION_CONTEXT ( 'automotive_design' ) ;
#225 = DIRECTION ( 'NONE',  ( 0.000000000000000000, 0.000000000000000000, 1.000000000000000000 ) ) ;
#226 = CARTESIAN_POINT ( 'NONE',  ( 12.99999999999999822, -14.00000000000000355, 43.50000000000000711 ) ) ;
#227 = ORIENTED_EDGE ( 'NONE', *, *, #675, .T. ) ;
#229 = CARTESIAN_POINT ( 'NONE',  ( 6.094829157711905587, -0.9889662436841626381, 9.216369448172883949 ) ) ;
#228 = CIRCLE ( 'NONE', #1607, 1.500000000000004885 ) ;
#230 = DIRECTION ( 'NONE',  ( -1.264902534566415512E-16, 1.000000000000000000, 0.000000000000000000 ) ) ;
#231 = DIRECTION ( 'NONE',  ( 1.000000000000000000, 1.445602896647331768E-16, 0.000000000000000000 ) ) ;
#232 = VECTOR ( 'NONE', #2186, 1000.000000000000000 ) ;
#233 = EDGE_LOOP ( 'NONE', ( #2391, #1653, #845, #399 ) ) ;
#234 = DIRECTION ( 'NONE',  ( 0.000000000000000000, 0.7071067811865470176, 0.7071067811865479058 ) ) ;
#235 = VERTEX_POINT ( 'NONE', #434 ) ;
#236 = ADVANCED_FACE ( 'NONE', ( #2850 ), #247, .F. ) ;
#237 = ORIENTED_EDGE ( 'NONE', *, *, #591, .T. ) ;
#238 = EDGE_CURVE ( 'NONE', #267, #466, #1146, .T. ) ;
#239 = CARTESIAN_POINT ( 'NONE',  ( 5.502929826657785739, -0.8793804938237784752, 10.02327998722608626 ) ) ;
#240 = DIRECTION ( 'NONE',  ( 0.000000000000000000, -0.7071067811865531239, 0.7071067811865420216 ) ) ;
#241 = CARTESIAN_POINT ( 'NONE',  ( 14.21182324520112239, -12.03066871794928083, 40.50000000000000000 ) ) ;
#242 = DIRECTION ( 'NONE',  ( 0.000000000000000000, 0.000000000000000000, 1.000000000000000000 ) ) ;
#243 = CARTESIAN_POINT ( 'NONE',  ( 6.000045359311950932, -1.400303702416553442, 9.942747463733534019 ) ) ;
#244 = DIRECTION ( 'NONE',  ( 0.000000000000000000, 0.000000000000000000, -1.000000000000000000 ) ) ;
#245 = CARTESIAN_POINT ( 'NONE',  ( 4.000000000000000000, -7.000000000000000000, 38.50000000000000000 ) ) ;
#246 = CARTESIAN_POINT ( 'NONE',  ( -14.06066017177981742, -15.06066017177982808, 40.50000000000000000 ) ) ;
#247 = CYLINDRICAL_SURFACE ( 'NONE', #197, 2.000000000000000000 ) ;
#248 = ORIENTED_EDGE ( 'NONE', *, *, #2839, .T. ) ;
#249 = VERTEX_POINT ( 'NONE', #2882 ) ;
#250 = CARTESIAN_POINT ( 'NONE',  ( 5.939339828220206563, -0.2357022603954950779, 9.528174684192444843 ) ) ;
#251 = VECTOR ( 'NONE', #2068, 999.9999999999998863 ) ;
#252 = CARTESIAN_POINT ( 'NONE',  ( 5.500000000000033751, -5.000000000000000000, -12.64911064067357671 ) ) ;
#253 = VECTOR ( 'NONE', #3145, 1000.000000000000000 ) ;
#254 = FACE_OUTER_BOUND ( 'NONE', #1567, .T. ) ;
#255 = VECTOR ( 'NONE', #2315, 1000.000000000000000 ) ;
#256 = AXIS2_PLACEMENT_3D ( 'NONE', #3135, #2612, #3373 ) ;
#257 = CARTESIAN_POINT ( 'NONE',  ( 12.61182324520111742, -12.03066871794928083, 0.000000000000000000 ) ) ;
#258 = CIRCLE ( 'NONE', #1309, 2.000000000000001776 ) ;
#259 = CARTESIAN_POINT ( 'NONE',  ( -5.501756456155741049, -0.8928661422648656032, 10.04873397543575742 ) ) ;
#260 = CARTESIAN_POINT ( 'NONE',  ( 6.079208073101070475, -1.023951263015298707, 9.249603843899777189 ) ) ;
#261 = EDGE_CURVE ( 'NONE', #705, #466, #1284, .T. ) ;
#262 = DIRECTION ( 'NONE',  ( -1.000000000000000000, 0.000000000000000000, 0.000000000000000000 ) ) ;
#263 = CARTESIAN_POINT ( 'NONE',  ( 11.29289321881348052, 4.292893218813452094, 9.500000000000000000 ) ) ;
#264 = CARTESIAN_POINT ( 'NONE',  ( 12.61182324520111742, -12.03066871794928083, 40.50000000000000000 ) ) ;
#265 = ORIENTED_EDGE ( 'NONE', *, *, #1219, .T. ) ;
#266 = CARTESIAN_POINT ( 'NONE',  ( -21.91421356237307805, -7.914213562373201505, 41.00000000000000000 ) ) ;
#267 = VERTEX_POINT ( 'NONE', #3086 ) ;
#268 = CARTESIAN_POINT ( 'NONE',  ( 0.000000000000000000, -9.412498675003972082, 39.55999788000635675 ) ) ;
#269 = VECTOR ( 'NONE', #2986, 1000.000000000000114 ) ;
#270 = EDGE_LOOP ( 'NONE', ( #140, #521, #443, #2161 ) ) ;
#271 = UNCERTAINTY_MEASURE_WITH_UNIT (LENGTH_MEASURE( 1.000000000000000082E-05 ), #1399, 'distance_accuracy_value', 'NONE');
#272 = CARTESIAN_POINT ( 'NONE',  ( 5.500000011942886680, -0.9344370598833037223, 10.14298712528098534 ) ) ;
#273 = CARTESIAN_POINT ( 'NONE',  ( 6.292893218813485845, -0.7071067811865173747, 9.042262026288652166 ) ) ;
#274 = EDGE_CURVE ( 'NONE', #3336, #543, #2740, .T. ) ;
#275 = DIRECTION ( 'NONE',  ( 0.000000000000000000, 0.000000000000000000, -1.000000000000000000 ) ) ;
#276 = DIRECTION ( 'NONE',  ( -1.982541115402008904E-15, 1.000000000000000000, 0.000000000000000000 ) ) ;
#277 = EDGE_CURVE ( 'NONE', #235, #2904, #214, .T. ) ;
#278 = ADVANCED_FACE ( 'NONE', ( #2076 ), #3141, .T. ) ;
#279 = CYLINDRICAL_SURFACE ( 'NONE', #2432, 2.000000000000001776 ) ;
#280 = CARTESIAN_POINT ( 'NONE',  ( -17.43066871794914618, -5.611823245201309263, 0.000000000000000000 ) ) ;
#281 = DIRECTION ( 'NONE',  ( -0.000000000000000000, -0.000000000000000000, -1.000000000000000000 ) ) ;
#282 = ORIENTED_EDGE ( 'NONE', *, *, #2627, .T. ) ;
#283 = VECTOR ( 'NONE', #231, 1000.000000000000000 ) ;
#284 = LINE ( 'NONE', #1375, #2659 ) ;
#285 = VERTEX_POINT ( 'NONE', #2061 ) ;
#286 = LINE ( 'NONE', #3398, #2119 ) ;
#287 = ORIENTED_EDGE ( 'NONE', *, *, #2889, .T. ) ;
#288 = CARTESIAN_POINT ( 'NONE',  ( 10.93933982822021633, 4.646446609406718942, 0.000000000000000000 ) ) ;
#289 = ORIENTED_EDGE ( 'NONE', *, *, #432, .T. ) ;
#290 = LINE ( 'NONE', #1012, #1184 ) ;
#291 = EDGE_CURVE ( 'NONE', #867, #107, #506, .T. ) ;
#292 = CARTESIAN_POINT ( 'NONE',  ( -5.824614379399397635, -0.3208839466176722222, 9.552608322253966833 ) ) ;
#293 = LINE ( 'NONE', #1883, #2967 ) ;
#294 = FACE_OUTER_BOUND ( 'NONE', #233, .T. ) ;
#295 = DIRECTION ( 'NONE',  ( -0.000000000000000000, 0.000000000000000000, 1.000000000000000000 ) ) ;
#296 = ORIENTED_EDGE ( 'NONE', *, *, #1139, .F. ) ;
#297 = DIRECTION ( 'NONE',  ( -0.7071067811865434649, -0.7071067811865516806, 0.000000000000000000 ) ) ;
#298 = ORIENTED_EDGE ( 'NONE', *, *, #3148, .F. ) ;
#299 = ORIENTED_EDGE ( 'NONE', *, *, #792, .F. ) ;
#300 = CARTESIAN_POINT ( 'NONE',  ( 10.58578643762693616, 0.000000000000000000, 10.49999999999999822 ) ) ;
#301 = VERTEX_POINT ( 'NONE', #3159 ) ;
#302 = CARTESIAN_POINT ( 'NONE',  ( 22.00000000000000000, -2.999999999999995115, 43.50000000000000711 ) ) ;
#303 = CARTESIAN_POINT ( 'NONE',  ( -4.000000000000000000, -5.000000000000002665, 21.75000000000000355 ) ) ;
#304 = APPLICATION_PROTOCOL_DEFINITION ( 'draft international standard', 'automotive_design', 1998, #224 ) ;
#305 = CIRCLE ( 'NONE', #2290, 2.000000000000001776 ) ;
#306 = CARTESIAN_POINT ( 'NONE',  ( 20.49999999999999645, -2.999999999999994671, 43.50000000000000711 ) ) ;
#307 = DIRECTION ( 'NONE',  ( -0.000000000000000000, 0.000000000000000000, 1.000000000000000000 ) ) ;
#308 = VECTOR ( 'NONE', #1101, 1000.000000000000114 ) ;
#309 = CIRCLE ( 'NONE', #1420, 1.000000000000000000 ) ;
#310 = ORIENTED_EDGE ( 'NONE', *, *, #1613, .T. ) ;
#311 = LINE ( 'NONE', #2650, #1500 ) ;
#312 = VECTOR ( 'NONE', #3025, 1000.000000000000000 ) ;
#313 = DIRECTION ( 'NONE',  ( 1.000000000000000000, -8.673617379884027583E-16, 0.000000000000000000 ) ) ;
#314 = ORIENTED_EDGE ( 'NONE', *, *, #2982, .T. ) ;
#315 = DIRECTION ( 'NONE',  ( 1.000000000000000000, 0.000000000000000000, 0.000000000000000000 ) ) ;
#316 = CARTESIAN_POINT ( 'NONE',  ( 14.56066017177974281, -14.56066017177990979, 43.50000000000000711 ) ) ;
#317 = ORIENTED_EDGE ( 'NONE', *, *, #1674, .F. ) ;
#318 = CARTESIAN_POINT ( 'NONE',  ( -6.292893218813455647, -2.134988467756604903E-15, 9.500000000000000000 ) ) ;
#319 = EDGE_LOOP ( 'NONE', ( #1018, #2836, #2710, #620 ) ) ;
#320 = CARTESIAN_POINT ( 'NONE',  ( 4.000000000000000000, -5.000000000000000000, 32.50000000000000000 ) ) ;
#321 = ADVANCED_FACE ( 'NONE', ( #1300 ), #799, .T. ) ;
#322 = CARTESIAN_POINT ( 'NONE',  ( 10.58578643762693794, -4.499999999999999112, 0.000000000000000000 ) ) ;
#323 = DIRECTION ( 'NONE',  ( -1.000000000000000000, 0.000000000000000000, 0.000000000000000000 ) ) ;
#324 = DIRECTION ( 'NONE',  ( -1.000000000000000000, -1.264902534566416991E-16, 0.000000000000000000 ) ) ;
#325 = ORIENTED_EDGE ( 'NONE', *, *, #274, .F. ) ;
#326 = CYLINDRICAL_SURFACE ( 'NONE', #1329, 1.600000000000004086 ) ;
#327 = ADVANCED_FACE ( 'NONE', ( #178 ), #524, .T. ) ;
#328 = DIRECTION ( 'NONE',  ( 0.7071067811865454633, 0.7071067811865495711, -0.000000000000000000 ) ) ;
#329 = CARTESIAN_POINT ( 'NONE',  ( 7.000000000000031086, -1.414213562373066946, 0.000000000000000000 ) ) ;
#330 = ADVANCED_FACE ( 'NONE', ( #744 ), #1566, .T. ) ;
#331 = CARTESIAN_POINT ( 'NONE',  ( 10.93933982822021456, 4.646446609406718053, 0.000000000000000000 ) ) ;
#332 = AXIS2_PLACEMENT_3D ( 'NONE', #2357, #588, #10 ) ;
#333 = AXIS2_PLACEMENT_3D ( 'NONE', #2584, #2281, #670 ) ;
#334 = ORIENTED_EDGE ( 'NONE', *, *, #2512, .T. ) ;
#335 = ADVANCED_FACE ( 'NONE', ( #2618 ), #1128, .T. ) ;
#336 = EDGE_CURVE ( 'NONE', #1580, #1223, #2043, .T. ) ;
#337 = CARTESIAN_POINT ( 'NONE',  ( 11.01182324520111422, -12.03066871794928083, 40.50000000000000000 ) ) ;
#338 = AXIS2_PLACEMENT_3D ( 'NONE', #1180, #2235, #3022 ) ;
#339 = ORIENTED_EDGE ( 'NONE', *, *, #1111, .F. ) ;
#340 = CARTESIAN_POINT ( 'NONE',  ( 6.000000000000001776, -14.00000000000000000, 40.50000000000000000 ) ) ;
#341 = EDGE_CURVE ( 'NONE', #1496, #370, #1040, .T. ) ;
#342 = DIRECTION ( 'NONE',  ( 0.000000000000000000, 0.000000000000000000, 1.000000000000000000 ) ) ;
#343 = EDGE_CURVE ( 'NONE', #2146, #1067, #119, .T. ) ;
#344 = CARTESIAN_POINT ( 'NONE',  ( -6.000239477767129515, -1.389057827979406357, 9.902323234043333144 ) ) ;
#345 = FACE_OUTER_BOUND ( 'NONE', #200, .T. ) ;
#346 = ORIENTED_EDGE ( 'NONE', *, *, #2907, .T. ) ;
#347 = DIRECTION ( 'NONE',  ( 0.5000000000000046629, -0.5000000000000075495, 0.7071067811865389130 ) ) ;
#348 = DIRECTION ( 'NONE',  ( -1.000000000000000000, 0.000000000000000000, 0.000000000000000000 ) ) ;
#349 = VERTEX_POINT ( 'NONE', #2833 ) ;
#350 = ORIENTED_EDGE ( 'NONE', *, *, #218, .F. ) ;
#351 = EDGE_LOOP ( 'NONE', ( #67, #1821, #1271, #568 ) ) ;
#352 = FACE_OUTER_BOUND ( 'NONE', #1305, .T. ) ;
#353 = EDGE_LOOP ( 'NONE', ( #3236, #2532, #1258, #2451 ) ) ;
#354 = LINE ( 'NONE', #2973, #1759 ) ;
#355 = CARTESIAN_POINT ( 'NONE',  ( -20.49999999999998934, -6.500000000000099476, 41.00000000000000000 ) ) ;
#356 = APPLICATION_PROTOCOL_DEFINITION ( 'draft international standard', 'automotive_design', 1998, #1134 ) ;
#357 = DIRECTION ( 'NONE',  ( -0.000000000000000000, -0.000000000000000000, -1.000000000000000000 ) ) ;
#358 = LINE ( 'NONE', #1419, #1444 ) ;
#359 = VERTEX_POINT ( 'NONE', #728 ) ;
#360 = CIRCLE ( 'NONE', #2010, 0.9999999999999956701 ) ;
#361 = CARTESIAN_POINT ( 'NONE',  ( 10.03898798063053377, -5.894860550850796521, 40.18586962597452583 ) ) ;
#362 = VECTOR ( 'NONE', #2242, 999.9999999999998863 ) ;
#363 = DIRECTION ( 'NONE',  ( -0.000000000000000000, 0.8479983040050880216, 0.5299989400031799303 ) ) ;
#364 = ADVANCED_FACE ( 'NONE', ( #1250 ), #3106, .T. ) ;
#365 = CONICAL_SURFACE ( 'NONE', #3351, 2.000000000000001776, 0.7853981633974473908 ) ;
#366 = CARTESIAN_POINT ( 'NONE',  ( -21.56066017177980854, -7.560660171779930216, 43.50000000000000711 ) ) ;
#367 = EDGE_LOOP ( 'NONE', ( #822, #98, #2481 ) ) ;
#368 = ORIENTED_EDGE ( 'NONE', *, *, #2268, .T. ) ;
#369 = CARTESIAN_POINT ( 'NONE',  ( 5.767108203329043725, -0.3672983537722555036, 9.566544219706193175 ) ) ;
#370 = VERTEX_POINT ( 'NONE', #2931 ) ;
#371 = CARTESIAN_POINT ( 'NONE',  ( 20.63066871794915969, -5.611823245201304822, 0.000000000000000000 ) ) ;
#372 = AXIS2_PLACEMENT_3D ( 'NONE', #573, #1736, #2711 ) ;
#373 = CARTESIAN_POINT ( 'NONE',  ( -6.004207952424160943, -1.321398267381707070, 9.708597114235175241 ) ) ;
#374 = FACE_OUTER_BOUND ( 'NONE', #985, .T. ) ;
#375 = VERTEX_POINT ( 'NONE', #2682 ) ;
#376 = AXIS2_PLACEMENT_3D ( 'NONE', #2377, #2609, #2624 ) ;
#377 = EDGE_CURVE ( 'NONE', #1633, #2746, #360, .T. ) ;
#378 = CARTESIAN_POINT ( 'NONE',  ( 12.99999999999999822, -14.00000000000000355, 43.50000000000000711 ) ) ;
#379 = EDGE_CURVE ( 'NONE', #2752, #1193, #1105, .T. ) ;
#380 = DIRECTION ( 'NONE',  ( -0.000000000000000000, 1.000000000000000000, -0.000000000000000000 ) ) ;
#381 = ORIENTED_EDGE ( 'NONE', *, *, #3000, .F. ) ;
#382 = CARTESIAN_POINT ( 'NONE',  ( -12.00000000000003375, -14.00000000000000000, 40.50000000000000000 ) ) ;
#383 = ORIENTED_EDGE ( 'NONE', *, *, #632, .T. ) ;
#384 = CARTESIAN_POINT ( 'NONE',  ( -12.00000000000003020, -1.000000000000002220, 41.00000000000000000 ) ) ;
#385 = EDGE_LOOP ( 'NONE', ( #433, #2761, #3295, #877, #2263, #1373, #2429, #1807 ) ) ;
#386 = CONICAL_SURFACE ( 'NONE', #2048, 1.499999999999992673, 0.7853981633974407295 ) ;
#387 = CARTESIAN_POINT ( 'NONE',  ( 21.56066017177981564, -7.560660171779924887, 40.50000000000000000 ) ) ;
#388 = ADVANCED_FACE ( 'NONE', ( #1333 ), #3188, .T. ) ;
#389 = CARTESIAN_POINT ( 'NONE',  ( -6.000173801838849741, -1.433243790822644526, 10.08898678747923583 ) ) ;
#390 = CARTESIAN_POINT ( 'NONE',  ( -6.232373990133062591, -0.7719981800702981900, 9.068430017757329153 ) ) ;
#391 = ORIENTED_EDGE ( 'NONE', *, *, #2322, .T. ) ;
#392 = CARTESIAN_POINT ( 'NONE',  ( -22.00000000000000000, -3.000000000000000000, 43.50000000000000711 ) ) ;
#393 = CARTESIAN_POINT ( 'NONE',  ( -12.00000000000003197, -5.000000000000002665, 34.50000000000000000 ) ) ;
#394 = ORIENTED_EDGE ( 'NONE', *, *, #943, .F. ) ;
#395 = CARTESIAN_POINT ( 'NONE',  ( 5.550367623655029448, -0.6849995292035311323, 9.770894097457484051 ) ) ;
#396 = CARTESIAN_POINT ( 'NONE',  ( -6.000000000000030198, -5.000000000000001776, 38.50000000000000000 ) ) ;
#397 = VERTEX_POINT ( 'NONE', #23 ) ;
#398 = CARTESIAN_POINT ( 'NONE',  ( 5.294698746755887697, -10.40319402977003982, 40.50000000000000000 ) ) ;
#399 = ORIENTED_EDGE ( 'NONE', *, *, #1351, .F. ) ;
#400 = CARTESIAN_POINT ( 'NONE',  ( 20.49999999999999645, -2.999999999999994671, 41.00000000000000000 ) ) ;
#401 = DIRECTION ( 'NONE',  ( -0.000000000000000000, 0.000000000000000000, 1.000000000000000000 ) ) ;
#402 = CARTESIAN_POINT ( 'NONE',  ( 6.292893218813485845, -0.7071067811865173747, 0.5000000000000004441 ) ) ;
#403 = ORIENTED_EDGE ( 'NONE', *, *, #1397, .T. ) ;
#404 = DIRECTION ( 'NONE',  ( 0.000000000000000000, -0.000000000000000000, -1.000000000000000000 ) ) ;
#405 = LINE ( 'NONE', #2453, #417 ) ;
#406 = ORIENTED_EDGE ( 'NONE', *, *, #3091, .F. ) ;
#407 = CARTESIAN_POINT ( 'NONE',  ( 6.000000000000031086, -1.414213562373067168, 0.5000000000000004441 ) ) ;
#408 = AXIS2_PLACEMENT_3D ( 'NONE', #2223, #2452, #904 ) ;
#409 = DIRECTION ( 'NONE',  ( 0.000000000000000000, 0.000000000000000000, -1.000000000000000000 ) ) ;
#410 = CARTESIAN_POINT ( 'NONE',  ( -4.000000000000000000, -7.000000000000000888, 35.70000000000000284 ) ) ;
#411 = AXIS2_PLACEMENT_3D ( 'NONE', #962, #3308, #122 ) ;
#412 = ORIENTED_EDGE ( 'NONE', *, *, #437, .F. ) ;
#413 = DIRECTION ( 'NONE',  ( 1.000000000000000000, 0.000000000000000000, 0.000000000000000000 ) ) ;
#414 = AXIS2_PLACEMENT_3D ( 'NONE', #316, #684, #1493 ) ;
#415 = EDGE_CURVE ( 'NONE', #1997, #2693, #1372, .T. ) ;
#416 = CARTESIAN_POINT ( 'NONE',  ( 6.000000000000031086, -1.414213562373067168, -12.64911064067357671 ) ) ;
#417 = VECTOR ( 'NONE', #135, 1000.000000000000000 ) ;
#418 = ORIENTED_EDGE ( 'NONE', *, *, #2748, .F. ) ;
#419 = CARTESIAN_POINT ( 'NONE',  ( -5.560504227972674407, -0.6611709820490275780, 9.749479866102552350 ) ) ;
#420 = EDGE_CURVE ( 'NONE', #2554, #2140, #2964, .T. ) ;
#421 = DIRECTION ( 'NONE',  ( 0.000000000000000000, 0.000000000000000000, 1.000000000000000000 ) ) ;
#422 = ADVANCED_FACE ( 'NONE', ( #2139 ), #2635, .F. ) ;
#423 = CARTESIAN_POINT ( 'NONE',  ( -6.260771479367127412, -0.7392285206328746971, 9.053948509039051018 ) ) ;
#424 = ORIENTED_EDGE ( 'NONE', *, *, #1922, .F. ) ;
#425 = DIRECTION ( 'NONE',  ( 1.000000000000000000, 0.000000000000000000, 0.000000000000000000 ) ) ;
#426 = FACE_OUTER_BOUND ( 'NONE', #351, .T. ) ;
#427 = ORIENTED_EDGE ( 'NONE', *, *, #1702, .T. ) ;
#428 = AXIS2_PLACEMENT_3D ( 'NONE', #3227, #2496, #837 ) ;
#429 = CARTESIAN_POINT ( 'NONE',  ( 5.642243736560804024, -0.5175617229029320088, 9.644246298787617633 ) ) ;
#430 = LINE ( 'NONE', #396, #2293 ) ;
#431 = CARTESIAN_POINT ( 'NONE',  ( -7.682227290283827337, -5.000000000000001776, 38.67258335484055465 ) ) ;
#432 = EDGE_CURVE ( 'NONE', #2210, #1106, #3134, .T. ) ;
#433 = ORIENTED_EDGE ( 'NONE', *, *, #111, .F. ) ;
#434 = CARTESIAN_POINT ( 'NONE',  ( -10.93933982822020745, 4.646446609406728712, 9.500000000000000000 ) ) ;
#435 = EDGE_CURVE ( 'NONE', #2883, #1969, #145, .T. ) ;
#436 = CARTESIAN_POINT ( 'NONE',  ( 4.677812308591982493, -9.786307591606137279, 40.15809214656992054 ) ) ;
#437 = EDGE_CURVE ( 'NONE', #1689, #2318, #3018, .T. ) ;
#438 = EDGE_LOOP ( 'NONE', ( #1268, #1912, #919, #713 ) ) ;
#439 = CARTESIAN_POINT ( 'NONE',  ( -5.500000024984851521, -0.9260621071272850946, 10.11929927418026942 ) ) ;
#440 = EDGE_CURVE ( 'NONE', #3419, #1676, #1536, .T. ) ;
#441 = CARTESIAN_POINT ( 'NONE',  ( 10.58578643762693794, 5.999999999999992006, 0.5000000000000004441 ) ) ;
#442 = CARTESIAN_POINT ( 'NONE',  ( -20.49999999999999645, -0.9999999999999991118, 40.50000000000000000 ) ) ;
#443 = ORIENTED_EDGE ( 'NONE', *, *, #2322, .F. ) ;
#444 = CIRCLE ( 'NONE', #1557, 1.600000000000004086 ) ;
#445 = DIRECTION ( 'NONE',  ( 0.000000000000000000, 0.000000000000000000, -1.000000000000000000 ) ) ;
#446 = DIRECTION ( 'NONE',  ( 1.000000000000000000, 1.264902534566415512E-16, 0.000000000000000000 ) ) ;
#447 = ORIENTED_EDGE ( 'NONE', *, *, #754, .F. ) ;
#448 = CARTESIAN_POINT ( 'NONE',  ( 5.823715403342843544, -0.3216210243076084718, 9.552849700849000314 ) ) ;
#449 = CARTESIAN_POINT ( 'NONE',  ( -6.173921223560397742, -0.07931466350203646154, 9.499990508357385011 ) ) ;
#450 = CARTESIAN_POINT ( 'NONE',  ( -9.269633000427758063, -5.511248378919446189, 39.85908387951980814 ) ) ;
#451 = ORIENTED_EDGE ( 'NONE', *, *, #3151, .T. ) ;
#452 = CARTESIAN_POINT ( 'NONE',  ( -4.304003391989213334, -9.412498675003972082, 39.55999788000635675 ) ) ;
#453 = CARTESIAN_POINT ( 'NONE',  ( 6.213603617066531193, -0.05285973449794582196, 9.499999999999996447 ) ) ;
#454 = VERTEX_POINT ( 'NONE', #1630 ) ;
#455 = CARTESIAN_POINT ( 'NONE',  ( 5.500000000000033751, -5.000000000000000000, -12.64911064067357671 ) ) ;
#456 = DIRECTION ( 'NONE',  ( -0.000000000000000000, -0.000000000000000000, 1.000000000000000000 ) ) ;
#457 = FACE_OUTER_BOUND ( 'NONE', #1348, .T. ) ;
#458 = ORIENTED_EDGE ( 'NONE', *, *, #3237, .T. ) ;
#459 = LINE ( 'NONE', #2806, #3403 ) ;
#460 = DIRECTION ( 'NONE',  ( -1.982541115402008904E-15, 1.000000000000000000, 0.000000000000000000 ) ) ;
#461 = EDGE_LOOP ( 'NONE', ( #1901, #2243, #870, #2023 ) ) ;
#462 = CARTESIAN_POINT ( 'NONE',  ( -6.000000000000029310, -1.500000000000013989, 10.49999999999999822 ) ) ;
#463 = ADVANCED_FACE ( 'NONE', ( #1054 ), #2078, .T. ) ;
#464 = PLANE ( 'NONE',  #2029 ) ;
#465 = CARTESIAN_POINT ( 'NONE',  ( -4.000000000000000000, -5.828427124746177412, 33.82548339959388528 ) ) ;
#466 = VERTEX_POINT ( 'NONE', #3172 ) ;
#467 = DIRECTION ( 'NONE',  ( 0.000000000000000000, 1.000000000000000000, 0.000000000000000000 ) ) ;
#468 = ORIENTED_EDGE ( 'NONE', *, *, #883, .F. ) ;
#469 = ADVANCED_FACE ( 'NONE', ( #3235 ), #2703, .F. ) ;
#470 = AXIS2_PLACEMENT_3D ( 'NONE', #541, #1058, #30 ) ;
#471 = CARTESIAN_POINT ( 'NONE',  ( -20.49999999999999645, -3.000000000000000000, 43.50000000000000711 ) ) ;
#472 = AXIS2_PLACEMENT_3D ( 'NONE', #3372, #1471, #737 ) ;
#473 = ORIENTED_EDGE ( 'NONE', *, *, #2889, .F. ) ;
#474 = AXIS2_PLACEMENT_3D ( 'NONE', #2134, #562, #2699 ) ;
#475 = CONICAL_SURFACE ( 'NONE', #204, 2.000000000000005329, 0.7853981633974471688 ) ;
#476 = CARTESIAN_POINT ( 'NONE',  ( 20.49999999999999645, -6.500000000000094147, 41.00000000000000000 ) ) ;
#477 = CARTESIAN_POINT ( 'NONE',  ( -19.03066871794914761, -5.611823245201309263, 40.50000000000000000 ) ) ;
#478 = AXIS2_PLACEMENT_3D ( 'NONE', #2948, #2440, #1579 ) ;
#479 = DIRECTION ( 'NONE',  ( 1.000000000000000000, -3.469446951953629177E-15, 0.000000000000000000 ) ) ;
#480 = ORIENTED_EDGE ( 'NONE', *, *, #2019, .F. ) ;
#481 = CARTESIAN_POINT ( 'NONE',  ( -6.000000000000000000, -7.000000000000001776, 38.50000000000000000 ) ) ;
#482 = CARTESIAN_POINT ( 'NONE',  ( -6.292893218813484957, -0.7071067811865181518, 9.500000000000000000 ) ) ;
#483 = ORIENTED_EDGE ( 'NONE', *, *, #3000, .T. ) ;
#484 = CARTESIAN_POINT ( 'NONE',  ( 6.272266143260949001, -0.7277342884028079606, 9.049766900743493991 ) ) ;
#485 = EDGE_CURVE ( 'NONE', #83, #301, #2667, .T. ) ;
#486 = LINE ( 'NONE', #2615, #2924 ) ;
#487 = CARTESIAN_POINT ( 'NONE',  ( -12.61182324520111386, -12.03066871794928439, 43.50000000000000711 ) ) ;
#488 = AXIS2_PLACEMENT_3D ( 'NONE', #2184, #3215, #2482 ) ;
#489 = ORIENTED_EDGE ( 'NONE', *, *, #2516, .T. ) ;
#490 = DIRECTION ( 'NONE',  ( -0.7071067811865516806, 0.7071067811865434649, 0.000000000000000000 ) ) ;
#491 = ORIENTED_EDGE ( 'NONE', *, *, #624, .F. ) ;
#492 = EDGE_CURVE ( 'NONE', #1505, #1721, #1809, .T. ) ;
#493 = AXIS2_PLACEMENT_3D ( 'NONE', #622, #2694, #897 ) ;
#494 = ORIENTED_EDGE ( 'NONE', *, *, #2259, .F. ) ;
#495 = CARTESIAN_POINT ( 'NONE',  ( 5.501736564590101075, -0.8946612866832404087, 10.05322703742340806 ) ) ;
#496 = FACE_OUTER_BOUND ( 'NONE', #159, .T. ) ;
#497 = CARTESIAN_POINT ( 'NONE',  ( -12.00000000000003020, -1.000000000000000222, 34.50000000000000000 ) ) ;
#498 = DIRECTION ( 'NONE',  ( 1.000000000000000000, 0.000000000000000000, 0.000000000000000000 ) ) ;
#500 = DIRECTION ( 'NONE',  ( 0.000000000000000000, -0.7071067811865420216, -0.7071067811865531239 ) ) ;
#499 = AXIS2_PLACEMENT_3D ( 'NONE', #3075, #240, #1831 ) ;
#501 = EDGE_CURVE ( 'NONE', #349, #1496, #1028, .T. ) ;
#502 = CARTESIAN_POINT ( 'NONE',  ( -6.054956469276836728, -0.1586244996910733951, 9.509470814503925951 ) ) ;
#503 = FACE_OUTER_BOUND ( 'NONE', #671, .T. ) ;
#504 = CIRCLE ( 'NONE', #2436, 1.999999999999998224 ) ;
#505 = ORIENTED_EDGE ( 'NONE', *, *, #2730, .F. ) ;
#506 = LINE ( 'NONE', #2354, #3182 ) ;
#507 = ORIENTED_EDGE ( 'NONE', *, *, #1215, .F. ) ;
#508 = ORIENTED_EDGE ( 'NONE', *, *, #2454, .T. ) ;
#509 = DIRECTION ( 'NONE',  ( -0.000000000000000000, 0.000000000000000000, 1.000000000000000000 ) ) ;
#510 = CARTESIAN_POINT ( 'NONE',  ( 5.509691870522237522, -0.8291194901979380694, 9.940804595195732674 ) ) ;
#511 = CARTESIAN_POINT ( 'NONE',  ( -10.58578643762693616, 4.999999999999997335, 0.5000000000000004441 ) ) ;
#512 = EDGE_CURVE ( 'NONE', #2934, #2063, #2253, .T. ) ;
#513 = CARTESIAN_POINT ( 'NONE',  ( -13.00000000000000178, -15.50000000000000000, 40.50000000000000000 ) ) ;
#514 = PLANE ( 'NONE',  #1961 ) ;
#515 = CARTESIAN_POINT ( 'NONE',  ( 6.060844657051999818, -1.069848679249960854, 9.297526061023358324 ) ) ;
#516 = DIRECTION ( 'NONE',  ( 1.982541115402008904E-15, -1.000000000000000000, 0.000000000000000000 ) ) ;
#517 = DIRECTION ( 'NONE',  ( -0.000000000000000000, -0.000000000000000000, -1.000000000000000000 ) ) ;
#518 = CARTESIAN_POINT ( 'NONE',  ( -6.350626872623942099, -0.6493731273760615652, 9.029163445794443632 ) ) ;
#519 = VERTEX_POINT ( 'NONE', #1951 ) ;
#520 = LINE ( 'NONE', #28, #1062 ) ;
#521 = ORIENTED_EDGE ( 'NONE', *, *, #1201, .F. ) ;
#522 = FILL_AREA_STYLE_COLOUR ( '', #1957 ) ;
#523 = EDGE_CURVE ( 'NONE', #375, #2720, #258, .T. ) ;
#524 = CONICAL_SURFACE ( 'NONE', #1073, 1.499999999999997780, 0.7853981633974491672 ) ;
#525 = VECTOR ( 'NONE', #1155, 1000.000000000000227 ) ;
#526 = DIRECTION ( 'NONE',  ( 1.000000000000000000, 0.000000000000000000, 0.000000000000000000 ) ) ;
#527 = CIRCLE ( 'NONE', #2014, 2.000000000000000000 ) ;
#528 = AXIS2_PLACEMENT_3D ( 'NONE', #2517, #401, #1466 ) ;
#529 = CARTESIAN_POINT ( 'NONE',  ( 4.000000000000000000, -5.828427124746175636, 33.82548339959388528 ) ) ;
#530 = EDGE_CURVE ( 'NONE', #3098, #1188, #405, .T. ) ;
#531 = CARTESIAN_POINT ( 'NONE',  ( -5.501633614027069186, -0.9897436797858588653, 10.35420756467472714 ) ) ;
#532 = PLANE ( 'NONE',  #2607 ) ;
#533 = LINE ( 'NONE', #3186, #1830 ) ;
#534 = ORIENTED_EDGE ( 'NONE', *, *, #336, .T. ) ;
#535 = DIRECTION ( 'NONE',  ( 1.000000000000000000, 0.000000000000000000, 0.000000000000000000 ) ) ;
#536 = ORIENTED_EDGE ( 'NONE', *, *, #2174, .F. ) ;
#537 = VECTOR ( 'NONE', #2316, 1000.000000000000000 ) ;
#538 = DIRECTION ( 'NONE',  ( 1.000000000000000000, 0.000000000000000000, 0.000000000000000000 ) ) ;
#539 = EDGE_CURVE ( 'NONE', #1773, #2721, #2736, .T. ) ;
#540 = ORIENTED_EDGE ( 'NONE', *, *, #2326, .F. ) ;
#541 = CARTESIAN_POINT ( 'NONE',  ( 20.49999999999999645, -2.999999999999994671, 40.50000000000000000 ) ) ;
#542 = CIRCLE ( 'NONE', #706, 5.999999999999998224 ) ;
#543 = VERTEX_POINT ( 'NONE', #94 ) ;
#544 = CARTESIAN_POINT ( 'NONE',  ( -5.500000000000030198, -5.000000000000001776, 0.5000000000000004441 ) ) ;
#545 = EDGE_CURVE ( 'NONE', #2746, #2752, #1207, .T. ) ;
#546 = EDGE_CURVE ( 'NONE', #1580, #2953, #2490, .T. ) ;
#547 = CARTESIAN_POINT ( 'NONE',  ( 4.000000000000000000, -7.000000000000000000, 40.50000000000000000 ) ) ;
#548 = FACE_OUTER_BOUND ( 'NONE', #2739, .T. ) ;
#549 = LINE ( 'NONE', #821, #906 ) ;
#550 = CIRCLE ( 'NONE', #2823, 1.600000000000004086 ) ;
#551 = CARTESIAN_POINT ( 'NONE',  ( -22.49999999999999645, -6.500000000000099476, 40.50000000000000000 ) ) ;
#552 = AXIS2_PLACEMENT_3D ( 'NONE', #487, #1282, #1802 ) ;
#553 = DIRECTION ( 'NONE',  ( 1.000000000000000000, 0.000000000000000000, 0.000000000000000000 ) ) ;
#554 = CIRCLE ( 'NONE', #773, 1.000000000000000000 ) ;
#555 = DIRECTION ( 'NONE',  ( -2.168404344971008868E-16, -1.000000000000000000, 0.000000000000000000 ) ) ;
#556 = EDGE_LOOP ( 'NONE', ( #2951, #1057, #368, #334 ) ) ;
#557 = VERTEX_POINT ( 'NONE', #3010 ) ;
#558 = CARTESIAN_POINT ( 'NONE',  ( -4.000000000000000000, -7.000000000000000888, 35.70000000000000284 ) ) ;
#559 = ORIENTED_EDGE ( 'NONE', *, *, #3346, .T. ) ;
#560 = DIRECTION ( 'NONE',  ( 0.000000000000000000, 0.000000000000000000, -1.000000000000000000 ) ) ;
#561 = CARTESIAN_POINT ( 'NONE',  ( -5.500151837190297321, -0.9577154513812038417, 10.21190668542533508 ) ) ;
#562 = DIRECTION ( 'NONE',  ( -0.000000000000000000, -0.000000000000000000, 1.000000000000000000 ) ) ;
#563 = VERTEX_POINT ( 'NONE', #1187 ) ;
#564 = DIRECTION ( 'NONE',  ( 1.000000000000000000, 1.734723475976807094E-15, 0.000000000000000000 ) ) ;
#565 = CARTESIAN_POINT ( 'NONE',  ( 12.99999999999999822, -14.00000000000000355, 40.50000000000000000 ) ) ;
#566 = CARTESIAN_POINT ( 'NONE',  ( 10.58578643762693616, 4.999999999999997335, 9.500000000000000000 ) ) ;
#567 = EDGE_CURVE ( 'NONE', #1981, #2832, #651, .T. ) ;
#568 = ORIENTED_EDGE ( 'NONE', *, *, #3237, .F. ) ;
#569 = CARTESIAN_POINT ( 'NONE',  ( 5.611566458980270511, -0.5641585953473742254, 9.674213945749668753 ) ) ;
#570 = ORIENTED_EDGE ( 'NONE', *, *, #2111, .T. ) ;
#571 = CARTESIAN_POINT ( 'NONE',  ( -5.500000000000039968, -1.414213562373067168, 0.000000000000000000 ) ) ;
#572 = ORIENTED_EDGE ( 'NONE', *, *, #126, .T. ) ;
#573 = CARTESIAN_POINT ( 'NONE',  ( 0.000000000000000000, 0.000000000000000000, 43.50000000000000711 ) ) ;
#574 = CARTESIAN_POINT ( 'NONE',  ( -6.000000000000000000, -7.000000000000001776, 38.50000000000000000 ) ) ;
#575 = VECTOR ( 'NONE', #2005, 1000.000000000000000 ) ;
#576 = CIRCLE ( 'NONE', #3068, 0.4999999999999952260 ) ;
#577 = CARTESIAN_POINT ( 'NONE',  ( -5.500359216650482885, -0.9176533071918460127, 10.10154882270295218 ) ) ;
#578 = DIRECTION ( 'NONE',  ( -1.000000000000000000, -1.264902534566416991E-16, 0.000000000000000000 ) ) ;
#579 = VECTOR ( 'NONE', #2503, 1000.000000000000000 ) ;
#580 = CIRCLE ( 'NONE', #528, 1.500000000000004885 ) ;
#581 = ORIENTED_EDGE ( 'NONE', *, *, #1159, .T. ) ;
#582 = CARTESIAN_POINT ( 'NONE',  ( 5.500000011942885791, -0.9428090471607685208, 10.16666668244562644 ) ) ;
#583 = VECTOR ( 'NONE', #2917, 1000.000000000000000 ) ;
#584 = CARTESIAN_POINT ( 'NONE',  ( -12.61182324520111386, -12.03066871794928439, 40.50000000000000000 ) ) ;
#585 = EDGE_CURVE ( 'NONE', #1067, #2720, #1715, .T. ) ;
#586 = EDGE_CURVE ( 'NONE', #2752, #705, #2691, .T. ) ;
#587 = EDGE_CURVE ( 'NONE', #454, #1981, #2804, .T. ) ;
#588 = DIRECTION ( 'NONE',  ( -0.000000000000000000, 1.000000000000000000, -0.000000000000000000 ) ) ;
#589 = CARTESIAN_POINT ( 'NONE',  ( 5.686358998181784585, -0.4593162045816798211, 9.611354311768989689 ) ) ;
#590 = ORIENTED_EDGE ( 'NONE', *, *, #2990, .F. ) ;
#591 = EDGE_CURVE ( 'NONE', #2814, #563, #3242, .T. ) ;
#592 = CARTESIAN_POINT ( 'NONE',  ( 5.526468313403658961, -0.7551325376740187778, 9.844032978793800126 ) ) ;
#593 = ORIENTED_EDGE ( 'NONE', *, *, #3179, .F. ) ;
#594 = VECTOR ( 'NONE', #1381, 1000.000000000000000 ) ;
#595 = CARTESIAN_POINT ( 'NONE',  ( -6.218601645529354904, -0.04954315489531668781, 9.501031210536055482 ) ) ;
#596 = CARTESIAN_POINT ( 'NONE',  ( 20.49999999999999645, -6.500000000000094147, 40.50000000000000000 ) ) ;
#597 = CARTESIAN_POINT ( 'NONE',  ( 21.91421356237308871, -7.914213562373199728, 40.50000000000000000 ) ) ;
#598 = CARTESIAN_POINT ( 'NONE',  ( -5.500000000000027534, -2.034695203544841719E-15, 10.49999999999999822 ) ) ;
#599 = ORIENTED_EDGE ( 'NONE', *, *, #1314, .F. ) ;
#600 = ADVANCED_FACE ( 'NONE', ( #1980 ), #3304, .T. ) ;
#601 = LINE ( 'NONE', #1937, #525 ) ;
#602 = CARTESIAN_POINT ( 'NONE',  ( -10.58578643762693794, 5.499999999999990230, 9.500000000000000000 ) ) ;
#603 = VERTEX_POINT ( 'NONE', #3043 ) ;
#604 = VECTOR ( 'NONE', #1872, 1000.000000000000114 ) ;
#605 = ORIENTED_EDGE ( 'NONE', *, *, #693, .T. ) ;
#606 = AXIS2_PLACEMENT_3D ( 'NONE', #1311, #1573, #2625 ) ;
#607 = ORIENTED_EDGE ( 'NONE', *, *, #341, .T. ) ;
#608 = PRODUCT_DEFINITION_CONTEXT ( 'detailed design', #224, 'design' ) ;
#609 = CYLINDRICAL_SURFACE ( 'NONE', #2963, 1.999999999999998224 ) ;
#610 = EDGE_LOOP ( 'NONE', ( #2566, #2977, #350, #468 ) ) ;
#611 = CARTESIAN_POINT ( 'NONE',  ( -6.292893218813484957, -0.7071067811865181518, 9.042262026288650389 ) ) ;
#612 = SPHERICAL_SURFACE ( 'NONE', #2873, 2.000000000000000000 ) ;
#613 = ADVANCED_FACE ( 'NONE', ( #665 ), #1730, .F. ) ;
#614 = DIRECTION ( 'NONE',  ( -1.000000000000000000, -1.264902534566415512E-16, 0.000000000000000000 ) ) ;
#615 = LINE ( 'NONE', #1695, #997 ) ;
#616 = ORIENTED_EDGE ( 'NONE', *, *, #2843, .F. ) ;
#617 = CARTESIAN_POINT ( 'NONE',  ( 11.60212890178663159, -6.770289301511813740, 40.50000000000001421 ) ) ;
#618 = CARTESIAN_POINT ( 'NONE',  ( 22.50000000000000711, -6.500000000000094147, 40.50000000000000000 ) ) ;
#619 = EDGE_LOOP ( 'NONE', ( #2853, #2094, #1014, #3230 ) ) ;
#620 = ORIENTED_EDGE ( 'NONE', *, *, #896, .F. ) ;
#621 = VERTEX_POINT ( 'NONE', #1475 ) ;
#622 = CARTESIAN_POINT ( 'NONE',  ( -6.000000000000030198, -5.000000000000001776, -12.64911064067357671 ) ) ;
#623 = ORIENTED_EDGE ( 'NONE', *, *, #1595, .F. ) ;
#624 = EDGE_CURVE ( 'NONE', #249, #2126, #2522, .T. ) ;
#625 = FACE_OUTER_BOUND ( 'NONE', #1154, .T. ) ;
#626 = CARTESIAN_POINT ( 'NONE',  ( -5.833333333333362347, -1.257078453213039904, 10.05555479500244687 ) ) ;
#627 = EDGE_CURVE ( 'NONE', #31, #3052, #1406, .T. ) ;
#628 = CARTESIAN_POINT ( 'NONE',  ( -6.001170970770376201, -1.364270663059366395, 9.823100963164721477 ) ) ;
#629 = DIRECTION ( 'NONE',  ( -0.000000000000000000, -0.000000000000000000, 1.000000000000000000 ) ) ;
#630 = EDGE_LOOP ( 'NONE', ( #2759, #3353, #64, #3175, #2438 ) ) ;
#631 = VECTOR ( 'NONE', #966, 1000.000000000000227 ) ;
#632 = EDGE_CURVE ( 'NONE', #2851, #1008, #879, .T. ) ;
#633 = CARTESIAN_POINT ( 'NONE',  ( 22.00000000000001066, -6.500000000000095035, 40.50000000000000000 ) ) ;
#634 = AXIS2_PLACEMENT_3D ( 'NONE', #2958, #2150, #1099 ) ;
#635 = CIRCLE ( 'NONE', #689, 0.9999999999999956701 ) ;
#636 = AXIS2_PLACEMENT_3D ( 'NONE', #1865, #2133, #2677 ) ;
#637 = DIRECTION ( 'NONE',  ( 0.000000000000000000, 0.000000000000000000, 1.000000000000000000 ) ) ;
#638 = VERTEX_POINT ( 'NONE', #1423 ) ;
#639 = AXIS2_PLACEMENT_3D ( 'NONE', #1278, #756, #1524 ) ;
#640 = DIRECTION ( 'NONE',  ( -1.000000000000000000, -1.445602896647331768E-16, 0.000000000000000000 ) ) ;
#641 = ORIENTED_EDGE ( 'NONE', *, *, #11, .F. ) ;
#642 = CARTESIAN_POINT ( 'NONE',  ( -11.58578643762693261, 4.999999999999997335, 8.999999999999985789 ) ) ;
#643 = VERTEX_POINT ( 'NONE', #106 ) ;
#644 = CARTESIAN_POINT ( 'NONE',  ( 12.99999999999999822, -14.00000000000000355, 41.00000000000000000 ) ) ;
#645 = AXIS2_PLACEMENT_3D ( 'NONE', #3358, #1529, #2350 ) ;
#646 = CARTESIAN_POINT ( 'NONE',  ( -6.001089076017986024, -1.461148200575110634, 10.28131134699702542 ) ) ;
#647 = LINE ( 'NONE', #2732, #232 ) ;
#648 = VERTEX_POINT ( 'NONE', #2209 ) ;
#649 = VECTOR ( 'NONE', #1777, 1000.000000000000114 ) ;
#650 = PLANE ( 'NONE',  #2831 ) ;
#651 = LINE ( 'NONE', #1700, #1190 ) ;
#652 = ORIENTED_EDGE ( 'NONE', *, *, #1219, .F. ) ;
#653 = LINE ( 'NONE', #2524, #1185 ) ;
#654 = CARTESIAN_POINT ( 'NONE',  ( -13.00000000000000178, -15.50000000000000000, 40.50000000000000000 ) ) ;
#655 = ORIENTED_EDGE ( 'NONE', *, *, #125, .F. ) ;
#656 = CARTESIAN_POINT ( 'NONE',  ( 6.086529399315233846, -0.1375771986940917124, 9.509483375696747842 ) ) ;
#657 = ORIENTED_EDGE ( 'NONE', *, *, #2730, .T. ) ;
#658 = AXIS2_PLACEMENT_3D ( 'NONE', #3048, #982, #1785 ) ;
#659 = AXIS2_PLACEMENT_3D ( 'NONE', #3269, #629, #2765 ) ;
#660 = DIRECTION ( 'NONE',  ( 1.000000000000000000, 0.000000000000000000, 0.000000000000000000 ) ) ;
#661 = CARTESIAN_POINT ( 'NONE',  ( -6.199287360236430899, -0.8145219464009775256, 9.090587150980983466 ) ) ;
#662 = CARTESIAN_POINT ( 'NONE',  ( 12.61182324520111742, -12.03066871794928083, 43.50000000000000711 ) ) ;
#663 = ORIENTED_EDGE ( 'NONE', *, *, #2799, .T. ) ;
#664 = CARTESIAN_POINT ( 'NONE',  ( 7.843984924596834496, -5.021913948368982972, 38.83344341963381652 ) ) ;
#665 = FACE_OUTER_BOUND ( 'NONE', #1430, .T. ) ;
#666 = VERTEX_POINT ( 'NONE', #3272 ) ;
#667 = CARTESIAN_POINT ( 'NONE',  ( 5.500152491732912985, -0.9577394805876373596, 10.21198932079184907 ) ) ;
#668 = EDGE_CURVE ( 'NONE', #3381, #3111, #3131, .T. ) ;
#669 = FACE_OUTER_BOUND ( 'NONE', #1168, .T. ) ;
#670 = DIRECTION ( 'NONE',  ( -1.000000000000000000, 0.000000000000000000, 0.000000000000000000 ) ) ;
#671 = EDGE_LOOP ( 'NONE', ( #1927, #581, #2900 ) ) ;
#672 = FACE_OUTER_BOUND ( 'NONE', #2493, .T. ) ;
#673 = ADVANCED_FACE ( 'NONE', ( #2055 ), #2352, .T. ) ;
#674 = FACE_OUTER_BOUND ( 'NONE', #3044, .T. ) ;
#675 = EDGE_CURVE ( 'NONE', #1942, #349, #1261, .T. ) ;
#676 = ORIENTED_EDGE ( 'NONE', *, *, #3040, .T. ) ;
#677 = CARTESIAN_POINT ( 'NONE',  ( -5.503030968717641969, -0.8792299168303702173, 10.02356574669015643 ) ) ;
#678 = CARTESIAN_POINT ( 'NONE',  ( 20.49999999999999645, -1.499999999999998890, 43.50000000000000711 ) ) ;
#679 = CARTESIAN_POINT ( 'NONE',  ( -6.098190663563663350, -0.9804125879262240995, 9.207357070227683238 ) ) ;
#680 = VERTEX_POINT ( 'NONE', #722 ) ;
#681 = FACE_OUTER_BOUND ( 'NONE', #2062, .T. ) ;
#682 = DIRECTION ( 'NONE',  ( -1.000000000000000000, -1.264902534566415512E-16, -0.000000000000000000 ) ) ;
#683 = ORIENTED_EDGE ( 'NONE', *, *, #819, .T. ) ;
#684 = DIRECTION ( 'NONE',  ( -0.4999999999999972244, 0.5000000000000028866, -0.7071067811865475727 ) ) ;
#685 = AXIS2_PLACEMENT_3D ( 'NONE', #2824, #1995, #425 ) ;
#686 = EDGE_CURVE ( 'NONE', #1379, #375, #2597, .T. ) ;
#687 = CARTESIAN_POINT ( 'NONE',  ( 6.065179027654461485, -1.052576563550960520, 9.272607605851161949 ) ) ;
#688 = CARTESIAN_POINT ( 'NONE',  ( -5.500000000000027534, -1.000000000000001554, -12.64911064067357671 ) ) ;
#689 = AXIS2_PLACEMENT_3D ( 'NONE', #696, #1445, #1461 ) ;
#690 = EDGE_CURVE ( 'NONE', #710, #1407, #2276, .T. ) ;
#691 = ORIENTED_EDGE ( 'NONE', *, *, #893, .F. ) ;
#692 = DIRECTION ( 'NONE',  ( 0.000000000000000000, 0.000000000000000000, -1.000000000000000000 ) ) ;
#693 = EDGE_CURVE ( 'NONE', #397, #1334, #1816, .T. ) ;
#694 = AXIS2_PLACEMENT_3D ( 'NONE', #3268, #2250, #1202 ) ;
#695 = EDGE_CURVE ( 'NONE', #3126, #3336, #1687, .T. ) ;
#696 = CARTESIAN_POINT ( 'NONE',  ( -10.58578643762693616, 4.999999999999997335, 0.5000000000000004441 ) ) ;
#697 = EDGE_LOOP ( 'NONE', ( #1552, #89, #2818, #1361, #2393, #559, #2981, #458, #1514, #1735, #2679, #227 ) ) ;
#698 = CARTESIAN_POINT ( 'NONE',  ( -5.550394474376036058, -0.6849017873131149070, 9.770788493372696948 ) ) ;
#699 = DIRECTION ( 'NONE',  ( -0.000000000000000000, -1.000000000000000000, 0.000000000000000000 ) ) ;
#700 = LINE ( 'NONE', #442, #2887 ) ;
#701 = ORIENTED_EDGE ( 'NONE', *, *, #2539, .F. ) ;
#702 = AXIS2_PLACEMENT_3D ( 'NONE', #1221, #203, #915 ) ;
#703 = LINE ( 'NONE', #1591, #2910 ) ;
#704 = PLANE ( 'NONE',  #639 ) ;
#705 = VERTEX_POINT ( 'NONE', #1781 ) ;
#706 = AXIS2_PLACEMENT_3D ( 'NONE', #1955, #3017, #1358 ) ;
#707 = CARTESIAN_POINT ( 'NONE',  ( 6.005741673425253779, -1.305883107753948336, 9.672286965613457355 ) ) ;
#708 = CARTESIAN_POINT ( 'NONE',  ( -11.29289321881348229, 4.292893218813451206, 0.5000000000000004441 ) ) ;
#709 = CARTESIAN_POINT ( 'NONE',  ( -8.359512926423754209, -5.150568114825969879, 39.27441460992729105 ) ) ;
#710 = VERTEX_POINT ( 'NONE', #1765 ) ;
#711 = CARTESIAN_POINT ( 'NONE',  ( -4.304003391989213334, -9.412498675003972082, 39.55999788000635675 ) ) ;
#712 = CARTESIAN_POINT ( 'NONE',  ( 4.304003391989215110, -9.412498675003972082, 39.55999788000635675 ) ) ;
#713 = ORIENTED_EDGE ( 'NONE', *, *, #2895, .F. ) ;
#714 = CARTESIAN_POINT ( 'NONE',  ( 11.01182324520111422, -12.03066871794928083, 0.000000000000000000 ) ) ;
#715 = FACE_OUTER_BOUND ( 'NONE', #764, .T. ) ;
#716 = AXIS2_PLACEMENT_3D ( 'NONE', #329, #3190, #811 ) ;
#717 = PLANE ( 'NONE',  #499 ) ;
#718 = VERTEX_POINT ( 'NONE', #940 ) ;
#719 = CIRCLE ( 'NONE', #1441, 2.049999999999999822 ) ;
#720 = CARTESIAN_POINT ( 'NONE',  ( 8.182151015940451799, -5.096876337382967748, 39.13413663081500715 ) ) ;
#721 = ADVANCED_FACE ( 'NONE', ( #1747 ), #475, .T. ) ;
#722 = CARTESIAN_POINT ( 'NONE',  ( -6.000000000000030198, -5.000000000000001776, 32.50000000000000000 ) ) ;
#723 = ORIENTED_EDGE ( 'NONE', *, *, #695, .T. ) ;
#724 = CARTESIAN_POINT ( 'NONE',  ( 6.033578415769541792, -1.156404049996560435, 9.406341146189200586 ) ) ;
#725 = DIRECTION ( 'NONE',  ( -2.453269466693357995E-15, 0.7071067811865389130, -0.7071067811865561215 ) ) ;
#726 = LINE ( 'NONE', #688, #1664 ) ;
#727 = EDGE_LOOP ( 'NONE', ( #3032, #1499, #1059, #2640 ) ) ;
#728 = CARTESIAN_POINT ( 'NONE',  ( 4.000000000000000000, -8.750000000000000000, 38.50000000000000000 ) ) ;
#729 = EDGE_LOOP ( 'NONE', ( #865, #2323, #1084, #29 ) ) ;
#730 = DIRECTION ( 'NONE',  ( 1.000000000000000000, 1.982541115402008904E-15, -0.000000000000000000 ) ) ;
#731 = ORIENTED_EDGE ( 'NONE', *, *, #1291, .F. ) ;
#732 = CARTESIAN_POINT ( 'NONE',  ( -5.513541612919773627, -0.8085788552484671765, 9.911501742311083163 ) ) ;
#733 = DIRECTION ( 'NONE',  ( -0.000000000000000000, -0.000000000000000000, -1.000000000000000000 ) ) ;
#734 = ADVANCED_FACE ( 'NONE', ( #426 ), #1561, .F. ) ;
#735 = DIRECTION ( 'NONE',  ( -1.000000000000000000, -1.445602896647331768E-16, 0.000000000000000000 ) ) ;
#736 = ORIENTED_EDGE ( 'NONE', *, *, #1800, .F. ) ;
#737 = DIRECTION ( 'NONE',  ( 1.000000000000000000, 0.000000000000000000, 0.000000000000000000 ) ) ;
#738 = LINE ( 'NONE', #482, #3292 ) ;
#739 = ORIENTED_EDGE ( 'NONE', *, *, #2307, .F. ) ;
#740 = CARTESIAN_POINT ( 'NONE',  ( 6.000240019569213601, -1.389041826603556906, 9.902270814671993548 ) ) ;
#741 = LINE ( 'NONE', #1266, #537 ) ;
#742 = CARTESIAN_POINT ( 'NONE',  ( 19.03066871794915471, -5.611823245201304822, 40.50000000000000000 ) ) ;
#743 = ORIENTED_EDGE ( 'NONE', *, *, #3072, .F. ) ;
#744 = FACE_OUTER_BOUND ( 'NONE', #2195, .T. ) ;
#745 = ORIENTED_EDGE ( 'NONE', *, *, #2810, .T. ) ;
#746 = AXIS2_PLACEMENT_3D ( 'NONE', #1218, #1791, #970 ) ;
#747 = VECTOR ( 'NONE', #2312, 1000.000000000000000 ) ;
#748 = EDGE_LOOP ( 'NONE', ( #946, #2257, #830, #1393 ) ) ;
#749 = VECTOR ( 'NONE', #3136, 1000.000000000000000 ) ;
#750 = CARTESIAN_POINT ( 'NONE',  ( 21.91421356237308871, -7.914213562373199728, 43.00000000000000000 ) ) ;
#751 = DIRECTION ( 'NONE',  ( 1.000000000000000000, 0.000000000000000000, 0.000000000000000000 ) ) ;
#752 = AXIS2_PLACEMENT_3D ( 'NONE', #1615, #1321, #313 ) ;
#753 = DIRECTION ( 'NONE',  ( 0.000000000000000000, 0.000000000000000000, 1.000000000000000000 ) ) ;
#754 = EDGE_CURVE ( 'NONE', #3395, #44, #39, .T. ) ;
#755 = CARTESIAN_POINT ( 'NONE',  ( 6.000000000000031086, -1.500000000000014211, -12.64911064067357671 ) ) ;
#756 = DIRECTION ( 'NONE',  ( 0.7071067811865560104, -0.7071067811865391350, 0.000000000000000000 ) ) ;
#757 = CARTESIAN_POINT ( 'NONE',  ( 6.124239332121033108, -0.9307207253729945506, 9.167031467653686150 ) ) ;
#758 = DIRECTION ( 'NONE',  ( 0.000000000000000000, 0.000000000000000000, -1.000000000000000000 ) ) ;
#759 = DIRECTION ( 'NONE',  ( -1.000000000000000000, 0.000000000000000000, 0.000000000000000000 ) ) ;
#760 = AXIS2_PLACEMENT_3D ( 'NONE', #2448, #2165, #1448 ) ;
#761 = ORIENTED_EDGE ( 'NONE', *, *, #25, .T. ) ;
#762 = CARTESIAN_POINT ( 'NONE',  ( 10.58578643762693616, 4.999999999999997335, 0.5000000000000004441 ) ) ;
#763 = ORIENTED_EDGE ( 'NONE', *, *, #1729, .T. ) ;
#764 = EDGE_LOOP ( 'NONE', ( #1622, #2292, #3038, #1234, #3277, #1925, #2108, #761, #860, #1286, #2401, #2562, #219, #2301, #2672, #2467, #1766, #3225, #676, #2655 ) ) ;
#765 = CARTESIAN_POINT ( 'NONE',  ( 6.408509859870112457, -0.5914901401298902073, 9.014206221755870274 ) ) ;
#766 = PLANE ( 'NONE',  #376 ) ;
#767 = CARTESIAN_POINT ( 'NONE',  ( -22.50000000000000000, -3.000000000000000000, 43.00000000000000000 ) ) ;
#768 = LINE ( 'NONE', #1543, #251 ) ;
#769 = DIRECTION ( 'NONE',  ( 1.000000000000000000, 1.334402673828312846E-16, 0.000000000000000000 ) ) ;
#770 = CARTESIAN_POINT ( 'NONE',  ( 6.151466174442194124, -0.8843908019882954497, 9.133348403525832992 ) ) ;
#771 = CYLINDRICAL_SURFACE ( 'NONE', #3146, 2.000000000000001776 ) ;
#772 = DIRECTION ( 'NONE',  ( -1.000000000000000000, 0.000000000000000000, 0.000000000000000000 ) ) ;
#773 = AXIS2_PLACEMENT_3D ( 'NONE', #598, #578, #857 ) ;
#774 = CARTESIAN_POINT ( 'NONE',  ( -6.292893218813484957, -0.7071067811865181518, 0.5000000000000004441 ) ) ;
#775 = CARTESIAN_POINT ( 'NONE',  ( -13.00000000000000178, -15.49999999999999822, 43.50000000000000711 ) ) ;
#776 = ORIENTED_EDGE ( 'NONE', *, *, #1198, .F. ) ;
#777 = ADVANCED_FACE ( 'NONE', ( #1491 ), #704, .F. ) ;
#778 = EDGE_CURVE ( 'NONE', #1008, #710, #1911, .T. ) ;
#779 = DIRECTION ( 'NONE',  ( -1.000000000000000000, 0.000000000000000000, 0.000000000000000000 ) ) ;
#780 = EDGE_LOOP ( 'NONE', ( #815, #12 ) ) ;
#781 = PLANE ( 'NONE',  #1359 ) ;
#782 = EDGE_CURVE ( 'NONE', #867, #603, #2579, .T. ) ;
#783 = DIRECTION ( 'NONE',  ( 0.7071067811865495711, -0.7071067811865454633, 0.000000000000000000 ) ) ;
#784 = CARTESIAN_POINT ( 'NONE',  ( -6.000000000000029310, -1.414213562373067168, -12.64911064067357671 ) ) ;
#785 = DIRECTION ( 'NONE',  ( 0.000000000000000000, 0.000000000000000000, -1.000000000000000000 ) ) ;
#786 = DIRECTION ( 'NONE',  ( 0.000000000000000000, 0.000000000000000000, -1.000000000000000000 ) ) ;
#787 = EDGE_CURVE ( 'NONE', #267, #2724, #3117, .T. ) ;
#788 = CARTESIAN_POINT ( 'NONE',  ( -6.000000000000030198, -5.000000000000001776, -12.64911064067357671 ) ) ;
#789 = CARTESIAN_POINT ( 'NONE',  ( -13.00000000000000355, -7.000000000000002665, 40.50000000000000000 ) ) ;
#790 = CARTESIAN_POINT ( 'NONE',  ( -12.61182324520111386, -12.03066871794928439, 43.50000000000000711 ) ) ;
#791 = ORIENTED_EDGE ( 'NONE', *, *, #3248, .T. ) ;
#792 = EDGE_CURVE ( 'NONE', #112, #1689, #1508, .T. ) ;
#793 = EDGE_CURVE ( 'NONE', #31, #2934, #738, .T. ) ;
#794 = EDGE_CURVE ( 'NONE', #1656, #718, #3335, .T. ) ;
#795 = DIRECTION ( 'NONE',  ( -0.7071067811865474617, 0.000000000000000000, 0.7071067811865474617 ) ) ;
#796 = ORIENTED_EDGE ( 'NONE', *, *, #690, .F. ) ;
#797 = DIRECTION ( 'NONE',  ( -0.000000000000000000, -0.000000000000000000, 1.000000000000000000 ) ) ;
#798 = ORIENTED_EDGE ( 'NONE', *, *, #1425, .F. ) ;
#799 = CONICAL_SURFACE ( 'NONE', #1581, 0.9999999999999956701, 0.7853981633974407295 ) ;
#800 = AXIS2_PLACEMENT_3D ( 'NONE', #1240, #1342, #3132 ) ;
#801 = CARTESIAN_POINT ( 'NONE',  ( 14.41421356237309404, -15.41421356237309936, 41.00000000000000000 ) ) ;
#802 = VECTOR ( 'NONE', #1539, 1000.000000000000000 ) ;
#803 = VECTOR ( 'NONE', #1411, 1000.000000000000000 ) ;
#804 = CARTESIAN_POINT ( 'NONE',  ( -22.00000000000000000, -3.000000000000000000, 43.50000000000000711 ) ) ;
#805 = CARTESIAN_POINT ( 'NONE',  ( -5.502339606782726378, -0.9986984291499895194, 10.44123425209173206 ) ) ;
#806 = DIRECTION ( 'NONE',  ( -0.7071067811865474617, 0.000000000000000000, -0.7071067811865474617 ) ) ;
#807 = CARTESIAN_POINT ( 'NONE',  ( -6.292893218813484957, -0.7071067811865181518, 9.042262026288650389 ) ) ;
#808 = DIRECTION ( 'NONE',  ( 0.000000000000000000, 0.000000000000000000, 1.000000000000000000 ) ) ;
#809 = ORIENTED_EDGE ( 'NONE', *, *, #1425, .T. ) ;
#810 = VECTOR ( 'NONE', #1237, 1000.000000000000000 ) ;
#811 = DIRECTION ( 'NONE',  ( 1.000000000000000000, 0.000000000000000000, 0.000000000000000000 ) ) ;
#812 = EDGE_LOOP ( 'NONE', ( #2205, #3330, #2755, #8 ) ) ;
#813 = FILL_AREA_STYLE ('',( #522 ) ) ;
#814 = AXIS2_PLACEMENT_3D ( 'NONE', #252, #2360, #2906 ) ;
#815 = ORIENTED_EDGE ( 'NONE', *, *, #668, .F. ) ;
#816 = DIRECTION ( 'NONE',  ( 0.000000000000000000, 0.000000000000000000, 1.000000000000000000 ) ) ;
#817 = ORIENTED_EDGE ( 'NONE', *, *, #1288, .F. ) ;
#818 = CARTESIAN_POINT ( 'NONE',  ( -6.000000000000030198, -4.500000000000001776, -12.64911064067357671 ) ) ;
#819 = EDGE_CURVE ( 'NONE', #2851, #2191, #2296, .T. ) ;
#820 = CARTESIAN_POINT ( 'NONE',  ( -5.535557946707462484, -0.7253450829359887608, 9.811013116828648961 ) ) ;
#821 = CARTESIAN_POINT ( 'NONE',  ( -4.000000000000000000, -7.000000000000001776, 21.75000000000000355 ) ) ;
#822 = ORIENTED_EDGE ( 'NONE', *, *, #585, .T. ) ;
#823 = ADVANCED_FACE ( 'NONE', ( #1544 ), #1796, .F. ) ;
#824 = DIRECTION ( 'NONE',  ( -0.000000000000000000, -0.000000000000000000, -1.000000000000000000 ) ) ;
#825 = VECTOR ( 'NONE', #1857, 1000.000000000000000 ) ;
#826 = CIRCLE ( 'NONE', #552, 1.600000000000004086 ) ;
#827 = DIRECTION ( 'NONE',  ( 0.7071067811865495711, 0.7071067811865454633, 0.000000000000000000 ) ) ;
#828 = CIRCLE ( 'NONE', #2324, 0.9999999999999956701 ) ;
#829 = FACE_OUTER_BOUND ( 'NONE', #1092, .T. ) ;
#830 = ORIENTED_EDGE ( 'NONE', *, *, #1670, .F. ) ;
#831 = CYLINDRICAL_SURFACE ( 'NONE', #470, 2.000000000000001776 ) ;
#832 = ORIENTED_EDGE ( 'NONE', *, *, #2641, .F. ) ;
#833 = CARTESIAN_POINT ( 'NONE',  ( 5.523029586027205617, -0.7677199963598072552, 9.858832115029262155 ) ) ;
#834 = ADVANCED_FACE ( 'NONE', ( #3152 ), #514, .F. ) ;
#835 = ORIENTED_EDGE ( 'NONE', *, *, #1215, .T. ) ;
#836 = FACE_BOUND ( 'NONE', #3197, .T. ) ;
#837 = DIRECTION ( 'NONE',  ( 0.000000000000000000, 0.000000000000000000, -1.000000000000000000 ) ) ;
#838 = EDGE_CURVE ( 'NONE', #397, #3126, #309, .T. ) ;
#839 = DIRECTION ( 'NONE',  ( 0.000000000000000000, 1.000000000000000000, 0.000000000000000000 ) ) ;
#840 = CARTESIAN_POINT ( 'NONE',  ( 20.49999999999999645, -2.999999999999994671, 43.50000000000000711 ) ) ;
#841 = ORIENTED_EDGE ( 'NONE', *, *, #943, .T. ) ;
#842 = ADVANCED_FACE ( 'NONE', ( #2647 ), #907, .T. ) ;
#843 = DIRECTION ( 'NONE',  ( -0.000000000000000000, -0.000000000000000000, -1.000000000000000000 ) ) ;
#844 = CARTESIAN_POINT ( 'NONE',  ( -10.58578643762693616, 4.999999999999997335, 8.999999999999985789 ) ) ;
#845 = ORIENTED_EDGE ( 'NONE', *, *, #2641, .T. ) ;
#846 = CARTESIAN_POINT ( 'NONE',  ( 21.56066017177981209, -7.560660171779920447, 40.50000000000000000 ) ) ;
#847 = CARTESIAN_POINT ( 'NONE',  ( 5.579524548822101693, -0.6207276309298865868, 9.715465513262730113 ) ) ;
#848 = ORIENTED_EDGE ( 'NONE', *, *, #1079, .T. ) ;
#849 = CYLINDRICAL_SURFACE ( 'NONE', #1149, 1.000000000000000000 ) ;
#850 = EDGE_LOOP ( 'NONE', ( #798, #1481, #172, #641 ) ) ;
#851 = CARTESIAN_POINT ( 'NONE',  ( -6.646446609406727823, -0.3535533905932747301, 8.999999999999984013 ) ) ;
#852 = AXIS2_PLACEMENT_3D ( 'NONE', #1386, #3232, #861 ) ;
#853 = FACE_OUTER_BOUND ( 'NONE', #3140, .T. ) ;
#854 = CIRCLE ( 'NONE', #2230, 2.000000000000001776 ) ;
#855 = ADVANCED_FACE ( 'NONE', ( #3202 ), #3239, .T. ) ;
#856 = CARTESIAN_POINT ( 'NONE',  ( 2.383249353959454542E-15, 2.999999999999999112, 9.500000000000000000 ) ) ;
#857 = DIRECTION ( 'NONE',  ( 0.000000000000000000, -1.000000000000000000, 0.000000000000000000 ) ) ;
#858 = VECTOR ( 'NONE', #942, 1000.000000000000000 ) ;
#859 = VECTOR ( 'NONE', #3036, 1000.000000000000000 ) ;
#860 = ORIENTED_EDGE ( 'NONE', *, *, #1571, .T. ) ;
#861 = DIRECTION ( 'NONE',  ( 0.000000000000000000, 0.000000000000000000, 1.000000000000000000 ) ) ;
#862 = AXIS2_PLACEMENT_3D ( 'NONE', #2770, #637, #2470 ) ;
#863 = DIRECTION ( 'NONE',  ( 0.000000000000000000, 0.7071067811865561215, 0.7071067811865389130 ) ) ;
#864 = ORIENTED_EDGE ( 'NONE', *, *, #2106, .F. ) ;
#865 = ORIENTED_EDGE ( 'NONE', *, *, #1824, .F. ) ;
#866 = CARTESIAN_POINT ( 'NONE',  ( 5.506286732311219900, -0.8501865831508301774, 9.972716829484093992 ) ) ;
#867 = VERTEX_POINT ( 'NONE', #1063 ) ;
#868 = CARTESIAN_POINT ( 'NONE',  ( 5.500000000000039968, -5.000000000000000000, 0.000000000000000000 ) ) ;
#869 = ADVANCED_FACE ( 'NONE', ( #548 ), #365, .T. ) ;
#870 = ORIENTED_EDGE ( 'NONE', *, *, #492, .T. ) ;
#871 = CIRCLE ( 'NONE', #2813, 2.000000000000001776 ) ;
#872 = CARTESIAN_POINT ( 'NONE',  ( -5.939339828220207451, -0.2357022603954921636, 9.528174684192443067 ) ) ;
#873 = FACE_OUTER_BOUND ( 'NONE', #1164, .T. ) ;
#874 = EDGE_CURVE ( 'NONE', #2746, #882, #2395, .T. ) ;
#875 = CARTESIAN_POINT ( 'NONE',  ( -6.152338811367810578, -0.8829745537379493081, 9.132372783401182303 ) ) ;
#876 = CARTESIAN_POINT ( 'NONE',  ( 11.01182324520111422, -12.03066871794928083, 43.50000000000000711 ) ) ;
#877 = ORIENTED_EDGE ( 'NONE', *, *, #2249, .T. ) ;
#878 = DIRECTION ( 'NONE',  ( 1.000000000000000000, 0.000000000000000000, 0.000000000000000000 ) ) ;
#879 = LINE ( 'NONE', #618, #3406 ) ;
#880 = ADVANCED_FACE ( 'NONE', ( #2927 ), #1828, .T. ) ;
#881 = EDGE_LOOP ( 'NONE', ( #1858, #1627, #1535, #3191 ) ) ;
#882 = VERTEX_POINT ( 'NONE', #1694 ) ;
#883 = EDGE_CURVE ( 'NONE', #1095, #1008, #917, .T. ) ;
#884 = CARTESIAN_POINT ( 'NONE',  ( 5.939339828220206563, -0.2357022603954949669, 9.528174684192444843 ) ) ;
#885 = VERTEX_POINT ( 'NONE', #2750 ) ;
#886 = DIRECTION ( 'NONE',  ( 1.000000000000000000, 0.000000000000000000, 0.000000000000000000 ) ) ;
#887 = CARTESIAN_POINT ( 'NONE',  ( -6.033710138822178770, -1.155898986251826299, 9.405619190308421196 ) ) ;
#888 = CARTESIAN_POINT ( 'NONE',  ( -6.001145235949943313, -1.344193034381420571, 9.755755296135253829 ) ) ;
#889 = ORIENTED_EDGE ( 'NONE', *, *, #1729, .F. ) ;
#890 = CARTESIAN_POINT ( 'NONE',  ( 9.269616963518853225, -5.511240975481014104, 39.85907548162807501 ) ) ;
#891 = CARTESIAN_POINT ( 'NONE',  ( -19.03066871794914761, -5.611823245201309263, 43.50000000000000711 ) ) ;
#892 = ORIENTED_EDGE ( 'NONE', *, *, #492, .F. ) ;
#893 = EDGE_CURVE ( 'NONE', #519, #3014, #1179, .T. ) ;
#894 = FACE_BOUND ( 'NONE', #3076, .T. ) ;
#895 = ORIENTED_EDGE ( 'NONE', *, *, #585, .F. ) ;
#896 = EDGE_CURVE ( 'NONE', #1797, #55, #2220, .T. ) ;
#897 = DIRECTION ( 'NONE',  ( 1.000000000000000000, 1.445602896647331768E-16, 0.000000000000000000 ) ) ;
#898 = EDGE_LOOP ( 'NONE', ( #265, #46, #540, #1439 ) ) ;
#899 = DIRECTION ( 'NONE',  ( 1.000000000000000000, 0.000000000000000000, 0.000000000000000000 ) ) ;
#900 = CARTESIAN_POINT ( 'NONE',  ( 22.50000000000000000, -2.999999999999994227, 43.00000000000000000 ) ) ;
#901 = CARTESIAN_POINT ( 'NONE',  ( 2.383249353959454542E-15, 2.999999999999999112, 9.500000000000000000 ) ) ;
#902 = ORIENTED_EDGE ( 'NONE', *, *, #1863, .F. ) ;
#903 = VECTOR ( 'NONE', #2245, 1000.000000000000000 ) ;
#904 = DIRECTION ( 'NONE',  ( 0.000000000000000000, 0.000000000000000000, 1.000000000000000000 ) ) ;
#905 = AXIS2_PLACEMENT_3D ( 'NONE', #2646, #3150, #2611 ) ;
#906 = VECTOR ( 'NONE', #1612, 1000.000000000000000 ) ;
#907 = CONICAL_SURFACE ( 'NONE', #2403, 1.500000000000001332, 0.7853981633974473908 ) ;
#908 = CARTESIAN_POINT ( 'NONE',  ( -6.646446609406728712, -0.3535533905932756737, 8.999999999999985789 ) ) ;
#909 = EDGE_LOOP ( 'NONE', ( #1410, #3193, #248, #989 ) ) ;
#910 = AXIS2_PLACEMENT_3D ( 'NONE', #1121, #328, #1086 ) ;
#911 = DIRECTION ( 'NONE',  ( 1.000000000000000000, 0.000000000000000000, -8.673617379884026597E-16 ) ) ;
#912 = ORIENTED_EDGE ( 'NONE', *, *, #2106, .T. ) ;
#913 = DIRECTION ( 'NONE',  ( -0.000000000000000000, -0.000000000000000000, -1.000000000000000000 ) ) ;
#914 = ORIENTED_EDGE ( 'NONE', *, *, #1571, .F. ) ;
#915 = DIRECTION ( 'NONE',  ( 1.000000000000000000, 8.673617379884035472E-16, 0.000000000000000000 ) ) ;
#916 = AXIS2_PLACEMENT_3D ( 'NONE', #1115, #114, #886 ) ;
#917 = LINE ( 'NONE', #900, #859 ) ;
#918 = CARTESIAN_POINT ( 'NONE',  ( -6.116972283665575105, -0.9431951129283082658, 9.176186718957028532 ) ) ;
#919 = ORIENTED_EDGE ( 'NONE', *, *, #627, .F. ) ;
#920 = AXIS2_PLACEMENT_3D ( 'NONE', #1846, #1060, #526 ) ;
#921 = DIRECTION ( 'NONE',  ( 1.264902534566415512E-16, -1.000000000000000000, -0.000000000000000000 ) ) ;
#922 = DIRECTION ( 'NONE',  ( 0.000000000000000000, 1.000000000000000000, -0.000000000000000000 ) ) ;
#923 = EDGE_LOOP ( 'NONE', ( #1810, #683, #1604, #1585 ) ) ;
#924 = CARTESIAN_POINT ( 'NONE',  ( 20.63066871794915969, -5.611823245201304822, 40.50000000000000000 ) ) ;
#925 = EDGE_CURVE ( 'NONE', #83, #77, #2234, .T. ) ;
#926 = DIRECTION ( 'NONE',  ( 2.168404344971008868E-16, -1.000000000000000000, 0.000000000000000000 ) ) ;
#927 = ORIENTED_EDGE ( 'NONE', *, *, #1159, .F. ) ;
#928 = FACE_OUTER_BOUND ( 'NONE', #697, .T. ) ;
#929 = VECTOR ( 'NONE', #1108, 1000.000000000000000 ) ;
#930 = CARTESIAN_POINT ( 'NONE',  ( -20.63066871794915258, -5.611823245201309263, 0.000000000000000000 ) ) ;
#931 = ORIENTED_EDGE ( 'NONE', *, *, #2365, .F. ) ;
#932 = AXIS2_PLACEMENT_3D ( 'NONE', #2384, #21, #1065 ) ;
#933 = CARTESIAN_POINT ( 'NONE',  ( -5.508874516637699337, -0.8335683526136632437, 9.947212697913709434 ) ) ;
#934 = AXIS2_PLACEMENT_3D ( 'NONE', #2595, #1275, #3114 ) ;
#935 = CARTESIAN_POINT ( 'NONE',  ( 4.000000000000001776, -8.985827843964029782, 38.87732455034245049 ) ) ;
#936 = DIRECTION ( 'NONE',  ( 1.000000000000000000, 1.334402673828312846E-16, 0.000000000000000000 ) ) ;
#937 = EDGE_LOOP ( 'NONE', ( #1171, #892 ) ) ;
#938 = EDGE_CURVE ( 'NONE', #1580, #55, #1660, .T. ) ;
#939 = FACE_OUTER_BOUND ( 'NONE', #3286, .T. ) ;
#940 = CARTESIAN_POINT ( 'NONE',  ( -5.500000000000037303, -1.414213562373067168, 0.000000000000000000 ) ) ;
#941 = ORIENTED_EDGE ( 'NONE', *, *, #1232, .T. ) ;
#942 = DIRECTION ( 'NONE',  ( 0.7071067811865422437, 0.000000000000000000, 0.7071067811865529018 ) ) ;
#943 = EDGE_CURVE ( 'NONE', #2272, #710, #2167, .T. ) ;
#944 = FACE_OUTER_BOUND ( 'NONE', #2619, .T. ) ;
#945 = CARTESIAN_POINT ( 'NONE',  ( -7.527864045000447923, -5.000000000000001776, 38.50000000000000000 ) ) ;
#946 = ORIENTED_EDGE ( 'NONE', *, *, #2340, .T. ) ;
#947 = ADVANCED_FACE ( 'NONE', ( #3228 ), #2203, .F. ) ;
#948 = CARTESIAN_POINT ( 'NONE',  ( 20.49999999999999645, -1.500000000000000666, 40.50000000000000000 ) ) ;
#949 = AXIS2_PLACEMENT_3D ( 'NONE', #1598, #2881, #1053 ) ;
#950 = LINE ( 'NONE', #127, #3401 ) ;
#951 =( BOUNDED_CURVE ( )  B_SPLINE_CURVE ( 3, ( #1975, #935, #1519, #3035 ),
 .UNSPECIFIED., .F., .F. ) 
 B_SPLINE_CURVE_WITH_KNOTS ( ( 4, 4 ),
 ( 1.570796326794897446, 2.129395642138297351 ),
 .UNSPECIFIED. ) 
 CURVE ( )  GEOMETRIC_REPRESENTATION_ITEM ( )  RATIONAL_B_SPLINE_CURVE ( ( 1.000000000000000000, 0.9741658307762512958, 0.9741658307762512958, 1.000000000000000000 ) ) 
 REPRESENTATION_ITEM ( '' )  );
#952 = ORIENTED_EDGE ( 'NONE', *, *, #291, .F. ) ;
#953 = PLANE ( 'NONE',  #746 ) ;
#954 = DIRECTION ( 'NONE',  ( 1.000000000000000000, 0.000000000000000000, 0.000000000000000000 ) ) ;
#955 = CARTESIAN_POINT ( 'NONE',  ( -4.000000000000000000, -7.000000000000001776, 38.50000000000000000 ) ) ;
#956 = ORIENTED_EDGE ( 'NONE', *, *, #1232, .F. ) ;
#957 = CARTESIAN_POINT ( 'NONE',  ( -10.93933982822021456, 4.646446609406722494, 0.000000000000000000 ) ) ;
#958 = DIRECTION ( 'NONE',  ( 0.7071067811865495711, 0.7071067811865454633, 0.000000000000000000 ) ) ;
#959 = ORIENTED_EDGE ( 'NONE', *, *, #69, .T. ) ;
#960 = CARTESIAN_POINT ( 'NONE',  ( 5.500012741790588855, -0.9488693289790854912, 10.18398845504535366 ) ) ;
#961 = AXIS2_PLACEMENT_3D ( 'NONE', #2540, #2784, #404 ) ;
#962 = CARTESIAN_POINT ( 'NONE',  ( -13.00000000000000178, -16.00000000000000000, 41.00000000000000000 ) ) ;
#963 = CARTESIAN_POINT ( 'NONE',  ( 2.383249353959454542E-15, 2.999999999999999112, 0.000000000000000000 ) ) ;
#964 = AXIS2_PLACEMENT_3D ( 'NONE', #138, #1953, #1751 ) ;
#965 = ORIENTED_EDGE ( 'NONE', *, *, #1609, .T. ) ;
#966 = DIRECTION ( 'NONE',  ( -0.7071067811865495711, -0.7071067811865454633, 0.000000000000000000 ) ) ;
#967 = VECTOR ( 'NONE', #2182, 1000.000000000000000 ) ;
#968 = CARTESIAN_POINT ( 'NONE',  ( 5.939339828220206563, -0.2357022603954949669, 9.528174684192444843 ) ) ;
#969 = ORIENTED_EDGE ( 'NONE', *, *, #440, .T. ) ;
#970 = DIRECTION ( 'NONE',  ( 1.000000000000000000, 1.334402673828312846E-16, 0.000000000000000000 ) ) ;
#971 = ADVANCED_FACE ( 'NONE', ( #2975 ), #1418, .F. ) ;
#972 = CARTESIAN_POINT ( 'NONE',  ( -11.29289321881348229, 4.292893218813451206, 0.5000000000000004441 ) ) ;
#973 = CARTESIAN_POINT ( 'NONE',  ( -6.000000000000029310, -1.000000000000001554, 41.00000000000000000 ) ) ;
#974 = ORIENTED_EDGE ( 'NONE', *, *, #1312, .F. ) ;
#975 = VECTOR ( 'NONE', #2957, 1000.000000000000000 ) ;
#976 = CARTESIAN_POINT ( 'NONE',  ( 6.292893218813485845, -0.7071067811865173747, 9.500000000000000000 ) ) ;
#977 = DIRECTION ( 'NONE',  ( 0.000000000000000000, 0.000000000000000000, -1.000000000000000000 ) ) ;
#978 = ORIENTED_EDGE ( 'NONE', *, *, #261, .F. ) ;
#979 = AXIS2_PLACEMENT_3D ( 'NONE', #3113, #2009, #2820 ) ;
#980 = CARTESIAN_POINT ( 'NONE',  ( -13.00000000000000178, -16.00000000000000000, 43.00000000000000000 ) ) ;
#981 = DIRECTION ( 'NONE',  ( 0.000000000000000000, 0.000000000000000000, -1.000000000000000000 ) ) ;
#982 = DIRECTION ( 'NONE',  ( 0.7071067811865435759, -0.7071067811865515695, 0.000000000000000000 ) ) ;
#983 = ORIENTED_EDGE ( 'NONE', *, *, #2512, .F. ) ;
#984 = CARTESIAN_POINT ( 'NONE',  ( -6.646446609406730488, 0.3535533905932721765, 9.500000000000000000 ) ) ;
#985 = EDGE_LOOP ( 'NONE', ( #1173, #3317, #1973, #2808 ) ) ;
#986 = EDGE_CURVE ( 'NONE', #1662, #80, #580, .T. ) ;
#987 = FACE_OUTER_BOUND ( 'NONE', #923, .T. ) ;
#988 = ADVANCED_FACE ( 'NONE', ( #149, #1482 ), #2725, .F. ) ;
#989 = ORIENTED_EDGE ( 'NONE', *, *, #2054, .T. ) ;
#990 = CARTESIAN_POINT ( 'NONE',  ( -5.523111833646689561, -0.7674093894486749834, 9.858462349188574336 ) ) ;
#991 = EDGE_CURVE ( 'NONE', #370, #3207, #2687, .T. ) ;
#992 = EDGE_CURVE ( 'NONE', #2904, #885, #2706, .T. ) ;
#993 = CARTESIAN_POINT ( 'NONE',  ( 17.43066871794914974, -5.611823245201304822, 40.50000000000000000 ) ) ;
#994 = VECTOR ( 'NONE', #2812, 1000.000000000000000 ) ;
#995 = LINE ( 'NONE', #1541, #62 ) ;
#996 = ORIENTED_EDGE ( 'NONE', *, *, #188, .T. ) ;
#997 = VECTOR ( 'NONE', #3055, 1000.000000000000000 ) ;
#998 = DIRECTION ( 'NONE',  ( 0.000000000000000000, 0.7071067811865479058, -0.7071067811865472397 ) ) ;
#999 = DIRECTION ( 'NONE',  ( 0.000000000000000000, 0.000000000000000000, -1.000000000000000000 ) ) ;
#1000 = ORIENTED_EDGE ( 'NONE', *, *, #2197, .F. ) ;
#1001 = CARTESIAN_POINT ( 'NONE',  ( 6.001300709741477668, -1.466215926396848612, 10.32420393779521994 ) ) ;
#1002 = CARTESIAN_POINT ( 'NONE',  ( 17.43066871794914974, -5.611823245201304822, 43.50000000000000711 ) ) ;
#1003 = CARTESIAN_POINT ( 'NONE',  ( 7.000000000000008882, 1.714394685242703886E-15, 0.5000000000000004441 ) ) ;
#1004 = ORIENTED_EDGE ( 'NONE', *, *, #2326, .T. ) ;
#1005 = CARTESIAN_POINT ( 'NONE',  ( 7.000000000000007105, -6.945670167484528154E-17, 8.999999999999985789 ) ) ;
#1006 = VERTEX_POINT ( 'NONE', #1931 ) ;
#1007 = EDGE_CURVE ( 'NONE', #206, #1952, #1586, .T. ) ;
#1008 = VERTEX_POINT ( 'NONE', #1754 ) ;
#1009 = CARTESIAN_POINT ( 'NONE',  ( -6.646446609406728712, -0.3535533905932756737, 8.999999999999985789 ) ) ;
#1010 = CARTESIAN_POINT ( 'NONE',  ( 12.00000000000003553, -13.99999999999999467, 40.50000000000000000 ) ) ;
#1011 = PLANE ( 'NONE',  #934 ) ;
#1012 = CARTESIAN_POINT ( 'NONE',  ( -8.749999999999952038, -4.250000000000002665, 34.50000000000000000 ) ) ;
#1013 = CARTESIAN_POINT ( 'NONE',  ( 20.49999999999999645, -6.500000000000094147, 41.00000000000000000 ) ) ;
#1014 = ORIENTED_EDGE ( 'NONE', *, *, #3361, .F. ) ;
#1015 = CARTESIAN_POINT ( 'NONE',  ( 5.939339828220211004, -0.2357022603954916085, 9.528174684192443067 ) ) ;
#1016 = CARTESIAN_POINT ( 'NONE',  ( 21.91421356237308515, -7.914213562373196176, 41.00000000000000000 ) ) ;
#1017 = LINE ( 'NONE', #551, #2767 ) ;
#1018 = ORIENTED_EDGE ( 'NONE', *, *, #2202, .F. ) ;
#1019 = DIRECTION ( 'NONE',  ( 1.000000000000000000, 0.000000000000000000, 0.000000000000000000 ) ) ;
#1020 = VERTEX_POINT ( 'NONE', #3214 ) ;
#1021 = VECTOR ( 'NONE', #3030, 1000.000000000000114 ) ;
#1022 = CIRCLE ( 'NONE', #2966, 0.5000000000000038858 ) ;
#1023 = ORIENTED_EDGE ( 'NONE', *, *, #27, .T. ) ;
#1024 = VECTOR ( 'NONE', #806, 1000.000000000000114 ) ;
#1025 = AXIS2_PLACEMENT_3D ( 'NONE', #2430, #2988, #1640 ) ;
#1026 = LINE ( 'NONE', #1827, #3291 ) ;
#1027 = CARTESIAN_POINT ( 'NONE',  ( 5.504095846313160401, -0.8681516321077260567, 10.00321144351607927 ) ) ;
#1028 = CIRCLE ( 'NONE', #1914, 1.499999999999997780 ) ;
#1029 = DIRECTION ( 'NONE',  ( 1.000000000000000000, 0.000000000000000000, 0.000000000000000000 ) ) ;
#1030 = DIRECTION ( 'NONE',  ( 0.000000000000000000, 0.000000000000000000, 1.000000000000000000 ) ) ;
#1031 = EDGE_CURVE ( 'NONE', #1554, #2140, #1127, .T. ) ;
#1032 = EDGE_CURVE ( 'NONE', #2883, #519, #3247, .T. ) ;
#1033 = DIRECTION ( 'NONE',  ( -1.000000000000000000, 0.000000000000000000, 0.000000000000000000 ) ) ;
#1034 = CARTESIAN_POINT ( 'NONE',  ( 5.749415036865013207, -0.3899276848657332040, 9.578830255786071390 ) ) ;
#1035 = EDGE_CURVE ( 'NONE', #885, #2934, #1673, .T. ) ;
#1036 = FACE_OUTER_BOUND ( 'NONE', #367, .T. ) ;
#1037 = DIRECTION ( 'NONE',  ( 0.000000000000000000, -1.000000000000000000, 0.000000000000000000 ) ) ;
#1038 = CIRCLE ( 'NONE', #2978, 1.999999999999998224 ) ;
#1039 = ORIENTED_EDGE ( 'NONE', *, *, #627, .T. ) ;
#1040 = LINE ( 'NONE', #775, #2909 ) ;
#1041 = ORIENTED_EDGE ( 'NONE', *, *, #1654, .F. ) ;
#1042 = ADVANCED_FACE ( 'NONE', ( #2447 ), #2756, .T. ) ;
#1043 = CARTESIAN_POINT ( 'NONE',  ( 6.000000000000031974, -5.000000000000000000, 34.50000000000000000 ) ) ;
#1044 = VERTEX_POINT ( 'NONE', #302 ) ;
#1045 = DIRECTION ( 'NONE',  ( -1.000000000000000000, -1.445602896647331768E-16, 0.000000000000000000 ) ) ;
#1046 = PLANE ( 'NONE',  #2741 ) ;
#1047 = CONICAL_SURFACE ( 'NONE', #2989, 0.4999999999999952260, 0.7853981633974361776 ) ;
#1048 = CARTESIAN_POINT ( 'NONE',  ( -5.798931040351969379, -0.3431174256125334998, 9.560391433988311150 ) ) ;
#1050 = DIRECTION ( 'NONE',  ( 0.000000000000000000, 0.7071067811865477948, 0.7071067811865473507 ) ) ;
#1049 = VECTOR ( 'NONE', #2789, 1000.000000000000000 ) ;
#1051 = EDGE_CURVE ( 'NONE', #2477, #359, #1677, .T. ) ;
#1052 = CARTESIAN_POINT ( 'NONE',  ( 7.000000000000008882, 1.714394685242703886E-15, 9.500000000000000000 ) ) ;
#1053 = DIRECTION ( 'NONE',  ( 1.000000000000000000, 0.000000000000000000, 0.000000000000000000 ) ) ;
#1054 = FACE_OUTER_BOUND ( 'NONE', #1339, .T. ) ;
#1055 = ORIENTED_EDGE ( 'NONE', *, *, #1553, .F. ) ;
#1056 = CARTESIAN_POINT ( 'NONE',  ( 22.00000000000000711, -6.500000000000094147, 43.50000000000000711 ) ) ;
#1057 = ORIENTED_EDGE ( 'NONE', *, *, #440, .F. ) ;
#1058 = DIRECTION ( 'NONE',  ( 0.000000000000000000, 0.000000000000000000, 1.000000000000000000 ) ) ;
#1059 = ORIENTED_EDGE ( 'NONE', *, *, #238, .F. ) ;
#1060 = DIRECTION ( 'NONE',  ( -0.000000000000000000, -0.000000000000000000, -1.000000000000000000 ) ) ;
#1061 = DIRECTION ( 'NONE',  ( -1.000000000000000000, 2.168404344971008868E-16, 0.000000000000000000 ) ) ;
#1062 = VECTOR ( 'NONE', #795, 1000.000000000000114 ) ;
#1063 = CARTESIAN_POINT ( 'NONE',  ( -20.49999999999999645, -1.499999999999998668, 40.50000000000000000 ) ) ;
#1064 = CARTESIAN_POINT ( 'NONE',  ( 4.000000000000000000, -7.000000000000000888, 35.70000000000000284 ) ) ;
#1065 = DIRECTION ( 'NONE',  ( 1.000000000000000000, 0.000000000000000000, 0.000000000000000000 ) ) ;
#1066 = CARTESIAN_POINT ( 'NONE',  ( 7.000000000000008882, 1.714394685242703886E-15, 0.5000000000000004441 ) ) ;
#1067 = VERTEX_POINT ( 'NONE', #68 ) ;
#1068 = CARTESIAN_POINT ( 'NONE',  ( -5.294698746755889474, -10.40319402977003627, 40.50000000000000000 ) ) ;
#1069 = ORIENTED_EDGE ( 'NONE', *, *, #2884, .T. ) ;
#1070 = FACE_OUTER_BOUND ( 'NONE', #2505, .T. ) ;
#1071 = AXIS2_PLACEMENT_3D ( 'NONE', #1811, #2837, #2028 ) ;
#1072 = ORIENTED_EDGE ( 'NONE', *, *, #986, .F. ) ;
#1073 = AXIS2_PLACEMENT_3D ( 'NONE', #2090, #2284, #2302 ) ;
#1074 = ADVANCED_FACE ( 'NONE', ( #928, #2147, #2956, #49, #836 ), #2199, .T. ) ;
#1075 = DIRECTION ( 'NONE',  ( 0.000000000000000000, 0.000000000000000000, 1.000000000000000000 ) ) ;
#1076 = CONICAL_SURFACE ( 'NONE', #1531, 1.000000000000000000, 0.7853981633974600474 ) ;
#1077 = VECTOR ( 'NONE', #958, 1000.000000000000000 ) ;
#1078 = ORIENTED_EDGE ( 'NONE', *, *, #1143, .F. ) ;
#1079 = EDGE_CURVE ( 'NONE', #249, #2752, #354, .T. ) ;
#1080 = AXIS2_PLACEMENT_3D ( 'NONE', #3206, #1388, #1900 ) ;
#1081 = CARTESIAN_POINT ( 'NONE',  ( 5.500000000000033751, -5.000000000000000000, 32.50000000000000000 ) ) ;
#1082 = CARTESIAN_POINT ( 'NONE',  ( -5.502455113487679128, -1.000000000000001998, 10.49999999999999822 ) ) ;
#1083 = CARTESIAN_POINT ( 'NONE',  ( -21.56066017177980498, -7.560660171779925776, 40.50000000000000000 ) ) ;
#1084 = ORIENTED_EDGE ( 'NONE', *, *, #874, .T. ) ;
#1085 = CARTESIAN_POINT ( 'NONE',  ( 6.000000000000031086, -1.500000000000014211, 34.50000000000000000 ) ) ;
#1086 = DIRECTION ( 'NONE',  ( -0.7071067811865495711, 0.7071067811865454633, 0.000000000000000000 ) ) ;
#1087 = AXIS2_PLACEMENT_3D ( 'NONE', #2829, #758, #2583 ) ;
#1088 = LINE ( 'NONE', #1584, #2762 ) ;
#1089 = EDGE_LOOP ( 'NONE', ( #2542, #346, #2604, #3326 ) ) ;
#1090 = CARTESIAN_POINT ( 'NONE',  ( -10.58578643762693616, 5.499999999999990230, 9.500000000000000000 ) ) ;
#1091 = AXIS2_PLACEMENT_3D ( 'NONE', #1590, #1812, #2642 ) ;
#1092 = EDGE_LOOP ( 'NONE', ( #1930, #3379, #391, #3189 ) ) ;
#1093 = EDGE_CURVE ( 'NONE', #2693, #2972, #2164, .T. ) ;
#1094 = CARTESIAN_POINT ( 'NONE',  ( 14.06066017177981919, -15.06066017177981919, 40.50000000000000000 ) ) ;
#1095 = VERTEX_POINT ( 'NONE', #1150 ) ;
#1096 = CARTESIAN_POINT ( 'NONE',  ( -6.119863137405315179, -0.1153537714908759171, 9.506673973563318114 ) ) ;
#1097 = ADVANCED_FACE ( 'NONE', ( #672 ), #3180, .T. ) ;
#1098 = FACE_OUTER_BOUND ( 'NONE', #1716, .T. ) ;
#1099 = DIRECTION ( 'NONE',  ( 1.000000000000000000, 0.000000000000000000, 0.000000000000000000 ) ) ;
#1100 = CARTESIAN_POINT ( 'NONE',  ( -5.592173603796697812, -0.5968058069200797844, 9.697135867489858896 ) ) ;
#1101 = DIRECTION ( 'NONE',  ( -0.7071067811865474617, 0.000000000000000000, 0.7071067811865474617 ) ) ;
#1102 = ORIENTED_EDGE ( 'NONE', *, *, #1336, .F. ) ;
#1103 = CARTESIAN_POINT ( 'NONE',  ( 22.50000000000000000, -2.999999999999994227, 41.00000000000000000 ) ) ;
#1104 = CIRCLE ( 'NONE', #606, 2.000000000000001776 ) ;
#1105 = LINE ( 'NONE', #2157, #2289 ) ;
#1106 = VERTEX_POINT ( 'NONE', #1548 ) ;
#1107 = VECTOR ( 'NONE', #131, 1000.000000000000114 ) ;
#1108 = DIRECTION ( 'NONE',  ( 1.000000000000000000, 1.334402673828312846E-16, 0.000000000000000000 ) ) ;
#1109 = CARTESIAN_POINT ( 'NONE',  ( 5.502466590485590281, -0.9999911787114060813, 10.44096593083922997 ) ) ;
#1110 = EDGE_LOOP ( 'NONE', ( #3309, #3218, #1941, #2217 ) ) ;
#1111 = EDGE_CURVE ( 'NONE', #2993, #359, #2299, .T. ) ;
#1112 = CARTESIAN_POINT ( 'NONE',  ( 12.99999999999999822, -14.00000000000000355, 40.50000000000000000 ) ) ;
#1113 = ORIENTED_EDGE ( 'NONE', *, *, #1369, .F. ) ;
#1114 = DIRECTION ( 'NONE',  ( 0.000000000000000000, 0.000000000000000000, -1.000000000000000000 ) ) ;
#1115 = CARTESIAN_POINT ( 'NONE',  ( 10.58578643762693616, 4.999999999999997335, 0.5000000000000004441 ) ) ;
#1116 =( NAMED_UNIT ( * ) SI_UNIT ( $, .STERADIAN. ) SOLID_ANGLE_UNIT ( ) );
#1117 = CARTESIAN_POINT ( 'NONE',  ( -6.167246204635873141, -0.8598742405835104741, 9.117324820404144603 ) ) ;
#1118 = DIRECTION ( 'NONE',  ( 0.000000000000000000, -1.000000000000000000, 0.000000000000000000 ) ) ;
#1119 = EDGE_LOOP ( 'NONE', ( #1039, #2240, #2858, #2446 ) ) ;
#1120 = PLANE ( 'NONE',  #2456 ) ;
#1121 = CARTESIAN_POINT ( 'NONE',  ( -11.29289321881348229, 4.292893218813451206, 9.500000000000000000 ) ) ;
#1122 = ORIENTED_EDGE ( 'NONE', *, *, #3298, .F. ) ;
#1123 = DIRECTION ( 'NONE',  ( 0.4999999999999950595, -0.4999999999999925615, -0.7071067811865563435 ) ) ;
#1124 = ORIENTED_EDGE ( 'NONE', *, *, #3251, .T. ) ;
#1125 = CARTESIAN_POINT ( 'NONE',  ( -6.000000000000029310, -1.414213562373067168, 0.5000000000000004441 ) ) ;
#1126 = ORIENTED_EDGE ( 'NONE', *, *, #1007, .F. ) ;
#1127 = LINE ( 'NONE', #99, #967 ) ;
#1128 = CONICAL_SURFACE ( 'NONE', #3066, 0.9999999999999956701, 0.7853981633974405074 ) ;
#1129 = VECTOR ( 'NONE', #998, 1000.000000000000000 ) ;
#1130 = DIRECTION ( 'NONE',  ( -0.000000000000000000, -0.000000000000000000, 1.000000000000000000 ) ) ;
#1131 = VECTOR ( 'NONE', #2811, 1000.000000000000000 ) ;
#1132 = CARTESIAN_POINT ( 'NONE',  ( -6.053538687734921098, -1.090571440338538478, 9.321325906611498624 ) ) ;
#1133 = CARTESIAN_POINT ( 'NONE',  ( 2.068324144433884714E-15, -15.49999999999999822, 43.50000000000000711 ) ) ;
#1134 = APPLICATION_CONTEXT ( 'automotive_design' ) ;
#1135 = VECTOR ( 'NONE', #2435, 999.9999999999998863 ) ;
#1136 = ORIENTED_EDGE ( 'NONE', *, *, #893, .T. ) ;
#1137 = EDGE_CURVE ( 'NONE', #1942, #301, #3377, .T. ) ;
#1138 = CARTESIAN_POINT ( 'NONE',  ( 19.03066871794915471, -5.611823245201304822, 0.000000000000000000 ) ) ;
#1139 = EDGE_CURVE ( 'NONE', #1204, #2332, #486, .T. ) ;
#1140 = DIRECTION ( 'NONE',  ( 1.000000000000000000, 1.445602896647339163E-16, -1.156482317317871331E-15 ) ) ;
#1141 = EDGE_LOOP ( 'NONE', ( #912, #2870, #1041, #796 ) ) ;
#1142 = ORIENTED_EDGE ( 'NONE', *, *, #3290, .T. ) ;
#1143 = EDGE_CURVE ( 'NONE', #215, #3098, #3360, .T. ) ;
#1144 = ORIENTED_EDGE ( 'NONE', *, *, #1051, .F. ) ;
#1145 = VECTOR ( 'NONE', #2072, 1000.000000000000000 ) ;
#1146 = B_SPLINE_CURVE_WITH_KNOTS ( 'NONE', 3,
 ( #2587, #3124, #2319, #2024 ),
 .UNSPECIFIED., .F., .F.,
 ( 4, 4 ),
 ( 0.000000000000000000, 1.000000000000000000 ),
 .UNSPECIFIED. ) ;
#1147 = CARTESIAN_POINT ( 'NONE',  ( 5.642597731598362643, -0.5093870587984872245, 9.635839946088488261 ) ) ;
#1148 = ORIENTED_EDGE ( 'NONE', *, *, #174, .T. ) ;
#1149 = AXIS2_PLACEMENT_3D ( 'NONE', #300, #1688, #1429 ) ;
#1150 = CARTESIAN_POINT ( 'NONE',  ( 22.50000000000000000, -2.999999999999994227, 43.00000000000000000 ) ) ;
#1151 = CARTESIAN_POINT ( 'NONE',  ( -6.000000000000029310, -1.414213562373067168, 9.999999038379574046 ) ) ;
#1152 = CARTESIAN_POINT ( 'NONE',  ( -5.999987991702110612, -1.415457221590482595, 10.00481505693862339 ) ) ;
#1153 = CARTESIAN_POINT ( 'NONE',  ( -5.500000000000030198, -5.000000000000001776, 0.5000000000000004441 ) ) ;
#1154 = EDGE_LOOP ( 'NONE', ( #1428, #2590, #2550, #2163 ) ) ;
#1155 = DIRECTION ( 'NONE',  ( -0.7071067811865495711, 0.7071067811865454633, 0.000000000000000000 ) ) ;
#1156 = CARTESIAN_POINT ( 'NONE',  ( 10.58578643762693616, 5.499999999999990230, 9.500000000000000000 ) ) ;
#1157 = ORIENTED_EDGE ( 'NONE', *, *, #1776, .F. ) ;
#1158 = ADVANCED_FACE ( 'NONE', ( #2600 ), #1200, .F. ) ;
#1159 = EDGE_CURVE ( 'NONE', #2606, #206, #1512, .T. ) ;
#1160 = CARTESIAN_POINT ( 'NONE',  ( 22.00000000000000355, -2.999999999999994227, 40.50000000000000000 ) ) ;
#1161 = ORIENTED_EDGE ( 'NONE', *, *, #2019, .T. ) ;
#1162 = VECTOR ( 'NONE', #2067, 1000.000000000000114 ) ;
#1163 = CARTESIAN_POINT ( 'NONE',  ( -22.00000000000000000, -3.000000000000000000, 40.50000000000000000 ) ) ;
#1164 = EDGE_LOOP ( 'NONE', ( #1283, #1102, #2961, #412 ) ) ;
#1165 = DIRECTION ( 'NONE',  ( -0.000000000000000000, -0.000000000000000000, 1.000000000000000000 ) ) ;
#1166 = CARTESIAN_POINT ( 'NONE',  ( -6.000101224793542798, -1.429119972172195885, 10.06786002813782055 ) ) ;
#1167 = CARTESIAN_POINT ( 'NONE',  ( -6.181471046084679344, -0.8393667949058493116, 9.104956112297646342 ) ) ;
#1168 = EDGE_LOOP ( 'NONE', ( #2044, #124, #2355, #2229 ) ) ;
#1169 = LINE ( 'NONE', #392, #1217 ) ;
#1170 = DIRECTION ( 'NONE',  ( -1.445602896647331768E-16, 1.000000000000000000, -0.000000000000000000 ) ) ;
#1171 = ORIENTED_EDGE ( 'NONE', *, *, #2793, .F. ) ;
#1172 = CYLINDRICAL_SURFACE ( 'NONE', #2742, 5.999999999999998224 ) ;
#1173 = ORIENTED_EDGE ( 'NONE', *, *, #2714, .T. ) ;
#1174 = CARTESIAN_POINT ( 'NONE',  ( 5.965024016130190176, -0.2185789714621142743, 9.524021676608308340 ) ) ;
#1175 = ORIENTED_EDGE ( 'NONE', *, *, #1718, .F. ) ;
#1176 = ADVANCED_FACE ( 'NONE', ( #1036 ), #2879, .F. ) ;
#1177 = PLANE ( 'NONE',  #101 ) ;
#1178 = EDGE_CURVE ( 'NONE', #2126, #3125, #1259, .T. ) ;
#1179 = LINE ( 'NONE', #2497, #143 ) ;
#1180 = CARTESIAN_POINT ( 'NONE',  ( 2.383249353959454542E-15, 2.999999999999999112, 0.000000000000000000 ) ) ;
#1181 = ORIENTED_EDGE ( 'NONE', *, *, #170, .F. ) ;
#1182 = CIRCLE ( 'NONE', #2177, 0.4999999999999935052 ) ;
#1183 = CARTESIAN_POINT ( 'NONE',  ( 7.682226000182045489, -4.999999999999997335, 38.67258191246290977 ) ) ;
#1184 = VECTOR ( 'NONE', #2394, 1000.000000000000000 ) ;
#1185 = VECTOR ( 'NONE', #2543, 1000.000000000000000 ) ;
#1186 = VECTOR ( 'NONE', #3258, 1000.000000000000000 ) ;
#1187 = CARTESIAN_POINT ( 'NONE',  ( -6.000000000000030198, -5.000000000000001776, 34.50000000000000000 ) ) ;
#1188 = VERTEX_POINT ( 'NONE', #3413 ) ;
#1189 = FACE_OUTER_BOUND ( 'NONE', #1385, .T. ) ;
#1190 = VECTOR ( 'NONE', #153, 1000.000000000000000 ) ;
#1191 = DIRECTION ( 'NONE',  ( -8.673617379884027583E-16, 0.000000000000000000, -1.000000000000000000 ) ) ;
#1192 = ADVANCED_FACE ( 'NONE', ( #2040 ), #2896, .T. ) ;
#1193 = VERTEX_POINT ( 'NONE', #193 ) ;
#1194 = ADVANCED_FACE ( 'NONE', ( #1281 ), #771, .F. ) ;
#1195 = CARTESIAN_POINT ( 'NONE',  ( -6.000000000000020428, -5.000000000000001776, 32.50000000000000000 ) ) ;
#1196 = VERTEX_POINT ( 'NONE', #1002 ) ;
#1197 = FACE_OUTER_BOUND ( 'NONE', #2387, .T. ) ;
#1198 = EDGE_CURVE ( 'NONE', #2126, #2746, #3391, .T. ) ;
#1199 = PLANE ( 'NONE',  #979 ) ;
#1200 = CONICAL_SURFACE ( 'NONE', #645, 6.499999999999999112, 0.7853981633974463916 ) ;
#1201 = EDGE_CURVE ( 'NONE', #1897, #107, #1624, .T. ) ;
#1202 = DIRECTION ( 'NONE',  ( 0.000000000000000000, 0.000000000000000000, 1.000000000000000000 ) ) ;
#1203 = DIRECTION ( 'NONE',  ( -0.000000000000000000, -0.000000000000000000, -1.000000000000000000 ) ) ;
#1204 = VERTEX_POINT ( 'NONE', #1784 ) ;
#1205 = ADVANCED_FACE ( 'NONE', ( #1098 ), #464, .T. ) ;
#1206 = DIRECTION ( 'NONE',  ( 1.000000000000000000, -8.673617379884027583E-16, 0.000000000000000000 ) ) ;
#1207 = LINE ( 'NONE', #2719, #2356 ) ;
#1208 = ORIENTED_EDGE ( 'NONE', *, *, #2676, .T. ) ;
#1209 = CARTESIAN_POINT ( 'NONE',  ( 5.502455113487682681, -1.000000000000000666, 10.49999999999999822 ) ) ;
#1210 = CARTESIAN_POINT ( 'NONE',  ( 6.292893218813485845, -0.7071067811865173747, 9.042262026288652166 ) ) ;
#1211 = DIRECTION ( 'NONE',  ( 0.000000000000000000, 0.000000000000000000, 1.000000000000000000 ) ) ;
#1212 = ORIENTED_EDGE ( 'NONE', *, *, #819, .F. ) ;
#1213 = DIRECTION ( 'NONE',  ( -1.445602896647331768E-16, 1.000000000000000000, -0.000000000000000000 ) ) ;
#1214 = CARTESIAN_POINT ( 'NONE',  ( -6.000000000000030198, -4.500000000000001776, 0.5000000000000004441 ) ) ;
#1215 = EDGE_CURVE ( 'NONE', #563, #1204, #741, .T. ) ;
#1216 = VERTEX_POINT ( 'NONE', #708 ) ;
#1217 = VECTOR ( 'NONE', #1452, 1000.000000000000114 ) ;
#1218 = CARTESIAN_POINT ( 'NONE',  ( -13.00000000000000178, -16.00000000000000000, 40.50000000000000000 ) ) ;
#1219 = EDGE_CURVE ( 'NONE', #1193, #1782, #1768, .T. ) ;
#1220 = AXIS2_PLACEMENT_3D ( 'NONE', #1661, #786, #54 ) ;
#1221 = CARTESIAN_POINT ( 'NONE',  ( -7.000000000000029310, -1.414213562373066946, 0.5000000000000004441 ) ) ;
#1222 = CARTESIAN_POINT ( 'NONE',  ( 6.646446609406728712, -0.3535533905932765619, 8.999999999999985789 ) ) ;
#1223 = VERTEX_POINT ( 'NONE', #3138 ) ;
#1224 = DIRECTION ( 'NONE',  ( -0.7071067811865495711, 0.7071067811865454633, 0.000000000000000000 ) ) ;
#1225 = DIRECTION ( 'NONE',  ( -0.7071067811865515695, -0.7071067811865435759, 0.000000000000000000 ) ) ;
#1226 = ORIENTED_EDGE ( 'NONE', *, *, #1457, .F. ) ;
#1227 = DIRECTION ( 'NONE',  ( 0.7071067811865516806, -0.7071067811865434649, 0.000000000000000000 ) ) ;
#1228 = DIRECTION ( 'NONE',  ( 0.000000000000000000, 0.000000000000000000, 1.000000000000000000 ) ) ;
#1229 = CARTESIAN_POINT ( 'NONE',  ( -6.000000000000030198, -5.000000000000001776, 32.50000000000000000 ) ) ;
#1230 = EDGE_LOOP ( 'NONE', ( #2704, #1254, #104, #447 ) ) ;
#1231 = DIRECTION ( 'NONE',  ( -0.000000000000000000, 0.000000000000000000, 1.000000000000000000 ) ) ;
#1232 = EDGE_CURVE ( 'NONE', #2282, #1006, #1398, .T. ) ;
#1233 = CARTESIAN_POINT ( 'NONE',  ( -13.00000000000000178, -11.10849528301415035, 38.50000000000000000 ) ) ;
#1234 = ORIENTED_EDGE ( 'NONE', *, *, #686, .T. ) ;
#1235 = DIRECTION ( 'NONE',  ( -0.000000000000000000, -0.000000000000000000, -1.000000000000000000 ) ) ;
#1236 = ADVANCED_FACE ( 'NONE', ( #873 ), #3027, .T. ) ;
#1237 = DIRECTION ( 'NONE',  ( 0.000000000000000000, -1.000000000000000000, 0.000000000000000000 ) ) ;
#1238 = CARTESIAN_POINT ( 'NONE',  ( 6.292893218813485845, -0.7071067811865173747, 9.042262026288652166 ) ) ;
#1239 = EDGE_LOOP ( 'NONE', ( #3265, #978, #2868, #109 ) ) ;
#1240 = CARTESIAN_POINT ( 'NONE',  ( 6.000000000000000000, -7.000000000000000000, 38.50000000000000000 ) ) ;
#1241 = DIRECTION ( 'NONE',  ( 1.000000000000000000, 0.000000000000000000, 0.000000000000000000 ) ) ;
#1242 = ORIENTED_EDGE ( 'NONE', *, *, #2745, .F. ) ;
#1243 = CARTESIAN_POINT ( 'NONE',  ( 5.999988017369505044, -1.415503603836786972, 10.00501207159483563 ) ) ;
#1244 = ADVANCED_FACE ( 'NONE', ( #2728 ), #612, .F. ) ;
#1245 = VECTOR ( 'NONE', #3116, 999.9999999999998863 ) ;
#1246 = DIRECTION ( 'NONE',  ( 0.000000000000000000, -1.000000000000000000, 0.000000000000000000 ) ) ;
#1247 = CARTESIAN_POINT ( 'NONE',  ( -11.20657242000232934, -6.543620247469178253, 40.45062252090190213 ) ) ;
#1248 = VECTOR ( 'NONE', #1228, 1000.000000000000000 ) ;
#1249 = ORIENTED_EDGE ( 'NONE', *, *, #591, .F. ) ;
#1250 = FACE_OUTER_BOUND ( 'NONE', #748, .T. ) ;
#1251 = ADVANCED_FACE ( 'NONE', ( #2747 ), #1177, .T. ) ;
#1252 = AXIS2_PLACEMENT_3D ( 'NONE', #840, #307, #1896 ) ;
#1253 = CARTESIAN_POINT ( 'NONE',  ( -20.49999999999998934, -6.500000000000099476, 41.00000000000000000 ) ) ;
#1254 = ORIENTED_EDGE ( 'NONE', *, *, #1847, .F. ) ;
#1255 = DIRECTION ( 'NONE',  ( -0.000000000000000000, -0.000000000000000000, 1.000000000000000000 ) ) ;
#1256 = CARTESIAN_POINT ( 'NONE',  ( -12.00000000000003197, -7.000000000000002665, 40.50000000000000000 ) ) ;
#1257 = DIRECTION ( 'NONE',  ( -0.7071067811865560104, -0.7071067811865391350, -0.000000000000000000 ) ) ;
#1258 = ORIENTED_EDGE ( 'NONE', *, *, #1946, .F. ) ;
#1259 = CIRCLE ( 'NONE', #3084, 0.4999999999999935052 ) ;
#1260 = CARTESIAN_POINT ( 'NONE',  ( 8.897393774734286609, -5.342256904227358660, 39.65427547411543685 ) ) ;
#1261 = LINE ( 'NONE', #1295, #3016 ) ;
#1262 = ORIENTED_EDGE ( 'NONE', *, *, #3231, .F. ) ;
#1263 = CIRCLE ( 'NONE', #1431, 1.600000000000004086 ) ;
#1264 = CARTESIAN_POINT ( 'NONE',  ( 6.089445585007075223, -1.000628503061789631, 9.227107186489806878 ) ) ;
#1265 = ADVANCED_FACE ( 'NONE', ( #625 ), #1542, .T. ) ;
#1266 = CARTESIAN_POINT ( 'NONE',  ( -6.000000000000029310, -1.000000000000001554, 34.50000000000000000 ) ) ;
#1267 = CARTESIAN_POINT ( 'NONE',  ( -19.03066871794914761, -5.611823245201309263, 43.50000000000000711 ) ) ;
#1268 = ORIENTED_EDGE ( 'NONE', *, *, #2383, .T. ) ;
#1269 = DIRECTION ( 'NONE',  ( -0.000000000000000000, -0.000000000000000000, 1.000000000000000000 ) ) ;
#1270 = EDGE_LOOP ( 'NONE', ( #177, #3347, #48, #3334 ) ) ;
#1271 = ORIENTED_EDGE ( 'NONE', *, *, #3195, .F. ) ;
#1272 = LINE ( 'NONE', #2325, #2509 ) ;
#1273 = FACE_OUTER_BOUND ( 'NONE', #812, .T. ) ;
#1274 = AXIS2_PLACEMENT_3D ( 'NONE', #1003, #1480, #2059 ) ;
#1275 = DIRECTION ( 'NONE',  ( 0.7071067811865533459, 1.533293416683386711E-16, -0.7071067811865416886 ) ) ;
#1276 = VECTOR ( 'NONE', #1487, 999.9999999999998863 ) ;
#1277 = DIRECTION ( 'NONE',  ( 0.000000000000000000, 0.000000000000000000, 1.000000000000000000 ) ) ;
#1278 = CARTESIAN_POINT ( 'NONE',  ( -5.500000000000027534, -1.000000000000001554, -12.64911064067357671 ) ) ;
#1279 = ORIENTED_EDGE ( 'NONE', *, *, #1776, .T. ) ;
#1280 = LINE ( 'NONE', #2039, #2514 ) ;
#1281 = FACE_OUTER_BOUND ( 'NONE', #1341, .T. ) ;
#1282 = DIRECTION ( 'NONE',  ( 0.000000000000000000, 0.000000000000000000, 1.000000000000000000 ) ) ;
#1283 = ORIENTED_EDGE ( 'NONE', *, *, #2745, .T. ) ;
#1284 = LINE ( 'NONE', #1005, #631 ) ;
#1285 = ORIENTED_EDGE ( 'NONE', *, *, #545, .F. ) ;
#1286 = ORIENTED_EDGE ( 'NONE', *, *, #3408, .T. ) ;
#1287 = CARTESIAN_POINT ( 'NONE',  ( -6.000000000000030198, -5.000000000000001776, -12.64911064067357671 ) ) ;
#1288 = EDGE_CURVE ( 'NONE', #2970, #206, #1894, .T. ) ;
#1289 = ADVANCED_FACE ( 'NONE', ( #1432 ), #2433, .T. ) ;
#1290 = CARTESIAN_POINT ( 'NONE',  ( -6.000000000000030198, -4.500000000000001776, -12.64911064067357671 ) ) ;
#1291 = EDGE_CURVE ( 'NONE', #2144, #215, #1932, .T. ) ;
#1292 = DIRECTION ( 'NONE',  ( -8.944211597319635634E-17, 0.7071067811865473507, -0.7071067811865476838 ) ) ;
#1293 = DIRECTION ( 'NONE',  ( 0.7071067811865475727, 0.7071067811865475727, -0.000000000000000000 ) ) ;
#1294 = EDGE_CURVE ( 'NONE', #44, #77, #3249, .T. ) ;
#1295 = CARTESIAN_POINT ( 'NONE',  ( -14.56066017177973748, -14.56066017177990979, 43.50000000000000711 ) ) ;
#1296 = CARTESIAN_POINT ( 'NONE',  ( 6.019535725404861815, -1.216590810557337310, 9.498762648441870127 ) ) ;
#1297 = DIRECTION ( 'NONE',  ( 1.000000000000000000, 0.000000000000000000, 0.000000000000000000 ) ) ;
#1298 = DIRECTION ( 'NONE',  ( 1.445602896647331768E-16, -1.000000000000000000, 0.000000000000000000 ) ) ;
#1299 = LINE ( 'NONE', #2353, #2279 ) ;
#1300 = FACE_OUTER_BOUND ( 'NONE', #3171, .T. ) ;
#1301 = ORIENTED_EDGE ( 'NONE', *, *, #3290, .F. ) ;
#1302 = AXIS2_PLACEMENT_3D ( 'NONE', #497, #1880, #1061 ) ;
#1303 = AXIS2_PLACEMENT_3D ( 'NONE', #2247, #1235, #1739 ) ;
#1304 = ADVANCED_FACE ( 'NONE', ( #2464 ), #3279, .F. ) ;
#1305 = EDGE_LOOP ( 'NONE', ( #6, #1841, #1954, #168, #1578, #1325, #1525, #2158 ) ) ;
#1306 = AXIS2_PLACEMENT_3D ( 'NONE', #1717, #2241, #1227 ) ;
#1307 = DIRECTION ( 'NONE',  ( -1.000000000000000000, -0.000000000000000000, -0.000000000000000000 ) ) ;
#1308 = CARTESIAN_POINT ( 'NONE',  ( 5.939339828220218998, -0.3535533905932486398, 0.000000000000000000 ) ) ;
#1309 = AXIS2_PLACEMENT_3D ( 'NONE', #1666, #380, #2501 ) ;
#1310 = EDGE_CURVE ( 'NONE', #112, #2272, #70, .T. ) ;
#1311 = CARTESIAN_POINT ( 'NONE',  ( -20.49999999999999645, -3.000000000000000000, 41.00000000000000000 ) ) ;
#1312 = EDGE_CURVE ( 'NONE', #1779, #285, #3267, .T. ) ;
#1313 = DIRECTION ( 'NONE',  ( 1.000000000000000000, 1.264902534566415512E-16, 0.000000000000000000 ) ) ;
#1314 = EDGE_CURVE ( 'NONE', #1020, #1193, #2529, .T. ) ;
#1315 = CARTESIAN_POINT ( 'NONE',  ( -5.500260702758098752, -0.9618392700269889906, 10.22599119163563941 ) ) ;
#1316 = CARTESIAN_POINT ( 'NONE',  ( 6.111801367438604693, -0.9540289267086560221, 9.185638597284137674 ) ) ;
#1317 = EDGE_CURVE ( 'NONE', #1106, #2210, #1814, .T. ) ;
#1318 = DIRECTION ( 'NONE',  ( -0.000000000000000000, -0.000000000000000000, -1.000000000000000000 ) ) ;
#1319 = CIRCLE ( 'NONE', #428, 2.000000000000001776 ) ;
#1320 = ORIENTED_EDGE ( 'NONE', *, *, #82, .F. ) ;
#1321 = DIRECTION ( 'NONE',  ( -0.000000000000000000, -0.000000000000000000, -1.000000000000000000 ) ) ;
#1322 = EDGE_LOOP ( 'NONE', ( #3142, #1873, #1731, #2796, #3246 ) ) ;
#1323 = ORIENTED_EDGE ( 'NONE', *, *, #1818, .F. ) ;
#1324 = LINE ( 'NONE', #2143, #142 ) ;
#1325 = ORIENTED_EDGE ( 'NONE', *, *, #1808, .T. ) ;
#1326 = CARTESIAN_POINT ( 'NONE',  ( 5.501434555434063789, -0.8990752305460559812, 10.06217740145381434 ) ) ;
#1327 = DIRECTION ( 'NONE',  ( -0.000000000000000000, 0.000000000000000000, 1.000000000000000000 ) ) ;
#1328 = CARTESIAN_POINT ( 'NONE',  ( -5.686957500814393995, -0.4585716881148129143, 9.610959045144083390 ) ) ;
#1330 = LINE ( 'NONE', #1866, #1910 ) ;
#1329 = AXIS2_PLACEMENT_3D ( 'NONE', #1138, #91, #3024 ) ;
#1331 = CARTESIAN_POINT ( 'NONE',  ( 20.49999999999999645, -6.500000000000094147, 43.50000000000000711 ) ) ;
#1332 = DIRECTION ( 'NONE',  ( 1.000000000000000000, 1.445602896647331768E-16, -0.000000000000000000 ) ) ;
#1333 = FACE_OUTER_BOUND ( 'NONE', #1270, .T. ) ;
#1334 = VERTEX_POINT ( 'NONE', #1945 ) ;
#1335 = FACE_OUTER_BOUND ( 'NONE', #2462, .T. ) ;
#1336 = EDGE_CURVE ( 'NONE', #1773, #1509, #1038, .T. ) ;
#1337 = VERTEX_POINT ( 'NONE', #1151 ) ;
#1338 = DIRECTION ( 'NONE',  ( 0.000000000000000000, 0.000000000000000000, 1.000000000000000000 ) ) ;
#1339 = EDGE_LOOP ( 'NONE', ( #1175, #1669, #1978, #1262 ) ) ;
#1340 = DIRECTION ( 'NONE',  ( -0.5773502691896297279, -0.5773502691896297279, -0.5773502691896178485 ) ) ;
#1341 = EDGE_LOOP ( 'NONE', ( #895, #40, #1823, #195, #1890 ) ) ;
#1342 = DIRECTION ( 'NONE',  ( 1.000000000000000000, 0.000000000000000000, 0.000000000000000000 ) ) ;
#1343 = CARTESIAN_POINT ( 'NONE',  ( -5.559418305992986475, -0.6631879720567923631, 9.750997424077375797 ) ) ;
#1344 = CARTESIAN_POINT ( 'NONE',  ( 5.500000000000029310, -6.433024155217775306E-16, 10.49999999999999822 ) ) ;
#1345 = ORIENTED_EDGE ( 'NONE', *, *, #1443, .F. ) ;
#1346 = PLANE ( 'NONE',  #2605 ) ;
#1347 = DIRECTION ( 'NONE',  ( 1.000000000000000000, 0.000000000000000000, 0.000000000000000000 ) ) ;
#1348 = EDGE_LOOP ( 'NONE', ( #1826, #1353, #2822, #2695 ) ) ;
#1349 = EDGE_CURVE ( 'NONE', #2993, #2972, #1319, .T. ) ;
#1350 = ADVANCED_FACE ( 'NONE', ( #853 ), #2974, .T. ) ;
#1351 = EDGE_CURVE ( 'NONE', #2932, #1216, #3332, .T. ) ;
#1352 = DIRECTION ( 'NONE',  ( -1.000000000000000000, 0.000000000000000000, 0.000000000000000000 ) ) ;
#1353 = ORIENTED_EDGE ( 'NONE', *, *, #3328, .F. ) ;
#1354 = CARTESIAN_POINT ( 'NONE',  ( 5.500000000000039080, -1.414213562373067168, 0.000000000000000000 ) ) ;
#1355 = MECHANICAL_DESIGN_GEOMETRIC_PRESENTATION_REPRESENTATION (  '', ( #3234 ), #2681 ) ;
#1356 = ORIENTED_EDGE ( 'NONE', *, *, #2273, .T. ) ;
#1357 = VECTOR ( 'NONE', #1608, 1000.000000000000000 ) ;
#1358 = DIRECTION ( 'NONE',  ( 0.000000000000000000, 0.000000000000000000, 1.000000000000000000 ) ) ;
#1359 = AXIS2_PLACEMENT_3D ( 'NONE', #2095, #1844, #3210 ) ;
#1360 = AXIS2_PLACEMENT_3D ( 'NONE', #2347, #785, #1033 ) ;
#1361 = ORIENTED_EDGE ( 'NONE', *, *, #3402, .T. ) ;
#1362 = DIRECTION ( 'NONE',  ( 0.000000000000000000, -0.5299989400031799303, 0.8479983040050880216 ) ) ;
#1363 = AXIS2_PLACEMENT_3D ( 'NONE', #1156, #863, #1453 ) ;
#1364 = DIRECTION ( 'NONE',  ( -0.000000000000000000, -0.000000000000000000, -1.000000000000000000 ) ) ;
#1365 = CARTESIAN_POINT ( 'NONE',  ( -5.666666666666694496, -1.099943646571170719, 10.11111044565475758 ) ) ;
#1366 = CARTESIAN_POINT ( 'NONE',  ( 2.068324144433884714E-15, -15.49999999999999822, 43.50000000000000711 ) ) ;
#1367 = CYLINDRICAL_SURFACE ( 'NONE', #1220, 2.000000000000000000 ) ;
#1368 = ORIENTED_EDGE ( 'NONE', *, *, #2383, .F. ) ;
#1369 = EDGE_CURVE ( 'NONE', #359, #1892, #951, .T. ) ;
#1370 = CARTESIAN_POINT ( 'NONE',  ( -6.292893218813455647, -2.134988467756604903E-15, 9.500000000000000000 ) ) ;
#1371 = ADVANCED_BREP_SHAPE_REPRESENTATION ( '\X2\5feb62c66cd55170\X0\02', ( #2183, #634 ), #2628 ) ;
#1372 = LINE ( 'NONE', #2420, #2236 ) ;
#1373 = ORIENTED_EDGE ( 'NONE', *, *, #274, .T. ) ;
#1374 = AXIS2_PLACEMENT_3D ( 'NONE', #1801, #230, #2087 ) ;
#1375 = CARTESIAN_POINT ( 'NONE',  ( -6.000000000000030198, -5.000000000000001776, 0.5000000000000004441 ) ) ;
#1376 = DIRECTION ( 'NONE',  ( -0.7071067811865495711, -0.7071067811865454633, 0.000000000000000000 ) ) ;
#1377 = VERTEX_POINT ( 'NONE', #2593 ) ;
#1378 = DIRECTION ( 'NONE',  ( 1.000000000000000000, 0.000000000000000000, 0.000000000000000000 ) ) ;
#1379 = VERTEX_POINT ( 'NONE', #1256 ) ;
#1380 = CARTESIAN_POINT ( 'NONE',  ( -6.049222923027328669, -0.1624469943832995145, 9.512299135906756575 ) ) ;
#1381 = DIRECTION ( 'NONE',  ( 0.4999999999999980016, -0.5000000000000016653, 0.7071067811865477948 ) ) ;
#1382 = SHAPE_DEFINITION_REPRESENTATION ( #2936, #1371 ) ;
#1383 = DIRECTION ( 'NONE',  ( 0.000000000000000000, 0.000000000000000000, -1.000000000000000000 ) ) ;
#1384 = FACE_OUTER_BOUND ( 'NONE', #461, .T. ) ;
#1385 = EDGE_LOOP ( 'NONE', ( #2653, #701, #494, #1843 ) ) ;
#1386 = CARTESIAN_POINT ( 'NONE',  ( -12.00000000000003020, -1.500000000000002665, 34.50000000000000000 ) ) ;
#1387 = AXIS2_PLACEMENT_3D ( 'NONE', #378, #2753, #75 ) ;
#1388 = DIRECTION ( 'NONE',  ( -0.5000000000000051070, -0.5000000000000079936, 0.7071067811865382469 ) ) ;
#1389 = ORIENTED_EDGE ( 'NONE', *, *, #1922, .T. ) ;
#1390 = CIRCLE ( 'NONE', #338, 2.049999999999999822 ) ;
#1391 = EDGE_LOOP ( 'NONE', ( #2237, #1770, #2845, #3033 ) ) ;
#1392 = CARTESIAN_POINT ( 'NONE',  ( 10.93933982822020745, 4.646446609406725159, 9.500000000000000000 ) ) ;
#1393 = ORIENTED_EDGE ( 'NONE', *, *, #1825, .F. ) ;
#1394 = DIRECTION ( 'NONE',  ( 0.5773502691896296168, -0.5773502691896273964, -0.5773502691896204020 ) ) ;
#1395 = ORIENTED_EDGE ( 'NONE', *, *, #523, .F. ) ;
#1396 = DIRECTION ( 'NONE',  ( 1.000000000000000000, 1.445602896647339163E-16, -2.312964634635742661E-15 ) ) ;
#1397 = EDGE_CURVE ( 'NONE', #2191, #519, #871, .T. ) ;
#1398 = LINE ( 'NONE', #371, #1594 ) ;
#1399 =( LENGTH_UNIT ( ) NAMED_UNIT ( * ) SI_UNIT ( .MILLI., .METRE. ) );
#1400 = CARTESIAN_POINT ( 'NONE',  ( -6.001559737855116872, -1.470102949940147452, 10.41185137812275840 ) ) ;
#1401 = CARTESIAN_POINT ( 'NONE',  ( 20.49999999999999645, -0.9999999999999983347, 43.00000000000000000 ) ) ;
#1402 = ORIENTED_EDGE ( 'NONE', *, *, #938, .T. ) ;
#1403 = VECTOR ( 'NONE', #1839, 1000.000000000000000 ) ;
#1404 = ADVANCED_FACE ( 'NONE', ( #2800 ), #1540, .T. ) ;
#1405 = DIRECTION ( 'NONE',  ( 0.000000000000000000, 0.000000000000000000, 1.000000000000000000 ) ) ;
#1406 = LINE ( 'NONE', #2190, #1186 ) ;
#1407 = VERTEX_POINT ( 'NONE', #2779 ) ;
#1408 = EDGE_LOOP ( 'NONE', ( #731, #1685, #3362, #282 ) ) ;
#1409 = FACE_OUTER_BOUND ( 'NONE', #3160, .T. ) ;
#1410 = ORIENTED_EDGE ( 'NONE', *, *, #1898, .F. ) ;
#1411 = DIRECTION ( 'NONE',  ( 0.000000000000000000, 0.7071067811865489050, 0.7071067811865462405 ) ) ;
#1412 = AXIS2_PLACEMENT_3D ( 'NONE', #57, #7, #2652 ) ;
#1413 = EDGE_CURVE ( 'NONE', #375, #1997, #222, .T. ) ;
#1414 = DIRECTION ( 'NONE',  ( -0.000000000000000000, -0.000000000000000000, 1.000000000000000000 ) ) ;
#1415 = AXIS2_PLACEMENT_3D ( 'NONE', #1253, #161, #2303 ) ;
#1416 = EDGE_CURVE ( 'NONE', #3374, #3382, #2050, .T. ) ;
#1417 = EDGE_CURVE ( 'NONE', #31, #1656, #3250, .T. ) ;
#1418 = CYLINDRICAL_SURFACE ( 'NONE', #694, 2.000000000000001776 ) ;
#1419 = CARTESIAN_POINT ( 'NONE',  ( 22.00000000000000000, -2.999999999999994227, 40.50000000000000000 ) ) ;
#1420 = AXIS2_PLACEMENT_3D ( 'NONE', #1835, #53, #839 ) ;
#1421 = EDGE_LOOP ( 'NONE', ( #2131, #2849, #1389, #2775 ) ) ;
#1422 = DIRECTION ( 'NONE',  ( -8.944211597319620843E-17, 0.7071067811865462405, -0.7071067811865489050 ) ) ;
#1423 = CARTESIAN_POINT ( 'NONE',  ( 12.00000000000003375, -6.999999999999999112, 40.50000000000000000 ) ) ;
#1424 = ORIENTED_EDGE ( 'NONE', *, *, #2434, .T. ) ;
#1425 = EDGE_CURVE ( 'NONE', #557, #3123, #2643, .T. ) ;
#1426 = CARTESIAN_POINT ( 'NONE',  ( 6.228072635609414931, -0.7719273643905882887, 9.065845846867432556 ) ) ;
#1427 = ORIENTED_EDGE ( 'NONE', *, *, #695, .F. ) ;
#1428 = ORIENTED_EDGE ( 'NONE', *, *, #2423, .T. ) ;
#1429 = DIRECTION ( 'NONE',  ( 0.000000000000000000, -1.000000000000000000, 0.000000000000000000 ) ) ;
#1430 = EDGE_LOOP ( 'NONE', ( #3397, #1606, #2620, #2805, #2617, #663, #2717, #1161, #2336, #14, #2056, #2104 ) ) ;
#1431 = AXIS2_PLACEMENT_3D ( 'NONE', #3178, #1075, #751 ) ;
#1432 = FACE_OUTER_BOUND ( 'NONE', #729, .T. ) ;
#1433 = CARTESIAN_POINT ( 'NONE',  ( 6.000000000000031974, -4.500000000000000000, -12.64911064067357671 ) ) ;
#1434 = DIRECTION ( 'NONE',  ( 1.497135337817606601E-14, -0.7071067811865477948, 0.7071067811865473507 ) ) ;
#1435 = VERTEX_POINT ( 'NONE', #993 ) ;
#1436 = CARTESIAN_POINT ( 'NONE',  ( -5.499999972418829763, -0.9428088399251906004, 10.16666609629544027 ) ) ;
#1437 = AXIS2_PLACEMENT_3D ( 'NONE', #2373, #297, #2107 ) ;
#1438 = DIRECTION ( 'NONE',  ( 1.000000000000000000, 0.000000000000000000, -0.000000000000000000 ) ) ;
#1439 = ORIENTED_EDGE ( 'NONE', *, *, #1490, .F. ) ;
#1440 = CARTESIAN_POINT ( 'NONE',  ( -22.49999999999999645, -6.500000000000099476, 41.00000000000000000 ) ) ;
#1441 = AXIS2_PLACEMENT_3D ( 'NONE', #963, #3083, #3325 ) ;
#1442 = VERTEX_POINT ( 'NONE', #678 ) ;
#1443 = EDGE_CURVE ( 'NONE', #1196, #1006, #1869, .T. ) ;
#1444 = VECTOR ( 'NONE', #2466, 1000.000000000000114 ) ;
#1445 = DIRECTION ( 'NONE',  ( -0.000000000000000000, -0.000000000000000000, 1.000000000000000000 ) ) ;
#1446 = ADVANCED_FACE ( 'NONE', ( #1502, #2308, #2838, #3315, #715 ), #1199, .F. ) ;
#1447 = ORIENTED_EDGE ( 'NONE', *, *, #1294, .T. ) ;
#1448 = DIRECTION ( 'NONE',  ( 1.000000000000000000, 0.000000000000000000, 0.000000000000000000 ) ) ;
#1449 = CARTESIAN_POINT ( 'NONE',  ( -6.001636742325132445, -1.471404520791033566, 10.49999999999999822 ) ) ;
#1450 = LINE ( 'NONE', #767, #3042 ) ;
#1451 = ORIENTED_EDGE ( 'NONE', *, *, #624, .T. ) ;
#1452 = DIRECTION ( 'NONE',  ( -0.7071067811865474617, 0.000000000000000000, -0.7071067811865474617 ) ) ;
#1453 = DIRECTION ( 'NONE',  ( 1.000000000000000000, 0.000000000000000000, -0.000000000000000000 ) ) ;
#1454 = ORIENTED_EDGE ( 'NONE', *, *, #2427, .T. ) ;
#1455 = CARTESIAN_POINT ( 'NONE',  ( 5.559077112118827380, -0.6640023889923643008, 9.751736791047918018 ) ) ;
#1456 = CARTESIAN_POINT ( 'NONE',  ( 12.00000000000003197, -0.9999999999999986677, 34.50000000000000000 ) ) ;
#1457 = EDGE_CURVE ( 'NONE', #3060, #285, #1740, .T. ) ;
#1458 = ORIENTED_EDGE ( 'NONE', *, *, #1702, .F. ) ;
#1459 = B_SPLINE_CURVE_WITH_KNOTS ( 'NONE', 3,
 ( #1210, #1426, #1733, #1970, #687, #2000, #3012, #2260, #2788, #1719 ),
 .UNSPECIFIED., .F., .F.,
 ( 4, 2, 2, 2, 4 ),
 ( 0.000000000000000000, 0.2500000000000000000, 0.5000000000000000000, 0.7500000000000000000, 1.000000000000000000 ),
 .UNSPECIFIED. ) ;
#1460 = EDGE_CURVE ( 'NONE', #3125, #1633, #2288, .T. ) ;
#1461 = DIRECTION ( 'NONE',  ( 1.000000000000000000, 0.000000000000000000, 0.000000000000000000 ) ) ;
#1462 = ORIENTED_EDGE ( 'NONE', *, *, #221, .T. ) ;
#1463 = CARTESIAN_POINT ( 'NONE',  ( -5.584542612337753731, -0.6113379740955394714, 9.708345874992676983 ) ) ;
#1464 = EDGE_CURVE ( 'NONE', #2662, #1797, #2248, .T. ) ;
#1465 = DIRECTION ( 'NONE',  ( -1.000000000000000000, 0.000000000000000000, 0.000000000000000000 ) ) ;
#1466 = DIRECTION ( 'NONE',  ( 1.000000000000000000, 0.000000000000000000, 0.000000000000000000 ) ) ;
#1467 = VECTOR ( 'NONE', #1313, 1000.000000000000000 ) ;
#1468 = DIRECTION ( 'NONE',  ( -1.000000000000000000, 0.000000000000000000, 0.000000000000000000 ) ) ;
#1469 = ORIENTED_EDGE ( 'NONE', *, *, #3241, .T. ) ;
#1470 = VECTOR ( 'NONE', #2492, 1000.000000000000000 ) ;
#1471 = DIRECTION ( 'NONE',  ( 0.000000000000000000, 0.000000000000000000, -1.000000000000000000 ) ) ;
#1472 = CIRCLE ( 'NONE', #905, 1.499999999999992673 ) ;
#1473 = AXIS2_PLACEMENT_3D ( 'NONE', #3176, #797, #1926 ) ;
#1474 = AXIS2_PLACEMENT_3D ( 'NONE', #2696, #1213, #1396 ) ;
#1475 = CARTESIAN_POINT ( 'NONE',  ( 22.00000000000000355, -6.500000000000095035, 40.50000000000000000 ) ) ;
#1476 = ORIENTED_EDGE ( 'NONE', *, *, #1861, .T. ) ;
#1477 = DIRECTION ( 'NONE',  ( -0.4999999999999976685, -0.5000000000000026645, -0.7071067811865472397 ) ) ;
#1478 = AXIS2_PLACEMENT_3D ( 'NONE', #3285, #2995, #120 ) ;
#1479 = LINE ( 'NONE', #2504, #1131 ) ;
#1480 = DIRECTION ( 'NONE',  ( -0.5000000000000029976, 0.5000000000000058842, 0.7071067811865413555 ) ) ;
#1481 = ORIENTED_EDGE ( 'NONE', *, *, #1863, .T. ) ;
#1482 = FACE_BOUND ( 'NONE', #3026, .T. ) ;
#1483 = CYLINDRICAL_SURFACE ( 'NONE', #1907, 2.000000000000001776 ) ;
#1484 = ORIENTED_EDGE ( 'NONE', *, *, #2473, .F. ) ;
#1485 = CARTESIAN_POINT ( 'NONE',  ( -5.512031786356898166, -0.8162731682083529394, 9.922245194896808229 ) ) ;
#1486 = CARTESIAN_POINT ( 'NONE',  ( 6.000000000000027534, 16.41533062502183071, -1.764529000034932960 ) ) ;
#1487 = DIRECTION ( 'NONE',  ( -0.7071067811865516806, 0.7071067811865434649, -0.000000000000000000 ) ) ;
#1488 = ORIENTED_EDGE ( 'NONE', *, *, #1139, .T. ) ;
#1489 = LINE ( 'NONE', #169, #3289 ) ;
#1490 = EDGE_CURVE ( 'NONE', #1193, #882, #2535, .T. ) ;
#1491 = FACE_OUTER_BOUND ( 'NONE', #2985, .T. ) ;
#1492 = ORIENTED_EDGE ( 'NONE', *, *, #3302, .F. ) ;
#1493 = DIRECTION ( 'NONE',  ( 0.7071067811865515695, 0.7071067811865435759, 0.000000000000000000 ) ) ;
#1494 = CARTESIAN_POINT ( 'NONE',  ( -21.56109145286795226, 11.06109145286791851, 6.802253675411320089 ) ) ;
#1495 = LINE ( 'NONE', #176, #3039 ) ;
#1496 = VERTEX_POINT ( 'NONE', #2552 ) ;
#1497 = CARTESIAN_POINT ( 'NONE',  ( -6.000000000000000000, -7.000000000000001776, -12.64911064067357671 ) ) ;
#1498 = CARTESIAN_POINT ( 'NONE',  ( 6.000000000000001776, -11.10849528301415035, 40.50000000000000000 ) ) ;
#1499 = ORIENTED_EDGE ( 'NONE', *, *, #2649, .F. ) ;
#1500 = VECTOR ( 'NONE', #516, 1000.000000000000000 ) ;
#1501 = CARTESIAN_POINT ( 'NONE',  ( -5.603581968290212600, -0.5772017611201200049, 9.683122714740957093 ) ) ;
#1502 = FACE_BOUND ( 'NONE', #2075, .T. ) ;
#1503 = ADVANCED_FACE ( 'NONE', ( #183 ), #3350, .F. ) ;
#1504 = CARTESIAN_POINT ( 'NONE',  ( 13.00000000000000888, -16.00000000000000000, 43.00000000000000000 ) ) ;
#1505 = VERTEX_POINT ( 'NONE', #2673 ) ;
#1506 = SPHERICAL_SURFACE ( 'NONE', #800, 2.000000000000000000 ) ;
#1507 = ADVANCED_FACE ( 'NONE', ( #2065 ), #2923, .F. ) ;
#1508 = LINE ( 'NONE', #3059, #2123 ) ;
#1509 = VERTEX_POINT ( 'NONE', #801 ) ;
#1510 = DIRECTION ( 'NONE',  ( -1.000000000000000000, -1.334402673828312846E-16, 0.000000000000000000 ) ) ;
#1511 = ADVANCED_FACE ( 'NONE', ( #3384 ), #16, .T. ) ;
#1512 = LINE ( 'NONE', #3102, #2816 ) ;
#1513 = CARTESIAN_POINT ( 'NONE',  ( -10.03901052448326858, -5.894872384370797747, 40.18587761537256853 ) ) ;
#1514 = ORIENTED_EDGE ( 'NONE', *, *, #2726, .T. ) ;
#1515 = CARTESIAN_POINT ( 'NONE',  ( -4.104021780271027708, -9.212517063285108776, 39.24002730125616978 ) ) ;
#1516 = DIRECTION ( 'NONE',  ( 1.000000000000000000, 0.000000000000000000, 0.000000000000000000 ) ) ;
#1517 = VERTEX_POINT ( 'NONE', #1572 ) ;
#1518 = FACE_OUTER_BOUND ( 'NONE', #2671, .T. ) ;
#1519 = CARTESIAN_POINT ( 'NONE',  ( 4.104021780271030373, -9.212517063285107000, 39.24002730125617688 ) ) ;
#1520 = PLANE ( 'NONE',  #2097 ) ;
#1521 = ADVANCED_FACE ( 'NONE', ( #1273 ), #3128, .F. ) ;
#1522 = VERTEX_POINT ( 'NONE', #2112 ) ;
#1523 = DIRECTION ( 'NONE',  ( -1.000000000000000000, -1.334402673828312846E-16, 0.000000000000000000 ) ) ;
#1524 = DIRECTION ( 'NONE',  ( 0.000000000000000000, 0.000000000000000000, 1.000000000000000000 ) ) ;
#1525 = ORIENTED_EDGE ( 'NONE', *, *, #69, .F. ) ;
#1526 = CARTESIAN_POINT ( 'NONE',  ( 6.014402789402984340, -1.244831470998623679, 9.548917822053173410 ) ) ;
#1527 = AXIS2_PLACEMENT_3D ( 'NONE', #1537, #2589, #1789 ) ;
#1528 = AXIS2_PLACEMENT_3D ( 'NONE', #2207, #1405, #878 ) ;
#1529 = DIRECTION ( 'NONE',  ( -0.000000000000000000, 1.000000000000000000, -0.000000000000000000 ) ) ;
#1530 = CARTESIAN_POINT ( 'NONE',  ( -4.828427124746205834, -4.999999999999985789, 32.49999999999997158 ) ) ;
#1531 = AXIS2_PLACEMENT_3D ( 'NONE', #1344, #2665, #2396 ) ;
#1532 = VECTOR ( 'NONE', #682, 1000.000000000000000 ) ;
#1533 = ORIENTED_EDGE ( 'NONE', *, *, #794, .T. ) ;
#1534 = CARTESIAN_POINT ( 'NONE',  ( -20.49999999999998934, -6.500000000000099476, 40.50000000000000000 ) ) ;
#1535 = ORIENTED_EDGE ( 'NONE', *, *, #1291, .T. ) ;
#1536 = CIRCLE ( 'NONE', #1750, 1.600000000000004086 ) ;
#1537 = CARTESIAN_POINT ( 'NONE',  ( -7.000000000000029310, -1.414213562373066946, 9.500000000000000000 ) ) ;
#1538 = VERTEX_POINT ( 'NONE', #558 ) ;
#1539 = DIRECTION ( 'NONE',  ( 0.000000000000000000, 0.000000000000000000, 1.000000000000000000 ) ) ;
#1540 = CYLINDRICAL_SURFACE ( 'NONE', #2192, 2.000000000000000000 ) ;
#1541 = CARTESIAN_POINT ( 'NONE',  ( 14.06066017177982275, -15.06066017177982275, 40.50000000000000000 ) ) ;
#1542 = CONICAL_SURFACE ( 'NONE', #3198, 2.000000000000005329, 0.7853981633974485010 ) ;
#1543 = CARTESIAN_POINT ( 'NONE',  ( 14.56066017177974281, -14.56066017177990979, 43.50000000000000711 ) ) ;
#1544 = FACE_OUTER_BOUND ( 'NONE', #353, .T. ) ;
#1545 = ORIENTED_EDGE ( 'NONE', *, *, #991, .F. ) ;
#1546 = AXIS2_PLACEMENT_3D ( 'NONE', #1943, #2145, #1909 ) ;
#1547 = CARTESIAN_POINT ( 'NONE',  ( 2.050000000000002043, 2.999999999999999556, 0.000000000000000000 ) ) ;
#1548 = CARTESIAN_POINT ( 'NONE',  ( -11.01182324520111067, -12.03066871794928439, 40.50000000000000000 ) ) ;
#1549 = PLANE ( 'NONE',  #1274 ) ;
#1550 = ORIENTED_EDGE ( 'NONE', *, *, #938, .F. ) ;
#1551 = DIRECTION ( 'NONE',  ( -0.000000000000000000, -0.000000000000000000, 1.000000000000000000 ) ) ;
#1552 = ORIENTED_EDGE ( 'NONE', *, *, #501, .T. ) ;
#1553 = EDGE_CURVE ( 'NONE', #1779, #2042, #1605, .T. ) ;
#1554 = VERTEX_POINT ( 'NONE', #288 ) ;
#1555 = EDGE_CURVE ( 'NONE', #3382, #1942, #1761, .T. ) ;
#1556 = CARTESIAN_POINT ( 'NONE',  ( 5.501856208173052210, -0.8929960707673756382, 10.04989582421112004 ) ) ;
#1557 = AXIS2_PLACEMENT_3D ( 'NONE', #742, #2867, #1752 ) ;
#1558 = DIRECTION ( 'NONE',  ( 0.000000000000000000, -1.000000000000000000, 0.000000000000000000 ) ) ;
#1559 = VECTOR ( 'NONE', #2518, 1000.000000000000000 ) ;
#1560 = DIRECTION ( 'NONE',  ( 1.000000000000000000, 0.000000000000000000, 0.000000000000000000 ) ) ;
#1561 = PLANE ( 'NONE',  #2461 ) ;
#1562 = LINE ( 'NONE', #2558, #749 ) ;
#1563 = CARTESIAN_POINT ( 'NONE',  ( -21.56066017177980854, -7.560660171779930216, 43.50000000000000711 ) ) ;
#1564 = DIRECTION ( 'NONE',  ( 1.000000000000000000, 1.445602896647331768E-16, 0.000000000000000000 ) ) ;
#1565 = CARTESIAN_POINT ( 'NONE',  ( 6.000000000000031974, -4.500000000000000000, 0.5000000000000004441 ) ) ;
#1566 = PLANE ( 'NONE',  #2571 ) ;
#1567 = EDGE_LOOP ( 'NONE', ( #1301, #2996, #841, #136 ) ) ;
#1568 = ADVANCED_FACE ( 'NONE', ( #2890 ), #766, .T. ) ;
#1569 = ORIENTED_EDGE ( 'NONE', *, *, #2431, .F. ) ;
#1570 =( NAMED_UNIT ( * ) SI_UNIT ( $, .STERADIAN. ) SOLID_ANGLE_UNIT ( ) );
#1571 = EDGE_CURVE ( 'NONE', #638, #3322, #1862, .T. ) ;
#1572 = CARTESIAN_POINT ( 'NONE',  ( 5.939339828220206563, -0.2357022603954949669, 9.528174684192444843 ) ) ;
#1573 = DIRECTION ( 'NONE',  ( -0.000000000000000000, -0.000000000000000000, 1.000000000000000000 ) ) ;
#1574 = CYLINDRICAL_SURFACE ( 'NONE', #3399, 1.600000000000004086 ) ;
#1575 = CARTESIAN_POINT ( 'NONE',  ( -5.750869306956451155, -0.3884697197899019683, 9.578216546935122366 ) ) ;
#1576 = CARTESIAN_POINT ( 'NONE',  ( 5.908399214891402629, -0.2563297676117783919, 9.533177933829007245 ) ) ;
#1577 = CARTESIAN_POINT ( 'NONE',  ( -10.58578643762693616, 4.999999999999997335, 9.500000000000000000 ) ) ;
#1578 = ORIENTED_EDGE ( 'NONE', *, *, #1623, .T. ) ;
#1579 = DIRECTION ( 'NONE',  ( 1.000000000000000000, 0.000000000000000000, 0.000000000000000000 ) ) ;
#1580 = VERTEX_POINT ( 'NONE', #3422 ) ;
#1581 = AXIS2_PLACEMENT_3D ( 'NONE', #762, #1269, #2548 ) ;
#1582 = VECTOR ( 'NONE', #2979, 1000.000000000000114 ) ;
#1583 = CIRCLE ( 'NONE', #2797, 0.5000000000000038858 ) ;
#1584 = CARTESIAN_POINT ( 'NONE',  ( 13.00000000000000888, -16.00000000000000000, 43.00000000000000000 ) ) ;
#1585 = ORIENTED_EDGE ( 'NONE', *, *, #883, .T. ) ;
#1586 = CIRCLE ( 'NONE', #1474, 6.000000000000000000 ) ;
#1587 = CARTESIAN_POINT ( 'NONE',  ( -22.50000000000000000, -3.000000000000000000, 41.00000000000000000 ) ) ;
#1588 = ORIENTED_EDGE ( 'NONE', *, *, #2328, .F. ) ;
#1589 = UNCERTAINTY_MEASURE_WITH_UNIT (LENGTH_MEASURE( 1.000000000000000082E-05 ), #2888, 'distance_accuracy_value', 'NONE');
#1590 = CARTESIAN_POINT ( 'NONE',  ( 20.49999999999999645, -6.500000000000094147, 40.50000000000000000 ) ) ;
#1591 = CARTESIAN_POINT ( 'NONE',  ( 14.41421356237309404, -15.41421356237309936, 40.50000000000000000 ) ) ;
#1592 = CARTESIAN_POINT ( 'NONE',  ( -10.58578643762693794, 5.999999999999993783, 9.500000000000000000 ) ) ;
#1593 = CARTESIAN_POINT ( 'NONE',  ( 21.99999999999999289, 4.361590453884417695E-14, 43.50000000000000711 ) ) ;
#1594 = VECTOR ( 'NONE', #1709, 1000.000000000000000 ) ;
#1595 = EDGE_CURVE ( 'NONE', #3123, #557, #1263, .T. ) ;
#1596 = CARTESIAN_POINT ( 'NONE',  ( -11.80165271327369680, -6.885484283774866654, 40.50000000000000711 ) ) ;
#1597 = VECTOR ( 'NONE', #1877, 1000.000000000000000 ) ;
#1598 = CARTESIAN_POINT ( 'NONE',  ( 7.000000000000031086, -1.414213562373066946, -12.64911064067357671 ) ) ;
#1599 = DIRECTION ( 'NONE',  ( -1.000000000000000000, 0.000000000000000000, 0.000000000000000000 ) ) ;
#1600 = VERTEX_POINT ( 'NONE', #1308 ) ;
#1601 = DIRECTION ( 'NONE',  ( 0.000000000000000000, 0.000000000000000000, -1.000000000000000000 ) ) ;
#1602 = ORIENTED_EDGE ( 'NONE', *, *, #1613, .F. ) ;
#1603 = SURFACE_SIDE_STYLE ('',( #45 ) ) ;
#1604 = ORIENTED_EDGE ( 'NONE', *, *, #2166, .T. ) ;
#1605 = LINE ( 'NONE', #1290, #1974 ) ;
#1606 = ORIENTED_EDGE ( 'NONE', *, *, #1369, .T. ) ;
#1607 = AXIS2_PLACEMENT_3D ( 'NONE', #3205, #824, #1885 ) ;
#1608 = DIRECTION ( 'NONE',  ( -1.982541115402008904E-15, 1.000000000000000000, 0.000000000000000000 ) ) ;
#1609 = EDGE_CURVE ( 'NONE', #1377, #2814, #2343, .T. ) ;
#1610 = CARTESIAN_POINT ( 'NONE',  ( -5.550565208233770420, -0.6844944654593414501, 9.770412793537515128 ) ) ;
#1612 = DIRECTION ( 'NONE',  ( 0.000000000000000000, -0.000000000000000000, -1.000000000000000000 ) ) ;
#1611 = AXIS2_PLACEMENT_3D ( 'NONE', #2930, #2137, #262 ) ;
#1613 = EDGE_CURVE ( 'NONE', #3223, #643, #3365, .T. ) ;
#1614 = CARTESIAN_POINT ( 'NONE',  ( 4.000000000000000000, -5.000000000000002665, 21.75000000000000355 ) ) ;
#1615 = CARTESIAN_POINT ( 'NONE',  ( 20.49999999999999645, -2.999999999999994671, 40.50000000000000000 ) ) ;
#1616 = EDGE_CURVE ( 'NONE', #621, #112, #2309, .T. ) ;
#1617 = FACE_OUTER_BOUND ( 'NONE', #1421, .T. ) ;
#1618 = ORIENTED_EDGE ( 'NONE', *, *, #2790, .F. ) ;
#1619 =( NAMED_UNIT ( * ) PLANE_ANGLE_UNIT ( ) SI_UNIT ( $, .RADIAN. ) );
#1620 = ORIENTED_EDGE ( 'NONE', *, *, #1093, .F. ) ;
#1621 = CARTESIAN_POINT ( 'NONE',  ( -12.61182324520111386, -12.03066871794928439, 0.000000000000000000 ) ) ;
#1622 = ORIENTED_EDGE ( 'NONE', *, *, #74, .T. ) ;
#1623 = EDGE_CURVE ( 'NONE', #3126, #1517, #3120, .T. ) ;
#1624 = LINE ( 'NONE', #1819, #3306 ) ;
#1625 = CARTESIAN_POINT ( 'NONE',  ( -5.908476299376452801, -0.2562784417951503579, 9.533165287602839655 ) ) ;
#1626 = CARTESIAN_POINT ( 'NONE',  ( 5.500000000000029310, -1.000000000000000000, 34.50000000000000000 ) ) ;
#1627 = ORIENTED_EDGE ( 'NONE', *, *, #2748, .T. ) ;
#1628 =( BOUNDED_CURVE ( )  B_SPLINE_CURVE ( 3, ( #2654, #1068, #2125, #711 ),
 .UNSPECIFIED., .F., .F. ) 
 B_SPLINE_CURVE_WITH_KNOTS ( ( 4, 4 ),
 ( 1.570796326794896558, 2.582993338246312831 ),
 .UNSPECIFIED. ) 
 CURVE ( )  GEOMETRIC_REPRESENTATION_ITEM ( )  RATIONAL_B_SPLINE_CURVE ( ( 1.000000000000000000, 0.9164283208311985174, 0.9164283208311985174, 1.000000000000000000 ) ) 
 REPRESENTATION_ITEM ( '' )  );
#1629 = CARTESIAN_POINT ( 'NONE',  ( -11.29289321881348229, 4.292893218813451206, 8.999999999999985789 ) ) ;
#1630 = CARTESIAN_POINT ( 'NONE',  ( 2.050000000000002043, 2.999999999999999556, 9.500000000000000000 ) ) ;
#1631 = ORIENTED_EDGE ( 'NONE', *, *, #539, .F. ) ;
#1632 = CARTESIAN_POINT ( 'NONE',  ( 22.50000000000000000, -2.999999999999994227, 43.00000000000000000 ) ) ;
#1633 = VERTEX_POINT ( 'NONE', #642 ) ;
#1634 = CARTESIAN_POINT ( 'NONE',  ( 11.08578643762693972, 4.999999999999997335, 0.000000000000000000 ) ) ;
#1635 = EDGE_LOOP ( 'NONE', ( #1757, #508, #1395 ) ) ;
#1636 = DIRECTION ( 'NONE',  ( 2.168404344971008868E-16, 1.000000000000000000, 0.000000000000000000 ) ) ;
#1637 = CIRCLE ( 'NONE', #1252, 1.500000000000001332 ) ;
#1638 = VECTOR ( 'NONE', #460, 1000.000000000000000 ) ;
#1639 = ORIENTED_EDGE ( 'NONE', *, *, #1416, .F. ) ;
#1640 = DIRECTION ( 'NONE',  ( 1.000000000000000000, 0.000000000000000000, -0.000000000000000000 ) ) ;
#1641 = VECTOR ( 'NONE', #827, 1000.000000000000227 ) ;
#1642 = DIRECTION ( 'NONE',  ( -0.000000000000000000, -0.000000000000000000, -1.000000000000000000 ) ) ;
#1643 = CARTESIAN_POINT ( 'NONE',  ( -6.000000000000029310, -1.414213562373067168, 9.999999038379574046 ) ) ;
#1644 = CARTESIAN_POINT ( 'NONE',  ( -5.939339828220207451, -0.2357022603954921913, 9.528174684192443067 ) ) ;
#1645 = CARTESIAN_POINT ( 'NONE',  ( 5.500000000000029310, -1.000000000000000000, 10.49999999999999822 ) ) ;
#1646 = ORIENTED_EDGE ( 'NONE', *, *, #1312, .T. ) ;
#1647 = CARTESIAN_POINT ( 'NONE',  ( -7.000000000000029310, -1.414213562373066946, 0.000000000000000000 ) ) ;
#1648 = DIRECTION ( 'NONE',  ( 0.000000000000000000, 0.000000000000000000, 1.000000000000000000 ) ) ;
#1649 = VECTOR ( 'NONE', #725, 1000.000000000000000 ) ;
#1650 = ADVANCED_FACE ( 'NONE', ( #352 ), #849, .F. ) ;
#1651 = FACE_OUTER_BOUND ( 'NONE', #909, .T. ) ;
#1652 = PLANE ( 'NONE',  #414 ) ;
#1653 = ORIENTED_EDGE ( 'NONE', *, *, #1824, .T. ) ;
#1654 = EDGE_CURVE ( 'NONE', #1407, #648, #2723, .T. ) ;
#1655 = LINE ( 'NONE', #1163, #2419 ) ;
#1656 = VERTEX_POINT ( 'NONE', #1125 ) ;
#1657 = CARTESIAN_POINT ( 'NONE',  ( -6.153706861723082788, -0.09280029401654425747, 9.504257358536252198 ) ) ;
#1658 = EDGE_CURVE ( 'NONE', #2140, #1020, #3031, .T. ) ;
#1659 = DIRECTION ( 'NONE',  ( 2.168404344971008868E-16, -1.000000000000000000, 0.000000000000000000 ) ) ;
#1660 = LINE ( 'NONE', #71, #2915 ) ;
#1661 = CARTESIAN_POINT ( 'NONE',  ( 6.000000000000000000, -7.000000000000000000, 21.75000000000000355 ) ) ;
#1662 = VERTEX_POINT ( 'NONE', #65 ) ;
#1663 = DIRECTION ( 'NONE',  ( -0.7071067811865495711, -0.7071067811865454633, 0.000000000000000000 ) ) ;
#1664 = VECTOR ( 'NONE', #2021, 1000.000000000000000 ) ;
#1665 = B_SPLINE_CURVE_WITH_KNOTS ( 'NONE', 3,
 ( #2994, #617, #1682, #2735, #361, #890, #1260, #2036, #720, #664, #1183, #2555 ),
 .UNSPECIFIED., .F., .F.,
 ( 4, 2, 2, 2, 2, 4 ),
 ( -1.549194064670158735E-05, 0.001362772896475140591, 0.002741037733596983061, 0.004119302570718824663, 0.004808434989279741778, 0.005497567407840658893 ),
 .UNSPECIFIED. ) ;
#1666 = CARTESIAN_POINT ( 'NONE',  ( -6.000000000000000000, -7.000000000000001776, 38.50000000000000000 ) ) ;
#1667 = EDGE_LOOP ( 'NONE', ( #2371, #3023, #931, #1639 ) ) ;
#1668 = ADVANCED_FACE ( 'NONE', ( #3001 ), #2480, .T. ) ;
#1669 = ORIENTED_EDGE ( 'NONE', *, *, #1460, .T. ) ;
#1670 = EDGE_CURVE ( 'NONE', #1727, #2144, #1655, .T. ) ;
#1671 = ORIENTED_EDGE ( 'NONE', *, *, #2790, .T. ) ;
#1672 = ADVANCED_FACE ( 'NONE', ( #47 ), #2216, .T. ) ;
#1673 = B_SPLINE_CURVE_WITH_KNOTS ( 'NONE', 1,
 ( #872, #611 ),
 .UNSPECIFIED., .F., .F.,
 ( 2, 2 ),
 ( 0.000000000000000000, 1.000000000000000000 ),
 .UNSPECIFIED. ) ;
#1674 = EDGE_CURVE ( 'NONE', #2970, #3322, #542, .T. ) ;
#1675 = DIRECTION ( 'NONE',  ( 2.168404344971008868E-16, -1.000000000000000000, 0.000000000000000000 ) ) ;
#1676 = VERTEX_POINT ( 'NONE', #337 ) ;
#1677 = LINE ( 'NONE', #320, #2701 ) ;
#1678 = DIRECTION ( 'NONE',  ( 0.000000000000000000, 0.000000000000000000, 1.000000000000000000 ) ) ;
#1679 = DIRECTION ( 'NONE',  ( 0.7071067811865416886, -4.807406715958894503E-16, 0.7071067811865533459 ) ) ;
#1680 = CARTESIAN_POINT ( 'NONE',  ( -6.055448553050882587, -1.084067192430786974, 9.312740274642145266 ) ) ;
#1681 = ORIENTED_EDGE ( 'NONE', *, *, #2116, .F. ) ;
#1682 = CARTESIAN_POINT ( 'NONE',  ( 11.20548165821912789, -6.541251649935150070, 40.46047231025810476 ) ) ;
#1683 = DIRECTION ( 'NONE',  ( 0.000000000000000000, 0.000000000000000000, 1.000000000000000000 ) ) ;
#1684 = FACE_OUTER_BOUND ( 'NONE', #2733, .T. ) ;
#1685 = ORIENTED_EDGE ( 'NONE', *, *, #2582, .T. ) ;
#1686 = ORIENTED_EDGE ( 'NONE', *, *, #925, .F. ) ;
#1687 = B_SPLINE_CURVE_WITH_KNOTS ( 'NONE', 1,
 ( #1996, #3078 ),
 .UNSPECIFIED., .F., .F.,
 ( 2, 2 ),
 ( 0.000000000000000000, 1.000000000000000000 ),
 .UNSPECIFIED. ) ;
#1688 = DIRECTION ( 'NONE',  ( -1.000000000000000000, -1.264902534566415512E-16, 0.000000000000000000 ) ) ;
#1689 = VERTEX_POINT ( 'NONE', #1094 ) ;
#1690 = VECTOR ( 'NONE', #2337, 1000.000000000000000 ) ;
#1691 = VECTOR ( 'NONE', #2330, 1000.000000000000000 ) ;
#1692 = DIRECTION ( 'NONE',  ( 0.7071067811865474617, -0.7071067811865474617, 0.000000000000000000 ) ) ;
#1693 = VECTOR ( 'NONE', #1255, 1000.000000000000000 ) ;
#1694 = CARTESIAN_POINT ( 'NONE',  ( -10.58578643762693794, 5.999999999999993783, 0.5000000000000004441 ) ) ;
#1695 = CARTESIAN_POINT ( 'NONE',  ( 2.050000000000002043, 2.999999999999999556, 9.500000000000000000 ) ) ;
#1696 = AXIS2_PLACEMENT_3D ( 'NONE', #2541, #999, #1241 ) ;
#1697 = ORIENTED_EDGE ( 'NONE', *, *, #1349, .T. ) ;
#1698 = FACE_OUTER_BOUND ( 'NONE', #180, .T. ) ;
#1699 = EDGE_CURVE ( 'NONE', #2904, #2063, #2658, .T. ) ;
#1700 = CARTESIAN_POINT ( 'NONE',  ( -2.049999999999997602, 2.999999999999999112, 9.500000000000000000 ) ) ;
#1701 = ORIENTED_EDGE ( 'NONE', *, *, #86, .T. ) ;
#1702 = EDGE_CURVE ( 'NONE', #1223, #718, #2954, .T. ) ;
#1703 = FACE_OUTER_BOUND ( 'NONE', #209, .T. ) ;
#1704 = ORIENTED_EDGE ( 'NONE', *, *, #2783, .T. ) ;
#1705 = VECTOR ( 'NONE', #2058, 1000.000000000000000 ) ;
#1706 = CARTESIAN_POINT ( 'NONE',  ( 5.516256784776953914, -0.7953466426614625995, 9.893440878779577119 ) ) ;
#1707 = ORIENTED_EDGE ( 'NONE', *, *, #1178, .T. ) ;
#1708 = VECTOR ( 'NONE', #164, 1000.000000000000000 ) ;
#1709 = DIRECTION ( 'NONE',  ( -0.000000000000000000, -0.000000000000000000, 1.000000000000000000 ) ) ;
#1710 = CARTESIAN_POINT ( 'NONE',  ( -6.039612203995706530, -1.134592492846814293, 9.376496136114640834 ) ) ;
#1711 = DIRECTION ( 'NONE',  ( -1.000000000000000000, 0.000000000000000000, 0.000000000000000000 ) ) ;
#1712 = EDGE_LOOP ( 'NONE', ( #2782, #2175, #191, #2341 ) ) ;
#1713 = ADVANCED_FACE ( 'NONE', ( #1409 ), #609, .T. ) ;
#1714 = DIRECTION ( 'NONE',  ( 1.000000000000000000, 1.264902534566415512E-16, -0.000000000000000000 ) ) ;
#1715 = LINE ( 'NONE', #2239, #1965 ) ;
#1716 = EDGE_LOOP ( 'NONE', ( #151, #593, #1242, #299 ) ) ;
#1717 = CARTESIAN_POINT ( 'NONE',  ( -14.56066017177973748, -14.56066017177990979, 43.50000000000000711 ) ) ;
#1718 = EDGE_CURVE ( 'NONE', #3125, #235, #1182, .T. ) ;
#1719 = CARTESIAN_POINT ( 'NONE',  ( 6.000000000000031086, -1.414213562373067168, 9.999999999999875655 ) ) ;
#1720 = CONICAL_SURFACE ( 'NONE', #932, 2.000000000000000000, 0.7853981633974479459 ) ;
#1721 = VERTEX_POINT ( 'NONE', #81 ) ;
#1722 = AXIS2_PLACEMENT_3D ( 'NONE', #2450, #2168, #3229 ) ;
#1723 = CARTESIAN_POINT ( 'NONE',  ( -22.00000000000000000, -3.000000000000000000, 40.50000000000000000 ) ) ;
#1724 = VERTEX_POINT ( 'NONE', #2179 ) ;
#1725 = CARTESIAN_POINT ( 'NONE',  ( -6.000434415911743535, -1.444647674466416287, 10.15256048890658924 ) ) ;
#1726 = LINE ( 'NONE', #1977, #1107 ) ;
#1727 = VERTEX_POINT ( 'NONE', #2196 ) ;
#1728 = PLANE ( 'NONE',  #961 ) ;
#1729 = EDGE_CURVE ( 'NONE', #2198, #1580, #3245, .T. ) ;
#1730 = PLANE ( 'NONE',  #2127 ) ;
#1731 = ORIENTED_EDGE ( 'NONE', *, *, #793, .T. ) ;
#1732 = CARTESIAN_POINT ( 'NONE',  ( 5.500360029353642766, -0.9176373058153890483, 10.10151387645410104 ) ) ;
#1733 = CARTESIAN_POINT ( 'NONE',  ( 6.178635915044807803, -0.8377459796950960103, 9.099119846976551074 ) ) ;
#1734 = CARTESIAN_POINT ( 'NONE',  ( 10.58578643762693794, 5.999999999999992006, 8.999999999999985789 ) ) ;
#1735 = ORIENTED_EDGE ( 'NONE', *, *, #1416, .T. ) ;
#1736 = DIRECTION ( 'NONE',  ( -0.000000000000000000, 0.000000000000000000, 1.000000000000000000 ) ) ;
#1737 = LINE ( 'NONE', #2026, #2457 ) ;
#1738 = EDGE_LOOP ( 'NONE', ( #2369, #117, #3118, #2479 ) ) ;
#1739 = DIRECTION ( 'NONE',  ( -1.000000000000000000, 0.000000000000000000, 0.000000000000000000 ) ) ;
#1740 = LINE ( 'NONE', #3073, #2476 ) ;
#1741 = CARTESIAN_POINT ( 'NONE',  ( -6.000000000000028422, -1.384581101942584658, 9.874277810837972069 ) ) ;
#1742 = ORIENTED_EDGE ( 'NONE', *, *, #530, .T. ) ;
#1743 = AXIS2_PLACEMENT_3D ( 'NONE', #471, #409, #3082 ) ;
#1744 = LINE ( 'NONE', #2294, #1129 ) ;
#1745 = CONICAL_SURFACE ( 'NONE', #2074, 1.000000000000000000, 0.7853981633974582710 ) ;
#1746 = VECTOR ( 'NONE', #3321, 1000.000000000000000 ) ;
#1747 = FACE_OUTER_BOUND ( 'NONE', #2455, .T. ) ;
#1748 = ORIENTED_EDGE ( 'NONE', *, *, #587, .T. ) ;
#1749 = CARTESIAN_POINT ( 'NONE',  ( 5.519295337641464627, -0.7826711256020587593, 9.877391146811630662 ) ) ;
#1750 = AXIS2_PLACEMENT_3D ( 'NONE', #264, #1648, #535 ) ;
#1751 = DIRECTION ( 'NONE',  ( 0.000000000000000000, -1.000000000000000000, 0.000000000000000000 ) ) ;
#1752 = DIRECTION ( 'NONE',  ( 1.000000000000000000, 0.000000000000000000, 0.000000000000000000 ) ) ;
#1753 = EDGE_LOOP ( 'NONE', ( #1004, #1602, #1368, #832, #736 ) ) ;
#1754 = CARTESIAN_POINT ( 'NONE',  ( 22.50000000000000711, -6.500000000000094147, 43.00000000000000000 ) ) ;
#1755 = EDGE_CURVE ( 'NONE', #2007, #83, #1856, .T. ) ;
#1756 = CARTESIAN_POINT ( 'NONE',  ( -13.00000000000000178, -14.00000000000000000, 41.00000000000000000 ) ) ;
#1757 = ORIENTED_EDGE ( 'NONE', *, *, #3257, .T. ) ;
#1758 = CARTESIAN_POINT ( 'NONE',  ( -5.516457013594709302, -0.7949524627730052417, 9.893221171769361888 ) ) ;
#1759 = VECTOR ( 'NONE', #2463, 1000.000000000000000 ) ;
#1760 = CARTESIAN_POINT ( 'NONE',  ( 19.03066871794915471, -5.611823245201304822, 43.50000000000000711 ) ) ;
#1761 = CIRCLE ( 'NONE', #216, 1.500000000000004885 ) ;
#1762 = CARTESIAN_POINT ( 'NONE',  ( 6.351426528229093371, -0.6485734717709131791, 9.028058196523209844 ) ) ;
#1763 = ORIENTED_EDGE ( 'NONE', *, *, #2423, .F. ) ;
#1764 = CARTESIAN_POINT ( 'NONE',  ( -10.93933982822020745, 4.646446609406728712, 9.500000000000000000 ) ) ;
#1765 = CARTESIAN_POINT ( 'NONE',  ( 21.91421356237308871, -7.914213562373199728, 43.00000000000000000 ) ) ;
#1766 = ORIENTED_EDGE ( 'NONE', *, *, #754, .T. ) ;
#1767 = LINE ( 'NONE', #980, #1803 ) ;
#1768 = LINE ( 'NONE', #2334, #1145 ) ;
#1769 = DIRECTION ( 'NONE',  ( 0.000000000000000000, 0.000000000000000000, 1.000000000000000000 ) ) ;
#1770 = ORIENTED_EDGE ( 'NONE', *, *, #2839, .F. ) ;
#1771 = EDGE_CURVE ( 'NONE', #2786, #3336, #2265, .T. ) ;
#1772 = CARTESIAN_POINT ( 'NONE',  ( 13.00000000000000888, -16.00000000000000000, 41.00000000000000000 ) ) ;
#1773 = VERTEX_POINT ( 'NONE', #1772 ) ;
#1774 = CONICAL_SURFACE ( 'NONE', #2122, 1.499999999999991784, 0.7853981633974405074 ) ;
#1775 = CARTESIAN_POINT ( 'NONE',  ( -5.526968969981172819, -0.7534990349694378198, 9.842226674098883521 ) ) ;
#1776 = EDGE_CURVE ( 'NONE', #1892, #2693, #2121, .T. ) ;
#1777 = DIRECTION ( 'NONE',  ( -1.149252004332924301E-16, 0.5299989400031799303, -0.8479983040050880216 ) ) ;
#1778 = DIRECTION ( 'NONE',  ( 1.000000000000000000, 1.264902534566415512E-16, -0.000000000000000000 ) ) ;
#1779 = VERTEX_POINT ( 'NONE', #1214 ) ;
#1780 = CARTESIAN_POINT ( 'NONE',  ( -14.41421356237308693, -15.41421356237310292, 43.00000000000000000 ) ) ;
#1781 = CARTESIAN_POINT ( 'NONE',  ( 11.29289321881348052, 4.292893218813452094, 8.999999999999985789 ) ) ;
#1782 = VERTEX_POINT ( 'NONE', #2228 ) ;
#1783 = CARTESIAN_POINT ( 'NONE',  ( 8.749999999999952038, -4.250000000000000888, 34.50000000000000000 ) ) ;
#1784 = CARTESIAN_POINT ( 'NONE',  ( -6.000000000000029310, -1.500000000000015543, 34.50000000000000000 ) ) ;
#1785 = DIRECTION ( 'NONE',  ( 0.7071067811865515695, 0.7071067811865435759, 0.000000000000000000 ) ) ;
#1786 = ORIENTED_EDGE ( 'NONE', *, *, #1962, .F. ) ;
#1787 = DIRECTION ( 'NONE',  ( -1.000000000000000000, -2.168404344971008868E-16, 0.000000000000000000 ) ) ;
#1788 = ORIENTED_EDGE ( 'NONE', *, *, #2586, .F. ) ;
#1789 = DIRECTION ( 'NONE',  ( 1.000000000000000000, 0.000000000000000000, 0.000000000000000000 ) ) ;
#1790 = ORIENTED_EDGE ( 'NONE', *, *, #3396, .F. ) ;
#1791 = DIRECTION ( 'NONE',  ( 1.334402673828312846E-16, -1.000000000000000000, 0.000000000000000000 ) ) ;
#1792 = DIRECTION ( 'NONE',  ( 0.000000000000000000, 0.000000000000000000, 1.000000000000000000 ) ) ;
#1793 = FACE_OUTER_BOUND ( 'NONE', #898, .T. ) ;
#1794 = ORIENTED_EDGE ( 'NONE', *, *, #2645, .T. ) ;
#1795 = LINE ( 'NONE', #2861, #3183 ) ;
#1796 = CYLINDRICAL_SURFACE ( 'NONE', #636, 1.999999999999999112 ) ;
#1797 = VERTEX_POINT ( 'NONE', #3067 ) ;
#1798 = CARTESIAN_POINT ( 'NONE',  ( 6.252729056599928725, -0.7490780579604529033, 9.058575284197409871 ) ) ;
#1799 = CIRCLE ( 'NONE', #852, 5.999999999999998224 ) ;
#1800 = EDGE_CURVE ( 'NONE', #882, #1522, #635, .T. ) ;
#1801 = CARTESIAN_POINT ( 'NONE',  ( -6.000000000000029310, -1.000000000000001554, -12.64911064067357671 ) ) ;
#1802 = DIRECTION ( 'NONE',  ( 1.000000000000000000, 0.000000000000000000, 0.000000000000000000 ) ) ;
#1803 = VECTOR ( 'NONE', #1510, 1000.000000000000000 ) ;
#1804 = VECTOR ( 'NONE', #1933, 1000.000000000000000 ) ;
#1805 = ORIENTED_EDGE ( 'NONE', *, *, #787, .T. ) ;
#1806 = CARTESIAN_POINT ( 'NONE',  ( -21.91421356237307805, -7.914213562373201505, 41.00000000000000000 ) ) ;
#1807 = ORIENTED_EDGE ( 'NONE', *, *, #1288, .T. ) ;
#1808 = EDGE_CURVE ( 'NONE', #1517, #267, #133, .T. ) ;
#1809 = CIRCLE ( 'NONE', #2862, 1.600000000000004086 ) ;
#1810 = ORIENTED_EDGE ( 'NONE', *, *, #632, .F. ) ;
#1811 = CARTESIAN_POINT ( 'NONE',  ( -19.03066871794914761, -5.611823245201309263, 0.000000000000000000 ) ) ;
#1812 = DIRECTION ( 'NONE',  ( -0.000000000000000000, -0.000000000000000000, -1.000000000000000000 ) ) ;
#1813 = CARTESIAN_POINT ( 'NONE',  ( -10.58578643762693616, 4.999999999999997335, 8.999999999999985789 ) ) ;
#1814 = CIRCLE ( 'NONE', #760, 1.600000000000004086 ) ;
#1815 = DIRECTION ( 'NONE',  ( -0.000000000000000000, -0.000000000000000000, -1.000000000000000000 ) ) ;
#1816 = LINE ( 'NONE', #2016, #1532 ) ;
#1817 = CARTESIAN_POINT ( 'NONE',  ( 6.000008494527072855, -1.420273849770505414, 10.02598268256988234 ) ) ;
#1818 = EDGE_CURVE ( 'NONE', #2277, #1554, #1583, .T. ) ;
#1819 = CARTESIAN_POINT ( 'NONE',  ( -20.49999999999999645, -1.000000000000003331, 41.00000000000000000 ) ) ;
#1820 = PLANE ( 'NONE',  #1938 ) ;
#1821 = ORIENTED_EDGE ( 'NONE', *, *, #530, .F. ) ;
#1822 = DIRECTION ( 'NONE',  ( 1.000000000000000000, 0.000000000000000000, 0.000000000000000000 ) ) ;
#1823 = ORIENTED_EDGE ( 'NONE', *, *, #221, .F. ) ;
#1824 = EDGE_CURVE ( 'NONE', #1633, #1522, #950, .T. ) ;
#1825 = EDGE_CURVE ( 'NONE', #2585, #1727, #3293, .T. ) ;
#1826 = ORIENTED_EDGE ( 'NONE', *, *, #2328, .T. ) ;
#1827 = CARTESIAN_POINT ( 'NONE',  ( -6.000000000000000000, -5.000000000000001776, -12.64911064067357671 ) ) ;
#1828 = B_SPLINE_SURFACE_WITH_KNOTS ( 'NONE', 1, 3, ( 
 ( #1644, #1625, #2366, #292, #1048, #1575, #2414, #1328, #2698, #2943, #2380, #1100, #3410, #1343, #1610, #820, #2629, #2085, #1849, #2893, #2664, #2151, #259, #577, #1881, #3216, #2911, #561, #1315, #2099, #3168, #531, #2114, #805, #36, #1082 ),
 ( #2449, #115, #2780, #87, #661, #1117, #875, #2484, #2715, #2731, #2465, #3281, #1132, #1710, #887, #2764, #102, #1947, #3021, #2991, #373, #2185, #628, #344, #130, #1152, #3006, #1166, #389, #1725, #3252, #646, #1963, #1400, #1976, #1449 ) ),
 .UNSPECIFIED., .F., .F., .F.,
 ( 2, 2 ),
 ( 4, 2, 2, 2, 2, 2, 2, 2, 2, 2, 2, 2, 2, 2, 2, 2, 2, 4 ),
 ( 0.000000000000000000, 1.000000000000000000 ),
 ( 0.000000000000000000, 0.0001310441144364633446, 0.0002620882288729266892, 0.0003931323433093900609, 0.0005241764577458533783, 0.0006552205721823166958, 0.0007862646866187801217, 0.0009173088010552434392, 0.001048352915491706757, 0.001179397029928170183, 0.001310441144364633392, 0.001441485258801096818, 0.001572529373237560243, 0.001638051430455791848, 0.001703573487674023453, 0.001834617602110486878, 0.001965661716546950304, 0.002096705830983413513 ),
 .UNSPECIFIED. ) ;
#1829 = CARTESIAN_POINT ( 'NONE',  ( 5.508899185966535939, -0.8339085672314460185, 9.947996421508058518 ) ) ;
#1830 = VECTOR ( 'NONE', #2101, 1000.000000000000227 ) ;
#1831 = DIRECTION ( 'NONE',  ( -1.000000000000000000, 0.000000000000000000, 0.000000000000000000 ) ) ;
#1832 = VECTOR ( 'NONE', #936, 1000.000000000000000 ) ;
#1833 = CARTESIAN_POINT ( 'NONE',  ( -22.00000000000000000, -6.500000000000099476, 43.50000000000000711 ) ) ;
#1834 = ADVANCED_FACE ( 'NONE', ( #674 ), #1483, .F. ) ;
#1835 = CARTESIAN_POINT ( 'NONE',  ( 5.500000000000029310, -6.433024155217775306E-16, 10.49999999999999822 ) ) ;
#1836 = CARTESIAN_POINT ( 'NONE',  ( 5.879093584850461518, -0.2776735372087441589, 9.539050189477238817 ) ) ;
#1837 = CARTESIAN_POINT ( 'NONE',  ( -10.58578643762693616, 5.499999999999990230, 9.500000000000000000 ) ) ;
#1838 = DIRECTION ( 'NONE',  ( 0.000000000000000000, 0.000000000000000000, 1.000000000000000000 ) ) ;
#1839 = DIRECTION ( 'NONE',  ( -0.000000000000000000, -0.000000000000000000, 1.000000000000000000 ) ) ;
#1840 = DIRECTION ( 'NONE',  ( 0.000000000000000000, 0.000000000000000000, 1.000000000000000000 ) ) ;
#1841 = ORIENTED_EDGE ( 'NONE', *, *, #2468, .T. ) ;
#1842 = PLANE ( 'NONE',  #2984 ) ;
#1843 = ORIENTED_EDGE ( 'NONE', *, *, #675, .F. ) ;
#1844 = DIRECTION ( 'NONE',  ( -0.7071067811865545671, 1.533293416683389422E-16, -0.7071067811865404673 ) ) ;
#1845 = VECTOR ( 'NONE', #1332, 1000.000000000000000 ) ;
#1846 = CARTESIAN_POINT ( 'NONE',  ( -10.58578643762693616, 4.999999999999997335, 0.000000000000000000 ) ) ;
#1847 = EDGE_CURVE ( 'NONE', #77, #2737, #527, .T. ) ;
#1848 = CARTESIAN_POINT ( 'NONE',  ( -17.43066871794914618, -5.611823245201309263, 43.50000000000000711 ) ) ;
#1849 = CARTESIAN_POINT ( 'NONE',  ( -5.515098610372620058, -0.8002517885528316333, 9.899614768050755131 ) ) ;
#1850 = FACE_OUTER_BOUND ( 'NONE', #73, .T. ) ;
#1851 = DIRECTION ( 'NONE',  ( 1.000000000000000000, -2.168404344971008868E-16, -0.000000000000000000 ) ) ;
#1852 = LINE ( 'NONE', #263, #2559 ) ;
#1853 = CARTESIAN_POINT ( 'NONE',  ( -13.00000000000000178, -14.00000000000000000, 43.50000000000000711 ) ) ;
#1854 = ORIENTED_EDGE ( 'NONE', *, *, #3338, .T. ) ;
#1855 = AXIS2_PLACEMENT_3D ( 'NONE', #1534, #3380, #1019 ) ;
#1856 = CIRCLE ( 'NONE', #1415, 2.000000000000005329 ) ;
#1857 = DIRECTION ( 'NONE',  ( 0.000000000000000000, 0.000000000000000000, 1.000000000000000000 ) ) ;
#1858 = ORIENTED_EDGE ( 'NONE', *, *, #2676, .F. ) ;
#1859 = CARTESIAN_POINT ( 'NONE',  ( -4.304003391989213334, -9.412498675003972082, 39.55999788000635675 ) ) ;
#1860 = EDGE_LOOP ( 'NONE', ( #1484, #317, #1588, #505 ) ) ;
#1861 = EDGE_CURVE ( 'NONE', #2318, #1773, #1737, .T. ) ;
#1862 = LINE ( 'NONE', #1010, #1597 ) ;
#1863 = EDGE_CURVE ( 'NONE', #557, #3111, #3366, .T. ) ;
#1864 = CARTESIAN_POINT ( 'NONE',  ( 6.000000000000031086, -1.414213562373067168, 9.999999999999875655 ) ) ;
#1865 = CARTESIAN_POINT ( 'NONE',  ( -6.000000000000030198, -7.000000000000001776, 38.50000000000000000 ) ) ;
#1866 = CARTESIAN_POINT ( 'NONE',  ( 5.500000000000039080, -1.414213562373067168, 0.000000000000000000 ) ) ;
#1867 = VECTOR ( 'NONE', #699, 1000.000000000000000 ) ;
#1868 = FACE_OUTER_BOUND ( 'NONE', #2886, .T. ) ;
#1869 = CIRCLE ( 'NONE', #2032, 1.600000000000004086 ) ;
#1870 = CARTESIAN_POINT ( 'NONE',  ( -21.91421356237307805, -7.914213562373201505, 40.50000000000000000 ) ) ;
#1871 = ORIENTED_EDGE ( 'NONE', *, *, #1198, .T. ) ;
#1872 = DIRECTION ( 'NONE',  ( -0.7071067811865474617, -1.226634733346698324E-15, 0.7071067811865474617 ) ) ;
#1873 = ORIENTED_EDGE ( 'NONE', *, *, #2895, .T. ) ;
#1874 = CARTESIAN_POINT ( 'NONE',  ( 6.292893218813481404, -0.7071067811865219266, 9.042262026288652166 ) ) ;
#1875 = EDGE_LOOP ( 'NONE', ( #590, #96, #2338, #1469 ) ) ;
#1876 = ADVANCED_FACE ( 'NONE', ( #987 ), #2046, .T. ) ;
#1877 = DIRECTION ( 'NONE',  ( -2.168404344971008868E-16, 1.000000000000000000, -0.000000000000000000 ) ) ;
#1878 = ORIENTED_EDGE ( 'NONE', *, *, #3148, .T. ) ;
#1879 = AXIS2_PLACEMENT_3D ( 'NONE', #1614, #2088, #3414 ) ;
#1880 = DIRECTION ( 'NONE',  ( 2.168404344971008868E-16, 1.000000000000000000, -0.000000000000000000 ) ) ;
#1881 = CARTESIAN_POINT ( 'NONE',  ( -5.500068586215126842, -0.9289092381349169925, 10.12853513906960856 ) ) ;
#1883 = CARTESIAN_POINT ( 'NONE',  ( -11.29289321881348052, 4.292893218813452094, 0.5000000000000004441 ) ) ;
#1882 = CONICAL_SURFACE ( 'NONE', #659, 0.9999999999999956701, 0.7853981633974407295 ) ;
#1884 = ORIENTED_EDGE ( 'NONE', *, *, #545, .T. ) ;
#1885 = DIRECTION ( 'NONE',  ( 1.000000000000000000, -3.469446951953602750E-15, 0.000000000000000000 ) ) ;
#1886 = DIRECTION ( 'NONE',  ( 1.000000000000000000, 0.000000000000000000, -0.000000000000000000 ) ) ;
#1887 = LINE ( 'NONE', #2950, #3101 ) ;
#1888 = ORIENTED_EDGE ( 'NONE', *, *, #111, .T. ) ;
#1889 = CARTESIAN_POINT ( 'NONE',  ( 6.292893218813453871, -3.593121314379121659E-16, 9.499999999999998224 ) ) ;
#1890 = ORIENTED_EDGE ( 'NONE', *, *, #523, .T. ) ;
#1891 = CARTESIAN_POINT ( 'NONE',  ( 5.553433297971333893, -0.6778036119010459881, 9.764438406491985134 ) ) ;
#1892 = VERTEX_POINT ( 'NONE', #2530 ) ;
#1893 = DIRECTION ( 'NONE',  ( -1.000000000000000000, 0.000000000000000000, 0.000000000000000000 ) ) ;
#1894 = LINE ( 'NONE', #2713, #155 ) ;
#1895 = CARTESIAN_POINT ( 'NONE',  ( -20.49999999999999645, -3.000000000000000000, 41.00000000000000000 ) ) ;
#1896 = DIRECTION ( 'NONE',  ( 1.000000000000000000, 0.000000000000000000, 0.000000000000000000 ) ) ;
#1897 = VERTEX_POINT ( 'NONE', #384 ) ;
#1898 = EDGE_CURVE ( 'NONE', #3060, #3312, #1972, .T. ) ;
#1899 = FACE_OUTER_BOUND ( 'NONE', #1408, .T. ) ;
#1900 = DIRECTION ( 'NONE',  ( -0.7071067811865495711, 0.7071067811865454633, 0.000000000000000000 ) ) ;
#1901 = ORIENTED_EDGE ( 'NONE', *, *, #432, .F. ) ;
#1902 = ADVANCED_FACE ( 'NONE', ( #2794 ), #217, .F. ) ;
#1903 = CARTESIAN_POINT ( 'NONE',  ( 12.61182324520111742, -12.03066871794928083, 43.50000000000000711 ) ) ;
#1904 = ADVANCED_FACE ( 'NONE', ( #2852 ), #2631, .T. ) ;
#1905 = VECTOR ( 'NONE', #3256, 1000.000000000000114 ) ;
#1906 = CARTESIAN_POINT ( 'NONE',  ( 5.618812109651263320, -0.5525467422243824922, 9.666402562600083570 ) ) ;
#1907 = AXIS2_PLACEMENT_3D ( 'NONE', #1233, #144, #2565 ) ;
#1908 = ORIENTED_EDGE ( 'NONE', *, *, #11, .T. ) ;
#1909 = DIRECTION ( 'NONE',  ( 1.000000000000000000, 0.000000000000000000, 0.000000000000000000 ) ) ;
#1910 = VECTOR ( 'NONE', #2960, 1000.000000000000000 ) ;
#1911 = CIRCLE ( 'NONE', #1696, 2.000000000000005329 ) ;
#1912 = ORIENTED_EDGE ( 'NONE', *, *, #3278, .F. ) ;
#1913 = CARTESIAN_POINT ( 'NONE',  ( -6.174092907249283613, -0.07921424083242274705, 9.503093085750048630 ) ) ;
#1914 = AXIS2_PLACEMENT_3D ( 'NONE', #1853, #295, #1347 ) ;
#1915 = CARTESIAN_POINT ( 'NONE',  ( -10.58578643762693616, 4.999999999999997335, 9.500000000000000000 ) ) ;
#1916 = DIRECTION ( 'NONE',  ( -1.000000000000000000, 0.000000000000000000, 0.000000000000000000 ) ) ;
#1917 = LINE ( 'NONE', #2716, #1988 ) ;
#1918 = EDGE_LOOP ( 'NONE', ( #969, #451 ) ) ;
#1919 = CARTESIAN_POINT ( 'NONE',  ( -4.000000000000000000, -5.000000000000000000, 32.50000000000000000 ) ) ;
#1920 = CARTESIAN_POINT ( 'NONE',  ( 0.000000000000000000, -5.000000000000000000, 32.50000000000000000 ) ) ;
#1921 = EDGE_CURVE ( 'NONE', #2318, #3395, #1479, .T. ) ;
#1922 = EDGE_CURVE ( 'NONE', #77, #3207, #2211, .T. ) ;
#1923 = VECTOR ( 'NONE', #3226, 1000.000000000000000 ) ;
#1924 = EDGE_CURVE ( 'NONE', #3395, #2737, #3274, .T. ) ;
#1925 = ORIENTED_EDGE ( 'NONE', *, *, #415, .T. ) ;
#1926 = DIRECTION ( 'NONE',  ( 1.000000000000000000, 0.000000000000000000, 0.000000000000000000 ) ) ;
#1927 = ORIENTED_EDGE ( 'NONE', *, *, #2006, .T. ) ;
#1928 = EDGE_CURVE ( 'NONE', #603, #1379, #175, .T. ) ;
#1929 = DIRECTION ( 'NONE',  ( 0.7071067811865462405, 0.7071067811865489050, 0.000000000000000000 ) ) ;
#1930 = ORIENTED_EDGE ( 'NONE', *, *, #3396, .T. ) ;
#1931 = CARTESIAN_POINT ( 'NONE',  ( 20.63066871794915969, -5.611823245201304822, 43.50000000000000711 ) ) ;
#1932 = LINE ( 'NONE', #2763, #2244 ) ;
#1933 = DIRECTION ( 'NONE',  ( 0.000000000000000000, 0.000000000000000000, 1.000000000000000000 ) ) ;
#1934 = CARTESIAN_POINT ( 'NONE',  ( -6.194778588015778631, -0.8208830897402074056, 9.094344819786563505 ) ) ;
#1935 = ORIENTED_EDGE ( 'NONE', *, *, #170, .T. ) ;
#1936 = CIRCLE ( 'NONE', #59, 1.600000000000004086 ) ;
#1937 = CARTESIAN_POINT ( 'NONE',  ( -11.29289321881348229, 4.292893218813451206, 8.999999999999985789 ) ) ;
#1938 = AXIS2_PLACEMENT_3D ( 'NONE', #788, #1298, #1564 ) ;
#1939 = B_SPLINE_SURFACE_WITH_KNOTS ( 'NONE', 1, 3, ( 
 ( #1209, #1109, #2442, #2258, #1982, #3045, #667, #960, #2176, #61, #1732, #3243, #2278, #866, #3061, #2772, #2160, #1749, #3337, #156, #2952, #395, #1455, #847, #3323, #569, #1906, #2809, #429, #2969, #589, #192, #1034, #3119, #448, #1836, #1576, #1015 ),
 ( #2367, #2613, #1001, #3411, #4, #3390, #2599, #1817, #1243, #243, #740, #2070, #2057, #2348, #707, #2630, #2878, #2086, #1526, #1296, #2298, #724, #2828, #3153, #515, #2865, #260, #1264, #229, #1316, #757, #770, #2894, #2018, #3357, #1798, #484, #3080 ) ),
 .UNSPECIFIED., .F., .F., .F.,
 ( 2, 2 ),
 ( 4, 2, 2, 2, 2, 2, 2, 2, 2, 2, 2, 2, 2, 2, 2, 2, 2, 2, 4 ),
 ( 0.000000000000000000, 1.000000000000000000 ),
 ( 0.000000000000000000, 0.0002619183583746146336, 0.0003928775375619219775, 0.0004583571271555756223, 0.0005238367167492292671, 0.0006547958959365366653, 0.0007857550751238439549, 0.0009167142543111512446, 0.0009821938439048048895, 0.001047673433498458534, 0.001178632612685766041, 0.001309591791873073331, 0.001440550971060380620, 0.001506030560654034265, 0.001571510150247687910, 0.001702469329434995200, 0.001833428508622302489, 0.001964387687809609779, 0.002095346866996917069 ),
 .UNSPECIFIED. ) ;
#1940 = CARTESIAN_POINT ( 'NONE',  ( -6.439448305102482450, -0.5605516948975238778, 9.014086779787154668 ) ) ;
#1941 = ORIENTED_EDGE ( 'NONE', *, *, #2714, .F. ) ;
#1942 = VERTEX_POINT ( 'NONE', #366 ) ;
#1943 = CARTESIAN_POINT ( 'NONE',  ( 10.58578643762693616, 4.999999999999997335, 0.5000000000000004441 ) ) ;
#1944 = EDGE_LOOP ( 'NONE', ( #3089, #572 ) ) ;
#1945 = CARTESIAN_POINT ( 'NONE',  ( -5.500000000000027534, -1.000000000000001554, 10.49999999999999822 ) ) ;
#1946 = EDGE_CURVE ( 'NONE', #2606, #2972, #854, .T. ) ;
#1947 = CARTESIAN_POINT ( 'NONE',  ( -6.012764973680070568, -1.253809203176825537, 9.564831562041398172 ) ) ;
#1948 = CARTESIAN_POINT ( 'NONE',  ( -6.000000000000029310, -1.414213562373067168, 9.999999038379574046 ) ) ;
#1949 = ORIENTED_EDGE ( 'NONE', *, *, #1670, .T. ) ;
#1950 = CARTESIAN_POINT ( 'NONE',  ( -20.63066871794915258, -5.611823245201309263, 43.50000000000000711 ) ) ;
#1951 = CARTESIAN_POINT ( 'NONE',  ( 20.49999999999999645, -0.9999999999999952260, 41.00000000000000000 ) ) ;
#1952 = VERTEX_POINT ( 'NONE', #3047 ) ;
#1953 = DIRECTION ( 'NONE',  ( 0.7071067811865475727, 0.000000000000000000, -0.7071067811865475727 ) ) ;
#1954 = ORIENTED_EDGE ( 'NONE', *, *, #693, .F. ) ;
#1955 = CARTESIAN_POINT ( 'NONE',  ( 12.00000000000003197, -1.500000000000000000, 34.50000000000000000 ) ) ;
#1956 = EDGE_LOOP ( 'NONE', ( #1646, #1226, #480, #1055 ) ) ;
#1957 = COLOUR_RGB ( '',0.7921568627450980005, 0.8196078431372548767, 0.9333333333333333481 ) ;
#1958 = ADVANCED_FACE ( 'NONE', ( #944, #894 ), #2280, .T. ) ;
#1959 = VECTOR ( 'NONE', #2015, 1000.000000000000000 ) ;
#1960 = DIRECTION ( 'NONE',  ( -1.000000000000000000, 0.000000000000000000, 0.000000000000000000 ) ) ;
#1961 = AXIS2_PLACEMENT_3D ( 'NONE', #1366, #19, #769 ) ;
#1962 = EDGE_CURVE ( 'NONE', #3393, #3336, #1459, .T. ) ;
#1963 = CARTESIAN_POINT ( 'NONE',  ( -6.001285881838024139, -1.464974918923826808, 10.32462239995285458 ) ) ;
#1964 = LINE ( 'NONE', #88, #1559 ) ;
#1965 = VECTOR ( 'NONE', #922, 1000.000000000000000 ) ;
#1966 = EDGE_LOOP ( 'NONE', ( #1533, #1458, #2314, #1320 ) ) ;
#1967 = FACE_OUTER_BOUND ( 'NONE', #146, .T. ) ;
#1968 = CARTESIAN_POINT ( 'NONE',  ( -6.526338358654368399, -0.4736616413456338770, 9.003640682612367385 ) ) ;
#1969 = VERTEX_POINT ( 'NONE', #1160 ) ;
#1970 = CARTESIAN_POINT ( 'NONE',  ( 6.094501370253427197, -0.9817484592029501744, 9.204456440842056608 ) ) ;
#1971 = EDGE_LOOP ( 'NONE', ( #607, #739, #1148, #2674 ) ) ;
#1972 = LINE ( 'NONE', #1195, #903 ) ;
#1973 = ORIENTED_EDGE ( 'NONE', *, *, #2379, .F. ) ;
#1974 = VECTOR ( 'NONE', #816, 1000.000000000000000 ) ;
#1975 = CARTESIAN_POINT ( 'NONE',  ( 4.000000000000000000, -8.750000000000000000, 38.50000000000000000 ) ) ;
#1976 = CARTESIAN_POINT ( 'NONE',  ( -6.001637233519921288, -1.471403946310075650, 10.45576937574930376 ) ) ;
#1977 = CARTESIAN_POINT ( 'NONE',  ( -6.000000000000025757, 16.41533062502183071, -1.764529000034931183 ) ) ;
#1978 = ORIENTED_EDGE ( 'NONE', *, *, #2644, .F. ) ;
#1979 = DIRECTION ( 'NONE',  ( -0.7071067811865462405, -0.7071067811865489050, 2.775557561562891967E-17 ) ) ;
#1980 = FACE_OUTER_BOUND ( 'NONE', #2491, .T. ) ;
#1981 = VERTEX_POINT ( 'NONE', #2757 ) ;
#1982 = CARTESIAN_POINT ( 'NONE',  ( 5.500651775357091822, -0.9732476592612778754, 10.26839269100922536 ) ) ;
#1983 = DIRECTION ( 'NONE',  ( 1.000000000000000000, 2.168404344971009608E-16, 0.000000000000000000 ) ) ;
#1984 = CARTESIAN_POINT ( 'NONE',  ( 13.00000000000000888, -15.50000000000000000, 43.50000000000000711 ) ) ;
#1985 = CIRCLE ( 'NONE', #2148, 1.000000000000000000 ) ;
#1986 = ORIENTED_EDGE ( 'NONE', *, *, #2081, .T. ) ;
#1987 = CARTESIAN_POINT ( 'NONE',  ( -6.408509859870112457, -0.5914901401298880979, 9.014206221755873827 ) ) ;
#1988 = VECTOR ( 'NONE', #1050, 999.9999999999998863 ) ;
#1989 = CARTESIAN_POINT ( 'NONE',  ( 6.112395742755674988, -0.1203317957500409097, 9.507264893047979726 ) ) ;
#1990 = EDGE_LOOP ( 'NONE', ( #2937, #1569, #3105, #2700, #1000 ) ) ;
#1991 = CARTESIAN_POINT ( 'NONE',  ( -5.504851901430459549, -0.8623022669361637416, 9.993484767492228471 ) ) ;
#1992 = CARTESIAN_POINT ( 'NONE',  ( -13.00000000000000178, -14.00000000000000000, 40.50000000000000000 ) ) ;
#1993 = DIRECTION ( 'NONE',  ( -0.000000000000000000, -0.000000000000000000, -1.000000000000000000 ) ) ;
#1994 = ORIENTED_EDGE ( 'NONE', *, *, #1924, .F. ) ;
#1995 = DIRECTION ( 'NONE',  ( -0.000000000000000000, -0.000000000000000000, 1.000000000000000000 ) ) ;
#1996 = CARTESIAN_POINT ( 'NONE',  ( 5.500000011942885791, -0.9428090471607685208, 10.16666668244562644 ) ) ;
#1997 = VERTEX_POINT ( 'NONE', #2525 ) ;
#1998 = FACE_OUTER_BOUND ( 'NONE', #1141, .T. ) ;
#1999 = ADVANCED_FACE ( 'NONE', ( #157 ), #3062, .F. ) ;
#2000 = CARTESIAN_POINT ( 'NONE',  ( 6.024667475087930768, -1.183133413717311955, 9.438524469555105156 ) ) ;
#2001 = CARTESIAN_POINT ( 'NONE',  ( 6.000000000000031974, -5.000000000000000000, 0.5000000000000004441 ) ) ;
#2002 = ORIENTED_EDGE ( 'NONE', *, *, #1818, .T. ) ;
#2003 = CARTESIAN_POINT ( 'NONE',  ( -13.00000000000000178, -14.00000000000000000, 43.00000000000000000 ) ) ;
#2004 = EDGE_CURVE ( 'NONE', #44, #3211, #2020, .T. ) ;
#2005 = DIRECTION ( 'NONE',  ( 0.000000000000000000, 1.000000000000000000, 0.000000000000000000 ) ) ;
#2006 = EDGE_CURVE ( 'NONE', #1952, #2606, #430, .T. ) ;
#2007 = VERTEX_POINT ( 'NONE', #1440 ) ;
#2008 = CARTESIAN_POINT ( 'NONE',  ( -5.647219872214288117, -0.5091836884655758233, 9.638391925686649486 ) ) ;
#2009 = DIRECTION ( 'NONE',  ( 0.000000000000000000, 0.000000000000000000, 1.000000000000000000 ) ) ;
#2010 = AXIS2_PLACEMENT_3D ( 'NONE', #844, #2120, #2172 ) ;
#2011 = VECTOR ( 'NONE', #1327, 1000.000000000000000 ) ;
#2012 = CARTESIAN_POINT ( 'NONE',  ( 10.93933982822020745, 4.646446609406725159, 9.500000000000000000 ) ) ;
#2013 = ORIENTED_EDGE ( 'NONE', *, *, #2645, .F. ) ;
#2014 = AXIS2_PLACEMENT_3D ( 'NONE', #1756, #179, #2285 ) ;
#2015 = DIRECTION ( 'NONE',  ( -0.000000000000000000, -0.000000000000000000, -1.000000000000000000 ) ) ;
#2016 = CARTESIAN_POINT ( 'NONE',  ( -6.000000000000031086, -1.000000000000001554, 10.49999999999999822 ) ) ;
#2017 = ORIENTED_EDGE ( 'NONE', *, *, #567, .F. ) ;
#2018 = CARTESIAN_POINT ( 'NONE',  ( 6.198373773924962471, -0.8157340291309129743, 9.091244028272992495 ) ) ;
#2019 = EDGE_CURVE ( 'NONE', #2042, #3060, #2738, .T. ) ;
#2020 = LINE ( 'NONE', #108, #362 ) ;
#2021 = DIRECTION ( 'NONE',  ( 0.000000000000000000, 0.000000000000000000, 1.000000000000000000 ) ) ;
#2022 = ADVANCED_FACE ( 'NONE', ( #1703 ), #2544, .T. ) ;
#2023 = ORIENTED_EDGE ( 'NONE', *, *, #2774, .F. ) ;
#2024 = CARTESIAN_POINT ( 'NONE',  ( 6.646446609406728712, -0.3535533905932765619, 8.999999999999985789 ) ) ;
#2025 = ADVANCED_FACE ( 'NONE', ( #1684 ), #1172, .F. ) ;
#2026 = CARTESIAN_POINT ( 'NONE',  ( 13.00000000000000533, -15.50000000000000000, 40.50000000000000000 ) ) ;
#2027 = EDGE_LOOP ( 'NONE', ( #2499, #743, #2471, #2013 ) ) ;
#2028 = DIRECTION ( 'NONE',  ( 1.000000000000000000, 0.000000000000000000, 0.000000000000000000 ) ) ;
#2029 = AXIS2_PLACEMENT_3D ( 'NONE', #1016, #2149, #211 ) ;
#2030 = ADVANCED_FACE ( 'NONE', ( #669 ), #953, .T. ) ;
#2031 = DIRECTION ( 'NONE',  ( 0.5000000000000025535, 0.5000000000000054401, 0.7071067811865420216 ) ) ;
#2032 = AXIS2_PLACEMENT_3D ( 'NONE', #1760, #2569, #1465 ) ;
#2033 = B_SPLINE_CURVE_WITH_KNOTS ( 'NONE', 1,
 ( #3192, #2080 ),
 .UNSPECIFIED., .F., .F.,
 ( 2, 2 ),
 ( 0.000000000000000000, 1.000000000000000000 ),
 .UNSPECIFIED. ) ;
#2034 = DIRECTION ( 'NONE',  ( 0.000000000000000000, 0.000000000000000000, -1.000000000000000000 ) ) ;
#2035 = ORIENTED_EDGE ( 'NONE', *, *, #1397, .F. ) ;
#2036 = CARTESIAN_POINT ( 'NONE',  ( 8.359505539690836429, -5.150565798539695983, 39.27440890032362830 ) ) ;
#2037 = DIRECTION ( 'NONE',  ( -0.000000000000000000, -0.000000000000000000, 1.000000000000000000 ) ) ;
#2038 = ORIENTED_EDGE ( 'NONE', *, *, #2197, .T. ) ;
#2039 = CARTESIAN_POINT ( 'NONE',  ( -10.58578643762693794, 5.999999999999992006, 0.5000000000000004441 ) ) ;
#2040 = FACE_OUTER_BOUND ( 'NONE', #2443, .T. ) ;
#2041 = CARTESIAN_POINT ( 'NONE',  ( -22.49999999999999645, -6.500000000000099476, 43.00000000000000000 ) ) ;
#2042 = VERTEX_POINT ( 'NONE', #2267 ) ;
#2043 = LINE ( 'NONE', #3342, #90 ) ;
#2044 = ORIENTED_EDGE ( 'NONE', *, *, #188, .F. ) ;
#2045 = CIRCLE ( 'NONE', #2712, 1.500000000000001332 ) ;
#2046 = PLANE ( 'NONE',  #2570 ) ;
#2047 = ORIENTED_EDGE ( 'NONE', *, *, #2259, .T. ) ;
#2048 = AXIS2_PLACEMENT_3D ( 'NONE', #2781, #1203, #1711 ) ;
#2049 = CARTESIAN_POINT ( 'NONE',  ( -5.518032430889622475, -0.7880900007570504906, 9.884340936221665430 ) ) ;
#2050 = LINE ( 'NONE', #3054, #810 ) ;
#2051 = DIRECTION ( 'NONE',  ( 1.000000000000000000, 0.000000000000000000, 0.000000000000000000 ) ) ;
#2052 = ORIENTED_EDGE ( 'NONE', *, *, #141, .F. ) ;
#2053 = LINE ( 'NONE', #3096, #1245 ) ;
#2054 = EDGE_CURVE ( 'NONE', #2953, #3312, #3127, .T. ) ;
#2055 = FACE_OUTER_BOUND ( 'NONE', #2027, .T. ) ;
#2056 = ORIENTED_EDGE ( 'NONE', *, *, #1464, .F. ) ;
#2057 = CARTESIAN_POINT ( 'NONE',  ( 6.001906441455321151, -1.350780887480602432, 9.784479600544628397 ) ) ;
#2058 = DIRECTION ( 'NONE',  ( 0.000000000000000000, -1.000000000000000000, -0.000000000000000000 ) ) ;
#2059 = DIRECTION ( 'NONE',  ( 0.7071067811865495711, 0.7071067811865454633, -0.000000000000000000 ) ) ;
#2060 = ORIENTED_EDGE ( 'NONE', *, *, #1623, .F. ) ;
#2061 = CARTESIAN_POINT ( 'NONE',  ( -5.500000000000030198, -5.000000000000001776, 0.5000000000000004441 ) ) ;
#2062 = EDGE_LOOP ( 'NONE', ( #3164, #3002, #2169, #1884 ) ) ;
#2063 = VERTEX_POINT ( 'NONE', #1009 ) ;
#2064 = LINE ( 'NONE', #750, #201 ) ;
#2065 = FACE_OUTER_BOUND ( 'NONE', #319, .T. ) ;
#2066 = ADVANCED_FACE ( 'NONE', ( #1518 ), #2854, .F. ) ;
#2067 = DIRECTION ( 'NONE',  ( 0.4999999999999933942, -0.4999999999999967804, 0.7071067811865544561 ) ) ;
#2068 = DIRECTION ( 'NONE',  ( 0.7071067811865515695, 0.7071067811865435759, 0.000000000000000000 ) ) ;
#2069 = CARTESIAN_POINT ( 'NONE',  ( 1.897353801849625364E-16, -1.500000000000001554, 43.50000000000000711 ) ) ;
#2070 = CARTESIAN_POINT ( 'NONE',  ( 6.001170839824072623, -1.364275731184267926, 9.823118439382618305 ) ) ;
#2071 = CIRCLE ( 'NONE', #1528, 1.600000000000004086 ) ;
#2072 = DIRECTION ( 'NONE',  ( 0.000000000000000000, -0.7071067811865426878, -0.7071067811865524577 ) ) ;
#2073 = DIRECTION ( 'NONE',  ( 1.000000000000000000, 0.000000000000000000, 0.000000000000000000 ) ) ;
#2074 = AXIS2_PLACEMENT_3D ( 'NONE', #3217, #324, #1118 ) ;
#2075 = EDGE_LOOP ( 'NONE', ( #2520, #809 ) ) ;
#2076 = FACE_OUTER_BOUND ( 'NONE', #1875, .T. ) ;
#2077 = ORIENTED_EDGE ( 'NONE', *, *, #2339, .T. ) ;
#2078 = CONICAL_SURFACE ( 'NONE', #3409, 0.4999999999999935052, 0.7853981633974366217 ) ;
#2079 = EDGE_LOOP ( 'NONE', ( #237, #2252, #965 ) ) ;
#2080 = CARTESIAN_POINT ( 'NONE',  ( 6.292893218813485845, -0.7071067811865173747, 9.042262026288652166 ) ) ;
#2081 = EDGE_CURVE ( 'NONE', #2272, #2851, #139, .T. ) ;
#2082 = CARTESIAN_POINT ( 'NONE',  ( 5.506305563097605216, -0.8510968840946798730, 9.974875609564266554 ) ) ;
#2083 = CARTESIAN_POINT ( 'NONE',  ( 6.616874512550455556, -0.3831254874495506058, 8.999996461085965294 ) ) ;
#2084 = LINE ( 'NONE', #2345, #1357 ) ;
#2085 = CARTESIAN_POINT ( 'NONE',  ( -5.519147460519185699, -0.7824046823890465907, 9.876554374698148564 ) ) ;
#2086 = CARTESIAN_POINT ( 'NONE',  ( 6.012863558427540056, -1.254075646393800980, 9.566086720218709871 ) ) ;
#2087 = DIRECTION ( 'NONE',  ( -1.000000000000000000, -1.264902534566415512E-16, 0.000000000000000000 ) ) ;
#2088 = DIRECTION ( 'NONE',  ( 1.000000000000000000, 0.000000000000000000, 0.000000000000000000 ) ) ;
#2089 = CARTESIAN_POINT ( 'NONE',  ( -20.49999999999999645, -3.000000000000000000, 40.50000000000000000 ) ) ;
#2090 = CARTESIAN_POINT ( 'NONE',  ( -13.00000000000000178, -14.00000000000000000, 43.50000000000000711 ) ) ;
#2091 = ORIENTED_EDGE ( 'NONE', *, *, #74, .F. ) ;
#2092 = CARTESIAN_POINT ( 'NONE',  ( -22.50000000000000000, -3.000000000000000000, 43.00000000000000000 ) ) ;
#2093 = ADVANCED_FACE ( 'NONE', ( #1197 ), #220, .T. ) ;
#2094 = ORIENTED_EDGE ( 'NONE', *, *, #1417, .T. ) ;
#2095 = CARTESIAN_POINT ( 'NONE',  ( -5.500000000000038192, 5.000000000000000888, 0.000000000000000000 ) ) ;
#2096 = DIRECTION ( 'NONE',  ( -0.000000000000000000, -0.000000000000000000, 1.000000000000000000 ) ) ;
#2097 = AXIS2_PLACEMENT_3D ( 'NONE', #2572, #1257, #2310 ) ;
#2098 = DIRECTION ( 'NONE',  ( 0.7071067811865405783, -5.491332302994360406E-16, -0.7071067811865545671 ) ) ;
#2099 = CARTESIAN_POINT ( 'NONE',  ( -5.500651623867917728, -0.9732431536846352094, 10.26837365930543733 ) ) ;
#2100 = FACE_OUTER_BOUND ( 'NONE', #610, .T. ) ;
#2101 = DIRECTION ( 'NONE',  ( 0.7071067811865495711, -0.7071067811865454633, 0.000000000000000000 ) ) ;
#2102 = LINE ( 'NONE', #789, #1845 ) ;
#2103 = CARTESIAN_POINT ( 'NONE',  ( -10.58578643762693616, 4.999999999999997335, 9.500000000000000000 ) ) ;
#2104 = ORIENTED_EDGE ( 'NONE', *, *, #3387, .T. ) ;
#2105 = EDGE_CURVE ( 'NONE', #1676, #2508, #3112, .T. ) ;
#2106 = EDGE_CURVE ( 'NONE', #710, #1662, #2064, .T. ) ;
#2107 = DIRECTION ( 'NONE',  ( 0.7071067811865516806, -0.7071067811865434649, 0.000000000000000000 ) ) ;
#2108 = ORIENTED_EDGE ( 'NONE', *, *, #1093, .T. ) ;
#2109 = LINE ( 'NONE', #1287, #253 ) ;
#2110 = ORIENTED_EDGE ( 'NONE', *, *, #2726, .F. ) ;
#2111 = EDGE_CURVE ( 'NONE', #2426, #397, #1272, .T. ) ;
#2112 = CARTESIAN_POINT ( 'NONE',  ( -11.58578643762693261, 4.999999999999997335, 0.5000000000000004441 ) ) ;
#2113 = CARTESIAN_POINT ( 'NONE',  ( 12.00000000000003197, -1.500000000000001332, 40.50000000000000000 ) ) ;
#2114 = CARTESIAN_POINT ( 'NONE',  ( -5.501928822756949167, -0.9935703981319216060, 10.38308159995867719 ) ) ;
#2115 = CARTESIAN_POINT ( 'NONE',  ( -22.00000000000000000, -6.500000000000099476, 43.50000000000000711 ) ) ;
#2116 = EDGE_CURVE ( 'NONE', #885, #3085, #17, .T. ) ;
#2117 = CARTESIAN_POINT ( 'NONE',  ( 6.000000000000001776, -7.000000000000000000, 40.50000000000000000 ) ) ;
#2118 = PRODUCT ( '\X2\5feb62c66cd55170\X0\02', '\X2\5feb62c66cd55170\X0\02', '', ( #52 ) ) ;
#2119 = VECTOR ( 'NONE', #1338, 1000.000000000000000 ) ;
#2120 = DIRECTION ( 'NONE',  ( 0.000000000000000000, 0.000000000000000000, -1.000000000000000000 ) ) ;
#2121 =( BOUNDED_CURVE ( )  B_SPLINE_CURVE ( 3, ( #712, #436, #398, #1498 ),
 .UNSPECIFIED., .F., .T. ) 
 B_SPLINE_CURVE_WITH_KNOTS ( ( 4, 4 ),
 ( 0.5585993153434816172, 1.570796326794897446 ),
 .UNSPECIFIED. ) 
 CURVE ( )  GEOMETRIC_REPRESENTATION_ITEM ( )  RATIONAL_B_SPLINE_CURVE ( ( 1.000000000000000000, 0.9164283208311987394, 0.9164283208311987394, 1.000000000000000000 ) ) 
 REPRESENTATION_ITEM ( '' )  );
#2122 = AXIS2_PLACEMENT_3D ( 'NONE', #1647, #843, #105 ) ;
#2123 = VECTOR ( 'NONE', #1225, 999.9999999999998863 ) ;
#2124 = EDGE_CURVE ( 'NONE', #1892, #2146, #181, .T. ) ;
#2125 = CARTESIAN_POINT ( 'NONE',  ( -4.677812308591982493, -9.786307591606133727, 40.15809214656992054 ) ) ;
#2126 = VERTEX_POINT ( 'NONE', #1090 ) ;
#2127 = AXIS2_PLACEMENT_3D ( 'NONE', #1920, #363, #2980 ) ;
#2128 = CARTESIAN_POINT ( 'NONE',  ( 11.29289321881348052, 4.292893218813452094, 0.5000000000000004441 ) ) ;
#2129 = EDGE_LOOP ( 'NONE', ( #763, #534, #427, #2405, #2657, #310, #2227, #3371, #2002, #2668, #1701 ) ) ;
#2130 = CARTESIAN_POINT ( 'NONE',  ( -6.000000000000030198, -5.000000000000001776, 38.50000000000000000 ) ) ;
#2131 = ORIENTED_EDGE ( 'NONE', *, *, #485, .F. ) ;
#2132 = CARTESIAN_POINT ( 'NONE',  ( 6.000000000000031974, -5.000000000000000000, 32.50000000000000000 ) ) ;
#2133 = DIRECTION ( 'NONE',  ( -1.000000000000000000, -1.445602896647331768E-16, 0.000000000000000000 ) ) ;
#2134 = CARTESIAN_POINT ( 'NONE',  ( -12.61182324520111386, -12.03066871794928439, 0.000000000000000000 ) ) ;
#2135 = EDGE_LOOP ( 'NONE', ( #314, #3283, #132 ) ) ;
#2136 = AXIS2_PLACEMENT_3D ( 'NONE', #3327, #692, #1893 ) ;
#2137 = DIRECTION ( 'NONE',  ( 0.000000000000000000, 0.000000000000000000, -1.000000000000000000 ) ) ;
#2138 = VECTOR ( 'NONE', #1045, 1000.000000000000000 ) ;
#2139 = FACE_OUTER_BOUND ( 'NONE', #850, .T. ) ;
#2140 = VERTEX_POINT ( 'NONE', #2128 ) ;
#2141 = CARTESIAN_POINT ( 'NONE',  ( 17.43066871794914974, -5.611823245201304822, 0.000000000000000000 ) ) ;
#2142 = ORIENTED_EDGE ( 'NONE', *, *, #1201, .T. ) ;
#2143 = CARTESIAN_POINT ( 'NONE',  ( 21.34179320725388962, 10.84179320725391094, 7.153130868393740904 ) ) ;
#2144 = VERTEX_POINT ( 'NONE', #1587 ) ;
#2145 = DIRECTION ( 'NONE',  ( -0.000000000000000000, -0.000000000000000000, 1.000000000000000000 ) ) ;
#2146 = VERTEX_POINT ( 'NONE', #1859 ) ;
#2147 = FACE_BOUND ( 'NONE', #780, .T. ) ;
#2148 = AXIS2_PLACEMENT_3D ( 'NONE', #2632, #1318, #564 ) ;
#2149 = DIRECTION ( 'NONE',  ( 0.4999999999999972244, -0.5000000000000028866, -0.7071067811865475727 ) ) ;
#2150 = DIRECTION ( 'NONE',  ( 0.000000000000000000, 0.000000000000000000, 1.000000000000000000 ) ) ;
#2151 = CARTESIAN_POINT ( 'NONE',  ( -5.502862138774996303, -0.8793336658429367070, 10.02289962932722922 ) ) ;
#2153 = LINE ( 'NONE', #1083, #2402 ) ;
#2152 = CIRCLE ( 'NONE', #66, 0.9999999999999956701 ) ;
#2154 = EDGE_LOOP ( 'NONE', ( #1402, #1124, #2557 ) ) ;
#2155 = ADVANCED_FACE ( 'NONE', ( #2621 ), #63, .T. ) ;
#2156 = CARTESIAN_POINT ( 'NONE',  ( -5.500000000000030198, -5.000000000000001776, 32.50000000000000000 ) ) ;
#2157 = CARTESIAN_POINT ( 'NONE',  ( 10.58578643762693794, 5.999999999999992006, 9.500000000000000000 ) ) ;
#2158 = ORIENTED_EDGE ( 'NONE', *, *, #992, .T. ) ;
#2159 = PLANE ( 'NONE',  #1437 ) ;
#2160 = CARTESIAN_POINT ( 'NONE',  ( 5.515182367998275659, -0.8006023994073324657, 9.900624833241959522 ) ) ;
#2161 = ORIENTED_EDGE ( 'NONE', *, *, #782, .F. ) ;
#2162 = CARTESIAN_POINT ( 'NONE',  ( -10.58578643762693616, 4.999999999999997335, 9.500000000000000000 ) ) ;
#2163 = ORIENTED_EDGE ( 'NONE', *, *, #3040, .F. ) ;
#2164 = LINE ( 'NONE', #340, #1923 ) ;
#2165 = DIRECTION ( 'NONE',  ( 0.000000000000000000, 0.000000000000000000, 1.000000000000000000 ) ) ;
#2166 = EDGE_CURVE ( 'NONE', #2191, #1095, #286, .T. ) ;
#2167 = LINE ( 'NONE', #597, #1804 ) ;
#2168 = DIRECTION ( 'NONE',  ( 0.000000000000000000, 0.000000000000000000, -1.000000000000000000 ) ) ;
#2169 = ORIENTED_EDGE ( 'NONE', *, *, #874, .F. ) ;
#2170 = ADVANCED_FACE ( 'NONE', ( #1070 ), #831, .T. ) ;
#2171 = CARTESIAN_POINT ( 'NONE',  ( -5.939339828220217221, -0.3535533905932483068, 0.000000000000000000 ) ) ;
#2172 = DIRECTION ( 'NONE',  ( 1.000000000000000000, 0.000000000000000000, 0.000000000000000000 ) ) ;
#2173 = ORIENTED_EDGE ( 'NONE', *, *, #1443, .T. ) ;
#2174 = EDGE_CURVE ( 'NONE', #1517, #3393, #2033, .T. ) ;
#2175 = ORIENTED_EDGE ( 'NONE', *, *, #3241, .F. ) ;
#2176 = CARTESIAN_POINT ( 'NONE',  ( 5.499982026054236250, -0.9440990830464199846, 10.17000804773170408 ) ) ;
#2177 = AXIS2_PLACEMENT_3D ( 'NONE', #2162, #2445, #97 ) ;
#2178 = EDGE_LOOP ( 'NONE', ( #2638, #381, #2421, #24 ) ) ;
#2179 = CARTESIAN_POINT ( 'NONE',  ( 14.21182324520112239, -12.03066871794928083, 43.50000000000000711 ) ) ;
#2180 = VECTOR ( 'NONE', #1383, 1000.000000000000000 ) ;
#2181 = ORIENTED_EDGE ( 'NONE', *, *, #2884, .F. ) ;
#2182 = DIRECTION ( 'NONE',  ( 0.4999999999999965028, -0.4999999999999965028, 0.7071067811865525687 ) ) ;
#2183 = MANIFOLD_SOLID_BREP ( 'µ¹½Ç2', #184 ) ;
#2184 = CARTESIAN_POINT ( 'NONE',  ( 19.03066871794915471, -5.611823245201304822, 0.000000000000000000 ) ) ;
#2185 = CARTESIAN_POINT ( 'NONE',  ( -6.001908092517032500, -1.350738186629383053, 9.784349443979005301 ) ) ;
#2186 = DIRECTION ( 'NONE',  ( 0.000000000000000000, -1.000000000000000000, 0.000000000000000000 ) ) ;
#2187 = B_SPLINE_CURVE_WITH_KNOTS ( 'NONE', 3,
 ( #945, #431, #2545, #3340, #709, #2830, #450, #1513, #2561, #194, #1247, #3359, #1596, #2947 ),
 .UNSPECIFIED., .F., .F.,
 ( 4, 2, 2, 2, 2, 2, 4 ),
 ( 8.673617379884035472E-19, 0.0006870946194912470016, 0.001374189238982493136, 0.002748378477964996680, 0.004122567716947500224, 0.004809662336438750262, 0.005496756955930002034 ),
 .UNSPECIFIED. ) ;
#2188 = EDGE_LOOP ( 'NONE', ( #1854, #2486, #974 ) ) ;
#2189 = LINE ( 'NONE', #1919, #1582 ) ;
#2190 = CARTESIAN_POINT ( 'NONE',  ( -6.292893218813484957, -0.7071067811865181518, 0.5000000000000005551 ) ) ;
#2191 = VERTEX_POINT ( 'NONE', #13 ) ;
#2192 = AXIS2_PLACEMENT_3D ( 'NONE', #1992, #3297, #2269 ) ;
#2193 = VECTOR ( 'NONE', #1636, 1000.000000000000000 ) ;
#2194 = EDGE_LOOP ( 'NONE', ( #1181, #616, #941, #745 ) ) ;
#2195 = EDGE_LOOP ( 'NONE', ( #1447, #1686, #1763, #2983 ) ) ;
#2196 = CARTESIAN_POINT ( 'NONE',  ( -22.00000000000000000, -3.000000000000000000, 40.50000000000000000 ) ) ;
#2197 = EDGE_CURVE ( 'NONE', #680, #563, #2109, .T. ) ;
#2198 = VERTEX_POINT ( 'NONE', #1354 ) ;
#2199 = PLANE ( 'NONE',  #372 ) ;
#2200 = VECTOR ( 'NONE', #2903, 1000.000000000000000 ) ;
#2201 = CARTESIAN_POINT ( 'NONE',  ( -14.06066017177981742, -15.06066017177982808, 40.50000000000000000 ) ) ;
#2202 = EDGE_CURVE ( 'NONE', #3312, #1797, #1324, .T. ) ;
#2203 = CYLINDRICAL_SURFACE ( 'NONE', #3074, 2.049999999999999822 ) ;
#2204 = FACE_OUTER_BOUND ( 'NONE', #2864, .T. ) ;
#2205 = ORIENTED_EDGE ( 'NONE', *, *, #2777, .F. ) ;
#2206 = CIRCLE ( 'NONE', #716, 1.499999999999993561 ) ;
#2207 = CARTESIAN_POINT ( 'NONE',  ( 12.61182324520111742, -12.03066871794928083, 40.50000000000000000 ) ) ;
#2208 = CIRCLE ( 'NONE', #1611, 2.000000000000000000 ) ;
#2209 = CARTESIAN_POINT ( 'NONE',  ( 14.06066017177982097, -15.06066017177982452, 43.50000000000000711 ) ) ;
#2210 = VERTEX_POINT ( 'NONE', #2905 ) ;
#2211 = LINE ( 'NONE', #3287, #1248 ) ;
#2212 = ADVANCED_FACE ( 'NONE', ( #2639 ), #781, .T. ) ;
#2213 = ORIENTED_EDGE ( 'NONE', *, *, #1674, .T. ) ;
#2214 = EDGE_CURVE ( 'NONE', #563, #1377, #1026, .T. ) ;
#2215 = ADVANCED_FACE ( 'NONE', ( #2375 ), #2359, .F. ) ;
#2216 = PLANE ( 'NONE',  #3255 ) ;
#2217 = ORIENTED_EDGE ( 'NONE', *, *, #2271, .F. ) ;
#2218 = ADVANCED_FACE ( 'NONE', ( #1998 ), #1652, .F. ) ;
#2219 = DIRECTION ( 'NONE',  ( 1.000000000000000000, 1.445602896647331768E-16, -0.000000000000000000 ) ) ;
#2220 = LINE ( 'NONE', #1433, #2180 ) ;
#2221 = FACE_OUTER_BOUND ( 'NONE', #2791, .T. ) ;
#2222 = EDGE_LOOP ( 'NONE', ( #1144, #213, #2297 ) ) ;
#2223 = CARTESIAN_POINT ( 'NONE',  ( -22.50000000000000000, -3.000000000000000000, 40.50000000000000000 ) ) ;
#2224 = CARTESIAN_POINT ( 'NONE',  ( 5.500000000000033751, -5.000000000000000000, 0.5000000000000004441 ) ) ;
#2225 = ORIENTED_EDGE ( 'NONE', *, *, #567, .T. ) ;
#2226 = DIRECTION ( 'NONE',  ( 1.000000000000000000, 0.000000000000000000, -0.000000000000000000 ) ) ;
#2227 = ORIENTED_EDGE ( 'NONE', *, *, #2564, .T. ) ;
#2228 = CARTESIAN_POINT ( 'NONE',  ( 10.58578643762693794, 5.500000000000000888, 0.000000000000000000 ) ) ;
#2229 = ORIENTED_EDGE ( 'NONE', *, *, #2307, .T. ) ;
#2230 = AXIS2_PLACEMENT_3D ( 'NONE', #3324, #911, #1191 ) ;
#2231 = AXIS2_PLACEMENT_3D ( 'NONE', #2238, #921, #1523 ) ;
#2232 = CARTESIAN_POINT ( 'NONE',  ( -6.000000000000000000, -9.999999999999998224, 40.50000000000000000 ) ) ;
#2233 = AXIS2_PLACEMENT_3D ( 'NONE', #2003, #1114, #413 ) ;
#2234 = LINE ( 'NONE', #3299, #1135 ) ;
#2235 = DIRECTION ( 'NONE',  ( 0.000000000000000000, 0.000000000000000000, 1.000000000000000000 ) ) ;
#2236 = VECTOR ( 'NONE', #1886, 1000.000000000000000 ) ;
#2237 = ORIENTED_EDGE ( 'NONE', *, *, #546, .T. ) ;
#2238 = CARTESIAN_POINT ( 'NONE',  ( -12.00000000000003020, -1.000000000000002220, 34.50000000000000000 ) ) ;
#2239 = CARTESIAN_POINT ( 'NONE',  ( -4.000000000000000000, -5.000000000000000888, 38.50000000000000000 ) ) ;
#2240 = ORIENTED_EDGE ( 'NONE', *, *, #3343, .F. ) ;
#2241 = DIRECTION ( 'NONE',  ( 0.4999999999999966693, 0.5000000000000025535, -0.7071067811865482389 ) ) ;
#2242 = DIRECTION ( 'NONE',  ( -0.7071067811865516806, 0.7071067811865434649, 0.000000000000000000 ) ) ;
#2243 = ORIENTED_EDGE ( 'NONE', *, *, #2777, .T. ) ;
#2244 = VECTOR ( 'NONE', #342, 1000.000000000000000 ) ;
#2245 = DIRECTION ( 'NONE',  ( 1.000000000000000000, 1.445602896647331768E-16, -2.312964634635731124E-16 ) ) ;
#2246 = EDGE_LOOP ( 'NONE', ( #424, #2778, #996, #2965 ) ) ;
#2247 = CARTESIAN_POINT ( 'NONE',  ( 10.58578643762693616, 4.999999999999997335, 9.500000000000000000 ) ) ;
#2248 = LINE ( 'NONE', #1486, #649 ) ;
#2249 = EDGE_CURVE ( 'NONE', #55, #2786, #2707, .T. ) ;
#2250 = DIRECTION ( 'NONE',  ( 0.000000000000000000, 1.000000000000000000, 0.000000000000000000 ) ) ;
#2251 = CARTESIAN_POINT ( 'NONE',  ( -6.067876077157396963, -1.050086720215986258, 9.275078500677338411 ) ) ;
#2252 = ORIENTED_EDGE ( 'NONE', *, *, #2214, .T. ) ;
#2253 = B_SPLINE_CURVE_WITH_KNOTS ( 'NONE', 3,
 ( #2400, #2899, #518, #42, #1940, #1968, #2256, #908 ),
 .UNSPECIFIED., .F., .F.,
 ( 4, 2, 2, 4 ),
 ( 0.000000000000000000, 0.2499999999999990563, 0.4999999999999981126, 1.000000000000000000 ),
 .UNSPECIFIED. ) ;
#2254 = PLANE ( 'NONE',  #2346 ) ;
#2255 = EDGE_CURVE ( 'NONE', #2277, #1020, #79, .T. ) ;
#2256 = CARTESIAN_POINT ( 'NONE',  ( -6.586214582716089616, -0.4137854172839146027, 8.999992791990191421 ) ) ;
#2257 = ORIENTED_EDGE ( 'NONE', *, *, #2582, .F. ) ;
#2258 = CARTESIAN_POINT ( 'NONE',  ( 5.500995483979522760, -0.9795797158962055162, 10.29684675722676523 ) ) ;
#2259 = EDGE_CURVE ( 'NONE', #349, #3207, #2787, .T. ) ;
#2260 = CARTESIAN_POINT ( 'NONE',  ( 6.001210095508941578, -1.343821356855626759, 9.755101372576781671 ) ) ;
#2261 = CARTESIAN_POINT ( 'NONE',  ( 20.49999999999999645, -1.499999999999993561, 40.50000000000000000 ) ) ;
#2262 = CIRCLE ( 'NONE', #2935, 1.600000000000004086 ) ;
#2263 = ORIENTED_EDGE ( 'NONE', *, *, #1771, .T. ) ;
#2264 = CARTESIAN_POINT ( 'NONE',  ( -6.133192708266724580, -0.1064699885536301849, 9.505672123068459101 ) ) ;
#2265 = LINE ( 'NONE', #416, #2349 ) ;
#2266 = ORIENTED_EDGE ( 'NONE', *, *, #1658, .F. ) ;
#2267 = CARTESIAN_POINT ( 'NONE',  ( -6.000000000000030198, -4.500000000000001776, 31.70000000000000639 ) ) ;
#2268 = EDGE_CURVE ( 'NONE', #3419, #1724, #653, .T. ) ;
#2269 = DIRECTION ( 'NONE',  ( 1.000000000000000000, 0.000000000000000000, 0.000000000000000000 ) ) ;
#2270 = LINE ( 'NONE', #2537, #1162 ) ;
#2271 = EDGE_CURVE ( 'NONE', #1554, #1600, #173, .T. ) ;
#2272 = VERTEX_POINT ( 'NONE', #2692 ) ;
#2273 = EDGE_CURVE ( 'NONE', #2724, #705, #137, .T. ) ;
#2274 = FACE_OUTER_BOUND ( 'NONE', #2135, .T. ) ;
#2275 = ADVANCED_FACE ( 'NONE', ( #1189 ), #3028, .F. ) ;
#2276 = LINE ( 'NONE', #208, #3187 ) ;
#2277 = VERTEX_POINT ( 'NONE', #1634 ) ;
#2278 = CARTESIAN_POINT ( 'NONE',  ( 5.502859662182392420, -0.8793763666944360846, 10.02298640037146882 ) ) ;
#2279 = VECTOR ( 'NONE', #3415, 1000.000000000000000 ) ;
#2280 = PLANE ( 'NONE',  #3070 ) ;
#2281 = DIRECTION ( 'NONE',  ( 0.000000000000000000, 0.000000000000000000, 1.000000000000000000 ) ) ;
#2282 = VERTEX_POINT ( 'NONE', #924 ) ;
#2283 = ADVANCED_FACE ( 'NONE', ( #3307 ), #1939, .T. ) ;
#2284 = DIRECTION ( 'NONE',  ( 0.000000000000000000, 0.000000000000000000, -1.000000000000000000 ) ) ;
#2285 = DIRECTION ( 'NONE',  ( 1.000000000000000000, 0.000000000000000000, 0.000000000000000000 ) ) ;
#2286 = ORIENTED_EDGE ( 'NONE', *, *, #3361, .T. ) ;
#2287 = DIRECTION ( 'NONE',  ( -0.4999999999999980016, 0.5000000000000016653, 0.7071067811865477948 ) ) ;
#2288 = LINE ( 'NONE', #2855, #3200 ) ;
#2289 = VECTOR ( 'NONE', #2386, 1000.000000000000000 ) ;
#2290 = AXIS2_PLACEMENT_3D ( 'NONE', #2521, #445, #1206 ) ;
#2291 = DIRECTION ( 'NONE',  ( -0.000000000000000000, 0.000000000000000000, 1.000000000000000000 ) ) ;
#2292 = ORIENTED_EDGE ( 'NONE', *, *, #782, .T. ) ;
#2293 = VECTOR ( 'NONE', #640, 1000.000000000000000 ) ;
#2294 = CARTESIAN_POINT ( 'NONE',  ( -20.49999999999999645, -1.500000000000004219, 43.50000000000000711 ) ) ;
#2295 = VECTOR ( 'NONE', #190, 999.9999999999998863 ) ;
#2296 = LINE ( 'NONE', #3355, #1638 ) ;
#2297 = ORIENTED_EDGE ( 'NONE', *, *, #1111, .T. ) ;
#2298 = CARTESIAN_POINT ( 'NONE',  ( 6.023653016443391905, -1.196996452318421555, 9.466919237745482718 ) ) ;
#2299 = LINE ( 'NONE', #3121, #1705 ) ;
#2300 = LINE ( 'NONE', #2335, #1049 ) ;
#2301 = ORIENTED_EDGE ( 'NONE', *, *, #792, .T. ) ;
#2302 = DIRECTION ( 'NONE',  ( -1.000000000000000000, 0.000000000000000000, 0.000000000000000000 ) ) ;
#2303 = DIRECTION ( 'NONE',  ( 1.000000000000000000, 0.000000000000000000, 0.000000000000000000 ) ) ;
#2304 = ORIENTED_EDGE ( 'NONE', *, *, #2586, .T. ) ;
#2305 = CARTESIAN_POINT ( 'NONE',  ( -5.892800300967748761, -0.2667294096390683267, 9.535699873227327927 ) ) ;
#2306 = AXIS2_PLACEMENT_3D ( 'NONE', #596, #1792, #3092 ) ;
#2307 = EDGE_CURVE ( 'NONE', #2721, #370, #1767, .T. ) ;
#2308 = FACE_BOUND ( 'NONE', #2987, .T. ) ;
#2309 = CIRCLE ( 'NONE', #1091, 1.500000000000004885 ) ;
#2310 = DIRECTION ( 'NONE',  ( 0.000000000000000000, 0.000000000000000000, -1.000000000000000000 ) ) ;
#2311 = ORIENTED_EDGE ( 'NONE', *, *, #3195, .T. ) ;
#2312 = DIRECTION ( 'NONE',  ( -0.4999999999999925615, -0.4999999999999950595, -0.7071067811865563435 ) ) ;
#2313 = DIRECTION ( 'NONE',  ( 8.944211597319634401E-17, -0.7071067811865472397, -0.7071067811865477948 ) ) ;
#2314 = ORIENTED_EDGE ( 'NONE', *, *, #3338, .F. ) ;
#2315 = DIRECTION ( 'NONE',  ( -0.7071067811865405783, -0.7071067811865544561, 0.000000000000000000 ) ) ;
#2316 = DIRECTION ( 'NONE',  ( 2.168404344971008868E-16, 1.000000000000000000, -0.000000000000000000 ) ) ;
#2317 = FACE_OUTER_BOUND ( 'NONE', #1110, .T. ) ;
#2318 = VERTEX_POINT ( 'NONE', #2333 ) ;
#2319 = CARTESIAN_POINT ( 'NONE',  ( 6.528595479208968655, -0.2357022603955202800, 9.166666666666657193 ) ) ;
#2320 = VERTEX_POINT ( 'NONE', #1547 ) ;
#2321 = AXIS2_PLACEMENT_3D ( 'NONE', #1331, #2680, #759 ) ;
#2322 = EDGE_CURVE ( 'NONE', #603, #1897, #1562, .T. ) ;
#2323 = ORIENTED_EDGE ( 'NONE', *, *, #377, .T. ) ;
#2324 = AXIS2_PLACEMENT_3D ( 'NONE', #511, #3333, #2051 ) ;
#2325 = CARTESIAN_POINT ( 'NONE',  ( 5.500000000000029310, -1.000000000000000000, -12.64911064067357671 ) ) ;
#2326 = EDGE_CURVE ( 'NONE', #882, #643, #1280, .T. ) ;
#2327 = CARTESIAN_POINT ( 'NONE',  ( 5.501013899823866460, -0.9057178007339630188, 10.07590024594243694 ) ) ;
#2328 = EDGE_CURVE ( 'NONE', #2426, #2970, #3100, .T. ) ;
#2329 = FACE_OUTER_BOUND ( 'NONE', #270, .T. ) ;
#2330 = DIRECTION ( 'NONE',  ( -0.000000000000000000, -0.000000000000000000, -1.000000000000000000 ) ) ;
#2331 = CARTESIAN_POINT ( 'NONE',  ( -13.00000000000000355, -7.000000000000002665, 40.50000000000000000 ) ) ;
#2332 = VERTEX_POINT ( 'NONE', #462 ) ;
#2333 = CARTESIAN_POINT ( 'NONE',  ( 13.00000000000000533, -15.49999999999999645, 40.50000000000000000 ) ) ;
#2334 = CARTESIAN_POINT ( 'NONE',  ( 10.58578643762693794, 5.999999999999993783, 0.5000000000000004441 ) ) ;
#2335 = CARTESIAN_POINT ( 'NONE',  ( -14.21182324520111884, -12.03066871794928439, 0.000000000000000000 ) ) ;
#2336 = ORIENTED_EDGE ( 'NONE', *, *, #1898, .T. ) ;
#2337 = DIRECTION ( 'NONE',  ( 0.7071067811865495711, -0.7071067811865454633, 0.000000000000000000 ) ) ;
#2338 = ORIENTED_EDGE ( 'NONE', *, *, #485, .T. ) ;
#2339 = EDGE_CURVE ( 'NONE', #1334, #2332, #2581, .T. ) ;
#2340 = EDGE_CURVE ( 'NONE', #2585, #2007, #3376, .T. ) ;
#2341 = ORIENTED_EDGE ( 'NONE', *, *, #1555, .F. ) ;
#2342 = DIRECTION ( 'NONE',  ( 0.4682929057908456483, 0.4682929057908473136, -0.7492686492653558572 ) ) ;
#2343 = LINE ( 'NONE', #2130, #2138 ) ;
#2344 = CARTESIAN_POINT ( 'NONE',  ( 12.00000000000003197, -0.9999999999999993339, 34.50000000000000000 ) ) ;
#2345 = CARTESIAN_POINT ( 'NONE',  ( 21.99999999999999289, 4.361590453884417695E-14, 43.50000000000000711 ) ) ;
#2346 = AXIS2_PLACEMENT_3D ( 'NONE', #3354, #152, #134 ) ;
#2347 = CARTESIAN_POINT ( 'NONE',  ( -20.49999999999998934, -6.500000000000099476, 43.50000000000000711 ) ) ;
#2348 = CARTESIAN_POINT ( 'NONE',  ( 6.004191154873777414, -1.321591103946723855, 9.709075244238697167 ) ) ;
#2349 = VECTOR ( 'NONE', #2507, 1000.000000000000000 ) ;
#2350 = DIRECTION ( 'NONE',  ( 0.000000000000000000, 0.000000000000000000, 1.000000000000000000 ) ) ;
#2351 = FACE_OUTER_BOUND ( 'NONE', #2222, .T. ) ;
#2352 = CONICAL_SURFACE ( 'NONE', #2633, 1.499999999999996225, 0.7853981633974491672 ) ;
#2353 = CARTESIAN_POINT ( 'NONE',  ( 6.000000000000007105, -5.800572887934596269E-16, 9.500000000000000000 ) ) ;
#2354 = CARTESIAN_POINT ( 'NONE',  ( -20.49999999999999645, -1.499999999999998668, 40.50000000000000000 ) ) ;
#2355 = ORIENTED_EDGE ( 'NONE', *, *, #539, .T. ) ;
#2356 = VECTOR ( 'NONE', #1438, 1000.000000000000000 ) ;
#2357 = CARTESIAN_POINT ( 'NONE',  ( -12.00000000000003020, -1.000000000000002220, 34.50000000000000000 ) ) ;
#2358 = EDGE_LOOP ( 'NONE', ( #983, #2918 ) ) ;
#2359 = CYLINDRICAL_SURFACE ( 'NONE', #1473, 1.600000000000004086 ) ;
#2360 = DIRECTION ( 'NONE',  ( -0.7071067811865489050, 0.7071067811865462405, 0.000000000000000000 ) ) ;
#2361 = DIRECTION ( 'NONE',  ( 0.4999999999999976685, -0.5000000000000026645, 0.7071067811865472397 ) ) ;
#2362 = VECTOR ( 'NONE', #733, 1000.000000000000000 ) ;
#2363 = DIRECTION ( 'NONE',  ( -0.000000000000000000, -0.000000000000000000, 1.000000000000000000 ) ) ;
#2364 = ADVANCED_FACE ( 'NONE', ( #3185 ), #1745, .F. ) ;
#2365 = EDGE_CURVE ( 'NONE', #3382, #2766, #2415, .T. ) ;
#2366 = CARTESIAN_POINT ( 'NONE',  ( -5.879387117526923667, -0.2774646967573878853, 9.538994732409124211 ) ) ;
#2367 = CARTESIAN_POINT ( 'NONE',  ( 6.001636742325134222, -1.471404520791031789, 10.50000000000000000 ) ) ;
#2368 = FACE_OUTER_BOUND ( 'NONE', #630, .T. ) ;
#2369 = ORIENTED_EDGE ( 'NONE', *, *, #3151, .F. ) ;
#2370 = DIRECTION ( 'NONE',  ( 0.000000000000000000, 0.000000000000000000, -1.000000000000000000 ) ) ;
#2371 = ORIENTED_EDGE ( 'NONE', *, *, #3091, .T. ) ;
#2372 = PRODUCT_DEFINITION ( 'æœ', '', #199, #608 ) ;
#2373 = CARTESIAN_POINT ( 'NONE',  ( -21.91421356237307805, -7.914213562373201505, 40.50000000000000000 ) ) ;
#2374 = ORIENTED_EDGE ( 'NONE', *, *, #1699, .T. ) ;
#2375 = FACE_OUTER_BOUND ( 'NONE', #556, .T. ) ;
#2376 = EDGE_LOOP ( 'NONE', ( #2047, #1545, #3273, #2722 ) ) ;
#2377 = CARTESIAN_POINT ( 'NONE',  ( 6.000000000000031086, -1.000000000000000000, -12.64911064067357671 ) ) ;
#2378 = AXIS2_PLACEMENT_3D ( 'NONE', #1577, #5, #772 ) ;
#2379 = EDGE_CURVE ( 'NONE', #2198, #2786, #1330, .T. ) ;
#2380 = CARTESIAN_POINT ( 'NONE',  ( -5.619175670346946205, -0.5514213414292993276, 9.665312784981317407 ) ) ;
#2381 = DIRECTION ( 'NONE',  ( 0.000000000000000000, 0.000000000000000000, 1.000000000000000000 ) ) ;
#2382 = ADVANCED_FACE ( 'NONE', ( #1850 ), #1076, .F. ) ;
#2383 = EDGE_CURVE ( 'NONE', #1216, #3223, #293, .T. ) ;
#2384 = CARTESIAN_POINT ( 'NONE',  ( -13.00000000000000178, -14.00000000000000000, 41.00000000000000000 ) ) ;
#2385 = ORIENTED_EDGE ( 'NONE', *, *, #218, .T. ) ;
#2386 = DIRECTION ( 'NONE',  ( -0.000000000000000000, -0.000000000000000000, -1.000000000000000000 ) ) ;
#2387 = EDGE_LOOP ( 'NONE', ( #1023, #3144, #3364, #2547, #3389 ) ) ;
#2388 = DIRECTION ( 'NONE',  ( 0.000000000000000000, 0.000000000000000000, 1.000000000000000000 ) ) ;
#2389 = ORIENTED_EDGE ( 'NONE', *, *, #1317, .T. ) ;
#2390 = CARTESIAN_POINT ( 'NONE',  ( 6.527474614153665478, -0.4725253858463349110, 8.999985762536065081 ) ) ;
#2391 = ORIENTED_EDGE ( 'NONE', *, *, #2644, .T. ) ;
#2392 = DIRECTION ( 'NONE',  ( -0.000000000000000000, 0.000000000000000000, 1.000000000000000000 ) ) ;
#2393 = ORIENTED_EDGE ( 'NONE', *, *, #986, .T. ) ;
#2394 = DIRECTION ( 'NONE',  ( -0.7071067811865391350, -0.7071067811865560104, -0.000000000000000000 ) ) ;
#2395 = LINE ( 'NONE', #1592, #2860 ) ;
#2396 = DIRECTION ( 'NONE',  ( 0.000000000000000000, 1.000000000000000000, 0.000000000000000000 ) ) ;
#2397 = EDGE_LOOP ( 'NONE', ( #473, #2998, #3244, #2827 ) ) ;
#2398 = DIRECTION ( 'NONE',  ( -0.7071067811865454633, 0.7071067811865495711, 0.000000000000000000 ) ) ;
#2399 = PRESENTATION_LAYER_ASSIGNMENT (  '', '', ( #3234 ) ) ;
#2400 = CARTESIAN_POINT ( 'NONE',  ( -6.292893218813484957, -0.7071067811865181518, 9.042262026288650389 ) ) ;
#2401 = ORIENTED_EDGE ( 'NONE', *, *, #435, .T. ) ;
#2402 = VECTOR ( 'NONE', #20, 1000.000000000000114 ) ;
#2403 = AXIS2_PLACEMENT_3D ( 'NONE', #306, #275, #323 ) ;
#2404 = DIRECTION ( 'NONE',  ( 0.000000000000000000, 0.000000000000000000, 1.000000000000000000 ) ) ;
#2405 = ORIENTED_EDGE ( 'NONE', *, *, #3343, .T. ) ;
#2406 = VECTOR ( 'NONE', #2785, 999.9999999999998863 ) ;
#2407 = CARTESIAN_POINT ( 'NONE',  ( 6.646446609406728712, -0.3535533905932766174, 8.999999999999984013 ) ) ;
#2408 = ORIENTED_EDGE ( 'NONE', *, *, #277, .T. ) ;
#2409 = CARTESIAN_POINT ( 'NONE',  ( 5.559493009374349981, -0.6634074471441540055, 9.751411643807715635 ) ) ;
#2410 = ORIENTED_EDGE ( 'NONE', *, *, #3154, .T. ) ;
#2411 = CARTESIAN_POINT ( 'NONE',  ( -5.990716777203004106, -0.2014499669209496857, 9.519867282785670071 ) ) ;
#2412 = EDGE_CURVE ( 'NONE', #1188, #1442, #3169, .T. ) ;
#2413 = CARTESIAN_POINT ( 'NONE',  ( -10.58578643762693616, 4.999999999999997335, 9.500000000000000000 ) ) ;
#2414 = CARTESIAN_POINT ( 'NONE',  ( -5.728508217051452966, -0.4115700329472206653, 9.588248522267633689 ) ) ;
#2415 = LINE ( 'NONE', #2115, #1024 ) ;
#2416 = ORIENTED_EDGE ( 'NONE', *, *, #126, .F. ) ;
#2417 = VECTOR ( 'NONE', #1692, 1000.000000000000114 ) ;
#2418 = CARTESIAN_POINT ( 'NONE',  ( -20.49999999999999645, -3.000000000000000000, 40.50000000000000000 ) ) ;
#2419 = VECTOR ( 'NONE', #3264, 1000.000000000000114 ) ;
#2420 = CARTESIAN_POINT ( 'NONE',  ( -13.00000000000000178, -11.10849528301415035, 40.50000000000000000 ) ) ;
#2421 = ORIENTED_EDGE ( 'NONE', *, *, #2339, .F. ) ;
#2422 = ADVANCED_FACE ( 'NONE', ( #1384 ), #2437, .F. ) ;
#2423 = EDGE_CURVE ( 'NONE', #3211, #83, #2153, .T. ) ;
#2424 = CARTESIAN_POINT ( 'NONE',  ( -14.41421356237308693, -15.41421356237310292, 41.00000000000000000 ) ) ;
#2425 = CARTESIAN_POINT ( 'NONE',  ( -14.06066017177981564, -15.06066017177982630, 43.50000000000000711 ) ) ;
#2426 = VERTEX_POINT ( 'NONE', #1626 ) ;
#2427 = EDGE_CURVE ( 'NONE', #397, #543, #3203, .T. ) ;
#2428 = CARTESIAN_POINT ( 'NONE',  ( 5.513345655978853621, -0.8090253611395297195, 9.911754741494462451 ) ) ;
#2429 = ORIENTED_EDGE ( 'NONE', *, *, #3328, .T. ) ;
#2430 = CARTESIAN_POINT ( 'NONE',  ( 10.58578643762693616, 4.999999999999997335, 0.000000000000000000 ) ) ;
#2431 = EDGE_CURVE ( 'NONE', #2720, #1538, #549, .T. ) ;
#2432 = AXIS2_PLACEMENT_3D ( 'NONE', #2418, #1838, #2073 ) ;
#2433 = CYLINDRICAL_SURFACE ( 'NONE', #3420, 0.9999999999999956701 ) ;
#2434 = EDGE_CURVE ( 'NONE', #1981, #454, #2686, .T. ) ;
#2435 = DIRECTION ( 'NONE',  ( 0.7071067811865516806, -0.7071067811865434649, -0.000000000000000000 ) ) ;
#2437 = CYLINDRICAL_SURFACE ( 'NONE', #474, 1.600000000000004086 ) ;
#2436 = AXIS2_PLACEMENT_3D ( 'NONE', #223, #2034, #1029 ) ;
#2438 = ORIENTED_EDGE ( 'NONE', *, *, #2649, .T. ) ;
#2439 = CARTESIAN_POINT ( 'NONE',  ( -20.49999999999999645, -0.9999999999999991118, 43.00000000000000000 ) ) ;
#2440 = DIRECTION ( 'NONE',  ( -0.000000000000000000, -0.000000000000000000, 1.000000000000000000 ) ) ;
#2441 = VERTEX_POINT ( 'NONE', #2928 ) ;
#2442 = CARTESIAN_POINT ( 'NONE',  ( 5.501951064621137810, -0.9948114057481739492, 10.38280262600024884 ) ) ;
#2443 = EDGE_LOOP ( 'NONE', ( #2743, #2142, #1208, #1742, #2683, #1136, #657, #570, #605, #1671 ) ) ;
#2444 = EDGE_CURVE ( 'NONE', #1044, #1442, #1637, .T. ) ;
#2445 = DIRECTION ( 'NONE',  ( 0.000000000000000000, 0.000000000000000000, 1.000000000000000000 ) ) ;
#2446 = ORIENTED_EDGE ( 'NONE', *, *, #1417, .F. ) ;
#2447 = FACE_OUTER_BOUND ( 'NONE', #2841, .T. ) ;
#2448 = CARTESIAN_POINT ( 'NONE',  ( -12.61182324520111386, -12.03066871794928439, 40.50000000000000000 ) ) ;
#2449 = CARTESIAN_POINT ( 'NONE',  ( -6.292893218813484069, -0.7071067811865177077, 9.042262026288650389 ) ) ;
#2450 = CARTESIAN_POINT ( 'NONE',  ( -6.000000000000000000, -7.000000000000001776, 38.50000000000000000 ) ) ;
#2451 = ORIENTED_EDGE ( 'NONE', *, *, #2006, .F. ) ;
#2452 = DIRECTION ( 'NONE',  ( -1.000000000000000000, 0.000000000000000000, 0.000000000000000000 ) ) ;
#2453 = CARTESIAN_POINT ( 'NONE',  ( -6.000000000000029310, -1.000000000000001554, 43.00000000000000000 ) ) ;
#2454 = EDGE_CURVE ( 'NONE', #1377, #2720, #113, .T. ) ;
#2455 = EDGE_LOOP ( 'NONE', ( #1878, #22, #3288, #3367 ) ) ;
#2456 = AXIS2_PLACEMENT_3D ( 'NONE', #1103, #2469, #3271 ) ;
#2457 = VECTOR ( 'NONE', #198, 1000.000000000000114 ) ;
#2458 = ORIENTED_EDGE ( 'NONE', *, *, #1035, .F. ) ;
#2459 = ADVANCED_FACE ( 'NONE', ( #345 ), #1367, .F. ) ;
#2460 = DIRECTION ( 'NONE',  ( 0.000000000000000000, 0.000000000000000000, 1.000000000000000000 ) ) ;
#2461 = AXIS2_PLACEMENT_3D ( 'NONE', #2069, #2313, #2877 ) ;
#2462 = EDGE_LOOP ( 'NONE', ( #1356, #121, #154, #128 ) ) ;
#2463 = DIRECTION ( 'NONE',  ( 0.000000000000000000, 0.7071067811865389130, -0.7071067811865561215 ) ) ;
#2464 = FACE_OUTER_BOUND ( 'NONE', #2194, .T. ) ;
#2465 = CARTESIAN_POINT ( 'NONE',  ( -6.079450446897782356, -1.022825862220681170, 9.247969177472443292 ) ) ;
#2466 = DIRECTION ( 'NONE',  ( 0.7071067811865474617, 0.000000000000000000, 0.7071067811865474617 ) ) ;
#2467 = ORIENTED_EDGE ( 'NONE', *, *, #1921, .T. ) ;
#2468 = EDGE_CURVE ( 'NONE', #3085, #1334, #554, .T. ) ;
#2469 = DIRECTION ( 'NONE',  ( 0.7071067811865493491, 1.401868266681905838E-15, -0.7071067811865457964 ) ) ;
#2470 = DIRECTION ( 'NONE',  ( 1.000000000000000000, 0.000000000000000000, 0.000000000000000000 ) ) ;
#2471 = ORIENTED_EDGE ( 'NONE', *, *, #174, .F. ) ;
#2472 = VECTOR ( 'NONE', #2675, 1000.000000000000000 ) ;
#2473 = EDGE_CURVE ( 'NONE', #3322, #3014, #1917, .T. ) ;
#2474 = ADVANCED_FACE ( 'NONE', ( #2100 ), #532, .F. ) ;
#2475 = DIRECTION ( 'NONE',  ( -2.168404344971008868E-16, -1.000000000000000000, 0.000000000000000000 ) ) ;
#2476 = VECTOR ( 'NONE', #3369, 1000.000000000000000 ) ;
#2477 = VERTEX_POINT ( 'NONE', #1064 ) ;
#2478 = ADVANCED_FACE ( 'NONE', ( #374 ), #386, .F. ) ;
#2479 = ORIENTED_EDGE ( 'NONE', *, *, #2268, .F. ) ;
#2480 = PLANE ( 'NONE',  #493 ) ;
#2481 = ORIENTED_EDGE ( 'NONE', *, *, #3137, .T. ) ;
#2482 = DIRECTION ( 'NONE',  ( 1.000000000000000000, 0.000000000000000000, 0.000000000000000000 ) ) ;
#2483 =( NAMED_UNIT ( * ) PLANE_ANGLE_UNIT ( ) SI_UNIT ( $, .RADIAN. ) );
#2484 = CARTESIAN_POINT ( 'NONE',  ( -6.124638333876108121, -0.9299762089061377468, 9.166438567716371111 ) ) ;
#2485 = DIRECTION ( 'NONE',  ( 0.000000000000000000, 0.000000000000000000, 1.000000000000000000 ) ) ;
#2486 = ORIENTED_EDGE ( 'NONE', *, *, #2622, .T. ) ;
#2487 = AXIS2_PLACEMENT_3D ( 'NONE', #2344, #3404, #2840 ) ;
#2488 = CARTESIAN_POINT ( 'NONE',  ( -6.000000000000029310, -1.000000000000001554, 41.00000000000000000 ) ) ;
#2489 = CIRCLE ( 'NONE', #3320, 1.600000000000004086 ) ;
#2490 = LINE ( 'NONE', #2224, #2406 ) ;
#2491 = EDGE_LOOP ( 'NONE', ( #848, #1285, #776, #491 ) ) ;
#2492 = DIRECTION ( 'NONE',  ( 0.4682929057908469250, -0.4682929057908469250, 0.7492686492653551911 ) ) ;
#2493 = EDGE_LOOP ( 'NONE', ( #2374, #162, #2458, #3158 ) ) ;
#2494 = CARTESIAN_POINT ( 'NONE',  ( 6.154258632693104580, -0.09242312972138692906, 9.503928828937816320 ) ) ;
#2495 = ORIENTED_EDGE ( 'NONE', *, *, #2531, .T. ) ;
#2496 = DIRECTION ( 'NONE',  ( -0.000000000000000000, 1.000000000000000000, -0.000000000000000000 ) ) ;
#2497 = CARTESIAN_POINT ( 'NONE',  ( 12.00000000000003197, -0.9999999999999993339, 41.00000000000000000 ) ) ;
#2498 = CARTESIAN_POINT ( 'NONE',  ( 6.000000000000000000, -5.000000000000000000, 38.50000000000000000 ) ) ;
#2499 = ORIENTED_EDGE ( 'NONE', *, *, #1654, .T. ) ;
#2500 = DIRECTION ( 'NONE',  ( 0.000000000000000000, 0.000000000000000000, 1.000000000000000000 ) ) ;
#2501 = DIRECTION ( 'NONE',  ( 0.000000000000000000, 0.000000000000000000, -1.000000000000000000 ) ) ;
#2502 = ORIENTED_EDGE ( 'NONE', *, *, #668, .T. ) ;
#2503 = DIRECTION ( 'NONE',  ( -2.168404344971008868E-16, 1.000000000000000000, 0.000000000000000000 ) ) ;
#2504 = CARTESIAN_POINT ( 'NONE',  ( -13.00000000000000178, -15.50000000000000000, 40.50000000000000000 ) ) ;
#2505 = EDGE_LOOP ( 'NONE', ( #3305, #403, #1704, #791 ) ) ;
#2506 = EDGE_CURVE ( 'NONE', #2042, #680, #1726, .T. ) ;
#2507 = DIRECTION ( 'NONE',  ( 0.000000000000000000, 0.000000000000000000, 1.000000000000000000 ) ) ;
#2508 = VERTEX_POINT ( 'NONE', #876 ) ;
#2509 = VECTOR ( 'NONE', #3071, 1000.000000000000000 ) ;
#2510 = CARTESIAN_POINT ( 'NONE',  ( -5.613895816554895113, -0.5601332484243773946, 9.671350574977633840 ) ) ;
#2511 = CIRCLE ( 'NONE', #92, 2.000000000000001776 ) ;
#2512 = EDGE_CURVE ( 'NONE', #1724, #2508, #2489, .T. ) ;
#2513 = DIRECTION ( 'NONE',  ( -0.7071067811865392461, 0.000000000000000000, -0.7071067811865557884 ) ) ;
#2514 = VECTOR ( 'NONE', #500, 999.9999999999998863 ) ;
#2515 = VECTOR ( 'NONE', #348, 1000.000000000000000 ) ;
#2516 = EDGE_CURVE ( 'NONE', #2320, #2832, #1390, .T. ) ;
#2517 = CARTESIAN_POINT ( 'NONE',  ( 20.49999999999999645, -6.500000000000094147, 43.50000000000000711 ) ) ;
#2518 = DIRECTION ( 'NONE',  ( 1.000000000000000000, 0.000000000000000000, 0.000000000000000000 ) ) ;
#2519 = AXIS2_PLACEMENT_3D ( 'NONE', #584, #808, #3220 ) ;
#2520 = ORIENTED_EDGE ( 'NONE', *, *, #1595, .T. ) ;
#2521 = CARTESIAN_POINT ( 'NONE',  ( 20.49999999999999645, -2.999999999999994671, 43.00000000000000000 ) ) ;
#2522 = LINE ( 'NONE', #602, #2515 ) ;
#2523 = ORIENTED_EDGE ( 'NONE', *, *, #3408, .F. ) ;
#2524 = CARTESIAN_POINT ( 'NONE',  ( 14.21182324520112239, -12.03066871794928083, 0.000000000000000000 ) ) ;
#2525 = CARTESIAN_POINT ( 'NONE',  ( -6.000000000000000000, -11.10849528301415035, 40.50000000000000000 ) ) ;
#2526 = DIRECTION ( 'NONE',  ( 1.000000000000000000, 0.000000000000000000, 0.000000000000000000 ) ) ;
#2527 = ORIENTED_EDGE ( 'NONE', *, *, #838, .F. ) ;
#2528 = CARTESIAN_POINT ( 'NONE',  ( -6.118960474609789202, -0.1159553042086692992, 9.506741748862419072 ) ) ;
#2529 = CIRCLE ( 'NONE', #916, 0.9999999999999956701 ) ;
#2530 = CARTESIAN_POINT ( 'NONE',  ( 4.304003391989215110, -9.412498675003972082, 39.55999788000635675 ) ) ;
#2531 = EDGE_CURVE ( 'NONE', #454, #2320, #615, .T. ) ;
#2532 = ORIENTED_EDGE ( 'NONE', *, *, #25, .F. ) ;
#2533 = CARTESIAN_POINT ( 'NONE',  ( -5.502241181876875942, -0.8881140732121206582, 10.04035184156885130 ) ) ;
#2534 = EDGE_CURVE ( 'NONE', #1337, #2934, #2614, .T. ) ;
#2535 = LINE ( 'NONE', #441, #1708 ) ;
#2536 = ADVANCED_FACE ( 'NONE', ( #2221 ), #3282, .F. ) ;
#2537 = CARTESIAN_POINT ( 'NONE',  ( 5.939339828220218998, -0.3535533905932486398, 0.000000000000000000 ) ) ;
#2538 = ORIENTED_EDGE ( 'NONE', *, *, #435, .F. ) ;
#2539 = EDGE_CURVE ( 'NONE', #3207, #301, #2751, .T. ) ;
#2540 = CARTESIAN_POINT ( 'NONE',  ( 10.58578643762693794, 5.999999999999992006, 9.500000000000000000 ) ) ;
#2541 = CARTESIAN_POINT ( 'NONE',  ( 20.49999999999999645, -6.500000000000094147, 43.00000000000000000 ) ) ;
#2542 = ORIENTED_EDGE ( 'NONE', *, *, #1771, .F. ) ;
#2543 = DIRECTION ( 'NONE',  ( -0.000000000000000000, -0.000000000000000000, 1.000000000000000000 ) ) ;
#2544 = PLANE ( 'NONE',  #411 ) ;
#2545 = CARTESIAN_POINT ( 'NONE',  ( -7.843987628128715528, -5.021914308837794216, 38.83344610984786272 ) ) ;
#2546 = CIRCLE ( 'NONE', #333, 1.600000000000004086 ) ;
#2547 = ORIENTED_EDGE ( 'NONE', *, *, #379, .F. ) ;
#2548 = DIRECTION ( 'NONE',  ( 1.000000000000000000, 0.000000000000000000, 0.000000000000000000 ) ) ;
#2549 = CARTESIAN_POINT ( 'NONE',  ( 6.292893218813453871, -5.430091513100150360E-16, 9.500000000000000000 ) ) ;
#2550 = ORIENTED_EDGE ( 'NONE', *, *, #2340, .F. ) ;
#2551 = CARTESIAN_POINT ( 'NONE',  ( -5.499999972418829763, -0.9428088399251906004, 10.16666609629544027 ) ) ;
#2552 = CARTESIAN_POINT ( 'NONE',  ( -13.00000000000000178, -15.49999999999999822, 43.50000000000000711 ) ) ;
#2553 = DIRECTION ( 'NONE',  ( 0.000000000000000000, 0.000000000000000000, -1.000000000000000000 ) ) ;
#2554 = VERTEX_POINT ( 'NONE', #402 ) ;
#2555 = CARTESIAN_POINT ( 'NONE',  ( 7.527864045000449700, -5.000000000000000000, 38.50000000000000000 ) ) ;
#2556 = CARTESIAN_POINT ( 'NONE',  ( 10.93933982822020923, 4.646446609406726935, 9.500000000000000000 ) ) ;
#2557 = ORIENTED_EDGE ( 'NONE', *, *, #546, .F. ) ;
#2558 = CARTESIAN_POINT ( 'NONE',  ( -12.00000000000003020, -1.500000000000003109, 40.50000000000000000 ) ) ;
#2559 = VECTOR ( 'NONE', #2634, 1000.000000000000000 ) ;
#2560 = DIRECTION ( 'NONE',  ( 1.000000000000000000, 0.000000000000000000, 0.000000000000000000 ) ) ;
#2561 = CARTESIAN_POINT ( 'NONE',  ( -10.42497004563302987, -6.104359082793117786, 40.30325535392528735 ) ) ;
#2562 = ORIENTED_EDGE ( 'NONE', *, *, #2929, .T. ) ;
#2563 = CARTESIAN_POINT ( 'NONE',  ( -4.000000000000000000, -8.985827843964029782, 38.87732455034245049 ) ) ;
#2564 = EDGE_CURVE ( 'NONE', #643, #1782, #1964, .T. ) ;
#2565 = DIRECTION ( 'NONE',  ( 0.000000000000000000, 0.000000000000000000, 1.000000000000000000 ) ) ;
#2566 = ORIENTED_EDGE ( 'NONE', *, *, #125, .T. ) ;
#2567 = B_SPLINE_CURVE_WITH_KNOTS ( 'NONE', 3,
 ( #1222, #2083, #3385, #2610, #3094, #3130, #1762, #1238 ),
 .UNSPECIFIED., .F., .F.,
 ( 4, 2, 2, 4 ),
 ( 0.000000000000000000, 0.2499999999999998890, 0.4999999999999997780, 1.000000000000000000 ),
 .UNSPECIFIED. ) ;
#2568 = CARTESIAN_POINT ( 'NONE',  ( -5.850064979761848249, -0.2992783752029093969, 9.545163591820024607 ) ) ;
#2569 = DIRECTION ( 'NONE',  ( 0.000000000000000000, 0.000000000000000000, 1.000000000000000000 ) ) ;
#2570 = AXIS2_PLACEMENT_3D ( 'NONE', #3109, #730, #2760 ) ;
#2571 = AXIS2_PLACEMENT_3D ( 'NONE', #1806, #2869, #490 ) ;
#2572 = CARTESIAN_POINT ( 'NONE',  ( 5.500000000000029310, -1.000000000000000000, -12.64911064067357671 ) ) ;
#2573 = EDGE_CURVE ( 'NONE', #1496, #2871, #3316, .T. ) ;
#2574 = ORIENTED_EDGE ( 'NONE', *, *, #82, .T. ) ;
#2575 = VECTOR ( 'NONE', #1123, 1000.000000000000000 ) ;
#2576 = VECTOR ( 'NONE', #446, 1000.000000000000000 ) ;
#2577 = CARTESIAN_POINT ( 'NONE',  ( 10.58578643762693616, 4.999999999999997335, 9.500000000000000000 ) ) ;
#2578 = AXIS2_PLACEMENT_3D ( 'NONE', #393, #1170, #1140 ) ;
#2579 = LINE ( 'NONE', #2826, #2576 ) ;
#2580 = ORIENTED_EDGE ( 'NONE', *, *, #2255, .T. ) ;
#2581 = LINE ( 'NONE', #210, #255 ) ;
#2582 = EDGE_CURVE ( 'NONE', #2144, #2007, #647, .T. ) ;
#2583 = DIRECTION ( 'NONE',  ( 1.000000000000000000, 0.000000000000000000, 0.000000000000000000 ) ) ;
#2584 = CARTESIAN_POINT ( 'NONE',  ( 19.03066871794915471, -5.611823245201304822, 43.50000000000000711 ) ) ;
#2585 = VERTEX_POINT ( 'NONE', #2992 ) ;
#2586 = EDGE_CURVE ( 'NONE', #1969, #2191, #358, .T. ) ;
#2587 = CARTESIAN_POINT ( 'NONE',  ( 6.292893218813453871, -5.430091513100150360E-16, 9.500000000000000000 ) ) ;
#2588 = ORIENTED_EDGE ( 'NONE', *, *, #3387, .F. ) ;
#2589 = DIRECTION ( 'NONE',  ( 0.000000000000000000, 0.000000000000000000, 1.000000000000000000 ) ) ;
#2590 = ORIENTED_EDGE ( 'NONE', *, *, #1755, .F. ) ;
#2591 = DIRECTION ( 'NONE',  ( -0.000000000000000000, -0.000000000000000000, 1.000000000000000000 ) ) ;
#2592 = AXIS2_PLACEMENT_3D ( 'NONE', #3004, #1130, #899 ) ;
#2593 = CARTESIAN_POINT ( 'NONE',  ( -6.000000000000000000, -5.000000000000001776, 38.50000000000000000 ) ) ;
#2594 = AXIS2_PLACEMENT_3D ( 'NONE', #544, #1340, #2660 ) ;
#2595 = CARTESIAN_POINT ( 'NONE',  ( 5.500000000000038192, 4.999999999999996447, 0.000000000000000000 ) ) ;
#2596 = FACE_OUTER_BOUND ( 'NONE', #1956, .T. ) ;
#2597 = LINE ( 'NONE', #2331, #1746 ) ;
#2598 = ORIENTED_EDGE ( 'NONE', *, *, #1460, .F. ) ;
#2599 = CARTESIAN_POINT ( 'NONE',  ( 6.000101661155284205, -1.429144001378279683, 10.06798398118591997 ) ) ;
#2600 = FACE_OUTER_BOUND ( 'NONE', #1860, .T. ) ;
#2601 = CARTESIAN_POINT ( 'NONE',  ( -2.049999999999997602, 2.999999999999999112, 0.000000000000000000 ) ) ;
#2602 = ORIENTED_EDGE ( 'NONE', *, *, #3248, .F. ) ;
#2603 = DIRECTION ( 'NONE',  ( 1.000000000000000000, 0.000000000000000000, 0.000000000000000000 ) ) ;
#2604 = ORIENTED_EDGE ( 'NONE', *, *, #3199, .F. ) ;
#2605 = AXIS2_PLACEMENT_3D ( 'NONE', #1052, #2398, #3170 ) ;
#2606 = VERTEX_POINT ( 'NONE', #2498 ) ;
#2607 = AXIS2_PLACEMENT_3D ( 'NONE', #1593, #2648, #276 ) ;
#2608 = CARTESIAN_POINT ( 'NONE',  ( 6.054956469276839393, -0.1586244996910743388, 9.509470814503922398 ) ) ;
#2609 = DIRECTION ( 'NONE',  ( 1.000000000000000000, 2.168404344971008868E-16, -0.000000000000000000 ) ) ;
#2610 = CARTESIAN_POINT ( 'NONE',  ( 6.527907233655527719, -0.4720927663444725586, 9.004413336377107058 ) ) ;
#2611 = DIRECTION ( 'NONE',  ( 1.000000000000000000, 0.000000000000000000, 0.000000000000000000 ) ) ;
#2612 = DIRECTION ( 'NONE',  ( -0.000000000000000000, -0.000000000000000000, -1.000000000000000000 ) ) ;
#2613 = CARTESIAN_POINT ( 'NONE',  ( 6.001644393657072918, -1.471395699502437759, 10.41144889625884495 ) ) ;
#2614 = B_SPLINE_CURVE_WITH_KNOTS ( 'NONE', 3,
 ( #1948, #1741, #888, #150, #3007, #1680, #2251, #679, #918, #2803, #116, #1167, #1934, #390, #423, #3253 ),
 .UNSPECIFIED., .F., .F.,
 ( 4, 2, 2, 2, 2, 2, 2, 4 ),
 ( 0.000000000000000000, 0.2500000000000014988, 0.5000000000000029976, 0.6250000000000022204, 0.7500000000000013323, 0.8125000000000011102, 0.8750000000000007772, 1.000000000000000000 ),
 .UNSPECIFIED. ) ;
#2615 = CARTESIAN_POINT ( 'NONE',  ( -6.000000000000029310, -1.500000000000015543, -12.64911064067357671 ) ) ;
#2616 = CARTESIAN_POINT ( 'NONE',  ( 5.500000000000033751, -5.000000000000000000, 0.5000000000000004441 ) ) ;
#2617 = ORIENTED_EDGE ( 'NONE', *, *, #3137, .F. ) ;
#2618 = FACE_OUTER_BOUND ( 'NONE', #1753, .T. ) ;
#2619 = EDGE_LOOP ( 'NONE', ( #1707, #2945, #2408, #959, #1805, #2922, #1451 ) ) ;
#2620 = ORIENTED_EDGE ( 'NONE', *, *, #2124, .T. ) ;
#2621 = FACE_OUTER_BOUND ( 'NONE', #727, .T. ) ;
#2622 = EDGE_CURVE ( 'NONE', #1223, #285, #103, .T. ) ;
#2623 = ADVANCED_FACE ( 'NONE', ( #2204 ), #1882, .T. ) ;
#2624 = DIRECTION ( 'NONE',  ( -2.168404344971008868E-16, 1.000000000000000000, 0.000000000000000000 ) ) ;
#2625 = DIRECTION ( 'NONE',  ( 1.000000000000000000, 0.000000000000000000, 0.000000000000000000 ) ) ;
#2626 = FACE_OUTER_BOUND ( 'NONE', #1738, .T. ) ;
#2627 = EDGE_CURVE ( 'NONE', #2766, #215, #1450, .T. ) ;
#2628 =( GEOMETRIC_REPRESENTATION_CONTEXT ( 3 ) GLOBAL_UNCERTAINTY_ASSIGNED_CONTEXT ( ( #271 ) ) GLOBAL_UNIT_ASSIGNED_CONTEXT ( ( #1399, #2483, #1116 ) ) REPRESENTATION_CONTEXT ( 'NONE', 'WORKASPACE' ) );
#2629 = CARTESIAN_POINT ( 'NONE',  ( -5.529378180380578378, -0.7449465185188518523, 9.832245288760221413 ) ) ;
#2630 = CARTESIAN_POINT ( 'NONE',  ( 6.008917495664976904, -1.280692795659573724, 9.618608363682040974 ) ) ;
#2631 = CONICAL_SURFACE ( 'NONE', #1743, 1.500000000000001332, 0.7853981633974482790 ) ;
#2632 = CARTESIAN_POINT ( 'NONE',  ( 7.000000000000031086, -1.414213562373066946, 0.5000000000000004441 ) ) ;
#2633 = AXIS2_PLACEMENT_3D ( 'NONE', #226, #977, #2844 ) ;
#2634 = DIRECTION ( 'NONE',  ( -0.000000000000000000, -0.000000000000000000, -1.000000000000000000 ) ) ;
#2635 = CYLINDRICAL_SURFACE ( 'NONE', #478, 1.600000000000004086 ) ;
#2636 = ORIENTED_EDGE ( 'NONE', *, *, #2534, .F. ) ;
#2637 = DIRECTION ( 'NONE',  ( 1.000000000000000000, 1.445602896647331768E-16, 0.000000000000000000 ) ) ;
#2638 = ORIENTED_EDGE ( 'NONE', *, *, #3421, .T. ) ;
#2639 = FACE_OUTER_BOUND ( 'NONE', #1966, .T. ) ;
#2640 = ORIENTED_EDGE ( 'NONE', *, *, #1808, .F. ) ;
#2641 = EDGE_CURVE ( 'NONE', #1522, #1216, #828, .T. ) ;
#2642 = DIRECTION ( 'NONE',  ( 1.000000000000000000, -1.156482317317867583E-15, 0.000000000000000000 ) ) ;
#2643 = CIRCLE ( 'NONE', #50, 1.600000000000004086 ) ;
#2644 = EDGE_CURVE ( 'NONE', #2932, #1633, #2152, .T. ) ;
#2645 = EDGE_CURVE ( 'NONE', #1407, #2721, #504, .T. ) ;
#2646 = CARTESIAN_POINT ( 'NONE',  ( -7.000000000000029310, -1.414213562373066946, 0.000000000000000000 ) ) ;
#2647 = FACE_OUTER_BOUND ( 'NONE', #2920, .T. ) ;
#2648 = DIRECTION ( 'NONE',  ( -0.7071067811865467956, -1.401868266681900710E-15, -0.7071067811865483499 ) ) ;
#2649 = EDGE_CURVE ( 'NONE', #466, #3393, #2567, .T. ) ;
#2650 = CARTESIAN_POINT ( 'NONE',  ( 22.00000000000001066, -6.500000000000095923, 40.50000000000000000 ) ) ;
#2651 = LINE ( 'NONE', #280, #1403 ) ;
#2652 = DIRECTION ( 'NONE',  ( 0.000000000000000000, 1.000000000000000000, -0.000000000000000000 ) ) ;
#2653 = ORIENTED_EDGE ( 'NONE', *, *, #1137, .T. ) ;
#2654 = CARTESIAN_POINT ( 'NONE',  ( -6.000000000000000000, -11.10849528301415035, 40.50000000000000000 ) ) ;
#2655 = ORIENTED_EDGE ( 'NONE', *, *, #1825, .T. ) ;
#2656 = SURFACE_STYLE_USAGE ( .BOTH. , #1603 ) ;
#2657 = ORIENTED_EDGE ( 'NONE', *, *, #3278, .T. ) ;
#2658 = B_SPLINE_CURVE_WITH_KNOTS ( 'NONE', 1,
 ( #318, #3212 ),
 .UNSPECIFIED., .F., .F.,
 ( 2, 2 ),
 ( 0.000000000000000000, 1.000000000000000000 ),
 .UNSPECIFIED. ) ;
#2659 = VECTOR ( 'NONE', #555, 1000.000000000000000 ) ;
#2660 = DIRECTION ( 'NONE',  ( 0.7071067811865475727, -0.7071067811865475727, 0.000000000000000000 ) ) ;
#2661 = CIRCLE ( 'NONE', #3099, 1.500000000000011768 ) ;
#2662 = VERTEX_POINT ( 'NONE', #3149 ) ;
#2663 = CARTESIAN_POINT ( 'NONE',  ( 4.828427124746206722, -4.999999999999983125, 32.49999999999997158 ) ) ;
#2664 = CARTESIAN_POINT ( 'NONE',  ( -5.506311928636760555, -0.8499937465860925023, 9.972398076148898838 ) ) ;
#2665 = DIRECTION ( 'NONE',  ( 1.000000000000000000, 1.264902534566415759E-16, 0.000000000000000000 ) ) ;
#2666 = CARTESIAN_POINT ( 'NONE',  ( -6.000000000000029310, -2.097940330273163074E-15, 10.49999999999999822 ) ) ;
#2667 = LINE ( 'NONE', #1870, #583 ) ;
#2668 = ORIENTED_EDGE ( 'NONE', *, *, #2271, .T. ) ;
#2669 = LINE ( 'NONE', #3418, #825 ) ;
#2670 = ADVANCED_FACE ( 'NONE', ( #496 ), #1011, .T. ) ;
#2671 = EDGE_LOOP ( 'NONE', ( #902, #623, #1908, #2502 ) ) ;
#2672 = ORIENTED_EDGE ( 'NONE', *, *, #437, .T. ) ;
#2673 = CARTESIAN_POINT ( 'NONE',  ( -14.21182324520111884, -12.03066871794928439, 43.50000000000000711 ) ) ;
#2674 = ORIENTED_EDGE ( 'NONE', *, *, #2573, .F. ) ;
#2675 = DIRECTION ( 'NONE',  ( -0.4999999999999980016, -0.5000000000000016653, -0.7071067811865477948 ) ) ;
#2676 = EDGE_CURVE ( 'NONE', #107, #3098, #700, .T. ) ;
#2677 = DIRECTION ( 'NONE',  ( 0.000000000000000000, -1.000000000000000000, 0.000000000000000000 ) ) ;
#2678 = CARTESIAN_POINT ( 'NONE',  ( 2.383249353959454542E-15, 2.999999999999999112, 9.500000000000000000 ) ) ;
#2679 = ORIENTED_EDGE ( 'NONE', *, *, #1555, .T. ) ;
#2680 = DIRECTION ( 'NONE',  ( 0.000000000000000000, 0.000000000000000000, -1.000000000000000000 ) ) ;
#2681 =( GEOMETRIC_REPRESENTATION_CONTEXT ( 3 ) GLOBAL_UNCERTAINTY_ASSIGNED_CONTEXT ( ( #1589 ) ) GLOBAL_UNIT_ASSIGNED_CONTEXT ( ( #2888, #1619, #1570 ) ) REPRESENTATION_CONTEXT ( 'NONE', 'WORKASPACE' ) );
#2682 = CARTESIAN_POINT ( 'NONE',  ( -6.000000000000000000, -7.000000000000001776, 40.50000000000000000 ) ) ;
#2683 = ORIENTED_EDGE ( 'NONE', *, *, #2783, .F. ) ;
#2684 = ADVANCED_FACE ( 'NONE', ( #2891 ), #2875, .F. ) ;
#2685 = VECTOR ( 'NONE', #2098, 1000.000000000000114 ) ;
#2686 = CIRCLE ( 'NONE', #38, 2.049999999999999822 ) ;
#2687 = CIRCLE ( 'NONE', #2233, 2.000000000000000000 ) ;
#2688 = ADVANCED_FACE ( 'NONE', ( #1793 ), #717, .F. ) ;
#2689 = CARTESIAN_POINT ( 'NONE',  ( 19.03066871794915471, -5.611823245201304822, 40.50000000000000000 ) ) ;
#2690 = ORIENTED_EDGE ( 'NONE', *, *, #2124, .F. ) ;
#2691 = CIRCLE ( 'NONE', #1478, 0.9999999999999956701 ) ;
#2692 = CARTESIAN_POINT ( 'NONE',  ( 21.91421356237308871, -7.914213562373199728, 41.00000000000000000 ) ) ;
#2693 = VERTEX_POINT ( 'NONE', #166 ) ;
#2694 = DIRECTION ( 'NONE',  ( 1.445602896647331768E-16, -1.000000000000000000, 0.000000000000000000 ) ) ;
#2695 = ORIENTED_EDGE ( 'NONE', *, *, #2111, .F. ) ;
#2696 = CARTESIAN_POINT ( 'NONE',  ( 12.00000000000003375, -4.999999999999999112, 34.50000000000000000 ) ) ;
#2697 = DIRECTION ( 'NONE',  ( 1.000000000000000000, 0.000000000000000000, 0.000000000000000000 ) ) ;
#2698 = CARTESIAN_POINT ( 'NONE',  ( -5.668178934239834099, -0.4820120312876342572, 9.623422710052169649 ) ) ;
#2699 = DIRECTION ( 'NONE',  ( 1.000000000000000000, 0.000000000000000000, 0.000000000000000000 ) ) ;
#2700 = ORIENTED_EDGE ( 'NONE', *, *, #2214, .F. ) ;
#2701 = VECTOR ( 'NONE', #1362, 1000.000000000000114 ) ;
#2702 = CARTESIAN_POINT ( 'NONE',  ( -11.08578643762692906, 4.999999999999997335, 9.500000000000000000 ) ) ;
#2703 = PLANE ( 'NONE',  #910 ) ;
#2704 = ORIENTED_EDGE ( 'NONE', *, *, #1924, .T. ) ;
#2705 = CARTESIAN_POINT ( 'NONE',  ( -6.000000000000030198, -5.000000000000001776, -12.64911064067357671 ) ) ;
#2706 = B_SPLINE_CURVE_WITH_KNOTS ( 'NONE', 3,
 ( #3065, #160, #595, #1913, #1657, #2264, #2792, #1096, #2528, #1380, #2411, #84 ),
 .UNSPECIFIED., .F., .F.,
 ( 4, 2, 1, 1, 2, 2, 4 ),
 ( 0.000000000000000000, 0.2500000000000166533, 0.3750000000000222045, 0.4375000000000283662, 0.4687500000000280331, 0.5000000000000277556, 1.000000000000000000 ),
 .UNSPECIFIED. ) ;
#2707 = LINE ( 'NONE', #407, #579 ) ;
#2708 = EDGE_LOOP ( 'NONE', ( #95, #1748, #2225, #3107 ) ) ;
#2709 = CARTESIAN_POINT ( 'NONE',  ( 5.500000000000033751, -5.000000000000000000, 0.5000000000000004441 ) ) ;
#2710 = ORIENTED_EDGE ( 'NONE', *, *, #3251, .F. ) ;
#2711 = DIRECTION ( 'NONE',  ( 1.000000000000000000, 0.000000000000000000, 0.000000000000000000 ) ) ;
#2712 = AXIS2_PLACEMENT_3D ( 'NONE', #185, #2291, #2857 ) ;
#2713 = CARTESIAN_POINT ( 'NONE',  ( 6.000000000000031086, -1.000000000000000000, 34.50000000000000000 ) ) ;
#2714 = EDGE_CURVE ( 'NONE', #1600, #2554, #2270, .T. ) ;
#2715 = CARTESIAN_POINT ( 'NONE',  ( -6.112119289492879304, -0.9534165520794385396, 9.185134065078877086 ) ) ;
#2716 = CARTESIAN_POINT ( 'NONE',  ( 12.00000000000003197, -1.500000000000000000, 40.50000000000000000 ) ) ;
#2717 = ORIENTED_EDGE ( 'NONE', *, *, #2506, .F. ) ;
#2718 = LINE ( 'NONE', #633, #1905 ) ;
#2719 = CARTESIAN_POINT ( 'NONE',  ( 10.58578643762693794, 5.999999999999992006, 8.999999999999985789 ) ) ;
#2720 = VERTEX_POINT ( 'NONE', #955 ) ;
#2721 = VERTEX_POINT ( 'NONE', #1504 ) ;
#2722 = ORIENTED_EDGE ( 'NONE', *, *, #501, .F. ) ;
#2723 = LINE ( 'NONE', #2971, #269 ) ;
#2724 = VERTEX_POINT ( 'NONE', #2012 ) ;
#2725 = PLANE ( 'NONE',  #1025 ) ;
#2726 = EDGE_CURVE ( 'NONE', #2441, #3374, #2045, .T. ) ;
#2727 = AXIS2_PLACEMENT_3D ( 'NONE', #2089, #517, #538 ) ;
#2728 = FACE_OUTER_BOUND ( 'NONE', #1635, .T. ) ;
#2729 = ADVANCED_FACE ( 'NONE', ( #2329 ), #3352, .T. ) ;
#2730 = EDGE_CURVE ( 'NONE', #3014, #2426, #9, .T. ) ;
#2731 = CARTESIAN_POINT ( 'NONE',  ( -6.089532958010180685, -0.9998275283331129470, 9.225889820183235557 ) ) ;
#2732 = CARTESIAN_POINT ( 'NONE',  ( -22.50000000000000000, -6.500000000000099476, 41.00000000000000000 ) ) ;
#2733 = EDGE_LOOP ( 'NONE', ( #817, #2213, #914, #2410, #1126 ) ) ;
#2734 = ADVANCED_FACE ( 'NONE', ( #457 ), #1520, .F. ) ;
#2735 = CARTESIAN_POINT ( 'NONE',  ( 10.42494416443510730, -6.104344950527369917, 40.30324811391281514 ) ) ;
#2736 = LINE ( 'NONE', #2754, #312 ) ;
#2737 = VERTEX_POINT ( 'NONE', #3370 ) ;
#2738 = LINE ( 'NONE', #1494, #1470 ) ;
#2739 = EDGE_LOOP ( 'NONE', ( #1949, #418, #952, #2091 ) ) ;
#2740 = CIRCLE ( 'NONE', #3344, 1.500000000000013767 ) ;
#2741 = AXIS2_PLACEMENT_3D ( 'NONE', #818, #1293, #1277 ) ;
#2742 = AXIS2_PLACEMENT_3D ( 'NONE', #1456, #926, #1983 ) ;
#2743 = ORIENTED_EDGE ( 'NONE', *, *, #3155, .T. ) ;
#2744 = CARTESIAN_POINT ( 'NONE',  ( 5.535988092113405479, -0.7245105357094684395, 9.810360698618392661 ) ) ;
#2745 = EDGE_CURVE ( 'NONE', #1689, #1509, #995, .T. ) ;
#2746 = VERTEX_POINT ( 'NONE', #1 ) ;
#2747 = FACE_OUTER_BOUND ( 'NONE', #1391, .T. ) ;
#2748 = EDGE_CURVE ( 'NONE', #107, #2144, #1104, .T. ) ;
#2749 = ADVANCED_FACE ( 'NONE', ( #254 ), #3063, .T. ) ;
#2750 = CARTESIAN_POINT ( 'NONE',  ( -5.939339828220207451, -0.2357022603954921636, 9.528174684192443067 ) ) ;
#2751 = LINE ( 'NONE', #3037, #1276 ) ;
#2752 = VERTEX_POINT ( 'NONE', #1734 ) ;
#2753 = DIRECTION ( 'NONE',  ( -0.000000000000000000, 0.000000000000000000, 1.000000000000000000 ) ) ;
#2754 = CARTESIAN_POINT ( 'NONE',  ( 13.00000000000000888, -16.00000000000000000, 40.50000000000000000 ) ) ;
#2755 = ORIENTED_EDGE ( 'NONE', *, *, #2774, .T. ) ;
#2756 = CONICAL_SURFACE ( 'NONE', #2136, 0.4999999999999935052, 0.7853981633974366217 ) ;
#2757 = CARTESIAN_POINT ( 'NONE',  ( -2.049999999999997602, 2.999999999999999112, 9.500000000000000000 ) ) ;
#2758 = AXIS2_PLACEMENT_3D ( 'NONE', #1621, #2096, #3166 ) ;
#2759 = ORIENTED_EDGE ( 'NONE', *, *, #3199, .T. ) ;
#2760 = DIRECTION ( 'NONE',  ( -1.982541115402008904E-15, 1.000000000000000000, 0.000000000000000000 ) ) ;
#2761 = ORIENTED_EDGE ( 'NONE', *, *, #1464, .T. ) ;
#2762 = VECTOR ( 'NONE', #3208, 1000.000000000000114 ) ;
#2763 = CARTESIAN_POINT ( 'NONE',  ( -22.50000000000000000, -3.000000000000000000, 40.50000000000000000 ) ) ;
#2764 = CARTESIAN_POINT ( 'NONE',  ( -6.023705297805332926, -1.196749603725563160, 9.466519675240808951 ) ) ;
#2765 = DIRECTION ( 'NONE',  ( 1.000000000000000000, 0.000000000000000000, 0.000000000000000000 ) ) ;
#2766 = VERTEX_POINT ( 'NONE', #2041 ) ;
#2767 = VECTOR ( 'NONE', #3139, 1000.000000000000000 ) ;
#2768 = PLANE ( 'NONE',  #3266 ) ;
#2769 = AXIS2_PLACEMENT_3D ( 'NONE', #901, #1993, #3300 ) ;
#2770 = CARTESIAN_POINT ( 'NONE',  ( 2.383249353959454542E-15, 2.999999999999999112, 9.500000000000000000 ) ) ;
#2771 = ORIENTED_EDGE ( 'NONE', *, *, #1553, .T. ) ;
#2772 = CARTESIAN_POINT ( 'NONE',  ( 5.513376243500582419, -0.8092882748520062730, 9.912405575764543286 ) ) ;
#2773 = CARTESIAN_POINT ( 'NONE',  ( 10.58578643762693616, 4.999999999999997335, 9.500000000000000000 ) ) ;
#2774 = EDGE_CURVE ( 'NONE', #1106, #1721, #2848, .T. ) ;
#2775 = ORIENTED_EDGE ( 'NONE', *, *, #2539, .T. ) ;
#2776 = DIRECTION ( 'NONE',  ( -0.000000000000000000, -0.000000000000000000, 1.000000000000000000 ) ) ;
#2777 = EDGE_CURVE ( 'NONE', #2210, #1505, #2300, .T. ) ;
#2778 = ORIENTED_EDGE ( 'NONE', *, *, #1847, .T. ) ;
#2779 = CARTESIAN_POINT ( 'NONE',  ( 14.41421356237309404, -15.41421356237309936, 43.00000000000000000 ) ) ;
#2780 = CARTESIAN_POINT ( 'NONE',  ( -6.252924745018921371, -0.7488692175473274926, 9.058492098613127652 ) ) ;
#2781 = CARTESIAN_POINT ( 'NONE',  ( 7.000000000000031086, -1.414213562373066946, 0.000000000000000000 ) ) ;
#2782 = ORIENTED_EDGE ( 'NONE', *, *, #2365, .T. ) ;
#2783 = EDGE_CURVE ( 'NONE', #519, #1188, #1495, .T. ) ;
#2784 = DIRECTION ( 'NONE',  ( 0.000000000000000000, -1.000000000000000000, 0.000000000000000000 ) ) ;
#2785 = DIRECTION ( 'NONE',  ( -8.845628357364339617E-15, -0.7071067811865479058, 0.7071067811865472397 ) ) ;
#2786 = VERTEX_POINT ( 'NONE', #3103 ) ;
#2787 = LINE ( 'NONE', #2425, #2801 ) ;
#2788 = CARTESIAN_POINT ( 'NONE',  ( 6.000000000005123013, -1.384554921501740754, 9.874164403366169296 ) ) ;
#2789 = DIRECTION ( 'NONE',  ( -0.000000000000000000, -0.000000000000000000, 1.000000000000000000 ) ) ;
#2790 = EDGE_CURVE ( 'NONE', #1334, #666, #726, .T. ) ;
#2791 = EDGE_LOOP ( 'NONE', ( #1424, #2495, #2181, #2017 ) ) ;
#2792 = CARTESIAN_POINT ( 'NONE',  ( -6.125101549569186510, -0.1118623274813303620, 9.506274732592499888 ) ) ;
#2793 = EDGE_CURVE ( 'NONE', #1721, #1505, #826, .T. ) ;
#2794 = FACE_OUTER_BOUND ( 'NONE', #619, .T. ) ;
#2795 = CONICAL_SURFACE ( 'NONE', #685, 2.000000000000001776, 0.7853981633974482790 ) ;
#2796 = ORIENTED_EDGE ( 'NONE', *, *, #512, .T. ) ;
#2797 = AXIS2_PLACEMENT_3D ( 'NONE', #3329, #913, #1516 ) ;
#2798 = DIRECTION ( 'NONE',  ( 1.000000000000000000, 0.000000000000000000, 0.000000000000000000 ) ) ;
#2799 = EDGE_CURVE ( 'NONE', #1538, #680, #3081, .T. ) ;
#2800 = FACE_OUTER_BOUND ( 'NONE', #2246, .T. ) ;
#2801 = VECTOR ( 'NONE', #1477, 1000.000000000000114 ) ;
#2802 = AXIS2_PLACEMENT_3D ( 'NONE', #891, #3097, #498 ) ;
#2803 = CARTESIAN_POINT ( 'NONE',  ( -6.147266980172616080, -0.8914846854406116572, 9.138464864518446973 ) ) ;
#2804 = CIRCLE ( 'NONE', #862, 2.049999999999999822 ) ;
#2805 = ORIENTED_EDGE ( 'NONE', *, *, #343, .T. ) ;
#2806 = CARTESIAN_POINT ( 'NONE',  ( 1.897353801849625364E-16, -1.500000000000001554, 43.50000000000000711 ) ) ;
#2807 = DIRECTION ( 'NONE',  ( 1.000000000000000000, 0.000000000000000000, 0.000000000000000000 ) ) ;
#2808 = ORIENTED_EDGE ( 'NONE', *, *, #86, .F. ) ;
#2809 = CARTESIAN_POINT ( 'NONE',  ( 5.634168377510933468, -0.5292239822706559238, 9.651404790992980764 ) ) ;
#2810 = EDGE_CURVE ( 'NONE', #1006, #1196, #2546, .T. ) ;
#2811 = DIRECTION ( 'NONE',  ( -1.000000000000000000, -1.334402673828312846E-16, 0.000000000000000000 ) ) ;
#2812 = DIRECTION ( 'NONE',  ( -0.000000000000000000, -0.000000000000000000, 1.000000000000000000 ) ) ;
#2813 = AXIS2_PLACEMENT_3D ( 'NONE', #400, #456, #954 ) ;
#2814 = VERTEX_POINT ( 'NONE', #3392 ) ;
#2815 = DIRECTION ( 'NONE',  ( 0.000000000000000000, -0.7071067811865487940, -0.7071067811865463515 ) ) ;
#2816 = VECTOR ( 'NONE', #1364, 1000.000000000000000 ) ;
#2817 = CARTESIAN_POINT ( 'NONE',  ( 6.106680658128663453, -0.1241419650580928430, 9.507731804589468538 ) ) ;
#2818 = ORIENTED_EDGE ( 'NONE', *, *, #3072, .T. ) ;
#2819 = CARTESIAN_POINT ( 'NONE',  ( -5.502520827161656136, -0.8847931500023850093, 10.03397862057057033 ) ) ;
#2820 = DIRECTION ( 'NONE',  ( 1.000000000000000000, 0.000000000000000000, -0.000000000000000000 ) ) ;
#2821 = DIRECTION ( 'NONE',  ( 0.000000000000000000, 1.000000000000000000, 0.000000000000000000 ) ) ;
#2822 = ORIENTED_EDGE ( 'NONE', *, *, #2427, .F. ) ;
#2823 = AXIS2_PLACEMENT_3D ( 'NONE', #1903, #3221, #779 ) ;
#2824 = CARTESIAN_POINT ( 'NONE',  ( 20.49999999999999645, -2.999999999999994671, 41.00000000000000000 ) ) ;
#2825 = ADVANCED_FACE ( 'NONE', ( #2317 ), #1549, .F. ) ;
#2826 = CARTESIAN_POINT ( 'NONE',  ( -12.00000000000003020, -1.500000000000003109, 40.50000000000000000 ) ) ;
#2827 = ORIENTED_EDGE ( 'NONE', *, *, #686, .F. ) ;
#2828 = CARTESIAN_POINT ( 'NONE',  ( 6.039384741413860169, -1.135406909779273388, 9.377605186566682960 ) ) ;
#2829 = CARTESIAN_POINT ( 'NONE',  ( -20.49999999999999645, -3.000000000000000000, 43.00000000000000000 ) ) ;
#2830 = CARTESIAN_POINT ( 'NONE',  ( -8.897405974136429307, -5.342261884193894694, 39.65428310360693587 ) ) ;
#2831 = AXIS2_PLACEMENT_3D ( 'NONE', #2488, #1422, #1714 ) ;
#2832 = VERTEX_POINT ( 'NONE', #2601 ) ;
#2833 = CARTESIAN_POINT ( 'NONE',  ( -14.06066017177981564, -15.06066017177982630, 43.50000000000000711 ) ) ;
#2834 = EDGE_CURVE ( 'NONE', #3111, #3381, #2262, .T. ) ;
#2835 = CARTESIAN_POINT ( 'NONE',  ( 6.036372255909498108, -0.1710187377401944653, 9.514682344128674529 ) ) ;
#2836 = ORIENTED_EDGE ( 'NONE', *, *, #2054, .F. ) ;
#2837 = DIRECTION ( 'NONE',  ( -0.000000000000000000, -0.000000000000000000, 1.000000000000000000 ) ) ;
#2838 = FACE_BOUND ( 'NONE', #1918, .T. ) ;
#2839 = EDGE_CURVE ( 'NONE', #285, #2953, #3378, .T. ) ;
#2840 = DIRECTION ( 'NONE',  ( -1.000000000000000000, -1.334402673828313586E-16, 0.000000000000000000 ) ) ;
#2841 = EDGE_LOOP ( 'NONE', ( #2598, #2999, #1871, #3173 ) ) ;
#2842 = LINE ( 'NONE', #1764, #747 ) ;
#2843 = EDGE_CURVE ( 'NONE', #2282, #1435, #444, .T. ) ;
#2844 = DIRECTION ( 'NONE',  ( -1.000000000000000000, 0.000000000000000000, 0.000000000000000000 ) ) ;
#2845 = ORIENTED_EDGE ( 'NONE', *, *, #2622, .F. ) ;
#2846 = DIRECTION ( 'NONE',  ( 0.7071067811865391350, -0.7071067811865560104, 0.000000000000000000 ) ) ;
#2847 = CARTESIAN_POINT ( 'NONE',  ( -6.292893218813452094, 1.601422230915999143E-15, 9.499999999999998224 ) ) ;
#2848 = LINE ( 'NONE', #3122, #994 ) ;
#2849 = ORIENTED_EDGE ( 'NONE', *, *, #925, .T. ) ;
#2850 = FACE_OUTER_BOUND ( 'NONE', #1990, .T. ) ;
#2851 = VERTEX_POINT ( 'NONE', #158 ) ;
#2852 = FACE_OUTER_BOUND ( 'NONE', #3263, .T. ) ;
#2853 = ORIENTED_EDGE ( 'NONE', *, *, #793, .F. ) ;
#2854 = CYLINDRICAL_SURFACE ( 'NONE', #1071, 1.600000000000004086 ) ;
#2855 = CARTESIAN_POINT ( 'NONE',  ( -11.08578643762692906, 4.999999999999997335, 9.500000000000000000 ) ) ;
#2856 = VECTOR ( 'NONE', #1307, 1000.000000000000000 ) ;
#2857 = DIRECTION ( 'NONE',  ( 1.000000000000000000, 0.000000000000000000, 0.000000000000000000 ) ) ;
#2858 = ORIENTED_EDGE ( 'NONE', *, *, #794, .F. ) ;
#2859 = VECTOR ( 'NONE', #2976, 1000.000000000000000 ) ;
#2860 = VECTOR ( 'NONE', #3, 1000.000000000000000 ) ;
#2861 = CARTESIAN_POINT ( 'NONE',  ( 5.500000000000033751, -5.000000000000000000, 0.5000000000000004441 ) ) ;
#2862 = AXIS2_PLACEMENT_3D ( 'NONE', #790, #1840, #553 ) ;
#2863 = DIRECTION ( 'NONE',  ( -0.7071067811865515695, -0.7071067811865435759, 0.000000000000000000 ) ) ;
#2864 = EDGE_LOOP ( 'NONE', ( #3209, #1492, #652, #599 ) ) ;
#2865 = CARTESIAN_POINT ( 'NONE',  ( 6.074377639311648203, -1.035563116160077568, 9.261320918647371059 ) ) ;
#2866 = CARTESIAN_POINT ( 'NONE',  ( -6.000000000000000000, -5.000000000000002665, 38.50000000000000000 ) ) ;
#2867 = DIRECTION ( 'NONE',  ( 0.000000000000000000, 0.000000000000000000, 1.000000000000000000 ) ) ;
#2868 = ORIENTED_EDGE ( 'NONE', *, *, #2273, .F. ) ;
#2869 = DIRECTION ( 'NONE',  ( -0.4999999999999970579, -0.5000000000000028866, -0.7071067811865475727 ) ) ;
#2870 = ORIENTED_EDGE ( 'NONE', *, *, #3402, .F. ) ;
#2871 = VERTEX_POINT ( 'NONE', #1984 ) ;
#2872 = CARTESIAN_POINT ( 'NONE',  ( -5.675199836222852845, -0.4720816461865736668, 9.617597996580638409 ) ) ;
#2873 = AXIS2_PLACEMENT_3D ( 'NONE', #574, #129, #1678 ) ;
#2874 = CARTESIAN_POINT ( 'NONE',  ( 5.500172588603478019, -0.9256681548591166875, 10.12101458989655356 ) ) ;
#2875 = CYLINDRICAL_SURFACE ( 'NONE', #3318, 1.999999999999999112 ) ;
#2876 = CARTESIAN_POINT ( 'NONE',  ( 20.49999999999999645, -1.500000000000000666, 40.50000000000000000 ) ) ;
#2877 = DIRECTION ( 'NONE',  ( -1.000000000000000000, -1.264902534566415512E-16, 0.000000000000000000 ) ) ;
#2878 = CARTESIAN_POINT ( 'NONE',  ( 6.010121578665587272, -1.272006920197638724, 9.600937249861662082 ) ) ;
#2879 = PLANE ( 'NONE',  #212 ) ;
#2880 = FACE_OUTER_BOUND ( 'NONE', #881, .T. ) ;
#2881 = DIRECTION ( 'NONE',  ( 0.000000000000000000, 0.000000000000000000, 1.000000000000000000 ) ) ;
#2882 = CARTESIAN_POINT ( 'NONE',  ( 10.58578643762693794, 5.499999999999992006, 9.500000000000000000 ) ) ;
#2883 = VERTEX_POINT ( 'NONE', #2261 ) ;
#2884 = EDGE_CURVE ( 'NONE', #2832, #2320, #719, .T. ) ;
#2885 = CIRCLE ( 'NONE', #1387, 1.499999999999996225 ) ;
#2886 = EDGE_LOOP ( 'NONE', ( #2385, #1072, #864, #3177 ) ) ;
#2887 = VECTOR ( 'NONE', #753, 1000.000000000000000 ) ;
#2888 =( LENGTH_UNIT ( ) NAMED_UNIT ( * ) SI_UNIT ( .MILLI., .METRE. ) );
#2889 = EDGE_CURVE ( 'NONE', #2814, #1379, #2187, .T. ) ;
#2890 = FACE_OUTER_BOUND ( 'NONE', #385, .T. ) ;
#2891 = FACE_OUTER_BOUND ( 'NONE', #2397, .T. ) ;
#2892 = CYLINDRICAL_SURFACE ( 'NONE', #1302, 6.000000000000000000 ) ;
#2893 = CARTESIAN_POINT ( 'NONE',  ( -5.508659238605863706, -0.8341623858637944311, 9.947696936499845322 ) ) ;
#2894 = CARTESIAN_POINT ( 'NONE',  ( 6.166276691219177764, -0.8613322056912515734, 9.118245383699386863 ) ) ;
#2895 = EDGE_CURVE ( 'NONE', #1216, #31, #533, .T. ) ;
#2896 = PLANE ( 'NONE',  #1374 ) ;
#2897 = PLANE ( 'NONE',  #1879 ) ;
#2898 = CYLINDRICAL_SURFACE ( 'NONE', #949, 1.000000000000000000 ) ;
#2899 = CARTESIAN_POINT ( 'NONE',  ( -6.321631297049735920, -0.6783687029502685206, 9.035288377008798832 ) ) ;
#2900 = ORIENTED_EDGE ( 'NONE', *, *, #1007, .T. ) ;
#2901 = B_SPLINE_CURVE_WITH_KNOTS ( 'NONE', 3,
 ( #3005, #1365, #626, #1643 ),
 .UNSPECIFIED., .F., .F.,
 ( 4, 4 ),
 ( 0.000000000000000000, 1.000000000000000000 ),
 .UNSPECIFIED. ) ;
#2902 = ADVANCED_FACE ( 'NONE', ( #294 ), #41, .T. ) ;
#2903 = DIRECTION ( 'NONE',  ( -0.000000000000000000, -0.000000000000000000, 1.000000000000000000 ) ) ;
#2904 = VERTEX_POINT ( 'NONE', #1370 ) ;
#2905 = CARTESIAN_POINT ( 'NONE',  ( -14.21182324520111884, -12.03066871794928439, 40.50000000000000000 ) ) ;
#2906 = DIRECTION ( 'NONE',  ( 0.000000000000000000, 0.000000000000000000, 1.000000000000000000 ) ) ;
#2907 = EDGE_CURVE ( 'NONE', #2786, #2554, #1985, .T. ) ;
#2908 = LINE ( 'NONE', #547, #2011 ) ;
#2909 = VECTOR ( 'NONE', #2815, 1000.000000000000000 ) ;
#2910 = VECTOR ( 'NONE', #225, 1000.000000000000000 ) ;
#2911 = CARTESIAN_POINT ( 'NONE',  ( -5.500012196164719036, -0.9488169886043452683, 10.18383008113846877 ) ) ;
#2912 = DIRECTION ( 'NONE',  ( 1.000000000000000000, 0.000000000000000000, 0.000000000000000000 ) ) ;
#2913 = AXIS2_PLACEMENT_3D ( 'NONE', #476, #2591, #2798 ) ;
#2914 = FACE_OUTER_BOUND ( 'NONE', #1230, .T. ) ;
#2915 = VECTOR ( 'NONE', #1679, 1000.000000000000000 ) ;
#2916 = FACE_OUTER_BOUND ( 'NONE', #1089, .T. ) ;
#2917 = DIRECTION ( 'NONE',  ( 0.000000000000000000, 0.000000000000000000, 1.000000000000000000 ) ) ;
#2918 = ORIENTED_EDGE ( 'NONE', *, *, #167, .F. ) ;
#2919 = CARTESIAN_POINT ( 'NONE',  ( -5.939339828220207451, -0.2357022603954921913, 9.528174684192443067 ) ) ;
#2920 = EDGE_LOOP ( 'NONE', ( #3064, #3069, #655, #2602 ) ) ;
#2921 = CARTESIAN_POINT ( 'NONE',  ( 6.173921223560391525, -0.07931466350203909832, 9.499990508357386787 ) ) ;
#2922 = ORIENTED_EDGE ( 'NONE', *, *, #3194, .T. ) ;
#2923 = PLANE ( 'NONE',  #814 ) ;
#2924 = VECTOR ( 'NONE', #244, 1000.000000000000000 ) ;
#2925 = AXIS2_PLACEMENT_3D ( 'NONE', #972, #2031, #783 ) ;
#2926 = DIRECTION ( 'NONE',  ( 1.000000000000000000, 0.000000000000000000, 0.000000000000000000 ) ) ;
#2927 = FACE_OUTER_BOUND ( 'NONE', #3356, .T. ) ;
#2928 = CARTESIAN_POINT ( 'NONE',  ( -20.49999999999999645, -1.500000000000004219, 43.50000000000000711 ) ) ;
#2929 = EDGE_CURVE ( 'NONE', #1969, #621, #311, .T. ) ;
#2930 = CARTESIAN_POINT ( 'NONE',  ( 6.000000000000000000, -7.000000000000000000, 38.50000000000000000 ) ) ;
#2931 = CARTESIAN_POINT ( 'NONE',  ( -13.00000000000000178, -16.00000000000000000, 43.00000000000000000 ) ) ;
#2932 = VERTEX_POINT ( 'NONE', #1629 ) ;
#2933 = DIRECTION ( 'NONE',  ( 1.445602896647331768E-16, -1.000000000000000000, 0.000000000000000000 ) ) ;
#2934 = VERTEX_POINT ( 'NONE', #807 ) ;
#2935 = AXIS2_PLACEMENT_3D ( 'NONE', #1267, #1769, #2526 ) ;
#2936 = PRODUCT_DEFINITION_SHAPE ( 'NONE', 'NONE',  #2372 ) ;
#2937 = ORIENTED_EDGE ( 'NONE', *, *, #2799, .F. ) ;
#2938 = CARTESIAN_POINT ( 'NONE',  ( 5.500690318585256477, -0.9123895559628613094, 10.09052696466337906 ) ) ;
#2939 = VECTOR ( 'NONE', #1434, 999.9999999999998863 ) ;
#2940 = EDGE_LOOP ( 'NONE', ( #2771, #3275, #2038, #835, #1488, #483, #2286, #2574 ) ) ;
#2941 = LINE ( 'NONE', #3386, #2685 ) ;
#2942 = ADVANCED_FACE ( 'NONE', ( #2880 ), #279, .T. ) ;
#2943 = CARTESIAN_POINT ( 'NONE',  ( -5.634299437014721690, -0.5284230075428627549, 9.650593213455922026 ) ) ;
#2944 = CARTESIAN_POINT ( 'NONE',  ( -21.99999999999999645, -6.500000000000099476, 40.50000000000000000 ) ) ;
#2945 = ORIENTED_EDGE ( 'NONE', *, *, #1718, .T. ) ;
#2946 = ADVANCED_FACE ( 'NONE', ( #1868 ), #3375, .T. ) ;
#2947 = CARTESIAN_POINT ( 'NONE',  ( -12.00000000000003197, -7.000000000000002665, 40.50000000000000000 ) ) ;
#2948 = CARTESIAN_POINT ( 'NONE',  ( -19.03066871794914761, -5.611823245201309263, 0.000000000000000000 ) ) ;
#2949 = ADVANCED_FACE ( 'NONE', ( #503 ), #1820, .T. ) ;
#2950 = CARTESIAN_POINT ( 'NONE',  ( 6.000000000000031974, -5.000000000000000000, -12.64911064067357671 ) ) ;
#2951 = ORIENTED_EDGE ( 'NONE', *, *, #2105, .F. ) ;
#2952 = CARTESIAN_POINT ( 'NONE',  ( 5.535479524664335571, -0.7255919315293906102, 9.811279491832316069 ) ) ;
#2953 = VERTEX_POINT ( 'NONE', #2616 ) ;
#2954 = LINE ( 'NONE', #571, #2193 ) ;
#2955 = ORIENTED_EDGE ( 'NONE', *, *, #2473, .T. ) ;
#2956 = FACE_BOUND ( 'NONE', #937, .T. ) ;
#2957 = DIRECTION ( 'NONE',  ( -0.4999999999999965028, -0.5000000000000013323, 0.7071067811865491270 ) ) ;
#2958 = CARTESIAN_POINT ( 'NONE',  ( 0.000000000000000000, 0.000000000000000000, 0.000000000000000000 ) ) ;
#2959 = DIRECTION ( 'NONE',  ( 1.000000000000000000, 0.000000000000000000, 0.000000000000000000 ) ) ;
#2960 = DIRECTION ( 'NONE',  ( 0.7071067811865421326, 0.000000000000000000, 0.7071067811865530128 ) ) ;
#2961 = ORIENTED_EDGE ( 'NONE', *, *, #1861, .F. ) ;
#2962 = CARTESIAN_POINT ( 'NONE',  ( -17.43066871794914618, -5.611823245201309263, 40.50000000000000000 ) ) ;
#2963 = AXIS2_PLACEMENT_3D ( 'NONE', #1112, #2460, #1378 ) ;
#2964 = LINE ( 'NONE', #1066, #1641 ) ;
#2965 = ORIENTED_EDGE ( 'NONE', *, *, #991, .T. ) ;
#2966 = AXIS2_PLACEMENT_3D ( 'NONE', #18, #1815, #2926 ) ;
#2967 = VECTOR ( 'NONE', #37, 1000.000000000000114 ) ;
#2968 = CARTESIAN_POINT ( 'NONE',  ( -20.49999999999999645, -0.9999999999999991118, 41.00000000000000000 ) ) ;
#2969 = CARTESIAN_POINT ( 'NONE',  ( 5.667702051171962907, -0.4826244058980365126, 9.623759064844731981 ) ) ;
#2970 = VERTEX_POINT ( 'NONE', #1085 ) ;
#2971 = CARTESIAN_POINT ( 'NONE',  ( 14.41421356237309404, -15.41421356237309936, 43.00000000000000000 ) ) ;
#2972 = VERTEX_POINT ( 'NONE', #2117 ) ;
#2973 = CARTESIAN_POINT ( 'NONE',  ( 10.58578643762693794, 5.499999999999992006, 9.500000000000000000 ) ) ;
#2974 = CYLINDRICAL_SURFACE ( 'NONE', #2306, 2.000000000000005329 ) ;
#2975 = FACE_OUTER_BOUND ( 'NONE', #3259, .T. ) ;
#2976 = DIRECTION ( 'NONE',  ( 0.7071067811865391350, -0.7071067811865560104, 0.000000000000000000 ) ) ;
#2977 = ORIENTED_EDGE ( 'NONE', *, *, #3346, .F. ) ;
#2978 = AXIS2_PLACEMENT_3D ( 'NONE', #644, #1165, #100 ) ;
#2979 = DIRECTION ( 'NONE',  ( 0.000000000000000000, -0.5299989400031799303, 0.8479983040050880216 ) ) ;
#2980 = DIRECTION ( 'NONE',  ( 0.000000000000000000, -0.5299989400031799303, 0.8479983040050880216 ) ) ;
#2981 = ORIENTED_EDGE ( 'NONE', *, *, #2444, .T. ) ;
#2982 = EDGE_CURVE ( 'NONE', #2993, #2606, #2208, .T. ) ;
#2983 = ORIENTED_EDGE ( 'NONE', *, *, #2004, .F. ) ;
#2984 = AXIS2_PLACEMENT_3D ( 'NONE', #2705, #2933, #2637 ) ;
#2985 = EDGE_LOOP ( 'NONE', ( #2077, #296, #1790, #1618 ) ) ;
#2986 = DIRECTION ( 'NONE',  ( -0.5000000000000002220, 0.5000000000000002220, 0.7071067811865472397 ) ) ;
#2987 = EDGE_LOOP ( 'NONE', ( #2389, #289 ) ) ;
#2988 = DIRECTION ( 'NONE',  ( 0.000000000000000000, 0.000000000000000000, 1.000000000000000000 ) ) ;
#2989 = AXIS2_PLACEMENT_3D ( 'NONE', #566, #1601, #1352 ) ;
#2990 = EDGE_CURVE ( 'NONE', #2007, #2766, #1017, .T. ) ;
#2991 = CARTESIAN_POINT ( 'NONE',  ( -6.005772825737784260, -1.305566906650707626, 9.671545404740918173 ) ) ;
#2992 = CARTESIAN_POINT ( 'NONE',  ( -21.99999999999999645, -6.500000000000099476, 40.50000000000000000 ) ) ;
#2993 = VERTEX_POINT ( 'NONE', #245 ) ;
#2994 = CARTESIAN_POINT ( 'NONE',  ( 12.00000000000003375, -6.999999999999999112, 40.50000000000000000 ) ) ;
#2995 = DIRECTION ( 'NONE',  ( 0.000000000000000000, 0.000000000000000000, -1.000000000000000000 ) ) ;
#2996 = ORIENTED_EDGE ( 'NONE', *, *, #3179, .T. ) ;
#2997 = ADVANCED_FACE ( 'NONE', ( #2351 ), #2897, .T. ) ;
#2998 = ORIENTED_EDGE ( 'NONE', *, *, #1609, .F. ) ;
#2999 = ORIENTED_EDGE ( 'NONE', *, *, #1178, .F. ) ;
#3000 = EDGE_CURVE ( 'NONE', #2332, #1337, #2661, .T. ) ;
#3001 = FACE_OUTER_BOUND ( 'NONE', #2079, .T. ) ;
#3002 = ORIENTED_EDGE ( 'NONE', *, *, #1490, .T. ) ;
#3003 = CONICAL_SURFACE ( 'NONE', #332, 6.499999999999999112, 0.7853981633974466137 ) ;
#3004 = CARTESIAN_POINT ( 'NONE',  ( 12.99999999999999822, -14.00000000000000355, 41.00000000000000000 ) ) ;
#3005 = CARTESIAN_POINT ( 'NONE',  ( -5.499999972418829763, -0.9428088399251906004, 10.16666609629544027 ) ) ;
#3006 = CARTESIAN_POINT ( 'NONE',  ( -6.000008130776490312, -1.420221509395414694, 10.02574512170787635 ) ) ;
#3007 = CARTESIAN_POINT ( 'NONE',  ( -6.024874352335628735, -1.182208783658794005, 9.437128772756507189 ) ) ;
#3008 = ORIENTED_EDGE ( 'NONE', *, *, #1336, .T. ) ;
#3009 = PLANE ( 'NONE',  #408 ) ;
#3010 = CARTESIAN_POINT ( 'NONE',  ( -20.63066871794915258, -5.611823245201309263, 40.50000000000000000 ) ) ;
#3011 = ORIENTED_EDGE ( 'NONE', *, *, #2982, .F. ) ;
#3012 = CARTESIAN_POINT ( 'NONE',  ( 6.013336064693484140, -1.243829834639676335, 9.538263302475806782 ) ) ;
#3013 = VECTOR ( 'NONE', #2475, 1000.000000000000000 ) ;
#3014 = VERTEX_POINT ( 'NONE', #3157 ) ;
#3015 = VECTOR ( 'NONE', #1376, 1000.000000000000000 ) ;
#3016 = VECTOR ( 'NONE', #3388, 999.9999999999998863 ) ;
#3017 = DIRECTION ( 'NONE',  ( -0.000000000000000000, 1.000000000000000000, -0.000000000000000000 ) ) ;
#3018 = CIRCLE ( 'NONE', #3294, 1.499999999999996225 ) ;
#3019 = ORIENTED_EDGE ( 'NONE', *, *, #2810, .F. ) ;
#3020 = CARTESIAN_POINT ( 'NONE',  ( -5.500000000000030198, -5.000000000000001776, 0.5000000000000004441 ) ) ;
#3021 = CARTESIAN_POINT ( 'NONE',  ( -6.010065740247893196, -1.271656309347977132, 9.599422152084965632 ) ) ;
#3022 = DIRECTION ( 'NONE',  ( 1.000000000000000000, 0.000000000000000000, 0.000000000000000000 ) ) ;
#3023 = ORIENTED_EDGE ( 'NONE', *, *, #2627, .F. ) ;
#3024 = DIRECTION ( 'NONE',  ( 1.000000000000000000, 0.000000000000000000, 0.000000000000000000 ) ) ;
#3025 = DIRECTION ( 'NONE',  ( 0.000000000000000000, 0.000000000000000000, 1.000000000000000000 ) ) ;
#3026 = EDGE_LOOP ( 'NONE', ( #1069, #489 ) ) ;
#3027 = CONICAL_SURFACE ( 'NONE', #2592, 1.999999999999998224, 0.7853981633974492782 ) ;
#3028 = PLANE ( 'NONE',  #1306 ) ;
#3029 = ADVANCED_FACE ( 'NONE', ( #2368 ), #1346, .F. ) ;
#3030 = DIRECTION ( 'NONE',  ( 0.000000000000000000, -0.7071067811865474617, 0.7071067811865474617 ) ) ;
#3031 = CIRCLE ( 'NONE', #1546, 0.9999999999999956701 ) ;
#3032 = ORIENTED_EDGE ( 'NONE', *, *, #2174, .T. ) ;
#3033 = ORIENTED_EDGE ( 'NONE', *, *, #336, .F. ) ;
#3034 = ADVANCED_FACE ( 'NONE', ( #2914 ), #1720, .T. ) ;
#3035 = CARTESIAN_POINT ( 'NONE',  ( 4.304003391989215110, -9.412498675003972082, 39.55999788000635675 ) ) ;
#3036 = DIRECTION ( 'NONE',  ( 1.982541115402008904E-15, -1.000000000000000000, 0.000000000000000000 ) ) ;
#3037 = CARTESIAN_POINT ( 'NONE',  ( -21.91421356237307805, -7.914213562373201505, 43.00000000000000000 ) ) ;
#3038 = ORIENTED_EDGE ( 'NONE', *, *, #1928, .T. ) ;
#3039 = VECTOR ( 'NONE', #1211, 1000.000000000000000 ) ;
#3040 = EDGE_CURVE ( 'NONE', #3211, #2585, #228, .T. ) ;
#3041 = DIRECTION ( 'NONE',  ( -1.000000000000000000, 0.000000000000000000, 0.000000000000000000 ) ) ;
#3042 = VECTOR ( 'NONE', #2821, 1000.000000000000000 ) ;
#3043 = CARTESIAN_POINT ( 'NONE',  ( -12.00000000000003020, -1.500000000000003109, 40.50000000000000000 ) ) ;
#3044 = EDGE_LOOP ( 'NONE', ( #1462, #2690, #1279, #58 ) ) ;
#3045 = CARTESIAN_POINT ( 'NONE',  ( 5.500261343328841868, -0.9618579213778140069, 10.22605935755764861 ) ) ;
#3046 = ADVANCED_FACE ( 'NONE', ( #1967 ), #326, .F. ) ;
#3047 = CARTESIAN_POINT ( 'NONE',  ( 7.527864045000449700, -5.000000000000000000, 38.50000000000000000 ) ) ;
#3048 = CARTESIAN_POINT ( 'NONE',  ( 21.91421356237308515, -7.914213562373196176, 40.50000000000000000 ) ) ;
#3049 = ORIENTED_EDGE ( 'NONE', *, *, #1032, .T. ) ;
#3050 = CARTESIAN_POINT ( 'NONE',  ( -6.527474614153663701, -0.4725253858463335233, 8.999985762536065081 ) ) ;
#3051 = DIRECTION ( 'NONE',  ( -0.000000000000000000, -0.000000000000000000, -1.000000000000000000 ) ) ;
#3052 = VERTEX_POINT ( 'NONE', #2171 ) ;
#3053 = CARTESIAN_POINT ( 'NONE',  ( -5.503854282660590513, -0.8708316455389788491, 10.00817922441960128 ) ) ;
#3054 = CARTESIAN_POINT ( 'NONE',  ( -22.00000000000000000, 0.000000000000000000, 43.50000000000000711 ) ) ;
#3055 = DIRECTION ( 'NONE',  ( -0.000000000000000000, -0.000000000000000000, -1.000000000000000000 ) ) ;
#3056 = ORIENTED_EDGE ( 'NONE', *, *, #2249, .F. ) ;
#3057 = FACE_OUTER_BOUND ( 'NONE', #2940, .T. ) ;
#3058 = ADVANCED_FACE ( 'NONE', ( #1698 ), #650, .T. ) ;
#3059 = CARTESIAN_POINT ( 'NONE',  ( 14.06066017177982275, -15.06066017177982275, 40.50000000000000000 ) ) ;
#3060 = VERTEX_POINT ( 'NONE', #2156 ) ;
#3061 = CARTESIAN_POINT ( 'NONE',  ( 5.508612510131589701, -0.8344785869959923108, 9.948191310455952063 ) ) ;
#3062 = PLANE ( 'NONE',  #964 ) ;
#3063 = PLANE ( 'NONE',  #658 ) ;
#3064 = ORIENTED_EDGE ( 'NONE', *, *, #2412, .T. ) ;
#3065 = CARTESIAN_POINT ( 'NONE',  ( -6.292893218813455647, -2.134988467756604903E-15, 9.500000000000000000 ) ) ;
#3066 = AXIS2_PLACEMENT_3D ( 'NONE', #3363, #1551, #2603 ) ;
#3067 = CARTESIAN_POINT ( 'NONE',  ( 6.000000000000031974, -4.500000000000000000, 31.69999999999999929 ) ) ;
#3068 = AXIS2_PLACEMENT_3D ( 'NONE', #2577, #3303, #207 ) ;
#3069 = ORIENTED_EDGE ( 'NONE', *, *, #2444, .F. ) ;
#3070 = AXIS2_PLACEMENT_3D ( 'NONE', #2773, #3339, #2226 ) ;
#3071 = DIRECTION ( 'NONE',  ( 0.000000000000000000, 0.000000000000000000, -1.000000000000000000 ) ) ;
#3072 = EDGE_CURVE ( 'NONE', #2871, #648, #2885, .T. ) ;
#3073 = CARTESIAN_POINT ( 'NONE',  ( -5.500000000000030198, -5.000000000000001776, -12.64911064067357671 ) ) ;
#3074 = AXIS2_PLACEMENT_3D ( 'NONE', #856, #357, #1916 ) ;
#3075 = CARTESIAN_POINT ( 'NONE',  ( 10.58578643762693794, 5.999999999999992006, 0.5000000000000004441 ) ) ;
#3076 = EDGE_LOOP ( 'NONE', ( #3262, #3213 ) ) ;
#3077 = CARTESIAN_POINT ( 'NONE',  ( -21.56066017177980498, -7.560660171779925776, 40.50000000000000000 ) ) ;
#3078 = CARTESIAN_POINT ( 'NONE',  ( 6.000000000000031086, -1.414213562373067168, 9.999999999999875655 ) ) ;
#3079 = ORIENTED_EDGE ( 'NONE', *, *, #1928, .F. ) ;
#3080 = CARTESIAN_POINT ( 'NONE',  ( 6.292893218813485845, -0.7071067811865179298, 9.042262026288652166 ) ) ;
#3081 =( BOUNDED_CURVE ( )  B_SPLINE_CURVE ( 3, ( #410, #465, #1530, #1229 ),
 .UNSPECIFIED., .F., .F. ) 
 B_SPLINE_CURVE_WITH_KNOTS ( ( 4, 4 ),
 ( 1.570796326794896780, 3.141592653589808215 ),
 .UNSPECIFIED. ) 
 CURVE ( )  GEOMETRIC_REPRESENTATION_ITEM ( )  RATIONAL_B_SPLINE_CURVE ( ( 1.000000000000000000, 0.8047378541243614958, 0.8047378541243614958, 1.000000000000000000 ) ) 
 REPRESENTATION_ITEM ( '' )  );
#3082 = DIRECTION ( 'NONE',  ( -1.000000000000000000, 0.000000000000000000, 0.000000000000000000 ) ) ;
#3083 = DIRECTION ( 'NONE',  ( 0.000000000000000000, 0.000000000000000000, 1.000000000000000000 ) ) ;
#3084 = AXIS2_PLACEMENT_3D ( 'NONE', #2413, #3156, #2560 ) ;
#3085 = VERTEX_POINT ( 'NONE', #1436 ) ;
#3086 = CARTESIAN_POINT ( 'NONE',  ( 6.292893218813453871, -5.430091513100150360E-16, 9.500000000000000000 ) ) ;
#3087 = ADVANCED_FACE ( 'NONE', ( #3219 ), #2768, .T. ) ;
#3088 = CARTESIAN_POINT ( 'NONE',  ( 6.058981226531528819, -0.1559449643060176194, 9.512136527534133634 ) ) ;
#3089 = ORIENTED_EDGE ( 'NONE', *, *, #2843, .T. ) ;
#3090 = CARTESIAN_POINT ( 'NONE',  ( -5.736306438305462052, -0.4025522965701012756, 9.583787129084692324 ) ) ;
#3091 = EDGE_CURVE ( 'NONE', #3374, #215, #1169, .T. ) ;
#3092 = DIRECTION ( 'NONE',  ( 1.000000000000000000, 0.000000000000000000, 0.000000000000000000 ) ) ;
#3093 = ADVANCED_FACE ( 'NONE', ( #118 ), #1774, .F. ) ;
#3094 = CARTESIAN_POINT ( 'NONE',  ( 6.497379697103592200, -0.5026203028964123520, 9.007161947281407066 ) ) ;
#3095 = ORIENTED_EDGE ( 'NONE', *, *, #3133, .T. ) ;
#3096 = CARTESIAN_POINT ( 'NONE',  ( 21.91421356237308515, -7.914213562373196176, 41.00000000000000000 ) ) ;
#3097 = DIRECTION ( 'NONE',  ( 0.000000000000000000, 0.000000000000000000, 1.000000000000000000 ) ) ;
#3098 = VERTEX_POINT ( 'NONE', #2439 ) ;
#3100 = LINE ( 'NONE', #1783, #3238 ) ;
#3099 = AXIS2_PLACEMENT_3D ( 'NONE', #2666, #1851, #1037 ) ;
#3101 = VECTOR ( 'NONE', #2404, 1000.000000000000000 ) ;
#3102 = CARTESIAN_POINT ( 'NONE',  ( 6.000000000000000000, -5.000000000000000000, 32.50000000000000000 ) ) ;
#3103 = CARTESIAN_POINT ( 'NONE',  ( 6.000000000000031086, -1.414213562373067168, 0.5000000000000004441 ) ) ;
#3104 = AXIS2_PLACEMENT_3D ( 'NONE', #973, #1292, #1778 ) ;
#3105 = ORIENTED_EDGE ( 'NONE', *, *, #2454, .F. ) ;
#3106 = PLANE ( 'NONE',  #1412 ) ;
#3107 = ORIENTED_EDGE ( 'NONE', *, *, #2516, .F. ) ;
#3108 = ADVANCED_FACE ( 'NONE', ( #56 ), #1120, .T. ) ;
#3109 = CARTESIAN_POINT ( 'NONE',  ( 22.50000000000000000, -2.999999999999994227, 40.50000000000000000 ) ) ;
#3110 = ADVANCED_FACE ( 'NONE', ( #1899 ), #3009, .T. ) ;
#3111 = VERTEX_POINT ( 'NONE', #1950 ) ;
#3112 = LINE ( 'NONE', #714, #1693 ) ;
#3113 = CARTESIAN_POINT ( 'NONE',  ( -13.00000000000000178, -14.00000000000000000, 40.50000000000000000 ) ) ;
#3114 = DIRECTION ( 'NONE',  ( -2.168404344971008868E-16, 1.000000000000000000, 0.000000000000000000 ) ) ;
#3115 = ORIENTED_EDGE ( 'NONE', *, *, #778, .T. ) ;
#3116 = DIRECTION ( 'NONE',  ( 0.7071067811865515695, 0.7071067811865435759, 0.000000000000000000 ) ) ;
#3117 = LINE ( 'NONE', #2556, #1077 ) ;
#3118 = ORIENTED_EDGE ( 'NONE', *, *, #167, .T. ) ;
#3119 = CARTESIAN_POINT ( 'NONE',  ( 5.797560660851160286, -0.3443295083743782570, 9.560829352195531428 ) ) ;
#3120 = B_SPLINE_CURVE_WITH_KNOTS ( 'NONE', 3,
 ( #3196, #272, #2874, #2938, #2327, #1326, #495, #1556, #239, #1027, #2082, #3147, #1829, #510, #2428, #1706, #833, #592, #2744, #110, #1891, #2409, #3276, #1147, #369, #3224, #884 ),
 .UNSPECIFIED., .F., .F.,
 ( 4, 2, 1, 2, 2, 2, 2, 2, 2, 2, 2, 2, 2, 4 ),
 ( 0.000000000000000000, 0.06250000000000280331, 0.09375000000000642542, 0.1093750000000059536, 0.1250000000000054678, 0.1875000000000074385, 0.2187500000000084099, 0.2500000000000093814, 0.3125000000000072164, 0.3750000000000051070, 0.4375000000000029421, 0.5000000000000007772, 0.7500000000000004441, 1.000000000000000000 ),
 .UNSPECIFIED. ) ;
#3121 = CARTESIAN_POINT ( 'NONE',  ( 4.000000000000000000, -5.000000000000002665, 38.50000000000000000 ) ) ;
#3122 = CARTESIAN_POINT ( 'NONE',  ( -11.01182324520111067, -12.03066871794928439, 0.000000000000000000 ) ) ;
#3123 = VERTEX_POINT ( 'NONE', #2962 ) ;
#3124 = CARTESIAN_POINT ( 'NONE',  ( 6.410744349011211263, -0.1178511301977614306, 9.333333333333328596 ) ) ;
#3125 = VERTEX_POINT ( 'NONE', #2702 ) ;
#3126 = VERTEX_POINT ( 'NONE', #582 ) ;
#3127 = LINE ( 'NONE', #455, #802 ) ;
#3128 = CYLINDRICAL_SURFACE ( 'NONE', #2758, 1.600000000000004086 ) ;
#3129 = CIRCLE ( 'NONE', #472, 2.000000000000005329 ) ;
#3130 = CARTESIAN_POINT ( 'NONE',  ( 6.410475574652148900, -0.5895244253478559848, 9.017490347623855484 ) ) ;
#3131 = CIRCLE ( 'NONE', #2802, 1.600000000000004086 ) ;
#3132 = DIRECTION ( 'NONE',  ( 0.000000000000000000, 0.000000000000000000, 1.000000000000000000 ) ) ;
#3133 = EDGE_CURVE ( 'NONE', #603, #1204, #1799, .T. ) ;
#3134 = CIRCLE ( 'NONE', #2519, 1.600000000000004086 ) ;
#3135 = CARTESIAN_POINT ( 'NONE',  ( -13.00000000000000178, -14.00000000000000000, 40.50000000000000000 ) ) ;
#3136 = DIRECTION ( 'NONE',  ( 0.000000000000000000, 0.7071067811865479058, 0.7071067811865472397 ) ) ;
#3137 = EDGE_CURVE ( 'NONE', #1538, #1067, #2189, .T. ) ;
#3138 = CARTESIAN_POINT ( 'NONE',  ( -5.500000000000040856, -4.500000000000001776, 0.000000000000000000 ) ) ;
#3139 = DIRECTION ( 'NONE',  ( 0.000000000000000000, 0.000000000000000000, 1.000000000000000000 ) ) ;
#3140 = EDGE_LOOP ( 'NONE', ( #394, #1986, #383, #3115 ) ) ;
#3141 = CYLINDRICAL_SURFACE ( 'NONE', #1855, 2.000000000000005329 ) ;
#3142 = ORIENTED_EDGE ( 'NONE', *, *, #1351, .T. ) ;
#3143 = EDGE_CURVE ( 'NONE', #2063, #2932, #601, .T. ) ;
#3144 = ORIENTED_EDGE ( 'NONE', *, *, #1658, .T. ) ;
#3145 = DIRECTION ( 'NONE',  ( 0.000000000000000000, 0.000000000000000000, 1.000000000000000000 ) ) ;
#3146 = AXIS2_PLACEMENT_3D ( 'NONE', #2866, #1246, #560 ) ;
#3147 = CARTESIAN_POINT ( 'NONE',  ( 5.507118916575981515, -0.8453763594533484360, 9.965724546654705307 ) ) ;
#3148 = EDGE_CURVE ( 'NONE', #621, #2851, #2718, .T. ) ;
#3149 = CARTESIAN_POINT ( 'NONE',  ( 6.000000000000031974, -5.000000000000000000, 32.50000000000000000 ) ) ;
#3150 = DIRECTION ( 'NONE',  ( 0.000000000000000000, 0.000000000000000000, 1.000000000000000000 ) ) ;
#3151 = EDGE_CURVE ( 'NONE', #1676, #3419, #2071, .T. ) ;
#3152 = FACE_OUTER_BOUND ( 'NONE', #1971, .T. ) ;
#3153 = CARTESIAN_POINT ( 'NONE',  ( 6.053016365880115046, -1.092132151725033973, 9.323198269899263479 ) ) ;
#3154 = EDGE_CURVE ( 'NONE', #638, #1952, #1665, .T. ) ;
#3155 = EDGE_CURVE ( 'NONE', #666, #1897, #35, .T. ) ;
#3156 = DIRECTION ( 'NONE',  ( 0.000000000000000000, 0.000000000000000000, 1.000000000000000000 ) ) ;
#3157 = CARTESIAN_POINT ( 'NONE',  ( 12.00000000000003197, -0.9999999999999993339, 41.00000000000000000 ) ) ;
#3158 = ORIENTED_EDGE ( 'NONE', *, *, #992, .F. ) ;
#3159 = CARTESIAN_POINT ( 'NONE',  ( -21.91421356237307805, -7.914213562373201505, 43.00000000000000000 ) ) ;
#3160 = EDGE_LOOP ( 'NONE', ( #1631, #3008, #1142, #1794 ) ) ;
#3161 = ADVANCED_FACE ( 'NONE', ( #3057 ), #2254, .T. ) ;
#3162 = PRODUCT_RELATED_PRODUCT_CATEGORY ( 'part', '', ( #2118 ) ) ;
#3163 = LINE ( 'NONE', #1632, #604 ) ;
#3164 = ORIENTED_EDGE ( 'NONE', *, *, #379, .T. ) ;
#3165 = PRESENTATION_STYLE_ASSIGNMENT (( #2656 ) ) ;
#3166 = DIRECTION ( 'NONE',  ( 1.000000000000000000, 0.000000000000000000, 0.000000000000000000 ) ) ;
#3167 = LINE ( 'NONE', #755, #3233 ) ;
#3168 = CARTESIAN_POINT ( 'NONE',  ( -5.500995196985948077, -0.9795827739418757618, 10.29686075340435103 ) ) ;
#3169 = LINE ( 'NONE', #1401, #3405 ) ;
#3170 = DIRECTION ( 'NONE',  ( -0.7071067811865495711, -0.7071067811865454633, 0.000000000000000000 ) ) ;
#3171 = EDGE_LOOP ( 'NONE', ( #1323, #2580, #2266, #3301 ) ) ;
#3172 = CARTESIAN_POINT ( 'NONE',  ( 6.646446609406728712, -0.3535533905932765619, 8.999999999999985789 ) ) ;
#3173 = ORIENTED_EDGE ( 'NONE', *, *, #377, .F. ) ;
#3174 = LINE ( 'NONE', #2141, #2200 ) ;
#3175 = ORIENTED_EDGE ( 'NONE', *, *, #261, .T. ) ;
#3176 = CARTESIAN_POINT ( 'NONE',  ( 12.61182324520111742, -12.03066871794928083, 0.000000000000000000 ) ) ;
#3177 = ORIENTED_EDGE ( 'NONE', *, *, #778, .F. ) ;
#3178 = CARTESIAN_POINT ( 'NONE',  ( -19.03066871794914761, -5.611823245201309263, 40.50000000000000000 ) ) ;
#3179 = EDGE_CURVE ( 'NONE', #1509, #2272, #2053, .T. ) ;
#3180 = B_SPLINE_SURFACE_WITH_KNOTS ( 'NONE', 1, 3, ( 
 ( #3310, #1987, #3050, #851 ),
 ( #2919, #502, #449, #2847 ) ),
 .UNSPECIFIED., .F., .F., .F.,
 ( 2, 2 ),
 ( 4, 4 ),
 ( 0.000000000000000000, 1.000000000000000000 ),
 ( 4.474447855554507747, 4.712388980384690562 ),
 .UNSPECIFIED. ) ;
#3181 = LINE ( 'NONE', #784, #1691 ) ;
#3182 = VECTOR ( 'NONE', #234, 1000.000000000000114 ) ;
#3183 = VECTOR ( 'NONE', #1979, 999.9999999999998863 ) ;
#3184 = DIRECTION ( 'NONE',  ( -0.000000000000000000, -0.000000000000000000, 1.000000000000000000 ) ) ;
#3185 = FACE_OUTER_BOUND ( 'NONE', #2178, .T. ) ;
#3186 = CARTESIAN_POINT ( 'NONE',  ( -11.29289321881348229, 4.292893218813451206, 0.5000000000000004441 ) ) ;
#3187 = VECTOR ( 'NONE', #2863, 999.9999999999998863 ) ;
#3188 = PLANE ( 'NONE',  #1080 ) ;
#3189 = ORIENTED_EDGE ( 'NONE', *, *, #3155, .F. ) ;
#3190 = DIRECTION ( 'NONE',  ( 0.000000000000000000, 0.000000000000000000, 1.000000000000000000 ) ) ;
#3191 = ORIENTED_EDGE ( 'NONE', *, *, #1143, .T. ) ;
#3192 = CARTESIAN_POINT ( 'NONE',  ( 5.939339828220206563, -0.2357022603954949669, 9.528174684192444843 ) ) ;
#3193 = ORIENTED_EDGE ( 'NONE', *, *, #1457, .T. ) ;
#3194 = EDGE_CURVE ( 'NONE', #2724, #249, #576, .T. ) ;
#3195 = EDGE_CURVE ( 'NONE', #2441, #3098, #1744, .T. ) ;
#3196 = CARTESIAN_POINT ( 'NONE',  ( 5.500000011942885791, -0.9428090471607685208, 10.16666668244562644 ) ) ;
#3197 = EDGE_LOOP ( 'NONE', ( #3019, #1345 ) ) ;
#3198 = AXIS2_PLACEMENT_3D ( 'NONE', #355, #1414, #2697 ) ;
#3199 = EDGE_CURVE ( 'NONE', #3393, #2554, #3319, .T. ) ;
#3200 = VECTOR ( 'NONE', #2513, 1000.000000000000000 ) ;
#3201 = CARTESIAN_POINT ( 'NONE',  ( 4.000000000000000000, -7.000000000000000888, 35.70000000000000284 ) ) ;
#3202 = FACE_OUTER_BOUND ( 'NONE', #1712, .T. ) ;
#3203 = LINE ( 'NONE', #1645, #2859 ) ;
#3204 = EDGE_LOOP ( 'NONE', ( #2304, #1212, #298, #3254 ) ) ;
#3205 = CARTESIAN_POINT ( 'NONE',  ( -20.49999999999998934, -6.500000000000099476, 40.50000000000000000 ) ) ;
#3206 = CARTESIAN_POINT ( 'NONE',  ( -0.3535533905932100596, -5.939339828220211004, 9.500000000000000000 ) ) ;
#3207 = VERTEX_POINT ( 'NONE', #1780 ) ;
#3208 = DIRECTION ( 'NONE',  ( 0.000000000000000000, 0.7071067811865474617, 0.7071067811865474617 ) ) ;
#3209 = ORIENTED_EDGE ( 'NONE', *, *, #2255, .F. ) ;
#3210 = DIRECTION ( 'NONE',  ( -2.168404344971008868E-16, -1.000000000000000000, 0.000000000000000000 ) ) ;
#3211 = VERTEX_POINT ( 'NONE', #3077 ) ;
#3212 = CARTESIAN_POINT ( 'NONE',  ( -6.646446609406728712, -0.3535533905932756737, 8.999999999999985789 ) ) ;
#3213 = ORIENTED_EDGE ( 'NONE', *, *, #587, .F. ) ;
#3214 = CARTESIAN_POINT ( 'NONE',  ( 11.58578643762693261, 4.999999999999997335, 0.5000000000000004441 ) ) ;
#3215 = DIRECTION ( 'NONE',  ( -0.000000000000000000, -0.000000000000000000, 1.000000000000000000 ) ) ;
#3216 = CARTESIAN_POINT ( 'NONE',  ( -5.499981987553136165, -0.9440527008022134847, 10.16987670463328897 ) ) ;
#3217 = CARTESIAN_POINT ( 'NONE',  ( -5.500000000000027534, -2.034695203544841719E-15, 10.49999999999999822 ) ) ;
#3218 = ORIENTED_EDGE ( 'NONE', *, *, #420, .F. ) ;
#3219 = FACE_OUTER_BOUND ( 'NONE', #1239, .T. ) ;
#3220 = DIRECTION ( 'NONE',  ( 1.000000000000000000, 0.000000000000000000, 0.000000000000000000 ) ) ;
#3221 = DIRECTION ( 'NONE',  ( 0.000000000000000000, 0.000000000000000000, 1.000000000000000000 ) ) ;
#3222 = CARTESIAN_POINT ( 'NONE',  ( 11.58578643762693261, 4.999999999999997335, 0.5000000000000004441 ) ) ;
#3223 = VERTEX_POINT ( 'NONE', #957 ) ;
#3224 = CARTESIAN_POINT ( 'NONE',  ( 5.845393030936674172, -0.2983350087221740554, 9.543365356955595402 ) ) ;
#3225 = ORIENTED_EDGE ( 'NONE', *, *, #2004, .T. ) ;
#3226 = DIRECTION ( 'NONE',  ( 0.000000000000000000, 1.000000000000000000, 0.000000000000000000 ) ) ;
#3227 = CARTESIAN_POINT ( 'NONE',  ( 6.000000000000001776, -7.000000000000000000, 38.50000000000000000 ) ) ;
#3228 = FACE_OUTER_BOUND ( 'NONE', #2708, .T. ) ;
#3229 = DIRECTION ( 'NONE',  ( -1.000000000000000000, 0.000000000000000000, 0.000000000000000000 ) ) ;
#3230 = ORIENTED_EDGE ( 'NONE', *, *, #2534, .T. ) ;
#3231 = EDGE_CURVE ( 'NONE', #235, #2932, #2842, .T. ) ;
#3232 = DIRECTION ( 'NONE',  ( -0.000000000000000000, 1.000000000000000000, -0.000000000000000000 ) ) ;
#3233 = VECTOR ( 'NONE', #1030, 1000.000000000000000 ) ;
#3234 = STYLED_ITEM ( 'NONE', ( #3165 ), #2183 ) ;
#3235 = FACE_OUTER_BOUND ( 'NONE', #1322, .T. ) ;
#3236 = ORIENTED_EDGE ( 'NONE', *, *, #3154, .F. ) ;
#3237 = EDGE_CURVE ( 'NONE', #1442, #2441, #459, .T. ) ;
#3238 = VECTOR ( 'NONE', #2846, 1000.000000000000000 ) ;
#3239 = CONICAL_SURFACE ( 'NONE', #1360, 1.500000000000004885, 0.7853981633974471688 ) ;
#3240 = EDGE_LOOP ( 'NONE', ( #723, #1786, #536, #2060 ) ) ;
#3241 = EDGE_CURVE ( 'NONE', #301, #2766, #3129, .T. ) ;
#3242 = CIRCLE ( 'NONE', #2578, 6.000000000000000000 ) ;
#3243 = CARTESIAN_POINT ( 'NONE',  ( 5.501756259736250598, -0.8928712103903738706, 10.04874562624898005 ) ) ;
#3244 = ORIENTED_EDGE ( 'NONE', *, *, #3257, .F. ) ;
#3245 = LINE ( 'NONE', #868, #93 ) ;
#3246 = ORIENTED_EDGE ( 'NONE', *, *, #3143, .T. ) ;
#3247 = LINE ( 'NONE', #948, #803 ) ;
#3248 = EDGE_CURVE ( 'NONE', #1188, #1095, #305, .T. ) ;
#3249 = LINE ( 'NONE', #2201, #975 ) ;
#3250 = CIRCLE ( 'NONE', #702, 1.000000000000000000 ) ;
#3251 = EDGE_CURVE ( 'NONE', #55, #2953, #1795, .T. ) ;
#3252 = CARTESIAN_POINT ( 'NONE',  ( -6.000663464657383983, -1.450987294734685795, 10.19529113012158916 ) ) ;
#3253 = CARTESIAN_POINT ( 'NONE',  ( -6.292893218813484957, -0.7071067811865181518, 9.042262026288650389 ) ) ;
#3254 = ORIENTED_EDGE ( 'NONE', *, *, #2929, .F. ) ;
#3255 = AXIS2_PLACEMENT_3D ( 'NONE', #2709, #1394, #1929 ) ;
#3256 = DIRECTION ( 'NONE',  ( 0.7071067811865451302, 1.226634733346702269E-15, 0.7071067811865500152 ) ) ;
#3257 = EDGE_CURVE ( 'NONE', #375, #1377, #2511, .T. ) ;
#3258 = DIRECTION ( 'NONE',  ( 0.4999999999999942824, 0.4999999999999977796, -0.7071067811865531239 ) ) ;
#3259 = EDGE_LOOP ( 'NONE', ( #1697, #1620, #1157, #1113, #339 ) ) ;
#3260 = ADVANCED_FACE ( 'NONE', ( #681 ), #1728, .F. ) ;
#3261 = ADVANCED_FACE ( 'NONE', ( #939 ), #2795, .T. ) ;
#3262 = ORIENTED_EDGE ( 'NONE', *, *, #2434, .F. ) ;
#3263 = EDGE_LOOP ( 'NONE', ( #2311, #1078, #406, #2110 ) ) ;
#3264 = DIRECTION ( 'NONE',  ( -0.7071067811865474617, 0.000000000000000000, 0.7071067811865474617 ) ) ;
#3265 = ORIENTED_EDGE ( 'NONE', *, *, #238, .T. ) ;
#3266 = AXIS2_PLACEMENT_3D ( 'NONE', #3284, #347, #1663 ) ;
#3267 = LINE ( 'NONE', #3020, #2417 ) ;
#3268 = CARTESIAN_POINT ( 'NONE',  ( 6.000000000000001776, -14.00000000000000000, 38.50000000000000000 ) ) ;
#3269 = CARTESIAN_POINT ( 'NONE',  ( 10.58578643762693616, 4.999999999999997335, 0.5000000000000004441 ) ) ;
#3270 = ORIENTED_EDGE ( 'NONE', *, *, #1035, .T. ) ;
#3271 = DIRECTION ( 'NONE',  ( 1.982541115402008904E-15, -1.000000000000000000, 0.000000000000000000 ) ) ;
#3272 = CARTESIAN_POINT ( 'NONE',  ( -5.500000000000027534, -1.000000000000001554, 34.50000000000000000 ) ) ;
#3273 = ORIENTED_EDGE ( 'NONE', *, *, #341, .F. ) ;
#3274 = LINE ( 'NONE', #654, #1021 ) ;
#3275 = ORIENTED_EDGE ( 'NONE', *, *, #2506, .T. ) ;
#3276 = CARTESIAN_POINT ( 'NONE',  ( 5.598952110461162590, -0.5786224779246958994, 9.679573577163621323 ) ) ;
#3277 = ORIENTED_EDGE ( 'NONE', *, *, #1413, .T. ) ;
#3278 = EDGE_CURVE ( 'NONE', #3052, #3223, #1489, .T. ) ;
#3279 = CYLINDRICAL_SURFACE ( 'NONE', #488, 1.600000000000004086 ) ;
#3280 = ADVANCED_FACE ( 'NONE', ( #2274 ), #1506, .F. ) ;
#3281 = CARTESIAN_POINT ( 'NONE',  ( -6.061449069198004302, -1.068210327710752194, 9.295703801234294517 ) ) ;
#3282 = CYLINDRICAL_SURFACE ( 'NONE', #2769, 2.049999999999999822 ) ;
#3283 = ORIENTED_EDGE ( 'NONE', *, *, #1946, .T. ) ;
#3284 = CARTESIAN_POINT ( 'NONE',  ( 10.93933982822020745, 4.646446609406725159, 9.500000000000000000 ) ) ;
#3285 = CARTESIAN_POINT ( 'NONE',  ( 10.58578643762693616, 4.999999999999997335, 8.999999999999985789 ) ) ;
#3286 = EDGE_LOOP ( 'NONE', ( #3049, #2035, #1788, #2538 ) ) ;
#3287 = CARTESIAN_POINT ( 'NONE',  ( -14.41421356237308693, -15.41421356237310292, 40.50000000000000000 ) ) ;
#3288 = ORIENTED_EDGE ( 'NONE', *, *, #1310, .F. ) ;
#3289 = VECTOR ( 'NONE', #1224, 1000.000000000000000 ) ;
#3290 = EDGE_CURVE ( 'NONE', #1509, #1407, #703, .T. ) ;
#3291 = VECTOR ( 'NONE', #509, 1000.000000000000000 ) ;
#3292 = VECTOR ( 'NONE', #242, 1000.000000000000000 ) ;
#3293 = LINE ( 'NONE', #1723, #575 ) ;
#3294 = AXIS2_PLACEMENT_3D ( 'NONE', #565, #281, #76 ) ;
#3295 = ORIENTED_EDGE ( 'NONE', *, *, #896, .T. ) ;
#3296 = ADVANCED_FACE ( 'NONE', ( #34 ), #2892, .F. ) ;
#3297 = DIRECTION ( 'NONE',  ( 0.000000000000000000, 0.000000000000000000, 1.000000000000000000 ) ) ;
#3298 = EDGE_CURVE ( 'NONE', #2477, #2993, #2908, .T. ) ;
#3299 = CARTESIAN_POINT ( 'NONE',  ( -14.41421356237308693, -15.41421356237310292, 41.00000000000000000 ) ) ;
#3300 = DIRECTION ( 'NONE',  ( -1.000000000000000000, 0.000000000000000000, 0.000000000000000000 ) ) ;
#3301 = ORIENTED_EDGE ( 'NONE', *, *, #1031, .F. ) ;
#3302 = EDGE_CURVE ( 'NONE', #1782, #2277, #1022, .T. ) ;
#3303 = DIRECTION ( 'NONE',  ( 0.000000000000000000, 0.000000000000000000, 1.000000000000000000 ) ) ;
#3304 = PLANE ( 'NONE',  #1363 ) ;
#3305 = ORIENTED_EDGE ( 'NONE', *, *, #2166, .F. ) ;
#3306 = VECTOR ( 'NONE', #51, 1000.000000000000000 ) ;
#3307 = FACE_OUTER_BOUND ( 'NONE', #3240, .T. ) ;
#3308 = DIRECTION ( 'NONE',  ( 9.435651794974608658E-17, -0.7071067811865475727, -0.7071067811865475727 ) ) ;
#3309 = ORIENTED_EDGE ( 'NONE', *, *, #1031, .T. ) ;
#3310 = CARTESIAN_POINT ( 'NONE',  ( -6.292893218813480516, -0.7071067811865191510, 9.042262026288650389 ) ) ;
#3311 = CARTESIAN_POINT ( 'NONE',  ( 5.992492646541259127, -0.2002713822377338859, 9.520058909945793957 ) ) ;
#3312 = VERTEX_POINT ( 'NONE', #1081 ) ;
#3313 = CARTESIAN_POINT ( 'NONE',  ( -5.536272125122583709, -0.7240853126258187666, 9.810198644381303623 ) ) ;
#3314 = ADVANCED_FACE ( 'NONE', ( #2596 ), #1046, .F. ) ;
#3315 = FACE_BOUND ( 'NONE', #1944, .T. ) ;
#3316 = LINE ( 'NONE', #1133, #1832 ) ;
#3317 = ORIENTED_EDGE ( 'NONE', *, *, #2907, .F. ) ;
#3318 = AXIS2_PLACEMENT_3D ( 'NONE', #205, #735, #1558 ) ;
#3319 = LINE ( 'NONE', #976, #1959 ) ;
#3320 = AXIS2_PLACEMENT_3D ( 'NONE', #662, #2485, #1468 ) ;
#3321 = DIRECTION ( 'NONE',  ( 1.000000000000000000, 1.445602896647331768E-16, -0.000000000000000000 ) ) ;
#3322 = VERTEX_POINT ( 'NONE', #2113 ) ;
#3323 = CARTESIAN_POINT ( 'NONE',  ( 5.591266985552351798, -0.5984441585022832744, 9.698350707379422175 ) ) ;
#3324 = CARTESIAN_POINT ( 'NONE',  ( 6.000000000000000000, -7.000000000000000000, 38.50000000000000000 ) ) ;
#3325 = DIRECTION ( 'NONE',  ( 1.000000000000000000, 0.000000000000000000, 0.000000000000000000 ) ) ;
#3326 = ORIENTED_EDGE ( 'NONE', *, *, #1962, .T. ) ;
#3327 = CARTESIAN_POINT ( 'NONE',  ( -10.58578643762693616, 4.999999999999997335, 9.500000000000000000 ) ) ;
#3328 = EDGE_CURVE ( 'NONE', #543, #2970, #3167, .T. ) ;
#3329 = CARTESIAN_POINT ( 'NONE',  ( 10.58578643762693616, 4.999999999999997335, 0.000000000000000000 ) ) ;
#3330 = ORIENTED_EDGE ( 'NONE', *, *, #1317, .F. ) ;
#3331 = CARTESIAN_POINT ( 'NONE',  ( -5.939339828220207451, -0.2357022603954921636, 9.528174684192443067 ) ) ;
#3332 = LINE ( 'NONE', #148, #2362 ) ;
#3333 = DIRECTION ( 'NONE',  ( -0.000000000000000000, -0.000000000000000000, 1.000000000000000000 ) ) ;
#3334 = ORIENTED_EDGE ( 'NONE', *, *, #277, .F. ) ;
#3335 = LINE ( 'NONE', #171, #2295 ) ;
#3336 = VERTEX_POINT ( 'NONE', #1864 ) ;
#3337 = CARTESIAN_POINT ( 'NONE',  ( 5.521604184103071411, -0.7734269502128982010, 9.865945214708302657 ) ) ;
#3338 = EDGE_CURVE ( 'NONE', #1779, #1223, #2941, .T. ) ;
#3339 = DIRECTION ( 'NONE',  ( 0.000000000000000000, 0.000000000000000000, 1.000000000000000000 ) ) ;
#3340 = CARTESIAN_POINT ( 'NONE',  ( -8.182156791223835768, -5.096877856446997868, 39.13414147985410096 ) ) ;
#3341 = EDGE_LOOP ( 'NONE', ( #3079, #3095, #507, #1249, #287 ) ) ;
#3342 = CARTESIAN_POINT ( 'NONE',  ( -6.000000000000030198, -4.500000000000001776, 0.000000000000000000 ) ) ;
#3343 = EDGE_CURVE ( 'NONE', #718, #3052, #1472, .T. ) ;
#3344 = AXIS2_PLACEMENT_3D ( 'NONE', #3416, #1787, #467 ) ;
#3345 = CARTESIAN_POINT ( 'NONE',  ( 6.098586696306399269, -0.1295382866777118613, 9.508421848064228854 ) ) ;
#3346 = EDGE_CURVE ( 'NONE', #80, #1044, #2084, .T. ) ;
#3347 = ORIENTED_EDGE ( 'NONE', *, *, #3143, .F. ) ;
#3348 = VECTOR ( 'NONE', #2776, 1000.000000000000000 ) ;
#3349 = CARTESIAN_POINT ( 'NONE',  ( -5.533460976227565276, -0.7326483975661008952, 9.819314344549889384 ) ) ;
#3350 = PLANE ( 'NONE',  #2925 ) ;
#3351 = AXIS2_PLACEMENT_3D ( 'NONE', #1895, #3184, #2959 ) ;
#3352 = PLANE ( 'NONE',  #3104 ) ;
#3353 = ORIENTED_EDGE ( 'NONE', *, *, #420, .T. ) ;
#3354 = CARTESIAN_POINT ( 'NONE',  ( -6.000000000000029310, -1.000000000000001554, -12.64911064067357671 ) ) ;
#3355 = CARTESIAN_POINT ( 'NONE',  ( 22.50000000000000000, -2.999999999999994227, 41.00000000000000000 ) ) ;
#3356 = EDGE_LOOP ( 'NONE', ( #3270, #2636, #3417, #1681 ) ) ;
#3357 = CARTESIAN_POINT ( 'NONE',  ( 6.215810268862288268, -0.7930255451379423226, 9.079274551291929285 ) ) ;
#3358 = CARTESIAN_POINT ( 'NONE',  ( 12.00000000000003197, -0.9999999999999993339, 34.50000000000000000 ) ) ;
#3359 = CARTESIAN_POINT ( 'NONE',  ( -11.60177779973312084, -6.770087107260029491, 40.49006300385735813 ) ) ;
#3360 = CIRCLE ( 'NONE', #1087, 2.000000000000001776 ) ;
#3361 = EDGE_CURVE ( 'NONE', #1337, #1656, #3181, .T. ) ;
#3362 = ORIENTED_EDGE ( 'NONE', *, *, #2990, .T. ) ;
#3363 = CARTESIAN_POINT ( 'NONE',  ( -10.58578643762693616, 4.999999999999997335, 0.5000000000000004441 ) ) ;
#3364 = ORIENTED_EDGE ( 'NONE', *, *, #1314, .T. ) ;
#3365 = CIRCLE ( 'NONE', #920, 0.5000000000000038858 ) ;
#3366 = LINE ( 'NONE', #930, #3348 ) ;
#3367 = ORIENTED_EDGE ( 'NONE', *, *, #1616, .F. ) ;
#3368 = CARTESIAN_POINT ( 'NONE',  ( -5.541728553759898368, -0.7084534234400198249, 9.794153559908437501 ) ) ;
#3369 = DIRECTION ( 'NONE',  ( 0.000000000000000000, 0.000000000000000000, -1.000000000000000000 ) ) ;
#3370 = CARTESIAN_POINT ( 'NONE',  ( -13.00000000000000178, -16.00000000000000000, 41.00000000000000000 ) ) ;
#3371 = ORIENTED_EDGE ( 'NONE', *, *, #3302, .T. ) ;
#3372 = CARTESIAN_POINT ( 'NONE',  ( -20.49999999999998934, -6.500000000000099476, 43.00000000000000000 ) ) ;
#3373 = DIRECTION ( 'NONE',  ( 1.000000000000000000, 0.000000000000000000, 0.000000000000000000 ) ) ;
#3374 = VERTEX_POINT ( 'NONE', #804 ) ;
#3376 = LINE ( 'NONE', #2944, #308 ) ;
#3375 = CONICAL_SURFACE ( 'NONE', #2321, 1.500000000000004885, 0.7853981633974485010 ) ;
#3377 = LINE ( 'NONE', #1563, #2472 ) ;
#3378 = LINE ( 'NONE', #2001, #283 ) ;
#3379 = ORIENTED_EDGE ( 'NONE', *, *, #3133, .F. ) ;
#3380 = DIRECTION ( 'NONE',  ( 0.000000000000000000, 0.000000000000000000, 1.000000000000000000 ) ) ;
#3381 = VERTEX_POINT ( 'NONE', #1848 ) ;
#3382 = VERTEX_POINT ( 'NONE', #1833 ) ;
#3383 = CARTESIAN_POINT ( 'NONE',  ( -5.507079545406091903, -0.8451421190547512285, 9.964998766447937584 ) ) ;
#3384 = FACE_OUTER_BOUND ( 'NONE', #2188, .T. ) ;
#3385 = CARTESIAN_POINT ( 'NONE',  ( 6.587252218028960549, -0.4127477819710447804, 9.000878420578585448 ) ) ;
#3386 = CARTESIAN_POINT ( 'NONE',  ( -5.750000000000034639, -4.500000000000002665, 0.2500000000000000555 ) ) ;
#3387 = EDGE_CURVE ( 'NONE', #2662, #2477, #15, .T. ) ;
#3388 = DIRECTION ( 'NONE',  ( 0.7071067811865516806, -0.7071067811865434649, 0.000000000000000000 ) ) ;
#3389 = ORIENTED_EDGE ( 'NONE', *, *, #586, .T. ) ;
#3390 = CARTESIAN_POINT ( 'NONE',  ( 6.000174228885930106, -1.433262442169863204, 10.08908903634215193 ) ) ;
#3391 = LINE ( 'NONE', #1837, #1649 ) ;
#3392 = CARTESIAN_POINT ( 'NONE',  ( -7.527864045000447923, -5.000000000000001776, 38.50000000000000000 ) ) ;
#3393 = VERTEX_POINT ( 'NONE', #273 ) ;
#3394 = DIRECTION ( 'NONE',  ( -1.000000000000000000, -1.445602896647331768E-16, 0.000000000000000000 ) ) ;
#3395 = VERTEX_POINT ( 'NONE', #513 ) ;
#3396 = EDGE_CURVE ( 'NONE', #666, #1204, #290, .T. ) ;
#3397 = ORIENTED_EDGE ( 'NONE', *, *, #1051, .T. ) ;
#3398 = CARTESIAN_POINT ( 'NONE',  ( 22.50000000000000000, -2.999999999999994227, 40.50000000000000000 ) ) ;
#3399 = AXIS2_PLACEMENT_3D ( 'NONE', #257, #2363, #1560 ) ;
#3400 = CARTESIAN_POINT ( 'NONE',  ( -20.49999999999998934, -6.500000000000099476, 43.50000000000000711 ) ) ;
#3401 = VECTOR ( 'NONE', #3051, 1000.000000000000000 ) ;
#3402 = EDGE_CURVE ( 'NONE', #648, #1662, #768, .T. ) ;
#3403 = VECTOR ( 'NONE', #189, 1000.000000000000000 ) ;
#3404 = DIRECTION ( 'NONE',  ( 1.264902534566415512E-16, -1.000000000000000000, -0.000000000000000000 ) ) ;
#3405 = VECTOR ( 'NONE', #72, 999.9999999999998863 ) ;
#3406 = VECTOR ( 'NONE', #1683, 1000.000000000000000 ) ;
#3407 = LINE ( 'NONE', #2876, #1467 ) ;
#3408 = EDGE_CURVE ( 'NONE', #3322, #2883, #3407, .T. ) ;
#3409 = AXIS2_PLACEMENT_3D ( 'NONE', #2103, #2370, #1599 ) ;
#3410 = CARTESIAN_POINT ( 'NONE',  ( -5.580308031602922547, -0.6191669195465082653, 9.714217271073394500 ) ) ;
#3411 = CARTESIAN_POINT ( 'NONE',  ( 6.000663655989339595, -1.450984236758415147, 10.19527013644271918 ) ) ;
#3412 = ADVANCED_FACE ( 'NONE', ( #2626 ), #1574, .F. ) ;
#3413 = CARTESIAN_POINT ( 'NONE',  ( 20.49999999999999645, -0.9999999999999952260, 43.00000000000000000 ) ) ;
#3414 = DIRECTION ( 'NONE',  ( 0.000000000000000000, 0.000000000000000000, -1.000000000000000000 ) ) ;
#3415 = DIRECTION ( 'NONE',  ( 1.000000000000000000, 1.264902534566415512E-16, -0.000000000000000000 ) ) ;
#3416 = CARTESIAN_POINT ( 'NONE',  ( 6.000000000000031086, -5.800572887934564715E-16, 10.49999999999999822 ) ) ;
#3417 = ORIENTED_EDGE ( 'NONE', *, *, #3421, .F. ) ;
#3418 = CARTESIAN_POINT ( 'NONE',  ( -13.00000000000000178, -16.00000000000000000, 40.50000000000000000 ) ) ;
#3419 = VERTEX_POINT ( 'NONE', #241 ) ;
#3420 = AXIS2_PLACEMENT_3D ( 'NONE', #1915, #1642, #1960 ) ;
#3421 = EDGE_CURVE ( 'NONE', #3085, #1337, #2901, .T. ) ;
#3422 = CARTESIAN_POINT ( 'NONE',  ( 5.500000000000039968, -4.500000000000000000, 0.000000000000000000 ) ) ;
ENDSEC;
END-ISO-10303-21;
