ISO-10303-21;
HEADER;
FILE_DESCRIPTION (( 'STEP AP214' ),
    '1' );
FILE_NAME ('Á¬¸Ë.step',
    '2026-04-21T06:29:38',
    ( '' ),
    ( '' ),
    'SwSTEP 2.0',
    'SolidWorks 2024',
    '' );
FILE_SCHEMA (( 'AUTOMOTIVE_DESIGN' ));
ENDSEC;

DATA;
#1 = LINE ( 'NONE', #21, #205 ) ;
#2 = EDGE_CURVE ( 'NONE', #289, #1484, #1592, .T. ) ;
#3 = EDGE_LOOP ( 'NONE', ( #1126, #438, #1318, #646 ) ) ;
#4 = DIRECTION ( 'NONE',  ( 0.7071067811865463515, -0.7071067811865487940, 0.000000000000000000 ) ) ;
#5 = FACE_OUTER_BOUND ( 'NONE', #338, .T. ) ;
#6 = ORIENTED_EDGE ( 'NONE', *, *, #2195, .T. ) ;
#7 = DIRECTION ( 'NONE',  ( 0.000000000000000000, 1.000000000000000000, 0.000000000000000000 ) ) ;
#8 = DIRECTION ( 'NONE',  ( -1.000000000000000000, 0.000000000000000000, 0.000000000000000000 ) ) ;
#9 = EDGE_LOOP ( 'NONE', ( #388, #16, #1882, #1561 ) ) ;
#10 = AXIS2_PLACEMENT_3D ( 'NONE', #1474, #105, #1135 ) ;
#11 = CARTESIAN_POINT ( 'NONE',  ( 68.62713747390769470, 106.6015990426617890, -2.999999999999999112 ) ) ;
#12 = EDGE_LOOP ( 'NONE', ( #229, #1866, #1679, #1603 ) ) ;
#13 = LINE ( 'NONE', #533, #1435 ) ;
#14 = AXIS2_PLACEMENT_3D ( 'NONE', #356, #186, #319 ) ;
#15 = PLANE ( 'NONE',  #142 ) ;
#16 = ORIENTED_EDGE ( 'NONE', *, *, #542, .F. ) ;
#17 = EDGE_CURVE ( 'NONE', #458, #30, #2074, .T. ) ;
#18 = DIRECTION ( 'NONE',  ( 0.000000000000000000, 0.000000000000000000, 1.000000000000000000 ) ) ;
#19 = CARTESIAN_POINT ( 'NONE',  ( 20.78460969082652809, 135.0000000000000000, 3.000000000000002665 ) ) ;
#20 = VERTEX_POINT ( 'NONE', #1066 ) ;
#21 = CARTESIAN_POINT ( 'NONE',  ( 68.62713747390769470, 102.6015990426618032, -2.499999999999998668 ) ) ;
#22 = ORIENTED_EDGE ( 'NONE', *, *, #1186, .T. ) ;
#23 = CARTESIAN_POINT ( 'NONE',  ( 26.80314486777812988, 144.2834560250605307, -2.999999999999999112 ) ) ;
#24 = AXIS2_PLACEMENT_3D ( 'NONE', #1970, #1507, #1133 ) ;
#25 = CARTESIAN_POINT ( 'NONE',  ( 149.2150825553046616, 106.1015990426618174, -23.00000000000000000 ) ) ;
#26 = ORIENTED_EDGE ( 'NONE', *, *, #829, .F. ) ;
#27 = DIRECTION ( 'NONE',  ( 1.000000000000000000, 0.000000000000000000, 0.000000000000000000 ) ) ;
#28 = EDGE_CURVE ( 'NONE', #238, #1884, #726, .T. ) ;
#29 = CARTESIAN_POINT ( 'NONE',  ( 20.78460969082653875, 134.5000000000000000, -3.000000000000009770 ) ) ;
#30 = VERTEX_POINT ( 'NONE', #1927 ) ;
#31 = VECTOR ( 'NONE', #2059, 1000.000000000000114 ) ;
#32 = DIRECTION ( 'NONE',  ( 0.000000000000000000, -0.7071067811865671127, 0.7071067811865279218 ) ) ;
#33 = AXIS2_PLACEMENT_3D ( 'NONE', #1764, #413, #1776 ) ;
#34 = ORIENTED_EDGE ( 'NONE', *, *, #353, .T. ) ;
#35 = DIRECTION ( 'NONE',  ( 0.000000000000000000, 1.000000000000000000, 0.000000000000000000 ) ) ;
#36 = LINE ( 'NONE', #368, #1362 ) ;
#37 = ORIENTED_EDGE ( 'NONE', *, *, #106, .F. ) ;
#38 = CARTESIAN_POINT ( 'NONE',  ( 149.2150825553046616, 102.6015990426618174, 23.00000000000000000 ) ) ;
#39 = DIRECTION ( 'NONE',  ( 0.000000000000000000, 0.000000000000000000, 1.000000000000000000 ) ) ;
#40 = AXIS2_PLACEMENT_3D ( 'NONE', #2078, #1390, #224 ) ;
#41 = DIRECTION ( 'NONE',  ( 0.000000000000000000, -1.000000000000000000, 0.000000000000000000 ) ) ;
#42 = EDGE_CURVE ( 'NONE', #556, #1012, #1755, .T. ) ;
#43 = FACE_OUTER_BOUND ( 'NONE', #832, .T. ) ;
#44 = CARTESIAN_POINT ( 'NONE',  ( 68.62713747390769470, 106.1015990426617890, -2.999999999999999112 ) ) ;
#45 = EDGE_LOOP ( 'NONE', ( #341, #664, #1204, #1532, #803, #1469, #1996, #121 ) ) ;
#46 = CIRCLE ( 'NONE', #1291, 11.00000000000001243 ) ;
#47 = CARTESIAN_POINT ( 'NONE',  ( 169.9996922461312465, 102.6015990426618174, -7.499999999999978684 ) ) ;
#48 = LINE ( 'NONE', #233, #2005 ) ;
#49 = EDGE_CURVE ( 'NONE', #1805, #358, #1424, .T. ) ;
#50 = LINE ( 'NONE', #1108, #348 ) ;
#51 = ORIENTED_EDGE ( 'NONE', *, *, #1920, .T. ) ;
#52 = DIRECTION ( 'NONE',  ( 0.000000000000000000, 0.000000000000000000, 1.000000000000000000 ) ) ;
#53 = ORIENTED_EDGE ( 'NONE', *, *, #1763, .F. ) ;
#54 = ADVANCED_FACE ( 'NONE', ( #43 ), #2130, .T. ) ;
#55 = FACE_BOUND ( 'NONE', #1646, .T. ) ;
#56 = DIRECTION ( 'NONE',  ( 0.000000000000000000, -0.7071067811865726638, -0.7071067811865223707 ) ) ;
#57 = AXIS2_PLACEMENT_3D ( 'NONE', #1942, #1265, #420 ) ;
#58 = CYLINDRICAL_SURFACE ( 'NONE', #163, 19.99999999999999645 ) ;
#59 = LINE ( 'NONE', #82, #918 ) ;
#60 = CARTESIAN_POINT ( 'NONE',  ( 149.2150825553046616, 106.6015990426618174, -23.00000000000000000 ) ) ;
#61 = CARTESIAN_POINT ( 'NONE',  ( 20.78460969082652809, 135.0000000000000000, -23.00000000000000000 ) ) ;
#62 = CIRCLE ( 'NONE', #1838, 9.999999999999994671 ) ;
#63 = AXIS2_PLACEMENT_3D ( 'NONE', #762, #1448, #2129 ) ;
#64 = ORIENTED_EDGE ( 'NONE', *, *, #940, .F. ) ;
#65 = CIRCLE ( 'NONE', #1492, 10.50000000000004086 ) ;
#66 = FACE_OUTER_BOUND ( 'NONE', #1008, .T. ) ;
#67 = DIRECTION ( 'NONE',  ( 0.000000000000000000, 0.000000000000000000, -1.000000000000000000 ) ) ;
#68 = CARTESIAN_POINT ( 'NONE',  ( 0.000000000000000000, 131.5000000000000000, 7.000000000000000000 ) ) ;
#69 = ORIENTED_EDGE ( 'NONE', *, *, #2195, .F. ) ;
#70 = PLANE ( 'NONE',  #702 ) ;
#71 = DIRECTION ( 'NONE',  ( 0.000000000000000000, 0.000000000000000000, -1.000000000000000000 ) ) ;
#72 = EDGE_LOOP ( 'NONE', ( #1899, #412, #957, #1964 ) ) ;
#73 = CONICAL_SURFACE ( 'NONE', #640, 7.499999999999978684, 0.7853981633974127519 ) ;
#74 = DIRECTION ( 'NONE',  ( 0.000000000000000000, 0.000000000000000000, -1.000000000000000000 ) ) ;
#75 = DIRECTION ( 'NONE',  ( 0.000000000000000000, 0.000000000000000000, 1.000000000000000000 ) ) ;
#76 = AXIS2_PLACEMENT_3D ( 'NONE', #1009, #1503, #480 ) ;
#77 = CONICAL_SURFACE ( 'NONE', #547, 10.00000000000000178, 0.7853981633974812526 ) ;
#78 = ADVANCED_FACE ( 'NONE', ( #1250 ), #1913, .F. ) ;
#79 = DIRECTION ( 'NONE',  ( 0.000000000000000000, -1.000000000000000000, 0.000000000000000000 ) ) ;
#80 = ORIENTED_EDGE ( 'NONE', *, *, #1456, .F. ) ;
#81 = EDGE_CURVE ( 'NONE', #1508, #606, #1756, .T. ) ;
#82 = CARTESIAN_POINT ( 'NONE',  ( 61.55606966204221919, 109.5305312307963277, 2.999999999999999112 ) ) ;
#83 = CARTESIAN_POINT ( 'NONE',  ( 169.9996922461312465, 106.6015990426618174, 10.50000000000003553 ) ) ;
#84 = ORIENTED_EDGE ( 'NONE', *, *, #1188, .F. ) ;
#85 = CARTESIAN_POINT ( 'NONE',  ( 0.000000000000000000, 135.0000000000000000, 0.000000000000000000 ) ) ;
#86 = LINE ( 'NONE', #627, #1580 ) ;
#87 = AXIS2_PLACEMENT_3D ( 'NONE', #1656, #1494, #1647 ) ;
#88 = CIRCLE ( 'NONE', #1344, 13.49999999999999822 ) ;
#89 = DIRECTION ( 'NONE',  ( 0.000000000000000000, 1.000000000000000000, 0.000000000000000000 ) ) ;
#90 = ADVANCED_FACE ( 'NONE', ( #913 ), #1283, .T. ) ;
#91 = VERTEX_POINT ( 'NONE', #250 ) ;
#92 = DIRECTION ( 'NONE',  ( 0.000000000000000000, -0.7071067811865279218, 0.7071067811865671127 ) ) ;
#93 = DIRECTION ( 'NONE',  ( 0.000000000000000000, 0.000000000000000000, 1.000000000000000000 ) ) ;
#94 = ORIENTED_EDGE ( 'NONE', *, *, #937, .T. ) ;
#95 = DIRECTION ( 'NONE',  ( 0.000000000000000000, 1.000000000000000000, 0.000000000000000000 ) ) ;
#96 = CARTESIAN_POINT ( 'NONE',  ( 169.9996922461312465, 102.6015990426618174, -10.50000000000001954 ) ) ;
#97 = CIRCLE ( 'NONE', #1351, 11.00000000000001243 ) ;
#98 = CARTESIAN_POINT ( 'NONE',  ( 37.71223222207407133, 128.4246212024587521, 2.999999999999999112 ) ) ;
#99 = ORIENTED_EDGE ( 'NONE', *, *, #1763, .T. ) ;
#100 = FACE_OUTER_BOUND ( 'NONE', #1855, .T. ) ;
#101 = DIRECTION ( 'NONE',  ( 8.881784197001252323E-16, 0.000000000000000000, 1.000000000000000000 ) ) ;
#102 = ORIENTED_EDGE ( 'NONE', *, *, #49, .F. ) ;
#103 = EDGE_CURVE ( 'NONE', #1083, #2060, #1617, .T. ) ;
#104 = EDGE_LOOP ( 'NONE', ( #653, #962, #1809, #854 ) ) ;
#105 = DIRECTION ( 'NONE',  ( -0.000000000000000000, -0.000000000000000000, 1.000000000000000000 ) ) ;
#106 = EDGE_CURVE ( 'NONE', #20, #470, #936, .T. ) ;
#107 = DIRECTION ( 'NONE',  ( 0.000000000000000000, 1.000000000000000000, 0.000000000000000000 ) ) ;
#108 = AXIS2_PLACEMENT_3D ( 'NONE', #1143, #1290, #1653 ) ;
#109 = EDGE_LOOP ( 'NONE', ( #523, #809, #635, #2037 ) ) ;
#110 = CARTESIAN_POINT ( 'NONE',  ( 0.000000000000000000, 134.5000000000000000, 0.000000000000000000 ) ) ;
#111 = ORIENTED_EDGE ( 'NONE', *, *, #1978, .F. ) ;
#112 = DIRECTION ( 'NONE',  ( 0.000000000000000000, -0.7071067811865279218, -0.7071067811865671127 ) ) ;
#113 = EDGE_CURVE ( 'NONE', #782, #1847, #2098, .T. ) ;
#114 = ORIENTED_EDGE ( 'NONE', *, *, #81, .F. ) ;
#115 = CARTESIAN_POINT ( 'NONE',  ( 20.78460969082653875, 134.5000000000000000, -2.999999999999999112 ) ) ;
#116 = ORIENTED_EDGE ( 'NONE', *, *, #963, .T. ) ;
#117 = ADVANCED_FACE ( 'NONE', ( #55, #1779 ), #409, .T. ) ;
#118 = FACE_OUTER_BOUND ( 'NONE', #891, .T. ) ;
#119 = FILL_AREA_STYLE ('',( #1803 ) ) ;
#120 = CARTESIAN_POINT ( 'NONE',  ( 68.62713747390768049, 103.1015990426618174, -2.999999999999999112 ) ) ;
#121 = ORIENTED_EDGE ( 'NONE', *, *, #1795, .T. ) ;
#122 = CARTESIAN_POINT ( 'NONE',  ( 61.20251627144899231, 109.1769778402030937, -2.999999999999999112 ) ) ;
#123 = ORIENTED_EDGE ( 'NONE', *, *, #212, .T. ) ;
#124 = CARTESIAN_POINT ( 'NONE',  ( 68.62713747390769470, 106.6015990426617890, 2.999999999999999112 ) ) ;
#125 = EDGE_LOOP ( 'NONE', ( #880, #1495, #1577, #1876 ) ) ;
#126 = DIRECTION ( 'NONE',  ( 0.7071067811865463515, -0.7071067811865487940, 0.000000000000000000 ) ) ;
#127 = ORIENTED_EDGE ( 'NONE', *, *, #212, .F. ) ;
#128 = CONICAL_SURFACE ( 'NONE', #272, 19.99999999999998934, 0.7853981633974482790 ) ;
#129 = CONICAL_SURFACE ( 'NONE', #2158, 10.50000000000004086, 0.7853981633974206344 ) ;
#130 = AXIS2_PLACEMENT_3D ( 'NONE', #531, #173, #1896 ) ;
#131 = DIRECTION ( 'NONE',  ( 0.000000000000000000, -0.7071067811865475727, 0.7071067811865475727 ) ) ;
#132 = EDGE_CURVE ( 'NONE', #168, #2142, #735, .T. ) ;
#133 = CARTESIAN_POINT ( 'NONE',  ( 0.000000000000000000, 134.5000000000000284, 0.000000000000000000 ) ) ;
#134 = EDGE_LOOP ( 'NONE', ( #2008, #335, #51, #1310 ) ) ;
#135 = CARTESIAN_POINT ( 'NONE',  ( 20.78460969082652809, 135.0000000000000000, -23.00000000000000000 ) ) ;
#136 = ORIENTED_EDGE ( 'NONE', *, *, #707, .T. ) ;
#137 = DIRECTION ( 'NONE',  ( 0.000000000000000000, 0.000000000000000000, 1.000000000000000000 ) ) ;
#138 = ORIENTED_EDGE ( 'NONE', *, *, #1925, .T. ) ;
#139 = PLANE ( 'NONE',  #1751 ) ;
#140 = CARTESIAN_POINT ( 'NONE',  ( 26.44959147718489589, 143.9299026344673109, 2.999999999999999112 ) ) ;
#141 = ORIENTED_EDGE ( 'NONE', *, *, #446, .T. ) ;
#142 = AXIS2_PLACEMENT_3D ( 'NONE', #2043, #687, #357 ) ;
#143 = DIRECTION ( 'NONE',  ( 0.000000000000000000, 0.000000000000000000, 1.000000000000000000 ) ) ;
#144 = CONICAL_SURFACE ( 'NONE', #2133, 10.50000000000004086, 0.7853981633974206344 ) ;
#145 = EDGE_CURVE ( 'NONE', #852, #448, #1772, .T. ) ;
#146 = AXIS2_PLACEMENT_3D ( 'NONE', #1867, #342, #175 ) ;
#147 = DIRECTION ( 'NONE',  ( -0.000000000000000000, 1.000000000000000000, -0.000000000000000000 ) ) ;
#148 = VERTEX_POINT ( 'NONE', #596 ) ;
#149 = FACE_OUTER_BOUND ( 'NONE', #1632, .T. ) ;
#150 = ADVANCED_FACE ( 'NONE', ( #1457 ), #452, .F. ) ;
#151 = AXIS2_PLACEMENT_3D ( 'NONE', #1593, #1088, #1416 ) ;
#152 = DIRECTION ( 'NONE',  ( 0.000000000000000000, 0.000000000000000000, 1.000000000000000000 ) ) ;
#153 = ORIENTED_EDGE ( 'NONE', *, *, #1072, .T. ) ;
#154 = DIRECTION ( 'NONE',  ( 0.000000000000000000, 0.000000000000000000, 1.000000000000000000 ) ) ;
#155 = CARTESIAN_POINT ( 'NONE',  ( 58.72764253729603467, 106.7021041060501574, 2.500000000000005773 ) ) ;
#156 = ORIENTED_EDGE ( 'NONE', *, *, #1702, .F. ) ;
#157 = SHAPE_DEFINITION_REPRESENTATION ( #912, #899 ) ;
#158 = EDGE_CURVE ( 'NONE', #980, #1712, #260, .T. ) ;
#159 = CARTESIAN_POINT ( 'NONE',  ( 149.2150825553046616, 102.6015990426618174, -2.499999999999998668 ) ) ;
#160 = CONICAL_SURFACE ( 'NONE', #1728, 10.50000000000004086, 0.7853981633974206344 ) ;
#161 = ORIENTED_EDGE ( 'NONE', *, *, #213, .F. ) ;
#162 = CARTESIAN_POINT ( 'NONE',  ( 30.28761101961530144, 121.0000000000000142, 11.86703162588710647 ) ) ;
#163 = AXIS2_PLACEMENT_3D ( 'NONE', #734, #723, #568 ) ;
#164 = LINE ( 'NONE', #804, #1900 ) ;
#165 = ORIENTED_EDGE ( 'NONE', *, *, #677, .F. ) ;
#166 = DIRECTION ( 'NONE',  ( 0.000000000000000000, 1.000000000000000000, 0.000000000000000000 ) ) ;
#167 = DIRECTION ( 'NONE',  ( 0.000000000000000000, 0.000000000000000000, 1.000000000000000000 ) ) ;
#168 = VERTEX_POINT ( 'NONE', #401 ) ;
#169 = AXIS2_PLACEMENT_3D ( 'NONE', #340, #684, #1056 ) ;
#170 = AXIS2_PLACEMENT_3D ( 'NONE', #245, #1087, #234 ) ;
#171 = DIRECTION ( 'NONE',  ( 0.000000000000000000, 0.000000000000000000, 1.000000000000000000 ) ) ;
#172 = ORIENTED_EDGE ( 'NONE', *, *, #1700, .F. ) ;
#173 = DIRECTION ( 'NONE',  ( 0.000000000000000000, 1.000000000000000000, 0.000000000000000000 ) ) ;
#174 = ORIENTED_EDGE ( 'NONE', *, *, #1173, .T. ) ;
#175 = DIRECTION ( 'NONE',  ( 1.000000000000000000, 0.000000000000000000, 0.000000000000000000 ) ) ;
#176 = CARTESIAN_POINT ( 'NONE',  ( 0.000000000000000000, 131.5000000000000000, 0.000000000000000000 ) ) ;
#177 = ORIENTED_EDGE ( 'NONE', *, *, #557, .F. ) ;
#178 = EDGE_CURVE ( 'NONE', #91, #416, #1420, .T. ) ;
#179 = ADVANCED_FACE ( 'NONE', ( #230 ), #1094, .F. ) ;
#180 = DIRECTION ( 'NONE',  ( 0.000000000000000000, 0.000000000000000000, -1.000000000000000000 ) ) ;
#181 = AXIS2_PLACEMENT_3D ( 'NONE', #232, #390, #722 ) ;
#182 = DIRECTION ( 'NONE',  ( 1.000000000000000000, 0.000000000000000000, 0.000000000000000000 ) ) ;
#183 = VERTEX_POINT ( 'NONE', #1439 ) ;
#184 = CARTESIAN_POINT ( 'NONE',  ( 0.000000000000000000, 134.5000000000000284, 7.000000000000000000 ) ) ;
#185 = EDGE_LOOP ( 'NONE', ( #835, #1138, #1969, #1353 ) ) ;
#186 = DIRECTION ( 'NONE',  ( -0.000000000000000000, -0.000000000000000000, -1.000000000000000000 ) ) ;
#187 = AXIS2_PLACEMENT_3D ( 'NONE', #135, #2174, #647 ) ;
#188 = DIRECTION ( 'NONE',  ( -0.000000000000000000, -1.000000000000000000, -0.000000000000000000 ) ) ;
#189 = ORIENTED_EDGE ( 'NONE', *, *, #1468, .F. ) ;
#190 = DIRECTION ( 'NONE',  ( -1.000000000000000000, 0.000000000000000000, 0.000000000000000000 ) ) ;
#191 = CARTESIAN_POINT ( 'NONE',  ( 169.9996922461312465, 106.6015990426618174, -10.50000000000003553 ) ) ;
#192 = VERTEX_POINT ( 'NONE', #1242 ) ;
#193 = PRODUCT_DEFINITION_CONTEXT ( 'detailed design', #2069, 'design' ) ;
#194 = DIRECTION ( 'NONE',  ( 0.000000000000000000, 0.000000000000000000, 1.000000000000000000 ) ) ;
#195 = EDGE_LOOP ( 'NONE', ( #966, #1627, #1241, #102 ) ) ;
#196 = CARTESIAN_POINT ( 'NONE',  ( 68.62713747390773733, 116.6015990426618032, -2.500000000000026645 ) ) ;
#197 = CONICAL_SURFACE ( 'NONE', #1796, 20.49999999999996803, 0.7853981633974206344 ) ;
#198 = DIRECTION ( 'NONE',  ( 1.000000000000000000, 7.930164461608264384E-15, 0.000000000000000000 ) ) ;
#199 = VERTEX_POINT ( 'NONE', #1908 ) ;
#200 = DIRECTION ( 'NONE',  ( 0.000000000000000000, -0.7071067811865474617, -0.7071067811865474617 ) ) ;
#201 = LINE ( 'NONE', #680, #584 ) ;
#202 = CARTESIAN_POINT ( 'NONE',  ( 30.28761101961530144, 121.0000000000000142, -2.999999999999999112 ) ) ;
#203 = ORIENTED_EDGE ( 'NONE', *, *, #1137, .T. ) ;
#204 = CARTESIAN_POINT ( 'NONE',  ( 162.6245081622895157, 106.1015990426618174, 8.161290322580645906 ) ) ;
#205 = VECTOR ( 'NONE', #1360, 1000.000000000000114 ) ;
#206 = ORIENTED_EDGE ( 'NONE', *, *, #1815, .F. ) ;
#207 = FACE_OUTER_BOUND ( 'NONE', #949, .T. ) ;
#208 = EDGE_LOOP ( 'NONE', ( #1585, #2167, #793, #1384 ) ) ;
#209 = LINE ( 'NONE', #402, #323 ) ;
#210 = ADVANCED_FACE ( 'NONE', ( #66 ), #129, .T. ) ;
#211 = DIRECTION ( 'NONE',  ( 0.000000000000000000, 0.000000000000000000, 1.000000000000000000 ) ) ;
#212 = EDGE_CURVE ( 'NONE', #30, #2054, #1748, .T. ) ;
#213 = EDGE_CURVE ( 'NONE', #944, #1778, #1209, .T. ) ;
#214 = EDGE_CURVE ( 'NONE', #1723, #1508, #2108, .T. ) ;
#215 = CONICAL_SURFACE ( 'NONE', #538, 13.49999999999999822, 0.7853981633974536081 ) ;
#216 = CARTESIAN_POINT ( 'NONE',  ( 20.78460969082652809, 135.0000000000000000, -23.00000000000000000 ) ) ;
#217 = ADVANCED_FACE ( 'NONE', ( #565 ), #2031, .F. ) ;
#218 = DIRECTION ( 'NONE',  ( 0.000000000000000000, 0.000000000000000000, 1.000000000000000000 ) ) ;
#219 = AXIS2_PLACEMENT_3D ( 'NONE', #577, #1264, #75 ) ;
#220 = CARTESIAN_POINT ( 'NONE',  ( 0.000000000000000000, 135.0000000000000000, -10.50000000000004086 ) ) ;
#221 = EDGE_LOOP ( 'NONE', ( #672, #1704, #926, #379 ) ) ;
#222 = CIRCLE ( 'NONE', #108, 11.00000000000001421 ) ;
#223 = CARTESIAN_POINT ( 'NONE',  ( 20.78460969082653875, 135.0000000000000000, -2.999999999999999112 ) ) ;
#224 = DIRECTION ( 'NONE',  ( 0.000000000000000000, 0.000000000000000000, 1.000000000000000000 ) ) ;
#225 = DIRECTION ( 'NONE',  ( 0.000000000000000000, 0.000000000000000000, 1.000000000000000000 ) ) ;
#226 = CARTESIAN_POINT ( 'NONE',  ( 169.9996922461312465, 106.6015990426618032, -7.000000000000014211 ) ) ;
#227 = ORIENTED_EDGE ( 'NONE', *, *, #1064, .F. ) ;
#228 = DIRECTION ( 'NONE',  ( 0.000000000000000000, 0.000000000000000000, 1.000000000000000000 ) ) ;
#229 = ORIENTED_EDGE ( 'NONE', *, *, #1768, .F. ) ;
#230 = FACE_OUTER_BOUND ( 'NONE', #867, .T. ) ;
#231 = CIRCLE ( 'NONE', #760, 10.50000000000000178 ) ;
#232 = CARTESIAN_POINT ( 'NONE',  ( 68.62713747390773733, 116.6015990426618032, -2.500000000000026645 ) ) ;
#233 = CARTESIAN_POINT ( 'NONE',  ( 68.62713747390768049, 102.6015990426618174, 2.499999999999998668 ) ) ;
#234 = DIRECTION ( 'NONE',  ( 1.692413147294448534E-15, 0.000000000000000000, 1.000000000000000000 ) ) ;
#235 = CARTESIAN_POINT ( 'NONE',  ( 9.184850993605122306E-16, 135.0000000000000000, -7.499999999999978684 ) ) ;
#236 = CIRCLE ( 'NONE', #1487, 10.50000000000003553 ) ;
#237 = AXIS2_PLACEMENT_3D ( 'NONE', #1789, #576, #586 ) ;
#238 = VERTEX_POINT ( 'NONE', #1449 ) ;
#239 = CARTESIAN_POINT ( 'NONE',  ( 169.9996922461312465, 106.6015990426618174, 0.000000000000000000 ) ) ;
#240 = ADVANCED_FACE ( 'NONE', ( #588 ), #397, .T. ) ;
#241 = DIRECTION ( 'NONE',  ( 0.000000000000000000, -0.7071067811865475727, 0.7071067811865475727 ) ) ;
#242 = CARTESIAN_POINT ( 'NONE',  ( 20.78460969082652809, 134.5000000000000000, -23.00000000000000000 ) ) ;
#243 = VECTOR ( 'NONE', #1415, 1000.000000000000114 ) ;
#244 = ORIENTED_EDGE ( 'NONE', *, *, #1162, .F. ) ;
#245 = CARTESIAN_POINT ( 'NONE',  ( 20.78460969082652809, 135.0000000000000000, 23.00000000000000000 ) ) ;
#246 = DIRECTION ( 'NONE',  ( -0.000000000000000000, -1.000000000000000000, -0.000000000000000000 ) ) ;
#247 = ORIENTED_EDGE ( 'NONE', *, *, #1442, .T. ) ;
#248 = EDGE_CURVE ( 'NONE', #2023, #782, #1307, .T. ) ;
#249 = AXIS2_PLACEMENT_3D ( 'NONE', #463, #1682, #1671 ) ;
#250 = CARTESIAN_POINT ( 'NONE',  ( 169.9996922461312465, 102.6015990426618174, -7.499999999999978684 ) ) ;
#251 = DIRECTION ( 'NONE',  ( 1.000000000000000000, 0.000000000000000000, 0.000000000000000000 ) ) ;
#252 = EDGE_CURVE ( 'NONE', #1612, #852, #785, .T. ) ;
#253 = CONICAL_SURFACE ( 'NONE', #14, 10.49999999999999112, 0.7853981633974396193 ) ;
#254 = AXIS2_PLACEMENT_3D ( 'NONE', #406, #1905, #1914 ) ;
#255 = LINE ( 'NONE', #1902, #1123 ) ;
#256 = ORIENTED_EDGE ( 'NONE', *, *, #848, .F. ) ;
#257 = FACE_OUTER_BOUND ( 'NONE', #1228, .T. ) ;
#258 = PLANE ( 'NONE',  #575 ) ;
#259 = EDGE_LOOP ( 'NONE', ( #617, #1462, #1371, #111 ) ) ;
#260 = LINE ( 'NONE', #1628, #1488 ) ;
#261 = CARTESIAN_POINT ( 'NONE',  ( 10.05430193695773511, 103.1015990426618174, 2.999999999999999112 ) ) ;
#262 = AXIS2_PLACEMENT_3D ( 'NONE', #1175, #2182, #331 ) ;
#263 = VECTOR ( 'NONE', #1320, 1000.000000000000114 ) ;
#264 = ORIENTED_EDGE ( 'NONE', *, *, #352, .F. ) ;
#265 = EDGE_CURVE ( 'NONE', #1044, #1147, #1295, .T. ) ;
#266 = DIRECTION ( 'NONE',  ( -0.4740947889257633996, 0.7071067811865672237, 0.5246276118480689421 ) ) ;
#267 = DIRECTION ( 'NONE',  ( 0.7071067811865487940, 0.7071067811865463515, -0.000000000000000000 ) ) ;
#268 = EDGE_CURVE ( 'NONE', #2102, #309, #324, .T. ) ;
#269 = ORIENTED_EDGE ( 'NONE', *, *, #2087, .F. ) ;
#270 = ORIENTED_EDGE ( 'NONE', *, *, #1269, .T. ) ;
#271 = FACE_OUTER_BOUND ( 'NONE', #421, .T. ) ;
#272 = AXIS2_PLACEMENT_3D ( 'NONE', #1828, #1839, #314 ) ;
#273 = CARTESIAN_POINT ( 'NONE',  ( 149.2150825553046616, 106.6015990426618174, 2.500000000000026645 ) ) ;
#274 = ADVANCED_FACE ( 'NONE', ( #1114 ), #1801, .T. ) ;
#275 = EDGE_LOOP ( 'NONE', ( #1811, #1325 ) ) ;
#276 = EDGE_CURVE ( 'NONE', #307, #980, #1284, .T. ) ;
#277 = DIRECTION ( 'NONE',  ( -1.000000000000000000, 0.000000000000000000, 0.000000000000000000 ) ) ;
#278 = ORIENTED_EDGE ( 'NONE', *, *, #113, .F. ) ;
#279 = EDGE_CURVE ( 'NONE', #464, #2060, #1790, .T. ) ;
#280 = DIRECTION ( 'NONE',  ( 0.000000000000000000, 0.000000000000000000, 1.000000000000000000 ) ) ;
#281 = ORIENTED_EDGE ( 'NONE', *, *, #132, .T. ) ;
#282 = CARTESIAN_POINT ( 'NONE',  ( 30.28761101961530144, 121.0000000000000142, -2.500000000000026645 ) ) ;
#283 = EDGE_LOOP ( 'NONE', ( #1557, #1397, #1897, #1691 ) ) ;
#284 = DIRECTION ( 'NONE',  ( 0.000000000000000000, 0.000000000000000000, 1.000000000000000000 ) ) ;
#285 = AXIS2_PLACEMENT_3D ( 'NONE', #1887, #1032, #198 ) ;
#286 = CIRCLE ( 'NONE', #10, 10.50000000000000888 ) ;
#287 = CARTESIAN_POINT ( 'NONE',  ( 162.6245081622895157, 103.1015990426618174, 8.161290322580645906 ) ) ;
#288 = AXIS2_PLACEMENT_3D ( 'NONE', #216, #1404, #1903 ) ;
#289 = VERTEX_POINT ( 'NONE', #618 ) ;
#290 = DIRECTION ( 'NONE',  ( -0.7071067811865463515, 0.7071067811865487940, 0.000000000000000000 ) ) ;
#291 = ORIENTED_EDGE ( 'NONE', *, *, #1689, .F. ) ;
#292 = CARTESIAN_POINT ( 'NONE',  ( 159.9453903091734617, 135.0000000000000000, 2.500000000000026645 ) ) ;
#293 = VERTEX_POINT ( 'NONE', #1124 ) ;
#294 = CYLINDRICAL_SURFACE ( 'NONE', #2147, 13.99999999999999822 ) ;
#295 = ORIENTED_EDGE ( 'NONE', *, *, #549, .T. ) ;
#296 = CARTESIAN_POINT ( 'NONE',  ( 169.9996922461312465, 102.6015990426618174, 0.000000000000000000 ) ) ;
#297 = ORIENTED_EDGE ( 'NONE', *, *, #935, .T. ) ;
#298 = ADVANCED_FACE ( 'NONE', ( #271 ), #1770, .T. ) ;
#299 = CIRCLE ( 'NONE', #2185, 13.99999999999999822 ) ;
#300 = CONICAL_SURFACE ( 'NONE', #1158, 7.000000000000014211, 0.7853981633974405074 ) ;
#301 = DIRECTION ( 'NONE',  ( 0.000000000000000000, -1.000000000000000000, 0.000000000000000000 ) ) ;
#302 = EDGE_LOOP ( 'NONE', ( #450, #1563, #1835, #637 ) ) ;
#303 = CYLINDRICAL_SURFACE ( 'NONE', #187, 19.99999999999998934 ) ;
#304 = ORIENTED_EDGE ( 'NONE', *, *, #610, .T. ) ;
#305 = EDGE_CURVE ( 'NONE', #807, #1083, #2065, .T. ) ;
#306 = CARTESIAN_POINT ( 'NONE',  ( 169.9996922461312465, 106.1015990426618458, 0.000000000000000000 ) ) ;
#307 = VERTEX_POINT ( 'NONE', #1638 ) ;
#308 = CYLINDRICAL_SURFACE ( 'NONE', #1430, 19.99999999999999645 ) ;
#309 = VERTEX_POINT ( 'NONE', #96 ) ;
#310 = EDGE_CURVE ( 'NONE', #468, #801, #286, .T. ) ;
#311 = EDGE_CURVE ( 'NONE', #1044, #2017, #501, .T. ) ;
#312 = VECTOR ( 'NONE', #1372, 1000.000000000000000 ) ;
#313 = CARTESIAN_POINT ( 'NONE',  ( 61.55606966204224761, 109.5305312307963419, -2.500000000000033307 ) ) ;
#314 = DIRECTION ( 'NONE',  ( 0.000000000000000000, 0.000000000000000000, -1.000000000000000000 ) ) ;
#315 = ORIENTED_EDGE ( 'NONE', *, *, #2090, .T. ) ;
#316 = CARTESIAN_POINT ( 'NONE',  ( 169.9996922461312465, 106.1015990426618174, 0.000000000000000000 ) ) ;
#317 = CARTESIAN_POINT ( 'NONE',  ( 7.039948443667071842, 131.0000000000000000, -7.790322580645159256 ) ) ;
#318 = ORIENTED_EDGE ( 'NONE', *, *, #897, .F. ) ;
#319 = DIRECTION ( 'NONE',  ( -1.000000000000000000, 0.000000000000000000, 0.000000000000000000 ) ) ;
#320 = DIRECTION ( 'NONE',  ( -1.000000000000000000, 0.000000000000000000, 0.000000000000000000 ) ) ;
#321 = EDGE_LOOP ( 'NONE', ( #1316, #767, #270, #1451 ) ) ;
#322 = ADVANCED_FACE ( 'NONE', ( #1780 ), #144, .T. ) ;
#323 = VECTOR ( 'NONE', #1918, 1000.000000000000000 ) ;
#324 = CIRCLE ( 'NONE', #1366, 10.50000000000001954 ) ;
#325 = DIRECTION ( 'NONE',  ( -0.5000000000000249800, -0.4999999999999956146, 0.7071067811865329178 ) ) ;
#326 = CIRCLE ( 'NONE', #609, 7.499999999999978684 ) ;
#327 = CARTESIAN_POINT ( 'NONE',  ( 20.78460969082654586, 131.5000000000000000, -2.999999999999999112 ) ) ;
#328 = EDGE_LOOP ( 'NONE', ( #1669, #315, #456, #2181 ) ) ;
#329 = DIRECTION ( 'NONE',  ( 0.000000000000000000, -0.7071067811865671127, 0.7071067811865279218 ) ) ;
#330 = VECTOR ( 'NONE', #739, 1000.000000000000000 ) ;
#331 = DIRECTION ( 'NONE',  ( 1.000000000000000000, 0.000000000000000000, 0.000000000000000000 ) ) ;
#332 = VERTEX_POINT ( 'NONE', #742 ) ;
#333 = DIRECTION ( 'NONE',  ( 1.000000000000000000, 1.027984282060330356E-15, 0.000000000000000000 ) ) ;
#334 = DIRECTION ( 'NONE',  ( 0.000000000000000000, 0.000000000000000000, 1.000000000000000000 ) ) ;
#335 = ORIENTED_EDGE ( 'NONE', *, *, #1862, .F. ) ;
#336 = LINE ( 'NONE', #682, #31 ) ;
#337 = VECTOR ( 'NONE', #2166, 1000.000000000000000 ) ;
#338 = EDGE_LOOP ( 'NONE', ( #1984, #396, #1726, #1637 ) ) ;
#339 = EDGE_CURVE ( 'NONE', #458, #1132, #923, .T. ) ;
#340 = CARTESIAN_POINT ( 'NONE',  ( 169.9996922461312465, 102.6015990426618174, 0.000000000000000000 ) ) ;
#341 = ORIENTED_EDGE ( 'NONE', *, *, #81, .T. ) ;
#342 = DIRECTION ( 'NONE',  ( -0.000000000000000000, -0.000000000000000000, 1.000000000000000000 ) ) ;
#343 = DIRECTION ( 'NONE',  ( 0.000000000000000000, 1.000000000000000000, 0.000000000000000000 ) ) ;
#344 = ORIENTED_EDGE ( 'NONE', *, *, #311, .T. ) ;
#345 = VECTOR ( 'NONE', #266, 1000.000000000000000 ) ;
#346 = AXIS2_PLACEMENT_3D ( 'NONE', #1090, #753, #1084 ) ;
#347 = EDGE_CURVE ( 'NONE', #1616, #332, #426, .T. ) ;
#348 = VECTOR ( 'NONE', #1786, 1000.000000000000000 ) ;
#349 = EDGE_CURVE ( 'NONE', #2054, #556, #1609, .T. ) ;
#350 = CARTESIAN_POINT ( 'NONE',  ( 1.316495309083407970E-15, 135.0000000000000000, 10.50000000000004086 ) ) ;
#351 = ORIENTED_EDGE ( 'NONE', *, *, #630, .F. ) ;
#352 = EDGE_CURVE ( 'NONE', #2142, #910, #754, .T. ) ;
#353 = EDGE_CURVE ( 'NONE', #1313, #508, #86, .T. ) ;
#354 = LINE ( 'NONE', #1875, #1025 ) ;
#355 = ORIENTED_EDGE ( 'NONE', *, *, #1049, .T. ) ;
#356 = CARTESIAN_POINT ( 'NONE',  ( 30.28761101961530144, 121.0000000000000142, -2.999999999999999112 ) ) ;
#357 = DIRECTION ( 'NONE',  ( -0.7071067811865463515, 0.7071067811865487940, 0.000000000000000000 ) ) ;
#358 = VERTEX_POINT ( 'NONE', #1649 ) ;
#359 = FACE_OUTER_BOUND ( 'NONE', #104, .T. ) ;
#360 = DIRECTION ( 'NONE',  ( 8.659560562354932858E-17, 0.7071067811865474617, -0.7071067811865474617 ) ) ;
#361 = CARTESIAN_POINT ( 'NONE',  ( 30.28761101961530144, 121.0000000000000142, -2.999999999999999112 ) ) ;
#362 = ORIENTED_EDGE ( 'NONE', *, *, #347, .T. ) ;
#363 = AXIS2_PLACEMENT_3D ( 'NONE', #974, #2151, #2117 ) ;
#364 = CARTESIAN_POINT ( 'NONE',  ( 0.000000000000000000, 135.0000000000000000, 0.000000000000000000 ) ) ;
#365 = EDGE_LOOP ( 'NONE', ( #2194, #840, #1851, #244 ) ) ;
#366 = CARTESIAN_POINT ( 'NONE',  ( 0.000000000000000000, 135.0000000000000000, 0.000000000000000000 ) ) ;
#367 = CIRCLE ( 'NONE', #644, 7.000000000000000000 ) ;
#368 = CARTESIAN_POINT ( 'NONE',  ( 68.62713747390772312, 106.6015990426618032, 2.500000000000026645 ) ) ;
#369 = VERTEX_POINT ( 'NONE', #2180 ) ;
#370 = LINE ( 'NONE', #1761, #1287 ) ;
#371 = FACE_OUTER_BOUND ( 'NONE', #975, .T. ) ;
#372 = CARTESIAN_POINT ( 'NONE',  ( 20.78460969082651744, 131.0000000000000000, 2.499999999999998668 ) ) ;
#373 = ORIENTED_EDGE ( 'NONE', *, *, #1337, .T. ) ;
#374 = AXIS2_PLACEMENT_3D ( 'NONE', #824, #1498, #611 ) ;
#375 = PLANE ( 'NONE',  #2100 ) ;
#376 = ORIENTED_EDGE ( 'NONE', *, *, #1352, .T. ) ;
#377 = DIRECTION ( 'NONE',  ( 0.000000000000000000, -1.000000000000000000, 0.000000000000000000 ) ) ;
#378 = CIRCLE ( 'NONE', #2188, 7.499999999999978684 ) ;
#379 = ORIENTED_EDGE ( 'NONE', *, *, #578, .T. ) ;
#380 = DIRECTION ( 'NONE',  ( 1.000000000000000000, 0.000000000000000000, 0.000000000000000000 ) ) ;
#381 = EDGE_CURVE ( 'NONE', #1960, #1616, #1256, .T. ) ;
#382 = EDGE_CURVE ( 'NONE', #1018, #1993, #1364, .T. ) ;
#383 = DIRECTION ( 'NONE',  ( 0.000000000000000000, 0.000000000000000000, 1.000000000000000000 ) ) ;
#384 = VECTOR ( 'NONE', #182, 1000.000000000000000 ) ;
#385 = FACE_OUTER_BOUND ( 'NONE', #259, .T. ) ;
#386 = CARTESIAN_POINT ( 'NONE',  ( 20.78460969082653875, 131.0000000000000000, -2.500000000000009326 ) ) ;
#387 = CARTESIAN_POINT ( 'NONE',  ( 169.9996922461312465, 103.1015990426618174, 0.000000000000000000 ) ) ;
#388 = ORIENTED_EDGE ( 'NONE', *, *, #279, .T. ) ;
#389 = CARTESIAN_POINT ( 'NONE',  ( 0.000000000000000000, 135.0000000000000000, 0.000000000000000000 ) ) ;
#390 = DIRECTION ( 'NONE',  ( 0.000000000000000000, 0.000000000000000000, -1.000000000000000000 ) ) ;
#391 = ADVANCED_FACE ( 'NONE', ( #486 ), #783, .F. ) ;
#392 = ADVANCED_FACE ( 'NONE', ( #5 ), #1485, .T. ) ;
#393 = DIRECTION ( 'NONE',  ( -0.000000000000000000, -1.000000000000000000, -0.000000000000000000 ) ) ;
#394 = AXIS2_PLACEMENT_3D ( 'NONE', #1725, #1219, #879 ) ;
#395 = DIRECTION ( 'NONE',  ( -1.000000000000000000, 0.000000000000000000, 0.000000000000000000 ) ) ;
#396 = ORIENTED_EDGE ( 'NONE', *, *, #1367, .T. ) ;
#397 = CONICAL_SURFACE ( 'NONE', #1677, 13.99999999999999822, 0.7853981633974691512 ) ;
#398 = DIRECTION ( 'NONE',  ( 0.000000000000000000, 1.000000000000000000, 0.000000000000000000 ) ) ;
#399 = ORIENTED_EDGE ( 'NONE', *, *, #1367, .F. ) ;
#400 = VECTOR ( 'NONE', #706, 1000.000000000000114 ) ;
#401 = CARTESIAN_POINT ( 'NONE',  ( 1.316495309083406393E-15, 131.0000000000000000, -10.50000000000001243 ) ) ;
#402 = CARTESIAN_POINT ( 'NONE',  ( 37.35867883148079471, 128.0710678118654755, 2.500000000000007105 ) ) ;
#403 = CARTESIAN_POINT ( 'NONE',  ( 169.9996922461312465, 106.6015990426618032, 0.000000000000000000 ) ) ;
#404 = CARTESIAN_POINT ( 'NONE',  ( 162.9597438024641178, 106.6015990426618174, 7.790322580645185013 ) ) ;
#405 = ADVANCED_FACE ( 'NONE', ( #118 ), #215, .T. ) ;
#406 = CARTESIAN_POINT ( 'NONE',  ( 0.000000000000000000, 131.0000000000000000, 0.000000000000000000 ) ) ;
#407 = ORIENTED_EDGE ( 'NONE', *, *, #158, .T. ) ;
#408 = EDGE_CURVE ( 'NONE', #1089, #756, #1534, .T. ) ;
#409 = PLANE ( 'NONE',  #237 ) ;
#410 = DIRECTION ( 'NONE',  ( 1.000000000000000000, 0.000000000000000000, 0.000000000000000000 ) ) ;
#411 = DIRECTION ( 'NONE',  ( 0.000000000000000000, 0.000000000000000000, 1.000000000000000000 ) ) ;
#412 = ORIENTED_EDGE ( 'NONE', *, *, #1731, .T. ) ;
#413 = DIRECTION ( 'NONE',  ( -0.000000000000000000, -0.000000000000000000, 1.000000000000000000 ) ) ;
#414 = DIRECTION ( 'NONE',  ( 0.7071067811865487940, 0.7071067811865463515, 0.000000000000000000 ) ) ;
#415 = CIRCLE ( 'NONE', #771, 19.99999999999998934 ) ;
#416 = VERTEX_POINT ( 'NONE', #674 ) ;
#417 = VECTOR ( 'NONE', #1383, 1000.000000000000000 ) ;
#418 = CARTESIAN_POINT ( 'NONE',  ( 0.000000000000000000, 131.0000000000000000, 0.000000000000000000 ) ) ;
#419 = DIRECTION ( 'NONE',  ( 0.000000000000000000, 1.000000000000000000, 0.000000000000000000 ) ) ;
#420 = DIRECTION ( 'NONE',  ( 1.000000000000000000, 0.000000000000000000, 0.000000000000000000 ) ) ;
#421 = EDGE_LOOP ( 'NONE', ( #2067, #594, #1807, #399 ) ) ;
#422 = DIRECTION ( 'NONE',  ( 0.000000000000000000, -1.000000000000000000, 0.000000000000000000 ) ) ;
#423 = DIRECTION ( 'NONE',  ( 0.000000000000000000, 1.000000000000000000, 0.000000000000000000 ) ) ;
#424 = VECTOR ( 'NONE', #1022, 1000.000000000000000 ) ;
#425 = ORIENTED_EDGE ( 'NONE', *, *, #514, .F. ) ;
#426 = CIRCLE ( 'NONE', #219, 20.49999999999999645 ) ;
#427 = DIRECTION ( 'NONE',  ( -1.000000000000000000, -0.000000000000000000, -0.000000000000000000 ) ) ;
#428 = CARTESIAN_POINT ( 'NONE',  ( 30.28761101961530144, 121.0000000000000142, 2.500000000000026645 ) ) ;
#429 = VECTOR ( 'NONE', #2042, 1000.000000000000000 ) ;
#430 = EDGE_CURVE ( 'NONE', #464, #468, #2155, .T. ) ;
#431 = AXIS2_PLACEMENT_3D ( 'NONE', #908, #246, #770 ) ;
#432 = EDGE_CURVE ( 'NONE', #1282, #1322, #1999, .T. ) ;
#433 = CARTESIAN_POINT ( 'NONE',  ( 169.9996922461312465, 102.6015990426618174, 10.50000000000001954 ) ) ;
#434 = ORIENTED_EDGE ( 'NONE', *, *, #1296, .T. ) ;
#435 = DIRECTION ( 'NONE',  ( 0.000000000000000000, 1.000000000000000000, 0.000000000000000000 ) ) ;
#436 = DIRECTION ( 'NONE',  ( -0.000000000000000000, -1.000000000000000000, -0.000000000000000000 ) ) ;
#437 = ORIENTED_EDGE ( 'NONE', *, *, #963, .F. ) ;
#438 = ORIENTED_EDGE ( 'NONE', *, *, #607, .F. ) ;
#439 = DIRECTION ( 'NONE',  ( -0.000000000000000000, -1.000000000000000000, -0.000000000000000000 ) ) ;
#440 = AXIS2_PLACEMENT_3D ( 'NONE', #996, #1678, #152 ) ;
#441 = VECTOR ( 'NONE', #938, 999.9999999999998863 ) ;
#442 = ADVANCED_FACE ( 'NONE', ( #1985 ), #1171, .T. ) ;
#443 = PRODUCT_DEFINITION ( 'æœ', '', #1198, #193 ) ;
#444 = PLANE ( 'NONE',  #728 ) ;
#445 = ORIENTED_EDGE ( 'NONE', *, *, #1727, .T. ) ;
#446 = EDGE_CURVE ( 'NONE', #1166, #795, #2170, .T. ) ;
#447 = FACE_OUTER_BOUND ( 'NONE', #1521, .T. ) ;
#448 = VERTEX_POINT ( 'NONE', #1148 ) ;
#449 = FACE_OUTER_BOUND ( 'NONE', #328, .T. ) ;
#450 = ORIENTED_EDGE ( 'NONE', *, *, #2116, .F. ) ;
#451 = CARTESIAN_POINT ( 'NONE',  ( 149.2150825553046616, 106.6015990426618174, 2.999999999999999112 ) ) ;
#452 = CONICAL_SURFACE ( 'NONE', #1701, 20.49999999999996803, 0.7853981633974206344 ) ;
#453 = ORIENTED_EDGE ( 'NONE', *, *, #665, .F. ) ;
#454 = DIRECTION ( 'NONE',  ( -1.000000000000000000, 0.000000000000000000, 0.000000000000000000 ) ) ;
#455 = AXIS2_PLACEMENT_3D ( 'NONE', #1686, #1213, #2197 ) ;
#456 = ORIENTED_EDGE ( 'NONE', *, *, #382, .T. ) ;
#457 = LINE ( 'NONE', #950, #1061 ) ;
#458 = VERTEX_POINT ( 'NONE', #1824 ) ;
#459 = DIRECTION ( 'NONE',  ( 0.000000000000000000, 0.000000000000000000, 1.000000000000000000 ) ) ;
#460 = ORIENTED_EDGE ( 'NONE', *, *, #1733, .F. ) ;
#461 = FACE_OUTER_BOUND ( 'NONE', #1001, .T. ) ;
#462 = ORIENTED_EDGE ( 'NONE', *, *, #1078, .F. ) ;
#463 = CARTESIAN_POINT ( 'NONE',  ( 20.78460969082652809, 131.5000000000000000, 23.00000000000000000 ) ) ;
#464 = VERTEX_POINT ( 'NONE', #1836 ) ;
#465 = VECTOR ( 'NONE', #380, 1000.000000000000000 ) ;
#466 = CARTESIAN_POINT ( 'NONE',  ( 0.000000000000000000, 131.0000000000000000, -7.499999999999978684 ) ) ;
#467 = CARTESIAN_POINT ( 'NONE',  ( 162.9597438024641463, 102.6015990426618174, 7.790322580645157480 ) ) ;
#468 = VERTEX_POINT ( 'NONE', #1000 ) ;
#469 = FACE_OUTER_BOUND ( 'NONE', #1141, .T. ) ;
#470 = VERTEX_POINT ( 'NONE', #979 ) ;
#471 = ADVANCED_FACE ( 'NONE', ( #1659 ), #308, .F. ) ;
#472 = DIRECTION ( 'NONE',  ( 0.000000000000000000, -0.000000000000000000, 1.000000000000000000 ) ) ;
#473 = ORIENTED_EDGE ( 'NONE', *, *, #1103, .F. ) ;
#474 = DIRECTION ( 'NONE',  ( 0.000000000000000000, -1.000000000000000000, 0.000000000000000000 ) ) ;
#475 = ORIENTED_EDGE ( 'NONE', *, *, #2199, .F. ) ;
#476 = DIRECTION ( 'NONE',  ( 0.7071067811865487940, 0.7071067811865463515, 0.000000000000000000 ) ) ;
#477 = CIRCLE ( 'NONE', #874, 19.99999999999998934 ) ;
#478 = LINE ( 'NONE', #1128, #915 ) ;
#479 = ORIENTED_EDGE ( 'NONE', *, *, #1733, .T. ) ;
#480 = DIRECTION ( 'NONE',  ( -1.000000000000000000, 0.000000000000000000, 0.000000000000000000 ) ) ;
#481 = ORIENTED_EDGE ( 'NONE', *, *, #536, .F. ) ;
#482 = DIRECTION ( 'NONE',  ( 0.000000000000000000, 1.000000000000000000, 0.000000000000000000 ) ) ;
#483 = EDGE_CURVE ( 'NONE', #1322, #606, #1846, .T. ) ;
#484 = EDGE_LOOP ( 'NONE', ( #1825, #37, #1667, #1775 ) ) ;
#485 = CARTESIAN_POINT ( 'NONE',  ( 40.18710595622698634, 130.8994949366116600, 2.500000000000026645 ) ) ;
#486 = FACE_OUTER_BOUND ( 'NONE', #1710, .T. ) ;
#487 = ORIENTED_EDGE ( 'NONE', *, *, #1754, .T. ) ;
#488 = CONICAL_SURFACE ( 'NONE', #1699, 11.00000000000001421, 0.7853981633974430610 ) ;
#489 = CONICAL_SURFACE ( 'NONE', #1278, 10.50000000000003375, 0.7853981633974291832 ) ;
#490 = PLANE ( 'NONE',  #262 ) ;
#491 = DIRECTION ( 'NONE',  ( 0.000000000000000000, 0.000000000000000000, 1.000000000000000000 ) ) ;
#492 = ORIENTED_EDGE ( 'NONE', *, *, #829, .T. ) ;
#493 = FACE_OUTER_BOUND ( 'NONE', #1844, .T. ) ;
#494 = DIRECTION ( 'NONE',  ( 0.000000000000000000, -1.000000000000000000, 0.000000000000000000 ) ) ;
#495 = ORIENTED_EDGE ( 'NONE', *, *, #268, .F. ) ;
#496 = CARTESIAN_POINT ( 'NONE',  ( 149.2150825553046616, 102.6015990426618174, -23.00000000000000000 ) ) ;
#497 = DIRECTION ( 'NONE',  ( -0.000000000000000000, -1.000000000000000000, -0.000000000000000000 ) ) ;
#498 = EDGE_LOOP ( 'NONE', ( #632, #1059, #1864, #844 ) ) ;
#499 = CONICAL_SURFACE ( 'NONE', #1461, 10.50000000000003375, 0.7853981633974291832 ) ;
#500 = EDGE_CURVE ( 'NONE', #1655, #1814, #1782, .T. ) ;
#501 = CIRCLE ( 'NONE', #893, 11.00000000000001421 ) ;
#502 = ADVANCED_FACE ( 'NONE', ( #1159 ), #1916, .T. ) ;
#503 = AXIS2_PLACEMENT_3D ( 'NONE', #1021, #1522, #2192 ) ;
#504 = LINE ( 'NONE', #159, #736 ) ;
#505 = ORIENTED_EDGE ( 'NONE', *, *, #935, .F. ) ;
#506 = VECTOR ( 'NONE', #414, 1000.000000000000000 ) ;
#507 = DIRECTION ( 'NONE',  ( 0.000000000000000000, 0.000000000000000000, 1.000000000000000000 ) ) ;
#508 = VERTEX_POINT ( 'NONE', #155 ) ;
#509 = CARTESIAN_POINT ( 'NONE',  ( 68.62713747390772312, 106.6015990426618174, 2.500000000000026645 ) ) ;
#510 = DIRECTION ( 'NONE',  ( 0.000000000000000000, 0.000000000000000000, 1.000000000000000000 ) ) ;
#511 = ORIENTED_EDGE ( 'NONE', *, *, #643, .T. ) ;
#512 = EDGE_CURVE ( 'NONE', #910, #1814, #1355, .T. ) ;
#513 = EDGE_CURVE ( 'NONE', #910, #699, #569, .T. ) ;
#514 = EDGE_CURVE ( 'NONE', #289, #2023, #2028, .T. ) ;
#515 = EDGE_CURVE ( 'NONE', #1157, #1884, #36, .T. ) ;
#516 = CYLINDRICAL_SURFACE ( 'NONE', #1120, 11.00000000000001243 ) ;
#517 = DIRECTION ( 'NONE',  ( 0.000000000000000000, 0.7071067811865474617, -0.7071067811865474617 ) ) ;
#518 = ORIENTED_EDGE ( 'NONE', *, *, #1269, .F. ) ;
#519 = CARTESIAN_POINT ( 'NONE',  ( 59.08119592788931840, 107.0556574966434340, 2.999999999999999112 ) ) ;
#520 = ORIENTED_EDGE ( 'NONE', *, *, #1473, .T. ) ;
#521 = CARTESIAN_POINT ( 'NONE',  ( 0.000000000000000000, 131.5000000000000000, 0.000000000000000000 ) ) ;
#522 = DIRECTION ( 'NONE',  ( -0.000000000000000000, 1.000000000000000000, -0.000000000000000000 ) ) ;
#523 = ORIENTED_EDGE ( 'NONE', *, *, #701, .F. ) ;
#524 = CARTESIAN_POINT ( 'NONE',  ( 1.347111479062090180E-15, 131.5000000000000000, -11.00000000000001243 ) ) ;
#525 = VECTOR ( 'NONE', #1762, 1000.000000000000000 ) ;
#526 = VECTOR ( 'NONE', #1273, 1000.000000000000000 ) ;
#527 = FACE_OUTER_BOUND ( 'NONE', #208, .T. ) ;
#528 = AXIS2_PLACEMENT_3D ( 'NONE', #941, #435, #1279 ) ;
#529 = CARTESIAN_POINT ( 'NONE',  ( 0.000000000000000000, 135.0000000000000000, 0.000000000000000000 ) ) ;
#530 = ORIENTED_EDGE ( 'NONE', *, *, #352, .T. ) ;
#531 = CARTESIAN_POINT ( 'NONE',  ( 20.78460969082652809, 131.0000000000000000, -23.00000000000000000 ) ) ;
#532 = ORIENTED_EDGE ( 'NONE', *, *, #17, .F. ) ;
#533 = CARTESIAN_POINT ( 'NONE',  ( 169.9996922461312465, 103.1015990426618174, -11.00000000000001421 ) ) ;
#534 = CARTESIAN_POINT ( 'NONE',  ( 30.28761101961530144, 134.5000000000000000, -2.999999999999999112 ) ) ;
#535 = ORIENTED_EDGE ( 'NONE', *, *, #798, .T. ) ;
#536 = EDGE_CURVE ( 'NONE', #1322, #1723, #822, .T. ) ;
#537 = CARTESIAN_POINT ( 'NONE',  ( 149.2150825553046616, 103.1015990426618174, -23.00000000000000000 ) ) ;
#538 = AXIS2_PLACEMENT_3D ( 'NONE', #1694, #334, #846 ) ;
#539 = DIRECTION ( 'NONE',  ( 0.000000000000000000, 0.7071067811865671127, 0.7071067811865279218 ) ) ;
#540 = VERTEX_POINT ( 'NONE', #1556 ) ;
#541 = ADVANCED_FACE ( 'NONE', ( #866 ), #1206, .T. ) ;
#542 = EDGE_CURVE ( 'NONE', #1977, #2060, #1047, .T. ) ;
#543 = CIRCLE ( 'NONE', #1189, 10.00000000000000178 ) ;
#544 = CARTESIAN_POINT ( 'NONE',  ( 1.285879139104725958E-15, 135.0000000000000000, 10.50000000000004086 ) ) ;
#545 = ORIENTED_EDGE ( 'NONE', *, *, #1378, .T. ) ;
#546 = DIRECTION ( 'NONE',  ( -0.000000000000000000, -1.000000000000000000, -0.000000000000000000 ) ) ;
#547 = AXIS2_PLACEMENT_3D ( 'NONE', #196, #1576, #878 ) ;
#548 = ORIENTED_EDGE ( 'NONE', *, *, #1281, .T. ) ;
#549 = EDGE_CURVE ( 'NONE', #1960, #1665, #698, .T. ) ;
#550 = CARTESIAN_POINT ( 'NONE',  ( 149.2150825553046616, 106.6015990426618174, -2.500000000000030198 ) ) ;
#551 = CARTESIAN_POINT ( 'NONE',  ( 10.05430193695773511, 106.1015990426618174, -2.999999999999999112 ) ) ;
#552 = DIRECTION ( 'NONE',  ( 0.000000000000000000, 0.000000000000000000, 1.000000000000000000 ) ) ;
#553 = CARTESIAN_POINT ( 'NONE',  ( 30.28761101961530144, 135.0000000000000000, 2.999999999999999112 ) ) ;
#554 = LINE ( 'NONE', #1738, #330 ) ;
#555 = VECTOR ( 'NONE', #788, 1000.000000000000000 ) ;
#556 = VERTEX_POINT ( 'NONE', #534 ) ;
#557 = EDGE_CURVE ( 'NONE', #293, #1472, #1105, .T. ) ;
#558 = DIRECTION ( 'NONE',  ( -0.7071067811865487940, -0.7071067811865463515, 0.000000000000000000 ) ) ;
#559 = CARTESIAN_POINT ( 'NONE',  ( 20.78460969082653875, 135.0000000000000000, -2.500000000000036859 ) ) ;
#560 = AXIS2_PLACEMENT_3D ( 'NONE', #657, #972, #800 ) ;
#561 = DIRECTION ( 'NONE',  ( 0.000000000000000000, 0.000000000000000000, 1.000000000000000000 ) ) ;
#562 = DIRECTION ( 'NONE',  ( -1.000000000000000000, 0.000000000000000000, 0.000000000000000000 ) ) ;
#563 = CARTESIAN_POINT ( 'NONE',  ( 169.9996922461312465, 106.1015990426618174, 0.000000000000000000 ) ) ;
#564 = ORIENTED_EDGE ( 'NONE', *, *, #1408, .T. ) ;
#565 = FACE_OUTER_BOUND ( 'NONE', #1915, .T. ) ;
#566 = CARTESIAN_POINT ( 'NONE',  ( 30.28761101961530144, 121.0000000000000142, 2.999999999999999112 ) ) ;
#567 = ADVANCED_FACE ( 'NONE', ( #1706 ), #15, .T. ) ;
#568 = DIRECTION ( 'NONE',  ( 0.000000000000000000, 0.000000000000000000, 1.000000000000000000 ) ) ;
#569 = CIRCLE ( 'NONE', #1781, 11.00000000000001243 ) ;
#570 = CARTESIAN_POINT ( 'NONE',  ( 0.000000000000000000, 134.5000000000000284, 0.000000000000000000 ) ) ;
#571 = ORIENTED_EDGE ( 'NONE', *, *, #707, .F. ) ;
#572 = VECTOR ( 'NONE', #419, 1000.000000000000000 ) ;
#573 = LINE ( 'NONE', #220, #2071 ) ;
#574 = ORIENTED_EDGE ( 'NONE', *, *, #2, .F. ) ;
#575 = AXIS2_PLACEMENT_3D ( 'NONE', #602, #1981, #459 ) ;
#576 = DIRECTION ( 'NONE',  ( 0.000000000000000000, 1.000000000000000000, 0.000000000000000000 ) ) ;
#577 = CARTESIAN_POINT ( 'NONE',  ( 149.2150825553046616, 102.6015990426618174, 23.00000000000000000 ) ) ;
#578 = EDGE_CURVE ( 'NONE', #508, #782, #209, .T. ) ;
#579 = FACE_OUTER_BOUND ( 'NONE', #669, .T. ) ;
#580 = ADVANCED_FACE ( 'NONE', ( #359 ), #499, .T. ) ;
#581 = ORIENTED_EDGE ( 'NONE', *, *, #2199, .T. ) ;
#582 = CARTESIAN_POINT ( 'NONE',  ( 20.78460969082652809, 135.0000000000000000, 23.00000000000000000 ) ) ;
#583 = DIRECTION ( 'NONE',  ( 0.000000000000000000, 1.000000000000000000, 0.000000000000000000 ) ) ;
#584 = VECTOR ( 'NONE', #360, 1000.000000000000114 ) ;
#585 = EDGE_LOOP ( 'NONE', ( #761, #479, #1607, #931 ) ) ;
#586 = DIRECTION ( 'NONE',  ( 0.000000000000000000, 0.000000000000000000, 1.000000000000000000 ) ) ;
#587 = CIRCLE ( 'NONE', #2111, 7.499999999999978684 ) ;
#588 = FACE_OUTER_BOUND ( 'NONE', #1339, .T. ) ;
#589 = FACE_OUTER_BOUND ( 'NONE', #1554, .T. ) ;
#590 = ORIENTED_EDGE ( 'NONE', *, *, #1142, .F. ) ;
#591 = PLANE ( 'NONE',  #1315 ) ;
#592 = PLANE ( 'NONE',  #2135 ) ;
#593 = VECTOR ( 'NONE', #715, 1000.000000000000000 ) ;
#594 = ORIENTED_EDGE ( 'NONE', *, *, #1834, .F. ) ;
#595 = VECTOR ( 'NONE', #1736, 1000.000000000000000 ) ;
#596 = CARTESIAN_POINT ( 'NONE',  ( 9.184850993605122306E-16, 131.0000000000000000, 7.499999999999978684 ) ) ;
#597 = CARTESIAN_POINT ( 'NONE',  ( 10.05430193695773511, 103.1015990426618174, -2.999999999999999112 ) ) ;
#598 = DIRECTION ( 'NONE',  ( 8.659560562354624709E-17, -0.7071067811865726638, 0.7071067811865223707 ) ) ;
#599 = ORIENTED_EDGE ( 'NONE', *, *, #773, .F. ) ;
#600 = VECTOR ( 'NONE', #2094, 1000.000000000000000 ) ;
#601 = CARTESIAN_POINT ( 'NONE',  ( 149.2150825553046616, 103.1015990426618174, 2.999999999999999112 ) ) ;
#602 = CARTESIAN_POINT ( 'NONE',  ( 122.3762493934783606, 43.05349724986762538, 23.00000000000000000 ) ) ;
#603 = CIRCLE ( 'NONE', #181, 10.00000000000000178 ) ;
#604 = ORIENTED_EDGE ( 'NONE', *, *, #1231, .T. ) ;
#605 = AXIS2_PLACEMENT_3D ( 'NONE', #1184, #820, #2168 ) ;
#606 = VERTEX_POINT ( 'NONE', #550 ) ;
#607 = EDGE_CURVE ( 'NONE', #2017, #1282, #858, .T. ) ;
#608 = CARTESIAN_POINT ( 'NONE',  ( 30.28761101961530144, 121.0000000000000142, 2.500000000000026645 ) ) ;
#609 = AXIS2_PLACEMENT_3D ( 'NONE', #366, #697, #1218 ) ;
#610 = EDGE_CURVE ( 'NONE', #1672, #1277, #818, .T. ) ;
#611 = DIRECTION ( 'NONE',  ( -1.000000000000000000, 0.000000000000000000, 0.000000000000000000 ) ) ;
#612 = ORIENTED_EDGE ( 'NONE', *, *, #1349, .F. ) ;
#613 = CARTESIAN_POINT ( 'NONE',  ( 20.78460969082652809, 135.0000000000000000, 23.00000000000000000 ) ) ;
#614 = LINE ( 'NONE', #1302, #506 ) ;
#615 = EDGE_LOOP ( 'NONE', ( #53, #1438, #1207, #1426 ) ) ;
#616 = FACE_OUTER_BOUND ( 'NONE', #1675, .T. ) ;
#617 = ORIENTED_EDGE ( 'NONE', *, *, #515, .T. ) ;
#618 = CARTESIAN_POINT ( 'NONE',  ( 30.28761101961530144, 131.5000000000000000, 2.999999999999999112 ) ) ;
#619 =( NAMED_UNIT ( * ) PLANE_ANGLE_UNIT ( ) SI_UNIT ( $, .RADIAN. ) );
#620 = CARTESIAN_POINT ( 'NONE',  ( 20.78460969082652809, 131.5000000000000000, 23.00000000000000000 ) ) ;
#621 = ORIENTED_EDGE ( 'NONE', *, *, #1949, .T. ) ;
#622 = DIRECTION ( 'NONE',  ( 0.000000000000000000, 0.000000000000000000, -1.000000000000000000 ) ) ;
#623 = EDGE_LOOP ( 'NONE', ( #1197, #648, #203, #1230, #1587, #997, #362, #1020 ) ) ;
#624 = LINE ( 'NONE', #451, #1793 ) ;
#625 = CIRCLE ( 'NONE', #2050, 19.99999999999999645 ) ;
#626 = ORIENTED_EDGE ( 'NONE', *, *, #305, .T. ) ;
#627 = CARTESIAN_POINT ( 'NONE',  ( 59.08119592788931840, 107.0556574966434340, 2.999999999999999112 ) ) ;
#628 = VECTOR ( 'NONE', #1216, 1000.000000000000000 ) ;
#629 = CARTESIAN_POINT ( 'NONE',  ( 0.000000000000000000, 131.0000000000000000, 0.000000000000000000 ) ) ;
#630 = EDGE_CURVE ( 'NONE', #556, #650, #1060, .T. ) ;
#631 = DIRECTION ( 'NONE',  ( 0.000000000000000000, 0.000000000000000000, 1.000000000000000000 ) ) ;
#632 = ORIENTED_EDGE ( 'NONE', *, *, #1434, .T. ) ;
#633 = DIRECTION ( 'NONE',  ( 1.000000000000000000, 0.000000000000000000, 0.000000000000000000 ) ) ;
#634 = EDGE_CURVE ( 'NONE', #1018, #1166, #2097, .T. ) ;
#635 = ORIENTED_EDGE ( 'NONE', *, *, #869, .F. ) ;
#636 = FACE_OUTER_BOUND ( 'NONE', #109, .T. ) ;
#637 = ORIENTED_EDGE ( 'NONE', *, *, #1504, .T. ) ;
#638 = DIRECTION ( 'NONE',  ( 0.000000000000000000, 0.000000000000000000, 1.000000000000000000 ) ) ;
#639 = EDGE_LOOP ( 'NONE', ( #156, #437, #954, #2163 ) ) ;
#640 = AXIS2_PLACEMENT_3D ( 'NONE', #1936, #920, #71 ) ;
#641 = VECTOR ( 'NONE', #1670, 1000.000000000000000 ) ;
#642 =( LENGTH_UNIT ( ) NAMED_UNIT ( * ) SI_UNIT ( .MILLI., .METRE. ) );
#643 = EDGE_CURVE ( 'NONE', #1980, #1616, #370, .T. ) ;
#644 = AXIS2_PLACEMENT_3D ( 'NONE', #1406, #546, #709 ) ;
#645 = CYLINDRICAL_SURFACE ( 'NONE', #1311, 19.99999999999999645 ) ;
#646 = ORIENTED_EDGE ( 'NONE', *, *, #1137, .F. ) ;
#647 = DIRECTION ( 'NONE',  ( 0.000000000000000000, 0.000000000000000000, 1.000000000000000000 ) ) ;
#648 = ORIENTED_EDGE ( 'NONE', *, *, #665, .T. ) ;
#649 = FACE_BOUND ( 'NONE', #789, .T. ) ;
#650 = VERTEX_POINT ( 'NONE', #1036 ) ;
#651 = LINE ( 'NONE', #1183, #1401 ) ;
#652 = CARTESIAN_POINT ( 'NONE',  ( 0.000000000000000000, 134.5000000000000000, 0.000000000000000000 ) ) ;
#653 = ORIENTED_EDGE ( 'NONE', *, *, #1795, .F. ) ;
#654 = AXIS2_PLACEMENT_3D ( 'NONE', #1690, #1668, #2153 ) ;
#655 = DIRECTION ( 'NONE',  ( -0.4740947889257594028, -0.7071067811865742181, 0.5246276118480630579 ) ) ;
#656 = AXIS2_PLACEMENT_3D ( 'NONE', #2092, #746, #1432 ) ;
#657 = CARTESIAN_POINT ( 'NONE',  ( 0.000000000000000000, 134.5000000000000284, 0.000000000000000000 ) ) ;
#658 = ORIENTED_EDGE ( 'NONE', *, *, #512, .T. ) ;
#659 = PLANE ( 'NONE',  #1784 ) ;
#660 = CARTESIAN_POINT ( 'NONE',  ( 149.2150825553046616, 102.6015990426618174, -2.500000000000002220 ) ) ;
#661 = ORIENTED_EDGE ( 'NONE', *, *, #1572, .F. ) ;
#662 = CARTESIAN_POINT ( 'NONE',  ( 169.9996922461312465, 106.1015990426618174, -11.00000000000001421 ) ) ;
#663 = CARTESIAN_POINT ( 'NONE',  ( 149.2150825553046616, 106.1015990426618174, -2.999999999999999112 ) ) ;
#664 = ORIENTED_EDGE ( 'NONE', *, *, #1078, .T. ) ;
#665 = EDGE_CURVE ( 'NONE', #1405, #2076, #1901, .T. ) ;
#666 = ADVANCED_FACE ( 'NONE', ( #1741, #689 ), #892, .F. ) ;
#667 = CONICAL_SURFACE ( 'NONE', #455, 11.00000000000001243, 0.7853981633974482790 ) ;
#668 = CARTESIAN_POINT ( 'NONE',  ( 37.71223222207406423, 128.4246212024587237, -2.999999999999999112 ) ) ;
#669 = EDGE_LOOP ( 'NONE', ( #1823, #1160, #902, #177 ) ) ;
#670 = EDGE_CURVE ( 'NONE', #795, #1490, #1399, .T. ) ;
#671 = DIRECTION ( 'NONE',  ( 0.000000000000000000, -0.7071067811865474617, -0.7071067811865474617 ) ) ;
#672 = ORIENTED_EDGE ( 'NONE', *, *, #113, .T. ) ;
#673 = DIRECTION ( 'NONE',  ( 1.000000000000000000, 0.000000000000000000, 0.000000000000000000 ) ) ;
#674 = CARTESIAN_POINT ( 'NONE',  ( 169.9996922461312465, 102.6015990426618174, 7.499999999999978684 ) ) ;
#675 = ORIENTED_EDGE ( 'NONE', *, *, #1791, .F. ) ;
#676 = EDGE_CURVE ( 'NONE', #20, #91, #1579, .T. ) ;
#677 = EDGE_CURVE ( 'NONE', #1153, #1977, #603, .T. ) ;
#678 = AXIS2_PLACEMENT_3D ( 'NONE', #1524, #2193, #126 ) ;
#679 = AXIS2_PLACEMENT_3D ( 'NONE', #597, #1274, #1458 ) ;
#680 = CARTESIAN_POINT ( 'NONE',  ( 1.347111479062090180E-15, 131.5000000000000000, -11.00000000000001243 ) ) ;
#681 = AXIS2_PLACEMENT_3D ( 'NONE', #292, #112, #633 ) ;
#682 = CARTESIAN_POINT ( 'NONE',  ( 0.000000000000000000, 131.5000000000000000, 11.00000000000001243 ) ) ;
#683 = ORIENTED_EDGE ( 'NONE', *, *, #643, .F. ) ;
#684 = DIRECTION ( 'NONE',  ( -0.000000000000000000, -1.000000000000000000, -0.000000000000000000 ) ) ;
#685 = ORIENTED_EDGE ( 'NONE', *, *, #1802, .T. ) ;
#686 = CARTESIAN_POINT ( 'NONE',  ( 68.62713747390769470, 106.1015990426617890, -2.999999999999999112 ) ) ;
#687 = DIRECTION ( 'NONE',  ( -0.4999999999999939493, -0.4999999999999922284, 0.7071067811865573427 ) ) ;
#688 = VERTEX_POINT ( 'NONE', #1377 ) ;
#689 = FACE_OUTER_BOUND ( 'NONE', #623, .T. ) ;
#690 =( NAMED_UNIT ( * ) SI_UNIT ( $, .STERADIAN. ) SOLID_ANGLE_UNIT ( ) );
#691 = CARTESIAN_POINT ( 'NONE',  ( 68.62713747390769470, 102.6015990426618174, 2.499999999999998668 ) ) ;
#692 = COLOUR_RGB ( '',0.7921568627450980005, 0.8196078431372548767, 0.9333333333333333481 ) ;
#693 = ORIENTED_EDGE ( 'NONE', *, *, #310, .F. ) ;
#694 = EDGE_CURVE ( 'NONE', #464, #1712, #1717, .T. ) ;
#695 = LINE ( 'NONE', #184, #400 ) ;
#696 = ORIENTED_EDGE ( 'NONE', *, *, #1471, .F. ) ;
#697 = DIRECTION ( 'NONE',  ( -0.000000000000000000, -1.000000000000000000, -0.000000000000000000 ) ) ;
#698 = LINE ( 'NONE', #2056, #2062 ) ;
#699 = VERTEX_POINT ( 'NONE', #524 ) ;
#700 = DIRECTION ( 'NONE',  ( 0.000000000000000000, 0.000000000000000000, 1.000000000000000000 ) ) ;
#701 = EDGE_CURVE ( 'NONE', #688, #1937, #748, .T. ) ;
#702 = AXIS2_PLACEMENT_3D ( 'NONE', #2125, #1935, #1584 ) ;
#703 = LINE ( 'NONE', #372, #2196 ) ;
#704 = ORIENTED_EDGE ( 'NONE', *, *, #2145, .F. ) ;
#705 = EDGE_CURVE ( 'NONE', #307, #508, #1892, .T. ) ;
#706 = DIRECTION ( 'NONE',  ( 0.000000000000000000, 0.7071067811865431318, 0.7071067811865517916 ) ) ;
#707 = EDGE_CURVE ( 'NONE', #650, #1799, #1050, .T. ) ;
#708 = ORIENTED_EDGE ( 'NONE', *, *, #1077, .T. ) ;
#709 = DIRECTION ( 'NONE',  ( 0.000000000000000000, 0.000000000000000000, 1.000000000000000000 ) ) ;
#710 = CARTESIAN_POINT ( 'NONE',  ( 125.2046765182245593, 45.88192437461380280, -2.500000000000033307 ) ) ;
#711 = EDGE_LOOP ( 'NONE', ( #721, #1266, #123, #2003 ) ) ;
#712 = DIRECTION ( 'NONE',  ( -0.000000000000000000, -1.000000000000000000, -0.000000000000000000 ) ) ;
#713 = AXIS2_PLACEMENT_3D ( 'NONE', #1878, #188, #1544 ) ;
#714 = VECTOR ( 'NONE', #410, 1000.000000000000000 ) ;
#715 = DIRECTION ( 'NONE',  ( 0.7071067811865463515, -0.7071067811865487940, 0.000000000000000000 ) ) ;
#716 = ADVANCED_FACE ( 'NONE', ( #904 ), #2132, .T. ) ;
#717 = AXIS2_PLACEMENT_3D ( 'NONE', #999, #1680, #1363 ) ;
#718 = DIRECTION ( 'NONE',  ( 0.000000000000000000, -0.7071067811865279218, -0.7071067811865671127 ) ) ;
#719 = CARTESIAN_POINT ( 'NONE',  ( 169.9996922461312465, 103.1015990426618174, 0.000000000000000000 ) ) ;
#720 = CARTESIAN_POINT ( 'NONE',  ( 169.9996922461312465, 103.1015990426618174, 0.000000000000000000 ) ) ;
#721 = ORIENTED_EDGE ( 'NONE', *, *, #42, .T. ) ;
#722 = DIRECTION ( 'NONE',  ( -1.000000000000000000, 0.000000000000000000, 0.000000000000000000 ) ) ;
#723 = DIRECTION ( 'NONE',  ( 0.000000000000000000, 1.000000000000000000, 0.000000000000000000 ) ) ;
#724 = CIRCLE ( 'NONE', #24, 11.00000000000001243 ) ;
#725 = DIRECTION ( 'NONE',  ( 1.000000000000000000, 0.000000000000000000, 0.000000000000000000 ) ) ;
#726 = LINE ( 'NONE', #1575, #1499 ) ;
#727 = FACE_OUTER_BOUND ( 'NONE', #1111, .T. ) ;
#728 = AXIS2_PLACEMENT_3D ( 'NONE', #1476, #131, #981 ) ;
#729 = ORIENTED_EDGE ( 'NONE', *, *, #940, .T. ) ;
#730 = DIRECTION ( 'NONE',  ( 0.000000000000000000, 0.000000000000000000, 1.000000000000000000 ) ) ;
#731 = ADVANCED_FACE ( 'NONE', ( #1419 ), #1037, .F. ) ;
#732 = DIRECTION ( 'NONE',  ( -0.000000000000000000, 1.000000000000000000, -0.000000000000000000 ) ) ;
#733 = CIRCLE ( 'NONE', #1024, 10.50000000000004086 ) ;
#734 = CARTESIAN_POINT ( 'NONE',  ( 149.2150825553046616, 106.6015990426618174, -23.00000000000000000 ) ) ;
#735 = CIRCLE ( 'NONE', #63, 10.50000000000001243 ) ;
#736 = VECTOR ( 'NONE', #517, 1000.000000000000114 ) ;
#737 = FACE_OUTER_BOUND ( 'NONE', #283, .T. ) ;
#738 = DIRECTION ( 'NONE',  ( -0.000000000000000000, -1.000000000000000000, -0.000000000000000000 ) ) ;
#739 = DIRECTION ( 'NONE',  ( 0.000000000000000000, 1.000000000000000000, 0.000000000000000000 ) ) ;
#740 = EDGE_LOOP ( 'NONE', ( #704, #376, #84, #1982 ) ) ;
#741 = DIRECTION ( 'NONE',  ( 0.000000000000000000, 0.000000000000000000, -1.000000000000000000 ) ) ;
#742 = CARTESIAN_POINT ( 'NONE',  ( 149.2150825553046616, 102.6015990426618174, 2.499999999999998668 ) ) ;
#743 = ADVANCED_FACE ( 'NONE', ( #1067 ), #73, .F. ) ;
#744 = ADVANCED_FACE ( 'NONE', ( #1564, #1745 ), #1425, .T. ) ;
#745 = ADVANCED_FACE ( 'NONE', ( #2075 ), #787, .T. ) ;
#746 = DIRECTION ( 'NONE',  ( -0.000000000000000000, 1.000000000000000000, -0.000000000000000000 ) ) ;
#747 = ORIENTED_EDGE ( 'NONE', *, *, #1245, .F. ) ;
#748 = CIRCLE ( 'NONE', #1610, 7.000000000000014211 ) ;
#749 = DIRECTION ( 'NONE',  ( -0.000000000000000000, 1.000000000000000000, -0.000000000000000000 ) ) ;
#750 = DIRECTION ( 'NONE',  ( 0.000000000000000000, 0.000000000000000000, 1.000000000000000000 ) ) ;
#751 = ORIENTED_EDGE ( 'NONE', *, *, #1516, .F. ) ;
#752 = CIRCLE ( 'NONE', #1550, 11.00000000000001421 ) ;
#753 = DIRECTION ( 'NONE',  ( -0.000000000000000000, -1.000000000000000000, -0.000000000000000000 ) ) ;
#754 = LINE ( 'NONE', #1440, #1750 ) ;
#755 = CARTESIAN_POINT ( 'NONE',  ( 7.375184083841689997, 134.5000000000000000, -8.161290322580640577 ) ) ;
#756 = VERTEX_POINT ( 'NONE', #1437 ) ;
#757 = DIRECTION ( 'NONE',  ( 0.000000000000000000, 0.000000000000000000, -1.000000000000000000 ) ) ;
#758 = CARTESIAN_POINT ( 'NONE',  ( 30.28761101961530144, 131.0000000000000000, 2.499999999999998668 ) ) ;
#759 = ADVANCED_FACE ( 'NONE', ( #2105 ), #1261, .F. ) ;
#760 = AXIS2_PLACEMENT_3D ( 'NONE', #1460, #2134, #1298 ) ;
#761 = ORIENTED_EDGE ( 'NONE', *, *, #1988, .F. ) ;
#762 = CARTESIAN_POINT ( 'NONE',  ( 0.000000000000000000, 131.0000000000000000, 0.000000000000000000 ) ) ;
#763 = VECTOR ( 'NONE', #476, 1000.000000000000000 ) ;
#764 = CARTESIAN_POINT ( 'NONE',  ( 37.71223222207405712, 128.4246212024587521, 2.999999999999999112 ) ) ;
#765 = CARTESIAN_POINT ( 'NONE',  ( 0.000000000000000000, 131.0000000000000000, 0.000000000000000000 ) ) ;
#766 = EDGE_CURVE ( 'NONE', #192, #1655, #573, .T. ) ;
#767 = ORIENTED_EDGE ( 'NONE', *, *, #634, .T. ) ;
#768 = CARTESIAN_POINT ( 'NONE',  ( 159.9453903091734617, 135.0000000000000000, -2.500000000000026645 ) ) ;
#769 = ADVANCED_FACE ( 'NONE', ( #207 ), #77, .F. ) ;
#770 = DIRECTION ( 'NONE',  ( 0.000000000000000000, 0.000000000000000000, 1.000000000000000000 ) ) ;
#771 = AXIS2_PLACEMENT_3D ( 'NONE', #2149, #958, #491 ) ;
#772 = ORIENTED_EDGE ( 'NONE', *, *, #1186, .F. ) ;
#773 = EDGE_CURVE ( 'NONE', #1805, #199, #367, .T. ) ;
#774 = CARTESIAN_POINT ( 'NONE',  ( 68.62713747390773733, 116.6015990426618032, 2.500000000000026645 ) ) ;
#775 = DIRECTION ( 'NONE',  ( 0.000000000000000000, 0.000000000000000000, 1.000000000000000000 ) ) ;
#776 = FACE_OUTER_BOUND ( 'NONE', #1766, .T. ) ;
#777 = ORIENTED_EDGE ( 'NONE', *, *, #705, .F. ) ;
#778 = EDGE_CURVE ( 'NONE', #1980, #1365, #2084, .T. ) ;
#779 = DIRECTION ( 'NONE',  ( 0.000000000000000000, 1.000000000000000000, 0.000000000000000000 ) ) ;
#780 = CARTESIAN_POINT ( 'NONE',  ( 0.000000000000000000, 135.0000000000000000, 0.000000000000000000 ) ) ;
#781 = VECTOR ( 'NONE', #558, 1000.000000000000000 ) ;
#782 = VERTEX_POINT ( 'NONE', #1765 ) ;
#783 = CONICAL_SURFACE ( 'NONE', #1853, 7.000000000000000000, 0.7853981633974543852 ) ;
#784 = ORIENTED_EDGE ( 'NONE', *, *, #1923, .F. ) ;
#785 = LINE ( 'NONE', #2099, #1641 ) ;
#786 = AXIS2_PLACEMENT_3D ( 'NONE', #1385, #819, #1509 ) ;
#787 = CONICAL_SURFACE ( 'NONE', #1331, 11.00000000000001421, 0.7853981633974430610 ) ;
#788 = DIRECTION ( 'NONE',  ( 0.000000000000000000, 0.000000000000000000, 1.000000000000000000 ) ) ;
#789 = EDGE_LOOP ( 'NONE', ( #1301, #1252 ) ) ;
#790 = DIRECTION ( 'NONE',  ( -0.000000000000000000, 1.000000000000000000, -0.000000000000000000 ) ) ;
#791 = ORIENTED_EDGE ( 'NONE', *, *, #1297, .F. ) ;
#792 = CARTESIAN_POINT ( 'NONE',  ( 0.000000000000000000, 135.0000000000000000, 0.000000000000000000 ) ) ;
#793 = ORIENTED_EDGE ( 'NONE', *, *, #500, .T. ) ;
#794 = FACE_OUTER_BOUND ( 'NONE', #864, .T. ) ;
#795 = VERTEX_POINT ( 'NONE', #1605 ) ;
#796 = DIRECTION ( 'NONE',  ( 0.000000000000000000, 1.000000000000000000, 0.000000000000000000 ) ) ;
#797 = EDGE_CURVE ( 'NONE', #183, #1660, #1586, .T. ) ;
#798 = EDGE_CURVE ( 'NONE', #2064, #1365, #1613, .T. ) ;
#799 = LINE ( 'NONE', #1125, #837 ) ;
#800 = DIRECTION ( 'NONE',  ( 0.000000000000000000, 0.000000000000000000, 1.000000000000000000 ) ) ;
#801 = VERTEX_POINT ( 'NONE', #44 ) ;
#802 = LINE ( 'NONE', #2139, #901 ) ;
#803 = ORIENTED_EDGE ( 'NONE', *, *, #557, .T. ) ;
#804 = CARTESIAN_POINT ( 'NONE',  ( 8.572527594031473190E-16, 135.0000000000000000, -7.000000000000000000 ) ) ;
#805 = AXIS2_PLACEMENT_3D ( 'NONE', #570, #2103, #1926 ) ;
#806 = VECTOR ( 'NONE', #1938, 1000.000000000000000 ) ;
#807 = VERTEX_POINT ( 'NONE', #1928 ) ;
#808 = CARTESIAN_POINT ( 'NONE',  ( 149.2150825553046616, 106.6015990426618174, 23.00000000000000000 ) ) ;
#809 = ORIENTED_EDGE ( 'NONE', *, *, #1475, .T. ) ;
#810 = VECTOR ( 'NONE', #1711, 1000.000000000000000 ) ;
#811 = LINE ( 'NONE', #1650, #763 ) ;
#812 = CARTESIAN_POINT ( 'NONE',  ( 7.375184083841692662, 134.5000000000000000, -8.161290322580642354 ) ) ;
#813 = ORIENTED_EDGE ( 'NONE', *, *, #483, .T. ) ;
#814 = DIRECTION ( 'NONE',  ( 0.000000000000000000, -1.000000000000000000, 0.000000000000000000 ) ) ;
#815 = ORIENTED_EDGE ( 'NONE', *, *, #1101, .T. ) ;
#816 = DIRECTION ( 'NONE',  ( 0.000000000000000000, 1.000000000000000000, 0.000000000000000000 ) ) ;
#817 = ORIENTED_EDGE ( 'NONE', *, *, #1636, .F. ) ;
#818 = CIRCLE ( 'NONE', #1951, 7.499999999999978684 ) ;
#819 = DIRECTION ( 'NONE',  ( 0.000000000000000000, 1.000000000000000000, 0.000000000000000000 ) ) ;
#820 = DIRECTION ( 'NONE',  ( 0.000000000000000000, 0.000000000000000000, 1.000000000000000000 ) ) ;
#821 = EDGE_LOOP ( 'NONE', ( #2030, #612, #2176, #1512 ) ) ;
#822 = CIRCLE ( 'NONE', #1255, 19.99999999999999645 ) ;
#823 = AXIS2_PLACEMENT_3D ( 'NONE', #521, #1170, #1692 ) ;
#824 = CARTESIAN_POINT ( 'NONE',  ( 30.28761101961530144, 121.0000000000000142, 11.86703162588710647 ) ) ;
#825 = CIRCLE ( 'NONE', #431, 7.499999999999978684 ) ;
#826 = LINE ( 'NONE', #120, #1421 ) ;
#827 = ORIENTED_EDGE ( 'NONE', *, *, #1103, .T. ) ;
#828 = DIRECTION ( 'NONE',  ( -0.5000000000000008882, -0.4999999999999992228, -0.7071067811865475727 ) ) ;
#829 = EDGE_CURVE ( 'NONE', #470, #1937, #554, .T. ) ;
#830 = CARTESIAN_POINT ( 'NONE',  ( 0.000000000000000000, 135.0000000000000000, 0.000000000000000000 ) ) ;
#831 = EDGE_CURVE ( 'NONE', #1799, #2096, #1224, .T. ) ;
#832 = EDGE_LOOP ( 'NONE', ( #1872, #295, #1746, #511 ) ) ;
#833 = CARTESIAN_POINT ( 'NONE',  ( 30.28761101961530144, 121.0000000000000142, 2.499999999999998668 ) ) ;
#834 = DIRECTION ( 'NONE',  ( 0.000000000000000000, 1.000000000000000000, 0.000000000000000000 ) ) ;
#835 = ORIENTED_EDGE ( 'NONE', *, *, #432, .F. ) ;
#836 =( GEOMETRIC_REPRESENTATION_CONTEXT ( 3 ) GLOBAL_UNCERTAINTY_ASSIGNED_CONTEXT ( ( #1359 ) ) GLOBAL_UNIT_ASSIGNED_CONTEXT ( ( #642, #619, #1792 ) ) REPRESENTATION_CONTEXT ( 'NONE', 'WORKASPACE' ) );
#837 = VECTOR ( 'NONE', #143, 1000.000000000000000 ) ;
#838 = EDGE_CURVE ( 'NONE', #2107, #168, #932, .T. ) ;
#839 = CARTESIAN_POINT ( 'NONE',  ( 169.9996922461312465, 106.6015990426618174, -7.499999999999978684 ) ) ;
#840 = ORIENTED_EDGE ( 'NONE', *, *, #158, .F. ) ;
#841 = EDGE_CURVE ( 'NONE', #470, #20, #1513, .T. ) ;
#842 = ADVANCED_FACE ( 'NONE', ( #727 ), #1112, .F. ) ;
#843 = CARTESIAN_POINT ( 'NONE',  ( 162.9597438024641463, 102.6015990426618174, -7.790322580645149486 ) ) ;
#844 = ORIENTED_EDGE ( 'NONE', *, *, #446, .F. ) ;
#845 = DIRECTION ( 'NONE',  ( -0.000000000000000000, -0.000000000000000000, 1.000000000000000000 ) ) ;
#846 = DIRECTION ( 'NONE',  ( 1.000000000000000000, 0.000000000000000000, 0.000000000000000000 ) ) ;
#847 = ORIENTED_EDGE ( 'NONE', *, *, #1281, .F. ) ;
#848 = EDGE_CURVE ( 'NONE', #1665, #1044, #1684, .T. ) ;
#849 = CONICAL_SURFACE ( 'NONE', #2015, 10.50000000000003375, 0.7853981633974291832 ) ;
#850 =( LENGTH_UNIT ( ) NAMED_UNIT ( * ) SI_UNIT ( .MILLI., .METRE. ) );
#851 = DIRECTION ( 'NONE',  ( 0.000000000000000000, 0.000000000000000000, 1.000000000000000000 ) ) ;
#852 = VERTEX_POINT ( 'NONE', #235 ) ;
#853 = CARTESIAN_POINT ( 'NONE',  ( 149.2150825553046616, 106.6015990426618174, 2.500000000000026645 ) ) ;
#854 = ORIENTED_EDGE ( 'NONE', *, *, #214, .T. ) ;
#855 = LINE ( 'NONE', #1543, #429 ) ;
#856 = DIRECTION ( 'NONE',  ( 0.000000000000000000, 1.000000000000000000, 0.000000000000000000 ) ) ;
#857 = ORIENTED_EDGE ( 'NONE', *, *, #831, .T. ) ;
#858 = CIRCLE ( 'NONE', #1542, 19.99999999999999645 ) ;
#859 = CARTESIAN_POINT ( 'NONE',  ( 0.000000000000000000, 135.0000000000000000, 0.000000000000000000 ) ) ;
#860 = VECTOR ( 'NONE', #32, 1000.000000000000000 ) ;
#861 = DIRECTION ( 'NONE',  ( 0.4999999999999792388, 0.5000000000000185407, -0.7071067811865491270 ) ) ;
#862 = EDGE_LOOP ( 'NONE', ( #2124, #344, #99, #545 ) ) ;
#863 = CARTESIAN_POINT ( 'NONE',  ( 149.2150825553046616, 106.1015990426618174, -3.000000000000002665 ) ) ;
#864 = EDGE_LOOP ( 'NONE', ( #1906, #2165, #2169, #1721, #1535, #116, #1640, #281 ) ) ;
#865 = LINE ( 'NONE', #1555, #1003 ) ;
#866 = FACE_OUTER_BOUND ( 'NONE', #12, .T. ) ;
#867 = EDGE_LOOP ( 'NONE', ( #2006, #1361, #1657, #2152 ) ) ;
#868 = CARTESIAN_POINT ( 'NONE',  ( 20.78460969082652809, 131.5000000000000000, 3.000000000000002665 ) ) ;
#869 = EDGE_CURVE ( 'NONE', #1277, #1672, #825, .T. ) ;
#870 =( GEOMETRIC_REPRESENTATION_CONTEXT ( 3 ) GLOBAL_UNCERTAINTY_ASSIGNED_CONTEXT ( ( #1924 ) ) GLOBAL_UNIT_ASSIGNED_CONTEXT ( ( #850, #1527, #690 ) ) REPRESENTATION_CONTEXT ( 'NONE', 'WORKASPACE' ) );
#871 = DIRECTION ( 'NONE',  ( 0.000000000000000000, 0.000000000000000000, 1.000000000000000000 ) ) ;
#872 = ADVANCED_FACE ( 'NONE', ( #449 ), #942, .T. ) ;
#873 = LINE ( 'NONE', #29, #1531 ) ;
#874 = AXIS2_PLACEMENT_3D ( 'NONE', #242, #1422, #211 ) ;
#875 = ORIENTED_EDGE ( 'NONE', *, *, #778, .F. ) ;
#876 = LINE ( 'NONE', #544, #595 ) ;
#877 = EDGE_LOOP ( 'NONE', ( #69, #1376, #2128, #1373 ) ) ;
#878 = DIRECTION ( 'NONE',  ( -1.000000000000000000, 0.000000000000000000, 0.000000000000000000 ) ) ;
#879 = DIRECTION ( 'NONE',  ( 1.000000000000000000, 0.000000000000000000, 0.000000000000000000 ) ) ;
#880 = ORIENTED_EDGE ( 'NONE', *, *, #670, .T. ) ;
#881 = CARTESIAN_POINT ( 'NONE',  ( 169.9996922461312465, 106.6015990426618174, 0.000000000000000000 ) ) ;
#882 = ADVANCED_FACE ( 'NONE', ( #1098 ), #1109, .F. ) ;
#883 = CIRCLE ( 'NONE', #805, 7.000000000000000000 ) ;
#884 = ADVANCED_FACE ( 'NONE', ( #1467 ), #2137, .F. ) ;
#885 = LINE ( 'NONE', #1199, #1411 ) ;
#886 = CONICAL_SURFACE ( 'NONE', #33, 13.99999999999999822, 0.7853981633974691512 ) ;
#887 = CARTESIAN_POINT ( 'NONE',  ( 1.347111479062090180E-15, 134.5000000000000000, -11.00000000000001243 ) ) ;
#888 = CARTESIAN_POINT ( 'NONE',  ( 149.2150825553046616, 103.1015990426618174, -3.000000000000002665 ) ) ;
#889 = EDGE_LOOP ( 'NONE', ( #34, #505, #1998, #1758 ) ) ;
#890 = DIRECTION ( 'NONE',  ( -0.000000000000000000, -1.000000000000000000, -0.000000000000000000 ) ) ;
#891 = EDGE_LOOP ( 'NONE', ( #939, #1185, #847, #1392 ) ) ;
#892 = PLANE ( 'NONE',  #1713 ) ;
#893 = AXIS2_PLACEMENT_3D ( 'NONE', #1102, #1812, #775 ) ;
#894 = CARTESIAN_POINT ( 'NONE',  ( 20.78460969082652809, 135.0000000000000000, 2.500000000000026645 ) ) ;
#895 = CIRCLE ( 'NONE', #363, 13.99999999999999822 ) ;
#896 = LINE ( 'NONE', #601, #2053 ) ;
#897 = EDGE_CURVE ( 'NONE', #944, #2064, #802, .T. ) ;
#898 = CARTESIAN_POINT ( 'NONE',  ( 149.2150825553046616, 106.6015990426618174, -2.500000000000026645 ) ) ;
#899 = ADVANCED_BREP_SHAPE_REPRESENTATION ( '\X2\8fde6746\X0\', ( #2000, #1303 ), #870 ) ;
#900 = DIRECTION ( 'NONE',  ( -0.000000000000000000, -1.000000000000000000, -0.000000000000000000 ) ) ;
#901 = VECTOR ( 'NONE', #1777, 1000.000000000000000 ) ;
#902 = ORIENTED_EDGE ( 'NONE', *, *, #2025, .F. ) ;
#903 = DIRECTION ( 'NONE',  ( 0.000000000000000000, 0.000000000000000000, 1.000000000000000000 ) ) ;
#904 = FACE_OUTER_BOUND ( 'NONE', #877, .T. ) ;
#905 = DIRECTION ( 'NONE',  ( 0.000000000000000000, 1.000000000000000000, 0.000000000000000000 ) ) ;
#906 = FACE_OUTER_BOUND ( 'NONE', #321, .T. ) ;
#907 = DIRECTION ( 'NONE',  ( -1.000000000000000000, 0.000000000000000000, 0.000000000000000000 ) ) ;
#908 = CARTESIAN_POINT ( 'NONE',  ( 169.9996922461312465, 106.6015990426618174, 0.000000000000000000 ) ) ;
#909 = EDGE_CURVE ( 'NONE', #980, #468, #614, .T. ) ;
#910 = VERTEX_POINT ( 'NONE', #1808 ) ;
#911 = ADVANCED_FACE ( 'NONE', ( #960 ), #1454, .F. ) ;
#912 = PRODUCT_DEFINITION_SHAPE ( 'NONE', 'NONE',  #443 ) ;
#913 = FACE_OUTER_BOUND ( 'NONE', #711, .T. ) ;
#914 = DIRECTION ( 'NONE',  ( 0.4740947889257801640, -0.7071067811865464625, -0.5246276118480818207 ) ) ;
#915 = VECTOR ( 'NONE', #2162, 1000.000000000000114 ) ;
#916 = DIRECTION ( 'NONE',  ( -0.4740947889257807746, 0.7071067811865473507, -0.5246276118480800443 ) ) ;
#917 = AXIS2_PLACEMENT_3D ( 'NONE', #239, #1427, #903 ) ;
#918 = VECTOR ( 'NONE', #2115, 1000.000000000000000 ) ;
#919 = LINE ( 'NONE', #1268, #1740 ) ;
#920 = DIRECTION ( 'NONE',  ( -0.000000000000000000, -1.000000000000000000, -0.000000000000000000 ) ) ;
#921 = ORIENTED_EDGE ( 'NONE', *, *, #831, .F. ) ;
#922 = DIRECTION ( 'NONE',  ( 0.000000000000000000, 0.000000000000000000, 1.000000000000000000 ) ) ;
#923 = LINE ( 'NONE', #1428, #1187 ) ;
#924 = ADVANCED_FACE ( 'NONE', ( #1480 ), #1644, .F. ) ;
#925 = FACE_OUTER_BOUND ( 'NONE', #1947, .T. ) ;
#926 = ORIENTED_EDGE ( 'NONE', *, *, #705, .T. ) ;
#927 = VECTOR ( 'NONE', #1869, 1000.000000000000000 ) ;
#928 = CARTESIAN_POINT ( 'NONE',  ( 169.9996922461312465, 106.1015990426618174, 0.000000000000000000 ) ) ;
#929 = LINE ( 'NONE', #122, #1681 ) ;
#930 = VECTOR ( 'NONE', #1634, 1000.000000000000000 ) ;
#931 = ORIENTED_EDGE ( 'NONE', *, *, #408, .T. ) ;
#932 = CIRCLE ( 'NONE', #254, 10.50000000000001243 ) ;
#933 = CARTESIAN_POINT ( 'NONE',  ( 20.78460969082653875, 135.0000000000000000, -2.999999999999999112 ) ) ;
#934 = DIRECTION ( 'NONE',  ( -0.4999999999999866218, -0.5000000000000159872, -0.7071067811865456854 ) ) ;
#935 = EDGE_CURVE ( 'NONE', #1660, #508, #895, .T. ) ;
#936 = CIRCLE ( 'NONE', #346, 7.000000000000014211 ) ;
#937 = EDGE_CURVE ( 'NONE', #468, #1977, #929, .T. ) ;
#938 = DIRECTION ( 'NONE',  ( 0.000000000000000000, 0.7071067811865531239, 0.7071067811865420216 ) ) ;
#939 = ORIENTED_EDGE ( 'NONE', *, *, #276, .T. ) ;
#940 = EDGE_CURVE ( 'NONE', #1977, #1870, #1787, .T. ) ;
#941 = CARTESIAN_POINT ( 'NONE',  ( 0.000000000000000000, 135.0000000000000000, 0.000000000000000000 ) ) ;
#942 = CYLINDRICAL_SURFACE ( 'NONE', #1956, 11.00000000000001243 ) ;
#943 = VECTOR ( 'NONE', #1146, 1000.000000000000000 ) ;
#944 = VERTEX_POINT ( 'NONE', #83 ) ;
#945 = DIRECTION ( 'NONE',  ( 0.000000000000000000, 0.000000000000000000, -1.000000000000000000 ) ) ;
#946 = DIRECTION ( 'NONE',  ( 1.000000000000000000, 1.982541115402065307E-15, 0.000000000000000000 ) ) ;
#947 = CARTESIAN_POINT ( 'NONE',  ( 162.6245081622895157, 103.1015990426618174, -8.161290322580642354 ) ) ;
#948 = ADVANCED_FACE ( 'NONE', ( #951 ), #258, .F. ) ;
#949 = EDGE_LOOP ( 'NONE', ( #94, #165, #473, #693 ) ) ;
#950 = CARTESIAN_POINT ( 'NONE',  ( 61.55606966204224761, 109.5305312307963419, 2.500000000000029754 ) ) ;
#951 = FACE_OUTER_BOUND ( 'NONE', #221, .T. ) ;
#952 = VECTOR ( 'NONE', #1391, 1000.000000000000000 ) ;
#953 = ORIENTED_EDGE ( 'NONE', *, *, #1308, .F. ) ;
#954 = ORIENTED_EDGE ( 'NONE', *, *, #1434, .F. ) ;
#955 = DIRECTION ( 'NONE',  ( -0.000000000000000000, -0.000000000000000000, -1.000000000000000000 ) ) ;
#956 = PRESENTATION_STYLE_ASSIGNMENT (( #991 ) ) ;
#957 = ORIENTED_EDGE ( 'NONE', *, *, #42, .F. ) ;
#958 = DIRECTION ( 'NONE',  ( 0.000000000000000000, -1.000000000000000000, 0.000000000000000000 ) ) ;
#959 = ORIENTED_EDGE ( 'NONE', *, *, #1139, .T. ) ;
#960 = FACE_OUTER_BOUND ( 'NONE', #1042, .T. ) ;
#961 = AXIS2_PLACEMENT_3D ( 'NONE', #566, #2089, #27 ) ;
#962 = ORIENTED_EDGE ( 'NONE', *, *, #1174, .T. ) ;
#963 = EDGE_CURVE ( 'NONE', #540, #2107, #2035, .T. ) ;
#964 = CARTESIAN_POINT ( 'NONE',  ( 68.62713747390773733, 116.6015990426618032, 14.70457967083584094 ) ) ;
#965 = AXIS2_PLACEMENT_3D ( 'NONE', #428, #955, #946 ) ;
#966 = ORIENTED_EDGE ( 'NONE', *, *, #773, .T. ) ;
#967 = CARTESIAN_POINT ( 'NONE',  ( 0.000000000000000000, 135.0000000000000000, 0.000000000000000000 ) ) ;
#968 = EDGE_CURVE ( 'NONE', #1980, #1665, #222, .T. ) ;
#969 = CONICAL_SURFACE ( 'NONE', #823, 11.00000000000001243, 0.7853981633974482790 ) ;
#970 = VECTOR ( 'NONE', #945, 1000.000000000000000 ) ;
#971 = CARTESIAN_POINT ( 'NONE',  ( 169.9996922461312465, 106.6015990426618032, 11.00000000000001421 ) ) ;
#972 = DIRECTION ( 'NONE',  ( 0.000000000000000000, 1.000000000000000000, 0.000000000000000000 ) ) ;
#973 = VERTEX_POINT ( 'NONE', #758 ) ;
#974 = CARTESIAN_POINT ( 'NONE',  ( 68.62713747390773733, 116.6015990426618032, 2.499999999999998668 ) ) ;
#975 = EDGE_LOOP ( 'NONE', ( #189, #590, #621, #1169 ) ) ;
#976 = CARTESIAN_POINT ( 'NONE',  ( 7.039948443667089606, 135.0000000000000000, -7.790322580645178796 ) ) ;
#977 = ADVANCED_FACE ( 'NONE', ( #1119 ), #592, .T. ) ;
#978 = ORIENTED_EDGE ( 'NONE', *, *, #766, .F. ) ;
#979 = CARTESIAN_POINT ( 'NONE',  ( 169.9996922461312465, 103.1015990426618174, 7.000000000000014211 ) ) ;
#980 = VERTEX_POINT ( 'NONE', #1491 ) ;
#981 = DIRECTION ( 'NONE',  ( -1.000000000000000000, 0.000000000000000000, 0.000000000000000000 ) ) ;
#982 = DIRECTION ( 'NONE',  ( 0.000000000000000000, 0.000000000000000000, 1.000000000000000000 ) ) ;
#983 = EDGE_LOOP ( 'NONE', ( #564, #1538, #269, #1164 ) ) ;
#984 = PLANE ( 'NONE',  #76 ) ;
#985 = ORIENTED_EDGE ( 'NONE', *, *, #353, .F. ) ;
#986 = DIRECTION ( 'NONE',  ( 0.000000000000000000, 1.000000000000000000, 0.000000000000000000 ) ) ;
#987 = ORIENTED_EDGE ( 'NONE', *, *, #514, .T. ) ;
#988 = CARTESIAN_POINT ( 'NONE',  ( 68.62713747390773733, 116.6015990426618032, 2.999999999999999112 ) ) ;
#989 = ORIENTED_EDGE ( 'NONE', *, *, #145, .T. ) ;
#990 = CIRCLE ( 'NONE', #1941, 13.99999999999999822 ) ;
#991 = SURFACE_STYLE_USAGE ( .BOTH. , #2161 ) ;
#992 = EDGE_CURVE ( 'NONE', #1132, #1847, #543, .T. ) ;
#993 = FACE_OUTER_BOUND ( 'NONE', #1220, .T. ) ;
#994 = EDGE_LOOP ( 'NONE', ( #153, #989 ) ) ;
#995 = DIRECTION ( 'NONE',  ( 0.000000000000000000, 0.000000000000000000, 1.000000000000000000 ) ) ;
#996 = CARTESIAN_POINT ( 'NONE',  ( 169.9996922461312465, 102.6015990426618174, 0.000000000000000000 ) ) ;
#997 = ORIENTED_EDGE ( 'NONE', *, *, #381, .T. ) ;
#998 = VECTOR ( 'NONE', #1232, 1000.000000000000000 ) ;
#999 = CARTESIAN_POINT ( 'NONE',  ( 30.28761101961530144, 121.0000000000000142, -2.999999999999999112 ) ) ;
#1000 = CARTESIAN_POINT ( 'NONE',  ( 61.20251627144898521, 109.1769778402030937, -2.999999999999999112 ) ) ;
#1001 = EDGE_LOOP ( 'NONE', ( #1382, #291, #772, #1095 ) ) ;
#1002 = VECTOR ( 'NONE', #1950, 1000.000000000000114 ) ;
#1003 = VECTOR ( 'NONE', #1562, 1000.000000000000114 ) ;
#1004 = VECTOR ( 'NONE', #398, 1000.000000000000000 ) ;
#1005 = ADVANCED_FACE ( 'NONE', ( #1994 ), #984, .T. ) ;
#1006 = DIRECTION ( 'NONE',  ( 0.000000000000000000, 0.000000000000000000, 1.000000000000000000 ) ) ;
#1007 = CARTESIAN_POINT ( 'NONE',  ( 162.6245081622895157, 106.1015990426618174, -8.161290322580642354 ) ) ;
#1008 = EDGE_LOOP ( 'NONE', ( #978, #1172, #1023, #1068 ) ) ;
#1009 = CARTESIAN_POINT ( 'NONE',  ( 10.05430193695773511, 106.6015990426617890, -2.999999999999999112 ) ) ;
#1010 = EDGE_CURVE ( 'NONE', #1147, #2064, #752, .T. ) ;
#1011 = DIRECTION ( 'NONE',  ( 0.000000000000000000, 1.000000000000000000, 0.000000000000000000 ) ) ;
#1012 = VERTEX_POINT ( 'NONE', #1676 ) ;
#1013 = CARTESIAN_POINT ( 'NONE',  ( 61.20251627144899231, 109.1769778402031079, 2.999999999999999112 ) ) ;
#1014 = DIRECTION ( 'NONE',  ( -0.5000000000000029976, -0.5000000000000029976, -0.7071067811865432429 ) ) ;
#1015 = EDGE_LOOP ( 'NONE', ( #1518, #2140, #1271, #1433 ) ) ;
#1016 = CARTESIAN_POINT ( 'NONE',  ( 0.000000000000000000, 131.0000000000000000, 0.000000000000000000 ) ) ;
#1017 = CARTESIAN_POINT ( 'NONE',  ( 68.62713747390773733, 116.6015990426618032, 2.500000000000026645 ) ) ;
#1018 = VERTEX_POINT ( 'NONE', #1688 ) ;
#1019 = DIRECTION ( 'NONE',  ( 0.000000000000000000, 0.000000000000000000, 1.000000000000000000 ) ) ;
#1020 = ORIENTED_EDGE ( 'NONE', *, *, #1834, .T. ) ;
#1021 = CARTESIAN_POINT ( 'NONE',  ( 0.000000000000000000, 131.5000000000000000, 0.000000000000000000 ) ) ;
#1022 = DIRECTION ( 'NONE',  ( -0.7071067811865463515, 0.7071067811865487940, 0.000000000000000000 ) ) ;
#1023 = ORIENTED_EDGE ( 'NONE', *, *, #1536, .F. ) ;
#1024 = AXIS2_PLACEMENT_3D ( 'NONE', #529, #2029, #1191 ) ;
#1025 = VECTOR ( 'NONE', #671, 1000.000000000000114 ) ;
#1026 = DIRECTION ( 'NONE',  ( -1.000000000000000000, 0.000000000000000000, 0.000000000000000000 ) ) ;
#1027 = ORIENTED_EDGE ( 'NONE', *, *, #869, .T. ) ;
#1028 = EDGE_CURVE ( 'NONE', #293, #238, #1179, .T. ) ;
#1029 = CARTESIAN_POINT ( 'NONE',  ( 7.375184083841685556, 135.0000000000000000, 8.161290322580649459 ) ) ;
#1030 = ORIENTED_EDGE ( 'NONE', *, *, #549, .F. ) ;
#1031 = CARTESIAN_POINT ( 'NONE',  ( 7.039948443667075395, 135.0000000000000000, 7.790322580645177908 ) ) ;
#1032 = DIRECTION ( 'NONE',  ( 0.000000000000000000, 0.000000000000000000, -1.000000000000000000 ) ) ;
#1033 = ORIENTED_EDGE ( 'NONE', *, *, #1272, .T. ) ;
#1034 = ADVANCED_FACE ( 'NONE', ( #149 ), #1666, .T. ) ;
#1035 = ADVANCED_FACE ( 'NONE', ( #469 ), #659, .F. ) ;
#1036 = CARTESIAN_POINT ( 'NONE',  ( 30.28761101961530144, 135.0000000000000000, -2.500000000000026645 ) ) ;
#1037 = CONICAL_SURFACE ( 'NONE', #961, 10.49999999999999467, 0.7853981633974396193 ) ;
#1038 = AXIS2_PLACEMENT_3D ( 'NONE', #792, #2126, #93 ) ;
#1039 = CARTESIAN_POINT ( 'NONE',  ( 169.9996922461312465, 106.6015990426618032, 0.000000000000000000 ) ) ;
#1040 = CIRCLE ( 'NONE', #717, 13.50000000000000533 ) ;
#1041 = LINE ( 'NONE', #1551, #952 ) ;
#1042 = EDGE_LOOP ( 'NONE', ( #1217, #1788, #2186, #1800 ) ) ;
#1043 = LINE ( 'NONE', #1865, #860 ) ;
#1044 = VERTEX_POINT ( 'NONE', #1519 ) ;
#1045 = ADVANCED_FACE ( 'NONE', ( #1830 ), #303, .F. ) ;
#1046 = CARTESIAN_POINT ( 'NONE',  ( 0.000000000000000000, 135.0000000000000000, 0.000000000000000000 ) ) ;
#1047 = LINE ( 'NONE', #710, #424 ) ;
#1048 = ORIENTED_EDGE ( 'NONE', *, *, #992, .T. ) ;
#1049 = EDGE_CURVE ( 'NONE', #1178, #369, #1852, .T. ) ;
#1050 = LINE ( 'NONE', #1729, #1989 ) ;
#1051 = STYLED_ITEM ( 'NONE', ( #956 ), #2000 ) ;
#1052 = CARTESIAN_POINT ( 'NONE',  ( 149.2150825553046616, 103.1015990426618174, 2.999999999999999112 ) ) ;
#1053 = PLANE ( 'NONE',  #2156 ) ;
#1054 = CONICAL_SURFACE ( 'NONE', #1831, 7.499999999999978684, 0.7853981633974127519 ) ;
#1055 = ORIENTED_EDGE ( 'NONE', *, *, #677, .T. ) ;
#1056 = DIRECTION ( 'NONE',  ( 0.000000000000000000, 0.000000000000000000, 1.000000000000000000 ) ) ;
#1057 = VERTEX_POINT ( 'NONE', #2018 ) ;
#1058 = DIRECTION ( 'NONE',  ( 0.000000000000000000, 0.000000000000000000, 1.000000000000000000 ) ) ;
#1059 = ORIENTED_EDGE ( 'NONE', *, *, #2091, .F. ) ;
#1060 = LINE ( 'NONE', #1221, #998 ) ;
#1061 = VECTOR ( 'NONE', #1651, 1000.000000000000114 ) ;
#1062 = ADVANCED_FACE ( 'NONE', ( #493 ), #139, .T. ) ;
#1063 = CARTESIAN_POINT ( 'NONE',  ( 68.62713747390773733, 116.6015990426618032, 2.999999999999999112 ) ) ;
#1064 = EDGE_CURVE ( 'NONE', #1472, #944, #1079, .T. ) ;
#1065 = DIRECTION ( 'NONE',  ( 0.000000000000000000, 1.000000000000000000, 0.000000000000000000 ) ) ;
#1066 = CARTESIAN_POINT ( 'NONE',  ( 169.9996922461312465, 103.1015990426618174, -7.000000000000014211 ) ) ;
#1067 = FACE_OUTER_BOUND ( 'NONE', #484, .T. ) ;
#1068 = ORIENTED_EDGE ( 'NONE', *, *, #500, .F. ) ;
#1069 = DIRECTION ( 'NONE',  ( 0.000000000000000000, -1.000000000000000000, 0.000000000000000000 ) ) ;
#1070 = DIRECTION ( 'NONE',  ( 0.000000000000000000, 0.000000000000000000, 1.000000000000000000 ) ) ;
#1071 = AXIS2_PLACEMENT_3D ( 'NONE', #719, #1744, #218 ) ;
#1072 = EDGE_CURVE ( 'NONE', #448, #852, #326, .T. ) ;
#1073 = VECTOR ( 'NONE', #1880, 1000.000000000000000 ) ;
#1074 = VECTOR ( 'NONE', #834, 1000.000000000000000 ) ;
#1075 = LINE ( 'NONE', #2113, #441 ) ;
#1076 = EDGE_CURVE ( 'NONE', #1057, #980, #1581, .T. ) ;
#1077 = EDGE_CURVE ( 'NONE', #309, #1044, #13, .T. ) ;
#1078 = EDGE_CURVE ( 'NONE', #606, #1153, #651, .T. ) ;
#1079 = CIRCLE ( 'NONE', #786, 10.50000000000003553 ) ;
#1080 = CARTESIAN_POINT ( 'NONE',  ( 30.28761101961530144, 131.5000000000000000, 2.999999999999999112 ) ) ;
#1081 = DIRECTION ( 'NONE',  ( 0.000000000000000000, -0.7071067811865279218, 0.7071067811865671127 ) ) ;
#1082 = DIRECTION ( 'NONE',  ( -0.000000000000000000, 1.000000000000000000, -0.000000000000000000 ) ) ;
#1083 = VERTEX_POINT ( 'NONE', #485 ) ;
#1084 = DIRECTION ( 'NONE',  ( 0.000000000000000000, 0.000000000000000000, 1.000000000000000000 ) ) ;
#1085 = DIRECTION ( 'NONE',  ( 0.000000000000000000, 0.000000000000000000, -1.000000000000000000 ) ) ;
#1086 = LINE ( 'NONE', #1450, #525 ) ;
#1087 = DIRECTION ( 'NONE',  ( -0.000000000000000000, -1.000000000000000000, -0.000000000000000000 ) ) ;
#1088 = DIRECTION ( 'NONE',  ( 0.000000000000000000, -1.000000000000000000, 0.000000000000000000 ) ) ;
#1089 = VERTEX_POINT ( 'NONE', #1013 ) ;
#1090 = CARTESIAN_POINT ( 'NONE',  ( 169.9996922461312465, 103.1015990426618174, 0.000000000000000000 ) ) ;
#1091 = DIRECTION ( 'NONE',  ( 0.5000000000000249800, 0.4999999999999956146, 0.7071067811865329178 ) ) ;
#1092 = ADVANCED_FACE ( 'NONE', ( #1340 ), #969, .T. ) ;
#1093 = FACE_OUTER_BOUND ( 'NONE', #1015, .T. ) ;
#1094 = CONICAL_SURFACE ( 'NONE', #1874, 9.999999999999994671, 0.7853981633974812526 ) ;
#1095 = ORIENTED_EDGE ( 'NONE', *, *, #339, .F. ) ;
#1096 = CIRCLE ( 'NONE', #130, 20.49999999999998934 ) ;
#1097 = CYLINDRICAL_SURFACE ( 'NONE', #528, 11.00000000000001243 ) ;
#1098 = FACE_OUTER_BOUND ( 'NONE', #1643, .T. ) ;
#1099 = ORIENTED_EDGE ( 'NONE', *, *, #106, .T. ) ;
#1100 = DIRECTION ( 'NONE',  ( -0.000000000000000000, -1.000000000000000000, -0.000000000000000000 ) ) ;
#1101 = EDGE_CURVE ( 'NONE', #973, #1132, #1205, .T. ) ;
#1102 = CARTESIAN_POINT ( 'NONE',  ( 169.9996922461312465, 103.1015990426618174, 0.000000000000000000 ) ) ;
#1103 = EDGE_CURVE ( 'NONE', #801, #1153, #1354, .T. ) ;
#1104 = CARTESIAN_POINT ( 'NONE',  ( 68.62713747390769470, 106.1015990426618032, 2.999999999999999112 ) ) ;
#1105 = CIRCLE ( 'NONE', #713, 20.49999999999996803 ) ;
#1106 = ORIENTED_EDGE ( 'NONE', *, *, #1791, .T. ) ;
#1107 = AXIS2_PLACEMENT_3D ( 'NONE', #418, #1100, #1253 ) ;
#1108 = CARTESIAN_POINT ( 'NONE',  ( 125.2046765182245593, 45.88192437461380280, 2.500000000000030198 ) ) ;
#1109 = CYLINDRICAL_SURFACE ( 'NONE', #1859, 7.000000000000014211 ) ;
#1110 = VECTOR ( 'NONE', #4, 1000.000000000000000 ) ;
#1111 = EDGE_LOOP ( 'NONE', ( #1829, #1181, #683, #1716 ) ) ;
#1112 = CONICAL_SURFACE ( 'NONE', #151, 19.99999999999999645, 0.7853981633974482790 ) ;
#1113 = DIRECTION ( 'NONE',  ( 0.000000000000000000, 0.000000000000000000, -1.000000000000000000 ) ) ;
#1114 = FACE_OUTER_BOUND ( 'NONE', #2118, .T. ) ;
#1115 = ADVANCED_FACE ( 'NONE', ( #1845 ), #253, .F. ) ;
#1116 = CARTESIAN_POINT ( 'NONE',  ( 0.000000000000000000, 134.5000000000000000, 11.00000000000001243 ) ) ;
#1117 = ORIENTED_EDGE ( 'NONE', *, *, #214, .F. ) ;
#1118 = CARTESIAN_POINT ( 'NONE',  ( 169.9996922461312465, 106.6015990426618174, 0.000000000000000000 ) ) ;
#1119 = FACE_OUTER_BOUND ( 'NONE', #1292, .T. ) ;
#1120 = AXIS2_PLACEMENT_3D ( 'NONE', #859, #2027, #871 ) ;
#1121 = EDGE_LOOP ( 'NONE', ( #685, #136, #857, #445, #1895, #1837, #520, #373 ) ) ;
#1122 = ORIENTED_EDGE ( 'NONE', *, *, #909, .T. ) ;
#1123 = VECTOR ( 'NONE', #916, 999.9999999999998863 ) ;
#1124 = CARTESIAN_POINT ( 'NONE',  ( 149.2150825553046616, 106.6015990426618174, 2.500000000000026645 ) ) ;
#1125 = CARTESIAN_POINT ( 'NONE',  ( 68.62713747390769470, 102.6015990426618174, 23.00000000000000000 ) ) ;
#1126 = ORIENTED_EDGE ( 'NONE', *, *, #1700, .T. ) ;
#1127 = EDGE_CURVE ( 'NONE', #556, #464, #1040, .T. ) ;
#1128 = CARTESIAN_POINT ( 'NONE',  ( 149.2150825553046616, 103.1015990426618174, 2.999999999999999112 ) ) ;
#1129 = ORIENTED_EDGE ( 'NONE', *, *, #2119, .T. ) ;
#1130 = DIRECTION ( 'NONE',  ( 0.000000000000000000, 1.000000000000000000, 0.000000000000000000 ) ) ;
#1131 = CIRCLE ( 'NONE', #170, 20.49999999999996803 ) ;
#1132 = VERTEX_POINT ( 'NONE', #2034 ) ;
#1133 = DIRECTION ( 'NONE',  ( 0.000000000000000000, 0.000000000000000000, 1.000000000000000000 ) ) ;
#1134 = EDGE_LOOP ( 'NONE', ( #127, #1194, #658, #2011 ) ) ;
#1135 = DIRECTION ( 'NONE',  ( 1.000000000000000000, 0.000000000000000000, 0.000000000000000000 ) ) ;
#1136 = CARTESIAN_POINT ( 'NONE',  ( 169.9996922461312465, 106.1015990426618458, 7.000000000000014211 ) ) ;
#1137 = EDGE_CURVE ( 'NONE', #2076, #2102, #1223, .T. ) ;
#1138 = ORIENTED_EDGE ( 'NONE', *, *, #1572, .T. ) ;
#1139 = EDGE_CURVE ( 'NONE', #782, #973, #1510, .T. ) ;
#1140 = DIRECTION ( 'NONE',  ( 0.000000000000000000, 0.000000000000000000, -1.000000000000000000 ) ) ;
#1141 = EDGE_LOOP ( 'NONE', ( #581, #1739, #2150, #1358 ) ) ;
#1142 = EDGE_CURVE ( 'NONE', #199, #1805, #2068, .T. ) ;
#1143 = CARTESIAN_POINT ( 'NONE',  ( 169.9996922461312465, 103.1015990426618174, 0.000000000000000000 ) ) ;
#1144 = AXIS2_PLACEMENT_3D ( 'NONE', #1589, #732, #1559 ) ;
#1145 = ORIENTED_EDGE ( 'NONE', *, *, #1380, .F. ) ;
#1146 = DIRECTION ( 'NONE',  ( 0.000000000000000000, 1.000000000000000000, 0.000000000000000000 ) ) ;
#1147 = VERTEX_POINT ( 'NONE', #662 ) ;
#1148 = CARTESIAN_POINT ( 'NONE',  ( 0.000000000000000000, 135.0000000000000000, 7.499999999999978684 ) ) ;
#1149 = ORIENTED_EDGE ( 'NONE', *, *, #1925, .F. ) ;
#1150 = CIRCLE ( 'NONE', #169, 10.50000000000001954 ) ;
#1151 = SURFACE_STYLE_FILL_AREA ( #119 ) ;
#1152 = FACE_OUTER_BOUND ( 'NONE', #1840, .T. ) ;
#1153 = VERTEX_POINT ( 'NONE', #1374 ) ;
#1154 = DIRECTION ( 'NONE',  ( 0.7071067811865463515, -0.7071067811865487940, 0.000000000000000000 ) ) ;
#1155 = ORIENTED_EDGE ( 'NONE', *, *, #578, .F. ) ;
#1156 = CARTESIAN_POINT ( 'NONE',  ( 1.347111479062090180E-15, 135.0000000000000000, -11.00000000000001243 ) ) ;
#1157 = VERTEX_POINT ( 'NONE', #509 ) ;
#1158 = AXIS2_PLACEMENT_3D ( 'NONE', #306, #986, #137 ) ;
#1159 = FACE_OUTER_BOUND ( 'NONE', #889, .T. ) ;
#1160 = ORIENTED_EDGE ( 'NONE', *, *, #1504, .F. ) ;
#1161 = VECTOR ( 'NONE', #1976, 1000.000000000000000 ) ;
#1162 = EDGE_CURVE ( 'NONE', #1847, #307, #2021, .T. ) ;
#1163 = PLANE ( 'NONE',  #2122 ) ;
#1164 = ORIENTED_EDGE ( 'NONE', *, *, #2024, .T. ) ;
#1165 = CARTESIAN_POINT ( 'NONE',  ( 149.2150825553046616, 106.6015990426618174, 2.500000000000026645 ) ) ;
#1166 = VERTEX_POINT ( 'NONE', #1195 ) ;
#1167 = FACE_OUTER_BOUND ( 'NONE', #983, .T. ) ;
#1168 = VECTOR ( 'NONE', #861, 1000.000000000000000 ) ;
#1169 = ORIENTED_EDGE ( 'NONE', *, *, #1962, .F. ) ;
#1170 = DIRECTION ( 'NONE',  ( -0.000000000000000000, 1.000000000000000000, -0.000000000000000000 ) ) ;
#1171 = PLANE ( 'NONE',  #678 ) ;
#1172 = ORIENTED_EDGE ( 'NONE', *, *, #1727, .F. ) ;
#1173 = EDGE_CURVE ( 'NONE', #756, #1484, #1258, .T. ) ;
#1174 = EDGE_CURVE ( 'NONE', #1778, #1147, #855, .T. ) ;
#1175 = CARTESIAN_POINT ( 'NONE',  ( 68.62713747390773733, 116.6015990426618032, -2.999999999999999112 ) ) ;
#1176 = APPLICATION_PROTOCOL_DEFINITION ( 'draft international standard', 'automotive_design', 1998, #1238 ) ;
#1177 = CARTESIAN_POINT ( 'NONE',  ( 149.2150825553046616, 106.1015990426618174, 23.00000000000000000 ) ) ;
#1178 = VERTEX_POINT ( 'NONE', #1031 ) ;
#1179 = LINE ( 'NONE', #1165, #1328 ) ;
#1180 = PLANE ( 'NONE',  #654 ) ;
#1181 = ORIENTED_EDGE ( 'NONE', *, *, #347, .F. ) ;
#1182 = VECTOR ( 'NONE', #1511, 1000.000000000000000 ) ;
#1183 = CARTESIAN_POINT ( 'NONE',  ( 149.2150825553046616, 106.6015990426618174, -2.500000000000026645 ) ) ;
#1184 = CARTESIAN_POINT ( 'NONE',  ( 10.05430193695773511, 106.6015990426617890, 2.999999999999999112 ) ) ;
#1185 = ORIENTED_EDGE ( 'NONE', *, *, #1076, .F. ) ;
#1186 = EDGE_CURVE ( 'NONE', #1132, #1012, #865, .T. ) ;
#1187 = VECTOR ( 'NONE', #251, 1000.000000000000000 ) ;
#1188 = EDGE_CURVE ( 'NONE', #369, #1993, #46, .T. ) ;
#1189 = AXIS2_PLACEMENT_3D ( 'NONE', #2164, #1323, #1280 ) ;
#1190 = AXIS2_PLACEMENT_3D ( 'NONE', #1945, #1625, #622 ) ;
#1191 = DIRECTION ( 'NONE',  ( 0.000000000000000000, 0.000000000000000000, 1.000000000000000000 ) ) ;
#1192 = ORIENTED_EDGE ( 'NONE', *, *, #1802, .F. ) ;
#1193 = DIRECTION ( 'NONE',  ( -1.000000000000000000, 1.982541115402065307E-15, 0.000000000000000000 ) ) ;
#1194 = ORIENTED_EDGE ( 'NONE', *, *, #1516, .T. ) ;
#1195 = CARTESIAN_POINT ( 'NONE',  ( 7.375184083841685556, 131.5000000000000000, 8.161290322580649459 ) ) ;
#1196 = CARTESIAN_POINT ( 'NONE',  ( 149.2150825553046616, 106.6015990426618174, -3.000000000000002665 ) ) ;
#1197 = ORIENTED_EDGE ( 'NONE', *, *, #1990, .F. ) ;
#1198 = PRODUCT_DEFINITION_FORMATION_WITH_SPECIFIED_SOURCE ( 'ä»', '', #1464, .NOT_KNOWN. ) ;
#1199 = CARTESIAN_POINT ( 'NONE',  ( 40.18710595622698634, 130.8994949366116600, 2.500000000000026645 ) ) ;
#1200 = DIRECTION ( 'NONE',  ( 0.000000000000000000, 0.000000000000000000, 1.000000000000000000 ) ) ;
#1201 = ORIENTED_EDGE ( 'NONE', *, *, #1468, .T. ) ;
#1202 = ADVANCED_FACE ( 'NONE', ( #1237 ), #1645, .F. ) ;
#1203 = CARTESIAN_POINT ( 'NONE',  ( 20.78460969082652809, 134.5000000000000000, 3.000000000000002665 ) ) ;
#1204 = ORIENTED_EDGE ( 'NONE', *, *, #1946, .T. ) ;
#1205 = LINE ( 'NONE', #1877, #1819 ) ;
#1206 = PLANE ( 'NONE',  #394 ) ;
#1207 = ORIENTED_EDGE ( 'NONE', *, *, #432, .T. ) ;
#1208 = VECTOR ( 'NONE', #1720, 1000.000000000000000 ) ;
#1209 = CIRCLE ( 'NONE', #917, 10.50000000000003553 ) ;
#1210 = VECTOR ( 'NONE', #1249, 1000.000000000000000 ) ;
#1211 = DIRECTION ( 'NONE',  ( 0.000000000000000000, 0.000000000000000000, 1.000000000000000000 ) ) ;
#1212 = PRODUCT_CONTEXT ( 'NONE', #1238, 'mechanical' ) ;
#1213 = DIRECTION ( 'NONE',  ( -0.000000000000000000, 1.000000000000000000, -0.000000000000000000 ) ) ;
#1214 = ORIENTED_EDGE ( 'NONE', *, *, #701, .T. ) ;
#1215 = VECTOR ( 'NONE', #1260, 1000.000000000000000 ) ;
#1216 = DIRECTION ( 'NONE',  ( 0.000000000000000000, 1.000000000000000000, 0.000000000000000000 ) ) ;
#1217 = ORIENTED_EDGE ( 'NONE', *, *, #1380, .T. ) ;
#1218 = DIRECTION ( 'NONE',  ( 0.000000000000000000, 0.000000000000000000, 1.000000000000000000 ) ) ;
#1219 = DIRECTION ( 'NONE',  ( 0.000000000000000000, 0.000000000000000000, 1.000000000000000000 ) ) ;
#1220 = EDGE_LOOP ( 'NONE', ( #1635, #696, #604, #1552 ) ) ;
#1221 = CARTESIAN_POINT ( 'NONE',  ( 30.28761101961530144, 134.5000000000000000, -2.999999999999999112 ) ) ;
#1222 = VECTOR ( 'NONE', #1329, 1000.000000000000000 ) ;
#1223 = CIRCLE ( 'NONE', #1890, 20.49999999999999645 ) ;
#1224 = CIRCLE ( 'NONE', #1402, 20.49999999999996447 ) ;
#1225 = CARTESIAN_POINT ( 'NONE',  ( 169.9996922461312465, 103.1015990426618174, 11.00000000000001421 ) ) ;
#1226 = EDGE_LOOP ( 'NONE', ( #2039, #921, #675, #1929 ) ) ;
#1227 = CYLINDRICAL_SURFACE ( 'NONE', #1975, 11.00000000000001421 ) ;
#1228 = EDGE_LOOP ( 'NONE', ( #1106, #571, #351, #1455 ) ) ;
#1229 = CARTESIAN_POINT ( 'NONE',  ( 68.62713747390769470, 103.1015990426618032, 2.999999999999999112 ) ) ;
#1230 = ORIENTED_EDGE ( 'NONE', *, *, #268, .T. ) ;
#1231 = EDGE_CURVE ( 'NONE', #358, #448, #695, .T. ) ;
#1232 = DIRECTION ( 'NONE',  ( 0.000000000000000000, 0.7071067811865671127, 0.7071067811865279218 ) ) ;
#1233 = EDGE_CURVE ( 'NONE', #807, #1484, #1043, .T. ) ;
#1234 = VECTOR ( 'NONE', #598, 1000.000000000000000 ) ;
#1235 = DIRECTION ( 'NONE',  ( 0.000000000000000000, 0.000000000000000000, 1.000000000000000000 ) ) ;
#1236 = VECTOR ( 'NONE', #107, 1000.000000000000000 ) ;
#1237 = FACE_OUTER_BOUND ( 'NONE', #1226, .T. ) ;
#1238 = APPLICATION_CONTEXT ( 'automotive_design' ) ;
#1239 = CARTESIAN_POINT ( 'NONE',  ( 30.28761101961530144, 135.0000000000000000, -2.999999999999999112 ) ) ;
#1240 = DIRECTION ( 'NONE',  ( 0.000000000000000000, 0.000000000000000000, 1.000000000000000000 ) ) ;
#1241 = ORIENTED_EDGE ( 'NONE', *, *, #1515, .T. ) ;
#1242 = CARTESIAN_POINT ( 'NONE',  ( 0.000000000000000000, 135.0000000000000000, -10.50000000000004086 ) ) ;
#1243 = CARTESIAN_POINT ( 'NONE',  ( 169.9996922461312465, 106.1015990426618458, 0.000000000000000000 ) ) ;
#1244 = ADVANCED_FACE ( 'NONE', ( #385 ), #375, .F. ) ;
#1245 = EDGE_CURVE ( 'NONE', #309, #1960, #1150, .T. ) ;
#1246 = PRODUCT_RELATED_PRODUCT_CATEGORY ( 'part', '', ( #1464 ) ) ;
#1247 = ADVANCED_FACE ( 'NONE', ( #2052 ), #1227, .T. ) ;
#1248 = DIRECTION ( 'NONE',  ( 0.000000000000000000, 1.000000000000000000, 0.000000000000000000 ) ) ;
#1249 = DIRECTION ( 'NONE',  ( 1.000000000000000000, 0.000000000000000000, 0.000000000000000000 ) ) ;
#1250 = FACE_OUTER_BOUND ( 'NONE', #1334, .T. ) ;
#1251 = DIRECTION ( 'NONE',  ( 0.000000000000000000, -0.000000000000000000, 1.000000000000000000 ) ) ;
#1252 = ORIENTED_EDGE ( 'NONE', *, *, #1962, .T. ) ;
#1253 = DIRECTION ( 'NONE',  ( 0.000000000000000000, 0.000000000000000000, -1.000000000000000000 ) ) ;
#1254 = DIRECTION ( 'NONE',  ( 0.000000000000000000, 1.000000000000000000, 0.000000000000000000 ) ) ;
#1255 = AXIS2_PLACEMENT_3D ( 'NONE', #25, #1375, #1386 ) ;
#1256 = CIRCLE ( 'NONE', #1546, 10.50000000000001954 ) ;
#1257 = FACE_OUTER_BOUND ( 'NONE', #615, .T. ) ;
#1258 = CIRCLE ( 'NONE', #146, 13.49999999999999822 ) ;
#1259 = CARTESIAN_POINT ( 'NONE',  ( 68.62713747390769470, 102.6015990426618174, -2.499999999999998668 ) ) ;
#1260 = DIRECTION ( 'NONE',  ( -0.000000000000000000, 1.000000000000000000, 0.000000000000000000 ) ) ;
#1261 = CYLINDRICAL_SURFACE ( 'NONE', #1893, 7.000000000000000000 ) ;
#1262 = ORIENTED_EDGE ( 'NONE', *, *, #992, .F. ) ;
#1263 = DIRECTION ( 'NONE',  ( -0.7071067811865463515, 0.7071067811865487940, 0.000000000000000000 ) ) ;
#1264 = DIRECTION ( 'NONE',  ( 0.000000000000000000, 1.000000000000000000, 0.000000000000000000 ) ) ;
#1265 = DIRECTION ( 'NONE',  ( 0.000000000000000000, -0.000000000000000000, 1.000000000000000000 ) ) ;
#1266 = ORIENTED_EDGE ( 'NONE', *, *, #1689, .T. ) ;
#1267 = CIRCLE ( 'NONE', #1481, 20.49999999999999645 ) ;
#1268 = CARTESIAN_POINT ( 'NONE',  ( 169.9996922461312465, 106.1015990426618458, -7.000000000000014211 ) ) ;
#1269 = EDGE_CURVE ( 'NONE', #1166, #369, #1743, .T. ) ;
#1270 = DIRECTION ( 'NONE',  ( 0.000000000000000000, 0.000000000000000000, 1.000000000000000000 ) ) ;
#1271 = ORIENTED_EDGE ( 'NONE', *, *, #178, .F. ) ;
#1272 = EDGE_CURVE ( 'NONE', #289, #973, #354, .T. ) ;
#1273 = DIRECTION ( 'NONE',  ( 0.000000000000000000, 1.000000000000000000, 0.000000000000000000 ) ) ;
#1274 = DIRECTION ( 'NONE',  ( 0.000000000000000000, -0.7071067811865475727, -0.7071067811865475727 ) ) ;
#1275 = CONICAL_SURFACE ( 'NONE', #1940, 19.99999999999999645, 0.7853981633974482790 ) ;
#1276 = CYLINDRICAL_SURFACE ( 'NONE', #1444, 11.00000000000001421 ) ;
#1277 = VERTEX_POINT ( 'NONE', #1530 ) ;
#1278 = AXIS2_PLACEMENT_3D ( 'NONE', #1118, #422, #757 ) ;
#1279 = DIRECTION ( 'NONE',  ( 0.000000000000000000, 0.000000000000000000, 1.000000000000000000 ) ) ;
#1280 = DIRECTION ( 'NONE',  ( -1.000000000000000000, 0.000000000000000000, 0.000000000000000000 ) ) ;
#1281 = EDGE_CURVE ( 'NONE', #1405, #1057, #1, .T. ) ;
#1282 = VERTEX_POINT ( 'NONE', #888 ) ;
#1283 = PLANE ( 'NONE',  #1986 ) ;
#1284 = LINE ( 'NONE', #1972, #1002 ) ;
#1285 = AXIS2_PLACEMENT_3D ( 'NONE', #898, #1081, #907 ) ;
#1286 = LINE ( 'NONE', #1486, #555 ) ;
#1287 = VECTOR ( 'NONE', #914, 999.9999999999998863 ) ;
#1288 = EDGE_LOOP ( 'NONE', ( #1477, #6, #1387, #264 ) ) ;
#1289 = DIRECTION ( 'NONE',  ( 0.000000000000000000, -0.7071067811865671127, 0.7071067811865279218 ) ) ;
#1290 = DIRECTION ( 'NONE',  ( -0.000000000000000000, 1.000000000000000000, -0.000000000000000000 ) ) ;
#1291 = AXIS2_PLACEMENT_3D ( 'NONE', #1703, #41, #552 ) ;
#1292 = EDGE_LOOP ( 'NONE', ( #64, #1327, #2001, #247 ) ) ;
#1293 = VECTOR ( 'NONE', #1898, 1000.000000000000114 ) ;
#1294 = ORIENTED_EDGE ( 'NONE', *, *, #1174, .F. ) ;
#1295 = LINE ( 'NONE', #2121, #572 ) ;
#1296 = EDGE_CURVE ( 'NONE', #307, #1405, #990, .T. ) ;
#1297 = EDGE_CURVE ( 'NONE', #2142, #458, #1096, .T. ) ;
#1298 = DIRECTION ( 'NONE',  ( -1.000000000000000000, 0.000000000000000000, 0.000000000000000000 ) ) ;
#1299 = VERTEX_POINT ( 'NONE', #1573 ) ;
#1300 = FACE_OUTER_BOUND ( 'NONE', #2198, .T. ) ;
#1301 = ORIENTED_EDGE ( 'NONE', *, *, #1923, .T. ) ;
#1302 = CARTESIAN_POINT ( 'NONE',  ( 61.55606966204221919, 109.5305312307963277, -2.999999999999999112 ) ) ;
#1303 = AXIS2_PLACEMENT_3D ( 'NONE', #1708, #1006, #2046 ) ;
#1304 = VERTEX_POINT ( 'NONE', #1203 ) ;
#1305 = DIRECTION ( 'NONE',  ( -0.000000000000000000, 0.000000000000000000, -1.000000000000000000 ) ) ;
#1306 = ORIENTED_EDGE ( 'NONE', *, *, #909, .F. ) ;
#1307 = LINE ( 'NONE', #764, #1919 ) ;
#1308 = EDGE_CURVE ( 'NONE', #1057, #801, #1540, .T. ) ;
#1309 = EDGE_CURVE ( 'NONE', #1484, #1304, #1883, .T. ) ;
#1310 = ORIENTED_EDGE ( 'NONE', *, *, #610, .F. ) ;
#1311 = AXIS2_PLACEMENT_3D ( 'NONE', #613, #779, #982 ) ;
#1312 = DIRECTION ( 'NONE',  ( 0.000000000000000000, 0.000000000000000000, -1.000000000000000000 ) ) ;
#1313 = VERTEX_POINT ( 'NONE', #519 ) ;
#1314 = CARTESIAN_POINT ( 'NONE',  ( 61.55606966204224761, 109.5305312307963419, 23.00000000000000000 ) ) ;
#1315 = AXIS2_PLACEMENT_3D ( 'NONE', #768, #92, #395 ) ;
#1316 = ORIENTED_EDGE ( 'NONE', *, *, #382, .F. ) ;
#1317 = DIRECTION ( 'NONE',  ( -1.000000000000000000, 0.000000000000000000, 0.000000000000000000 ) ) ;
#1318 = ORIENTED_EDGE ( 'NONE', *, *, #1848, .F. ) ;
#1319 = CARTESIAN_POINT ( 'NONE',  ( 26.44959147718489589, 143.9299026344673109, -2.999999999999999112 ) ) ;
#1320 = DIRECTION ( 'NONE',  ( 0.000000000000000000, -0.7071067811865627828, -0.7071067811865321406 ) ) ;
#1321 = CARTESIAN_POINT ( 'NONE',  ( 8.572527594031473190E-16, 134.5000000000000284, -7.000000000000000000 ) ) ;
#1322 = VERTEX_POINT ( 'NONE', #863 ) ;
#1323 = DIRECTION ( 'NONE',  ( -0.000000000000000000, -0.000000000000000000, -1.000000000000000000 ) ) ;
#1324 = AXIS2_PLACEMENT_3D ( 'NONE', #652, #474, #2010 ) ;
#1325 = ORIENTED_EDGE ( 'NONE', *, *, #2144, .T. ) ;
#1326 = CARTESIAN_POINT ( 'NONE',  ( 40.18710595622698634, 130.8994949366116600, -2.500000000000026645 ) ) ;
#1327 = ORIENTED_EDGE ( 'NONE', *, *, #542, .T. ) ;
#1328 = VECTOR ( 'NONE', #329, 1000.000000000000000 ) ;
#1329 = DIRECTION ( 'NONE',  ( 0.000000000000000000, 0.7071067811865671127, 0.7071067811865279218 ) ) ;
#1330 = ORIENTED_EDGE ( 'NONE', *, *, #1139, .F. ) ;
#1331 = AXIS2_PLACEMENT_3D ( 'NONE', #720, #2066, #750 ) ;
#1332 = DIRECTION ( 'NONE',  ( 0.000000000000000000, 1.000000000000000000, 0.000000000000000000 ) ) ;
#1333 = DIRECTION ( 'NONE',  ( 8.659560562354866298E-17, 0.7071067811865531239, -0.7071067811865420216 ) ) ;
#1334 = EDGE_LOOP ( 'NONE', ( #827, #462, #1529, #817 ) ) ;
#1335 = DIRECTION ( 'NONE',  ( -0.000000000000000000, 0.000000000000000000, -1.000000000000000000 ) ) ;
#1336 = ORIENTED_EDGE ( 'NONE', *, *, #2025, .T. ) ;
#1337 = EDGE_CURVE ( 'NONE', #1832, #807, #2063, .T. ) ;
#1338 = DIRECTION ( 'NONE',  ( 0.000000000000000000, 0.000000000000000000, 1.000000000000000000 ) ) ;
#1339 = EDGE_LOOP ( 'NONE', ( #2020, #1888, #475, #1566 ) ) ;
#1340 = FACE_OUTER_BOUND ( 'NONE', #639, .T. ) ;
#1341 = CIRCLE ( 'NONE', #1693, 10.50000000000004086 ) ;
#1342 = DIRECTION ( 'NONE',  ( 0.000000000000000000, 0.000000000000000000, -1.000000000000000000 ) ) ;
#1343 = EDGE_LOOP ( 'NONE', ( #1621, #1858, #1482, #1648 ) ) ;
#1344 = AXIS2_PLACEMENT_3D ( 'NONE', #1063, #1590, #2123 ) ;
#1345 = FACE_OUTER_BOUND ( 'NONE', #1652, .T. ) ;
#1346 = DIRECTION ( 'NONE',  ( 0.000000000000000000, 0.000000000000000000, 1.000000000000000000 ) ) ;
#1347 = ORIENTED_EDGE ( 'NONE', *, *, #248, .T. ) ;
#1348 = DIRECTION ( 'NONE',  ( 0.4740947889257633996, -0.7071067811865672237, 0.5246276118480689421 ) ) ;
#1349 = EDGE_CURVE ( 'NONE', #192, #1707, #65, .T. ) ;
#1350 = FACE_OUTER_BOUND ( 'NONE', #821, .T. ) ;
#1351 = AXIS2_PLACEMENT_3D ( 'NONE', #110, #1501, #631 ) ;
#1352 = EDGE_CURVE ( 'NONE', #1707, #1993, #876, .T. ) ;
#1353 = ORIENTED_EDGE ( 'NONE', *, *, #1636, .T. ) ;
#1354 = LINE ( 'NONE', #686, #641 ) ;
#1355 = LINE ( 'NONE', #2022, #1505 ) ;
#1356 = ORIENTED_EDGE ( 'NONE', *, *, #1456, .T. ) ;
#1357 = DIRECTION ( 'NONE',  ( 0.000000000000000000, 1.000000000000000000, 0.000000000000000000 ) ) ;
#1358 = ORIENTED_EDGE ( 'NONE', *, *, #1442, .F. ) ;
#1359 = UNCERTAINTY_MEASURE_WITH_UNIT (LENGTH_MEASURE( 1.000000000000000082E-05 ), #642, 'distance_accuracy_value', 'NONE');
#1360 = DIRECTION ( 'NONE',  ( 0.000000000000000000, 0.7071067811865474617, -0.7071067811865474617 ) ) ;
#1361 = ORIENTED_EDGE ( 'NONE', *, *, #2024, .F. ) ;
#1362 = VECTOR ( 'NONE', #1715, 1000.000000000000000 ) ;
#1363 = DIRECTION ( 'NONE',  ( -1.000000000000000000, 0.000000000000000000, 0.000000000000000000 ) ) ;
#1364 = LINE ( 'NONE', #2036, #1074 ) ;
#1365 = VERTEX_POINT ( 'NONE', #204 ) ;
#1366 = AXIS2_PLACEMENT_3D ( 'NONE', #2143, #439, #284 ) ;
#1367 = EDGE_CURVE ( 'NONE', #183, #2173, #896, .T. ) ;
#1368 = CYLINDRICAL_SURFACE ( 'NONE', #1558, 11.00000000000001421 ) ;
#1369 = ADVANCED_FACE ( 'NONE', ( #906 ), #1097, .T. ) ;
#1370 = CARTESIAN_POINT ( 'NONE',  ( 59.08119592788931840, 107.0556574966434340, 2.999999999999999112 ) ) ;
#1371 = ORIENTED_EDGE ( 'NONE', *, *, #1028, .F. ) ;
#1372 = DIRECTION ( 'NONE',  ( 0.000000000000000000, 1.000000000000000000, 0.000000000000000000 ) ) ;
#1373 = ORIENTED_EDGE ( 'NONE', *, *, #2090, .F. ) ;
#1374 = CARTESIAN_POINT ( 'NONE',  ( 68.62713747390772312, 106.6015990426618174, -2.500000000000026645 ) ) ;
#1375 = DIRECTION ( 'NONE',  ( -0.000000000000000000, 1.000000000000000000, -0.000000000000000000 ) ) ;
#1376 = ORIENTED_EDGE ( 'NONE', *, *, #838, .F. ) ;
#1377 = CARTESIAN_POINT ( 'NONE',  ( 169.9996922461312465, 106.1015990426618458, -7.000000000000014211 ) ) ;
#1378 = EDGE_CURVE ( 'NONE', #1723, #1147, #1452, .T. ) ;
#1379 = ADVANCED_FACE ( 'NONE', ( #1944 ), #70, .T. ) ;
#1380 = EDGE_CURVE ( 'NONE', #1832, #1304, #1445, .T. ) ;
#1381 = FACE_OUTER_BOUND ( 'NONE', #134, .T. ) ;
#1382 = ORIENTED_EDGE ( 'NONE', *, *, #17, .T. ) ;
#1383 = DIRECTION ( 'NONE',  ( 1.000000000000000000, 0.000000000000000000, 0.000000000000000000 ) ) ;
#1384 = ORIENTED_EDGE ( 'NONE', *, *, #512, .F. ) ;
#1385 = CARTESIAN_POINT ( 'NONE',  ( 169.9996922461312465, 106.6015990426618174, 0.000000000000000000 ) ) ;
#1386 = DIRECTION ( 'NONE',  ( 0.000000000000000000, 0.000000000000000000, 1.000000000000000000 ) ) ;
#1387 = ORIENTED_EDGE ( 'NONE', *, *, #513, .F. ) ;
#1388 = AXIS2_PLACEMENT_3D ( 'NONE', #133, #1674, #2072 ) ;
#1389 = AXIS2_PLACEMENT_3D ( 'NONE', #582, #749, #561 ) ;
#1390 = DIRECTION ( 'NONE',  ( -0.000000000000000000, 1.000000000000000000, -0.000000000000000000 ) ) ;
#1391 = DIRECTION ( 'NONE',  ( 0.000000000000000000, 1.000000000000000000, 0.000000000000000000 ) ) ;
#1392 = ORIENTED_EDGE ( 'NONE', *, *, #1296, .F. ) ;
#1393 = DIRECTION ( 'NONE',  ( 1.000000000000000000, 0.000000000000000000, 0.000000000000000000 ) ) ;
#1394 = ORIENTED_EDGE ( 'NONE', *, *, #694, .F. ) ;
#1395 = CARTESIAN_POINT ( 'NONE',  ( 162.6245081622895157, 106.6015990426617890, 8.161290322580645906 ) ) ;
#1396 = DIRECTION ( 'NONE',  ( 0.000000000000000000, 0.7071067811865512365, 0.7071067811865439090 ) ) ;
#1397 = ORIENTED_EDGE ( 'NONE', *, *, #2119, .F. ) ;
#1398 = AXIS2_PLACEMENT_3D ( 'NONE', #988, #1342, #320 ) ;
#1399 = LINE ( 'NONE', #868, #1578 ) ;
#1400 = VECTOR ( 'NONE', #1091, 1000.000000000000114 ) ;
#1401 = VECTOR ( 'NONE', #1886, 1000.000000000000000 ) ;
#1402 = AXIS2_PLACEMENT_3D ( 'NONE', #61, #890, #1240 ) ;
#1403 = DIRECTION ( 'NONE',  ( -1.000000000000000000, 0.000000000000000000, 0.000000000000000000 ) ) ;
#1404 = DIRECTION ( 'NONE',  ( -0.000000000000000000, 1.000000000000000000, -0.000000000000000000 ) ) ;
#1405 = VERTEX_POINT ( 'NONE', #1259 ) ;
#1406 = CARTESIAN_POINT ( 'NONE',  ( 0.000000000000000000, 131.5000000000000000, 0.000000000000000000 ) ) ;
#1407 = ORIENTED_EDGE ( 'NONE', *, *, #430, .T. ) ;
#1408 = EDGE_CURVE ( 'NONE', #1089, #1313, #59, .T. ) ;
#1409 = ADVANCED_FACE ( 'NONE', ( #257 ), #591, .F. ) ;
#1410 = CARTESIAN_POINT ( 'NONE',  ( 40.18710595622698634, 130.8994949366116600, -2.999999999999999112 ) ) ;
#1411 = VECTOR ( 'NONE', #325, 1000.000000000000114 ) ;
#1412 = CARTESIAN_POINT ( 'NONE',  ( 169.9996922461312465, 106.1015990426618458, 0.000000000000000000 ) ) ;
#1413 = AXIS2_PLACEMENT_3D ( 'NONE', #1412, #2101, #1235 ) ;
#1414 = DIRECTION ( 'NONE',  ( -0.4740947889257763892, -0.7071067811865481278, -0.5246276118480829309 ) ) ;
#1415 = DIRECTION ( 'NONE',  ( 0.000000000000000000, 0.7071067811865474617, -0.7071067811865474617 ) ) ;
#1416 = DIRECTION ( 'NONE',  ( 0.000000000000000000, 0.000000000000000000, -1.000000000000000000 ) ) ;
#1417 = ORIENTED_EDGE ( 'NONE', *, *, #1010, .T. ) ;
#1418 = CARTESIAN_POINT ( 'NONE',  ( 37.35867883148079471, 128.0710678118654755, 23.00000000000000000 ) ) ;
#1419 = FACE_OUTER_BOUND ( 'NONE', #1594, .T. ) ;
#1420 = CIRCLE ( 'NONE', #1974, 7.499999999999978684 ) ;
#1421 = VECTOR ( 'NONE', #1633, 1000.000000000000000 ) ;
#1422 = DIRECTION ( 'NONE',  ( -0.000000000000000000, 1.000000000000000000, -0.000000000000000000 ) ) ;
#1423 = LINE ( 'NONE', #1080, #1210 ) ;
#1424 = LINE ( 'NONE', #1904, #2026 ) ;
#1425 = PLANE ( 'NONE',  #1885 ) ;
#1426 = ORIENTED_EDGE ( 'NONE', *, *, #536, .T. ) ;
#1427 = DIRECTION ( 'NONE',  ( 0.000000000000000000, 1.000000000000000000, 0.000000000000000000 ) ) ;
#1428 = CARTESIAN_POINT ( 'NONE',  ( 30.28761101961530144, 131.0000000000000000, -2.499999999999998668 ) ) ;
#1429 = ADVANCED_FACE ( 'NONE', ( #737 ), #886, .T. ) ;
#1430 = AXIS2_PLACEMENT_3D ( 'NONE', #808, #1496, #638 ) ;
#1431 = ADVANCED_FACE ( 'NONE', ( #1453 ), #489, .T. ) ;
#1432 = DIRECTION ( 'NONE',  ( 0.000000000000000000, 0.000000000000000000, 1.000000000000000000 ) ) ;
#1433 = ORIENTED_EDGE ( 'NONE', *, *, #676, .F. ) ;
#1434 = EDGE_CURVE ( 'NONE', #1166, #540, #1591, .T. ) ;
#1435 = VECTOR ( 'NONE', #2179, 999.9999999999998863 ) ;
#1436 = LINE ( 'NONE', #1912, #2086 ) ;
#1437 = CARTESIAN_POINT ( 'NONE',  ( 39.83355256563371682, 130.5459415460183834, 2.999999999999999112 ) ) ;
#1438 = ORIENTED_EDGE ( 'NONE', *, *, #607, .T. ) ;
#1439 = CARTESIAN_POINT ( 'NONE',  ( 68.62713747390769470, 103.1015990426618032, 2.999999999999999112 ) ) ;
#1440 = CARTESIAN_POINT ( 'NONE',  ( 7.039948443667071842, 131.0000000000000000, -7.790322580645159256 ) ) ;
#1441 = DIRECTION ( 'NONE',  ( 0.000000000000000000, 0.000000000000000000, -1.000000000000000000 ) ) ;
#1442 = EDGE_CURVE ( 'NONE', #1083, #1870, #50, .T. ) ;
#1443 = AXIS2_PLACEMENT_3D ( 'NONE', #1016, #1732, #180 ) ;
#1444 = AXIS2_PLACEMENT_3D ( 'NONE', #1752, #89, #225 ) ;
#1445 = LINE ( 'NONE', #1753, #1568 ) ;
#1446 = CARTESIAN_POINT ( 'NONE',  ( 169.9996922461312465, 106.6015990426618032, 0.000000000000000000 ) ) ;
#1447 = ORIENTED_EDGE ( 'NONE', *, *, #1848, .T. ) ;
#1448 = DIRECTION ( 'NONE',  ( -0.000000000000000000, -1.000000000000000000, -0.000000000000000000 ) ) ;
#1449 = CARTESIAN_POINT ( 'NONE',  ( 149.2150825553046616, 106.1015990426618174, 2.999999999999999112 ) ) ;
#1450 = CARTESIAN_POINT ( 'NONE',  ( 30.28761101961530144, 135.0000000000000000, 23.00000000000000000 ) ) ;
#1451 = ORIENTED_EDGE ( 'NONE', *, *, #1188, .T. ) ;
#1452 = CIRCLE ( 'NONE', #1842, 11.00000000000001421 ) ;
#1453 = FACE_OUTER_BOUND ( 'NONE', #1525, .T. ) ;
#1454 = PLANE ( 'NONE',  #681 ) ;
#1455 = ORIENTED_EDGE ( 'NONE', *, *, #349, .F. ) ;
#1456 = EDGE_CURVE ( 'NONE', #20, #688, #1957, .T. ) ;
#1457 = FACE_OUTER_BOUND ( 'NONE', #2154, .T. ) ;
#1458 = DIRECTION ( 'NONE',  ( 1.000000000000000000, -0.000000000000000000, 0.000000000000000000 ) ) ;
#1459 = ADVANCED_FACE ( 'NONE', ( #1604 ), #1773, .F. ) ;
#1460 = CARTESIAN_POINT ( 'NONE',  ( 68.62713747390773733, 116.6015990426618032, 2.999999999999999112 ) ) ;
#1461 = AXIS2_PLACEMENT_3D ( 'NONE', #881, #2070, #1085 ) ;
#1462 = ORIENTED_EDGE ( 'NONE', *, *, #28, .F. ) ;
#1463 = AXIS2_PLACEMENT_3D ( 'NONE', #261, #241, #454 ) ;
#1464 = PRODUCT ( '\X2\8fde6746\X0\', '\X2\8fde6746\X0\', '', ( #1212 ) ) ;
#1465 = CARTESIAN_POINT ( 'NONE',  ( 169.9996922461312465, 103.1015990426618174, 0.000000000000000000 ) ) ;
#1466 = EDGE_CURVE ( 'NONE', #795, #289, #1423, .T. ) ;
#1467 = FACE_OUTER_BOUND ( 'NONE', #3, .T. ) ;
#1468 = EDGE_CURVE ( 'NONE', #1805, #148, #1436, .T. ) ;
#1469 = ORIENTED_EDGE ( 'NONE', *, *, #1064, .T. ) ;
#1470 = AXIS2_PLACEMENT_3D ( 'NONE', #1757, #1082, #228 ) ;
#1471 = EDGE_CURVE ( 'NONE', #358, #1612, #883, .T. ) ;
#1472 = VERTEX_POINT ( 'NONE', #404 ) ;
#1473 = EDGE_CURVE ( 'NONE', #1178, #1832, #1131, .T. ) ;
#1474 = CARTESIAN_POINT ( 'NONE',  ( 68.62713747390773733, 116.6015990426618032, -2.999999999999999112 ) ) ;
#1475 = EDGE_CURVE ( 'NONE', #688, #1672, #919, .T. ) ;
#1476 = CARTESIAN_POINT ( 'NONE',  ( 20.78460969082653875, 131.5000000000000000, 2.999999999999999112 ) ) ;
#1477 = ORIENTED_EDGE ( 'NONE', *, *, #132, .F. ) ;
#1478 = FACE_OUTER_BOUND ( 'NONE', #498, .T. ) ;
#1479 = ORIENTED_EDGE ( 'NONE', *, *, #841, .T. ) ;
#1480 = FACE_OUTER_BOUND ( 'NONE', #1343, .T. ) ;
#1481 = AXIS2_PLACEMENT_3D ( 'NONE', #1854, #816, #1338 ) ;
#1482 = ORIENTED_EDGE ( 'NONE', *, *, #49, .T. ) ;
#1483 = DIRECTION ( 'NONE',  ( -0.000000000000000000, -0.000000000000000000, 1.000000000000000000 ) ) ;
#1484 = VERTEX_POINT ( 'NONE', #2002 ) ;
#1485 = PLANE ( 'NONE',  #605 ) ;
#1486 = CARTESIAN_POINT ( 'NONE',  ( 68.62713747390772312, 106.6015990426618174, 23.00000000000000000 ) ) ;
#1487 = AXIS2_PLACEMENT_3D ( 'NONE', #1894, #1734, #39 ) ;
#1488 = VECTOR ( 'NONE', #1263, 1000.000000000000000 ) ;
#1489 = FACE_OUTER_BOUND ( 'NONE', #2044, .T. ) ;
#1490 = VERTEX_POINT ( 'NONE', #1979 ) ;
#1491 = CARTESIAN_POINT ( 'NONE',  ( 59.08119592788931840, 107.0556574966434340, -2.999999999999999112 ) ) ;
#1492 = AXIS2_PLACEMENT_3D ( 'NONE', #364, #1722, #194 ) ;
#1493 = ORIENTED_EDGE ( 'NONE', *, *, #968, .T. ) ;
#1494 = DIRECTION ( 'NONE',  ( -0.000000000000000000, 0.000000000000000000, -1.000000000000000000 ) ) ;
#1495 = ORIENTED_EDGE ( 'NONE', *, *, #1767, .F. ) ;
#1496 = DIRECTION ( 'NONE',  ( 0.000000000000000000, 1.000000000000000000, 0.000000000000000000 ) ) ;
#1497 = ORIENTED_EDGE ( 'NONE', *, *, #1862, .T. ) ;
#1498 = DIRECTION ( 'NONE',  ( -0.000000000000000000, 0.000000000000000000, -1.000000000000000000 ) ) ;
#1499 = VECTOR ( 'NONE', #562, 1000.000000000000000 ) ;
#1500 = ADVANCED_FACE ( 'NONE', ( #447 ), #1517, .F. ) ;
#1501 = DIRECTION ( 'NONE',  ( 0.000000000000000000, -1.000000000000000000, 0.000000000000000000 ) ) ;
#1502 = ORIENTED_EDGE ( 'NONE', *, *, #1949, .F. ) ;
#1503 = DIRECTION ( 'NONE',  ( 0.000000000000000000, 0.000000000000000000, -1.000000000000000000 ) ) ;
#1504 = EDGE_CURVE ( 'NONE', #1365, #238, #625, .T. ) ;
#1505 = VECTOR ( 'NONE', #856, 1000.000000000000000 ) ;
#1506 = ORIENTED_EDGE ( 'NONE', *, *, #1072, .F. ) ;
#1507 = DIRECTION ( 'NONE',  ( -0.000000000000000000, 1.000000000000000000, -0.000000000000000000 ) ) ;
#1508 = VERTEX_POINT ( 'NONE', #2172 ) ;
#1509 = DIRECTION ( 'NONE',  ( 0.000000000000000000, 0.000000000000000000, 1.000000000000000000 ) ) ;
#1510 = CIRCLE ( 'NONE', #1995, 10.00000000000000178 ) ;
#1511 = DIRECTION ( 'NONE',  ( 0.7071067811865463515, -0.7071067811865487940, 0.000000000000000000 ) ) ;
#1512 = ORIENTED_EDGE ( 'NONE', *, *, #1596, .F. ) ;
#1513 = CIRCLE ( 'NONE', #1582, 7.000000000000014211 ) ;
#1514 = LINE ( 'NONE', #1631, #1234 ) ;
#1515 = EDGE_CURVE ( 'NONE', #1612, #358, #1873, .T. ) ;
#1516 = EDGE_CURVE ( 'NONE', #30, #910, #415, .T. ) ;
#1517 = CYLINDRICAL_SURFACE ( 'NONE', #1771, 10.00000000000000178 ) ;
#1518 = ORIENTED_EDGE ( 'NONE', *, *, #841, .F. ) ;
#1519 = CARTESIAN_POINT ( 'NONE',  ( 169.9996922461312465, 103.1015990426618174, -11.00000000000001421 ) ) ;
#1520 = DIRECTION ( 'NONE',  ( 0.000000000000000000, 1.000000000000000000, 0.000000000000000000 ) ) ;
#1521 = EDGE_LOOP ( 'NONE', ( #2191, #1055, #729, #487 ) ) ;
#1522 = DIRECTION ( 'NONE',  ( -0.000000000000000000, -1.000000000000000000, -0.000000000000000000 ) ) ;
#1523 = MECHANICAL_DESIGN_GEOMETRIC_PRESENTATION_REPRESENTATION (  '', ( #1051 ), #836 ) ;
#1524 = CARTESIAN_POINT ( 'NONE',  ( 26.80314486777812988, 144.2834560250605307, 2.999999999999999112 ) ) ;
#1525 = EDGE_LOOP ( 'NONE', ( #161, #1794, #1879, #1294 ) ) ;
#1526 = CIRCLE ( 'NONE', #1413, 7.000000000000014211 ) ;
#1527 =( NAMED_UNIT ( * ) PLANE_ANGLE_UNIT ( ) SI_UNIT ( $, .RADIAN. ) );
#1528 = FACE_OUTER_BOUND ( 'NONE', #1288, .T. ) ;
#1529 = ORIENTED_EDGE ( 'NONE', *, *, #483, .F. ) ;
#1530 = CARTESIAN_POINT ( 'NONE',  ( 169.9996922461312465, 106.6015990426618174, 7.499999999999978684 ) ) ;
#1531 = VECTOR ( 'NONE', #539, 1000.000000000000000 ) ;
#1532 = ORIENTED_EDGE ( 'NONE', *, *, #1978, .T. ) ;
#1533 = CARTESIAN_POINT ( 'NONE',  ( 58.72764253729603467, 106.7021041060501574, -2.500000000000007994 ) ) ;
#1534 = LINE ( 'NONE', #140, #927 ) ;
#1535 = ORIENTED_EDGE ( 'NONE', *, *, #2091, .T. ) ;
#1536 = EDGE_CURVE ( 'NONE', #1814, #2096, #1966, .T. ) ;
#1537 = DIRECTION ( 'NONE',  ( -0.000000000000000000, 0.000000000000000000, -1.000000000000000000 ) ) ;
#1538 = ORIENTED_EDGE ( 'NONE', *, *, #1826, .T. ) ;
#1539 = ADVANCED_FACE ( 'NONE', ( #1300 ), #849, .T. ) ;
#1540 = LINE ( 'NONE', #11, #312 ) ;
#1541 = ORIENTED_EDGE ( 'NONE', *, *, #1658, .F. ) ;
#1542 = AXIS2_PLACEMENT_3D ( 'NONE', #537, #1569, #1749 ) ;
#1543 = CARTESIAN_POINT ( 'NONE',  ( 169.9996922461312465, 106.6015990426618174, -10.50000000000003375 ) ) ;
#1544 = DIRECTION ( 'NONE',  ( 1.353930517835558945E-15, 0.000000000000000000, 1.000000000000000000 ) ) ;
#1545 = EDGE_LOOP ( 'NONE', ( #22, #1971, #1541, #1262 ) ) ;
#1546 = AXIS2_PLACEMENT_3D ( 'NONE', #296, #497, #167 ) ;
#1547 = ADVANCED_FACE ( 'NONE', ( #1489 ), #488, .T. ) ;
#1548 = EDGE_CURVE ( 'NONE', #1870, #1089, #457, .T. ) ;
#1549 = EDGE_CURVE ( 'NONE', #2173, #332, #478, .T. ) ;
#1550 = AXIS2_PLACEMENT_3D ( 'NONE', #316, #814, #995 ) ;
#1551 = CARTESIAN_POINT ( 'NONE',  ( 162.6245081622895157, 106.6015990426617890, -8.161290322580642354 ) ) ;
#1552 = ORIENTED_EDGE ( 'NONE', *, *, #145, .F. ) ;
#1553 = CARTESIAN_POINT ( 'NONE',  ( 159.9453903091734617, 135.0000000000000000, 2.500000000000026645 ) ) ;
#1554 = EDGE_LOOP ( 'NONE', ( #1735, #1967, #1417, #1149 ) ) ;
#1555 = CARTESIAN_POINT ( 'NONE',  ( 30.28761101961530144, 131.0000000000000000, -2.499999999999998668 ) ) ;
#1556 = CARTESIAN_POINT ( 'NONE',  ( 7.039948443667056743, 131.0000000000000000, 7.790322580645158368 ) ) ;
#1557 = ORIENTED_EDGE ( 'NONE', *, *, #630, .T. ) ;
#1558 = AXIS2_PLACEMENT_3D ( 'NONE', #1039, #7, #18 ) ;
#1559 = DIRECTION ( 'NONE',  ( 0.000000000000000000, 0.000000000000000000, 1.000000000000000000 ) ) ;
#1560 = DIRECTION ( 'NONE',  ( 1.000000000000000000, 0.000000000000000000, 0.000000000000000000 ) ) ;
#1561 = ORIENTED_EDGE ( 'NONE', *, *, #430, .F. ) ;
#1562 = DIRECTION ( 'NONE',  ( 0.000000000000000000, 0.7071067811865474617, -0.7071067811865474617 ) ) ;
#1563 = ORIENTED_EDGE ( 'NONE', *, *, #1860, .T. ) ;
#1564 = FACE_BOUND ( 'NONE', #994, .T. ) ;
#1565 = DIRECTION ( 'NONE',  ( 0.000000000000000000, 0.000000000000000000, 1.000000000000000000 ) ) ;
#1566 = ORIENTED_EDGE ( 'NONE', *, *, #305, .F. ) ;
#1567 = CONICAL_SURFACE ( 'NONE', #1598, 7.000000000000014211, 0.7853981633974405074 ) ;
#1568 = VECTOR ( 'NONE', #1289, 1000.000000000000000 ) ;
#1569 = DIRECTION ( 'NONE',  ( 0.000000000000000000, -1.000000000000000000, 0.000000000000000000 ) ) ;
#1570 = ADVANCED_FACE ( 'NONE', ( #2138 ), #1163, .F. ) ;
#1571 = CARTESIAN_POINT ( 'NONE',  ( 37.35867883148079471, 128.0710678118654755, -2.499999999999998668 ) ) ;
#1572 = EDGE_CURVE ( 'NONE', #1282, #1057, #826, .T. ) ;
#1573 = CARTESIAN_POINT ( 'NONE',  ( 0.000000000000000000, 131.0000000000000000, -7.499999999999978684 ) ) ;
#1574 = ADVANCED_FACE ( 'NONE', ( #100 ), #645, .F. ) ;
#1575 = CARTESIAN_POINT ( 'NONE',  ( 10.05430193695773511, 106.1015990426618174, 2.999999999999999112 ) ) ;
#1576 = DIRECTION ( 'NONE',  ( 0.000000000000000000, 0.000000000000000000, -1.000000000000000000 ) ) ;
#1577 = ORIENTED_EDGE ( 'NONE', *, *, #1272, .F. ) ;
#1578 = VECTOR ( 'NONE', #200, 1000.000000000000114 ) ;
#1579 = LINE ( 'NONE', #47, #1747 ) ;
#1580 = VECTOR ( 'NONE', #1014, 1000.000000000000000 ) ;
#1581 = CIRCLE ( 'NONE', #2171, 13.49999999999999822 ) ;
#1582 = AXIS2_PLACEMENT_3D ( 'NONE', #387, #900, #52 ) ;
#1583 = DIRECTION ( 'NONE',  ( -0.000000000000000000, 1.000000000000000000, -0.000000000000000000 ) ) ;
#1584 = DIRECTION ( 'NONE',  ( 0.7071067811865463515, -0.7071067811865487940, 0.000000000000000000 ) ) ;
#1585 = ORIENTED_EDGE ( 'NONE', *, *, #513, .T. ) ;
#1586 = LINE ( 'NONE', #1229, #1293 ) ;
#1587 = ORIENTED_EDGE ( 'NONE', *, *, #1245, .T. ) ;
#1588 = DIRECTION ( 'NONE',  ( 2.707861035671117890E-15, 0.000000000000000000, 1.000000000000000000 ) ) ;
#1589 = CARTESIAN_POINT ( 'NONE',  ( 0.000000000000000000, 131.5000000000000000, 0.000000000000000000 ) ) ;
#1590 = DIRECTION ( 'NONE',  ( 0.000000000000000000, 0.000000000000000000, 1.000000000000000000 ) ) ;
#1591 = LINE ( 'NONE', #1797, #2160 ) ;
#1592 = LINE ( 'NONE', #553, #1215 ) ;
#1593 = CARTESIAN_POINT ( 'NONE',  ( 149.2150825553046616, 103.1015990426618174, 23.00000000000000000 ) ) ;
#1594 = EDGE_LOOP ( 'NONE', ( #1033, #1330, #1943, #425 ) ) ;
#1595 = CARTESIAN_POINT ( 'NONE',  ( 149.2150825553046616, 106.6015990426618174, -23.00000000000000000 ) ) ;
#1596 = EDGE_CURVE ( 'NONE', #1993, #1655, #97, .T. ) ;
#1597 = CARTESIAN_POINT ( 'NONE',  ( 149.2150825553046616, 102.6015990426618174, -2.499999999999998668 ) ) ;
#1598 = AXIS2_PLACEMENT_3D ( 'NONE', #1850, #1357, #171 ) ;
#1599 = AXIS2_PLACEMENT_3D ( 'NONE', #85, #2120, #730 ) ;
#1600 = ADVANCED_FACE ( 'NONE', ( #1478 ), #1275, .F. ) ;
#1601 = VECTOR ( 'NONE', #2082, 1000.000000000000000 ) ;
#1602 = CARTESIAN_POINT ( 'NONE',  ( 149.2150825553046616, 103.1015990426618174, 23.00000000000000000 ) ) ;
#1603 = ORIENTED_EDGE ( 'NONE', *, *, #1309, .T. ) ;
#1604 = FACE_OUTER_BOUND ( 'NONE', #2057, .T. ) ;
#1605 = CARTESIAN_POINT ( 'NONE',  ( 20.78460969082652809, 131.5000000000000000, 3.000000000000002665 ) ) ;
#1606 = CLOSED_SHELL ( 'NONE', ( #391, #1431, #580, #322, #2157, #745, #54, #1696, #716, #217, #2127, #1910, #1891, #1921, #2189, #759, #2183, #872, #948, #1062, #442, #977, #1574, #1369, #1045, #924, #744, #90, #2077, #541, #1861, #1759, #1034, #2012, #2049, #2114, #1500, #2106, #1821, #1247, #471, #882, #117, #392, #666, #1005, #743, #1661, #2159, #1092, #1600, #1622, #1952, #2061, #731, #1115, #567, #1379, #502, #405, #298, #274, #842, #884, #1547, #210, #1459, #1202, #911, #1409, #240, #1429, #1035, #1570, #179, #769, #1244, #78, #1889, #150, #1539, #1626 ) ) ;
#1607 = ORIENTED_EDGE ( 'NONE', *, *, #1408, .F. ) ;
#1608 = DIRECTION ( 'NONE',  ( 0.000000000000000000, 0.000000000000000000, 1.000000000000000000 ) ) ;
#1609 = LINE ( 'NONE', #1618, #714 ) ;
#1610 = AXIS2_PLACEMENT_3D ( 'NONE', #1243, #1254, #1070 ) ;
#1611 = CYLINDRICAL_SURFACE ( 'NONE', #1965, 7.000000000000014211 ) ;
#1612 = VERTEX_POINT ( 'NONE', #1321 ) ;
#1613 = CIRCLE ( 'NONE', #2175, 11.00000000000001421 ) ;
#1614 = DIRECTION ( 'NONE',  ( -2.523234146875352547E-15, 0.000000000000000000, 1.000000000000000000 ) ) ;
#1615 = DIRECTION ( 'NONE',  ( 0.5000000000000033307, 0.4999999999999935052, 0.7071067811865496822 ) ) ;
#1616 = VERTEX_POINT ( 'NONE', #467 ) ;
#1617 = LINE ( 'NONE', #1930, #970 ) ;
#1618 = CARTESIAN_POINT ( 'NONE',  ( 20.78460969082653875, 134.5000000000000000, -2.999999999999999112 ) ) ;
#1619 = FACE_OUTER_BOUND ( 'NONE', #2048, .T. ) ;
#1620 = VECTOR ( 'NONE', #655, 1000.000000000000114 ) ;
#1621 = ORIENTED_EDGE ( 'NONE', *, *, #2080, .F. ) ;
#1622 = ADVANCED_FACE ( 'NONE', ( #1152 ), #128, .F. ) ;
#1623 = CIRCLE ( 'NONE', #1730, 19.99999999999999645 ) ;
#1624 = DIRECTION ( 'NONE',  ( 0.000000000000000000, -1.000000000000000000, 0.000000000000000000 ) ) ;
#1625 = DIRECTION ( 'NONE',  ( 0.000000000000000000, -1.000000000000000000, 0.000000000000000000 ) ) ;
#1626 = ADVANCED_FACE ( 'NONE', ( #993 ), #1663, .F. ) ;
#1627 = ORIENTED_EDGE ( 'NONE', *, *, #2080, .T. ) ;
#1628 = CARTESIAN_POINT ( 'NONE',  ( 37.71223222207406423, 128.4246212024587521, -2.999999999999999112 ) ) ;
#1629 = CARTESIAN_POINT ( 'NONE',  ( 39.83355256563371682, 130.5459415460183834, -2.999999999999999112 ) ) ;
#1630 = VECTOR ( 'NONE', #1026, 1000.000000000000000 ) ;
#1631 = CARTESIAN_POINT ( 'NONE',  ( 169.9996922461312465, 102.6015990426618174, 7.499999999999978684 ) ) ;
#1632 = EDGE_LOOP ( 'NONE', ( #1820, #1129, #1192, #626 ) ) ;
#1633 = DIRECTION ( 'NONE',  ( -1.000000000000000000, 0.000000000000000000, 0.000000000000000000 ) ) ;
#1634 = DIRECTION ( 'NONE',  ( 0.000000000000000000, -0.000000000000000000, 1.000000000000000000 ) ) ;
#1635 = ORIENTED_EDGE ( 'NONE', *, *, #252, .F. ) ;
#1636 = EDGE_CURVE ( 'NONE', #801, #1322, #1709, .T. ) ;
#1637 = ORIENTED_EDGE ( 'NONE', *, *, #28, .T. ) ;
#1638 = CARTESIAN_POINT ( 'NONE',  ( 58.72764253729603467, 106.7021041060501574, -2.500000000000009326 ) ) ;
#1639 = VECTOR ( 'NONE', #796, 1000.000000000000000 ) ;
#1640 = ORIENTED_EDGE ( 'NONE', *, *, #838, .T. ) ;
#1641 = VECTOR ( 'NONE', #1961, 1000.000000000000114 ) ;
#1642 = CARTESIAN_POINT ( 'NONE',  ( 125.2046765182245593, 45.88192437461380280, -2.500000000000026645 ) ) ;
#1643 = EDGE_LOOP ( 'NONE', ( #80, #1099, #492, #1497 ) ) ;
#1644 = CYLINDRICAL_SURFACE ( 'NONE', #1038, 7.000000000000000000 ) ;
#1645 = CONICAL_SURFACE ( 'NONE', #288, 20.49999999999996447, 0.7853981633974206344 ) ;
#1646 = EDGE_LOOP ( 'NONE', ( #1027, #304 ) ) ;
#1647 = DIRECTION ( 'NONE',  ( -1.000000000000000000, 0.000000000000000000, 0.000000000000000000 ) ) ;
#1648 = ORIENTED_EDGE ( 'NONE', *, *, #1471, .T. ) ;
#1649 = CARTESIAN_POINT ( 'NONE',  ( 0.000000000000000000, 134.5000000000000284, 7.000000000000000000 ) ) ;
#1650 = CARTESIAN_POINT ( 'NONE',  ( 40.18710595622698634, 130.8994949366116600, 2.999999999999999112 ) ) ;
#1651 = DIRECTION ( 'NONE',  ( -0.4999999999999946709, -0.4999999999999946709, 0.7071067811865551223 ) ) ;
#1652 = EDGE_LOOP ( 'NONE', ( #953, #2041, #1122, #1695 ) ) ;
#1653 = DIRECTION ( 'NONE',  ( 0.000000000000000000, 0.000000000000000000, 1.000000000000000000 ) ) ;
#1654 = CIRCLE ( 'NONE', #440, 7.499999999999978684 ) ;
#1655 = VERTEX_POINT ( 'NONE', #887 ) ;
#1656 = CARTESIAN_POINT ( 'NONE',  ( 68.62713747390773733, 116.6015990426618032, 2.999999999999999112 ) ) ;
#1657 = ORIENTED_EDGE ( 'NONE', *, *, #515, .F. ) ;
#1658 = EDGE_CURVE ( 'NONE', #1847, #1712, #2047, .T. ) ;
#1659 = FACE_OUTER_BOUND ( 'NONE', #302, .T. ) ;
#1660 = VERTEX_POINT ( 'NONE', #691 ) ;
#1661 = ADVANCED_FACE ( 'NONE', ( #1381 ), #1567, .F. ) ;
#1662 = LINE ( 'NONE', #971, #1236 ) ;
#1663 = CONICAL_SURFACE ( 'NONE', #1388, 7.000000000000000000, 0.7853981633974543852 ) ;
#1664 = DIRECTION ( 'NONE',  ( 0.000000000000000000, -1.000000000000000000, 0.000000000000000000 ) ) ;
#1665 = VERTEX_POINT ( 'NONE', #1225 ) ;
#1666 = CYLINDRICAL_SURFACE ( 'NONE', #1991, 13.99999999999999822 ) ;
#1667 = ORIENTED_EDGE ( 'NONE', *, *, #676, .T. ) ;
#1668 = DIRECTION ( 'NONE',  ( 0.000000000000000000, -0.7071067811865475727, -0.7071067811865475727 ) ) ;
#1669 = ORIENTED_EDGE ( 'NONE', *, *, #2112, .F. ) ;
#1670 = DIRECTION ( 'NONE',  ( 3.925231146709488912E-14, 0.7071067811865769936, 0.7071067811865181518 ) ) ;
#1671 = DIRECTION ( 'NONE',  ( 1.734723475976807489E-15, 0.000000000000000000, 1.000000000000000000 ) ) ;
#1672 = VERTEX_POINT ( 'NONE', #839 ) ;
#1673 = CYLINDRICAL_SURFACE ( 'NONE', #374, 10.00000000000000178 ) ;
#1674 = DIRECTION ( 'NONE',  ( 0.000000000000000000, 1.000000000000000000, 0.000000000000000000 ) ) ;
#1675 = EDGE_LOOP ( 'NONE', ( #777, #434, #1934, #297 ) ) ;
#1676 = CARTESIAN_POINT ( 'NONE',  ( 30.28761101961530144, 131.5000000000000000, -2.999999999999999112 ) ) ;
#1677 = AXIS2_PLACEMENT_3D ( 'NONE', #608, #1931, #1939 ) ;
#1678 = DIRECTION ( 'NONE',  ( 0.000000000000000000, 1.000000000000000000, 0.000000000000000000 ) ) ;
#1679 = ORIENTED_EDGE ( 'NONE', *, *, #2, .T. ) ;
#1680 = DIRECTION ( 'NONE',  ( -0.000000000000000000, -0.000000000000000000, -1.000000000000000000 ) ) ;
#1681 = VECTOR ( 'NONE', #1615, 1000.000000000000227 ) ;
#1682 = DIRECTION ( 'NONE',  ( 0.000000000000000000, -1.000000000000000000, 0.000000000000000000 ) ) ;
#1683 = ORIENTED_EDGE ( 'NONE', *, *, #252, .T. ) ;
#1684 = CIRCLE ( 'NONE', #1470, 11.00000000000001421 ) ;
#1685 = APPLICATION_PROTOCOL_DEFINITION ( 'draft international standard', 'automotive_design', 1998, #2069 ) ;
#1686 = CARTESIAN_POINT ( 'NONE',  ( 0.000000000000000000, 131.5000000000000000, 0.000000000000000000 ) ) ;
#1687 = ORIENTED_EDGE ( 'NONE', *, *, #1988, .T. ) ;
#1688 = CARTESIAN_POINT ( 'NONE',  ( 0.000000000000000000, 131.5000000000000000, 11.00000000000001243 ) ) ;
#1689 = EDGE_CURVE ( 'NONE', #1012, #30, #2038, .T. ) ;
#1690 = CARTESIAN_POINT ( 'NONE',  ( 20.78460969082653875, 131.5000000000000000, -2.999999999999999112 ) ) ;
#1691 = ORIENTED_EDGE ( 'NONE', *, *, #1127, .F. ) ;
#1692 = DIRECTION ( 'NONE',  ( 0.000000000000000000, 0.000000000000000000, 1.000000000000000000 ) ) ;
#1693 = AXIS2_PLACEMENT_3D ( 'NONE', #830, #1520, #2190 ) ;
#1694 = CARTESIAN_POINT ( 'NONE',  ( 68.62713747390773733, 116.6015990426618032, -2.999999999999999112 ) ) ;
#1695 = ORIENTED_EDGE ( 'NONE', *, *, #310, .T. ) ;
#1696 = ADVANCED_FACE ( 'NONE', ( #1528 ), #667, .T. ) ;
#1697 = FACE_OUTER_BOUND ( 'NONE', #72, .T. ) ;
#1698 = EDGE_LOOP ( 'NONE', ( #1493, #138, #535, #875 ) ) ;
#1699 = AXIS2_PLACEMENT_3D ( 'NONE', #1465, #790, #1346 ) ;
#1700 = EDGE_CURVE ( 'NONE', #2076, #1282, #504, .T. ) ;
#1701 = AXIS2_PLACEMENT_3D ( 'NONE', #1595, #1917, #1948 ) ;
#1702 = EDGE_CURVE ( 'NONE', #2107, #1018, #336, .T. ) ;
#1703 = CARTESIAN_POINT ( 'NONE',  ( 0.000000000000000000, 134.5000000000000000, 0.000000000000000000 ) ) ;
#1704 = ORIENTED_EDGE ( 'NONE', *, *, #1162, .T. ) ;
#1705 = DIRECTION ( 'NONE',  ( -0.7071067811865463515, 0.7071067811865487940, -0.000000000000000000 ) ) ;
#1706 = FACE_OUTER_BOUND ( 'NONE', #2085, .T. ) ;
#1707 = VERTEX_POINT ( 'NONE', #350 ) ;
#1708 = CARTESIAN_POINT ( 'NONE',  ( 0.000000000000000000, 0.000000000000000000, 0.000000000000000000 ) ) ;
#1709 = LINE ( 'NONE', #551, #384 ) ;
#1710 = EDGE_LOOP ( 'NONE', ( #1817, #1683, #1506, #2033 ) ) ;
#1711 = DIRECTION ( 'NONE',  ( -1.000000000000000000, 0.000000000000000000, 0.000000000000000000 ) ) ;
#1712 = VERTEX_POINT ( 'NONE', #668 ) ;
#1713 = AXIS2_PLACEMENT_3D ( 'NONE', #38, #1909, #700 ) ;
#1714 = CARTESIAN_POINT ( 'NONE',  ( 68.62713747390773733, 116.6015990426618032, -2.999999999999999112 ) ) ;
#1715 = DIRECTION ( 'NONE',  ( -3.925231146709543185E-14, -0.7071067811865671127, 0.7071067811865279218 ) ) ;
#1716 = ORIENTED_EDGE ( 'NONE', *, *, #1860, .F. ) ;
#1717 = LINE ( 'NONE', #1410, #781 ) ;
#1718 = VECTOR ( 'NONE', #1348, 1000.000000000000000 ) ;
#1719 = DIRECTION ( 'NONE',  ( 0.000000000000000000, 0.000000000000000000, -1.000000000000000000 ) ) ;
#1720 = DIRECTION ( 'NONE',  ( 0.000000000000000000, 1.000000000000000000, 0.000000000000000000 ) ) ;
#1721 = ORIENTED_EDGE ( 'NONE', *, *, #1767, .T. ) ;
#1722 = DIRECTION ( 'NONE',  ( 0.000000000000000000, 1.000000000000000000, 0.000000000000000000 ) ) ;
#1723 = VERTEX_POINT ( 'NONE', #1007 ) ;
#1724 = DIRECTION ( 'NONE',  ( 0.000000000000000000, -0.7071067811865671127, -0.7071067811865279218 ) ) ;
#1725 = CARTESIAN_POINT ( 'NONE',  ( 20.78460969082653875, 135.0000000000000000, 2.999999999999999112 ) ) ;
#1726 = ORIENTED_EDGE ( 'NONE', *, *, #2116, .T. ) ;
#1727 = EDGE_CURVE ( 'NONE', #2096, #192, #733, .T. ) ;
#1728 = AXIS2_PLACEMENT_3D ( 'NONE', #2019, #494, #1719 ) ;
#1729 = CARTESIAN_POINT ( 'NONE',  ( 159.9453903091734617, 135.0000000000000000, -2.500000000000026645 ) ) ;
#1730 = AXIS2_PLACEMENT_3D ( 'NONE', #1602, #79, #383 ) ;
#1731 = EDGE_CURVE ( 'NONE', #1712, #1012, #1973, .T. ) ;
#1732 = DIRECTION ( 'NONE',  ( -0.000000000000000000, -1.000000000000000000, -0.000000000000000000 ) ) ;
#1733 = EDGE_CURVE ( 'NONE', #2023, #1313, #1863, .T. ) ;
#1734 = DIRECTION ( 'NONE',  ( 0.000000000000000000, 1.000000000000000000, 0.000000000000000000 ) ) ;
#1735 = ORIENTED_EDGE ( 'NONE', *, *, #848, .T. ) ;
#1736 = DIRECTION ( 'NONE',  ( 8.659560562354692502E-17, -0.7071067811865671127, 0.7071067811865279218 ) ) ;
#1737 = ORIENTED_EDGE ( 'NONE', *, *, #311, .F. ) ;
#1738 = CARTESIAN_POINT ( 'NONE',  ( 169.9996922461312465, 106.6015990426618032, 7.000000000000014211 ) ) ;
#1739 = ORIENTED_EDGE ( 'NONE', *, *, #408, .F. ) ;
#1740 = VECTOR ( 'NONE', #1333, 999.9999999999998863 ) ;
#1741 = FACE_BOUND ( 'NONE', #275, .T. ) ;
#1742 = CARTESIAN_POINT ( 'NONE',  ( 37.35867883148079471, 128.0710678118654755, -2.499999999999998668 ) ) ;
#1743 = LINE ( 'NONE', #1029, #628 ) ;
#1744 = DIRECTION ( 'NONE',  ( -0.000000000000000000, 1.000000000000000000, -0.000000000000000000 ) ) ;
#1745 = FACE_OUTER_BOUND ( 'NONE', #1121, .T. ) ;
#1746 = ORIENTED_EDGE ( 'NONE', *, *, #968, .F. ) ;
#1747 = VECTOR ( 'NONE', #56, 1000.000000000000000 ) ;
#1748 = LINE ( 'NONE', #223, #526 ) ;
#1749 = DIRECTION ( 'NONE',  ( 1.387778780781445873E-15, 0.000000000000000000, 1.000000000000000000 ) ) ;
#1750 = VECTOR ( 'NONE', #2109, 1000.000000000000000 ) ;
#1751 = AXIS2_PLACEMENT_3D ( 'NONE', #23, #1856, #1705 ) ;
#1752 = CARTESIAN_POINT ( 'NONE',  ( 169.9996922461312465, 106.6015990426618032, 0.000000000000000000 ) ) ;
#1753 = CARTESIAN_POINT ( 'NONE',  ( 20.78460969082652809, 135.0000000000000000, 2.500000000000030198 ) ) ;
#1754 = EDGE_CURVE ( 'NONE', #1870, #1157, #62, .T. ) ;
#1755 = LINE ( 'NONE', #1239, #600 ) ;
#1756 = CIRCLE ( 'NONE', #2104, 20.49999999999996803 ) ;
#1757 = CARTESIAN_POINT ( 'NONE',  ( 169.9996922461312465, 103.1015990426618174, 0.000000000000000000 ) ) ;
#1758 = ORIENTED_EDGE ( 'NONE', *, *, #1826, .F. ) ;
#1759 = ADVANCED_FACE ( 'NONE', ( #1697 ), #1053, .T. ) ;
#1760 = CARTESIAN_POINT ( 'NONE',  ( 169.9996922461312465, 102.6015990426618174, 0.000000000000000000 ) ) ;
#1761 = CARTESIAN_POINT ( 'NONE',  ( 162.6245081622895157, 103.1015990426618174, 8.161290322580640577 ) ) ;
#1762 = DIRECTION ( 'NONE',  ( -0.000000000000000000, 0.000000000000000000, -1.000000000000000000 ) ) ;
#1763 = EDGE_CURVE ( 'NONE', #2017, #1723, #1041, .T. ) ;
#1764 = CARTESIAN_POINT ( 'NONE',  ( 30.28761101961530144, 121.0000000000000142, -2.500000000000026645 ) ) ;
#1765 = CARTESIAN_POINT ( 'NONE',  ( 37.35867883148079471, 128.0710678118654755, 2.499999999999998668 ) ) ;
#1766 = EDGE_LOOP ( 'NONE', ( #815, #1048, #278, #959 ) ) ;
#1767 = EDGE_CURVE ( 'NONE', #973, #1490, #703, .T. ) ;
#1768 = EDGE_CURVE ( 'NONE', #795, #1304, #1871, .T. ) ;
#1769 = DIRECTION ( 'NONE',  ( 1.000000000000000000, 0.000000000000000000, 0.000000000000000000 ) ) ;
#1770 = PLANE ( 'NONE',  #1463 ) ;
#1771 = AXIS2_PLACEMENT_3D ( 'NONE', #2016, #1992, #277 ) ;
#1772 = CIRCLE ( 'NONE', #1599, 7.499999999999978684 ) ;
#1773 = CONICAL_SURFACE ( 'NONE', #1389, 20.49999999999996803, 0.7853981633974206344 ) ;
#1774 = CARTESIAN_POINT ( 'NONE',  ( 169.9996922461312465, 102.6015990426618174, 0.000000000000000000 ) ) ;
#1775 = ORIENTED_EDGE ( 'NONE', *, *, #2144, .F. ) ;
#1776 = DIRECTION ( 'NONE',  ( 1.000000000000000000, 0.000000000000000000, 0.000000000000000000 ) ) ;
#1777 = DIRECTION ( 'NONE',  ( 8.659560562354768923E-17, -0.7071067811865611175, 0.7071067811865340280 ) ) ;
#1778 = VERTEX_POINT ( 'NONE', #191 ) ;
#1779 = FACE_OUTER_BOUND ( 'NONE', #45, .T. ) ;
#1780 = FACE_OUTER_BOUND ( 'NONE', #740, .T. ) ;
#1781 = AXIS2_PLACEMENT_3D ( 'NONE', #176, #522, #1565 ) ;
#1782 = CIRCLE ( 'NONE', #1324, 11.00000000000001243 ) ;
#1783 = PLANE ( 'NONE',  #57 ) ;
#1784 = AXIS2_PLACEMENT_3D ( 'NONE', #1841, #828, #1154 ) ;
#1785 = ORIENTED_EDGE ( 'NONE', *, *, #798, .F. ) ;
#1786 = DIRECTION ( 'NONE',  ( 0.7071067811865463515, -0.7071067811865487940, 0.000000000000000000 ) ) ;
#1787 = LINE ( 'NONE', #1314, #930 ) ;
#1788 = ORIENTED_EDGE ( 'NONE', *, *, #1309, .F. ) ;
#1789 = CARTESIAN_POINT ( 'NONE',  ( 149.2150825553046616, 106.6015990426618174, 23.00000000000000000 ) ) ;
#1790 = LINE ( 'NONE', #1629, #1400 ) ;
#1791 = EDGE_CURVE ( 'NONE', #2054, #1799, #873, .T. ) ;
#1792 =( NAMED_UNIT ( * ) SI_UNIT ( $, .STERADIAN. ) SOLID_ANGLE_UNIT ( ) );
#1793 = VECTOR ( 'NONE', #1810, 1000.000000000000000 ) ;
#1794 = ORIENTED_EDGE ( 'NONE', *, *, #897, .T. ) ;
#1795 = EDGE_CURVE ( 'NONE', #1778, #1508, #236, .T. ) ;
#1796 = AXIS2_PLACEMENT_3D ( 'NONE', #1933, #1583, #2081 ) ;
#1797 = CARTESIAN_POINT ( 'NONE',  ( 7.375184083841685556, 131.5000000000000000, 8.161290322580649459 ) ) ;
#1798 = DIRECTION ( 'NONE',  ( 0.000000000000000000, 0.000000000000000000, 1.000000000000000000 ) ) ;
#1799 = VERTEX_POINT ( 'NONE', #559 ) ;
#1800 = ORIENTED_EDGE ( 'NONE', *, *, #1337, .F. ) ;
#1801 = PLANE ( 'NONE',  #679 ) ;
#1802 = EDGE_CURVE ( 'NONE', #807, #650, #1086, .T. ) ;
#1803 = FILL_AREA_STYLE_COLOUR ( '', #692 ) ;
#1804 = EDGE_CURVE ( 'NONE', #1814, #2054, #477, .T. ) ;
#1805 = VERTEX_POINT ( 'NONE', #68 ) ;
#1806 = CARTESIAN_POINT ( 'NONE',  ( 169.9996922461312465, 106.6015990426618174, 0.000000000000000000 ) ) ;
#1807 = ORIENTED_EDGE ( 'NONE', *, *, #1549, .F. ) ;
#1808 = CARTESIAN_POINT ( 'NONE',  ( 7.375184083841689997, 131.5000000000000000, -8.161290322580640577 ) ) ;
#1809 = ORIENTED_EDGE ( 'NONE', *, *, #1378, .F. ) ;
#1810 = DIRECTION ( 'NONE',  ( 0.000000000000000000, 1.000000000000000000, 0.000000000000000000 ) ) ;
#1811 = ORIENTED_EDGE ( 'NONE', *, *, #178, .T. ) ;
#1812 = DIRECTION ( 'NONE',  ( -0.000000000000000000, 1.000000000000000000, -0.000000000000000000 ) ) ;
#1813 = FACE_OUTER_BOUND ( 'NONE', #125, .T. ) ;
#1814 = VERTEX_POINT ( 'NONE', #755 ) ;
#1815 = EDGE_CURVE ( 'NONE', #1304, #369, #2079, .T. ) ;
#1816 = DIRECTION ( 'NONE',  ( -0.5000000000000008882, -0.4999999999999992228, 0.7071067811865475727 ) ) ;
#1817 = ORIENTED_EDGE ( 'NONE', *, *, #1515, .F. ) ;
#1818 = DIRECTION ( 'NONE',  ( 0.000000000000000000, 0.000000000000000000, 1.000000000000000000 ) ) ;
#1819 = VECTOR ( 'NONE', #2009, 1000.000000000000000 ) ;
#1820 = ORIENTED_EDGE ( 'NONE', *, *, #103, .T. ) ;
#1821 = ADVANCED_FACE ( 'NONE', ( #1257 ), #58, .F. ) ;
#1822 = CARTESIAN_POINT ( 'NONE',  ( 169.9996922461312465, 106.1015990426618174, 11.00000000000001421 ) ) ;
#1823 = ORIENTED_EDGE ( 'NONE', *, *, #1028, .T. ) ;
#1824 = CARTESIAN_POINT ( 'NONE',  ( 20.78460969082653875, 131.0000000000000000, -2.500000000000009326 ) ) ;
#1825 = ORIENTED_EDGE ( 'NONE', *, *, #2013, .F. ) ;
#1826 = EDGE_CURVE ( 'NONE', #1313, #183, #88, .T. ) ;
#1827 = DIRECTION ( 'NONE',  ( 0.000000000000000000, 0.000000000000000000, 1.000000000000000000 ) ) ;
#1828 = CARTESIAN_POINT ( 'NONE',  ( 20.78460969082652809, 131.5000000000000000, -23.00000000000000000 ) ) ;
#1829 = ORIENTED_EDGE ( 'NONE', *, *, #1549, .T. ) ;
#1830 = FACE_OUTER_BOUND ( 'NONE', #1134, .T. ) ;
#1831 = AXIS2_PLACEMENT_3D ( 'NONE', #1774, #393, #1441 ) ;
#1832 = VERTEX_POINT ( 'NONE', #894 ) ;
#1833 = PLANE ( 'NONE',  #87 ) ;
#1834 = EDGE_CURVE ( 'NONE', #332, #1660, #48, .T. ) ;
#1835 = ORIENTED_EDGE ( 'NONE', *, *, #778, .T. ) ;
#1836 = CARTESIAN_POINT ( 'NONE',  ( 39.83355256563372393, 130.5459415460183834, -2.999999999999999112 ) ) ;
#1837 = ORIENTED_EDGE ( 'NONE', *, *, #2145, .T. ) ;
#1838 = AXIS2_PLACEMENT_3D ( 'NONE', #1017, #851, #1560 ) ;
#1839 = DIRECTION ( 'NONE',  ( 0.000000000000000000, -1.000000000000000000, 0.000000000000000000 ) ) ;
#1840 = EDGE_LOOP ( 'NONE', ( #530, #751, #532, #791 ) ) ;
#1841 = CARTESIAN_POINT ( 'NONE',  ( 125.2046765182245593, 45.88192437461380280, 2.500000000000026645 ) ) ;
#1842 = AXIS2_PLACEMENT_3D ( 'NONE', #928, #1624, #1614 ) ;
#1843 = LINE ( 'NONE', #1156, #943 ) ;
#1844 = EDGE_LOOP ( 'NONE', ( #1306, #407, #1394, #1407 ) ) ;
#1845 = FACE_OUTER_BOUND ( 'NONE', #1545, .T. ) ;
#1846 = LINE ( 'NONE', #663, #1222 ) ;
#1847 = VERTEX_POINT ( 'NONE', #1742 ) ;
#1848 = EDGE_CURVE ( 'NONE', #2102, #2017, #255, .T. ) ;
#1849 = FACE_OUTER_BOUND ( 'NONE', #1698, .T. ) ;
#1850 = CARTESIAN_POINT ( 'NONE',  ( 169.9996922461312465, 106.1015990426618458, 0.000000000000000000 ) ) ;
#1851 = ORIENTED_EDGE ( 'NONE', *, *, #276, .F. ) ;
#1852 = LINE ( 'NONE', #2187, #1718 ) ;
#1853 = AXIS2_PLACEMENT_3D ( 'NONE', #1857, #343, #510 ) ;
#1854 = CARTESIAN_POINT ( 'NONE',  ( 20.78460969082652809, 131.0000000000000000, 23.00000000000000000 ) ) ;
#1855 = EDGE_LOOP ( 'NONE', ( #518, #141, #2178, #2136 ) ) ;
#1856 = DIRECTION ( 'NONE',  ( 0.000000000000000000, 0.000000000000000000, -1.000000000000000000 ) ) ;
#1857 = CARTESIAN_POINT ( 'NONE',  ( 0.000000000000000000, 134.5000000000000284, 0.000000000000000000 ) ) ;
#1858 = ORIENTED_EDGE ( 'NONE', *, *, #1142, .T. ) ;
#1859 = AXIS2_PLACEMENT_3D ( 'NONE', #1446, #1130, #280 ) ;
#1860 = EDGE_CURVE ( 'NONE', #2173, #1980, #1623, .T. ) ;
#1861 = ADVANCED_FACE ( 'NONE', ( #1619 ), #1783, .T. ) ;
#1862 = EDGE_CURVE ( 'NONE', #1937, #688, #1526, .T. ) ;
#1863 = LINE ( 'NONE', #1370, #593 ) ;
#1864 = ORIENTED_EDGE ( 'NONE', *, *, #670, .F. ) ;
#1865 = CARTESIAN_POINT ( 'NONE',  ( 30.28761101961530144, 135.0000000000000000, 2.500000000000026645 ) ) ;
#1866 = ORIENTED_EDGE ( 'NONE', *, *, #1466, .T. ) ;
#1867 = CARTESIAN_POINT ( 'NONE',  ( 30.28761101961530144, 121.0000000000000142, 2.999999999999999112 ) ) ;
#1868 = AXIS2_PLACEMENT_3D ( 'NONE', #1997, #482, #472 ) ;
#1869 = DIRECTION ( 'NONE',  ( -0.7071067811865463515, 0.7071067811865487940, 0.000000000000000000 ) ) ;
#1870 = VERTEX_POINT ( 'NONE', #1911 ) ;
#1871 = LINE ( 'NONE', #19, #1208 ) ;
#1872 = ORIENTED_EDGE ( 'NONE', *, *, #381, .F. ) ;
#1873 = CIRCLE ( 'NONE', #560, 7.000000000000000000 ) ;
#1874 = AXIS2_PLACEMENT_3D ( 'NONE', #774, #1608, #1769 ) ;
#1875 = CARTESIAN_POINT ( 'NONE',  ( 30.28761101961530144, 131.5000000000000000, 2.999999999999999112 ) ) ;
#1876 = ORIENTED_EDGE ( 'NONE', *, *, #1466, .F. ) ;
#1877 = CARTESIAN_POINT ( 'NONE',  ( 30.28761101961530144, 131.0000000000000000, 23.00000000000000000 ) ) ;
#1878 = CARTESIAN_POINT ( 'NONE',  ( 149.2150825553046616, 106.6015990426618174, 23.00000000000000000 ) ) ;
#1879 = ORIENTED_EDGE ( 'NONE', *, *, #1010, .F. ) ;
#1880 = DIRECTION ( 'NONE',  ( 0.000000000000000000, -0.000000000000000000, 1.000000000000000000 ) ) ;
#1881 = DIRECTION ( 'NONE',  ( -1.000000000000000000, -3.965082230804132192E-15, 0.000000000000000000 ) ) ;
#1882 = ORIENTED_EDGE ( 'NONE', *, *, #937, .F. ) ;
#1883 = LINE ( 'NONE', #2040, #810 ) ;
#1884 = VERTEX_POINT ( 'NONE', #1104 ) ;
#1885 = AXIS2_PLACEMENT_3D ( 'NONE', #2095, #35, #1251 ) ;
#1886 = DIRECTION ( 'NONE',  ( -1.000000000000000000, 0.000000000000000000, 0.000000000000000000 ) ) ;
#1887 = CARTESIAN_POINT ( 'NONE',  ( 30.28761101961530144, 121.0000000000000142, 2.999999999999999112 ) ) ;
#1888 = ORIENTED_EDGE ( 'NONE', *, *, #1173, .F. ) ;
#1889 = ADVANCED_FACE ( 'NONE', ( #579 ), #197, .F. ) ;
#1890 = AXIS2_PLACEMENT_3D ( 'NONE', #496, #166, #154 ) ;
#1891 = ADVANCED_FACE ( 'NONE', ( #925 ), #1611, .F. ) ;
#1892 = LINE ( 'NONE', #2045, #1073 ) ;
#1893 = AXIS2_PLACEMENT_3D ( 'NONE', #1046, #583, #1270 ) ;
#1894 = CARTESIAN_POINT ( 'NONE',  ( 169.9996922461312465, 106.6015990426618174, 0.000000000000000000 ) ) ;
#1895 = ORIENTED_EDGE ( 'NONE', *, *, #1349, .T. ) ;
#1896 = DIRECTION ( 'NONE',  ( 0.000000000000000000, 0.000000000000000000, 1.000000000000000000 ) ) ;
#1897 = ORIENTED_EDGE ( 'NONE', *, *, #279, .F. ) ;
#1898 = DIRECTION ( 'NONE',  ( 0.000000000000000000, -0.7071067811865474617, -0.7071067811865474617 ) ) ;
#1899 = ORIENTED_EDGE ( 'NONE', *, *, #694, .T. ) ;
#1900 = VECTOR ( 'NONE', #1011, 1000.000000000000000 ) ;
#1901 = LINE ( 'NONE', #1597, #465 ) ;
#1902 = CARTESIAN_POINT ( 'NONE',  ( 162.9597438024641463, 102.6015990426618174, -7.790322580645157480 ) ) ;
#1903 = DIRECTION ( 'NONE',  ( 0.000000000000000000, 0.000000000000000000, 1.000000000000000000 ) ) ;
#1904 = CARTESIAN_POINT ( 'NONE',  ( 0.000000000000000000, 135.0000000000000000, 7.000000000000000000 ) ) ;
#1905 = DIRECTION ( 'NONE',  ( -0.000000000000000000, -1.000000000000000000, -0.000000000000000000 ) ) ;
#1906 = ORIENTED_EDGE ( 'NONE', *, *, #1297, .T. ) ;
#1907 = AXIS2_PLACEMENT_3D ( 'NONE', #202, #1200, #1881 ) ;
#1908 = CARTESIAN_POINT ( 'NONE',  ( 8.572527594031473190E-16, 131.5000000000000000, -7.000000000000000000 ) ) ;
#1909 = DIRECTION ( 'NONE',  ( 0.000000000000000000, 1.000000000000000000, 0.000000000000000000 ) ) ;
#1910 = ADVANCED_FACE ( 'NONE', ( #1093 ), #1054, .F. ) ;
#1911 = CARTESIAN_POINT ( 'NONE',  ( 61.55606966204224761, 109.5305312307963419, 2.500000000000030198 ) ) ;
#1912 = CARTESIAN_POINT ( 'NONE',  ( 9.184850993605122306E-16, 131.0000000000000000, 7.499999999999978684 ) ) ;
#1913 = PLANE ( 'NONE',  #1285 ) ;
#1914 = DIRECTION ( 'NONE',  ( 0.000000000000000000, 0.000000000000000000, 1.000000000000000000 ) ) ;
#1915 = EDGE_LOOP ( 'NONE', ( #599, #1201, #784, #1502 ) ) ;
#1916 = CONICAL_SURFACE ( 'NONE', #1398, 13.49999999999999822, 0.7853981633974536081 ) ;
#1917 = DIRECTION ( 'NONE',  ( -0.000000000000000000, 1.000000000000000000, -0.000000000000000000 ) ) ;
#1918 = DIRECTION ( 'NONE',  ( -0.7071067811865463515, 0.7071067811865487940, 0.000000000000000000 ) ) ;
#1919 = VECTOR ( 'NONE', #934, 1000.000000000000114 ) ;
#1920 = EDGE_CURVE ( 'NONE', #1937, #1277, #1075, .T. ) ;
#1921 = ADVANCED_FACE ( 'NONE', ( #589 ), #1276, .T. ) ;
#1922 = DIRECTION ( 'NONE',  ( -1.000000000000000000, 0.000000000000000000, 0.000000000000000000 ) ) ;
#1923 = EDGE_CURVE ( 'NONE', #1299, #148, #378, .T. ) ;
#1924 = UNCERTAINTY_MEASURE_WITH_UNIT (LENGTH_MEASURE( 1.000000000000000082E-05 ), #850, 'distance_accuracy_value', 'NONE');
#1925 = EDGE_CURVE ( 'NONE', #1665, #2064, #1662, .T. ) ;
#1926 = DIRECTION ( 'NONE',  ( 0.000000000000000000, 0.000000000000000000, 1.000000000000000000 ) ) ;
#1927 = CARTESIAN_POINT ( 'NONE',  ( 20.78460969082653875, 131.5000000000000000, -2.999999999999999112 ) ) ;
#1928 = CARTESIAN_POINT ( 'NONE',  ( 30.28761101961530144, 135.0000000000000000, 2.500000000000026645 ) ) ;
#1929 = ORIENTED_EDGE ( 'NONE', *, *, #1804, .F. ) ;
#1930 = CARTESIAN_POINT ( 'NONE',  ( 40.18710595622698634, 130.8994949366116600, 23.00000000000000000 ) ) ;
#1931 = DIRECTION ( 'NONE',  ( -0.000000000000000000, -0.000000000000000000, -1.000000000000000000 ) ) ;
#1932 = PRESENTATION_LAYER_ASSIGNMENT (  '', '', ( #1051 ) ) ;
#1933 = CARTESIAN_POINT ( 'NONE',  ( 149.2150825553046616, 106.6015990426618174, 23.00000000000000000 ) ) ;
#1934 = ORIENTED_EDGE ( 'NONE', *, *, #1990, .T. ) ;
#1935 = DIRECTION ( 'NONE',  ( -0.4999999999999939493, -0.4999999999999922284, -0.7071067811865573427 ) ) ;
#1936 = CARTESIAN_POINT ( 'NONE',  ( 169.9996922461312465, 102.6015990426618174, 0.000000000000000000 ) ) ;
#1937 = VERTEX_POINT ( 'NONE', #1136 ) ;
#1938 = DIRECTION ( 'NONE',  ( 0.4740947889257597359, 0.7071067811865746622, 0.5246276118480621697 ) ) ;
#1939 = DIRECTION ( 'NONE',  ( -1.000000000000000000, 0.000000000000000000, 0.000000000000000000 ) ) ;
#1940 = AXIS2_PLACEMENT_3D ( 'NONE', #620, #1664, #1312 ) ;
#1941 = AXIS2_PLACEMENT_3D ( 'NONE', #2032, #507, #1193 ) ;
#1942 = CARTESIAN_POINT ( 'NONE',  ( 30.28761101961530144, 121.0000000000000142, 2.999999999999999112 ) ) ;
#1943 = ORIENTED_EDGE ( 'NONE', *, *, #248, .F. ) ;
#1944 = FACE_OUTER_BOUND ( 'NONE', #365, .T. ) ;
#1945 = CARTESIAN_POINT ( 'NONE',  ( 149.2150825553046616, 103.1015990426618174, -23.00000000000000000 ) ) ;
#1946 = EDGE_CURVE ( 'NONE', #1153, #1157, #1286, .T. ) ;
#1947 = EDGE_LOOP ( 'NONE', ( #1479, #1356, #1214, #26 ) ) ;
#1948 = DIRECTION ( 'NONE',  ( 0.000000000000000000, 0.000000000000000000, 1.000000000000000000 ) ) ;
#1949 = EDGE_CURVE ( 'NONE', #199, #1299, #1953, .T. ) ;
#1950 = DIRECTION ( 'NONE',  ( 0.5000000000000107692, 0.5000000000000011102, -0.7071067811865391350 ) ) ;
#1951 = AXIS2_PLACEMENT_3D ( 'NONE', #2058, #712, #1211 ) ;
#1952 = ADVANCED_FACE ( 'NONE', ( #1813 ), #444, .T. ) ;
#1953 = LINE ( 'NONE', #466, #263 ) ;
#1954 = AXIS2_PLACEMENT_3D ( 'NONE', #1968, #436, #101 ) ;
#1955 = ORIENTED_EDGE ( 'NONE', *, *, #1077, .F. ) ;
#1956 = AXIS2_PLACEMENT_3D ( 'NONE', #780, #423, #1798 ) ;
#1957 = LINE ( 'NONE', #226, #1601 ) ;
#1958 = CARTESIAN_POINT ( 'NONE',  ( 125.2046765182245593, 45.88192437461380280, 23.00000000000000000 ) ) ;
#1959 = ORIENTED_EDGE ( 'NONE', *, *, #1473, .F. ) ;
#1960 = VERTEX_POINT ( 'NONE', #433 ) ;
#1961 = DIRECTION ( 'NONE',  ( 8.659560562354985860E-17, 0.7071067811865431318, -0.7071067811865517916 ) ) ;
#1962 = EDGE_CURVE ( 'NONE', #148, #1299, #587, .T. ) ;
#1963 = LINE ( 'NONE', #2014, #1620 ) ;
#1964 = ORIENTED_EDGE ( 'NONE', *, *, #1127, .T. ) ;
#1965 = AXIS2_PLACEMENT_3D ( 'NONE', #403, #1248, #411 ) ;
#1966 = LINE ( 'NONE', #812, #345 ) ;
#1967 = ORIENTED_EDGE ( 'NONE', *, *, #265, .T. ) ;
#1968 = CARTESIAN_POINT ( 'NONE',  ( 0.000000000000000000, 131.0000000000000000, 0.000000000000000000 ) ) ;
#1969 = ORIENTED_EDGE ( 'NONE', *, *, #1308, .T. ) ;
#1970 = CARTESIAN_POINT ( 'NONE',  ( 0.000000000000000000, 131.5000000000000000, 0.000000000000000000 ) ) ;
#1971 = ORIENTED_EDGE ( 'NONE', *, *, #1731, .F. ) ;
#1972 = CARTESIAN_POINT ( 'NONE',  ( 58.72764253729604178, 106.7021041060501574, -2.500000000000007994 ) ) ;
#1973 = CIRCLE ( 'NONE', #1907, 10.49999999999999467 ) ;
#1974 = AXIS2_PLACEMENT_3D ( 'NONE', #1760, #95, #922 ) ;
#1975 = AXIS2_PLACEMENT_3D ( 'NONE', #2073, #1065, #1019 ) ;
#1976 = DIRECTION ( 'NONE',  ( 1.000000000000000000, 0.000000000000000000, 0.000000000000000000 ) ) ;
#1977 = VERTEX_POINT ( 'NONE', #313 ) ;
#1978 = EDGE_CURVE ( 'NONE', #1157, #293, #2146, .T. ) ;
#1979 = CARTESIAN_POINT ( 'NONE',  ( 20.78460969082652809, 131.0000000000000000, 2.499999999999998668 ) ) ;
#1980 = VERTEX_POINT ( 'NONE', #287 ) ;
#1981 = DIRECTION ( 'NONE',  ( 0.7071067811865487940, 0.7071067811865463515, -0.000000000000000000 ) ) ;
#1982 = ORIENTED_EDGE ( 'NONE', *, *, #1049, .F. ) ;
#1983 = DIRECTION ( 'NONE',  ( -1.000000000000000000, 0.000000000000000000, 0.000000000000000000 ) ) ;
#1984 = ORIENTED_EDGE ( 'NONE', *, *, #2087, .T. ) ;
#1985 = FACE_OUTER_BOUND ( 'NONE', #585, .T. ) ;
#1986 = AXIS2_PLACEMENT_3D ( 'NONE', #933, #1113, #427 ) ;
#1987 = DIRECTION ( 'NONE',  ( 0.000000000000000000, 0.000000000000000000, 1.000000000000000000 ) ) ;
#1988 = EDGE_CURVE ( 'NONE', #2023, #756, #811, .T. ) ;
#1989 = VECTOR ( 'NONE', #190, 1000.000000000000000 ) ;
#1990 = EDGE_CURVE ( 'NONE', #1405, #1660, #799, .T. ) ;
#1991 = AXIS2_PLACEMENT_3D ( 'NONE', #162, #1335, #2004 ) ;
#1992 = DIRECTION ( 'NONE',  ( -0.000000000000000000, 0.000000000000000000, -1.000000000000000000 ) ) ;
#1993 = VERTEX_POINT ( 'NONE', #1116 ) ;
#1994 = FACE_OUTER_BOUND ( 'NONE', #185, .T. ) ;
#1995 = AXIS2_PLACEMENT_3D ( 'NONE', #833, #845, #673 ) ;
#1996 = ORIENTED_EDGE ( 'NONE', *, *, #213, .T. ) ;
#1997 = CARTESIAN_POINT ( 'NONE',  ( 159.9453903091734617, 131.0000000000000000, 23.00000000000000000 ) ) ;
#1998 = ORIENTED_EDGE ( 'NONE', *, *, #797, .F. ) ;
#1999 = LINE ( 'NONE', #1196, #1639 ) ;
#2000 = MANIFOLD_SOLID_BREP ( 'µ¹½Ç1', #1606 ) ;
#2001 = ORIENTED_EDGE ( 'NONE', *, *, #103, .F. ) ;
#2002 = CARTESIAN_POINT ( 'NONE',  ( 30.28761101961530144, 134.5000000000000000, 2.999999999999999112 ) ) ;
#2003 = ORIENTED_EDGE ( 'NONE', *, *, #349, .T. ) ;
#2004 = DIRECTION ( 'NONE',  ( -1.000000000000000000, 0.000000000000000000, 0.000000000000000000 ) ) ;
#2005 = VECTOR ( 'NONE', #1922, 1000.000000000000000 ) ;
#2006 = ORIENTED_EDGE ( 'NONE', *, *, #1548, .T. ) ;
#2007 = CARTESIAN_POINT ( 'NONE',  ( 0.000000000000000000, 131.0000000000000000, 10.50000000000001243 ) ) ;
#2008 = ORIENTED_EDGE ( 'NONE', *, *, #1475, .F. ) ;
#2009 = DIRECTION ( 'NONE',  ( -0.000000000000000000, 0.000000000000000000, -1.000000000000000000 ) ) ;
#2010 = DIRECTION ( 'NONE',  ( 0.000000000000000000, 0.000000000000000000, 1.000000000000000000 ) ) ;
#2011 = ORIENTED_EDGE ( 'NONE', *, *, #1804, .T. ) ;
#2012 = ADVANCED_FACE ( 'NONE', ( #776 ), #1673, .F. ) ;
#2013 = EDGE_CURVE ( 'NONE', #470, #416, #1514, .T. ) ;
#2014 = CARTESIAN_POINT ( 'NONE',  ( 162.9597438024641178, 106.6015990426618174, 7.790322580645185013 ) ) ;
#2015 = AXIS2_PLACEMENT_3D ( 'NONE', #1806, #301, #1140 ) ;
#2016 = CARTESIAN_POINT ( 'NONE',  ( 68.62713747390773733, 116.6015990426618032, 14.70457967083584094 ) ) ;
#2017 = VERTEX_POINT ( 'NONE', #947 ) ;
#2018 = CARTESIAN_POINT ( 'NONE',  ( 68.62713747390769470, 103.1015990426618032, -2.999999999999999112 ) ) ;
#2019 = CARTESIAN_POINT ( 'NONE',  ( 0.000000000000000000, 135.0000000000000000, 0.000000000000000000 ) ) ;
#2020 = ORIENTED_EDGE ( 'NONE', *, *, #1233, .T. ) ;
#2021 = LINE ( 'NONE', #1533, #1110 ) ;
#2022 = CARTESIAN_POINT ( 'NONE',  ( 7.375184083841689997, 135.0000000000000000, -8.161290322580640577 ) ) ;
#2023 = VERTEX_POINT ( 'NONE', #98 ) ;
#2024 = EDGE_CURVE ( 'NONE', #1884, #1089, #231, .T. ) ;
#2025 = EDGE_CURVE ( 'NONE', #1472, #1365, #1963, .T. ) ;
#2026 = VECTOR ( 'NONE', #2083, 1000.000000000000000 ) ;
#2027 = DIRECTION ( 'NONE',  ( 0.000000000000000000, 1.000000000000000000, 0.000000000000000000 ) ) ;
#2028 = CIRCLE ( 'NONE', #285, 10.49999999999999467 ) ;
#2029 = DIRECTION ( 'NONE',  ( 0.000000000000000000, 1.000000000000000000, 0.000000000000000000 ) ) ;
#2030 = ORIENTED_EDGE ( 'NONE', *, *, #1352, .F. ) ;
#2031 = CONICAL_SURFACE ( 'NONE', #1107, 7.499999999999978684, 0.7853981633974266297 ) ;
#2032 = CARTESIAN_POINT ( 'NONE',  ( 68.62713747390773733, 116.6015990426618032, -2.499999999999998668 ) ) ;
#2033 = ORIENTED_EDGE ( 'NONE', *, *, #1231, .F. ) ;
#2034 = CARTESIAN_POINT ( 'NONE',  ( 30.28761101961530144, 131.0000000000000000, -2.499999999999998668 ) ) ;
#2035 = CIRCLE ( 'NONE', #1954, 10.50000000000001243 ) ;
#2036 = CARTESIAN_POINT ( 'NONE',  ( 0.000000000000000000, 135.0000000000000000, 11.00000000000001243 ) ) ;
#2037 = ORIENTED_EDGE ( 'NONE', *, *, #1920, .F. ) ;
#2038 = LINE ( 'NONE', #327, #1630 ) ;
#2039 = ORIENTED_EDGE ( 'NONE', *, *, #1536, .T. ) ;
#2040 = CARTESIAN_POINT ( 'NONE',  ( 20.78460969082653875, 134.5000000000000000, 2.999999999999999112 ) ) ;
#2041 = ORIENTED_EDGE ( 'NONE', *, *, #1076, .T. ) ;
#2042 = DIRECTION ( 'NONE',  ( 0.000000000000000000, -0.7071067811865611175, -0.7071067811865340280 ) ) ;
#2043 = CARTESIAN_POINT ( 'NONE',  ( 24.32827113362522553, 141.8085822909076512, 2.999999999999999112 ) ) ;
#2044 = EDGE_LOOP ( 'NONE', ( #1955, #495, #1447, #1737 ) ) ;
#2045 = CARTESIAN_POINT ( 'NONE',  ( 58.72764253729603467, 106.7021041060501574, 23.00000000000000000 ) ) ;
#2046 = DIRECTION ( 'NONE',  ( 1.000000000000000000, 0.000000000000000000, 0.000000000000000000 ) ) ;
#2047 = LINE ( 'NONE', #1571, #1168 ) ;
#2048 = EDGE_LOOP ( 'NONE', ( #574, #987, #1687, #174 ) ) ;
#2049 = ADVANCED_FACE ( 'NONE', ( #1345 ), #490, .F. ) ;
#2050 = AXIS2_PLACEMENT_3D ( 'NONE', #1177, #147, #2184 ) ;
#2051 = VECTOR ( 'NONE', #741, 1000.000000000000000 ) ;
#2052 = FACE_OUTER_BOUND ( 'NONE', #862, .T. ) ;
#2053 = VECTOR ( 'NONE', #725, 1000.000000000000000 ) ;
#2054 = VERTEX_POINT ( 'NONE', #115 ) ;
#2055 = DIRECTION ( 'NONE',  ( 0.000000000000000000, 0.000000000000000000, -1.000000000000000000 ) ) ;
#2056 = CARTESIAN_POINT ( 'NONE',  ( 169.9996922461312465, 103.1015990426618174, 11.00000000000001421 ) ) ;
#2057 = EDGE_LOOP ( 'NONE', ( #355, #206, #1145, #1959 ) ) ;
#2058 = CARTESIAN_POINT ( 'NONE',  ( 169.9996922461312465, 106.6015990426618174, 0.000000000000000000 ) ) ;
#2059 = DIRECTION ( 'NONE',  ( 0.000000000000000000, 0.7071067811865474617, 0.7071067811865474617 ) ) ;
#2060 = VERTEX_POINT ( 'NONE', #1326 ) ;
#2061 = ADVANCED_FACE ( 'NONE', ( #461 ), #1180, .T. ) ;
#2062 = VECTOR ( 'NONE', #1396, 999.9999999999998863 ) ;
#2063 = LINE ( 'NONE', #1553, #417 ) ;
#2064 = VERTEX_POINT ( 'NONE', #1822 ) ;
#2065 = CIRCLE ( 'NONE', #965, 13.99999999999999822 ) ;
#2066 = DIRECTION ( 'NONE',  ( -0.000000000000000000, 1.000000000000000000, -0.000000000000000000 ) ) ;
#2067 = ORIENTED_EDGE ( 'NONE', *, *, #797, .T. ) ;
#2068 = CIRCLE ( 'NONE', #503, 7.000000000000000000 ) ;
#2069 = APPLICATION_CONTEXT ( 'automotive_design' ) ;
#2070 = DIRECTION ( 'NONE',  ( 0.000000000000000000, -1.000000000000000000, 0.000000000000000000 ) ) ;
#2071 = VECTOR ( 'NONE', #1724, 1000.000000000000000 ) ;
#2072 = DIRECTION ( 'NONE',  ( 0.000000000000000000, 0.000000000000000000, 1.000000000000000000 ) ) ;
#2073 = CARTESIAN_POINT ( 'NONE',  ( 169.9996922461312465, 106.6015990426618032, 0.000000000000000000 ) ) ;
#2074 = LINE ( 'NONE', #386, #243 ) ;
#2075 = FACE_OUTER_BOUND ( 'NONE', #2148, .T. ) ;
#2076 = VERTEX_POINT ( 'NONE', #660 ) ;
#2077 = ADVANCED_FACE ( 'NONE', ( #649, #794 ), #2141, .F. ) ;
#2078 = CARTESIAN_POINT ( 'NONE',  ( 0.000000000000000000, 131.5000000000000000, 0.000000000000000000 ) ) ;
#2079 = CIRCLE ( 'NONE', #656, 19.99999999999999645 ) ;
#2080 = EDGE_CURVE ( 'NONE', #199, #1612, #164, .T. ) ;
#2081 = DIRECTION ( 'NONE',  ( 0.000000000000000000, 0.000000000000000000, 1.000000000000000000 ) ) ;
#2082 = DIRECTION ( 'NONE',  ( 0.000000000000000000, 1.000000000000000000, 0.000000000000000000 ) ) ;
#2083 = DIRECTION ( 'NONE',  ( 0.000000000000000000, 1.000000000000000000, 0.000000000000000000 ) ) ;
#2084 = LINE ( 'NONE', #1395, #1004 ) ;
#2085 = EDGE_LOOP ( 'NONE', ( #1347, #1155, #985, #460 ) ) ;
#2086 = VECTOR ( 'NONE', #2093, 1000.000000000000114 ) ;
#2087 = EDGE_CURVE ( 'NONE', #1884, #183, #2177, .T. ) ;
#2088 = CARTESIAN_POINT ( 'NONE',  ( 162.6245081622895157, 106.1015990426618174, -8.161290322580638801 ) ) ;
#2089 = DIRECTION ( 'NONE',  ( -0.000000000000000000, -0.000000000000000000, 1.000000000000000000 ) ) ;
#2090 = EDGE_CURVE ( 'NONE', #699, #1018, #724, .T. ) ;
#2091 = EDGE_CURVE ( 'NONE', #1490, #540, #1267, .T. ) ;
#2092 = CARTESIAN_POINT ( 'NONE',  ( 20.78460969082652809, 134.5000000000000000, 23.00000000000000000 ) ) ;
#2093 = DIRECTION ( 'NONE',  ( 8.659560562354746736E-17, -0.7071067811865627828, 0.7071067811865321406 ) ) ;
#2094 = DIRECTION ( 'NONE',  ( 0.000000000000000000, -1.000000000000000000, 0.000000000000000000 ) ) ;
#2095 = CARTESIAN_POINT ( 'NONE',  ( 159.9453903091734617, 135.0000000000000000, 23.00000000000000000 ) ) ;
#2096 = VERTEX_POINT ( 'NONE', #976 ) ;
#2097 = CIRCLE ( 'NONE', #40, 11.00000000000001243 ) ;
#2098 = LINE ( 'NONE', #1418, #2051 ) ;
#2099 = CARTESIAN_POINT ( 'NONE',  ( 8.572527594031473190E-16, 134.5000000000000284, -7.000000000000000000 ) ) ;
#2100 = AXIS2_PLACEMENT_3D ( 'NONE', #853, #718, #1393 ) ;
#2101 = DIRECTION ( 'NONE',  ( 0.000000000000000000, 1.000000000000000000, 0.000000000000000000 ) ) ;
#2102 = VERTEX_POINT ( 'NONE', #843 ) ;
#2103 = DIRECTION ( 'NONE',  ( 0.000000000000000000, 1.000000000000000000, 0.000000000000000000 ) ) ;
#2104 = AXIS2_PLACEMENT_3D ( 'NONE', #60, #738, #1588 ) ;
#2105 = FACE_OUTER_BOUND ( 'NONE', #195, .T. ) ;
#2106 = ADVANCED_FACE ( 'NONE', ( #616 ), #294, .T. ) ;
#2107 = VERTEX_POINT ( 'NONE', #2007 ) ;
#2108 = LINE ( 'NONE', #2088, #806 ) ;
#2109 = DIRECTION ( 'NONE',  ( 0.4740947889257763892, 0.7071067811865481278, -0.5246276118480829309 ) ) ;
#2110 = CONICAL_SURFACE ( 'NONE', #1443, 7.499999999999978684, 0.7853981633974266297 ) ;
#2111 = AXIS2_PLACEMENT_3D ( 'NONE', #629, #1332, #1987 ) ;
#2112 = EDGE_CURVE ( 'NONE', #699, #1655, #1843, .T. ) ;
#2113 = CARTESIAN_POINT ( 'NONE',  ( 169.9996922461312465, 106.1015990426618458, 7.000000000000014211 ) ) ;
#2114 = ADVANCED_FACE ( 'NONE', ( #1167 ), #1833, .F. ) ;
#2115 = DIRECTION ( 'NONE',  ( -0.7071067811865487940, -0.7071067811865463515, 0.000000000000000000 ) ) ;
#2116 = EDGE_CURVE ( 'NONE', #2173, #238, #624, .T. ) ;
#2117 = DIRECTION ( 'NONE',  ( 1.000000000000000000, 0.000000000000000000, 0.000000000000000000 ) ) ;
#2118 = EDGE_LOOP ( 'NONE', ( #548, #661, #172, #453 ) ) ;
#2119 = EDGE_CURVE ( 'NONE', #2060, #650, #299, .T. ) ;
#2120 = DIRECTION ( 'NONE',  ( -0.000000000000000000, -1.000000000000000000, -0.000000000000000000 ) ) ;
#2121 = CARTESIAN_POINT ( 'NONE',  ( 169.9996922461312465, 106.6015990426618032, -11.00000000000001421 ) ) ;
#2122 = AXIS2_PLACEMENT_3D ( 'NONE', #1642, #1816, #290 ) ;
#2123 = DIRECTION ( 'NONE',  ( -1.000000000000000000, 1.027984282060330356E-15, 0.000000000000000000 ) ) ;
#2124 = ORIENTED_EDGE ( 'NONE', *, *, #265, .F. ) ;
#2125 = CARTESIAN_POINT ( 'NONE',  ( 24.32827113362522553, 141.8085822909076512, -2.999999999999999112 ) ) ;
#2126 = DIRECTION ( 'NONE',  ( 0.000000000000000000, 1.000000000000000000, 0.000000000000000000 ) ) ;
#2127 = ADVANCED_FACE ( 'NONE', ( #636 ), #300, .F. ) ;
#2128 = ORIENTED_EDGE ( 'NONE', *, *, #1702, .T. ) ;
#2129 = DIRECTION ( 'NONE',  ( 0.000000000000000000, 0.000000000000000000, 1.000000000000000000 ) ) ;
#2130 = CONICAL_SURFACE ( 'NONE', #1071, 11.00000000000001421, 0.7853981633974430610 ) ;
#2131 = DIRECTION ( 'NONE',  ( 0.000000000000000000, -1.000000000000000000, 0.000000000000000000 ) ) ;
#2132 = CONICAL_SURFACE ( 'NONE', #1144, 11.00000000000001243, 0.7853981633974482790 ) ;
#2133 = AXIS2_PLACEMENT_3D ( 'NONE', #967, #2131, #67 ) ;
#2134 = DIRECTION ( 'NONE',  ( -0.000000000000000000, -0.000000000000000000, -1.000000000000000000 ) ) ;
#2135 = AXIS2_PLACEMENT_3D ( 'NONE', #1958, #267, #1818 ) ;
#2136 = ORIENTED_EDGE ( 'NONE', *, *, #1815, .T. ) ;
#2137 = CONICAL_SURFACE ( 'NONE', #1190, 19.99999999999999645, 0.7853981633974482790 ) ;
#2138 = FACE_OUTER_BOUND ( 'NONE', #9, .T. ) ;
#2139 = CARTESIAN_POINT ( 'NONE',  ( 169.9996922461312465, 106.6015990426618174, 10.50000000000003375 ) ) ;
#2140 = ORIENTED_EDGE ( 'NONE', *, *, #2013, .T. ) ;
#2141 = PLANE ( 'NONE',  #1868 ) ;
#2142 = VERTEX_POINT ( 'NONE', #317 ) ;
#2143 = CARTESIAN_POINT ( 'NONE',  ( 169.9996922461312465, 102.6015990426618174, 0.000000000000000000 ) ) ;
#2144 = EDGE_CURVE ( 'NONE', #416, #91, #1654, .T. ) ;
#2145 = EDGE_CURVE ( 'NONE', #1707, #1178, #1341, .T. ) ;
#2146 = LINE ( 'NONE', #273, #1161 ) ;
#2147 = AXIS2_PLACEMENT_3D ( 'NONE', #964, #1305, #1317 ) ;
#2148 = EDGE_LOOP ( 'NONE', ( #747, #708, #256, #1030 ) ) ;
#2149 = CARTESIAN_POINT ( 'NONE',  ( 20.78460969082652809, 131.5000000000000000, -23.00000000000000000 ) ) ;
#2150 = ORIENTED_EDGE ( 'NONE', *, *, #1548, .F. ) ;
#2151 = DIRECTION ( 'NONE',  ( 0.000000000000000000, 0.000000000000000000, -1.000000000000000000 ) ) ;
#2152 = ORIENTED_EDGE ( 'NONE', *, *, #1754, .F. ) ;
#2153 = DIRECTION ( 'NONE',  ( 1.000000000000000000, -0.000000000000000000, 0.000000000000000000 ) ) ;
#2154 = EDGE_LOOP ( 'NONE', ( #813, #114, #1117, #481 ) ) ;
#2155 = LINE ( 'NONE', #1319, #1182 ) ;
#2156 = AXIS2_PLACEMENT_3D ( 'NONE', #361, #1537, #1403 ) ;
#2157 = ADVANCED_FACE ( 'NONE', ( #1350 ), #160, .T. ) ;
#2158 = AXIS2_PLACEMENT_3D ( 'NONE', #389, #1069, #74 ) ;
#2159 = ADVANCED_FACE ( 'NONE', ( #371 ), #2110, .F. ) ;
#2160 = VECTOR ( 'NONE', #1414, 1000.000000000000000 ) ;
#2161 = SURFACE_SIDE_STYLE ('',( #1151 ) ) ;
#2162 = DIRECTION ( 'NONE',  ( 0.000000000000000000, -0.7071067811865474617, -0.7071067811865474617 ) ) ;
#2163 = ORIENTED_EDGE ( 'NONE', *, *, #634, .F. ) ;
#2164 = CARTESIAN_POINT ( 'NONE',  ( 30.28761101961530144, 121.0000000000000142, -2.499999999999998668 ) ) ;
#2165 = ORIENTED_EDGE ( 'NONE', *, *, #339, .T. ) ;
#2166 = DIRECTION ( 'NONE',  ( 0.000000000000000000, -1.000000000000000000, 0.000000000000000000 ) ) ;
#2167 = ORIENTED_EDGE ( 'NONE', *, *, #2112, .T. ) ;
#2168 = DIRECTION ( 'NONE',  ( 1.000000000000000000, 0.000000000000000000, 0.000000000000000000 ) ) ;
#2169 = ORIENTED_EDGE ( 'NONE', *, *, #1101, .F. ) ;
#2170 = CIRCLE ( 'NONE', #249, 19.99999999999999645 ) ;
#2171 = AXIS2_PLACEMENT_3D ( 'NONE', #1714, #2055, #333 ) ;
#2172 = CARTESIAN_POINT ( 'NONE',  ( 162.9597438024641463, 106.6015990426618174, -7.790322580645161032 ) ) ;
#2173 = VERTEX_POINT ( 'NONE', #1052 ) ;
#2174 = DIRECTION ( 'NONE',  ( 0.000000000000000000, 1.000000000000000000, 0.000000000000000000 ) ) ;
#2175 = AXIS2_PLACEMENT_3D ( 'NONE', #563, #377, #1058 ) ;
#2176 = ORIENTED_EDGE ( 'NONE', *, *, #766, .T. ) ;
#2177 = LINE ( 'NONE', #124, #337 ) ;
#2178 = ORIENTED_EDGE ( 'NONE', *, *, #1768, .T. ) ;
#2179 = DIRECTION ( 'NONE',  ( 8.659560562354888485E-17, 0.7071067811865512365, -0.7071067811865439090 ) ) ;
#2180 = CARTESIAN_POINT ( 'NONE',  ( 7.375184083841685556, 134.5000000000000000, 8.161290322580649459 ) ) ;
#2181 = ORIENTED_EDGE ( 'NONE', *, *, #1596, .T. ) ;
#2182 = DIRECTION ( 'NONE',  ( 0.000000000000000000, -0.000000000000000000, 1.000000000000000000 ) ) ;
#2183 = ADVANCED_FACE ( 'NONE', ( #527 ), #516, .T. ) ;
#2184 = DIRECTION ( 'NONE',  ( 0.000000000000000000, 0.000000000000000000, 1.000000000000000000 ) ) ;
#2185 = AXIS2_PLACEMENT_3D ( 'NONE', #282, #1483, #1983 ) ;
#2186 = ORIENTED_EDGE ( 'NONE', *, *, #1233, .F. ) ;
#2187 = CARTESIAN_POINT ( 'NONE',  ( 7.039948443667082500, 135.0000000000000000, 7.790322580645185901 ) ) ;
#2188 = AXIS2_PLACEMENT_3D ( 'NONE', #765, #905, #1827 ) ;
#2189 = ADVANCED_FACE ( 'NONE', ( #1849 ), #1368, .T. ) ;
#2190 = DIRECTION ( 'NONE',  ( 0.000000000000000000, 0.000000000000000000, 1.000000000000000000 ) ) ;
#2191 = ORIENTED_EDGE ( 'NONE', *, *, #1946, .F. ) ;
#2192 = DIRECTION ( 'NONE',  ( 0.000000000000000000, 0.000000000000000000, 1.000000000000000000 ) ) ;
#2193 = DIRECTION ( 'NONE',  ( 0.000000000000000000, 0.000000000000000000, 1.000000000000000000 ) ) ;
#2194 = ORIENTED_EDGE ( 'NONE', *, *, #1658, .T. ) ;
#2195 = EDGE_CURVE ( 'NONE', #168, #699, #201, .T. ) ;
#2196 = VECTOR ( 'NONE', #8, 1000.000000000000000 ) ;
#2197 = DIRECTION ( 'NONE',  ( 0.000000000000000000, 0.000000000000000000, 1.000000000000000000 ) ) ;
#2198 = EDGE_LOOP ( 'NONE', ( #318, #227, #1336, #1785 ) ) ;
#2199 = EDGE_CURVE ( 'NONE', #1083, #756, #885, .T. ) ;
ENDSEC;
END-ISO-10303-21;
