ISO-10303-21;
HEADER;
FILE_DESCRIPTION (( 'STEP AP214' ),
    '1' );
FILE_NAME ('髋关节连接.step',
    '2026-04-21T06:29:35',
    ( '' ),
    ( '' ),
    'SwSTEP 2.0',
    'SolidWorks 2024',
    '' );
FILE_SCHEMA (( 'AUTOMOTIVE_DESIGN' ));
ENDSEC;

DATA;
#1 = CARTESIAN_POINT ( 'NONE',  ( 25.40523684909416957, -26.71528858398502138, -4.645045042527699231 ) ) ;
#2 = CARTESIAN_POINT ( 'NONE',  ( 26.50631884527544813, 24.78505646642906513, -0.7330944457472242659 ) ) ;
#3 = DIRECTION ( 'NONE',  ( 3.469446951953611033E-15, 0.000000000000000000, 1.000000000000000000 ) ) ;
#4 = CARTESIAN_POINT ( 'NONE',  ( 25.24780266682229879, -22.35053525183445089, -0.5204902535409509090 ) ) ;
#5 = ADVANCED_FACE ( 'NONE', ( #2018 ), #3227, .F. ) ;
#6 = ORIENTED_EDGE ( 'NONE', *, *, #3985, .T. ) ;
#7 = AXIS2_PLACEMENT_3D ( 'NONE', #465, #3414, #2998 ) ;
#8 = ORIENTED_EDGE ( 'NONE', *, *, #2480, .T. ) ;
#9 = CARTESIAN_POINT ( 'NONE',  ( 30.49999999999983302, 12.30845354218734755, -55.50221285621785228 ) ) ;
#10 = ORIENTED_EDGE ( 'NONE', *, *, #3239, .T. ) ;
#11 = CARTESIAN_POINT ( 'NONE',  ( 24.93443817363812798, -21.92892049066111326, -0.5148714149935395001 ) ) ;
#12 = CARTESIAN_POINT ( 'NONE',  ( 26.40907720840197470, 24.39672754133451349, -0.7047987583946238033 ) ) ;
#13 = CARTESIAN_POINT ( 'NONE',  ( 25.46583909825453773, 21.75084315126342815, -0.01811102246905839375 ) ) ;
#14 = EDGE_LOOP ( 'NONE', ( #3090, #4451 ) ) ;
#15 = DIRECTION ( 'NONE',  ( -0.000000000000000000, -0.000000000000000000, -1.000000000000000000 ) ) ;
#16 = VERTEX_POINT ( 'NONE', #2899 ) ;
#17 = EDGE_CURVE ( 'NONE', #3175, #4479, #1431, .T. ) ;
#18 = DIRECTION ( 'NONE',  ( 1.000000000000000000, -0.000000000000000000, -3.491481338843133355E-15 ) ) ;
#19 = DIRECTION ( 'NONE',  ( -1.000000000000000000, 0.000000000000000000, 0.000000000000000000 ) ) ;
#20 = PLANE ( 'NONE',  #7 ) ;
#21 = CARTESIAN_POINT ( 'NONE',  ( 25.36128865307280122, -21.62464142640795117, -0.01087100883075063987 ) ) ;
#22 = DIRECTION ( 'NONE',  ( -1.575895479354883410E-16, -1.000000000000000000, -2.909151267794694786E-17 ) ) ;
#23 = DIRECTION ( 'NONE',  ( 1.000000000000000000, -1.575895479354882178E-16, -3.491481338843133355E-15 ) ) ;
#24 = B_SPLINE_CURVE_WITH_KNOTS ( 'NONE', 3,
 ( #4075, #2054, #5336, #1158, #712, #262, #3212, #1975, #3656, #3237, #4939, #1125, #2404, #2852, #5082, #5106, #1774, #4638, #4689, #5022, #4720, #3436, #845, #820, #2185, #1298, #794, #4241, #2991, #400, #2157, #4298, #871, #5047, #458, #427, #2130, #3883, #2542, #1237, #3824, #1717, #5493, #1265, #4187, #2515, #3377, #2570, #4271, #5134, #2100, #3854, #375, #1326, #4212, #2965, #12, #3404, #2075, #4664, #487, #40, #1747, #3021, #904, #3768, #2600, #5466, #3793, #67, #1213, #2909, #4610, #2488, #1662, #3348, #2937, #1688, #5167, #3463, #4816, #1005, #1426 ),
 .UNSPECIFIED., .F., .F.,
 ( 4, 2, 2, 1, 1, 2, 2, 1, 1, 1, 2, 2, 2, 2, 1, 2, 2, 2, 2, 2, 2, 2, 2, 2, 2, 1, 1, 2, 2, 2, 2, 2, 2, 2, 2, 2, 1, 2, 2, 2, 2, 1, 1, 1, 1, 2, 2, 4 ),
 ( 0.000000000000000000, 0.03125000000000622419, 0.04687500000000933975, 0.05468750000001135897, 0.05859375000001194878, 0.06054687500001277450, 0.06250000000001360023, 0.09375000000003402834, 0.1093750000000450473, 0.1171875000000491274, 0.1210937500000511674, 0.1250000000000532074, 0.1875000000000754674, 0.2187500000000865974, 0.2343750000000934253, 0.2421875000000973110, 0.2500000000001011968, 0.3125000000001375011, 0.3281250000001469380, 0.3437500000001563749, 0.3750000000001719735, 0.3906250000001797451, 0.4062500000001875167, 0.4375000000002047251, 0.4687500000002219336, 0.4843750000002309819, 0.4921875000002338685, 0.4960937500002353118, 0.5000000000002368106, 0.5312500000002438050, 0.5468750000002458034, 0.5546875000002479128, 0.5585937500002479128, 0.5625000000002479128, 0.5937500000002348122, 0.6093750000002268186, 0.6171875000002228218, 0.6210937500002198242, 0.6250000000002168266, 0.7500000000001242340, 0.8125000000000779377, 0.8437500000000536238, 0.8593750000000415223, 0.8671875000000354161, 0.8710937500000324185, 0.8730468750000317524, 0.8750000000000311973, 1.000000000000000000 ),
 .UNSPECIFIED. ) ;
#25 = CARTESIAN_POINT ( 'NONE',  ( 25.40609583999010113, 25.27849897962655845, -4.645302311535707496 ) ) ;
#26 = EDGE_LOOP ( 'NONE', ( #2816, #2028, #2519, #440 ) ) ;
#27 = CARTESIAN_POINT ( 'NONE',  ( 25.33067650933491066, -24.06019769044982226, -4.623746374616869659 ) ) ;
#28 = CARTESIAN_POINT ( 'NONE',  ( 24.89274263699107692, 21.06828813774286502, -0.0002804785274814409796 ) ) ;
#29 = AXIS2_PLACEMENT_3D ( 'NONE', #4917, #266, #1162 ) ;
#30 = CARTESIAN_POINT ( 'NONE',  ( 25.59258328704886054, 25.18808870299805847, -5.194292768820235828 ) ) ;
#31 = CARTESIAN_POINT ( 'NONE',  ( 25.20587168445976189, -22.29288856023188714, -0.5187115139210255466 ) ) ;
#32 = DIRECTION ( 'NONE',  ( 1.000000000000000000, -0.000000000000000000, -3.491481338843133355E-15 ) ) ;
#33 = CARTESIAN_POINT ( 'NONE',  ( 27.89999999999983515, -15.96933128205095187, -53.89038961101655190 ) ) ;
#34 = VERTEX_POINT ( 'NONE', #5402 ) ;
#35 = EDGE_LOOP ( 'NONE', ( #3231, #3884 ) ) ;
#36 = EDGE_CURVE ( 'NONE', #523, #4716, #1262, .T. ) ;
#37 = DIRECTION ( 'NONE',  ( 1.000000000000000000, 0.000000000000000000, 0.000000000000000000 ) ) ;
#38 = ORIENTED_EDGE ( 'NONE', *, *, #2205, .T. ) ;
#39 = CARTESIAN_POINT ( 'NONE',  ( 26.57764148020685369, 26.52785495684031147, -0.7548239491419559410 ) ) ;
#40 = CARTESIAN_POINT ( 'NONE',  ( 26.45407978822309403, 24.55179010035321241, -0.7176970955467433244 ) ) ;
#41 = ORIENTED_EDGE ( 'NONE', *, *, #2676, .T. ) ;
#42 = DIRECTION ( 'NONE',  ( 1.000000000000000000, 0.000000000000000000, 0.000000000000000000 ) ) ;
#43 = ORIENTED_EDGE ( 'NONE', *, *, #36, .T. ) ;
#44 = VECTOR ( 'NONE', #1822, 1000.000000000000000 ) ;
#45 = EDGE_CURVE ( 'NONE', #2049, #3151, #1461, .T. ) ;
#46 = LINE ( 'NONE', #406, #1923 ) ;
#47 = CARTESIAN_POINT ( 'NONE',  ( 31.00000000000000355, -15.96933128205095187, -6.114036101419145552 ) ) ;
#48 = DIRECTION ( 'NONE',  ( -0.000000000000000000, -0.000000000000000000, 1.000000000000000000 ) ) ;
#49 = CARTESIAN_POINT ( 'NONE',  ( 30.99999999999997513, 22.38817675479885949, -15.53288157416712778 ) ) ;
#50 = CARTESIAN_POINT ( 'NONE',  ( 27.89999999999984581, -22.38817675479887725, -50.47154413826855546 ) ) ;
#51 = CARTESIAN_POINT ( 'NONE',  ( 25.00000000000000711, 22.01571739626976409, -4.500000000000003553 ) ) ;
#52 = AXIS2_PLACEMENT_3D ( 'NONE', #825, #2492, #851 ) ;
#53 = CARTESIAN_POINT ( 'NONE',  ( 25.21174568812386241, 21.06158501396402372, -5.022648307717084926 ) ) ;
#54 = VERTEX_POINT ( 'NONE', #2420 ) ;
#55 = CARTESIAN_POINT ( 'NONE',  ( 25.25906673284674397, -21.40169424017949140, -5.034076815527630977 ) ) ;
#56 = CARTESIAN_POINT ( 'NONE',  ( 26.51692572808218884, 24.84425517362781477, -0.7362757472462200248 ) ) ;
#57 = CIRCLE ( 'NONE', #1030, 0.4999999999999935052 ) ;
#58 = CARTESIAN_POINT ( 'NONE',  ( 25.59680629822177167, 25.78238260093095136, -5.197582668495948077 ) ) ;
#59 = CARTESIAN_POINT ( 'NONE',  ( 25.88150822653233973, -23.30069500178138142, -0.5879165656454248268 ) ) ;
#60 = DIRECTION ( 'NONE',  ( -0.000000000000000000, -0.000000000000000000, 1.000000000000000000 ) ) ;
#61 = EDGE_CURVE ( 'NONE', #4906, #1514, #1738, .T. ) ;
#62 = DIRECTION ( 'NONE',  ( -0.000000000000000000, -0.000000000000000000, -1.000000000000000000 ) ) ;
#63 = VERTEX_POINT ( 'NONE', #2394 ) ;
#64 = CARTESIAN_POINT ( 'NONE',  ( 25.05857452386240425, 21.62167106039078135, -4.752961353181877513 ) ) ;
#65 = EDGE_LOOP ( 'NONE', ( #4484, #2223 ) ) ;
#66 = CARTESIAN_POINT ( 'NONE',  ( 25.16253023003408273, -21.38363287451928585, -0.002034850451957102326 ) ) ;
#67 = CARTESIAN_POINT ( 'NONE',  ( 26.55596585614577521, 25.10023816198879132, -0.7481001451852783424 ) ) ;
#68 = ORIENTED_EDGE ( 'NONE', *, *, #36, .F. ) ;
#69 = CARTESIAN_POINT ( 'NONE',  ( 26.00000000000000000, -26.50000000000000355, -6.000000000000001776 ) ) ;
#70 = ADVANCED_FACE ( 'NONE', ( #2450 ), #302, .F. ) ;
#71 = FACE_OUTER_BOUND ( 'NONE', #2262, .T. ) ;
#72 = DIRECTION ( 'NONE',  ( -0.000000000000000000, -0.000000000000000000, -1.000000000000000000 ) ) ;
#73 = DIRECTION ( 'NONE',  ( -4.476705744456293499E-15, 0.000000000000000000, -1.000000000000000000 ) ) ;
#74 = CARTESIAN_POINT ( 'NONE',  ( 27.12183535503522691, -24.51802741145358056, -0.3876874659390117661 ) ) ;
#75 = CARTESIAN_POINT ( 'NONE',  ( 27.24571967469524125, 26.50000002079944750, -0.4361215736963918732 ) ) ;
#76 = DIRECTION ( 'NONE',  ( 0.000000000000000000, 0.000000000000000000, -1.000000000000000000 ) ) ;
#77 = CONICAL_SURFACE ( 'NONE', #3181, 7.500000000000000000, 0.7853981633974517207 ) ;
#78 = CARTESIAN_POINT ( 'NONE',  ( 25.22795491172013627, 21.18143245563898347, -5.026328057938910021 ) ) ;
#79 = ORIENTED_EDGE ( 'NONE', *, *, #281, .F. ) ;
#80 = AXIS2_PLACEMENT_3D ( 'NONE', #3518, #1016, #2243 ) ;
#81 = FACE_OUTER_BOUND ( 'NONE', #4712, .T. ) ;
#82 = CARTESIAN_POINT ( 'NONE',  ( 27.03144235514700000, 24.22174557422468411, -0.3543606040927865242 ) ) ;
#83 = LINE ( 'NONE', #4761, #3816 ) ;
#84 = CARTESIAN_POINT ( 'NONE',  ( 25.80449759396040932, -23.17445249222179982, -0.5756462065322464072 ) ) ;
#85 = FACE_OUTER_BOUND ( 'NONE', #5025, .T. ) ;
#86 = AXIS2_PLACEMENT_3D ( 'NONE', #4825, #2288, #3986 ) ;
#87 = AXIS2_PLACEMENT_3D ( 'NONE', #3424, #2426, #340 ) ;
#88 = CARTESIAN_POINT ( 'NONE',  ( 25.00000000000000355, 19.45368542045352456, -5.000000000000000000 ) ) ;
#89 = VERTEX_POINT ( 'NONE', #2475 ) ;
#90 = B_SPLINE_CURVE_WITH_KNOTS ( 'NONE', 1,
 ( #2643, #4342 ),
 .UNSPECIFIED., .F., .F.,
 ( 2, 2 ),
 ( 0.1028983501967596637, 0.9000000000000005773 ),
 .UNSPECIFIED. ) ;
#91 = EDGE_CURVE ( 'NONE', #4365, #1195, #4221, .T. ) ;
#92 = CIRCLE ( 'NONE', #2844, 18.00000000000000000 ) ;
#93 = FACE_OUTER_BOUND ( 'NONE', #2536, .T. ) ;
#94 = ORIENTED_EDGE ( 'NONE', *, *, #1872, .F. ) ;
#95 = VECTOR ( 'NONE', #4305, 1000.000000000000000 ) ;
#96 = DIRECTION ( 'NONE',  ( -0.000000000000000000, -0.000000000000000000, -1.000000000000000000 ) ) ;
#97 = ORIENTED_EDGE ( 'NONE', *, *, #4932, .T. ) ;
#98 = DIRECTION ( 'NONE',  ( -0.000000000000000000, -0.000000000000000000, -1.000000000000000000 ) ) ;
#99 = CARTESIAN_POINT ( 'NONE',  ( 18.06274606680622696, -17.49999999999999645, 0.000000000000000000 ) ) ;
#100 = DIRECTION ( 'NONE',  ( 0.000000000000000000, 0.000000000000000000, 1.000000000000000000 ) ) ;
#101 = CARTESIAN_POINT ( 'NONE',  ( 25.26366320556041245, -23.54123946525476541, -4.608678959924989549 ) ) ;
#102 = FACE_OUTER_BOUND ( 'NONE', #5008, .T. ) ;
#103 = CARTESIAN_POINT ( 'NONE',  ( 25.33281852839938963, 21.96273816935335788, -5.057009092166039999 ) ) ;
#104 = EDGE_LOOP ( 'NONE', ( #2629, #4182, #4216, #1440 ) ) ;
#105 = DIRECTION ( 'NONE',  ( -4.476705744456288765E-15, 0.000000000000000000, -1.000000000000000000 ) ) ;
#106 = CARTESIAN_POINT ( 'NONE',  ( 25.53969984794041892, 21.83978051668718123, -0.02431171095103621879 ) ) ;
#107 = CARTESIAN_POINT ( 'NONE',  ( 26.00000000000001776, -27.00000000000000355, -1.502212856217849390 ) ) ;
#108 = DIRECTION ( 'NONE',  ( 1.000000000000000000, 0.000000000000000000, 0.000000000000000000 ) ) ;
#109 = CARTESIAN_POINT ( 'NONE',  ( -13.24134295108992276, -6.749999999999997335, 0.000000000000000000 ) ) ;
#110 = CARTESIAN_POINT ( 'NONE',  ( 27.89999999999984936, -22.38817675479887725, -49.02154413826856683 ) ) ;
#111 = VERTEX_POINT ( 'NONE', #3256 ) ;
#112 = DIRECTION ( 'NONE',  ( -0.000000000000000000, -0.000000000000000000, 1.000000000000000000 ) ) ;
#113 = CARTESIAN_POINT ( 'NONE',  ( 25.55809902052638094, 21.86198322585671860, -0.02589562716294424582 ) ) ;
#114 = ORIENTED_EDGE ( 'NONE', *, *, #4751, .F. ) ;
#115 = ADVANCED_FACE ( 'NONE', ( #1086 ), #2786, .F. ) ;
#116 = ORIENTED_EDGE ( 'NONE', *, *, #2265, .F. ) ;
#117 = DIRECTION ( 'NONE',  ( 0.000000000000000000, 0.000000000000000000, 1.000000000000000000 ) ) ;
#118 = EDGE_LOOP ( 'NONE', ( #2554, #5432, #2255, #4486, #3098 ) ) ;
#119 = DIRECTION ( 'NONE',  ( 1.000000000000000000, -1.575895479354882424E-16, -3.491481338843133355E-15 ) ) ;
#120 = ADVANCED_FACE ( 'NONE', ( #5352 ), #1566, .F. ) ;
#121 = DIRECTION ( 'NONE',  ( 0.000000000000000000, 0.000000000000000000, -1.000000000000000000 ) ) ;
#122 = FACE_OUTER_BOUND ( 'NONE', #2813, .T. ) ;
#123 = CARTESIAN_POINT ( 'NONE',  ( 25.10245013791815083, -22.55924266811898349, -4.586667619837988319 ) ) ;
#124 = CARTESIAN_POINT ( 'NONE',  ( 11.69134295108992383, -6.749999999999999112, -5.000000000000000000 ) ) ;
#125 = CARTESIAN_POINT ( 'NONE',  ( 25.00000000000000355, 19.45368542045352456, -5.000000000000000000 ) ) ;
#126 = ORIENTED_EDGE ( 'NONE', *, *, #1928, .F. ) ;
#127 = EDGE_CURVE ( 'NONE', #3849, #1824, #4631, .T. ) ;
#128 = VECTOR ( 'NONE', #1875, 1000.000000000000000 ) ;
#129 = EDGE_CURVE ( 'NONE', #3361, #3151, #5040, .T. ) ;
#130 = CARTESIAN_POINT ( 'NONE',  ( 25.99999999999986500, 22.38817675479886660, -47.47154413826854835 ) ) ;
#131 = CARTESIAN_POINT ( 'NONE',  ( 25.59559693902735589, 21.90782215779113784, -0.02959274192628680994 ) ) ;
#132 = DIRECTION ( 'NONE',  ( 1.000000000000000000, -0.000000000000000000, -3.491481338843133355E-15 ) ) ;
#133 = DIRECTION ( 'NONE',  ( -0.000000000000000000, -0.000000000000000000, -1.000000000000000000 ) ) ;
#134 = FACE_OUTER_BOUND ( 'NONE', #4923, .T. ) ;
#135 = DIRECTION ( 'NONE',  ( 0.000000000000000000, 0.000000000000000000, 1.000000000000000000 ) ) ;
#136 = CIRCLE ( 'NONE', #3248, 1.549999999999999378 ) ;
#137 = ORIENTED_EDGE ( 'NONE', *, *, #1766, .F. ) ;
#138 = CARTESIAN_POINT ( 'NONE',  ( 27.89999999999997371, 22.38817675479885949, -15.53288157416711712 ) ) ;
#139 = CARTESIAN_POINT ( 'NONE',  ( 25.47396147587920368, 21.76057016608628203, -0.01874878136389888580 ) ) ;
#140 = ORIENTED_EDGE ( 'NONE', *, *, #1961, .F. ) ;
#141 = B_SPLINE_CURVE_WITH_KNOTS ( 'NONE', 3,
 ( #2175, #2875, #4708, #2847 ),
 .UNSPECIFIED., .F., .F.,
 ( 4, 4 ),
 ( 0.000000000000000000, 1.000000000000000000 ),
 .UNSPECIFIED. ) ;
#142 = ORIENTED_EDGE ( 'NONE', *, *, #1467, .F. ) ;
#143 = ORIENTED_EDGE ( 'NONE', *, *, #2639, .T. ) ;
#144 = DIRECTION ( 'NONE',  ( 1.000000000000000000, 0.000000000000000000, 0.000000000000000000 ) ) ;
#145 = B_SPLINE_CURVE_WITH_KNOTS ( 'NONE', 3,
 ( #4884, #3965, #2244, #1017, #2715, #4411, #3993, #2317, #4803, #2740, #123, #4856, #5305, #4440, #3079, #4334, #2219, #3917, #597, #2688, #3570, #1385, #2268, #3599, #3519, #5220, #1409, #101, #4777, #4384, #151, #5276, #1465, #652, #768, #3625, #4131, #4158, #4912, #2881, #1575, #1097, #2347, #4522, #2430, #739, #319, #5412, #4552, #3743, #5362, #5438, #4105, #289, #1522, #346, #3687, #1183, #2025, #2820, #4495, #2001, #4467 ),
 .UNSPECIFIED., .F., .F.,
 ( 4, 2, 2, 2, 1, 1, 1, 2, 2, 2, 2, 1, 1, 2, 2, 2, 1, 1, 2, 2, 2, 1, 1, 1, 1, 2, 2, 2, 2, 1, 2, 2, 2, 2, 1, 2, 2, 4 ),
 ( 0.000000000000000000, 0.06250000000024923119, 0.09375000000037253534, 0.1093750000004350964, 0.1171875000004670431, 0.1210937500004829054, 0.1230468750004907186, 0.1240234375004939105, 0.1250000000004971024, 0.1875000000005114242, 0.2187500000005176692, 0.2343750000005208056, 0.2421875000005223877, 0.2460937500005223044, 0.2500000000005221934, 0.3125000000005140888, 0.3437500000005100365, 0.3593750000005079825, 0.3671875000005056511, 0.3750000000005033196, 0.4375000000004848899, 0.4687500000004746759, 0.4843750000004694578, 0.4921875000004667933, 0.4960937500004641287, 0.4980468750004629630, 0.5000000000004617418, 0.5625000000004111156, 0.5937500000003844702, 0.6093750000003713696, 0.6171875000003647083, 0.6250000000003581579, 0.6875000000002967626, 0.7187500000002660094, 0.7343750000002505773, 0.7421875000002439160, 0.7500000000002371436, 1.000000000000000000 ),
 .UNSPECIFIED. ) ;
#146 = ORIENTED_EDGE ( 'NONE', *, *, #4027, .T. ) ;
#147 = CARTESIAN_POINT ( 'NONE',  ( 18.06274606680622696, -25.99999999999999645, 0.000000000000000000 ) ) ;
#148 = DIRECTION ( 'NONE',  ( 1.358192966683924572E-16, 0.7071067811865462405, -0.7071067811865487940 ) ) ;
#149 = EDGE_CURVE ( 'NONE', #1270, #1936, #4577, .T. ) ;
#150 = PLANE ( 'NONE',  #3628 ) ;
#151 = CARTESIAN_POINT ( 'NONE',  ( 25.28288089242980519, -23.67926345887399009, -4.612651984860325349 ) ) ;
#152 = PLANE ( 'NONE',  #5463 ) ;
#153 = VERTEX_POINT ( 'NONE', #3636 ) ;
#154 = DIRECTION ( 'NONE',  ( 1.000000000000000000, -1.575895479354882178E-16, -3.491481338843133355E-15 ) ) ;
#155 = CARTESIAN_POINT ( 'NONE',  ( 25.40411310636888587, 21.67727047984239874, -0.01362171320458597026 ) ) ;
#156 = CARTESIAN_POINT ( 'NONE',  ( 25.37689603047011744, -22.31415798729467781, -5.073649455159059407 ) ) ;
#157 = CARTESIAN_POINT ( 'NONE',  ( 26.49999999999991118, -9.271398798082268254E-15, -31.50221285621783451 ) ) ;
#158 = CARTESIAN_POINT ( 'NONE',  ( 25.40863640833943293, 25.44540866034835247, -4.646087245066650162 ) ) ;
#159 = DIRECTION ( 'NONE',  ( 0.000000000000000000, -0.7071067811865525687, -0.7071067811865425767 ) ) ;
#160 = CARTESIAN_POINT ( 'NONE',  ( 25.30916081600687662, 21.78467957435441704, -5.048985977571375017 ) ) ;
#161 = VECTOR ( 'NONE', #2058, 1000.000000000000000 ) ;
#162 = FACE_OUTER_BOUND ( 'NONE', #2136, .T. ) ;
#163 = AXIS2_PLACEMENT_3D ( 'NONE', #5382, #4907, #3321 ) ;
#164 = VECTOR ( 'NONE', #788, 1000.000000000000000 ) ;
#165 = B_SPLINE_CURVE_WITH_KNOTS ( 'NONE', 3,
 ( #3520, #3626, #5337, #4857, #1466, #3160, #1523, #4913, #5252, #5221, #1439, #3571 ),
 .UNSPECIFIED., .F., .F.,
 ( 4, 1, 1, 1, 1, 2, 2, 4 ),
 ( 0.000000000000000000, 0.2500000000000084377, 0.3750000000000152101, 0.4375000000000188738, 0.4687500000000183742, 0.4843750000000181521, 0.5000000000000178746, 1.000000000000000000 ),
 .UNSPECIFIED. ) ;
#166 = CARTESIAN_POINT ( 'NONE',  ( 25.67049303868362742, 22.00004904927302718, -0.03746545383885533514 ) ) ;
#167 = ORIENTED_EDGE ( 'NONE', *, *, #1485, .F. ) ;
#168 = ORIENTED_EDGE ( 'NONE', *, *, #2693, .F. ) ;
#169 = CIRCLE ( 'NONE', #1239, 1.549999999999999378 ) ;
#170 = CIRCLE ( 'NONE', #2574, 2.999999999999995559 ) ;
#171 = ORIENTED_EDGE ( 'NONE', *, *, #1094, .T. ) ;
#172 = DIRECTION ( 'NONE',  ( -4.476705744456288765E-15, 0.000000000000000000, -1.000000000000000000 ) ) ;
#173 = ORIENTED_EDGE ( 'NONE', *, *, #291, .T. ) ;
#174 = AXIS2_PLACEMENT_3D ( 'NONE', #4984, #4951, #5348 ) ;
#175 = FACE_BOUND ( 'NONE', #5079, .T. ) ;
#176 = CARTESIAN_POINT ( 'NONE',  ( -9.500000000000012434, 0.000000000000000000, -5.000000000000000000 ) ) ;
#177 = CARTESIAN_POINT ( 'NONE',  ( 26.58432919772697289, -25.37065707453278307, -0.7567876732847534926 ) ) ;
#178 = LINE ( 'NONE', #1886, #4718 ) ;
#179 = CARTESIAN_POINT ( 'NONE',  ( 24.95960916322313849, 21.72801458975096978, -5.000000000000000000 ) ) ;
#180 = ORIENTED_EDGE ( 'NONE', *, *, #4635, .T. ) ;
#181 = B_SPLINE_SURFACE_WITH_KNOTS ( 'NONE', 1, 3, ( 
 ( #2524, #4112, #1250, #1614, #720, #411, #5393, #2083, #2111, #3306, #3802, #1192, #2467 ),
 ( #4621, #4168, #5449, #297, #1645, #3332, #5031, #2917, #3777, #1700, #5478, #3387, #5060 ) ),
 .UNSPECIFIED., .F., .F., .F.,
 ( 2, 2 ),
 ( 4, 2, 2, 2, 3, 4 ),
 ( 0.000000000000000000, 1.000000000000000000 ),
 ( 0.000000000000000000, 0.2500000000000000000, 0.5000000000000000000, 0.7500000000000000000, 1.000000000000000000, 1.038662544806723265 ),
 .UNSPECIFIED. ) ;
#182 = ADVANCED_FACE ( 'NONE', ( #1867 ), #5280, .F. ) ;
#183 = CARTESIAN_POINT ( 'NONE',  ( 25.00533860244307149, -22.04308347156836234, -4.582571506918307058 ) ) ;
#184 = CARTESIAN_POINT ( 'NONE',  ( 25.39275484936247196, 21.66375656876873634, -0.01286579207906659791 ) ) ;
#185 = CARTESIAN_POINT ( 'NONE',  ( 25.31869852088792783, -21.85501540888668970, -5.052143345534318541 ) ) ;
#186 = CARTESIAN_POINT ( 'NONE',  ( 30.99999999999999289, -15.96933128205095187, -9.114036101419142000 ) ) ;
#187 = CARTESIAN_POINT ( 'NONE',  ( 25.38142602640787970, 24.64146945441821757, -4.637844637706413309 ) ) ;
#188 = CARTESIAN_POINT ( 'NONE',  ( 10.52220865598093091, 6.074999999999998401, -4.201721238055123209 ) ) ;
#189 = CARTESIAN_POINT ( 'NONE',  ( 25.52803675689519025, 23.78975472429817373, -5.150671254602998239 ) ) ;
#190 = VERTEX_POINT ( 'NONE', #2277 ) ;
#191 = DIRECTION ( 'NONE',  ( -0.000000000000000000, -0.000000000000000000, -1.000000000000000000 ) ) ;
#192 = CARTESIAN_POINT ( 'NONE',  ( 0.000000000000000000, -12.15000000000000036, -3.000000000000002665 ) ) ;
#193 = EDGE_LOOP ( 'NONE', ( #4657, #4658, #2985, #1177 ) ) ;
#194 = EDGE_LOOP ( 'NONE', ( #168, #4895, #2546 ) ) ;
#195 = CONICAL_SURFACE ( 'NONE', #379, 1.999999999999988232, 1.029744258676651869 ) ;
#196 = EDGE_CURVE ( 'NONE', #3708, #2876, #1501, .T. ) ;
#197 = ORIENTED_EDGE ( 'NONE', *, *, #4602, .T. ) ;
#198 = DIRECTION ( 'NONE',  ( 1.000000000000000000, 1.920774913804158804E-16, 0.000000000000000000 ) ) ;
#199 = VECTOR ( 'NONE', #980, 1000.000000000000000 ) ;
#200 = ORIENTED_EDGE ( 'NONE', *, *, #4893, .F. ) ;
#201 = FACE_OUTER_BOUND ( 'NONE', #5469, .T. ) ;
#202 = CARTESIAN_POINT ( 'NONE',  ( 30.50000000000002132, 27.00000000000000355, -1.502212856217858050 ) ) ;
#203 = CARTESIAN_POINT ( 'NONE',  ( 25.13496801596602026, -22.19628469116313241, -0.5163444470726865632 ) ) ;
#204 = DIRECTION ( 'NONE',  ( -1.000000000000000000, 0.000000000000000000, 0.000000000000000000 ) ) ;
#205 = CARTESIAN_POINT ( 'NONE',  ( 24.96259848633807010, 21.74930745512309471, -5.000000000000000000 ) ) ;
#206 = CIRCLE ( 'NONE', #2349, 1.000000000000000888 ) ;
#207 = EDGE_LOOP ( 'NONE', ( #2258, #3400 ) ) ;
#208 = EDGE_CURVE ( 'NONE', #982, #2036, #4549, .T. ) ;
#209 = EDGE_CURVE ( 'NONE', #1428, #3620, #485, .T. ) ;
#210 = DIRECTION ( 'NONE',  ( -1.575895479354887601E-16, -1.000000000000000000, -1.575895479354882424E-16 ) ) ;
#211 = CARTESIAN_POINT ( 'NONE',  ( 27.20450869547321204, 24.95649872723075191, -0.4196112115060799952 ) ) ;
#212 = DIRECTION ( 'NONE',  ( -1.000000000000000000, 0.000000000000000000, 0.000000000000000000 ) ) ;
#213 = CYLINDRICAL_SURFACE ( 'NONE', #2511, 2.999999999999997335 ) ;
#214 = DIRECTION ( 'NONE',  ( -1.508455196501571429E-16, -1.000000000000000000, 0.000000000000000000 ) ) ;
#215 = DIRECTION ( 'NONE',  ( -0.000000000000000000, -0.000000000000000000, 1.000000000000000000 ) ) ;
#216 = CIRCLE ( 'NONE', #3327, 1.000000000000000888 ) ;
#217 = CARTESIAN_POINT ( 'NONE',  ( 25.55033746506916259, 24.11666308351252752, -5.165038051079992698 ) ) ;
#218 = VERTEX_POINT ( 'NONE', #1165 ) ;
#219 = VECTOR ( 'NONE', #1173, 1000.000000000000000 ) ;
#220 = CARTESIAN_POINT ( 'NONE',  ( 25.20579276955116654, 22.28769313043526523, -0.5183966825728902883 ) ) ;
#221 = DIRECTION ( 'NONE',  ( 0.7071067811865451302, 0.000000000000000000, -0.7071067811865500152 ) ) ;
#222 = ADVANCED_FACE ( 'NONE', ( #746 ), #1013, .F. ) ;
#223 = DIRECTION ( 'NONE',  ( 1.000000000000000000, -1.575895479354882178E-16, -3.491481338843133355E-15 ) ) ;
#224 = ORIENTED_EDGE ( 'NONE', *, *, #3679, .T. ) ;
#225 = VERTEX_POINT ( 'NONE', #1582 ) ;
#226 = AXIS2_PLACEMENT_3D ( 'NONE', #1218, #1356, #4827 ) ;
#227 = ORIENTED_EDGE ( 'NONE', *, *, #1961, .T. ) ;
#228 = DIRECTION ( 'NONE',  ( 1.000000000000000000, -0.000000000000000000, -3.491481338843133355E-15 ) ) ;
#229 = CIRCLE ( 'NONE', #1303, 1.549999999999999378 ) ;
#230 = ORIENTED_EDGE ( 'NONE', *, *, #5238, .T. ) ;
#231 = PLANE ( 'NONE',  #2743 ) ;
#232 = DIRECTION ( 'NONE',  ( 1.000000000000000000, -0.000000000000000000, -3.491481338843133355E-15 ) ) ;
#233 = CARTESIAN_POINT ( 'NONE',  ( 26.34904960234814553, -24.22827490198735845, -0.6882547699259227159 ) ) ;
#234 = DIRECTION ( 'NONE',  ( -1.000000000000000000, 0.000000000000000000, 3.491481338843133355E-15 ) ) ;
#235 = DIRECTION ( 'NONE',  ( 3.491481338843133355E-15, 0.000000000000000000, 1.000000000000000000 ) ) ;
#236 = CARTESIAN_POINT ( 'NONE',  ( 27.89999999999984226, 15.96933128205093766, -53.89038961101654479 ) ) ;
#237 = PLANE ( 'NONE',  #2868 ) ;
#238 = DIRECTION ( 'NONE',  ( 0.000000000000000000, 0.000000000000000000, 1.000000000000000000 ) ) ;
#239 = CARTESIAN_POINT ( 'NONE',  ( 25.41130863967292797, 26.25650708738118055, -4.646907979242841158 ) ) ;
#240 = DIRECTION ( 'NONE',  ( -0.000000000000000000, -0.000000000000000000, -1.000000000000000000 ) ) ;
#241 = CARTESIAN_POINT ( 'NONE',  ( 25.10041978201363833, 20.23261238865167755, -5.004827130158205684 ) ) ;
#242 = VERTEX_POINT ( 'NONE', #2497 ) ;
#243 = CARTESIAN_POINT ( 'NONE',  ( 25.59449197917531649, -25.73399289942366863, -5.195898584667455467 ) ) ;
#244 = CARTESIAN_POINT ( 'NONE',  ( 25.69590950818571429, 22.98982463918903463, -0.5601442828829994447 ) ) ;
#245 = DIRECTION ( 'NONE',  ( -1.000000000000000000, 1.920774913804158804E-16, 0.000000000000000000 ) ) ;
#246 = DIRECTION ( 'NONE',  ( -1.000000000000000000, 0.000000000000000000, 0.000000000000000000 ) ) ;
#247 = DIRECTION ( 'NONE',  ( 1.575895479354887601E-16, 1.000000000000000000, 1.575895479354882424E-16 ) ) ;
#248 = AXIS2_PLACEMENT_3D ( 'NONE', #3806, #2038, #1587 ) ;
#249 = ORIENTED_EDGE ( 'NONE', *, *, #3439, .T. ) ;
#250 = ADVANCED_FACE ( 'NONE', ( #2439 ), #1670, .T. ) ;
#251 = ORIENTED_EDGE ( 'NONE', *, *, #2179, .T. ) ;
#252 = VECTOR ( 'NONE', #5193, 1000.000000000000000 ) ;
#253 = CIRCLE ( 'NONE', #3535, 2.999999999999995559 ) ;
#254 = CARTESIAN_POINT ( 'NONE',  ( -11.69134295108992383, -6.749999999999997335, 0.000000000000000000 ) ) ;
#255 = ORIENTED_EDGE ( 'NONE', *, *, #661, .T. ) ;
#256 = CARTESIAN_POINT ( 'NONE',  ( 27.89999999999982805, -19.64310073908833232, -55.47260893100326484 ) ) ;
#257 = VECTOR ( 'NONE', #1347, 1000.000000000000000 ) ;
#258 = CIRCLE ( 'NONE', #4710, 1.549999999999999378 ) ;
#259 = FACE_BOUND ( 'NONE', #4767, .T. ) ;
#260 = CARTESIAN_POINT ( 'NONE',  ( 30.50000000000001421, -27.00000000000000355, -1.502212856217864934 ) ) ;
#261 = CIRCLE ( 'NONE', #621, 1.549999999999999822 ) ;
#262 = CARTESIAN_POINT ( 'NONE',  ( 25.13569590441970902, 22.19400242931643064, -0.5162070650318308918 ) ) ;
#263 = FACE_OUTER_BOUND ( 'NONE', #3149, .T. ) ;
#264 = AXIS2_PLACEMENT_3D ( 'NONE', #1335, #938, #2165 ) ;
#265 = DIRECTION ( 'NONE',  ( -3.491481338843133355E-15, 2.837512552792565600E-16, -1.000000000000000000 ) ) ;
#266 = DIRECTION ( 'NONE',  ( 1.000000000000000000, -1.575895479354882178E-16, -3.491481338843133355E-15 ) ) ;
#267 = CARTESIAN_POINT ( 'NONE',  ( 25.40705805563484887, 26.54780586929525299, -4.645613829831124697 ) ) ;
#268 = FACE_OUTER_BOUND ( 'NONE', #4820, .T. ) ;
#269 = CARTESIAN_POINT ( 'NONE',  ( 25.40824126575587627, 25.42018298362350848, -4.645965639823962157 ) ) ;
#270 = DIRECTION ( 'NONE',  ( 1.000000000000000000, -0.000000000000000000, -3.491481338843133355E-15 ) ) ;
#271 = CARTESIAN_POINT ( 'NONE',  ( 25.12189031846337883, 20.39410227417022980, -5.007215866250326108 ) ) ;
#272 = ORIENTED_EDGE ( 'NONE', *, *, #3018, .T. ) ;
#273 = CARTESIAN_POINT ( 'NONE',  ( 27.90000000000000213, 15.96933128205093055, -9.114036101419127789 ) ) ;
#274 = CARTESIAN_POINT ( 'NONE',  ( 27.26357616624846258, -26.23824479305587332, -0.4433614614682285238 ) ) ;
#275 = CARTESIAN_POINT ( 'NONE',  ( 26.59450656583221573, -26.28017197982420683, -0.7599636996627358032 ) ) ;
#276 = CARTESIAN_POINT ( 'NONE',  ( 25.40841493779662130, -26.52212632772054945, -4.646018814497839600 ) ) ;
#277 = ADVANCED_FACE ( 'NONE', ( #5004 ), #2061, .T. ) ;
#278 = CARTESIAN_POINT ( 'NONE',  ( 25.09415752647584341, 21.73651664885234780, -0.2769830327200152320 ) ) ;
#279 = VERTEX_POINT ( 'NONE', #4977 ) ;
#280 = ORIENTED_EDGE ( 'NONE', *, *, #4661, .T. ) ;
#281 = EDGE_CURVE ( 'NONE', #2213, #4356, #3590, .T. ) ;
#282 = LINE ( 'NONE', #5244, #532 ) ;
#283 = EDGE_CURVE ( 'NONE', #5207, #5433, #1222, .T. ) ;
#284 = EDGE_LOOP ( 'NONE', ( #642, #3124, #230, #1029 ) ) ;
#285 = CARTESIAN_POINT ( 'NONE',  ( 25.12742321652022071, 20.51048694883620627, -5.000000000000001776 ) ) ;
#286 = CONICAL_SURFACE ( 'NONE', #2691, 9.000000000000000000, 0.7853981633974569387 ) ;
#287 = DIRECTION ( 'NONE',  ( 3.491481338843133355E-15, -1.575895479354887601E-16, 1.000000000000000000 ) ) ;
#288 = DIRECTION ( 'NONE',  ( 3.491481338843133355E-15, -2.837512552792565600E-16, 1.000000000000000000 ) ) ;
#289 = CARTESIAN_POINT ( 'NONE',  ( 25.40268821919898912, -25.10914311489306883, -4.644232504775565040 ) ) ;
#290 = CARTESIAN_POINT ( 'NONE',  ( 27.24791606777093378, 25.41478678136733294, -0.4370076400117181015 ) ) ;
#291 = EDGE_CURVE ( 'NONE', #2760, #3270, #3236, .T. ) ;
#292 = ORIENTED_EDGE ( 'NONE', *, *, #5430, .F. ) ;
#293 = CARTESIAN_POINT ( 'NONE',  ( 25.28775818204785253, -21.53548733761639511, -0.006904370138541574865 ) ) ;
#294 = PLANE ( 'NONE',  #3850 ) ;
#295 = CYLINDRICAL_SURFACE ( 'NONE', #540, 18.00000000000000000 ) ;
#296 = PRESENTATION_STYLE_ASSIGNMENT (( #775 ) ) ;
#297 = CARTESIAN_POINT ( 'NONE',  ( 25.28817231247329644, -25.15939864788338909, -5.042415885779727880 ) ) ;
#298 = DIRECTION ( 'NONE',  ( 0.000000000000000000, -1.000000000000000000, 0.000000000000000000 ) ) ;
#299 = EDGE_CURVE ( 'NONE', #218, #2726, #327, .T. ) ;
#300 = CARTESIAN_POINT ( 'NONE',  ( 24.95340896941334563, 21.78150287356500669, -4.583107304955603922 ) ) ;
#301 = ORIENTED_EDGE ( 'NONE', *, *, #1365, .F. ) ;
#302 = CONICAL_SURFACE ( 'NONE', #3145, 1.999999999999988010, 1.029744258676651647 ) ;
#303 = EDGE_CURVE ( 'NONE', #3315, #461, #1912, .T. ) ;
#304 = CARTESIAN_POINT ( 'NONE',  ( 25.46534369728013303, -23.10394469374900339, -5.114660620922241385 ) ) ;
#305 = CARTESIAN_POINT ( 'NONE',  ( 25.03578980230714990, 22.06231734648503462, -0.5144569316194120834 ) ) ;
#306 = CARTESIAN_POINT ( 'NONE',  ( 26.60150568154872985, -25.97512062953125422, -0.7621379945191476546 ) ) ;
#307 = LINE ( 'NONE', #5293, #1640 ) ;
#308 = DIRECTION ( 'NONE',  ( 1.000000000000000000, 0.000000000000000000, 0.000000000000000000 ) ) ;
#309 = ADVANCED_FACE ( 'NONE', ( #384 ), #181, .F. ) ;
#310 = ORIENTED_EDGE ( 'NONE', *, *, #1003, .T. ) ;
#311 = CIRCLE ( 'NONE', #2891, 3.000000000000000888 ) ;
#312 = ORIENTED_EDGE ( 'NONE', *, *, #1552, .T. ) ;
#313 = CARTESIAN_POINT ( 'NONE',  ( -10.14134295108992490, -6.749999999999997335, -5.000000000000000000 ) ) ;
#314 = ORIENTED_EDGE ( 'NONE', *, *, #407, .F. ) ;
#315 = VECTOR ( 'NONE', #4916, 1000.000000000000000 ) ;
#316 = CARTESIAN_POINT ( 'NONE',  ( -14.69134295108992561, -6.749999999999997335, -5.000000000000000000 ) ) ;
#317 = VECTOR ( 'NONE', #3597, 1000.000000000000000 ) ;
#318 = CARTESIAN_POINT ( 'NONE',  ( 26.50257032764432807, -23.16639767406853778, -0.1907291276732924201 ) ) ;
#319 = CARTESIAN_POINT ( 'NONE',  ( 25.38695253678980635, -24.73330470436072659, -4.639456188348518140 ) ) ;
#320 = CARTESIAN_POINT ( 'NONE',  ( 26.28703312674632997, 22.82435049263225224, -0.1394807135086017502 ) ) ;
#321 = ORIENTED_EDGE ( 'NONE', *, *, #4948, .T. ) ;
#322 = EDGE_CURVE ( 'NONE', #5207, #3710, #3872, .T. ) ;
#323 = CARTESIAN_POINT ( 'NONE',  ( 25.59102696059388649, 26.50000000258534172, -5.193348196647922244 ) ) ;
#324 = DIRECTION ( 'NONE',  ( -0.000000000000000000, -0.000000000000000000, -1.000000000000000000 ) ) ;
#325 = DIRECTION ( 'NONE',  ( -1.000000000000000000, 0.000000000000000000, 0.000000000000000000 ) ) ;
#326 = LINE ( 'NONE', #1981, #1002 ) ;
#327 = LINE ( 'NONE', #2033, #4311 ) ;
#328 = FACE_OUTER_BOUND ( 'NONE', #3176, .T. ) ;
#329 = CARTESIAN_POINT ( 'NONE',  ( 24.88946675719481405, 21.45877605392395182, -4.586695362459234815 ) ) ;
#330 = ORIENTED_EDGE ( 'NONE', *, *, #5055, .F. ) ;
#331 = DIRECTION ( 'NONE',  ( -1.000000000000000000, 1.575895479354882424E-16, 3.491481338843133355E-15 ) ) ;
#332 = CARTESIAN_POINT ( 'NONE',  ( 25.55785832130217372, -24.24870687333137909, -5.170059334044506905 ) ) ;
#333 = CARTESIAN_POINT ( 'NONE',  ( 25.01046814774261406, 22.02932069923918945, -0.5143124838992705339 ) ) ;
#334 = CARTESIAN_POINT ( 'NONE',  ( 26.60187093509404122, -25.88590764629893926, -0.7622548089887190015 ) ) ;
#335 = CARTESIAN_POINT ( 'NONE',  ( 26.49999999999991118, -6.824143846241309501E-15, -9.002212856217834513 ) ) ;
#336 = CARTESIAN_POINT ( 'NONE',  ( 25.12347145534952375, 21.70703917008643558, -0.2366257250970784654 ) ) ;
#337 = ORIENTED_EDGE ( 'NONE', *, *, #2210, .T. ) ;
#338 = ORIENTED_EDGE ( 'NONE', *, *, #5035, .T. ) ;
#339 = ADVANCED_FACE ( 'NONE', ( #4533 ), #5111, .F. ) ;
#340 = DIRECTION ( 'NONE',  ( 1.541976423090494894E-16, 1.000000000000000000, 0.000000000000000000 ) ) ;
#341 = CIRCLE ( 'NONE', #3716, 2.999999999999995559 ) ;
#342 = ORIENTED_EDGE ( 'NONE', *, *, #2963, .T. ) ;
#343 = CARTESIAN_POINT ( 'NONE',  ( 30.49999999999985434, 19.00000000000000711, -48.50221285621785228 ) ) ;
#344 = CIRCLE ( 'NONE', #525, 3.000000000000000888 ) ;
#345 = CARTESIAN_POINT ( 'NONE',  ( 25.95083740921960214, -22.36759825456437412, -0.07520200909737560779 ) ) ;
#346 = CARTESIAN_POINT ( 'NONE',  ( 25.40616738588725099, -25.23746423217080093, -4.645307116710609030 ) ) ;
#347 = CARTESIAN_POINT ( 'NONE',  ( 26.98654652437962298, 24.09833689154579517, -0.3383717773973783371 ) ) ;
#348 = CIRCLE ( 'NONE', #1148, 1.000000000000000000 ) ;
#349 = EDGE_LOOP ( 'NONE', ( #3589, #4154 ) ) ;
#350 = AXIS2_PLACEMENT_3D ( 'NONE', #4288, #4316, #3738 ) ;
#351 = VERTEX_POINT ( 'NONE', #50 ) ;
#352 = AXIS2_PLACEMENT_3D ( 'NONE', #3108, #1043, #2659 ) ;
#353 = CARTESIAN_POINT ( 'NONE',  ( -1.549999999999999822, 13.50000000000000000, -1.899999999999999689 ) ) ;
#354 = ADVANCED_FACE ( 'NONE', ( #4698 ), #4674, .F. ) ;
#355 = CYLINDRICAL_SURFACE ( 'NONE', #5057, 1.549999999999999378 ) ;
#356 = DIRECTION ( 'NONE',  ( -1.000000000000000000, 0.000000000000000000, 1.387778780781434789E-14 ) ) ;
#357 = DIRECTION ( 'NONE',  ( 1.000000000000000000, -0.000000000000000000, -3.491481338843133355E-15 ) ) ;
#358 = DIRECTION ( 'NONE',  ( -0.000000000000000000, -0.000000000000000000, -1.000000000000000000 ) ) ;
#359 = ADVANCED_FACE ( 'NONE', ( #1785 ), #4363, .F. ) ;
#360 = VECTOR ( 'NONE', #5504, 1000.000000000000114 ) ;
#361 = CARTESIAN_POINT ( 'NONE',  ( 24.98546559949368628, 21.94269040036600416, -4.582492916482670431 ) ) ;
#362 = VERTEX_POINT ( 'NONE', #2582 ) ;
#363 = DIRECTION ( 'NONE',  ( 1.000000000000000000, -0.000000000000000000, -3.491481338843133355E-15 ) ) ;
#364 = CARTESIAN_POINT ( 'NONE',  ( 25.58719482226352326, -26.89085862493010382, -5.190554362105209485 ) ) ;
#365 = CARTESIAN_POINT ( 'NONE',  ( 26.42710484816938532, 24.45528208361147904, -0.7098955694798694260 ) ) ;
#366 = CARTESIAN_POINT ( 'NONE',  ( 26.43056662773381760, -24.46447609883448848, -0.7107903908198051068 ) ) ;
#367 = CARTESIAN_POINT ( 'NONE',  ( 25.03579041455373044, 21.79818898910021829, -0.3588357725532753117 ) ) ;
#368 = ORIENTED_EDGE ( 'NONE', *, *, #3933, .T. ) ;
#369 = ORIENTED_EDGE ( 'NONE', *, *, #209, .F. ) ;
#370 = CARTESIAN_POINT ( 'NONE',  ( 25.99999999999987210, 22.38817675479886660, -45.92154413826855119 ) ) ;
#371 = ORIENTED_EDGE ( 'NONE', *, *, #4585, .T. ) ;
#372 = EDGE_CURVE ( 'NONE', #1936, #3240, #1728, .T. ) ;
#373 = APPLICATION_CONTEXT ( 'automotive_design' ) ;
#374 = CARTESIAN_POINT ( 'NONE',  ( 24.89349039632072547, -21.87469534531557969, -0.5154864189472937452 ) ) ;
#375 = CARTESIAN_POINT ( 'NONE',  ( 26.38710113217291564, 24.33002406331369727, -0.6986792905138005105 ) ) ;
#376 = DIRECTION ( 'NONE',  ( -3.469446951953619316E-15, 0.000000000000000000, -1.000000000000000000 ) ) ;
#377 = ORIENTED_EDGE ( 'NONE', *, *, #1462, .F. ) ;
#378 = ORIENTED_EDGE ( 'NONE', *, *, #1680, .F. ) ;
#379 = AXIS2_PLACEMENT_3D ( 'NONE', #4919, #1104, #3721 ) ;
#380 = DIRECTION ( 'NONE',  ( -3.469446951953617344E-15, 0.000000000000000000, -1.000000000000000000 ) ) ;
#381 = DIRECTION ( 'NONE',  ( -1.000000000000000000, 0.000000000000000000, 0.000000000000000000 ) ) ;
#382 = DIRECTION ( 'NONE',  ( -4.476705744456288765E-15, 0.000000000000000000, -1.000000000000000000 ) ) ;
#383 = CARTESIAN_POINT ( 'NONE',  ( 26.09457567050625926, -22.56392412931306168, -0.1006453632787372848 ) ) ;
#384 = FACE_OUTER_BOUND ( 'NONE', #1054, .T. ) ;
#385 = CARTESIAN_POINT ( 'NONE',  ( -9.499999999999994671, 1.163414459189984894E-15, 0.000000000000000000 ) ) ;
#386 = VECTOR ( 'NONE', #2301, 1000.000000000000000 ) ;
#387 = CARTESIAN_POINT ( 'NONE',  ( 25.59293911320990844, 25.59677722907956721, -5.194750244351005186 ) ) ;
#388 = EDGE_LOOP ( 'NONE', ( #906, #5297, #414, #741 ) ) ;
#389 = EDGE_CURVE ( 'NONE', #3315, #943, #4778, .T. ) ;
#390 = CARTESIAN_POINT ( 'NONE',  ( 25.04001282551118379, -22.22318013186115593, -4.583240727476812992 ) ) ;
#391 = CARTESIAN_POINT ( 'NONE',  ( 26.59630061123479905, 25.90165314146936382, -0.7605551951309201808 ) ) ;
#392 = CARTESIAN_POINT ( 'NONE',  ( 25.40609624946549161, -22.57288678654797565, -0.5302994226242229159 ) ) ;
#393 = ORIENTED_EDGE ( 'NONE', *, *, #715, .F. ) ;
#394 = ORIENTED_EDGE ( 'NONE', *, *, #3617, .F. ) ;
#395 = EDGE_CURVE ( 'NONE', #3345, #1204, #467, .T. ) ;
#396 = DIRECTION ( 'NONE',  ( -4.476705744456278510E-15, 0.000000000000000000, -1.000000000000000000 ) ) ;
#397 = ORIENTED_EDGE ( 'NONE', *, *, #4831, .F. ) ;
#398 = AXIS2_PLACEMENT_3D ( 'NONE', #2966, #1427, #3123 ) ;
#399 = CARTESIAN_POINT ( 'NONE',  ( 25.01591746829554452, -22.03680245556270378, -0.5145306923514727515 ) ) ;
#400 = CARTESIAN_POINT ( 'NONE',  ( 25.92419080999606962, 23.35897052400251184, -0.5952444333647122221 ) ) ;
#401 = CARTESIAN_POINT ( 'NONE',  ( 27.16827193374868088, -26.66673275486716932, -0.5846479924297733888 ) ) ;
#402 = ORIENTED_EDGE ( 'NONE', *, *, #5067, .F. ) ;
#403 = FACE_BOUND ( 'NONE', #1969, .T. ) ;
#404 = EDGE_LOOP ( 'NONE', ( #2104, #5240, #2370, #1618, #1571, #5403 ) ) ;
#405 = AXIS2_PLACEMENT_3D ( 'NONE', #2632, #5218, #1407 ) ;
#406 = CARTESIAN_POINT ( 'NONE',  ( 31.00000000000000355, -15.96933128205095187, -6.114036101419143776 ) ) ;
#407 = EDGE_CURVE ( 'NONE', #1719, #4780, #4251, .T. ) ;
#408 = CARTESIAN_POINT ( 'NONE',  ( -9.000000000000000000, 1.102182119232617714E-15, -56.50221285621785938 ) ) ;
#409 = CARTESIAN_POINT ( 'NONE',  ( 26.49999999999991118, -9.271398798082268254E-15, -31.50221285621783451 ) ) ;
#410 = CARTESIAN_POINT ( 'NONE',  ( 26.78194517703765953, -23.65579725379648579, -0.2706156240985347350 ) ) ;
#411 = CARTESIAN_POINT ( 'NONE',  ( 26.48229170200159643, -24.19631654834930146, -0.1851318284999214359 ) ) ;
#412 = CARTESIAN_POINT ( 'NONE',  ( 26.00000000000000355, -25.99999999999999645, -6.000000000000001776 ) ) ;
#413 = CARTESIAN_POINT ( 'NONE',  ( 25.00149558378337389, 22.02323038396339783, -4.582423440491136368 ) ) ;
#414 = ORIENTED_EDGE ( 'NONE', *, *, #645, .F. ) ;
#415 = APPLICATION_PROTOCOL_DEFINITION ( 'draft international standard', 'automotive_design', 1998, #373 ) ;
#416 = CARTESIAN_POINT ( 'NONE',  ( 25.28127777621245897, -23.66287217350294725, -4.612098636251197981 ) ) ;
#417 = CARTESIAN_POINT ( 'NONE',  ( 26.09014730124819437, 23.65454900197427435, -0.6267602923454524966 ) ) ;
#418 = LINE ( 'NONE', #1369, #1869 ) ;
#419 = CARTESIAN_POINT ( 'NONE',  ( 26.09424850986474453, -23.67708187206737236, -0.6279232423690547238 ) ) ;
#420 = ORIENTED_EDGE ( 'NONE', *, *, #5495, .T. ) ;
#421 = VERTEX_POINT ( 'NONE', #3029 ) ;
#422 = CARTESIAN_POINT ( 'NONE',  ( 26.20715090070249786, 26.53395885469393178, -1.985276641330216085 ) ) ;
#423 = ORIENTED_EDGE ( 'NONE', *, *, #2690, .T. ) ;
#424 = ADVANCED_FACE ( 'NONE', ( #2196 ), #2623, .T. ) ;
#425 = VECTOR ( 'NONE', #4978, 1000.000000000000000 ) ;
#426 = CARTESIAN_POINT ( 'NONE',  ( 27.12454187345192480, -24.52977842581608670, -0.3887249876982464269 ) ) ;
#427 = CARTESIAN_POINT ( 'NONE',  ( 26.06235484394841961, 23.60460021059897073, -0.6213935090068579692 ) ) ;
#428 = CARTESIAN_POINT ( 'NONE',  ( 18.06274606680623052, -18.00000000000000355, -0.5000000000000022204 ) ) ;
#429 = VERTEX_POINT ( 'NONE', #3445 ) ;
#430 = CYLINDRICAL_SURFACE ( 'NONE', #1684, 1.000000000000000888 ) ;
#431 = EDGE_LOOP ( 'NONE', ( #2427, #5094 ) ) ;
#432 = DIRECTION ( 'NONE',  ( -4.476705744456288765E-15, 0.000000000000000000, -1.000000000000000000 ) ) ;
#433 = AXIS2_PLACEMENT_3D ( 'NONE', #449, #3039, #509 ) ;
#434 = DIRECTION ( 'NONE',  ( 1.000000000000000000, -0.000000000000000000, -3.491481338843133355E-15 ) ) ;
#435 = DIRECTION ( 'NONE',  ( 3.491481338843133355E-15, -2.837512552792565600E-16, 1.000000000000000000 ) ) ;
#436 = CARTESIAN_POINT ( 'NONE',  ( 25.88052970095191085, -22.27474778902272945, -0.06453983838857213495 ) ) ;
#437 = CARTESIAN_POINT ( 'NONE',  ( -3.210507612007644906E-15, -17.49999999999999645, 0.000000000000000000 ) ) ;
#438 = DIRECTION ( 'NONE',  ( 1.000000000000000000, 0.000000000000000000, 0.000000000000000000 ) ) ;
#439 = CARTESIAN_POINT ( 'NONE',  ( 25.23920341209054641, 21.26460324752840592, -5.028991111915781964 ) ) ;
#440 = ORIENTED_EDGE ( 'NONE', *, *, #1827, .F. ) ;
#441 = CIRCLE ( 'NONE', #3542, 1.550000000000002709 ) ;
#442 = AXIS2_PLACEMENT_3D ( 'NONE', #2724, #2229, #4003 ) ;
#443 = CARTESIAN_POINT ( 'NONE',  ( 25.71095355503177160, 26.84926862314369700, -4.730572625533998377 ) ) ;
#444 = CARTESIAN_POINT ( 'NONE',  ( 25.37444921370392947, -24.53254097357230279, -4.635761295827151685 ) ) ;
#445 = CARTESIAN_POINT ( 'NONE',  ( 26.44508933473624879, 24.51834285675730385, -0.7150821344636785204 ) ) ;
#446 = CARTESIAN_POINT ( 'NONE',  ( 26.64332957562093895, -26.50117873588481743, -0.5567484149872495847 ) ) ;
#447 = CARTESIAN_POINT ( 'NONE',  ( 26.21287510672044974, -23.91349204388832916, -0.6542585745098002947 ) ) ;
#448 = AXIS2_PLACEMENT_3D ( 'NONE', #690, #2445, #4598 ) ;
#449 = CARTESIAN_POINT ( 'NONE',  ( 11.69134295108992383, -6.749999999999999112, -5.000000000000000000 ) ) ;
#450 = EDGE_LOOP ( 'NONE', ( #4797, #3795 ) ) ;
#451 = EDGE_LOOP ( 'NONE', ( #842, #2920 ) ) ;
#452 = EDGE_CURVE ( 'NONE', #703, #1128, #662, .T. ) ;
#453 = CARTESIAN_POINT ( 'NONE',  ( 25.23484456311782154, -21.43809215796667544, -5.000000000000000000 ) ) ;
#454 = EDGE_LOOP ( 'NONE', ( #3668, #2189, #4513, #3222 ) ) ;
#455 = EDGE_CURVE ( 'NONE', #5241, #1428, #216, .T. ) ;
#456 = EDGE_CURVE ( 'NONE', #698, #429, #1756, .T. ) ;
#457 = CARTESIAN_POINT ( 'NONE',  ( 25.29667016235450205, -21.54629263585745491, -0.007297142882127079233 ) ) ;
#458 = CARTESIAN_POINT ( 'NONE',  ( 26.01797887760387340, 23.52287979271360285, -0.6125071861211961455 ) ) ;
#459 = ORIENTED_EDGE ( 'NONE', *, *, #303, .F. ) ;
#460 = DIRECTION ( 'NONE',  ( -0.000000000000000000, -0.000000000000000000, -1.000000000000000000 ) ) ;
#461 = VERTEX_POINT ( 'NONE', #75 ) ;
#462 = LINE ( 'NONE', #1331, #2447 ) ;
#463 = EDGE_CURVE ( 'NONE', #2601, #5185, #3152, .T. ) ;
#464 = DIRECTION ( 'NONE',  ( 1.000000000000000000, -0.000000000000000000, -3.491481338843133355E-15 ) ) ;
#465 = CARTESIAN_POINT ( 'NONE',  ( 27.89999999999999503, -14.41933128205095294, -9.114036101419131342 ) ) ;
#466 = CARTESIAN_POINT ( 'NONE',  ( 25.71223446669803181, -22.05801826683637401, -0.04239223800830226041 ) ) ;
#467 = LINE ( 'NONE', #496, #3594 ) ;
#468 = CARTESIAN_POINT ( 'NONE',  ( 24.99999999999999645, -22.01571739626974988, -4.500000000000003553 ) ) ;
#469 = CIRCLE ( 'NONE', #3665, 7.999999999999992895 ) ;
#470 = CARTESIAN_POINT ( 'NONE',  ( 25.23015903861752562, 21.19772939930084021, -5.026846817864700334 ) ) ;
#471 = ORIENTED_EDGE ( 'NONE', *, *, #1710, .T. ) ;
#472 = CARTESIAN_POINT ( 'NONE',  ( 25.04760839403955686, -22.26320320107610939, -4.583506298416771152 ) ) ;
#473 = CARTESIAN_POINT ( 'NONE',  ( 25.37003407097589758, 21.63672714777572637, -0.01141048535073653503 ) ) ;
#474 = CIRCLE ( 'NONE', #3491, 2.999999999999999112 ) ;
#475 = CARTESIAN_POINT ( 'NONE',  ( 25.57144505991396244, 24.53003182415950434, -5.179357687792756515 ) ) ;
#476 = CARTESIAN_POINT ( 'NONE',  ( 25.73713817174588314, -23.06732692773447724, -0.5658794951699798181 ) ) ;
#477 = CARTESIAN_POINT ( 'NONE',  ( 24.98031243444688698, 21.98143829131061722, -0.5092426626859646310 ) ) ;
#478 = DIRECTION ( 'NONE',  ( -4.476705744456299021E-15, 0.000000000000000000, -1.000000000000000000 ) ) ;
#479 = ORIENTED_EDGE ( 'NONE', *, *, #1686, .F. ) ;
#480 = ORIENTED_EDGE ( 'NONE', *, *, #2493, .F. ) ;
#481 = CARTESIAN_POINT ( 'NONE',  ( 27.89999999999995950, -22.38817675479887725, -17.08288157416712139 ) ) ;
#482 = CIRCLE ( 'NONE', #1188, 2.999999999999995559 ) ;
#483 = ADVANCED_FACE ( 'NONE', ( #3942 ), #3862, .F. ) ;
#484 = EDGE_LOOP ( 'NONE', ( #1788, #4806, #140, #5223 ) ) ;
#485 = CIRCLE ( 'NONE', #1288, 1.000000000000000888 ) ;
#486 = CARTESIAN_POINT ( 'NONE',  ( 25.99999999999982947, -19.64310073908833232, -55.47260893100325774 ) ) ;
#487 = CARTESIAN_POINT ( 'NONE',  ( 26.43625926894488387, 24.48538979461334364, -0.7125178820665981627 ) ) ;
#488 = ORIENTED_EDGE ( 'NONE', *, *, #5248, .F. ) ;
#489 = PLANE ( 'NONE',  #3583 ) ;
#490 = ORIENTED_EDGE ( 'NONE', *, *, #5471, .T. ) ;
#491 = VECTOR ( 'NONE', #2992, 1000.000000000000000 ) ;
#492 = LINE ( 'NONE', #2191, #2184 ) ;
#493 = CARTESIAN_POINT ( 'NONE',  ( -9.000000000000000000, 1.102182119232617714E-15, -4.499999999999997335 ) ) ;
#494 = LINE ( 'NONE', #3356, #360 ) ;
#495 = CARTESIAN_POINT ( 'NONE',  ( 25.34641428686340703, -21.60660485416135401, -0.01000126495110081372 ) ) ;
#496 = CARTESIAN_POINT ( 'NONE',  ( 25.99999999999986144, 26.50000000000001421, -48.50221285621783807 ) ) ;
#497 = FACE_OUTER_BOUND ( 'NONE', #644, .T. ) ;
#498 = VECTOR ( 'NONE', #708, 1000.000000000000000 ) ;
#499 = CARTESIAN_POINT ( 'NONE',  ( 25.11216210809854843, 20.32049746609490271, -5.006309494277846106 ) ) ;
#500 = ORIENTED_EDGE ( 'NONE', *, *, #3485, .T. ) ;
#501 = B_SPLINE_SURFACE_WITH_KNOTS ( 'NONE', 1, 3, ( 
 ( #364, #1987, #2065, #2835, #4538, #243, #2895, #2415, #5427, #752, #3252, #4506, #3199, #3730, #725, #4897, #1621, #4480, #2388, #3670, #4144, #332, #3311, #5371, #5010, #1957, #1198, #4117, #304, #2013, #3702, #5317, #1081, #2782, #2088, #5484, #1674, #4284, #4627, #1761, #5037, #3867, #3363, #3338, #3449, #811, #1313, #1342, #3783, #55, #4258, #5068, #1649, #1255, #1706, #2556, #1227, #2116, #2978, #4312 ),
 ( #503, #1, #3757, #3392, #834, #2922, #3420, #5097, #2953, #4679, #860, #2503, #3034, #5151, #4229, #4652, #444, #1283, #2146, #2530, #4201, #4734, #3808, #3839, #27, #5121, #416, #3004, #1733, #4704, #891, #2587, #918, #472, #390, #2615, #2171, #5454, #3499, #183, #1442, #4388, #1838, #5200, #1863, #3135, #2640, #3163, #4339, #526, #4834, #1813, #2249, #2273, #4444, #1391, #3550, #2200, #1889, #2225 ) ),
 .UNSPECIFIED., .F., .F., .F.,
 ( 2, 2 ),
 ( 4, 2, 2, 2, 2, 2, 2, 2, 2, 2, 2, 2, 2, 2, 2, 2, 2, 2, 2, 2, 2, 2, 2, 2, 2, 2, 2, 2, 2, 4 ),
 ( 0.000000000000000000, 1.000000000000000000 ),
 ( 0.002082297709082346106, 0.002578105016585341414, 0.003073912324088336288, 0.003569719631591331162, 0.003817623285342828816, 0.004065526939094326470, 0.004313430592845823690, 0.004437382419721571866, 0.004499358333159446388, 0.004561334246597320910, 0.004685286073473069954, 0.004809237900348818998, 0.005057141554100316218, 0.005552948861603311526, 0.006048756169106305966, 0.006544563476609300406, 0.006792467130360798494, 0.006916418957236547538, 0.006978394870674422060, 0.007040370784112295714, 0.007102346697550169369, 0.007164322610988043891, 0.007288274437863792934, 0.007412226264739541978, 0.007536178091615291022, 0.007784081745366788242, 0.008031985399118285462, 0.008527792706621279903, 0.009023600014124274343, 0.01001521462913026496 ),
 .UNSPECIFIED. ) ;
#502 = EDGE_CURVE ( 'NONE', #4512, #3294, #311, .T. ) ;
#503 = CARTESIAN_POINT ( 'NONE',  ( 25.40150054584593420, -26.87894144859402346, -4.643925027612276324 ) ) ;
#504 = CARTESIAN_POINT ( 'NONE',  ( 27.00981393388897800, 24.16105513113694769, -0.3466216822457324764 ) ) ;
#505 = AXIS2_PLACEMENT_3D ( 'NONE', #2307, #3529, #1031 ) ;
#506 = FACE_OUTER_BOUND ( 'NONE', #2648, .T. ) ;
#507 = CARTESIAN_POINT ( 'NONE',  ( 25.00000000000000000, -22.01571739626974988, -0.5144917509837982905 ) ) ;
#508 = DIRECTION ( 'NONE',  ( -1.000000000000000000, -1.920774913804158804E-16, 0.000000000000000000 ) ) ;
#509 = DIRECTION ( 'NONE',  ( -1.000000000000000000, 0.000000000000000000, 0.000000000000000000 ) ) ;
#510 = ORIENTED_EDGE ( 'NONE', *, *, #3143, .F. ) ;
#511 = FACE_BOUND ( 'NONE', #2341, .T. ) ;
#512 = VERTEX_POINT ( 'NONE', #2974 ) ;
#513 = LINE ( 'NONE', #2239, #701 ) ;
#514 = ORIENTED_EDGE ( 'NONE', *, *, #1201, .F. ) ;
#515 = FACE_OUTER_BOUND ( 'NONE', #3371, .T. ) ;
#516 = FACE_OUTER_BOUND ( 'NONE', #2995, .T. ) ;
#517 = DIRECTION ( 'NONE',  ( 0.000000000000000000, 1.000000000000000000, 0.000000000000000000 ) ) ;
#518 = DIRECTION ( 'NONE',  ( 1.000000000000000000, -0.000000000000000000, -3.491481338843133355E-15 ) ) ;
#519 = CARTESIAN_POINT ( 'NONE',  ( 27.10020284366018473, -24.43830925238675533, -0.3795723179685384641 ) ) ;
#520 = DIRECTION ( 'NONE',  ( -1.000000000000000000, 0.000000000000000000, 0.000000000000000000 ) ) ;
#521 = AXIS2_PLACEMENT_3D ( 'NONE', #2327, #1078, #660 ) ;
#522 = CARTESIAN_POINT ( 'NONE',  ( 25.32243531069860154, 21.88431754291736553, -5.053400002481488684 ) ) ;
#523 = VERTEX_POINT ( 'NONE', #1360 ) ;
#524 = AXIS2_PLACEMENT_3D ( 'NONE', #1093, #3683, #5018 ) ;
#525 = AXIS2_PLACEMENT_3D ( 'NONE', #826, #3303, #381 ) ;
#526 = CARTESIAN_POINT ( 'NONE',  ( 24.89899117883422264, -21.49703026078159951, -4.586100052412564132 ) ) ;
#527 = CARTESIAN_POINT ( 'NONE',  ( 25.43817575534242792, 21.71780997933406354, -0.01602054726155845155 ) ) ;
#528 = DIRECTION ( 'NONE',  ( -1.000000000000000000, 0.000000000000000000, 3.491481338843133355E-15 ) ) ;
#529 = LINE ( 'NONE', #3503, #1809 ) ;
#530 = CARTESIAN_POINT ( 'NONE',  ( 27.89999999999984226, 15.96933128205093766, -53.89038961101654479 ) ) ;
#531 = EDGE_CURVE ( 'NONE', #1340, #2987, #1834, .T. ) ;
#532 = VECTOR ( 'NONE', #2709, 1000.000000000000114 ) ;
#533 = CARTESIAN_POINT ( 'NONE',  ( 24.99999999999999289, -27.00000000000000355, -6.000000000000000000 ) ) ;
#534 = ORIENTED_EDGE ( 'NONE', *, *, #2805, .T. ) ;
#535 = AXIS2_PLACEMENT_3D ( 'NONE', #273, #2866, #1139 ) ;
#536 = FACE_BOUND ( 'NONE', #349, .T. ) ;
#537 = ADVANCED_FACE ( 'NONE', ( #102 ), #4452, .F. ) ;
#538 = LINE ( 'NONE', #428, #2441 ) ;
#539 = ORIENTED_EDGE ( 'NONE', *, *, #1972, .T. ) ;
#540 = AXIS2_PLACEMENT_3D ( 'NONE', #4137, #238, #2465 ) ;
#541 = ORIENTED_EDGE ( 'NONE', *, *, #2272, .T. ) ;
#542 = EDGE_CURVE ( 'NONE', #4263, #4819, #2091, .T. ) ;
#543 = DIRECTION ( 'NONE',  ( -0.000000000000000000, -0.000000000000000000, -1.000000000000000000 ) ) ;
#544 = ORIENTED_EDGE ( 'NONE', *, *, #1977, .F. ) ;
#545 = ADVANCED_FACE ( 'NONE', ( #1914 ), #4758, .F. ) ;
#546 = CARTESIAN_POINT ( 'NONE',  ( 25.83474738668799020, -27.00000000000000355, -4.753726834970130710 ) ) ;
#547 = CARTESIAN_POINT ( 'NONE',  ( 0.000000000000000000, 0.000000000000000000, 0.000000000000000000 ) ) ;
#548 = PLANE ( 'NONE',  #5232 ) ;
#549 = CARTESIAN_POINT ( 'NONE',  ( 27.89999999999997371, -22.38817675479887725, -13.98288157416712352 ) ) ;
#550 = DIRECTION ( 'NONE',  ( -3.491481338843133355E-15, 1.575895479354887601E-16, -1.000000000000000000 ) ) ;
#551 = CARTESIAN_POINT ( 'NONE',  ( 25.41144935839487573, 22.59709256777247788, -5.088519183775025212 ) ) ;
#552 = ORIENTED_EDGE ( 'NONE', *, *, #3909, .T. ) ;
#553 = ADVANCED_FACE ( 'NONE', ( #4046, #263 ), #152, .F. ) ;
#554 = DIRECTION ( 'NONE',  ( -0.000000000000000000, -0.000000000000000000, -1.000000000000000000 ) ) ;
#555 = CARTESIAN_POINT ( 'NONE',  ( 25.70626619724396278, 22.04453780361172477, -0.04155036608126004560 ) ) ;
#556 = CARTESIAN_POINT ( 'NONE',  ( 25.43195977838030686, -22.78863584802946463, -5.097959513706878276 ) ) ;
#557 = DIRECTION ( 'NONE',  ( -4.476705744456293499E-15, 0.000000000000000000, -1.000000000000000000 ) ) ;
#558 = CARTESIAN_POINT ( 'NONE',  ( 1.549999999999999378, 13.50000000000000000, -5.000000000000000000 ) ) ;
#559 = EDGE_CURVE ( 'NONE', #4957, #3069, #165, .T. ) ;
#560 = CARTESIAN_POINT ( 'NONE',  ( -3.306546357697853339E-15, -18.00000000000000000, -5.000000000000000000 ) ) ;
#561 = AXIS2_PLACEMENT_3D ( 'NONE', #49, #1308, #883 ) ;
#562 = ORIENTED_EDGE ( 'NONE', *, *, #4150, .F. ) ;
#563 = CARTESIAN_POINT ( 'NONE',  ( 1.549999999999999822, 13.50000000000000000, -1.899999999999999689 ) ) ;
#564 = CARTESIAN_POINT ( 'NONE',  ( 27.08633409451145724, -26.83340620005169086, -0.7314117858483081269 ) ) ;
#565 = ORIENTED_EDGE ( 'NONE', *, *, #5055, .T. ) ;
#566 = EDGE_CURVE ( 'NONE', #421, #1648, #1107, .T. ) ;
#567 = EDGE_LOOP ( 'NONE', ( #4724, #3497 ) ) ;
#568 = DIRECTION ( 'NONE',  ( -0.000000000000000000, -0.000000000000000000, 1.000000000000000000 ) ) ;
#569 = ORIENTED_EDGE ( 'NONE', *, *, #4497, .F. ) ;
#570 = LINE ( 'NONE', #4878, #4968 ) ;
#571 = CARTESIAN_POINT ( 'NONE',  ( 24.99999999999999289, -26.50000000000000355, -6.000000000000000000 ) ) ;
#572 = CARTESIAN_POINT ( 'NONE',  ( -9.500000000000008882, 0.000000000000000000, -4.999999999999997335 ) ) ;
#573 = DIRECTION ( 'NONE',  ( 1.000000000000000000, -0.000000000000000000, -3.491481338843133355E-15 ) ) ;
#574 = CARTESIAN_POINT ( 'NONE',  ( 25.28184285212221027, 27.00000000000000355, -5.040539418888082324 ) ) ;
#575 = ORIENTED_EDGE ( 'NONE', *, *, #2805, .F. ) ;
#576 = CIRCLE ( 'NONE', #3056, 3.000000000000000888 ) ;
#577 = CARTESIAN_POINT ( 'NONE',  ( 30.99999999999983658, 19.64310073908832166, -55.47260893100328616 ) ) ;
#578 = CARTESIAN_POINT ( 'NONE',  ( 27.07526182838740070, 24.35701147102646047, -0.3703206061798737792 ) ) ;
#579 = CARTESIAN_POINT ( 'NONE',  ( 25.45080694999365534, -22.96647547597202177, -5.107377743709727191 ) ) ;
#580 = CARTESIAN_POINT ( 'NONE',  ( 25.20280265722163904, 21.38955896090424957, -0.002730085537058910081 ) ) ;
#581 = CARTESIAN_POINT ( 'NONE',  ( 0.000000000000000000, 0.000000000000000000, 0.000000000000000000 ) ) ;
#582 = DIRECTION ( 'NONE',  ( -0.000000000000000000, -0.000000000000000000, 1.000000000000000000 ) ) ;
#583 = VECTOR ( 'NONE', #4520, 1000.000000000000000 ) ;
#584 = CARTESIAN_POINT ( 'NONE',  ( 25.25233106419069884, 21.36173524623855258, -5.032293944932608731 ) ) ;
#585 = AXIS2_PLACEMENT_3D ( 'NONE', #1041, #2818, #1095 ) ;
#586 = LINE ( 'NONE', #1845, #946 ) ;
#587 = CARTESIAN_POINT ( 'NONE',  ( 25.78055798466471771, 22.13834365106617597, -0.05095908244836330758 ) ) ;
#588 = ORIENTED_EDGE ( 'NONE', *, *, #3426, .T. ) ;
#589 = ORIENTED_EDGE ( 'NONE', *, *, #2682, .F. ) ;
#590 = VERTEX_POINT ( 'NONE', #5048 ) ;
#591 = CARTESIAN_POINT ( 'NONE',  ( 2.999999999999999556, 13.50000000000000000, -5.000000000000000000 ) ) ;
#592 = EDGE_CURVE ( 'NONE', #931, #3456, #2055, .T. ) ;
#593 = ORIENTED_EDGE ( 'NONE', *, *, #5149, .F. ) ;
#594 = LINE ( 'NONE', #2342, #5157 ) ;
#595 = DIRECTION ( 'NONE',  ( -1.000000000000000000, 0.000000000000000000, 3.491481338843133355E-15 ) ) ;
#596 = DIRECTION ( 'NONE',  ( 1.000000000000000000, -0.000000000000000000, -3.491481338843133355E-15 ) ) ;
#597 = CARTESIAN_POINT ( 'NONE',  ( 25.17726115493479710, -22.98790244844154174, -4.594463249294753027 ) ) ;
#598 = CARTESIAN_POINT ( 'NONE',  ( 25.23586522931147158, 24.08066346698437599, -5.028184186634076625 ) ) ;
#599 = ORIENTED_EDGE ( 'NONE', *, *, #4745, .T. ) ;
#600 = CARTESIAN_POINT ( 'NONE',  ( 18.06274606680622696, 17.49999999999999645, 0.000000000000000000 ) ) ;
#601 = CARTESIAN_POINT ( 'NONE',  ( 26.97317907601458131, 24.06488812364497321, -0.3337180747631007804 ) ) ;
#602 = AXIS2_PLACEMENT_3D ( 'NONE', #4983, #1705, #2952 ) ;
#603 = CARTESIAN_POINT ( 'NONE',  ( 25.57856239830401890, -24.72037474912332655, -5.184361822300832756 ) ) ;
#604 = DIRECTION ( 'NONE',  ( 1.541976423090494894E-16, 1.000000000000000000, 0.000000000000000000 ) ) ;
#605 = CARTESIAN_POINT ( 'NONE',  ( 25.20951152433491060, 23.17158579825246534, -4.599106659394959884 ) ) ;
#606 = CARTESIAN_POINT ( 'NONE',  ( 30.99999999999986500, 22.38817675479886660, -47.47154413826856967 ) ) ;
#607 = EDGE_CURVE ( 'NONE', #5041, #3781, #5467, .T. ) ;
#608 = DIRECTION ( 'NONE',  ( 0.000000000000000000, 1.000000000000000000, 0.000000000000000000 ) ) ;
#609 = ORIENTED_EDGE ( 'NONE', *, *, #2493, .T. ) ;
#610 = VECTOR ( 'NONE', #288, 1000.000000000000000 ) ;
#611 = DIRECTION ( 'NONE',  ( -0.000000000000000000, -0.000000000000000000, -1.000000000000000000 ) ) ;
#612 = AXIS2_PLACEMENT_3D ( 'NONE', #3595, #1830, #1489 ) ;
#613 = CARTESIAN_POINT ( 'NONE',  ( 24.95256888974017428, -21.77260262960949078, -4.583349989862257168 ) ) ;
#614 = ORIENTED_EDGE ( 'NONE', *, *, #5397, .T. ) ;
#615 = ORIENTED_EDGE ( 'NONE', *, *, #2115, .T. ) ;
#616 = ADVANCED_FACE ( 'NONE', ( #4188 ), #1238, .F. ) ;
#617 = ORIENTED_EDGE ( 'NONE', *, *, #2951, .F. ) ;
#618 = EDGE_CURVE ( 'NONE', #461, #4365, #2425, .T. ) ;
#619 = DIRECTION ( 'NONE',  ( 0.7071067811865536790, 8.659560562355009279E-17, -0.7071067811865414665 ) ) ;
#620 = VERTEX_POINT ( 'NONE', #4242 ) ;
#621 = AXIS2_PLACEMENT_3D ( 'NONE', #1857, #1833, #204 ) ;
#622 = CARTESIAN_POINT ( 'NONE',  ( 30.99999999999986500, 22.38817675479886660, -47.47154413826856967 ) ) ;
#623 = CARTESIAN_POINT ( 'NONE',  ( 9.000000000000000000, 0.000000000000000000, -4.499999999999997335 ) ) ;
#624 = CARTESIAN_POINT ( 'NONE',  ( 26.13526708761289896, -23.75333319026299606, -0.6363954964541472803 ) ) ;
#625 = CYLINDRICAL_SURFACE ( 'NONE', #352, 1.549999999999992273 ) ;
#626 = CARTESIAN_POINT ( 'NONE',  ( 26.79448776273019917, 25.92004278033168063, -0.2736194075983239271 ) ) ;
#627 = EDGE_LOOP ( 'NONE', ( #378, #588, #697 ) ) ;
#628 = EDGE_CURVE ( 'NONE', #2491, #1225, #5209, .T. ) ;
#629 = CARTESIAN_POINT ( 'NONE',  ( 25.10913603442357100, -21.70167502679642624, -0.2460792722743420369 ) ) ;
#630 = CARTESIAN_POINT ( 'NONE',  ( 27.89999999999983160, -18.72465837482898721, -55.07705410100660259 ) ) ;
#631 = CARTESIAN_POINT ( 'NONE',  ( 25.33369625589931573, -21.97036739641673009, -5.057319319272735925 ) ) ;
#632 = DIRECTION ( 'NONE',  ( 0.000000000000000000, -0.8143058324479308663, 0.5804360526718531643 ) ) ;
#633 = CARTESIAN_POINT ( 'NONE',  ( 25.40705805563484887, 26.54780586929525299, -4.645613829831124697 ) ) ;
#634 = DIRECTION ( 'NONE',  ( -1.387778780781445202E-14, 0.000000000000000000, -1.000000000000000000 ) ) ;
#635 = CARTESIAN_POINT ( 'NONE',  ( 25.28489828042590659, 21.60342778732183788, -5.041375917219936831 ) ) ;
#636 = ORIENTED_EDGE ( 'NONE', *, *, #4089, .F. ) ;
#637 = CARTESIAN_POINT ( 'NONE',  ( 27.25720299696262927, -26.38193992631380524, -0.4407650510599517291 ) ) ;
#638 = DIRECTION ( 'NONE',  ( 1.000000000000000000, -0.000000000000000000, -3.491481338843133355E-15 ) ) ;
#639 = EDGE_CURVE ( 'NONE', #3003, #2710, #2795, .T. ) ;
#640 = CARTESIAN_POINT ( 'NONE',  ( 0.000000000000000000, 0.000000000000000000, -4.999999999999997335 ) ) ;
#641 = ORIENTED_EDGE ( 'NONE', *, *, #5290, .F. ) ;
#642 = ORIENTED_EDGE ( 'NONE', *, *, #4932, .F. ) ;
#643 = VECTOR ( 'NONE', #5056, 1000.000000000000000 ) ;
#644 = EDGE_LOOP ( 'NONE', ( #847, #3440, #5328, #2678 ) ) ;
#645 = EDGE_CURVE ( 'NONE', #4097, #5346, #1033, .T. ) ;
#646 = DIRECTION ( 'NONE',  ( -3.469446951953615372E-15, 0.000000000000000000, -1.000000000000000000 ) ) ;
#647 = AXIS2_PLACEMENT_3D ( 'NONE', #563, #4177, #2838 ) ;
#648 = ORIENTED_EDGE ( 'NONE', *, *, #91, .F. ) ;
#649 = LINE ( 'NONE', #2684, #2654 ) ;
#650 = CARTESIAN_POINT ( 'NONE',  ( 30.99999999999997513, -22.38817675479887725, -13.98288157416713773 ) ) ;
#651 = DIRECTION ( 'NONE',  ( -1.575895479354882178E-16, -1.000000000000000000, 0.000000000000000000 ) ) ;
#652 = CARTESIAN_POINT ( 'NONE',  ( 25.31298373349789088, -23.90928131804125556, -4.619385871882226269 ) ) ;
#653 = CARTESIAN_POINT ( 'NONE',  ( 26.45467830675474374, 24.16892956735583908, -0.1789027963161684276 ) ) ;
#654 = AXIS2_PLACEMENT_3D ( 'NONE', #2841, #1060, #2393 ) ;
#655 = CYLINDRICAL_SURFACE ( 'NONE', #1966, 1.549999999999994049 ) ;
#656 = CARTESIAN_POINT ( 'NONE',  ( 27.89999999999986358, 23.93817675479886375, -47.47154413826855546 ) ) ;
#657 = CARTESIAN_POINT ( 'NONE',  ( 25.33119625493269922, -21.95104884644296916, -5.056436246740862117 ) ) ;
#658 = DIRECTION ( 'NONE',  ( -0.000000000000000000, -0.000000000000000000, 1.000000000000000000 ) ) ;
#659 = CARTESIAN_POINT ( 'NONE',  ( 25.40896705870103389, 25.46829882587045191, -4.646188599570498567 ) ) ;
#660 = DIRECTION ( 'NONE',  ( -3.469446951953617344E-15, 0.000000000000000000, -1.000000000000000000 ) ) ;
#661 = EDGE_CURVE ( 'NONE', #3879, #4716, #4791, .T. ) ;
#662 = CIRCLE ( 'NONE', #3953, 1.549999999999995826 ) ;
#663 = CARTESIAN_POINT ( 'NONE',  ( 25.56393941084003529, 24.36255675092521500, -5.174182962328933044 ) ) ;
#664 = ORIENTED_EDGE ( 'NONE', *, *, #5216, .T. ) ;
#665 = PLANE ( 'NONE',  #896 ) ;
#666 = AXIS2_PLACEMENT_3D ( 'NONE', #3226, #4987, #246 ) ;
#667 = CARTESIAN_POINT ( 'NONE',  ( 24.93265466275714104, 21.92827316952423899, -0.5146872919395935053 ) ) ;
#668 = DIRECTION ( 'NONE',  ( -4.476705744456293499E-15, 0.000000000000000000, -1.000000000000000000 ) ) ;
#669 = LINE ( 'NONE', #5351, #3334 ) ;
#670 = DIRECTION ( 'NONE',  ( -0.000000000000000000, -0.000000000000000000, 1.000000000000000000 ) ) ;
#671 = VERTEX_POINT ( 'NONE', #4665 ) ;
#672 = AXIS2_PLACEMENT_3D ( 'NONE', #3103, #3049, #2266 ) ;
#673 = EDGE_LOOP ( 'NONE', ( #3257, #4929, #648, #688, #4088 ) ) ;
#674 = CARTESIAN_POINT ( 'NONE',  ( 25.12983697367528890, -21.54145507816584626, -4.855953442587860991 ) ) ;
#675 = ORIENTED_EDGE ( 'NONE', *, *, #4812, .T. ) ;
#676 = CYLINDRICAL_SURFACE ( 'NONE', #3812, 2.999999999999995559 ) ;
#677 = B_SPLINE_CURVE_WITH_KNOTS ( 'NONE', 3,
 ( #3113, #4759, #996, #944 ),
 .UNSPECIFIED., .F., .F.,
 ( 4, 4 ),
 ( 0.000000000000000000, 0.0005317919171294110351 ),
 .UNSPECIFIED. ) ;
#678 = CARTESIAN_POINT ( 'NONE',  ( -8.522208655980945124, 6.074999999999997513, -3.000000000000002665 ) ) ;
#679 = LINE ( 'NONE', #260, #610 ) ;
#680 = CARTESIAN_POINT ( 'NONE',  ( 13.24134295108992276, -6.749999999999999112, -1.899999999999999689 ) ) ;
#681 = CARTESIAN_POINT ( 'NONE',  ( 25.26097870261948941, 24.46397033890586314, -5.034653481678073028 ) ) ;
#682 = DIRECTION ( 'NONE',  ( 1.000000000000000000, -0.000000000000000000, -3.491481338843133355E-15 ) ) ;
#683 = CARTESIAN_POINT ( 'NONE',  ( 27.24554433703244882, 25.36001680201712460, -0.4360345606814232111 ) ) ;
#684 = FACE_OUTER_BOUND ( 'NONE', #2845, .T. ) ;
#685 = CARTESIAN_POINT ( 'NONE',  ( 25.40961090154802804, 25.51581982854080621, -4.646385559532655307 ) ) ;
#686 = DIRECTION ( 'NONE',  ( 1.000000000000000000, -1.575895479354882178E-16, -3.491481338843133355E-15 ) ) ;
#687 = CARTESIAN_POINT ( 'NONE',  ( 25.18693590291170992, 20.87816242935672406, -5.017374969865882051 ) ) ;
#688 = ORIENTED_EDGE ( 'NONE', *, *, #618, .F. ) ;
#689 = EDGE_CURVE ( 'NONE', #4310, #3790, #1492, .T. ) ;
#690 = CARTESIAN_POINT ( 'NONE',  ( 11.69134295108992383, -6.749999999999999112, -5.000000000000000000 ) ) ;
#691 = EDGE_CURVE ( 'NONE', #3745, #3240, #538, .T. ) ;
#692 = CARTESIAN_POINT ( 'NONE',  ( 24.83889925634712625, 21.80647254908438981, -0.5164961620079884241 ) ) ;
#693 = CARTESIAN_POINT ( 'NONE',  ( 26.57716511862581044, -25.28348528545405571, -0.7545675377268253881 ) ) ;
#694 = DIRECTION ( 'NONE',  ( -3.469446951953615372E-15, 0.000000000000000000, -1.000000000000000000 ) ) ;
#695 = DIRECTION ( 'NONE',  ( -1.000000000000000000, 0.000000000000000000, 0.000000000000000000 ) ) ;
#696 = CIRCLE ( 'NONE', #1498, 22.50000000000000711 ) ;
#697 = ORIENTED_EDGE ( 'NONE', *, *, #281, .T. ) ;
#698 = VERTEX_POINT ( 'NONE', #5239 ) ;
#699 = CIRCLE ( 'NONE', #2833, 22.50000000000000355 ) ;
#700 = ADVANCED_FACE ( 'NONE', ( #3559 ), #3508, .F. ) ;
#701 = VECTOR ( 'NONE', #1378, 1000.000000000000000 ) ;
#702 = DIRECTION ( 'NONE',  ( -0.000000000000000000, -0.000000000000000000, -1.000000000000000000 ) ) ;
#703 = VERTEX_POINT ( 'NONE', #4690 ) ;
#704 = CARTESIAN_POINT ( 'NONE',  ( 25.18363333312037255, 20.99578683169310267, -5.000000000000000000 ) ) ;
#705 = CIRCLE ( 'NONE', #4527, 1.000000000000000888 ) ;
#706 = VECTOR ( 'NONE', #32, 1000.000000000000000 ) ;
#707 = EDGE_CURVE ( 'NONE', #1254, #2704, #2571, .T. ) ;
#708 = DIRECTION ( 'NONE',  ( -3.491481338843133355E-15, 1.575895479354887601E-16, -1.000000000000000000 ) ) ;
#709 = EDGE_CURVE ( 'NONE', #1740, #2287, #4218, .T. ) ;
#710 = CARTESIAN_POINT ( 'NONE',  ( 26.35972072933173393, -24.25620657498308574, -0.6911045967005821078 ) ) ;
#711 = AXIS2_PLACEMENT_3D ( 'NONE', #1415, #4807, #3476 ) ;
#712 = CARTESIAN_POINT ( 'NONE',  ( 25.10409736060951857, 22.15205101525646469, -0.5154227527663656216 ) ) ;
#713 = CARTESIAN_POINT ( 'NONE',  ( 26.57973078714461224, 23.28175657688489508, -0.2116912995563120514 ) ) ;
#714 = ORIENTED_EDGE ( 'NONE', *, *, #4358, .F. ) ;
#715 = EDGE_CURVE ( 'NONE', #5241, #1319, #981, .T. ) ;
#716 = CIRCLE ( 'NONE', #1067, 3.000000000000002665 ) ;
#717 = LINE ( 'NONE', #4108, #1604 ) ;
#718 = CARTESIAN_POINT ( 'NONE',  ( 25.99999999999996803, -22.38817675479887725, -15.53288157416711535 ) ) ;
#719 = CARTESIAN_POINT ( 'NONE',  ( 25.23535690503608464, -21.22281759102619247, -5.028086474302174480 ) ) ;
#720 = CARTESIAN_POINT ( 'NONE',  ( 26.67409313965403683, -24.80496409824347026, -0.2374230849809254029 ) ) ;
#721 = DIRECTION ( 'NONE',  ( 1.000000000000000000, -0.000000000000000000, -3.491481338843133355E-15 ) ) ;
#722 = AXIS2_PLACEMENT_3D ( 'NONE', #3706, #4511, #247 ) ;
#723 = CARTESIAN_POINT ( 'NONE',  ( 25.36986283487090432, 24.47335261582539800, -4.634453075886900919 ) ) ;
#724 = ORIENTED_EDGE ( 'NONE', *, *, #2462, .T. ) ;
#725 = CARTESIAN_POINT ( 'NONE',  ( 25.57359564785451056, -24.57814211342932254, -5.180858844155837417 ) ) ;
#726 = CARTESIAN_POINT ( 'NONE',  ( 25.00539535204536890, 22.02272528279522845, -0.5142959228485978196 ) ) ;
#727 = CARTESIAN_POINT ( 'NONE',  ( 26.41066460665543758, -24.40113242459007026, -0.7051139769950705016 ) ) ;
#728 = CARTESIAN_POINT ( 'NONE',  ( 24.96915964718349201, -21.85773727295590874, -4.582788362167280916 ) ) ;
#729 = CARTESIAN_POINT ( 'NONE',  ( 25.21042483184066541, 21.62273001685534624, -0.1184923558051034914 ) ) ;
#730 = VERTEX_POINT ( 'NONE', #2728 ) ;
#731 = VERTEX_POINT ( 'NONE', #3673 ) ;
#732 = CARTESIAN_POINT ( 'NONE',  ( -10.52220865598093269, 6.074999999999997513, 1.310372075087664981E-15 ) ) ;
#733 = ORIENTED_EDGE ( 'NONE', *, *, #2963, .F. ) ;
#734 = LINE ( 'NONE', #316, #5236 ) ;
#735 = EDGE_CURVE ( 'NONE', #4941, #4852, #3154, .T. ) ;
#736 = CIRCLE ( 'NONE', #5267, 17.49999999999999645 ) ;
#737 = CARTESIAN_POINT ( 'NONE',  ( 25.00000000000000355, 27.00000000000000355, -6.000000000000000000 ) ) ;
#738 = CARTESIAN_POINT ( 'NONE',  ( 26.80570279076306406, -23.70226482998317508, -0.2780658086024754838 ) ) ;
#739 = CARTESIAN_POINT ( 'NONE',  ( 25.38382599372762982, -24.67709251678060767, -4.638516937042847843 ) ) ;
#740 = CARTESIAN_POINT ( 'NONE',  ( 26.49221760321734820, 23.13693493623327413, -0.1882353950351977612 ) ) ;
#741 = ORIENTED_EDGE ( 'NONE', *, *, #1944, .T. ) ;
#742 = DIRECTION ( 'NONE',  ( 1.000000000000000000, -1.575895479354882178E-16, -3.491481338843133355E-15 ) ) ;
#743 = CARTESIAN_POINT ( 'NONE',  ( 30.99999999999998579, 22.38817675479885949, -12.53288157416713133 ) ) ;
#744 = CARTESIAN_POINT ( 'NONE',  ( 25.11932211369416379, -20.34412402802606223, -5.007140245268949741 ) ) ;
#745 = FACE_OUTER_BOUND ( 'NONE', #5138, .T. ) ;
#746 = FACE_OUTER_BOUND ( 'NONE', #2593, .T. ) ;
#747 = CARTESIAN_POINT ( 'NONE',  ( 14.69134295108992561, -6.749999999999999112, -5.000000000000000000 ) ) ;
#748 = CARTESIAN_POINT ( 'NONE',  ( 25.36912304817493080, 24.46355840359197131, -4.634239289004276507 ) ) ;
#749 = ORIENTED_EDGE ( 'NONE', *, *, #5512, .T. ) ;
#750 = AXIS2_PLACEMENT_3D ( 'NONE', #5376, #670, #2366 ) ;
#751 = APPLICATION_PROTOCOL_DEFINITION ( 'draft international standard', 'automotive_design', 1998, #3500 ) ;
#752 = CARTESIAN_POINT ( 'NONE',  ( 25.58752577541499562, -25.07322634954027762, -5.190792815348041600 ) ) ;
#753 = CARTESIAN_POINT ( 'NONE',  ( 24.50595093412516690, 21.37185967049884638, -0.5360195071927329469 ) ) ;
#754 = CARTESIAN_POINT ( 'NONE',  ( 26.49190971354809321, -24.70210334095735405, -0.7286966317319070185 ) ) ;
#755 = DIRECTION ( 'NONE',  ( 1.000000000000000000, -0.000000000000000000, -3.491481338843133355E-15 ) ) ;
#756 = CARTESIAN_POINT ( 'NONE',  ( 27.89999999999997371, 22.38817675479885949, -15.53288157416711712 ) ) ;
#757 = ORIENTED_EDGE ( 'NONE', *, *, #960, .F. ) ;
#758 = VECTOR ( 'NONE', #4280, 1000.000000000000114 ) ;
#759 = ORIENTED_EDGE ( 'NONE', *, *, #4273, .F. ) ;
#760 = CARTESIAN_POINT ( 'NONE',  ( 25.99999999999999645, 15.96933128205093055, -9.114036101419120683 ) ) ;
#761 = VERTEX_POINT ( 'NONE', #4510 ) ;
#762 = CIRCLE ( 'NONE', #1746, 1.999999999999988010 ) ;
#763 = DIRECTION ( 'NONE',  ( -1.000000000000000000, 0.000000000000000000, 3.491481338843133355E-15 ) ) ;
#764 = EDGE_CURVE ( 'NONE', #3737, #5085, #2983, .T. ) ;
#765 = CIRCLE ( 'NONE', #3880, 1.550000000000000933 ) ;
#766 = EDGE_CURVE ( 'NONE', #2871, #2993, #576, .T. ) ;
#767 = CARTESIAN_POINT ( 'NONE',  ( 27.24729799985724910, -26.55787072979615715, -0.4367533179693733336 ) ) ;
#768 = CARTESIAN_POINT ( 'NONE',  ( 25.32918525377058572, -24.04822775363710363, -4.623390809517079703 ) ) ;
#769 = CARTESIAN_POINT ( 'NONE',  ( 30.99999999999986500, 22.38817675479886660, -47.47154413826856967 ) ) ;
#770 = ORIENTED_EDGE ( 'NONE', *, *, #2424, .T. ) ;
#771 = UNCERTAINTY_MEASURE_WITH_UNIT (LENGTH_MEASURE( 1.000000000000000082E-05 ), #3305, 'distance_accuracy_value', 'NONE');
#772 = CARTESIAN_POINT ( 'NONE',  ( 18.06274606680622696, -17.49999999999999645, 0.000000000000000000 ) ) ;
#773 = DIRECTION ( 'NONE',  ( -0.7071067811865442421, 0.7071067811865509034, 2.669492567860412253E-15 ) ) ;
#774 = DIRECTION ( 'NONE',  ( 1.000000000000000000, -0.000000000000000000, -3.491481338843133355E-15 ) ) ;
#775 = SURFACE_STYLE_USAGE ( .BOTH. , #3217 ) ;
#776 = DIRECTION ( 'NONE',  ( 0.000000000000000000, 0.000000000000000000, 1.000000000000000000 ) ) ;
#777 = DIRECTION ( 'NONE',  ( -1.000000000000000000, 0.000000000000000000, 0.000000000000000000 ) ) ;
#778 = CARTESIAN_POINT ( 'NONE',  ( 25.59347514525916978, 26.09110522254498221, -5.195147570949285587 ) ) ;
#779 = ORIENTED_EDGE ( 'NONE', *, *, #4373, .F. ) ;
#780 = DIRECTION ( 'NONE',  ( 1.000000000000000000, -0.000000000000000000, -3.491481338843133355E-15 ) ) ;
#781 = CARTESIAN_POINT ( 'NONE',  ( 26.39953556534731760, 24.36728443946171296, -0.7021259367766302661 ) ) ;
#782 = ADVANCED_FACE ( 'NONE', ( #4033 ), #4030, .F. ) ;
#783 = CARTESIAN_POINT ( 'NONE',  ( 18.06274606680623052, -18.00000000000000355, -4.500000000000003553 ) ) ;
#784 = EDGE_CURVE ( 'NONE', #3345, #3011, #669, .T. ) ;
#785 = CARTESIAN_POINT ( 'NONE',  ( 27.89999999999996660, -22.38817675479887725, -15.53288157416712245 ) ) ;
#786 = ORIENTED_EDGE ( 'NONE', *, *, #4147, .F. ) ;
#787 = ORIENTED_EDGE ( 'NONE', *, *, #984, .F. ) ;
#788 = DIRECTION ( 'NONE',  ( 0.7071067811865279218, -1.089652773953868365E-16, -0.7071067811865671127 ) ) ;
#789 = CIRCLE ( 'NONE', #1138, 18.00000000000000000 ) ;
#790 = ORIENTED_EDGE ( 'NONE', *, *, #4408, .T. ) ;
#791 = DIRECTION ( 'NONE',  ( -3.469446951953619316E-15, 0.000000000000000000, -1.000000000000000000 ) ) ;
#792 = AXIS2_PLACEMENT_3D ( 'NONE', #2914, #434, #4695 ) ;
#793 = CARTESIAN_POINT ( 'NONE',  ( 26.42867459088018123, -23.05014106158378695, -0.1720453058849819583 ) ) ;
#794 = CARTESIAN_POINT ( 'NONE',  ( 25.73208652859284129, 23.04624692133333852, -0.5651258342633116438 ) ) ;
#795 = CARTESIAN_POINT ( 'NONE',  ( 26.43244232431140972, 23.04268761997265358, -0.1731294181872836957 ) ) ;
#796 = EDGE_CURVE ( 'NONE', #2710, #3003, #5457, .T. ) ;
#797 = CONICAL_SURFACE ( 'NONE', #5330, 22.50000000000000711, 0.7853981633974621568 ) ;
#798 = ORIENTED_EDGE ( 'NONE', *, *, #3562, .T. ) ;
#799 = CIRCLE ( 'NONE', #5415, 1.549999999999994049 ) ;
#800 = ORIENTED_EDGE ( 'NONE', *, *, #3911, .T. ) ;
#801 = CARTESIAN_POINT ( 'NONE',  ( 30.99999999999997513, 22.38817675479885949, -15.53288157416712778 ) ) ;
#802 = FACE_OUTER_BOUND ( 'NONE', #1389, .T. ) ;
#803 = CARTESIAN_POINT ( 'NONE',  ( 24.99999999999999645, -22.01571739626974988, -4.500000000000003553 ) ) ;
#804 = CARTESIAN_POINT ( 'NONE',  ( 27.90000000000000568, -15.96933128205095187, -6.114036101419131342 ) ) ;
#805 = CARTESIAN_POINT ( 'NONE',  ( 18.06274606680623052, -18.00000000000000355, -5.000000000000000000 ) ) ;
#806 = CARTESIAN_POINT ( 'NONE',  ( 24.99999999999999645, -21.08832942204105620, 0.000000000000000000 ) ) ;
#807 = CIRCLE ( 'NONE', #3914, 2.999999999999999112 ) ;
#808 = CARTESIAN_POINT ( 'NONE',  ( 25.59045877277353753, 26.58539050031873430, -5.192930851915046553 ) ) ;
#809 = ORIENTED_EDGE ( 'NONE', *, *, #463, .F. ) ;
#810 = ADVANCED_FACE ( 'NONE', ( #1592 ), #1901, .F. ) ;
#811 = CARTESIAN_POINT ( 'NONE',  ( 25.29640381703124774, -21.68476642748468564, -5.044921079467007630 ) ) ;
#812 = CARTESIAN_POINT ( 'NONE',  ( 26.40412605286751457, 24.38132548043124004, -0.7034070561327587789 ) ) ;
#813 = CARTESIAN_POINT ( 'NONE',  ( 26.06345235476794286, -23.61959481419754070, -0.6215872012363446997 ) ) ;
#814 = ORIENTED_EDGE ( 'NONE', *, *, #1084, .F. ) ;
#815 = ORIENTED_EDGE ( 'NONE', *, *, #4509, .F. ) ;
#816 = ORIENTED_EDGE ( 'NONE', *, *, #3911, .F. ) ;
#817 = B_SPLINE_CURVE_WITH_KNOTS ( 'NONE', 3,
 ( #1395, #3140, #5286, #2278 ),
 .UNSPECIFIED., .F., .F.,
 ( 4, 4 ),
 ( 0.000000000000000000, 1.000000000000000000 ),
 .UNSPECIFIED. ) ;
#818 = EDGE_CURVE ( 'NONE', #3259, #2961, #307, .T. ) ;
#819 = CARTESIAN_POINT ( 'NONE',  ( 25.02592022692675044, -22.05008683550805770, -0.5145839626679231671 ) ) ;
#820 = CARTESIAN_POINT ( 'NONE',  ( 25.68169418534015591, 22.96821410910597194, -0.5583661838705807900 ) ) ;
#821 = CARTESIAN_POINT ( 'NONE',  ( 27.05278579270767025, 24.28491950830211366, -0.3620790106150170162 ) ) ;
#822 = EDGE_LOOP ( 'NONE', ( #864, #4579, #3715, #565 ) ) ;
#823 = CARTESIAN_POINT ( 'NONE',  ( -8.522208655980943348, 6.074999999999997513, 0.000000000000000000 ) ) ;
#824 = COLOUR_RGB ( '',0.7921568627450980005, 0.8196078431372548767, 0.9333333333333333481 ) ;
#825 = CARTESIAN_POINT ( 'NONE',  ( 27.89999999999996660, -20.83817675479888010, -15.53288157416712245 ) ) ;
#826 = CARTESIAN_POINT ( 'NONE',  ( -11.69134295108992383, -6.749999999999997335, -5.000000000000000000 ) ) ;
#827 = CARTESIAN_POINT ( 'NONE',  ( 27.89999999999983515, -15.96933128205095187, -53.89038961101655190 ) ) ;
#828 = CARTESIAN_POINT ( 'NONE',  ( 26.48546475844746695, -23.14108967752349955, -0.1867580667043166054 ) ) ;
#829 = CARTESIAN_POINT ( 'NONE',  ( 10.52220865598093269, 6.074999999999998401, -3.000000000000002665 ) ) ;
#830 = DIRECTION ( 'NONE',  ( 1.000000000000000000, 0.000000000000000000, 0.000000000000000000 ) ) ;
#831 = CIRCLE ( 'NONE', #920, 1.549999999999994049 ) ;
#832 = CARTESIAN_POINT ( 'NONE',  ( 25.35246058157042626, 24.26742758023560498, -4.629556762884852184 ) ) ;
#833 = EDGE_LOOP ( 'NONE', ( #2565, #1967, #987, #3432 ) ) ;
#834 = CARTESIAN_POINT ( 'NONE',  ( 25.41358325444633692, -26.06203911501695458, -4.647613476814309585 ) ) ;
#835 = CARTESIAN_POINT ( 'NONE',  ( 26.58918034832429811, 26.29016727433936040, -0.7583519689758024818 ) ) ;
#836 = CARTESIAN_POINT ( 'NONE',  ( 12.52220865598092026, 6.074999999999998401, -3.000000000000002665 ) ) ;
#837 = CARTESIAN_POINT ( 'NONE',  ( 25.38601411830558163, -22.54426060473010551, -0.5288017976392389574 ) ) ;
#838 = EDGE_CURVE ( 'NONE', #362, #3582, #1931, .T. ) ;
#839 = ORIENTED_EDGE ( 'NONE', *, *, #5234, .F. ) ;
#840 = ORIENTED_EDGE ( 'NONE', *, *, #1972, .F. ) ;
#841 = DIRECTION ( 'NONE',  ( 1.000000000000000000, -1.575895479354882178E-16, -3.491481338843133355E-15 ) ) ;
#842 = ORIENTED_EDGE ( 'NONE', *, *, #17, .F. ) ;
#843 = AXIS2_PLACEMENT_3D ( 'NONE', #3093, #1453, #3146 ) ;
#844 = CARTESIAN_POINT ( 'NONE',  ( 26.92274985110465835, -23.94843971598609400, -0.3163548820986211707 ) ) ;
#845 = CARTESIAN_POINT ( 'NONE',  ( 25.65656293483535677, 22.92995472787728772, -0.5552183206707913543 ) ) ;
#846 = CARTESIAN_POINT ( 'NONE',  ( 26.00000000000000000, -27.00000000000000355, -6.000000000000001776 ) ) ;
#847 = ORIENTED_EDGE ( 'NONE', *, *, #5045, .T. ) ;
#848 = FACE_OUTER_BOUND ( 'NONE', #2477, .T. ) ;
#849 = ORIENTED_EDGE ( 'NONE', *, *, #962, .T. ) ;
#850 = VECTOR ( 'NONE', #1547, 1000.000000000000114 ) ;
#851 = DIRECTION ( 'NONE',  ( 3.491481338843133355E-15, 0.000000000000000000, 1.000000000000000000 ) ) ;
#852 = LINE ( 'NONE', #1667, #1778 ) ;
#853 = FACE_OUTER_BOUND ( 'NONE', #5132, .T. ) ;
#854 = DIRECTION ( 'NONE',  ( 0.000000000000000000, 0.000000000000000000, -1.000000000000000000 ) ) ;
#855 = DIRECTION ( 'NONE',  ( 0.7071067811865474617, -2.236967177183630002E-17, 0.7071067811865475727 ) ) ;
#856 = LINE ( 'NONE', #412, #3271 ) ;
#857 = CARTESIAN_POINT ( 'NONE',  ( 25.31801132073453431, 21.85107506098864150, -5.051913027531267808 ) ) ;
#858 = VERTEX_POINT ( 'NONE', #276 ) ;
#859 = LINE ( 'NONE', #3283, #4346 ) ;
#860 = CARTESIAN_POINT ( 'NONE',  ( 25.39949580172935484, -25.00945974715822118, -4.643253470382813219 ) ) ;
#861 = CARTESIAN_POINT ( 'NONE',  ( 26.25319989931223930, 23.99095055403597598, -0.6639412711360562769 ) ) ;
#862 = CARTESIAN_POINT ( 'NONE',  ( 25.53630559400819067, 23.90747724085470693, -5.155948258833570996 ) ) ;
#863 = DIRECTION ( 'NONE',  ( -3.469446951953611033E-15, 0.000000000000000000, -1.000000000000000000 ) ) ;
#864 = ORIENTED_EDGE ( 'NONE', *, *, #4615, .F. ) ;
#865 = VERTEX_POINT ( 'NONE', #1565 ) ;
#866 = DIRECTION ( 'NONE',  ( 1.000000000000000000, -0.000000000000000000, -3.491481338843133355E-15 ) ) ;
#867 = ORIENTED_EDGE ( 'NONE', *, *, #5471, .F. ) ;
#868 = EDGE_CURVE ( 'NONE', #5370, #2287, #3202, .T. ) ;
#869 = VECTOR ( 'NONE', #4593, 1000.000000000000000 ) ;
#870 = CARTESIAN_POINT ( 'NONE',  ( 25.45300032072427499, -21.73591597824388444, -0.01711476351504217022 ) ) ;
#871 = CARTESIAN_POINT ( 'NONE',  ( 25.95884412958437082, 23.41863414546238076, -0.6014456878359318859 ) ) ;
#872 = CARTESIAN_POINT ( 'NONE',  ( 30.99999999999997868, -22.38817675479887725, -12.53288157416713489 ) ) ;
#873 = ORIENTED_EDGE ( 'NONE', *, *, #1186, .T. ) ;
#874 = DIRECTION ( 'NONE',  ( 3.469446951953611033E-15, 0.000000000000000000, 1.000000000000000000 ) ) ;
#875 = EDGE_LOOP ( 'NONE', ( #1268, #3534 ) ) ;
#876 = ADVANCED_FACE ( 'NONE', ( #4900 ), #4426, .T. ) ;
#877 = CARTESIAN_POINT ( 'NONE',  ( 25.99999999999984723, 15.96933128205093766, -52.34038961101654053 ) ) ;
#878 = CIRCLE ( 'NONE', #2931, 1.549999999999999378 ) ;
#879 = CARTESIAN_POINT ( 'NONE',  ( 30.99999999999983302, 12.30845354218734755, -55.50221285621785228 ) ) ;
#880 = CONICAL_SURFACE ( 'NONE', #2297, 2.999999999999995559, 0.7853981633974466137 ) ;
#881 = ADVANCED_FACE ( 'NONE', ( #3173 ), #1963, .F. ) ;
#882 = LINE ( 'NONE', #4278, #1252 ) ;
#883 = DIRECTION ( 'NONE',  ( -3.469446951953617344E-15, 0.000000000000000000, -1.000000000000000000 ) ) ;
#884 = DIRECTION ( 'NONE',  ( -4.476705744456293499E-15, 0.000000000000000000, -1.000000000000000000 ) ) ;
#885 = CARTESIAN_POINT ( 'NONE',  ( 26.50000000000000355, -27.00000000000000355, -6.000000000000003553 ) ) ;
#886 = CARTESIAN_POINT ( 'NONE',  ( 25.30141557008388276, 21.72666201352552307, -5.046483178913804934 ) ) ;
#887 = VERTEX_POINT ( 'NONE', #4456 ) ;
#888 = VECTOR ( 'NONE', #3244, 1000.000000000000114 ) ;
#889 = VECTOR ( 'NONE', #2803, 1000.000000000000114 ) ;
#890 = EDGE_CURVE ( 'NONE', #3894, #4873, #1916, .T. ) ;
#891 = CARTESIAN_POINT ( 'NONE',  ( 25.12866778461309636, -22.70355088597948523, -4.588630527794937741 ) ) ;
#892 = CARTESIAN_POINT ( 'NONE',  ( 25.30185508873274358, 21.55562017288145427, -0.007425152954301184050 ) ) ;
#893 = LINE ( 'NONE', #836, #2132 ) ;
#894 = CARTESIAN_POINT ( 'NONE',  ( 25.39224449984115140, -22.55312852856212658, -0.5292589691033107169 ) ) ;
#895 = CARTESIAN_POINT ( 'NONE',  ( 30.99999999999997868, -22.38817675479887725, -12.53288157416713666 ) ) ;
#896 = AXIS2_PLACEMENT_3D ( 'NONE', #4924, #1506, #4090 ) ;
#897 = ADVANCED_FACE ( 'NONE', ( #4927 ), #4764, .T. ) ;
#898 = DIRECTION ( 'NONE',  ( 1.000000000000000000, -0.000000000000000000, -3.491481338843133355E-15 ) ) ;
#899 = ORIENTED_EDGE ( 'NONE', *, *, #2364, .T. ) ;
#900 = VERTEX_POINT ( 'NONE', #1085 ) ;
#901 = CARTESIAN_POINT ( 'NONE',  ( 25.12796003935877565, 21.53976048162675738, -4.855271175901012093 ) ) ;
#902 = ORIENTED_EDGE ( 'NONE', *, *, #1305, .F. ) ;
#903 = CARTESIAN_POINT ( 'NONE',  ( 25.25196345914101670, -21.49208869198077565, -0.005251036594685485476 ) ) ;
#904 = CARTESIAN_POINT ( 'NONE',  ( 26.47561461764915691, 24.63976352876177600, -0.7239992232772315406 ) ) ;
#905 = EDGE_CURVE ( 'NONE', #900, #4189, #1027, .T. ) ;
#906 = ORIENTED_EDGE ( 'NONE', *, *, #1244, .T. ) ;
#907 = LINE ( 'NONE', #5050, #4317 ) ;
#908 = ORIENTED_EDGE ( 'NONE', *, *, #960, .T. ) ;
#909 = LINE ( 'NONE', #1435, #3155 ) ;
#910 = FACE_OUTER_BOUND ( 'NONE', #1657, .T. ) ;
#911 = PLANE ( 'NONE',  #4800 ) ;
#912 = CARTESIAN_POINT ( 'NONE',  ( 26.53104897240088178, -23.21466647217604162, -0.1986288847261057644 ) ) ;
#913 = DIRECTION ( 'NONE',  ( -0.000000000000000000, -0.000000000000000000, -1.000000000000000000 ) ) ;
#914 = DIRECTION ( 'NONE',  ( 1.000000000000000000, -1.541001731203043772E-16, -3.491481338843133355E-15 ) ) ;
#915 = CIRCLE ( 'NONE', #2422, 2.999999999999999112 ) ;
#916 = CARTESIAN_POINT ( 'NONE',  ( 25.10816557013130179, 20.29038072244481938, -5.005866292700919651 ) ) ;
#917 = ORIENTED_EDGE ( 'NONE', *, *, #2907, .F. ) ;
#918 = CARTESIAN_POINT ( 'NONE',  ( 25.07021032764670565, -22.38328124353665061, -4.584478052727975594 ) ) ;
#919 = CARTESIAN_POINT ( 'NONE',  ( 26.84984894475538653, 23.78250911059790340, -0.2922011142078787538 ) ) ;
#920 = AXIS2_PLACEMENT_3D ( 'NONE', #5229, #3166, #557 ) ;
#921 = CARTESIAN_POINT ( 'NONE',  ( 25.55530264007778740, 24.20197248911490817, -5.168350762461775716 ) ) ;
#922 = CYLINDRICAL_SURFACE ( 'NONE', #5451, 1.549999999999995826 ) ;
#923 = DIRECTION ( 'NONE',  ( -1.000000000000000000, 1.575895479354882424E-16, 3.491481338843133355E-15 ) ) ;
#924 = ADVANCED_FACE ( 'NONE', ( #1114 ), #4954, .F. ) ;
#925 = CYLINDRICAL_SURFACE ( 'NONE', #3990, 1.999999999999989564 ) ;
#926 = ORIENTED_EDGE ( 'NONE', *, *, #5347, .F. ) ;
#927 = CARTESIAN_POINT ( 'NONE',  ( 0.000000000000000000, 18.00000000000000000, -5.000000000000000000 ) ) ;
#928 = VECTOR ( 'NONE', #1481, 1000.000000000000114 ) ;
#929 = VERTEX_POINT ( 'NONE', #335 ) ;
#930 = DIRECTION ( 'NONE',  ( -3.469446951953611033E-15, 0.000000000000000000, -1.000000000000000000 ) ) ;
#931 = VERTEX_POINT ( 'NONE', #2870 ) ;
#932 = AXIS2_PLACEMENT_3D ( 'NONE', #2167, #5144, #3472 ) ;
#933 = CARTESIAN_POINT ( 'NONE',  ( 0.000000000000000000, 0.000000000000000000, 0.000000000000000000 ) ) ;
#934 = EDGE_CURVE ( 'NONE', #3437, #731, #4572, .T. ) ;
#935 = AXIS2_PLACEMENT_3D ( 'NONE', #5321, #2419, #3255 ) ;
#936 = CARTESIAN_POINT ( 'NONE',  ( 0.000000000000000000, -12.15000000000000036, 1.310372075087664981E-15 ) ) ;
#937 = CARTESIAN_POINT ( 'NONE',  ( 0.000000000000000000, 13.50000000000000000, -5.000000000000000000 ) ) ;
#938 = DIRECTION ( 'NONE',  ( 1.000000000000000000, -0.000000000000000000, -3.491481338843133355E-15 ) ) ;
#939 = CARTESIAN_POINT ( 'NONE',  ( 26.98047600965120552, -24.08691694731935229, -0.3362783194902467243 ) ) ;
#940 = CARTESIAN_POINT ( 'NONE',  ( 24.73961868385356411, 21.70660258460166858, 4.283827801288665560E-16 ) ) ;
#941 = AXIS2_PLACEMENT_3D ( 'NONE', #571, #5274, #990 ) ;
#942 = CARTESIAN_POINT ( 'NONE',  ( 25.10437999329816350, 20.26182588964694631, -5.005456861113948719 ) ) ;
#943 = VERTEX_POINT ( 'NONE', #1242 ) ;
#944 = CARTESIAN_POINT ( 'NONE',  ( 25.28775818204785253, -21.53548733761639511, -0.006904370138541574865 ) ) ;
#945 = CARTESIAN_POINT ( 'NONE',  ( 26.65994845383280065, 23.41733418712960457, -0.2337289471906644489 ) ) ;
#946 = VECTOR ( 'NONE', #3613, 1000.000000000000000 ) ;
#947 = CARTESIAN_POINT ( 'NONE',  ( 25.57789244409335794, 24.71343885258188422, -5.183887052831662956 ) ) ;
#948 = B_SPLINE_CURVE_WITH_KNOTS ( 'NONE', 3,
 ( #4875, #4850, #4099, #5327, #4821, #4490, #674, #2312, #2369 ),
 .UNSPECIFIED., .F., .F.,
 ( 4, 1, 2, 2, 4 ),
 ( 0.000000000000000000, 0.2500000000000091593, 0.3750000000000084932, 0.5000000000000078826, 1.000000000000000000 ),
 .UNSPECIFIED. ) ;
#949 = DIRECTION ( 'NONE',  ( -3.469446951953617344E-15, 0.000000000000000000, -1.000000000000000000 ) ) ;
#950 = CARTESIAN_POINT ( 'NONE',  ( 10.52220865598093269, 6.074999999999998401, 1.310372075087664981E-15 ) ) ;
#951 = CARTESIAN_POINT ( 'NONE',  ( 18.06274606680622696, 25.99999999999999645, 0.000000000000000000 ) ) ;
#952 = EDGE_LOOP ( 'NONE', ( #2940, #1488 ) ) ;
#953 = ADVANCED_FACE ( 'NONE', ( #2630 ), #489, .T. ) ;
#954 = PLANE ( 'NONE',  #2453 ) ;
#955 = ORIENTED_EDGE ( 'NONE', *, *, #372, .T. ) ;
#956 = ORIENTED_EDGE ( 'NONE', *, *, #5303, .T. ) ;
#957 = CARTESIAN_POINT ( 'NONE',  ( 12.52220865598092026, 6.074999999999998401, -3.000000000000002665 ) ) ;
#958 = ORIENTED_EDGE ( 'NONE', *, *, #1766, .T. ) ;
#959 = CARTESIAN_POINT ( 'NONE',  ( 30.99999999999983302, -13.22367297715325840, -55.09925704491753606 ) ) ;
#960 = EDGE_CURVE ( 'NONE', #5042, #5245, #3779, .T. ) ;
#961 = FACE_OUTER_BOUND ( 'NONE', #4818, .T. ) ;
#962 = EDGE_CURVE ( 'NONE', #4716, #523, #482, .T. ) ;
#963 = CARTESIAN_POINT ( 'NONE',  ( 30.99999999999983302, 12.30845354218734755, -55.50221285621785228 ) ) ;
#964 = CARTESIAN_POINT ( 'NONE',  ( 0.000000000000000000, 13.50000000000000000, -1.899999999999999689 ) ) ;
#965 = CARTESIAN_POINT ( 'NONE',  ( 24.77550439238918401, 21.74920473516966624, 3.693431385105827655E-16 ) ) ;
#966 = CONICAL_SURFACE ( 'NONE', #3532, 1.999999999999988010, 1.029744258676651647 ) ;
#967 = CARTESIAN_POINT ( 'NONE',  ( 25.42381125997201607, 22.70492241081859675, -5.094176293986473425 ) ) ;
#968 = ORIENTED_EDGE ( 'NONE', *, *, #2772, .F. ) ;
#969 = FACE_OUTER_BOUND ( 'NONE', #2095, .T. ) ;
#970 = CARTESIAN_POINT ( 'NONE',  ( 25.66222539837702499, 21.98972366903039344, -0.03648998307019245269 ) ) ;
#971 = CARTESIAN_POINT ( 'NONE',  ( 25.59535549225319073, -25.81224835607135759, -5.196532757807523772 ) ) ;
#972 = DIRECTION ( 'NONE',  ( 1.000000000000000000, -0.000000000000000000, -3.491481338843133355E-15 ) ) ;
#973 = FACE_OUTER_BOUND ( 'NONE', #1903, .T. ) ;
#974 = CONICAL_SURFACE ( 'NONE', #1601, 5.499999999999996447, 0.7853981633974517207 ) ;
#975 = EDGE_CURVE ( 'NONE', #730, #3011, #907, .T. ) ;
#976 = CIRCLE ( 'NONE', #3728, 1.999999999999989564 ) ;
#977 = CARTESIAN_POINT ( 'NONE',  ( 25.07680946086798102, 20.07857952780019062, -4.999999999999999112 ) ) ;
#978 = ORIENTED_EDGE ( 'NONE', *, *, #2878, .F. ) ;
#979 = VECTOR ( 'NONE', #780, 1000.000000000000000 ) ;
#980 = DIRECTION ( 'NONE',  ( 1.575895479354887601E-16, 1.000000000000000000, 1.575895479354882424E-16 ) ) ;
#981 = LINE ( 'NONE', #3955, #1559 ) ;
#982 = VERTEX_POINT ( 'NONE', #2602 ) ;
#983 = AXIS2_PLACEMENT_3D ( 'NONE', #409, #2109, #3800 ) ;
#984 = EDGE_CURVE ( 'NONE', #3931, #671, #206, .T. ) ;
#985 = ORIENTED_EDGE ( 'NONE', *, *, #1872, .T. ) ;
#986 = CARTESIAN_POINT ( 'NONE',  ( 10.52220865598093269, 6.074999999999998401, 0.000000000000000000 ) ) ;
#987 = ORIENTED_EDGE ( 'NONE', *, *, #2894, .T. ) ;
#988 = DIRECTION ( 'NONE',  ( 1.000000000000000000, -0.000000000000000000, -3.491481338843133355E-15 ) ) ;
#989 = EDGE_CURVE ( 'NONE', #4612, #3128, #1457, .T. ) ;
#990 = DIRECTION ( 'NONE',  ( 0.000000000000000000, 0.000000000000000000, -1.000000000000000000 ) ) ;
#991 = DIRECTION ( 'NONE',  ( -1.000000000000000000, 0.000000000000000000, 0.000000000000000000 ) ) ;
#992 = DIRECTION ( 'NONE',  ( 0.000000000000000000, 1.000000000000000000, 0.000000000000000000 ) ) ;
#993 = DIRECTION ( 'NONE',  ( -0.000000000000000000, -0.000000000000000000, -1.000000000000000000 ) ) ;
#994 = CARTESIAN_POINT ( 'NONE',  ( 25.46712623338545711, 23.10790685393354238, -5.115609837695767936 ) ) ;
#995 = EDGE_LOOP ( 'NONE', ( #1348, #675, #2735, #2012 ) ) ;
#996 = CARTESIAN_POINT ( 'NONE',  ( 25.19819950369013029, -21.38237226800015023, -0.002604214749326815535 ) ) ;
#997 = CARTESIAN_POINT ( 'NONE',  ( 26.40717979501783574, 23.00448577180625165, -0.1672133953811469065 ) ) ;
#998 = CARTESIAN_POINT ( 'NONE',  ( 25.56799383129963843, -24.44523647209457806, -5.176964942425962946 ) ) ;
#999 = FACE_OUTER_BOUND ( 'NONE', #4457, .T. ) ;
#1000 = CARTESIAN_POINT ( 'NONE',  ( 31.00000000000000000, 15.96933128205093055, -9.114036101419138447 ) ) ;
#1001 = CARTESIAN_POINT ( 'NONE',  ( 25.59164367151452524, -26.50000000000000355, -5.193800418037316291 ) ) ;
#1002 = VECTOR ( 'NONE', #1950, 1000.000000000000000 ) ;
#1003 = EDGE_CURVE ( 'NONE', #1319, #3737, #2879, .T. ) ;
#1004 = DIRECTION ( 'NONE',  ( 1.000000000000000000, -1.632680918566407385E-15, 0.000000000000000000 ) ) ;
#1005 = CARTESIAN_POINT ( 'NONE',  ( 26.59605342064245193, 26.19311337357725833, -0.7604343201196733792 ) ) ;
#1006 = CARTESIAN_POINT ( 'NONE',  ( 26.03315131655966397, 22.46785336008296952, -0.08919042684213944472 ) ) ;
#1007 = ORIENTED_EDGE ( 'NONE', *, *, #2846, .T. ) ;
#1008 = ORIENTED_EDGE ( 'NONE', *, *, #208, .F. ) ;
#1009 = ORIENTED_EDGE ( 'NONE', *, *, #4649, .T. ) ;
#1010 = LINE ( 'NONE', #3206, #4626 ) ;
#1011 = EDGE_LOOP ( 'NONE', ( #617, #3837, #2385 ) ) ;
#1012 = DIRECTION ( 'NONE',  ( -3.469446951953614189E-15, 0.000000000000000000, -1.000000000000000000 ) ) ;
#1013 = CONICAL_SURFACE ( 'NONE', #4124, 2.999999999999995559, 0.7853981633974452814 ) ;
#1014 = FACE_OUTER_BOUND ( 'NONE', #3563, .T. ) ;
#1015 = ADVANCED_FACE ( 'NONE', ( #403, #515 ), #1720, .F. ) ;
#1016 = DIRECTION ( 'NONE',  ( 1.000000000000000000, -1.575895479354882178E-16, -3.491481338843133355E-15 ) ) ;
#1017 = CARTESIAN_POINT ( 'NONE',  ( 25.03840678826005117, -22.21470152853605740, -4.583190295628800648 ) ) ;
#1018 = CARTESIAN_POINT ( 'NONE',  ( 25.00000000000000355, 22.01571739626976409, -5.000000000000000000 ) ) ;
#1019 = EDGE_LOOP ( 'NONE', ( #5043, #3296 ) ) ;
#1020 = CARTESIAN_POINT ( 'NONE',  ( 0.000000000000000000, 0.000000000000000000, -0.4999999999999865663 ) ) ;
#1021 = CARTESIAN_POINT ( 'NONE',  ( 26.90712819560785718, 23.90689724531647897, -0.3110834481413228270 ) ) ;
#1022 = CARTESIAN_POINT ( 'NONE',  ( 25.57273589718689166, -24.55377600269787308, -5.180251022791201976 ) ) ;
#1023 = DIRECTION ( 'NONE',  ( -0.3422600772987096640, 0.5453807665989202080, 0.7651260411928583194 ) ) ;
#1024 = CARTESIAN_POINT ( 'NONE',  ( 25.35497176845630563, 24.29470412618774233, -4.630246764045223173 ) ) ;
#1025 = CARTESIAN_POINT ( 'NONE',  ( 18.06274606680622696, 18.00000000000000355, -4.500000000000003553 ) ) ;
#1026 = AXIS2_PLACEMENT_3D ( 'NONE', #5249, #3516, #4360 ) ;
#1027 = B_SPLINE_CURVE_WITH_KNOTS ( 'NONE', 3,
 ( #613, #728, #2785, #4483 ),
 .UNSPECIFIED., .F., .F.,
 ( 4, 4 ),
 ( 0.000000000000000000, 1.000000000000000000 ),
 .UNSPECIFIED. ) ;
#1028 = DIRECTION ( 'NONE',  ( -0.000000000000000000, -0.000000000000000000, 1.000000000000000000 ) ) ;
#1029 = ORIENTED_EDGE ( 'NONE', *, *, #1862, .T. ) ;
#1030 = AXIS2_PLACEMENT_3D ( 'NONE', #3684, #5383, #1573 ) ;
#1031 = DIRECTION ( 'NONE',  ( 3.491481338843133355E-15, 0.000000000000000000, 1.000000000000000000 ) ) ;
#1032 = ADVANCED_FACE ( 'NONE', ( #848 ), #4300, .F. ) ;
#1033 = LINE ( 'NONE', #846, #491 ) ;
#1034 = VERTEX_POINT ( 'NONE', #3465 ) ;
#1035 = EDGE_LOOP ( 'NONE', ( #2510, #3511, #3908, #636, #2240 ) ) ;
#1036 = ORIENTED_EDGE ( 'NONE', *, *, #1040, .F. ) ;
#1037 = LINE ( 'NONE', #2733, #1782 ) ;
#1038 = ORIENTED_EDGE ( 'NONE', *, *, #4321, .F. ) ;
#1039 = CARTESIAN_POINT ( 'NONE',  ( 26.49999999999982592, -18.99999999999998934, -56.50221285621784517 ) ) ;
#1040 = EDGE_CURVE ( 'NONE', #4372, #1719, #878, .T. ) ;
#1041 = CARTESIAN_POINT ( 'NONE',  ( -10.52220865598093269, 6.074999999999997513, -3.000000000000002665 ) ) ;
#1042 = CARTESIAN_POINT ( 'NONE',  ( 25.23285611082282642, -22.32976978544081348, -0.5197057500260591212 ) ) ;
#1043 = DIRECTION ( 'NONE',  ( 1.000000000000000000, -0.000000000000000000, -3.491481338843133355E-15 ) ) ;
#1044 = DIRECTION ( 'NONE',  ( 1.000000000000000000, -0.000000000000000000, -3.491481338843133355E-15 ) ) ;
#1045 = ORIENTED_EDGE ( 'NONE', *, *, #3258, .F. ) ;
#1046 = DIRECTION ( 'NONE',  ( -1.000000000000000000, 0.000000000000000000, 0.000000000000000000 ) ) ;
#1047 = CARTESIAN_POINT ( 'NONE',  ( 27.11631475464233887, 24.50614155994467325, -0.3856228361982926289 ) ) ;
#1048 = AXIS2_PLACEMENT_3D ( 'NONE', #5368, #3637, #2830 ) ;
#1049 = CARTESIAN_POINT ( 'NONE',  ( 25.41608988618235898, -22.64638484256039064, -5.090483121744926009 ) ) ;
#1050 = CARTESIAN_POINT ( 'NONE',  ( 18.06274606680622696, -25.99999999999999645, -4.500000000000003553 ) ) ;
#1051 = DIRECTION ( 'NONE',  ( 1.000000000000000000, -0.000000000000000000, -3.491481338843133355E-15 ) ) ;
#1052 = DIRECTION ( 'NONE',  ( -0.000000000000000000, -0.000000000000000000, -1.000000000000000000 ) ) ;
#1053 = CARTESIAN_POINT ( 'NONE',  ( 25.31184912887300698, 21.80481819422955780, -5.049864160446307260 ) ) ;
#1054 = EDGE_LOOP ( 'NONE', ( #1289, #5160, #3978, #3855, #5064, #4142 ) ) ;
#1055 = ADVANCED_FACE ( 'NONE', ( #3885 ), #2518, .T. ) ;
#1056 = CARTESIAN_POINT ( 'NONE',  ( 27.22892380545941293, -25.12187140613537650, -0.4293715640289909596 ) ) ;
#1057 = FACE_OUTER_BOUND ( 'NONE', #3430, .T. ) ;
#1058 = AXIS2_PLACEMENT_3D ( 'NONE', #3179, #2766, #4381 ) ;
#1059 = VECTOR ( 'NONE', #1090, 1000.000000000000000 ) ;
#1060 = DIRECTION ( 'NONE',  ( -1.000000000000000000, 0.000000000000000000, 1.387778780781425165E-14 ) ) ;
#1061 = ORIENTED_EDGE ( 'NONE', *, *, #4323, .T. ) ;
#1062 = VERTEX_POINT ( 'NONE', #2994 ) ;
#1063 = AXIS2_PLACEMENT_3D ( 'NONE', #2796, #4045, #1605 ) ;
#1064 = ORIENTED_EDGE ( 'NONE', *, *, #4048, .T. ) ;
#1065 = CARTESIAN_POINT ( 'NONE',  ( 27.24571967469524125, 26.50000002079944750, -0.4361215736963918732 ) ) ;
#1066 = EDGE_LOOP ( 'NONE', ( #2003, #5468, #3174, #3111 ) ) ;
#1067 = AXIS2_PLACEMENT_3D ( 'NONE', #827, #2522, #5142 ) ;
#1068 = CARTESIAN_POINT ( 'NONE',  ( -2.999999999999999112, 13.50000000000000000, -1.899999999999999689 ) ) ;
#1069 = DIRECTION ( 'NONE',  ( -3.491481338843133355E-15, 1.575895479354887848E-16, -1.000000000000000000 ) ) ;
#1070 = EDGE_CURVE ( 'NONE', #1561, #1327, #1777, .T. ) ;
#1071 = CARTESIAN_POINT ( 'NONE',  ( 26.48661590159036550, -24.67786479852248149, -0.7271245651882348726 ) ) ;
#1072 = CARTESIAN_POINT ( 'NONE',  ( 30.99999999999983302, -18.72465837482898721, -55.07705410100660970 ) ) ;
#1073 = CARTESIAN_POINT ( 'NONE',  ( 25.19523935893849398, 23.61184468581280882, -5.018993943963867999 ) ) ;
#1074 = CARTESIAN_POINT ( 'NONE',  ( 24.98448593816089414, -21.83498265094880963, -0.4217778607798189916 ) ) ;
#1075 = CARTESIAN_POINT ( 'NONE',  ( 27.25978421138220398, 26.17291069938693937, -0.4418186059110835173 ) ) ;
#1076 = CARTESIAN_POINT ( 'NONE',  ( 27.89999999999985647, -22.38817675479887725, -47.47154413826856256 ) ) ;
#1077 = CARTESIAN_POINT ( 'NONE',  ( 25.00000000000000711, 22.01571739626976409, -4.582423019826101118 ) ) ;
#1078 = DIRECTION ( 'NONE',  ( 1.000000000000000000, -0.000000000000000000, -3.491481338843133355E-15 ) ) ;
#1079 = CARTESIAN_POINT ( 'NONE',  ( 25.54508394298544616, 24.03486500719306562, -5.161591360774145265 ) ) ;
#1080 = EDGE_LOOP ( 'NONE', ( #4329, #1711 ) ) ;
#1081 = CARTESIAN_POINT ( 'NONE',  ( 25.37411191660945420, -22.29165215596046323, -5.072553936193143542 ) ) ;
#1082 = CARTESIAN_POINT ( 'NONE',  ( 27.19175286979008632, -24.85228524652509918, -0.4146327008230158429 ) ) ;
#1083 = DIRECTION ( 'NONE',  ( 1.575895479354887601E-16, 1.000000000000000000, 1.575895479354882424E-16 ) ) ;
#1084 = EDGE_CURVE ( 'NONE', #2544, #5346, #4692, .T. ) ;
#1085 = CARTESIAN_POINT ( 'NONE',  ( 24.95256888974017428, -21.77260262960949078, -4.583349989862257168 ) ) ;
#1086 = FACE_OUTER_BOUND ( 'NONE', #1904, .T. ) ;
#1087 = ORIENTED_EDGE ( 'NONE', *, *, #2364, .F. ) ;
#1088 = CONICAL_SURFACE ( 'NONE', #4822, 0.4999999999999935052, 0.7853981633974509435 ) ;
#1089 = ORIENTED_EDGE ( 'NONE', *, *, #3439, .F. ) ;
#1090 = DIRECTION ( 'NONE',  ( 0.7071067811864960584, 0.7071067811865990871, 0.000000000000000000 ) ) ;
#1091 = CONICAL_SURFACE ( 'NONE', #4207, 7.999999999999992895, 0.7853981633974552734 ) ;
#1092 = ORIENTED_EDGE ( 'NONE', *, *, #283, .F. ) ;
#1093 = CARTESIAN_POINT ( 'NONE',  ( 30.99999999999985789, -22.38817675479887725, -47.47154413826857677 ) ) ;
#1094 = EDGE_CURVE ( 'NONE', #5491, #1292, #1780, .T. ) ;
#1095 = DIRECTION ( 'NONE',  ( 1.000000000000000000, 0.000000000000000000, 0.000000000000000000 ) ) ;
#1096 = CARTESIAN_POINT ( 'NONE',  ( 26.41797545881905762, -24.42339774689840226, -0.7071736760075758577 ) ) ;
#1097 = CARTESIAN_POINT ( 'NONE',  ( 25.35097923277812271, -24.25524458886331303, -4.629111672006494871 ) ) ;
#1098 = CARTESIAN_POINT ( 'NONE',  ( 24.95661984010820333, 21.70672172437884839, -5.000000000000000000 ) ) ;
#1099 = ADVANCED_FACE ( 'NONE', ( #2545 ), #430, .T. ) ;
#1100 = EDGE_CURVE ( 'NONE', #3134, #3745, #2968, .T. ) ;
#1101 = LINE ( 'NONE', #2798, #5118 ) ;
#1102 = CARTESIAN_POINT ( 'NONE',  ( 27.26324011365310085, 25.90125477759500328, -0.4432252108581901662 ) ) ;
#1103 = CARTESIAN_POINT ( 'NONE',  ( 25.18572734462543039, -20.84871040405851517, -5.017202504624374448 ) ) ;
#1104 = DIRECTION ( 'NONE',  ( -0.000000000000000000, -0.000000000000000000, 1.000000000000000000 ) ) ;
#1105 = CARTESIAN_POINT ( 'NONE',  ( 25.34592150287395640, 24.19775454006342486, -4.627772328850526584 ) ) ;
#1106 = CARTESIAN_POINT ( 'NONE',  ( 26.00000000000000000, -15.96933128205095187, -7.564036101419129743 ) ) ;
#1107 = CIRCLE ( 'NONE', #5291, 2.999999999999999112 ) ;
#1108 = CARTESIAN_POINT ( 'NONE',  ( 25.57587530430967604, 24.65021328543662449, -5.182460894033912524 ) ) ;
#1109 = ORIENTED_EDGE ( 'NONE', *, *, #1003, .F. ) ;
#1110 = ADVANCED_FACE ( 'NONE', ( #3538, #5301, #1882, #2241, #1804, #3566, #3153, #3938 ), #4799, .T. ) ;
#1111 = CARTESIAN_POINT ( 'NONE',  ( 0.000000000000000000, 0.000000000000000000, -5.000000000000000000 ) ) ;
#1112 = CARTESIAN_POINT ( 'NONE',  ( 27.26333111371066664, -25.58493865572360448, -0.4432620785409461805 ) ) ;
#1113 = CARTESIAN_POINT ( 'NONE',  ( 26.32412063499448962, -24.16559396560333894, -0.6817206575178378358 ) ) ;
#1114 = FACE_OUTER_BOUND ( 'NONE', #4773, .T. ) ;
#1115 = ORIENTED_EDGE ( 'NONE', *, *, #291, .F. ) ;
#1116 = ORIENTED_EDGE ( 'NONE', *, *, #2639, .F. ) ;
#1117 = ADVANCED_FACE ( 'NONE', ( #3515 ), #1460, .T. ) ;
#1118 = ORIENTED_EDGE ( 'NONE', *, *, #1532, .T. ) ;
#1119 = DIRECTION ( 'NONE',  ( -3.469446951953615372E-15, 0.000000000000000000, -1.000000000000000000 ) ) ;
#1120 = VERTEX_POINT ( 'NONE', #1039 ) ;
#1121 = DIRECTION ( 'NONE',  ( -1.387778780781445202E-14, 0.000000000000000000, -1.000000000000000000 ) ) ;
#1122 = EDGE_CURVE ( 'NONE', #1648, #2871, #570, .T. ) ;
#1123 = FACE_BOUND ( 'NONE', #207, .T. ) ;
#1124 = CARTESIAN_POINT ( 'NONE',  ( 26.50558555344976241, -24.76493343372688827, -0.7327595552192426309 ) ) ;
#1125 = CARTESIAN_POINT ( 'NONE',  ( 25.22769891025335198, 22.31736716828862654, -0.5193545646745457711 ) ) ;
#1126 = CARTESIAN_POINT ( 'NONE',  ( 27.19679305286732784, 24.90702703108786054, -0.4165839409673312566 ) ) ;
#1127 = EDGE_CURVE ( 'NONE', #5199, #89, #4013, .T. ) ;
#1128 = VERTEX_POINT ( 'NONE', #4462 ) ;
#1129 = ADVANCED_FACE ( 'NONE', ( #201 ), #4433, .F. ) ;
#1130 = CARTESIAN_POINT ( 'NONE',  ( 25.53444896073220960, 26.51485415784764399, -5.024570013024939108 ) ) ;
#1131 = CARTESIAN_POINT ( 'NONE',  ( 27.12857881640922741, 24.55597162622413521, -0.3902559195765725186 ) ) ;
#1132 = CARTESIAN_POINT ( 'NONE',  ( 25.20625413422387950, -21.00343823169082214, -5.021250024931013023 ) ) ;
#1133 = CARTESIAN_POINT ( 'NONE',  ( 11.69134295108992383, -6.749999999999999112, -1.899999999999999689 ) ) ;
#1134 = DIRECTION ( 'NONE',  ( 1.000000000000000000, -1.575895479354882178E-16, -3.491481338843133355E-15 ) ) ;
#1135 = LINE ( 'NONE', #747, #3992 ) ;
#1136 = CARTESIAN_POINT ( 'NONE',  ( 25.36761443286258810, 24.44394127798027938, -4.633805729043332988 ) ) ;
#1137 = ORIENTED_EDGE ( 'NONE', *, *, #4948, .F. ) ;
#1138 = AXIS2_PLACEMENT_3D ( 'NONE', #2143, #2525, #830 ) ;
#1139 = DIRECTION ( 'NONE',  ( -4.476705744456278510E-15, 0.000000000000000000, -1.000000000000000000 ) ) ;
#1140 = CARTESIAN_POINT ( 'NONE',  ( 24.98992174364237684, 22.00263160581096855, -0.5142923363225717637 ) ) ;
#1141 = LINE ( 'NONE', #5456, #2331 ) ;
#1142 = EDGE_CURVE ( 'NONE', #5185, #16, #649, .T. ) ;
#1143 = DIRECTION ( 'NONE',  ( 1.000000000000000000, 0.000000000000000000, 0.000000000000000000 ) ) ;
#1144 = ORIENTED_EDGE ( 'NONE', *, *, #209, .T. ) ;
#1145 = VECTOR ( 'NONE', #2164, 999.9999999999998863 ) ;
#1146 = EDGE_LOOP ( 'NONE', ( #5266, #3701 ) ) ;
#1147 = ORIENTED_EDGE ( 'NONE', *, *, #3692, .T. ) ;
#1148 = AXIS2_PLACEMENT_3D ( 'NONE', #4580, #3711, #4608 ) ;
#1149 = AXIS2_PLACEMENT_3D ( 'NONE', #1515, #228, #1119 ) ;
#1150 = DIRECTION ( 'NONE',  ( 1.000000000000000000, 0.000000000000000000, 0.000000000000000000 ) ) ;
#1151 = ORIENTED_EDGE ( 'NONE', *, *, #4150, .T. ) ;
#1152 = FACE_BOUND ( 'NONE', #4010, .T. ) ;
#1153 = AXIS2_PLACEMENT_3D ( 'NONE', #951, #62, #4711 ) ;
#1154 = VECTOR ( 'NONE', #721, 1000.000000000000000 ) ;
#1155 = DIRECTION ( 'NONE',  ( 1.000000000000000000, -0.000000000000000000, -3.491481338843133355E-15 ) ) ;
#1156 = CARTESIAN_POINT ( 'NONE',  ( 26.96259938286545932, -24.04265764861918697, -0.3300439995829342887 ) ) ;
#1157 = CIRCLE ( 'NONE', #4269, 0.5000000000000004441 ) ;
#1158 = CARTESIAN_POINT ( 'NONE',  ( 25.08528106386251366, 22.12723369178399224, -0.5150762595701856572 ) ) ;
#1159 = CARTESIAN_POINT ( 'NONE',  ( 26.82915995007626719, 23.73824869275700422, -0.2854282479120174298 ) ) ;
#1160 = ORIENTED_EDGE ( 'NONE', *, *, #2424, .F. ) ;
#1161 = FACE_OUTER_BOUND ( 'NONE', #4632, .T. ) ;
#1162 = DIRECTION ( 'NONE',  ( -3.469446951953601961E-15, 0.000000000000000000, -1.000000000000000000 ) ) ;
#1163 = DIRECTION ( 'NONE',  ( -3.469446951953615372E-15, 0.000000000000000000, -1.000000000000000000 ) ) ;
#1164 = DIRECTION ( 'NONE',  ( -1.000000000000000000, 0.000000000000000000, 0.000000000000000000 ) ) ;
#1165 = CARTESIAN_POINT ( 'NONE',  ( 25.99999999999985789, 22.38817675479886660, -49.02154413826854551 ) ) ;
#1166 = DIRECTION ( 'NONE',  ( -6.938893903907222067E-15, 0.000000000000000000, -1.000000000000000000 ) ) ;
#1167 = CARTESIAN_POINT ( 'NONE',  ( 25.00937595524995416, 22.06294606434046202, -4.582488083668041057 ) ) ;
#1168 = ORIENTED_EDGE ( 'NONE', *, *, #3009, .F. ) ;
#1169 = LINE ( 'NONE', #1282, #1233 ) ;
#1170 = DIRECTION ( 'NONE',  ( 0.000000000000000000, 0.000000000000000000, 1.000000000000000000 ) ) ;
#1171 = CARTESIAN_POINT ( 'NONE',  ( 27.22372027377112502, -25.07716621681520763, -0.4272922631654034187 ) ) ;
#1172 = CARTESIAN_POINT ( 'NONE',  ( 26.53017208238523139, -24.90057943706670329, -0.7401605489156649620 ) ) ;
#1173 = DIRECTION ( 'NONE',  ( 5.502209658134845296E-31, 1.000000000000000000, 1.575895479354887848E-16 ) ) ;
#1174 = CARTESIAN_POINT ( 'NONE',  ( 25.13376443236312596, 21.69680015015979180, -0.2225112069880596788 ) ) ;
#1175 = EDGE_LOOP ( 'NONE', ( #5272, #4732, #3506 ) ) ;
#1176 = EDGE_CURVE ( 'NONE', #1402, #1034, #2217, .T. ) ;
#1177 = ORIENTED_EDGE ( 'NONE', *, *, #3251, .F. ) ;
#1178 = DIRECTION ( 'NONE',  ( 1.000000000000000000, -0.000000000000000000, -3.491481338843133355E-15 ) ) ;
#1179 = ORIENTED_EDGE ( 'NONE', *, *, #3677, .F. ) ;
#1180 = DIRECTION ( 'NONE',  ( 1.000000000000000000, 0.000000000000000000, -0.000000000000000000 ) ) ;
#1181 = VECTOR ( 'NONE', #4447, 1000.000000000000000 ) ;
#1182 = CARTESIAN_POINT ( 'NONE',  ( 26.15570874106423815, -22.64905992999247886, -0.1122119726887715746 ) ) ;
#1183 = CARTESIAN_POINT ( 'NONE',  ( 25.40801595827159787, -25.32037745579986421, -4.645880507347169619 ) ) ;
#1184 = CARTESIAN_POINT ( 'NONE',  ( 27.07839055787809102, 24.36578217094915999, -0.3714457396162657021 ) ) ;
#1185 = VERTEX_POINT ( 'NONE', #1068 ) ;
#1186 = EDGE_CURVE ( 'NONE', #4586, #4780, #2047, .T. ) ;
#1187 = CARTESIAN_POINT ( 'NONE',  ( 30.49999999999983658, 13.22367297715324597, -55.09925704491753606 ) ) ;
#1188 = AXIS2_PLACEMENT_3D ( 'NONE', #3023, #2135, #4723 ) ;
#1189 = CARTESIAN_POINT ( 'NONE',  ( 31.00000000000005329, 26.50000000000000355, 6.435041076975909213 ) ) ;
#1190 = DIRECTION ( 'NONE',  ( 1.358192966683937145E-16, 0.7071067811865525687, -0.7071067811865425767 ) ) ;
#1191 =( NAMED_UNIT ( * ) SI_UNIT ( $, .STERADIAN. ) SOLID_ANGLE_UNIT ( ) );
#1192 = CARTESIAN_POINT ( 'NONE',  ( 24.86604228205849765, -21.85358428927160190, 2.203890067105437257E-16 ) ) ;
#1193 = DIRECTION ( 'NONE',  ( 1.000000000000000000, -1.575895479354882178E-16, -3.491481338843133355E-15 ) ) ;
#1194 = CARTESIAN_POINT ( 'NONE',  ( 25.38106873892474269, 24.63997564102634286, -4.637743194784452072 ) ) ;
#1195 = VERTEX_POINT ( 'NONE', #1381 ) ;
#1196 = VECTOR ( 'NONE', #2699, 1000.000000000000000 ) ;
#1197 = DIRECTION ( 'NONE',  ( 0.000000000000000000, 0.000000000000000000, 1.000000000000000000 ) ) ;
#1198 = CARTESIAN_POINT ( 'NONE',  ( 25.51108608701112956, -23.59328886363642042, -5.140301192774655803 ) ) ;
#1199 = CARTESIAN_POINT ( 'NONE',  ( 25.96660819802113807, 23.43171673278967759, -0.6027781056049950070 ) ) ;
#1200 = CARTESIAN_POINT ( 'NONE',  ( 26.37270293762508899, -24.29150147234027912, -0.6946211350611312119 ) ) ;
#1201 = EDGE_CURVE ( 'NONE', #2710, #1877, #594, .T. ) ;
#1202 = VECTOR ( 'NONE', #357, 1000.000000000000000 ) ;
#1203 = ORIENTED_EDGE ( 'NONE', *, *, #3018, .F. ) ;
#1204 = VERTEX_POINT ( 'NONE', #2264 ) ;
#1205 = AXIS2_PLACEMENT_3D ( 'NONE', #1299, #5107, #5264 ) ;
#1206 = VERTEX_POINT ( 'NONE', #4040 ) ;
#1207 = LINE ( 'NONE', #2903, #164 ) ;
#1208 = ORIENTED_EDGE ( 'NONE', *, *, #531, .T. ) ;
#1209 = CIRCLE ( 'NONE', #1387, 1.549999999999995826 ) ;
#1210 = DIRECTION ( 'NONE',  ( 1.000000000000000000, -1.920774913804158804E-16, -0.000000000000000000 ) ) ;
#1211 = AXIS2_PLACEMENT_3D ( 'NONE', #3557, #3144, #3121 ) ;
#1212 = CARTESIAN_POINT ( 'NONE',  ( 26.97551587869543965, -24.07423781967614573, -0.3345333046718501069 ) ) ;
#1213 = CARTESIAN_POINT ( 'NONE',  ( 26.57867345831228434, 25.37269764551745155, -0.7550912396327115195 ) ) ;
#1214 = CARTESIAN_POINT ( 'NONE',  ( 26.95588524998062852, 24.02065670440760670, -0.3276568777562440249 ) ) ;
#1215 = EDGE_CURVE ( 'NONE', #4832, #2145, #3099, .T. ) ;
#1216 = ORIENTED_EDGE ( 'NONE', *, *, #4518, .T. ) ;
#1217 = ORIENTED_EDGE ( 'NONE', *, *, #559, .F. ) ;
#1218 = CARTESIAN_POINT ( 'NONE',  ( 25.99999999999983658, -15.96933128205095187, -53.89038961101654479 ) ) ;
#1219 = PLANE ( 'NONE',  #3401 ) ;
#1220 = CARTESIAN_POINT ( 'NONE',  ( 24.99999999999999645, -19.40537192938749556, -5.000000000000000000 ) ) ;
#1221 = CARTESIAN_POINT ( 'NONE',  ( 25.31836352549608904, -21.57259273401011868, -0.008422955368455683697 ) ) ;
#1222 = LINE ( 'NONE', #4139, #1202 ) ;
#1223 = DIRECTION ( 'NONE',  ( -0.000000000000000000, -0.000000000000000000, 1.000000000000000000 ) ) ;
#1224 = CARTESIAN_POINT ( 'NONE',  ( 24.97343748772869176, 21.88224860544404038, -4.582669790882104799 ) ) ;
#1225 = VERTEX_POINT ( 'NONE', #3074 ) ;
#1226 = PRODUCT_CONTEXT ( 'NONE', #373, 'mechanical' ) ;
#1227 = CARTESIAN_POINT ( 'NONE',  ( 25.09881675444730575, -20.18722208139020680, -5.004673998833244930 ) ) ;
#1228 = CARTESIAN_POINT ( 'NONE',  ( 26.58066767781353334, 25.39378568043260742, -0.7557040013158928815 ) ) ;
#1229 = CARTESIAN_POINT ( 'NONE',  ( 26.39470711290813298, -24.35347115487888203, -0.7006559959921052627 ) ) ;
#1230 = CARTESIAN_POINT ( 'NONE',  ( 30.99999999999996092, -22.38817675479887725, -17.08288157416712494 ) ) ;
#1231 = ORIENTED_EDGE ( 'NONE', *, *, #5084, .F. ) ;
#1232 = ORIENTED_EDGE ( 'NONE', *, *, #607, .F. ) ;
#1233 = VECTOR ( 'NONE', #331, 1000.000000000000000 ) ;
#1234 = ORIENTED_EDGE ( 'NONE', *, *, #4509, .T. ) ;
#1235 = CIRCLE ( 'NONE', #4618, 17.49999999999999645 ) ;
#1236 = CARTESIAN_POINT ( 'NONE',  ( 27.13270640149453783, -24.56290353983983010, -0.3918246004994144771 ) ) ;
#1237 = CARTESIAN_POINT ( 'NONE',  ( 26.16197418740711811, 23.79718573801779158, -0.6426197919989636853 ) ) ;
#1238 = CYLINDRICAL_SURFACE ( 'NONE', #1744, 2.999999999999995559 ) ;
#1239 = AXIS2_PLACEMENT_3D ( 'NONE', #2118, #3810, #212 ) ;
#1240 = EDGE_LOOP ( 'NONE', ( #3766, #4034, #1433, #3126 ) ) ;
#1241 = AXIS2_PLACEMENT_3D ( 'NONE', #4546, #1765, #3709 ) ;
#1242 = CARTESIAN_POINT ( 'NONE',  ( 31.00000000000000000, -26.50000000000000355, -6.000000000000019540 ) ) ;
#1243 = VERTEX_POINT ( 'NONE', #4774 ) ;
#1244 = EDGE_CURVE ( 'NONE', #4310, #4852, #4477, .T. ) ;
#1245 = AXIS2_PLACEMENT_3D ( 'NONE', #2665, #554, #1046 ) ;
#1246 = DIRECTION ( 'NONE',  ( 1.000000000000000000, -0.000000000000000000, -3.491481338843133355E-15 ) ) ;
#1247 = FACE_OUTER_BOUND ( 'NONE', #2443, .T. ) ;
#1248 = LINE ( 'NONE', #2609, #3118 ) ;
#1249 = CARTESIAN_POINT ( 'NONE',  ( 25.80745947246662197, -22.17946244975117764, -0.05408542770201014982 ) ) ;
#1250 = CARTESIAN_POINT ( 'NONE',  ( 26.76643961797010007, -25.99251854011792418, -0.2658851332169851478 ) ) ;
#1251 = CARTESIAN_POINT ( 'NONE',  ( 0.000000000000000000, 0.000000000000000000, -4.499999999999997335 ) ) ;
#1252 = VECTOR ( 'NONE', #2972, 1000.000000000000000 ) ;
#1253 = CARTESIAN_POINT ( 'NONE',  ( 25.28729466009516003, 23.69464768389882892, -4.613424118980092636 ) ) ;
#1254 = VERTEX_POINT ( 'NONE', #2653 ) ;
#1255 = CARTESIAN_POINT ( 'NONE',  ( 25.18395552768125256, -20.83531860833974392, -5.016820761238478532 ) ) ;
#1256 = CARTESIAN_POINT ( 'NONE',  ( 25.86879382090285873, 23.26546495444061335, -0.5857157494584626090 ) ) ;
#1257 = DIRECTION ( 'NONE',  ( -3.469446951953619316E-15, 0.000000000000000000, -1.000000000000000000 ) ) ;
#1258 = CARTESIAN_POINT ( 'NONE',  ( 25.96655063601113866, -23.44564683438457564, -0.6028307627321920492 ) ) ;
#1259 = EDGE_LOOP ( 'NONE', ( #272, #5214, #1638, #2673 ) ) ;
#1260 = EDGE_LOOP ( 'NONE', ( #4133, #1351, #2791, #3734, #126 ) ) ;
#1261 = CARTESIAN_POINT ( 'NONE',  ( 27.89999999999996660, 22.38817675479885949, -17.08288157416711783 ) ) ;
#1262 = CIRCLE ( 'NONE', #3233, 2.999999999999995559 ) ;
#1263 = ORIENTED_EDGE ( 'NONE', *, *, #566, .T. ) ;
#1264 = CARTESIAN_POINT ( 'NONE',  ( 27.03597135335236601, -24.23412106235419472, -0.3559789071079735301 ) ) ;
#1265 = CARTESIAN_POINT ( 'NONE',  ( 26.27731482492374937, 24.04691585824160427, -0.6699409249240876330 ) ) ;
#1266 = CARTESIAN_POINT ( 'NONE',  ( 25.92771455612885845, 22.32815687113161118, -0.07204811375737138479 ) ) ;
#1267 = EDGE_CURVE ( 'NONE', #225, #2232, #5054, .T. ) ;
#1268 = ORIENTED_EDGE ( 'NONE', *, *, #3350, .T. ) ;
#1269 = DIRECTION ( 'NONE',  ( -1.000000000000000000, 0.000000000000000000, 3.491481338843133355E-15 ) ) ;
#1270 = VERTEX_POINT ( 'NONE', #3129 ) ;
#1271 = AXIS2_PLACEMENT_3D ( 'NONE', #2858, #4022, #1918 ) ;
#1272 = CARTESIAN_POINT ( 'NONE',  ( 27.90000000000000213, 17.51933128205093126, -9.114036101419127789 ) ) ;
#1273 = EDGE_CURVE ( 'NONE', #3820, #3593, #3367, .T. ) ;
#1274 = LINE ( 'NONE', #4644, #643 ) ;
#1275 = CARTESIAN_POINT ( 'NONE',  ( 25.59102696059388649, 26.50000000258534172, -5.193348196647922244 ) ) ;
#1276 = CARTESIAN_POINT ( 'NONE',  ( 25.54949568314869168, -21.85407979940867662, -0.02509488663051678489 ) ) ;
#1277 = CARTESIAN_POINT ( 'NONE',  ( 25.99999999999985789, -22.38817675479887725, -47.47154413826855546 ) ) ;
#1278 = CARTESIAN_POINT ( 'NONE',  ( 24.95124381171639882, 21.77059181913819330, -4.583272526766213772 ) ) ;
#1279 = ADVANCED_FACE ( 'NONE', ( #175, #2849, #4070, #1152, #5357 ), #231, .F. ) ;
#1280 = CARTESIAN_POINT ( 'NONE',  ( 25.40069280702632071, 26.90389222730869179, -4.643694283186648342 ) ) ;
#1281 = ORIENTED_EDGE ( 'NONE', *, *, #1928, .T. ) ;
#1282 = CARTESIAN_POINT ( 'NONE',  ( 25.99999999999982947, 19.73497227324379466, -56.46837979882975134 ) ) ;
#1283 = CARTESIAN_POINT ( 'NONE',  ( 25.37158746010330290, -24.49321178832894930, -4.634926710412016426 ) ) ;
#1284 = CARTESIAN_POINT ( 'NONE',  ( 26.58756001563939009, 25.51948444579082675, -0.7578442317802853712 ) ) ;
#1285 = CARTESIAN_POINT ( 'NONE',  ( 27.89999999999983515, 19.64310073908832166, -55.47260893100327195 ) ) ;
#1286 = CARTESIAN_POINT ( 'NONE',  ( 25.03308261241355481, -22.05951236343308963, -0.5145188030064435925 ) ) ;
#1287 = EDGE_CURVE ( 'NONE', #671, #4245, #3188, .T. ) ;
#1288 = AXIS2_PLACEMENT_3D ( 'NONE', #4864, #2749, #4448 ) ;
#1289 = ORIENTED_EDGE ( 'NONE', *, *, #3651, .T. ) ;
#1290 = EDGE_LOOP ( 'NONE', ( #1844, #1586 ) ) ;
#1291 = DIRECTION ( 'NONE',  ( -1.575895479354882178E-16, -1.000000000000000000, 0.000000000000000000 ) ) ;
#1292 = VERTEX_POINT ( 'NONE', #1997 ) ;
#1293 = EDGE_CURVE ( 'NONE', #3820, #3063, #1600, .T. ) ;
#1294 = AXIS2_PLACEMENT_3D ( 'NONE', #4224, #3358, #3722 ) ;
#1295 = EDGE_CURVE ( 'NONE', #421, #2993, #734, .T. ) ;
#1296 = CARTESIAN_POINT ( 'NONE',  ( 25.78109442823246056, -22.14591393371723171, -0.05090111608987956532 ) ) ;
#1297 = CONICAL_SURFACE ( 'NONE', #941, 1.000000000000000000, 0.7853981633974477239 ) ;
#1298 = CARTESIAN_POINT ( 'NONE',  ( 25.72461268995269279, 23.03460504468371894, -0.5641008072072242197 ) ) ;
#1299 = CARTESIAN_POINT ( 'NONE',  ( 30.99999999999983658, -15.96933128205095187, -53.89038961101656611 ) ) ;
#1300 = ORIENTED_EDGE ( 'NONE', *, *, #689, .T. ) ;
#1301 = DIRECTION ( 'NONE',  ( 1.000000000000000000, -0.000000000000000000, -3.491481338843133355E-15 ) ) ;
#1302 = ADVANCED_FACE ( 'NONE', ( #1519 ), #2428, .F. ) ;
#1303 = AXIS2_PLACEMENT_3D ( 'NONE', #2793, #232, #396 ) ;
#1304 = FACE_OUTER_BOUND ( 'NONE', #4547, .T. ) ;
#1305 = EDGE_CURVE ( 'NONE', #2456, #3345, #348, .T. ) ;
#1306 = CARTESIAN_POINT ( 'NONE',  ( 11.69134295108992383, -6.749999999999999112, -5.000000000000000000 ) ) ;
#1307 = DIRECTION ( 'NONE',  ( 0.000000000000000000, 0.000000000000000000, -1.000000000000000000 ) ) ;
#1308 = DIRECTION ( 'NONE',  ( 1.000000000000000000, -0.000000000000000000, -3.491481338843133355E-15 ) ) ;
#1309 = DIRECTION ( 'NONE',  ( 0.000000000000000000, 0.000000000000000000, 1.000000000000000000 ) ) ;
#1310 = DIRECTION ( 'NONE',  ( -0.000000000000000000, -0.000000000000000000, -1.000000000000000000 ) ) ;
#1311 = CARTESIAN_POINT ( 'NONE',  ( 25.33251969543058024, 21.96047048763956866, -5.056903675516537078 ) ) ;
#1312 = VERTEX_POINT ( 'NONE', #2371 ) ;
#1313 = CARTESIAN_POINT ( 'NONE',  ( 25.29108664332043688, -21.64432958876930613, -5.043287157775111496 ) ) ;
#1314 = CARTESIAN_POINT ( 'NONE',  ( 25.11983905497354286, 21.33913209861887594, -0.001024387378950328666 ) ) ;
#1315 = DIRECTION ( 'NONE',  ( 0.8571673007021108903, 0.000000000000000000, 0.5150380749100565980 ) ) ;
#1316 = CARTESIAN_POINT ( 'NONE',  ( 25.92270585305233510, -23.37017777397131368, -0.5949770392306309441 ) ) ;
#1317 = DIRECTION ( 'NONE',  ( 0.000000000000000000, 0.7071067811865487940, -0.7071067811865463515 ) ) ;
#1318 = CARTESIAN_POINT ( 'NONE',  ( 30.99999999999986855, -22.38817675479887725, -44.47154413826857677 ) ) ;
#1319 = VERTEX_POINT ( 'NONE', #4127 ) ;
#1320 = ORIENTED_EDGE ( 'NONE', *, *, #4991, .T. ) ;
#1321 = ADVANCED_FACE ( 'NONE', ( #5408 ), #676, .F. ) ;
#1322 = CARTESIAN_POINT ( 'NONE',  ( 24.97031867641409875, 21.74037083256450842, -4.615340485559469741 ) ) ;
#1323 = ORIENTED_EDGE ( 'NONE', *, *, #4876, .F. ) ;
#1324 = CIRCLE ( 'NONE', #2122, 0.5000000000000004441 ) ;
#1325 = DIRECTION ( 'NONE',  ( 1.000000000000000000, 0.000000000000000000, 0.000000000000000000 ) ) ;
#1326 = CARTESIAN_POINT ( 'NONE',  ( 26.39828997775214958, 24.36345399044658322, -0.7017807494743563135 ) ) ;
#1327 = VERTEX_POINT ( 'NONE', #1572 ) ;
#1328 = CARTESIAN_POINT ( 'NONE',  ( -10.14134295108992490, -6.749999999999997335, -1.899999999999999689 ) ) ;
#1329 = CIRCLE ( 'NONE', #4970, 1.549999999999995826 ) ;
#1330 = ORIENTED_EDGE ( 'NONE', *, *, #4321, .T. ) ;
#1331 = CARTESIAN_POINT ( 'NONE',  ( -12.52220865598092026, 6.074999999999997513, -3.000000000000002665 ) ) ;
#1332 = ADVANCED_FACE ( 'NONE', ( #2023 ), #797, .F. ) ;
#1333 = DIRECTION ( 'NONE',  ( -3.491481338843133355E-15, 2.837512552792565600E-16, -1.000000000000000000 ) ) ;
#1334 = AXIS2_PLACEMENT_3D ( 'NONE', #1371, #2303, #5260 ) ;
#1335 = CARTESIAN_POINT ( 'NONE',  ( 31.00000000000000000, 15.96933128205093055, -9.114036101419138447 ) ) ;
#1336 = CARTESIAN_POINT ( 'NONE',  ( 26.52111257373738340, -23.19851528011241015, -0.1960160453277602632 ) ) ;
#1337 = DIRECTION ( 'NONE',  ( -0.000000000000000000, -0.000000000000000000, -1.000000000000000000 ) ) ;
#1338 = LINE ( 'NONE', #3030, #4700 ) ;
#1339 = CARTESIAN_POINT ( 'NONE',  ( 25.40688667430886127, 26.57739694944101672, -4.645559808124365198 ) ) ;
#1340 = VERTEX_POINT ( 'NONE', #3262 ) ;
#1341 = AXIS2_PLACEMENT_3D ( 'NONE', #5251, #518, #1913 ) ;
#1342 = CARTESIAN_POINT ( 'NONE',  ( 25.28043330256522125, -21.56345401220120550, -5.040110392196499589 ) ) ;
#1343 = CARTESIAN_POINT ( 'NONE',  ( 25.43533901527658259, 21.71443104942528279, -0.01581350232052282367 ) ) ;
#1344 = CARTESIAN_POINT ( 'NONE',  ( 25.52976547114429451, 23.82001789471017617, -5.151855389419243814 ) ) ;
#1345 = CARTESIAN_POINT ( 'NONE',  ( 25.99999999999982947, -19.64310073908833232, -55.47260893100325774 ) ) ;
#1346 = LINE ( 'NONE', #4125, #2834 ) ;
#1347 = DIRECTION ( 'NONE',  ( 0.000000000000000000, 0.000000000000000000, 1.000000000000000000 ) ) ;
#1348 = ORIENTED_EDGE ( 'NONE', *, *, #2694, .F. ) ;
#1349 = DIRECTION ( 'NONE',  ( 1.387778780781445676E-14, 0.000000000000000000, 1.000000000000000000 ) ) ;
#1350 = EDGE_CURVE ( 'NONE', #351, #731, #2877, .T. ) ;
#1351 = ORIENTED_EDGE ( 'NONE', *, *, #3677, .T. ) ;
#1352 = EDGE_CURVE ( 'NONE', #4956, #429, #2296, .T. ) ;
#1353 = CARTESIAN_POINT ( 'NONE',  ( 25.11781192051954648, -21.32937437174839346, -0.0009901136775364827950 ) ) ;
#1354 = ORIENTED_EDGE ( 'NONE', *, *, #4751, .T. ) ;
#1355 = DIRECTION ( 'NONE',  ( -0.000000000000000000, -0.000000000000000000, 1.000000000000000000 ) ) ;
#1356 = DIRECTION ( 'NONE',  ( 1.000000000000000000, -1.575895479354882178E-16, -3.491481338843133355E-15 ) ) ;
#1357 = DIRECTION ( 'NONE',  ( -4.476705744456288765E-15, 0.000000000000000000, -1.000000000000000000 ) ) ;
#1358 = CARTESIAN_POINT ( 'NONE',  ( -3.210507612007644906E-15, -17.49999999999999645, 0.000000000000000000 ) ) ;
#1359 = CARTESIAN_POINT ( 'NONE',  ( 27.09169344748334396, -24.40833607559976670, -0.3763983557858908702 ) ) ;
#1360 = CARTESIAN_POINT ( 'NONE',  ( 30.99999999999995737, -22.38817675479887725, -18.53288157416712778 ) ) ;
#1361 = CIRCLE ( 'NONE', #2328, 2.999999999999999112 ) ;
#1362 = CARTESIAN_POINT ( 'NONE',  ( 25.28831386892814592, 21.62893625199254899, -5.042463244300809500 ) ) ;
#1363 = EDGE_LOOP ( 'NONE', ( #4566, #1992, #4401, #2832 ) ) ;
#1364 = EDGE_CURVE ( 'NONE', #1292, #4012, #3740, .T. ) ;
#1365 = EDGE_CURVE ( 'NONE', #3849, #89, #5501, .T. ) ;
#1366 = FACE_OUTER_BOUND ( 'NONE', #3396, .T. ) ;
#1367 = CARTESIAN_POINT ( 'NONE',  ( 26.29120546225423283, 22.83058175936042744, -0.1404403198745003967 ) ) ;
#1368 = CIRCLE ( 'NONE', #4469, 3.000000000000002665 ) ;
#1369 = CARTESIAN_POINT ( 'NONE',  ( -3.129636159629258261E-31, 18.00000000000000000, -4.500000000000003553 ) ) ;
#1370 = CARTESIAN_POINT ( 'NONE',  ( 25.90139814494911974, -23.33413715998931082, -0.5913008047983169257 ) ) ;
#1371 = CARTESIAN_POINT ( 'NONE',  ( 31.00000000000000000, 15.96933128205093055, -9.114036101419138447 ) ) ;
#1372 = DIRECTION ( 'NONE',  ( -3.469446951953617344E-15, 0.000000000000000000, -1.000000000000000000 ) ) ;
#1373 = ORIENTED_EDGE ( 'NONE', *, *, #796, .F. ) ;
#1374 = FACE_BOUND ( 'NONE', #3591, .T. ) ;
#1375 = ORIENTED_EDGE ( 'NONE', *, *, #5289, .F. ) ;
#1376 = EDGE_CURVE ( 'NONE', #929, #3428, #699, .T. ) ;
#1377 = EDGE_LOOP ( 'NONE', ( #1759, #3066, #3016, #94 ) ) ;
#1378 = DIRECTION ( 'NONE',  ( 1.000000000000000000, -0.000000000000000000, -3.491481338843133355E-15 ) ) ;
#1379 = ORIENTED_EDGE ( 'NONE', *, *, #2210, .F. ) ;
#1380 = VECTOR ( 'NONE', #22, 1000.000000000000000 ) ;
#1381 = CARTESIAN_POINT ( 'NONE',  ( 24.93913256215899921, 21.91156401951431221, -0.5000000000000022204 ) ) ;
#1382 = LINE ( 'NONE', #1805, #4231 ) ;
#1383 = ADVANCED_FACE ( 'NONE', ( #4961 ), #4524, .F. ) ;
#1384 = DIRECTION ( 'NONE',  ( 0.000000000000000000, -1.000000000000000000, 0.000000000000000000 ) ) ;
#1385 = CARTESIAN_POINT ( 'NONE',  ( 25.19725349188871277, -23.10914185963800804, -4.597260628248704073 ) ) ;
#1386 = DIRECTION ( 'NONE',  ( 1.000000000000000000, -0.000000000000000000, -3.491481338843133355E-15 ) ) ;
#1387 = AXIS2_PLACEMENT_3D ( 'NONE', #1695, #5087, #432 ) ;
#1388 = CARTESIAN_POINT ( 'NONE',  ( 25.19329867010939594, 20.92514955128397958, -5.018758878236740273 ) ) ;
#1389 = EDGE_LOOP ( 'NONE', ( #2507, #733, #917, #1168 ) ) ;
#1390 = PRODUCT_DEFINITION_SHAPE ( 'NONE', 'NONE',  #1531 ) ;
#1391 = CARTESIAN_POINT ( 'NONE',  ( 24.69945472929590125, -20.44100858905356688, -4.614740003411462510 ) ) ;
#1392 = CARTESIAN_POINT ( 'NONE',  ( 25.42682423729275953, 21.70429665535847619, -0.01520015636201112359 ) ) ;
#1393 = CARTESIAN_POINT ( 'NONE',  ( 25.44869442817265082, -22.94640478482584456, -5.106313976435724378 ) ) ;
#1394 = CARTESIAN_POINT ( 'NONE',  ( 26.87975119668325164, 26.84261456209101482, -0.8440461711059513705 ) ) ;
#1395 = CARTESIAN_POINT ( 'NONE',  ( 25.00000000000000711, 22.01571739626976409, -4.582423019826101118 ) ) ;
#1396 = CARTESIAN_POINT ( 'NONE',  ( 30.49999999999980460, -19.64310073908833232, -56.47260893100327195 ) ) ;
#1397 = ORIENTED_EDGE ( 'NONE', *, *, #3933, .F. ) ;
#1398 = LINE ( 'NONE', #5263, #4744 ) ;
#1399 = EDGE_CURVE ( 'NONE', #1542, #1907, #5472, .T. ) ;
#1400 = CARTESIAN_POINT ( 'NONE',  ( 25.42971513767047043, 21.70774400455124109, -0.01540275849444084841 ) ) ;
#1401 = ORIENTED_EDGE ( 'NONE', *, *, #4915, .F. ) ;
#1402 = VERTEX_POINT ( 'NONE', #110 ) ;
#1403 = FACE_OUTER_BOUND ( 'NONE', #284, .T. ) ;
#1404 = ORIENTED_EDGE ( 'NONE', *, *, #4526, .F. ) ;
#1405 = DIRECTION ( 'NONE',  ( -3.965082230804135347E-15, 0.000000000000000000, -1.000000000000000000 ) ) ;
#1406 = AXIS2_PLACEMENT_3D ( 'NONE', #4675, #23, #4252 ) ;
#1407 = DIRECTION ( 'NONE',  ( -0.6654458814337126382, -0.7464460991142690682, 0.000000000000000000 ) ) ;
#1408 = CARTESIAN_POINT ( 'NONE',  ( 30.49999999999982236, -13.22367297715325840, -55.09925704491753606 ) ) ;
#1409 = CARTESIAN_POINT ( 'NONE',  ( 25.25348086844521589, -23.47140125448877157, -4.606718920714685694 ) ) ;
#1410 = CARTESIAN_POINT ( 'NONE',  ( 25.25370414407621311, 24.33858969827019081, -5.032714826516446749 ) ) ;
#1411 = CARTESIAN_POINT ( 'NONE',  ( 25.52132866940477740, 23.71050569904546279, -5.146633716890886667 ) ) ;
#1412 = ORIENTED_EDGE ( 'NONE', *, *, #818, .T. ) ;
#1413 = ADVANCED_FACE ( 'NONE', ( #3120 ), #2177, .F. ) ;
#1414 = VECTOR ( 'NONE', #4220, 1000.000000000000000 ) ;
#1415 = CARTESIAN_POINT ( 'NONE',  ( 0.000000000000000000, 13.50000000000000000, -5.000000000000000000 ) ) ;
#1416 = CARTESIAN_POINT ( 'NONE',  ( 25.44384662660440100, 21.72456925706186937, -0.01643849739824961020 ) ) ;
#1417 = CARTESIAN_POINT ( 'NONE',  ( 25.57839184916072739, -24.71503571918527697, -5.184240833365207912 ) ) ;
#1418 = CARTESIAN_POINT ( 'NONE',  ( 27.03080581245128045, 27.00000000000000355, -0.8886569522175438163 ) ) ;
#1419 = FACE_OUTER_BOUND ( 'NONE', #2822, .T. ) ;
#1420 = AXIS2_PLACEMENT_3D ( 'NONE', #2202, #3059, #3897 ) ;
#1421 = VECTOR ( 'NONE', #3088, 1000.000000000000000 ) ;
#1422 = CARTESIAN_POINT ( 'NONE',  ( 25.12410745422561220, 20.48213964214801663, -5.000000000000000000 ) ) ;
#1423 = B_SPLINE_CURVE_WITH_KNOTS ( 'NONE', 3,
 ( #4590, #2915, #2031, #267 ),
 .UNSPECIFIED., .F., .F.,
 ( 4, 4 ),
 ( 0.000000000000000000, 1.000000000000000000 ),
 .UNSPECIFIED. ) ;
#1424 = CARTESIAN_POINT ( 'NONE',  ( 0.000000000000000000, 13.50000000000000000, 0.000000000000000000 ) ) ;
#1425 = ADVANCED_FACE ( 'NONE', ( #4185 ), #3481, .F. ) ;
#1426 = CARTESIAN_POINT ( 'NONE',  ( 26.57764148020685369, 26.52785495684031147, -0.7548239491419559410 ) ) ;
#1427 = DIRECTION ( 'NONE',  ( -0.000000000000000000, -0.000000000000000000, 1.000000000000000000 ) ) ;
#1428 = VERTEX_POINT ( 'NONE', #1396 ) ;
#1429 = ORIENTED_EDGE ( 'NONE', *, *, #1524, .F. ) ;
#1430 = ORIENTED_EDGE ( 'NONE', *, *, #127, .F. ) ;
#1431 = CIRCLE ( 'NONE', #4902, 1.550000000000000933 ) ;
#1432 = DIRECTION ( 'NONE',  ( -0.000000000000000000, -0.000000000000000000, -1.000000000000000000 ) ) ;
#1433 = ORIENTED_EDGE ( 'NONE', *, *, #2011, .F. ) ;
#1434 = CARTESIAN_POINT ( 'NONE',  ( 25.99999999999985789, 19.00000000000000711, -48.50221285621783807 ) ) ;
#1435 = CARTESIAN_POINT ( 'NONE',  ( 30.99999999999986500, -22.38817675479887725, -45.92154413826857962 ) ) ;
#1436 = EDGE_CURVE ( 'NONE', #1128, #703, #2567, .T. ) ;
#1437 = CARTESIAN_POINT ( 'NONE',  ( 13.24134295108992276, -6.749999999999999112, -5.000000000000000000 ) ) ;
#1438 = DIRECTION ( 'NONE',  ( 0.000000000000000000, 0.000000000000000000, 1.000000000000000000 ) ) ;
#1439 = CARTESIAN_POINT ( 'NONE',  ( 25.19377849514265932, -21.06709218509217152, -5.000000000000000000 ) ) ;
#1440 = ORIENTED_EDGE ( 'NONE', *, *, #2566, .F. ) ;
#1441 = ADVANCED_FACE ( 'NONE', ( #3427 ), #925, .F. ) ;
#1442 = CARTESIAN_POINT ( 'NONE',  ( 25.00146226645662040, -22.02320327061905303, -4.582539376325659219 ) ) ;
#1443 = CARTESIAN_POINT ( 'NONE',  ( 26.72664709100662250, 23.53757128387741560, -0.2534420653272433377 ) ) ;
#1444 = CARTESIAN_POINT ( 'NONE',  ( 25.57555590647657695, -24.62815899066856673, -5.182231730578616968 ) ) ;
#1445 = CARTESIAN_POINT ( 'NONE',  ( 26.00000000000000355, 15.96933128205093055, -7.564036101419126190 ) ) ;
#1446 = CARTESIAN_POINT ( 'NONE',  ( 25.27177116817933822, 23.58283277273120149, -4.610239897578122026 ) ) ;
#1447 = DIRECTION ( 'NONE',  ( 1.000000000000000000, -1.541001731203043772E-16, -3.491481338843133355E-15 ) ) ;
#1448 = CARTESIAN_POINT ( 'NONE',  ( 25.34899296869118857, 22.08684472689020595, -5.062858478035819232 ) ) ;
#1449 = VERTEX_POINT ( 'NONE', #1739 ) ;
#1450 = CIRCLE ( 'NONE', #5000, 3.000000000000000888 ) ;
#1451 = DIRECTION ( 'NONE',  ( 1.358192966683931721E-16, -0.7071067811865500152, -0.7071067811865451302 ) ) ;
#1452 = ADVANCED_FACE ( 'NONE', ( #1843 ), #4765, .F. ) ;
#1453 = DIRECTION ( 'NONE',  ( -1.000000000000000000, 0.000000000000000000, 3.491481338843133355E-15 ) ) ;
#1454 = VERTEX_POINT ( 'NONE', #2206 ) ;
#1455 = ORIENTED_EDGE ( 'NONE', *, *, #129, .F. ) ;
#1456 = ORIENTED_EDGE ( 'NONE', *, *, #868, .F. ) ;
#1457 = CIRCLE ( 'NONE', #5278, 1.549999999999999156 ) ;
#1458 = CARTESIAN_POINT ( 'NONE',  ( -18.00000000000011369, -2.413941094228719388E-15, -31.50221285621768175 ) ) ;
#1459 = ORIENTED_EDGE ( 'NONE', *, *, #1122, .F. ) ;
#1460 = CYLINDRICAL_SURFACE ( 'NONE', #4434, 8.000000000000000000 ) ;
#1461 = CIRCLE ( 'NONE', #4833, 1.549999999999999378 ) ;
#1462 = EDGE_CURVE ( 'NONE', #512, #3437, #5205, .T. ) ;
#1463 = CARTESIAN_POINT ( 'NONE',  ( 27.90000000000000213, 15.96933128205093055, -9.114036101419127789 ) ) ;
#1464 = CARTESIAN_POINT ( 'NONE',  ( 25.34841779668587591, -22.49079756912299644, -0.5260715157674233922 ) ) ;
#1465 = CARTESIAN_POINT ( 'NONE',  ( 25.30048705195747161, -23.80962152484306316, -4.616447548524148736 ) ) ;
#1466 = CARTESIAN_POINT ( 'NONE',  ( 25.10164243513940363, -20.25910679945995696, -5.000000000000001776 ) ) ;
#1467 = EDGE_CURVE ( 'NONE', #2535, #2336, #2839, .T. ) ;
#1468 = ORIENTED_EDGE ( 'NONE', *, *, #5078, .T. ) ;
#1469 = VECTOR ( 'NONE', #2636, 1000.000000000000000 ) ;
#1470 = CARTESIAN_POINT ( 'NONE',  ( -10.52220865598093447, 6.074999999999997513, -4.201721238055123209 ) ) ;
#1471 = DIRECTION ( 'NONE',  ( -0.000000000000000000, -0.000000000000000000, -1.000000000000000000 ) ) ;
#1472 = CARTESIAN_POINT ( 'NONE',  ( 25.33506688937382378, -21.98099533084255697, -5.057805443023293712 ) ) ;
#1473 = FACE_OUTER_BOUND ( 'NONE', #2957, .T. ) ;
#1474 = CARTESIAN_POINT ( 'NONE',  ( 25.20646016232549869, 23.15258504648000226, -4.598632403606887742 ) ) ;
#1475 = DIRECTION ( 'NONE',  ( -3.469446951953601961E-15, 0.000000000000000000, -1.000000000000000000 ) ) ;
#1476 = AXIS2_PLACEMENT_3D ( 'NONE', #936, #2713, #2216 ) ;
#1477 = CARTESIAN_POINT ( 'NONE',  ( 25.56686860000424133, 24.42414094279186543, -5.176191571109046485 ) ) ;
#1478 = ORIENTED_EDGE ( 'NONE', *, *, #1070, .T. ) ;
#1479 = AXIS2_PLACEMENT_3D ( 'NONE', #3929, #3092, #1480 ) ;
#1480 = DIRECTION ( 'NONE',  ( -4.476705744456293499E-15, 0.000000000000000000, -1.000000000000000000 ) ) ;
#1481 = DIRECTION ( 'NONE',  ( 0.7071067811865474617, -0.7071067811865474617, 0.000000000000000000 ) ) ;
#1482 = ORIENTED_EDGE ( 'NONE', *, *, #4812, .F. ) ;
#1483 = ORIENTED_EDGE ( 'NONE', *, *, #4027, .F. ) ;
#1484 = B_SPLINE_CURVE_WITH_KNOTS ( 'NONE', 3,
 ( #4854, #4043, #4910, #3234 ),
 .UNSPECIFIED., .F., .F.,
 ( 4, 4 ),
 ( 0.000000000000000000, 1.000000000000000000 ),
 .UNSPECIFIED. ) ;
#1485 = EDGE_CURVE ( 'NONE', #4941, #858, #2683, .T. ) ;
#1486 = ORIENTED_EDGE ( 'NONE', *, *, #5044, .T. ) ;
#1487 = CARTESIAN_POINT ( 'NONE',  ( 1.549999999999999156, 13.50000000000000000, 0.000000000000000000 ) ) ;
#1488 = ORIENTED_EDGE ( 'NONE', *, *, #1186, .F. ) ;
#1489 = DIRECTION ( 'NONE',  ( -4.476705744456268255E-15, 0.000000000000000000, -1.000000000000000000 ) ) ;
#1490 = PLANE ( 'NONE',  #5296 ) ;
#1491 = CARTESIAN_POINT ( 'NONE',  ( 26.47995425613713749, -24.64901744784130599, -0.7251552138647531232 ) ) ;
#1492 = B_SPLINE_CURVE_WITH_KNOTS ( 'NONE', 3,
 ( #4817, #564, #401, #2543 ),
 .UNSPECIFIED., .F., .F.,
 ( 4, 4 ),
 ( 0.000000000000000000, 0.0007101413737558890478 ),
 .UNSPECIFIED. ) ;
#1493 = DIRECTION ( 'NONE',  ( -0.000000000000000000, -0.000000000000000000, -1.000000000000000000 ) ) ;
#1494 = CARTESIAN_POINT ( 'NONE',  ( 26.28129358969965779, 23.80670240609857302, -0.1376887088887453758 ) ) ;
#1495 = ORIENTED_EDGE ( 'NONE', *, *, #2418, .F. ) ;
#1496 = DIRECTION ( 'NONE',  ( 1.575895479354887601E-16, 1.000000000000000000, 1.575895479354882178E-16 ) ) ;
#1497 = CARTESIAN_POINT ( 'NONE',  ( 27.25337134111759596, 25.49502804678897405, -0.4392143420212439309 ) ) ;
#1498 = AXIS2_PLACEMENT_3D ( 'NONE', #2383, #4053, #634 ) ;
#1499 = CARTESIAN_POINT ( 'NONE',  ( 25.44747324744989214, -22.93485478942784539, -5.105702100523408227 ) ) ;
#1500 = CARTESIAN_POINT ( 'NONE',  ( 0.000000000000000000, 13.50000000000000000, -1.899999999999999689 ) ) ;
#1501 = LINE ( 'NONE', #2355, #2176 ) ;
#1502 = CARTESIAN_POINT ( 'NONE',  ( 18.06274606680623052, -18.00000000000000355, -4.500000000000003553 ) ) ;
#1503 = CARTESIAN_POINT ( 'NONE',  ( 25.29571519713572414, 21.68398260521887266, -5.044657225729524797 ) ) ;
#1504 = ORIENTED_EDGE ( 'NONE', *, *, #3822, .F. ) ;
#1505 = AXIS2_PLACEMENT_3D ( 'NONE', #937, #2267, #3131 ) ;
#1506 = DIRECTION ( 'NONE',  ( -1.000000000000000000, 0.000000000000000000, 3.491481338843133355E-15 ) ) ;
#1507 = CARTESIAN_POINT ( 'NONE',  ( 27.22713301380563777, -25.10609814048597954, -0.4286552866499193093 ) ) ;
#1508 = CARTESIAN_POINT ( 'NONE',  ( 9.500000000000012434, 1.163414459189987063E-15, -5.000000000000000000 ) ) ;
#1509 = AXIS2_PLACEMENT_3D ( 'NONE', #3912, #460, #2941 ) ;
#1510 = CARTESIAN_POINT ( 'NONE',  ( 25.67225863075399417, -26.66639340178419104, -5.046568797013916807 ) ) ;
#1511 = EDGE_LOOP ( 'NONE', ( #1281, #5288, #2414, #5034, #2893 ) ) ;
#1512 = EDGE_LOOP ( 'NONE', ( #5168, #534, #471, #978 ) ) ;
#1513 = CIRCLE ( 'NONE', #1245, 1.549999999999999378 ) ;
#1514 = VERTEX_POINT ( 'NONE', #3873 ) ;
#1515 = CARTESIAN_POINT ( 'NONE',  ( 27.89999999999996660, -22.38817675479887725, -15.53288157416712245 ) ) ;
#1516 = EDGE_CURVE ( 'NONE', #2876, #111, #3629, .T. ) ;
#1517 = ORIENTED_EDGE ( 'NONE', *, *, #4396, .T. ) ;
#1518 = AXIS2_PLACEMENT_3D ( 'NONE', #3860, #1698, #382 ) ;
#1519 = FACE_OUTER_BOUND ( 'NONE', #454, .T. ) ;
#1520 = CARTESIAN_POINT ( 'NONE',  ( 31.00000000000005329, 26.50000000000000355, 6.435041076975909213 ) ) ;
#1521 = CARTESIAN_POINT ( 'NONE',  ( 26.39012709622767616, -24.33990477910772299, -0.6993797330125776091 ) ) ;
#1522 = CARTESIAN_POINT ( 'NONE',  ( 25.40415171656472637, -25.15864029221812004, -4.644683609569603355 ) ) ;
#1523 = CARTESIAN_POINT ( 'NONE',  ( 25.11497803860772393, -20.37462761093044961, -5.000000000000000000 ) ) ;
#1524 = EDGE_CURVE ( 'NONE', #1292, #3240, #2621, .T. ) ;
#1525 = PLANE ( 'NONE',  #2935 ) ;
#1526 = CARTESIAN_POINT ( 'NONE',  ( 27.26222882253929569, 25.76564017010800711, -0.4428112398582556564 ) ) ;
#1527 = CARTESIAN_POINT ( 'NONE',  ( 0.000000000000000000, 0.000000000000000000, 0.000000000000000000 ) ) ;
#1528 = DIRECTION ( 'NONE',  ( 0.000000000000000000, -0.8396472240494542438, -0.5431321562438056194 ) ) ;
#1529 = CARTESIAN_POINT ( 'NONE',  ( 25.37271569706055985, 24.51125036288540215, -4.635279915223877722 ) ) ;
#1530 = CARTESIAN_POINT ( 'NONE',  ( -10.52220865598093269, 6.074999999999997513, -3.000000000000002665 ) ) ;
#1531 = PRODUCT_DEFINITION ( '鏈', '', #2708, #2604 ) ;
#1532 = EDGE_CURVE ( 'NONE', #4151, #523, #3454, .T. ) ;
#1533 = CARTESIAN_POINT ( 'NONE',  ( 25.57210724618069975, 24.54743011480051251, -5.179820629676665789 ) ) ;
#1534 = ORIENTED_EDGE ( 'NONE', *, *, #3104, .T. ) ;
#1535 = DIRECTION ( 'NONE',  ( 1.000000000000000000, -0.000000000000000000, -3.491481338843133355E-15 ) ) ;
#1536 = CARTESIAN_POINT ( 'NONE',  ( 27.17133745596625261, -24.74072407266170259, -0.4066708180823170315 ) ) ;
#1537 = CARTESIAN_POINT ( 'NONE',  ( 26.58163130812573272, -25.33749153316279390, -0.7559534554662732386 ) ) ;
#1538 = DIRECTION ( 'NONE',  ( 1.000000000000000000, -0.000000000000000000, -3.491481338843133355E-15 ) ) ;
#1539 = DIRECTION ( 'NONE',  ( 1.000000000000000000, -0.000000000000000000, -3.491481338843133355E-15 ) ) ;
#1540 = ORIENTED_EDGE ( 'NONE', *, *, #2664, .F. ) ;
#1541 = AXIS2_PLACEMENT_3D ( 'NONE', #4762, #1023, #632 ) ;
#1542 = VERTEX_POINT ( 'NONE', #3951 ) ;
#1543 = CARTESIAN_POINT ( 'NONE',  ( 30.49999999999983658, 15.96933128205093766, -53.89038961101655900 ) ) ;
#1544 = ORIENTED_EDGE ( 'NONE', *, *, #1926, .T. ) ;
#1545 = DIRECTION ( 'NONE',  ( -1.000000000000000000, 0.000000000000000000, 1.387778780781425165E-14 ) ) ;
#1546 = ADVANCED_FACE ( 'NONE', ( #5159 ), #974, .T. ) ;
#1547 = DIRECTION ( 'NONE',  ( -0.7071067811865500152, 0.7071067811865451302, 0.000000000000000000 ) ) ;
#1548 = CARTESIAN_POINT ( 'NONE',  ( 26.59958859226369654, -26.13610088736549031, -0.7615409143998150832 ) ) ;
#1549 = PLANE ( 'NONE',  #5246 ) ;
#1550 = CARTESIAN_POINT ( 'NONE',  ( 26.89797138534277465, 23.88750453029946286, -0.3080982152738588886 ) ) ;
#1551 = ORIENTED_EDGE ( 'NONE', *, *, #2133, .T. ) ;
#1552 = EDGE_CURVE ( 'NONE', #887, #3456, #3901, .T. ) ;
#1553 = DIRECTION ( 'NONE',  ( 1.000000000000000000, -0.000000000000000000, -3.491481338843133355E-15 ) ) ;
#1554 = CARTESIAN_POINT ( 'NONE',  ( 27.23281232132372764, 26.71727917674251174, -0.4309170531401293469 ) ) ;
#1555 = LINE ( 'NONE', #4083, #888 ) ;
#1556 = CARTESIAN_POINT ( 'NONE',  ( 27.25010740479655169, -26.50000005020591232, -0.4378945832643832969 ) ) ;
#1557 = CARTESIAN_POINT ( 'NONE',  ( 25.35379823077157369, 24.28194629643934732, -4.629924332951884658 ) ) ;
#1558 = CARTESIAN_POINT ( 'NONE',  ( 27.89999999999987423, 22.38817675479886660, -44.47154413826854835 ) ) ;
#1559 = VECTOR ( 'NONE', #4375, 1000.000000000000114 ) ;
#1560 = CARTESIAN_POINT ( 'NONE',  ( 25.56959313614174079, 24.48577360577996842, -5.178073027982255994 ) ) ;
#1561 = VERTEX_POINT ( 'NONE', #4739 ) ;
#1562 = FACE_BOUND ( 'NONE', #3980, .T. ) ;
#1563 = CARTESIAN_POINT ( 'NONE',  ( 24.97951226755456133, 21.98911564066923319, -0.5143193937016948825 ) ) ;
#1564 = CARTESIAN_POINT ( 'NONE',  ( 26.31879548689895998, -24.15257884406042876, -0.6803443667772900438 ) ) ;
#1565 = CARTESIAN_POINT ( 'NONE',  ( 25.99999999999984368, -15.96933128205095187, -52.34038961101654763 ) ) ;
#1566 = CYLINDRICAL_SURFACE ( 'NONE', #4387, 1.549999999999999378 ) ;
#1567 = VERTEX_POINT ( 'NONE', #4318 ) ;
#1568 = CIRCLE ( 'NONE', #2628, 1.549999999999999378 ) ;
#1569 = ORIENTED_EDGE ( 'NONE', *, *, #2120, .F. ) ;
#1570 = CARTESIAN_POINT ( 'NONE',  ( 27.24571967469524125, 26.50000002079944750, -0.4361215736963918732 ) ) ;
#1571 = ORIENTED_EDGE ( 'NONE', *, *, #1305, .T. ) ;
#1572 = CARTESIAN_POINT ( 'NONE',  ( -8.522208655980943348, 6.074999999999997513, 1.310372075087664981E-15 ) ) ;
#1573 = DIRECTION ( 'NONE',  ( -6.938893903907318308E-15, 0.000000000000000000, -1.000000000000000000 ) ) ;
#1574 = DIRECTION ( 'NONE',  ( -3.700743415417191886E-15, 0.000000000000000000, -1.000000000000000000 ) ) ;
#1575 = CARTESIAN_POINT ( 'NONE',  ( 25.35090854800392890, -24.25452428679926342, -4.629092509981700410 ) ) ;
#1576 = CARTESIAN_POINT ( 'NONE',  ( 27.26208301681945656, 25.84725238423694904, -0.4427542404696863665 ) ) ;
#1577 = ORIENTED_EDGE ( 'NONE', *, *, #1176, .T. ) ;
#1578 = CARTESIAN_POINT ( 'NONE',  ( 25.25236465143233389, -21.56664695376123575, -0.05339285979405716809 ) ) ;
#1579 = DIRECTION ( 'NONE',  ( 3.469446951953614189E-15, 0.000000000000000000, 1.000000000000000000 ) ) ;
#1580 = FACE_OUTER_BOUND ( 'NONE', #1690, .T. ) ;
#1581 = CARTESIAN_POINT ( 'NONE',  ( -11.69134295108992383, -6.749999999999997335, -1.899999999999999689 ) ) ;
#1582 = CARTESIAN_POINT ( 'NONE',  ( 30.99999999999983658, 12.76606325967030031, -55.30073495056769417 ) ) ;
#1583 = LINE ( 'NONE', #5005, #1154 ) ;
#1584 = ADVANCED_FACE ( 'NONE', ( #5231 ), #4504, .F. ) ;
#1585 = CARTESIAN_POINT ( 'NONE',  ( 25.58672659648163972, 26.91484307705043832, -5.190214904446205146 ) ) ;
#1586 = ORIENTED_EDGE ( 'NONE', *, *, #4470, .T. ) ;
#1587 = DIRECTION ( 'NONE',  ( 1.000000000000000000, 0.000000000000000000, 0.000000000000000000 ) ) ;
#1588 = CIRCLE ( 'NONE', #2823, 1.549999999999999822 ) ;
#1589 = CYLINDRICAL_SURFACE ( 'NONE', #448, 1.549999999999999378 ) ;
#1590 = CARTESIAN_POINT ( 'NONE',  ( 27.20506895150082016, -24.93474623572902260, -0.4198747745007636589 ) ) ;
#1591 = CARTESIAN_POINT ( 'NONE',  ( 26.59144610247655649, -25.48698766423896700, -0.7590179036275098712 ) ) ;
#1592 = FACE_OUTER_BOUND ( 'NONE', #193, .T. ) ;
#1593 = DIRECTION ( 'NONE',  ( -0.000000000000000000, -0.000000000000000000, -1.000000000000000000 ) ) ;
#1594 = CIRCLE ( 'NONE', #5326, 1.500000000000001332 ) ;
#1595 = ORIENTED_EDGE ( 'NONE', *, *, #455, .T. ) ;
#1596 = ORIENTED_EDGE ( 'NONE', *, *, #5248, .T. ) ;
#1597 = AXIS2_PLACEMENT_3D ( 'NONE', #3927, #3062, #5128 ) ;
#1598 = FACE_OUTER_BOUND ( 'NONE', #995, .T. ) ;
#1599 = ORIENTED_EDGE ( 'NONE', *, *, #5303, .F. ) ;
#1600 = LINE ( 'NONE', #4548, #4077 ) ;
#1601 = AXIS2_PLACEMENT_3D ( 'NONE', #533, #2231, #135 ) ;
#1602 = EDGE_CURVE ( 'NONE', #3456, #1195, #5416, .T. ) ;
#1603 = CARTESIAN_POINT ( 'NONE',  ( 24.87301213039912895, -21.84756891985061245, -0.5159234981469970061 ) ) ;
#1604 = VECTOR ( 'NONE', #3242, 1000.000000000000000 ) ;
#1605 = DIRECTION ( 'NONE',  ( 0.000000000000000000, 0.000000000000000000, -1.000000000000000000 ) ) ;
#1606 = CARTESIAN_POINT ( 'NONE',  ( 26.18219431421718113, 22.67426883299919282, -0.1176110998052471296 ) ) ;
#1607 = ORIENTED_EDGE ( 'NONE', *, *, #4962, .F. ) ;
#1608 = ADVANCED_FACE ( 'NONE', ( #2701 ), #4721, .T. ) ;
#1609 = CARTESIAN_POINT ( 'NONE',  ( 25.06364278626514874, -21.74789127181637483, -0.3089730528690017297 ) ) ;
#1610 = EDGE_CURVE ( 'NONE', #1907, #2456, #5338, .T. ) ;
#1611 = CARTESIAN_POINT ( 'NONE',  ( 30.49999999999999645, -27.00000000000000355, -6.000000000000017764 ) ) ;
#1612 = CARTESIAN_POINT ( 'NONE',  ( 25.11308109091033103, -20.29626659438051561, -5.006413437749051454 ) ) ;
#1613 = CARTESIAN_POINT ( 'NONE',  ( 25.99999999999992184, 22.99999999999998934, -31.50221285621783451 ) ) ;
#1614 = CARTESIAN_POINT ( 'NONE',  ( 26.72903387483978932, -25.15939864788338909, -0.2544953146783667242 ) ) ;
#1615 = CARTESIAN_POINT ( 'NONE',  ( -11.69134295108992383, -6.749999999999997335, -1.899999999999999689 ) ) ;
#1616 = ADVANCED_FACE ( 'NONE', ( #4232 ), #3869, .T. ) ;
#1617 = CARTESIAN_POINT ( 'NONE',  ( 25.37407725976735051, 24.53191801809178685, -4.635685866244930509 ) ) ;
#1618 = ORIENTED_EDGE ( 'NONE', *, *, #1610, .T. ) ;
#1619 = ADVANCED_FACE ( 'NONE', ( #5124 ), #5180, .F. ) ;
#1620 = FACE_OUTER_BOUND ( 'NONE', #1035, .T. ) ;
#1621 = CARTESIAN_POINT ( 'NONE',  ( 25.57020418779721638, -24.49568926165426674, -5.178496255207554633 ) ) ;
#1622 = CARTESIAN_POINT ( 'NONE',  ( 25.12625741750600028, 22.18142230110063906, -0.5159374518688484290 ) ) ;
#1623 = CARTESIAN_POINT ( 'NONE',  ( 26.46514157646990384, -24.58779460610388412, -0.7207969694742022426 ) ) ;
#1624 = DIRECTION ( 'NONE',  ( -0.000000000000000000, -0.000000000000000000, 1.000000000000000000 ) ) ;
#1625 = EDGE_LOOP ( 'NONE', ( #2854, #4171, #615, #5414, #171 ) ) ;
#1626 = ORIENTED_EDGE ( 'NONE', *, *, #975, .T. ) ;
#1627 = EDGE_CURVE ( 'NONE', #1740, #5210, #705, .T. ) ;
#1628 = DIRECTION ( 'NONE',  ( 0.000000000000000000, 0.000000000000000000, -1.000000000000000000 ) ) ;
#1629 = ORIENTED_EDGE ( 'NONE', *, *, #4398, .T. ) ;
#1630 = CIRCLE ( 'NONE', #1722, 8.000000000000000000 ) ;
#1631 = DIRECTION ( 'NONE',  ( 1.541976423090494894E-16, 1.000000000000000000, 0.000000000000000000 ) ) ;
#1632 = VECTOR ( 'NONE', #1083, 1000.000000000000000 ) ;
#1633 = CARTESIAN_POINT ( 'NONE',  ( 27.23758944809518923, -26.69367598423858112, -0.4328326148316692379 ) ) ;
#1634 = FACE_OUTER_BOUND ( 'NONE', #2283, .T. ) ;
#1635 = CARTESIAN_POINT ( 'NONE',  ( 27.26199456129623755, 25.83556903320507914, -0.4427182335414381886 ) ) ;
#1636 = ORIENTED_EDGE ( 'NONE', *, *, #3548, .T. ) ;
#1637 = ADVANCED_FACE ( 'NONE', ( #3036 ), #2674, .T. ) ;
#1638 = ORIENTED_EDGE ( 'NONE', *, *, #5360, .F. ) ;
#1639 = CARTESIAN_POINT ( 'NONE',  ( 25.55097503417587390, -26.68190075251926885, -4.682079040846872431 ) ) ;
#1640 = VECTOR ( 'NONE', #3587, 1000.000000000000114 ) ;
#1641 = EDGE_CURVE ( 'NONE', #2987, #590, #4793, .T. ) ;
#1642 = DIRECTION ( 'NONE',  ( 1.000000000000000000, -0.000000000000000000, -3.491481338843133355E-15 ) ) ;
#1643 = CARTESIAN_POINT ( 'NONE',  ( 25.15668414993832513, -20.62879995499408992, -5.012302441016150745 ) ) ;
#1644 = CYLINDRICAL_SURFACE ( 'NONE', #561, 2.999999999999997335 ) ;
#1645 = CARTESIAN_POINT ( 'NONE',  ( 25.27901552327566748, -24.80496409824347026, -5.039570514163487225 ) ) ;
#1646 = LINE ( 'NONE', #3446, #2561 ) ;
#1647 = CARTESIAN_POINT ( 'NONE',  ( 25.13703180466045595, 22.73992183723562377, -4.589407485979180024 ) ) ;
#1648 = VERTEX_POINT ( 'NONE', #2617 ) ;
#1649 = CARTESIAN_POINT ( 'NONE',  ( 25.21615586216455540, -21.07809932870508973, -5.023579514330961615 ) ) ;
#1650 = CARTESIAN_POINT ( 'NONE',  ( 26.38170039780286658, 24.31452644101412375, -0.6972006293259067622 ) ) ;
#1651 = CARTESIAN_POINT ( 'NONE',  ( 26.60017513630514685, -26.07682996986414636, -0.7617234706892788143 ) ) ;
#1652 = VECTOR ( 'NONE', #855, 1000.000000000000000 ) ;
#1653 = DIRECTION ( 'NONE',  ( -1.000000000000000000, 0.000000000000000000, 0.000000000000000000 ) ) ;
#1654 = ORIENTED_EDGE ( 'NONE', *, *, #5072, .T. ) ;
#1655 = AXIS2_PLACEMENT_3D ( 'NONE', #933, #15, #42 ) ;
#1656 = ORIENTED_EDGE ( 'NONE', *, *, #407, .T. ) ;
#1657 = EDGE_LOOP ( 'NONE', ( #815, #5407, #3178, #1379 ) ) ;
#1658 = VECTOR ( 'NONE', #3328, 1000.000000000000114 ) ;
#1659 = EDGE_CURVE ( 'NONE', #887, #5491, #418, .T. ) ;
#1660 = CIRCLE ( 'NONE', #1211, 2.999999999999999112 ) ;
#1661 = CARTESIAN_POINT ( 'NONE',  ( 27.09811410543193588, -24.43063570286883390, -0.3787881167091142198 ) ) ;
#1662 = CARTESIAN_POINT ( 'NONE',  ( 26.59481260532339064, 25.79754678105752674, -0.7600929409405695614 ) ) ;
#1663 = CARTESIAN_POINT ( 'NONE',  ( 27.25698918160682283, 25.58355576488987282, -0.4406796805515315052 ) ) ;
#1664 = ORIENTED_EDGE ( 'NONE', *, *, #5387, .F. ) ;
#1665 = ORIENTED_EDGE ( 'NONE', *, *, #2418, .T. ) ;
#1666 = CARTESIAN_POINT ( 'NONE',  ( 26.00000000000000355, -26.50000000000000355, -6.000000000000001776 ) ) ;
#1667 = CARTESIAN_POINT ( 'NONE',  ( -1.999999999999988232, -12.15000000000000036, -3.000000000000002665 ) ) ;
#1668 = DIRECTION ( 'NONE',  ( -1.892425610156518157E-15, 0.000000000000000000, 1.000000000000000000 ) ) ;
#1669 = DIRECTION ( 'NONE',  ( -1.000000000000000000, 0.000000000000000000, 3.491481338843133355E-15 ) ) ;
#1670 = PLANE ( 'NONE',  #3413 ) ;
#1671 = CARTESIAN_POINT ( 'NONE',  ( 24.96730258080296849, -21.85320187614237142, -4.553756749162873874 ) ) ;
#1672 = CARTESIAN_POINT ( 'NONE',  ( 25.01330831815820943, 22.08284646958565034, -4.582536168777296304 ) ) ;
#1673 = ORIENTED_EDGE ( 'NONE', *, *, #691, .F. ) ;
#1674 = CARTESIAN_POINT ( 'NONE',  ( 25.34375003062016418, -22.04873778460736489, -5.060934782180778413 ) ) ;
#1675 = CARTESIAN_POINT ( 'NONE',  ( 26.38656901698295698, 24.32862289553261448, -0.6985355993387060147 ) ) ;
#1676 = CARTESIAN_POINT ( 'NONE',  ( 25.77961668970605658, -23.13459335941262651, -0.5719470635695023120 ) ) ;
#1677 = ORIENTED_EDGE ( 'NONE', *, *, #2124, .T. ) ;
#1678 = ORIENTED_EDGE ( 'NONE', *, *, #2011, .T. ) ;
#1679 = DIRECTION ( 'NONE',  ( -3.700743415417225807E-15, 0.000000000000000000, -1.000000000000000000 ) ) ;
#1680 = EDGE_CURVE ( 'NONE', #4849, #4356, #893, .T. ) ;
#1681 = VECTOR ( 'NONE', #5394, 999.9999999999998863 ) ;
#1682 = ORIENTED_EDGE ( 'NONE', *, *, #3368, .T. ) ;
#1683 = ADVANCED_FACE ( 'NONE', ( #506 ), #2642, .F. ) ;
#1684 = AXIS2_PLACEMENT_3D ( 'NONE', #3380, #1269, #874 ) ;
#1685 = AXIS2_PLACEMENT_3D ( 'NONE', #486, #4378, #930 ) ;
#1686 = EDGE_CURVE ( 'NONE', #5370, #3770, #83, .T. ) ;
#1687 = CARTESIAN_POINT ( 'NONE',  ( 27.06848859461440071, -24.33187362941104936, -0.3678259563664653120 ) ) ;
#1688 = CARTESIAN_POINT ( 'NONE',  ( 26.59541281602029272, 25.88220669717036060, -0.7602801103493868062 ) ) ;
#1689 = CARTESIAN_POINT ( 'NONE',  ( 25.81809418818869162, 22.18620050549127853, -0.05600466812268279498 ) ) ;
#1690 = EDGE_LOOP ( 'NONE', ( #1682, #1768, #3815, #2045 ) ) ;
#1691 = AXIS2_PLACEMENT_3D ( 'NONE', #606, #1868, #2204 ) ;
#1692 = DIRECTION ( 'NONE',  ( -1.000000000000000000, 0.000000000000000000, 3.491481338843133355E-15 ) ) ;
#1693 = ORIENTED_EDGE ( 'NONE', *, *, #5290, .T. ) ;
#1694 = CIRCLE ( 'NONE', #3821, 9.500000000000012434 ) ;
#1695 = CARTESIAN_POINT ( 'NONE',  ( 25.99999999999986500, 22.38817675479886660, -47.47154413826854835 ) ) ;
#1696 = EDGE_CURVE ( 'NONE', #2121, #1312, #169, .T. ) ;
#1697 = DIRECTION ( 'NONE',  ( -0.8571673007021110013, 1.049727191138617093E-16, 0.5150380749100563760 ) ) ;
#1698 = DIRECTION ( 'NONE',  ( 1.000000000000000000, -0.000000000000000000, -3.491481338843133355E-15 ) ) ;
#1699 = CARTESIAN_POINT ( 'NONE',  ( 25.38012617738669263, -21.64748749032819219, -0.01204892601967474074 ) ) ;
#1700 = CARTESIAN_POINT ( 'NONE',  ( 24.99999999999999645, -22.01571739626974988, -5.000000000000000000 ) ) ;
#1701 = CARTESIAN_POINT ( 'NONE',  ( 12.52220865598092203, 6.074999999999998401, 0.000000000000000000 ) ) ;
#1702 = AXIS2_PLACEMENT_3D ( 'NONE', #2945, #4727, #3832 ) ;
#1703 = CARTESIAN_POINT ( 'NONE',  ( 24.58452620839609892, 19.83731376780069766, -4.643907957378853091 ) ) ;
#1704 = ORIENTED_EDGE ( 'NONE', *, *, #838, .F. ) ;
#1705 = DIRECTION ( 'NONE',  ( 0.000000000000000000, 0.000000000000000000, 1.000000000000000000 ) ) ;
#1706 = CARTESIAN_POINT ( 'NONE',  ( 25.16251296943908500, -20.67339804071602316, -5.013059333249055172 ) ) ;
#1707 = CARTESIAN_POINT ( 'NONE',  ( 25.25635377700624673, 21.50153789548970806, -0.005306063617327668770 ) ) ;
#1708 = CARTESIAN_POINT ( 'NONE',  ( 25.56699361942559889, 24.42369863077263048, -5.176269898649857204 ) ) ;
#1709 = CARTESIAN_POINT ( 'NONE',  ( 25.19983266440569381, -22.28461876241086514, -0.5184784676293084926 ) ) ;
#1710 = EDGE_CURVE ( 'NONE', #1034, #1402, #441, .T. ) ;
#1711 = ORIENTED_EDGE ( 'NONE', *, *, #890, .F. ) ;
#1712 = VERTEX_POINT ( 'NONE', #2353 ) ;
#1713 = CARTESIAN_POINT ( 'NONE',  ( 24.95124381171639882, 21.77059181913819330, -4.583272526766213772 ) ) ;
#1714 = EDGE_CURVE ( 'NONE', #4941, #4957, #4069, .T. ) ;
#1715 = ORIENTED_EDGE ( 'NONE', *, *, #502, .T. ) ;
#1716 = CARTESIAN_POINT ( 'NONE',  ( 24.70918062721823816, -21.63022101438974332, -0.5220722908488486524 ) ) ;
#1717 = CARTESIAN_POINT ( 'NONE',  ( 26.22975850263625475, 23.93944813643500424, -0.6583148645816340183 ) ) ;
#1718 = CARTESIAN_POINT ( 'NONE',  ( 25.29420947769845540, 21.54654182976252130, -0.007217609220872256079 ) ) ;
#1719 = VERTEX_POINT ( 'NONE', #1980 ) ;
#1720 = PLANE ( 'NONE',  #3281 ) ;
#1721 = ORIENTED_EDGE ( 'NONE', *, *, #4056, .F. ) ;
#1722 = AXIS2_PLACEMENT_3D ( 'NONE', #5390, #3164, #1579 ) ;
#1723 = ORIENTED_EDGE ( 'NONE', *, *, #5489, .T. ) ;
#1724 = LINE ( 'NONE', #2943, #1658 ) ;
#1725 = DIRECTION ( 'NONE',  ( -0.7071067811865442421, -0.7071067811865509034, 2.357417493092946918E-15 ) ) ;
#1726 = CYLINDRICAL_SURFACE ( 'NONE', #2756, 1.549999999999994049 ) ;
#1727 = CARTESIAN_POINT ( 'NONE',  ( 25.44775928644423146, -21.72955951906042316, -0.01672942244142434920 ) ) ;
#1728 = LINE ( 'NONE', #437, #1469 ) ;
#1729 = CARTESIAN_POINT ( 'NONE',  ( 30.99999999999986500, 22.38817675479886660, -47.47154413826856967 ) ) ;
#1730 = CARTESIAN_POINT ( 'NONE',  ( 25.31645775818226340, 21.83940564897599401, -5.051393001697054075 ) ) ;
#1731 = EDGE_LOOP ( 'NONE', ( #4214, #5396, #867, #137 ) ) ;
#1732 = ADVANCED_FACE ( 'NONE', ( #1580 ), #2827, .T. ) ;
#1733 = CARTESIAN_POINT ( 'NONE',  ( 25.20979258744829465, -23.18388185494903553, -4.598896452062704476 ) ) ;
#1734 = CARTESIAN_POINT ( 'NONE',  ( 24.80260132363637027, 20.96002591818371741, -0.003248065613361498377 ) ) ;
#1735 = CARTESIAN_POINT ( 'NONE',  ( 25.34965775818272249, -26.52315721626601430, -4.840760857306919185 ) ) ;
#1736 = CARTESIAN_POINT ( 'NONE',  ( 25.42700931343124537, -22.60278777613694956, -0.5319101254945682866 ) ) ;
#1737 = FACE_OUTER_BOUND ( 'NONE', #1511, .T. ) ;
#1738 = CIRCLE ( 'NONE', #2434, 1.549999999999999378 ) ;
#1739 = CARTESIAN_POINT ( 'NONE',  ( -12.52220865598092203, 6.074999999999997513, 1.310372075087664981E-15 ) ) ;
#1740 = VERTEX_POINT ( 'NONE', #4560 ) ;
#1741 = EDGE_LOOP ( 'NONE', ( #1678, #4989, #4823, #3250 ) ) ;
#1742 = DIRECTION ( 'NONE',  ( 0.000000000000000000, -1.734723475976805517E-15, -1.000000000000000000 ) ) ;
#1743 = ORIENTED_EDGE ( 'NONE', *, *, #1273, .F. ) ;
#1744 = AXIS2_PLACEMENT_3D ( 'NONE', #769, #1976, #376 ) ;
#1745 = CARTESIAN_POINT ( 'NONE',  ( 25.56374915503293721, -21.87179967769056432, -0.02650204655050746386 ) ) ;
#1746 = AXIS2_PLACEMENT_3D ( 'NONE', #2463, #2079, #2520 ) ;
#1747 = CARTESIAN_POINT ( 'NONE',  ( 26.46045479585577809, 24.57654894281638036, -0.7195553233506468693 ) ) ;
#1748 = ORIENTED_EDGE ( 'NONE', *, *, #1812, .F. ) ;
#1749 = DIRECTION ( 'NONE',  ( -0.000000000000000000, -0.000000000000000000, -1.000000000000000000 ) ) ;
#1750 = EDGE_LOOP ( 'NONE', ( #569, #4295, #5295, #2330 ) ) ;
#1751 = AXIS2_PLACEMENT_3D ( 'NONE', #4294, #5490, #1679 ) ;
#1752 = CARTESIAN_POINT ( 'NONE',  ( 25.00000000000000711, 54.50895030615006931, -6.000000000000000000 ) ) ;
#1753 = CARTESIAN_POINT ( 'NONE',  ( 27.89999999999983515, -15.96933128205095187, -53.89038961101655190 ) ) ;
#1754 = DIRECTION ( 'NONE',  ( 1.000000000000000000, 0.000000000000000000, 0.000000000000000000 ) ) ;
#1755 = CARTESIAN_POINT ( 'NONE',  ( 27.89999999999983515, 12.30845354218734755, -55.50221285621784517 ) ) ;
#1756 = LINE ( 'NONE', #4755, #758 ) ;
#1757 = CARTESIAN_POINT ( 'NONE',  ( 0.000000000000000000, 13.50000000000000000, -1.899999999999999689 ) ) ;
#1758 = CARTESIAN_POINT ( 'NONE',  ( 25.28674043984998931, 21.61721653883841654, -5.041990634807406835 ) ) ;
#1759 = ORIENTED_EDGE ( 'NONE', *, *, #1127, .T. ) ;
#1760 = EDGE_CURVE ( 'NONE', #3620, #4545, #1555, .T. ) ;
#1761 = CARTESIAN_POINT ( 'NONE',  ( 25.33075759305113905, -21.94760581151431111, -5.056280184781160258 ) ) ;
#1762 = CARTESIAN_POINT ( 'NONE',  ( 26.55951261304041466, 25.14592230826808716, -0.7491934333534381318 ) ) ;
#1763 = CARTESIAN_POINT ( 'NONE',  ( 30.99999999999984013, 15.96933128205093766, -53.89038961101655900 ) ) ;
#1764 = CARTESIAN_POINT ( 'NONE',  ( 26.00473441159187260, -23.51267666179063198, -0.6099360680580444560 ) ) ;
#1765 = DIRECTION ( 'NONE',  ( 1.000000000000000000, -1.575895479354882178E-16, -3.491481338843133355E-15 ) ) ;
#1766 = EDGE_CURVE ( 'NONE', #3902, #982, #1423, .T. ) ;
#1767 = CARTESIAN_POINT ( 'NONE',  ( 25.53063081830985936, -26.50748847817017761, -5.011187024225389308 ) ) ;
#1768 = ORIENTED_EDGE ( 'NONE', *, *, #3382, .F. ) ;
#1769 = FACE_OUTER_BOUND ( 'NONE', #3325, .T. ) ;
#1770 = ORIENTED_EDGE ( 'NONE', *, *, #2607, .T. ) ;
#1771 = AXIS2_PLACEMENT_3D ( 'NONE', #4225, #2918, #2112 ) ;
#1772 = CARTESIAN_POINT ( 'NONE',  ( 25.51961719552445018, -21.81735279005918571, -0.02250145313706309116 ) ) ;
#1773 = EDGE_CURVE ( 'NONE', #3593, #190, #4944, .T. ) ;
#1774 = CARTESIAN_POINT ( 'NONE',  ( 25.37664684322716369, 22.52262536978277652, -0.5279989742696313826 ) ) ;
#1775 = ORIENTED_EDGE ( 'NONE', *, *, #1680, .T. ) ;
#1776 = ADVANCED_FACE ( 'NONE', ( #5003 ), #295, .T. ) ;
#1777 = LINE ( 'NONE', #823, #4625 ) ;
#1778 = VECTOR ( 'NONE', #1697, 1000.000000000000000 ) ;
#1779 = DIRECTION ( 'NONE',  ( 3.491481338843133355E-15, 0.000000000000000000, 1.000000000000000000 ) ) ;
#1780 = CIRCLE ( 'NONE', #4172, 18.00000000000000000 ) ;
#1781 = CARTESIAN_POINT ( 'NONE',  ( 27.25010740479655169, -26.50000005020591232, -0.4378945832643832969 ) ) ;
#1782 = VECTOR ( 'NONE', #198, 1000.000000000000000 ) ;
#1783 = FACE_OUTER_BOUND ( 'NONE', #833, .T. ) ;
#1784 = CARTESIAN_POINT ( 'NONE',  ( 27.14197357249653919, -24.59958464391978339, -0.3953366395111790887 ) ) ;
#1785 = FACE_OUTER_BOUND ( 'NONE', #2848, .T. ) ;
#1786 = CARTESIAN_POINT ( 'NONE',  ( 26.24650754675279529, 27.00000000000000355, -3.496698381294372826 ) ) ;
#1787 = CARTESIAN_POINT ( 'NONE',  ( 25.22590853752382145, 21.16630211869693312, -5.025849724846547240 ) ) ;
#1788 = ORIENTED_EDGE ( 'NONE', *, *, #5360, .T. ) ;
#1789 = EDGE_CURVE ( 'NONE', #1292, #5148, #3695, .T. ) ;
#1790 = CARTESIAN_POINT ( 'NONE',  ( 26.58298379572300618, -26.50217040795130430, -0.7564210425725775844 ) ) ;
#1791 = CARTESIAN_POINT ( 'NONE',  ( 25.44668082042702650, 21.72794956331408756, -0.01664940640959150162 ) ) ;
#1792 = CARTESIAN_POINT ( 'NONE',  ( 25.52599703469003600, 23.77044889618868950, -5.149511171407864296 ) ) ;
#1793 = CARTESIAN_POINT ( 'NONE',  ( 25.19580199628074269, -22.27910227240529295, -0.5183251371678095909 ) ) ;
#1794 = DIRECTION ( 'NONE',  ( -0.000000000000000000, -0.000000000000000000, 1.000000000000000000 ) ) ;
#1795 = CIRCLE ( 'NONE', #983, 22.50000000000000355 ) ;
#1796 = ADVANCED_FACE ( 'NONE', ( #3749 ), #4443, .T. ) ;
#1797 = CARTESIAN_POINT ( 'NONE',  ( 25.03690744843675375, 19.74828957175075672, -5.000000000000000000 ) ) ;
#1798 = ORIENTED_EDGE ( 'NONE', *, *, #1287, .F. ) ;
#1799 = FACE_BOUND ( 'NONE', #1985, .T. ) ;
#1800 = ORIENTED_EDGE ( 'NONE', *, *, #5495, .F. ) ;
#1801 = EDGE_CURVE ( 'NONE', #2335, #3175, #3216, .T. ) ;
#1802 = FACE_OUTER_BOUND ( 'NONE', #2969, .T. ) ;
#1803 = EDGE_LOOP ( 'NONE', ( #599, #3689 ) ) ;
#1804 = FACE_BOUND ( 'NONE', #4931, .T. ) ;
#1805 = CARTESIAN_POINT ( 'NONE',  ( 8.691342951089923829, -6.749999999999999112, -5.000000000000000000 ) ) ;
#1806 = CARTESIAN_POINT ( 'NONE',  ( 27.89999999999982450, -19.73497227324380887, -56.46837979882976555 ) ) ;
#1807 = CARTESIAN_POINT ( 'NONE',  ( 25.00000000000000711, 22.01571739626976409, -4.582423019826101118 ) ) ;
#1808 = DIRECTION ( 'NONE',  ( 1.000000000000000000, -0.000000000000000000, -3.491481338843133355E-15 ) ) ;
#1809 = VECTOR ( 'NONE', #5203, 1000.000000000000000 ) ;
#1810 = CARTESIAN_POINT ( 'NONE',  ( 25.33278913120378917, 21.96251406915751048, -5.056998678362196742 ) ) ;
#1811 = ORIENTED_EDGE ( 'NONE', *, *, #5127, .F. ) ;
#1812 = EDGE_CURVE ( 'NONE', #4151, #3879, #807, .T. ) ;
#1813 = CARTESIAN_POINT ( 'NONE',  ( 24.85206344093584008, -21.25380571056452794, -4.590278075934905111 ) ) ;
#1814 = CARTESIAN_POINT ( 'NONE',  ( 26.04891597084718313, 22.48868194233148188, -0.09181195720153705053 ) ) ;
#1815 = CIRCLE ( 'NONE', #4914, 2.999999999999999112 ) ;
#1816 = CARTESIAN_POINT ( 'NONE',  ( 25.59487003383908643, -26.14119986401193074, -5.196168140489731968 ) ) ;
#1817 = FACE_OUTER_BOUND ( 'NONE', #3603, .T. ) ;
#1818 = FACE_OUTER_BOUND ( 'NONE', #5325, .T. ) ;
#1819 = CARTESIAN_POINT ( 'NONE',  ( 10.52220865598093269, 6.074999999999998401, 0.000000000000000000 ) ) ;
#1820 = VERTEX_POINT ( 'NONE', #803 ) ;
#1821 = FACE_BOUND ( 'NONE', #5163, .T. ) ;
#1822 = DIRECTION ( 'NONE',  ( 1.000000000000000000, -1.541001731203043772E-16, -3.491481338843133355E-15 ) ) ;
#1823 = ORIENTED_EDGE ( 'NONE', *, *, #4262, .F. ) ;
#1824 = VERTEX_POINT ( 'NONE', #4918 ) ;
#1825 = AXIS2_PLACEMENT_3D ( 'NONE', #4567, #1197, #4597 ) ;
#1826 = CARTESIAN_POINT ( 'NONE',  ( 13.24134295108992276, -6.749999999999999112, 0.000000000000000000 ) ) ;
#1827 = EDGE_CURVE ( 'NONE', #429, #1206, #5075, .T. ) ;
#1828 = EDGE_LOOP ( 'NONE', ( #4400, #500 ) ) ;
#1829 = AXIS2_PLACEMENT_3D ( 'NONE', #124, #4729, #4336 ) ;
#1830 = DIRECTION ( 'NONE',  ( 1.000000000000000000, -0.000000000000000000, -3.491481338843133355E-15 ) ) ;
#1831 = DIRECTION ( 'NONE',  ( 1.000000000000000000, 0.000000000000000000, 0.000000000000000000 ) ) ;
#1832 = DIRECTION ( 'NONE',  ( 1.000000000000000000, -0.000000000000000000, -3.491481338843133355E-15 ) ) ;
#1833 = DIRECTION ( 'NONE',  ( -0.000000000000000000, -0.000000000000000000, -1.000000000000000000 ) ) ;
#1834 = LINE ( 'NONE', #3053, #1652 ) ;
#1835 = CIRCLE ( 'NONE', #3691, 1.000000000000000888 ) ;
#1836 = CARTESIAN_POINT ( 'NONE',  ( 25.03551833162407547, 19.73457963426679740, -5.000452041995255392 ) ) ;
#1837 = ORIENTED_EDGE ( 'NONE', *, *, #2234, .T. ) ;
#1838 = CARTESIAN_POINT ( 'NONE',  ( 24.98961558814476192, -21.96252544986753819, -4.582579009349076138 ) ) ;
#1839 = CARTESIAN_POINT ( 'NONE',  ( 26.51853632854928833, 23.18018653927636663, -0.1952180988939710427 ) ) ;
#1840 = CARTESIAN_POINT ( 'NONE',  ( 25.57974735298794400, -24.75816081363217691, -5.185203348693995906 ) ) ;
#1841 = CARTESIAN_POINT ( 'NONE',  ( 0.000000000000000000, 0.000000000000000000, -0.4999999999999865663 ) ) ;
#1842 = CYLINDRICAL_SURFACE ( 'NONE', #2840, 2.999999999999997335 ) ;
#1843 = FACE_OUTER_BOUND ( 'NONE', #5129, .T. ) ;
#1844 = ORIENTED_EDGE ( 'NONE', *, *, #1812, .T. ) ;
#1845 = CARTESIAN_POINT ( 'NONE',  ( -6.664026670086804404E-31, 17.49999999999999645, 0.000000000000000000 ) ) ;
#1846 = CARTESIAN_POINT ( 'NONE',  ( 25.41007777692821534, 21.68436790880221920, -0.01402962014949706016 ) ) ;
#1847 = EDGE_LOOP ( 'NONE', ( #3142, #3301, #1888, #3981 ) ) ;
#1848 = ORIENTED_EDGE ( 'NONE', *, *, #4685, .F. ) ;
#1849 = ORIENTED_EDGE ( 'NONE', *, *, #3562, .F. ) ;
#1850 = ADVANCED_FACE ( 'NONE', ( #684 ), #2400, .F. ) ;
#1851 = DIRECTION ( 'NONE',  ( -3.469446951953619316E-15, 0.000000000000000000, -1.000000000000000000 ) ) ;
#1852 = ORIENTED_EDGE ( 'NONE', *, *, #2499, .T. ) ;
#1853 = DIRECTION ( 'NONE',  ( -0.000000000000000000, -0.000000000000000000, 1.000000000000000000 ) ) ;
#1854 = CIRCLE ( 'NONE', #4253, 3.000000000000000888 ) ;
#1855 = DIRECTION ( 'NONE',  ( 1.000000000000000000, -0.000000000000000000, -3.491481338843133355E-15 ) ) ;
#1856 = CARTESIAN_POINT ( 'NONE',  ( 25.99999999999982236, -26.99999999999998579, -56.50221285621784517 ) ) ;
#1857 = CARTESIAN_POINT ( 'NONE',  ( 0.000000000000000000, 13.50000000000000000, -1.899999999999999689 ) ) ;
#1858 = DIRECTION ( 'NONE',  ( 1.000000000000000000, -1.541001731203046484E-16, -1.387778780781540812E-14 ) ) ;
#1859 = CIRCLE ( 'NONE', #2564, 7.499999999999992895 ) ;
#1860 = ORIENTED_EDGE ( 'NONE', *, *, #3101, .T. ) ;
#1861 = AXIS2_PLACEMENT_3D ( 'NONE', #4290, #5183, #1372 ) ;
#1862 = EDGE_CURVE ( 'NONE', #2395, #4607, #4886, .T. ) ;
#1863 = CARTESIAN_POINT ( 'NONE',  ( 24.96988049826841305, -21.86139644225928436, -4.582848574260651731 ) ) ;
#1864 = CARTESIAN_POINT ( 'NONE',  ( 27.02576710911819902, 24.20551865183603013, -0.3523217215493150145 ) ) ;
#1865 = CARTESIAN_POINT ( 'NONE',  ( 25.34821721939930583, -22.08391381444968005, -5.062582491809989982 ) ) ;
#1866 = CARTESIAN_POINT ( 'NONE',  ( 25.99999999999982947, 19.00000000000000711, -56.50221285621783807 ) ) ;
#1867 = FACE_OUTER_BOUND ( 'NONE', #4274, .T. ) ;
#1868 = DIRECTION ( 'NONE',  ( 1.000000000000000000, -0.000000000000000000, -3.491481338843133355E-15 ) ) ;
#1869 = VECTOR ( 'NONE', #4654, 1000.000000000000000 ) ;
#1870 = AXIS2_PLACEMENT_3D ( 'NONE', #4086, #686, #2356 ) ;
#1871 = CARTESIAN_POINT ( 'NONE',  ( 25.33324422647383045, 21.96593786430400996, -5.057155252452642635 ) ) ;
#1872 = EDGE_CURVE ( 'NONE', #5199, #3931, #716, .T. ) ;
#1873 = AXIS2_PLACEMENT_3D ( 'NONE', #1020, #2719, #5254 ) ;
#1874 = DIRECTION ( 'NONE',  ( -4.476705744456273777E-15, 0.000000000000000000, -1.000000000000000000 ) ) ;
#1875 = DIRECTION ( 'NONE',  ( 1.000000000000000000, -0.000000000000000000, -3.491481338843133355E-15 ) ) ;
#1876 = ORIENTED_EDGE ( 'NONE', *, *, #1364, .T. ) ;
#1877 = VERTEX_POINT ( 'NONE', #4222 ) ;
#1878 = ORIENTED_EDGE ( 'NONE', *, *, #1862, .F. ) ;
#1879 = EDGE_CURVE ( 'NONE', #3582, #1120, #5164, .T. ) ;
#1880 = CARTESIAN_POINT ( 'NONE',  ( 27.89999999999998082, 22.38817675479885949, -13.98288157416711819 ) ) ;
#1881 = EDGE_LOOP ( 'NONE', ( #4516, #3094, #5243, #1715 ) ) ;
#1882 = FACE_BOUND ( 'NONE', #4747, .T. ) ;
#1883 = ADVANCED_FACE ( 'NONE', ( #1783 ), #1726, .F. ) ;
#1884 = DIRECTION ( 'NONE',  ( 1.000000000000000000, -1.920774913804158804E-16, 0.000000000000000000 ) ) ;
#1885 = CARTESIAN_POINT ( 'NONE',  ( 30.99999999999986144, 19.00000000000000711, -48.50221285621785938 ) ) ;
#1886 = CARTESIAN_POINT ( 'NONE',  ( 30.99999999999983658, 18.72465837482897300, -55.07705410100660970 ) ) ;
#1887 = CARTESIAN_POINT ( 'NONE',  ( 25.07186539532770908, 22.52761260759167072, -5.000000000000000000 ) ) ;
#1888 = ORIENTED_EDGE ( 'NONE', *, *, #5045, .F. ) ;
#1889 = CARTESIAN_POINT ( 'NONE',  ( 24.52869587003051066, -19.46151778831965729, -4.662784815345765388 ) ) ;
#1890 = CARTESIAN_POINT ( 'NONE',  ( 27.11210558024243156, 24.48954180028519545, -0.3840377966766230777 ) ) ;
#1891 = CARTESIAN_POINT ( 'NONE',  ( 25.58134027939293276, -24.81175505144953419, -5.186338160966827537 ) ) ;
#1892 = DIRECTION ( 'NONE',  ( 0.000000000000000000, 0.000000000000000000, 1.000000000000000000 ) ) ;
#1893 = CARTESIAN_POINT ( 'NONE',  ( 25.30322081131169298, 23.82240932455706428, -4.617187479148645579 ) ) ;
#1894 = CARTESIAN_POINT ( 'NONE',  ( 1.999999999999989564, -12.15000000000000036, 1.310372075087664981E-15 ) ) ;
#1895 = CIRCLE ( 'NONE', #4114, 2.999999999999999112 ) ;
#1896 = EDGE_CURVE ( 'NONE', #2585, #4956, #494, .T. ) ;
#1897 = CARTESIAN_POINT ( 'NONE',  ( 25.57002528332602509, 24.49604895683744843, -5.178372686920572399 ) ) ;
#1898 = ORIENTED_EDGE ( 'NONE', *, *, #1127, .F. ) ;
#1899 = CIRCLE ( 'NONE', #2513, 1.549999999999999378 ) ;
#1900 = DIRECTION ( 'NONE',  ( -1.000000000000000000, 0.000000000000000000, 0.000000000000000000 ) ) ;
#1901 = CYLINDRICAL_SURFACE ( 'NONE', #666, 1.549999999999999378 ) ;
#1902 = EDGE_LOOP ( 'NONE', ( #1231, #3847, #968, #3316, #1629, #539 ) ) ;
#1903 = EDGE_LOOP ( 'NONE', ( #1232, #4068, #249, #1534 ) ) ;
#1904 = EDGE_LOOP ( 'NONE', ( #1045, #3967, #1478, #1665 ) ) ;
#1905 = AXIS2_PLACEMENT_3D ( 'NONE', #4641, #2575, #5137 ) ;
#1906 = DIRECTION ( 'NONE',  ( 1.000000000000000000, -0.000000000000000000, -3.491481338843133355E-15 ) ) ;
#1907 = VERTEX_POINT ( 'NONE', #3470 ) ;
#1908 = DIRECTION ( 'NONE',  ( -4.476705744456288765E-15, 0.000000000000000000, -1.000000000000000000 ) ) ;
#1909 = EDGE_CURVE ( 'NONE', #3770, #3849, #882, .T. ) ;
#1910 = LINE ( 'NONE', #1998, #317 ) ;
#1911 = CARTESIAN_POINT ( 'NONE',  ( 25.11525238989214870, -22.16965051938562326, -0.5158593975641339036 ) ) ;
#1912 = CIRCLE ( 'NONE', #1294, 6.000000000000000000 ) ;
#1913 = DIRECTION ( 'NONE',  ( -4.476705744456288765E-15, 0.000000000000000000, -1.000000000000000000 ) ) ;
#1914 = FACE_OUTER_BOUND ( 'NONE', #1933, .T. ) ;
#1915 = ORIENTED_EDGE ( 'NONE', *, *, #3852, .T. ) ;
#1916 = CIRCLE ( 'NONE', #2339, 2.999999999999997335 ) ;
#1917 = CARTESIAN_POINT ( 'NONE',  ( 25.08656825838470894, -21.72430104967272158, -0.2771263556751523138 ) ) ;
#1918 = DIRECTION ( 'NONE',  ( 1.000000000000000000, 0.000000000000000000, 0.000000000000000000 ) ) ;
#1919 = CARTESIAN_POINT ( 'NONE',  ( 25.45395454295572080, -22.99650109423958000, -5.108969771211532063 ) ) ;
#1920 = CARTESIAN_POINT ( 'NONE',  ( 26.72869636855244835, 26.68523288191963871, -0.7994353457294186560 ) ) ;
#1921 = CARTESIAN_POINT ( 'NONE',  ( 25.35670894001084719, 24.31375984850181027, -4.630725454625054027 ) ) ;
#1922 = DIRECTION ( 'NONE',  ( 1.000000000000000000, 0.000000000000000000, 0.000000000000000000 ) ) ;
#1923 = VECTOR ( 'NONE', #3773, 1000.000000000000000 ) ;
#1924 = CARTESIAN_POINT ( 'NONE',  ( 25.31721645608385529, 21.84509633408144680, -5.051642623915857833 ) ) ;
#1925 = EDGE_LOOP ( 'NONE', ( #2967, #5253, #3261, #1087, #4841 ) ) ;
#1926 = EDGE_CURVE ( 'NONE', #2707, #2423, #2487, .T. ) ;
#1927 = AXIS2_PLACEMENT_3D ( 'NONE', #2647, #1291, #3483 ) ;
#1928 = EDGE_CURVE ( 'NONE', #1254, #3259, #1795, .T. ) ;
#1929 = CARTESIAN_POINT ( 'NONE',  ( 25.01300789262308655, 22.03262468493623061, -0.5143222148161659124 ) ) ;
#1930 = CARTESIAN_POINT ( 'NONE',  ( -12.52220865598092203, 6.074999999999997513, 0.000000000000000000 ) ) ;
#1931 = LINE ( 'NONE', #3290, #928 ) ;
#1932 = ORIENTED_EDGE ( 'NONE', *, *, #1789, .T. ) ;
#1933 = EDGE_LOOP ( 'NONE', ( #1811, #1208, #4605, #3648 ) ) ;
#1934 = EDGE_LOOP ( 'NONE', ( #2754, #41, #167 ) ) ;
#1935 = LINE ( 'NONE', #4905, #1059 ) ;
#1936 = VERTEX_POINT ( 'NONE', #1358 ) ;
#1937 = CARTESIAN_POINT ( 'NONE',  ( 18.06274606680622696, -25.99999999999999645, -5.000000000000000000 ) ) ;
#1938 = EDGE_CURVE ( 'NONE', #4666, #1824, #5114, .T. ) ;
#1939 = DIRECTION ( 'NONE',  ( 0.000000000000000000, 0.000000000000000000, -1.000000000000000000 ) ) ;
#1940 = ADVANCED_FACE ( 'NONE', ( #4753 ), #4193, .F. ) ;
#1941 = CARTESIAN_POINT ( 'NONE',  ( 26.60205421645786572, -25.87805878645848168, -0.7623089482997981170 ) ) ;
#1942 = CARTESIAN_POINT ( 'NONE',  ( -10.14134295108992490, -6.749999999999997335, -1.899999999999999689 ) ) ;
#1943 = CARTESIAN_POINT ( 'NONE',  ( 25.21354893161661082, 23.80670240609857302, -5.022948118148124586 ) ) ;
#1944 = EDGE_CURVE ( 'NONE', #4097, #4310, #4092, .T. ) ;
#1945 = B_SPLINE_CURVE_WITH_KNOTS ( 'NONE', 3,
 ( #1570, #3871, #3260, #3319 ),
 .UNSPECIFIED., .F., .F.,
 ( 4, 4 ),
 ( 0.000000000000000000, 0.0007077967332586679880 ),
 .UNSPECIFIED. ) ;
#1946 = CARTESIAN_POINT ( 'NONE',  ( 24.93253166052834047, -21.90048223612971157, -0.5000000000000022204 ) ) ;
#1947 = CARTESIAN_POINT ( 'NONE',  ( 0.000000000000000000, 0.000000000000000000, -5.000000000000000000 ) ) ;
#1948 = AXIS2_PLACEMENT_3D ( 'NONE', #1251, #358, #3752 ) ;
#1949 = CARTESIAN_POINT ( 'NONE',  ( 25.28667377211569089, -21.61082927481951543, -5.041971473404606385 ) ) ;
#1950 = DIRECTION ( 'NONE',  ( 1.000000000000000000, -1.575895479354882178E-16, -3.491481338843133355E-15 ) ) ;
#1951 = CARTESIAN_POINT ( 'NONE',  ( 25.41227757646872831, 26.02395696214580667, -4.647195329865702718 ) ) ;
#1952 = DIRECTION ( 'NONE',  ( 0.000000000000000000, 0.000000000000000000, -1.000000000000000000 ) ) ;
#1953 = CARTESIAN_POINT ( 'NONE',  ( 25.56591168341572384, 24.40360825677582568, -5.175533928240347414 ) ) ;
#1954 = ORIENTED_EDGE ( 'NONE', *, *, #4129, .F. ) ;
#1955 = AXIS2_PLACEMENT_3D ( 'NONE', #622, #2314, #1908 ) ;
#1956 = AXIS2_PLACEMENT_3D ( 'NONE', #4746, #4327, #1851 ) ;
#1957 = CARTESIAN_POINT ( 'NONE',  ( 25.52460608160884448, -23.75673806045959680, -5.148539036715317430 ) ) ;
#1958 = CARTESIAN_POINT ( 'NONE',  ( 25.76634222455805912, 23.09973079420490194, -0.5698611051448176923 ) ) ;
#1959 = B_SPLINE_CURVE_WITH_KNOTS ( 'NONE', 3,
 ( #2082, #3331, #1221, #495, #21, #1699, #4250, #2916, #5059, #2110, #4697, #2973, #1727, #5115, #4646, #5143, #2999, #4620, #4728, #1276, #4306, #2581, #4279, #466, #1249, #436, #2496, #4194, #383, #3861, #3776, #5477, #2141, #3890, #3357, #2946, #828, #3444, #1336, #3028, #912, #2523, #4223, #2610, #410, #3801, #3386, #5090, #4673, #2550, #3833, #2220, #939, #3471, #4754, #2635, #5173, #3052, #4335, #1359, #519, #74, #1784, #3285, #1536, #4985, #1082, #1590, #3731, #1171, #1507, #1056, #4453, #5428, #4952, #1112, #3671, #2755, #2867, #4091, #2389, #2783, #4481, #4569, #274, #637, #2332 ),
 .UNSPECIFIED., .F., .F.,
 ( 4, 2, 1, 1, 2, 2, 2, 1, 1, 2, 2, 2, 1, 2, 2, 2, 1, 1, 2, 2, 2, 1, 1, 1, 2, 2, 2, 1, 1, 2, 2, 1, 1, 2, 2, 2, 2, 2, 1, 2, 2, 1, 1, 2, 2, 2, 2, 2, 1, 2, 2, 1, 4 ),
 ( 0.000000000000000000, 0.01562499999999736669, 0.02343749999999675954, 0.02734374999999593728, 0.02929687499999552441, 0.03124999999999510808, 0.03906249999999557299, 0.04296874999999580891, 0.04492187499999592687, 0.04589843749999598238, 0.04687499999999603789, 0.06249999999999221456, 0.09374999999998454014, 0.1093749999999800021, 0.1249999999999754502, 0.1874999999999589495, 0.2187499999999506783, 0.2343749999999467371, 0.2421874999999447664, 0.2499999999999428235, 0.3124999999999243383, 0.3437499999999158451, 0.3593749999999108491, 0.3671874999999096834, 0.3710937499999104605, 0.3749999999999112932, 0.4374999999999115707, 0.4687499999999129585, 0.4843749999999145128, 0.4921874999999149014, 0.4999999999999152345, 0.5312499999999173994, 0.5468749999999183986, 0.5546874999999193978, 0.5624999999999203970, 0.5937499999999252820, 0.6093749999999267253, 0.6249999999999281686, 0.6562499999999288347, 0.6718749999999300559, 0.6874999999999312772, 0.7187499999999341638, 0.7343749999999366063, 0.7421874999999378275, 0.7499999999999390488, 0.8124999999999523714, 0.8437499999999589217, 0.8593749999999622524, 0.8749999999999656941, 0.9062499999999723554, 0.9218749999999766853, 0.9374999999999809042, 1.000000000000000000 ),
 .UNSPECIFIED. ) ;
#1960 = CARTESIAN_POINT ( 'NONE',  ( 26.57623999167954665, -25.27285229311467418, -0.7542809986837849534 ) ) ;
#1961 = EDGE_CURVE ( 'NONE', #3849, #5085, #1248, .T. ) ;
#1962 = VECTOR ( 'NONE', #702, 1000.000000000000000 ) ;
#1963 = CYLINDRICAL_SURFACE ( 'NONE', #4749, 2.999999999999999112 ) ;
#1964 = CARTESIAN_POINT ( 'NONE',  ( 25.29420947769845540, 21.54654182976252130, -0.007217609220872256079 ) ) ;
#1965 = VERTEX_POINT ( 'NONE', #3027 ) ;
#1966 = AXIS2_PLACEMENT_3D ( 'NONE', #5364, #1553, #4021 ) ;
#1967 = ORIENTED_EDGE ( 'NONE', *, *, #1773, .T. ) ;
#1968 = DIRECTION ( 'NONE',  ( 1.000000000000000000, -0.000000000000000000, -3.491481338843133355E-15 ) ) ;
#1969 = EDGE_LOOP ( 'NONE', ( #330, #3762 ) ) ;
#1970 = CIRCLE ( 'NONE', #1702, 8.000000000000000000 ) ;
#1971 = CARTESIAN_POINT ( 'NONE',  ( 26.49999999999991118, -9.271398798082268254E-15, -31.50221285621783451 ) ) ;
#1972 = EDGE_CURVE ( 'NONE', #3620, #63, #1970, .T. ) ;
#1973 = CARTESIAN_POINT ( 'NONE',  ( 26.00000000000004263, -25.99999999999999645, 6.435041076975918095 ) ) ;
#1974 = LINE ( 'NONE', #3655, #5503 ) ;
#1975 = CARTESIAN_POINT ( 'NONE',  ( 25.17316845299833261, 22.24403679274079337, -0.5173418762749827371 ) ) ;
#1976 = DIRECTION ( 'NONE',  ( 1.000000000000000000, -0.000000000000000000, -3.491481338843133355E-15 ) ) ;
#1977 = EDGE_CURVE ( 'NONE', #3905, #2456, #5139, .T. ) ;
#1978 = CARTESIAN_POINT ( 'NONE',  ( 31.00000000000001066, 15.96933128205093055, -6.114036101419142000 ) ) ;
#1979 = CARTESIAN_POINT ( 'NONE',  ( 27.17075385101193774, 24.75587600327800075, -0.4064352534483160473 ) ) ;
#1980 = CARTESIAN_POINT ( 'NONE',  ( 10.14134295108992490, -6.749999999999999112, 0.000000000000000000 ) ) ;
#1981 = CARTESIAN_POINT ( 'NONE',  ( 26.00000000000001066, 27.00000000000000355, -6.000000000000001776 ) ) ;
#1982 = CARTESIAN_POINT ( 'NONE',  ( 25.32200285269076900, 23.97725725200334068, -4.621653555425730531 ) ) ;
#1983 = FACE_OUTER_BOUND ( 'NONE', #3187, .T. ) ;
#1984 = CARTESIAN_POINT ( 'NONE',  ( 25.47023715908627040, 23.13871734810053837, -5.117253524054865998 ) ) ;
#1985 = EDGE_LOOP ( 'NONE', ( #68, #2207 ) ) ;
#1986 = ADVANCED_FACE ( 'NONE', ( #853 ), #911, .T. ) ;
#1987 = CARTESIAN_POINT ( 'NONE',  ( 25.58944853935801333, -26.72564207021645188, -5.192189332536528035 ) ) ;
#1988 = CARTESIAN_POINT ( 'NONE',  ( 24.58889953724663613, 21.48059041218799692, -0.5291208313510511463 ) ) ;
#1989 = CARTESIAN_POINT ( 'NONE',  ( 26.44679881607196492, -24.52018609671875993, -0.7154664790468709956 ) ) ;
#1990 = CARTESIAN_POINT ( 'NONE',  ( 30.99999999999997513, 22.38817675479885949, -15.53288157416712778 ) ) ;
#1991 = CARTESIAN_POINT ( 'NONE',  ( 24.96429230763579454, 21.87952400907210304, -0.4619997918087301869 ) ) ;
#1992 = ORIENTED_EDGE ( 'NONE', *, *, #4893, .T. ) ;
#1993 = VECTOR ( 'NONE', #2997, 1000.000000000000000 ) ;
#1994 = ORIENTED_EDGE ( 'NONE', *, *, #531, .F. ) ;
#1995 = CARTESIAN_POINT ( 'NONE',  ( 24.93913256215899921, 21.91156401951431221, -0.5000000000000022204 ) ) ;
#1996 = ORIENTED_EDGE ( 'NONE', *, *, #455, .F. ) ;
#1997 = CARTESIAN_POINT ( 'NONE',  ( -3.306546357697853339E-15, -18.00000000000000000, -4.500000000000003553 ) ) ;
#1998 = CARTESIAN_POINT ( 'NONE',  ( 30.49999999999983658, 13.22367297715324774, -55.09925704491753606 ) ) ;
#1999 = ADVANCED_FACE ( 'NONE', ( #2140, #3889 ), #20, .F. ) ;
#2000 = CARTESIAN_POINT ( 'NONE',  ( 26.57352813563777261, -26.65612130874676211, -0.7535232581736572843 ) ) ;
#2001 = CARTESIAN_POINT ( 'NONE',  ( 25.41354979384914614, -26.19583247374217905, -4.647589985262365886 ) ) ;
#2002 = CARTESIAN_POINT ( 'NONE',  ( 27.11540073497141989, 24.50257807013249689, -0.3852790604245800443 ) ) ;
#2003 = ORIENTED_EDGE ( 'NONE', *, *, #3666, .F. ) ;
#2004 = CARTESIAN_POINT ( 'NONE',  ( -1.029124893018725697E-15, -12.15000000000000036, -4.201721238055123209 ) ) ;
#2005 = DIRECTION ( 'NONE',  ( -4.476705744456288765E-15, 0.000000000000000000, -1.000000000000000000 ) ) ;
#2006 = CARTESIAN_POINT ( 'NONE',  ( 30.99999999999996803, 22.38817675479885949, -17.08288157416712139 ) ) ;
#2007 = CARTESIAN_POINT ( 'NONE',  ( 25.99999999999982947, -15.96933128205095187, -55.44038961101654195 ) ) ;
#2008 = DIRECTION ( 'NONE',  ( 1.000000000000000000, 0.000000000000000000, 0.000000000000000000 ) ) ;
#2009 = CARTESIAN_POINT ( 'NONE',  ( 0.000000000000000000, 13.50000000000000000, -5.000000000000000000 ) ) ;
#2010 = CARTESIAN_POINT ( 'NONE',  ( 24.85770198427739075, 21.29723946507809984, -4.589567840170756696 ) ) ;
#2011 = EDGE_CURVE ( 'NONE', #5210, #1206, #178, .T. ) ;
#2012 = ORIENTED_EDGE ( 'NONE', *, *, #196, .F. ) ;
#2013 = CARTESIAN_POINT ( 'NONE',  ( 25.43094281251742217, -22.77845237864553596, -5.097415864954491838 ) ) ;
#2014 = CARTESIAN_POINT ( 'NONE',  ( 25.05598329884529463, 22.08874407724799838, -0.5146633637785291704 ) ) ;
#2015 = VECTOR ( 'NONE', #2372, 1000.000000000000114 ) ;
#2016 = CARTESIAN_POINT ( 'NONE',  ( 26.58298379572300618, -26.50217040795130430, -0.7564210425725775844 ) ) ;
#2017 = DIRECTION ( 'NONE',  ( -1.000000000000000000, 0.000000000000000000, 0.000000000000000000 ) ) ;
#2018 = FACE_OUTER_BOUND ( 'NONE', #484, .T. ) ;
#2019 = ORIENTED_EDGE ( 'NONE', *, *, #3258, .T. ) ;
#2020 = EDGE_LOOP ( 'NONE', ( #227, #3484, #562, #301 ) ) ;
#2021 = DIRECTION ( 'NONE',  ( -3.700743415417202142E-15, 0.000000000000000000, -1.000000000000000000 ) ) ;
#2022 = ORIENTED_EDGE ( 'NONE', *, *, #3317, .T. ) ;
#2023 = FACE_OUTER_BOUND ( 'NONE', #2470, .T. ) ;
#2024 = CARTESIAN_POINT ( 'NONE',  ( 27.26787996309503725, -25.74062267679981986, -0.4451173736276270443 ) ) ;
#2025 = CARTESIAN_POINT ( 'NONE',  ( 25.40858812875712047, -25.34902397712689748, -4.646058183847289413 ) ) ;
#2026 = CARTESIAN_POINT ( 'NONE',  ( 27.26208716824642764, 26.01018420867522707, -0.4427559404064730919 ) ) ;
#2027 = EDGE_CURVE ( 'NONE', #2576, #887, #3112, .T. ) ;
#2028 = ORIENTED_EDGE ( 'NONE', *, *, #2272, .F. ) ;
#2029 = CARTESIAN_POINT ( 'NONE',  ( 25.12606851746942382, -21.68490687167680520, -0.2228907177236017223 ) ) ;
#2030 = CARTESIAN_POINT ( 'NONE',  ( 18.06274606680623052, -18.00000000000000355, -4.500000000000003553 ) ) ;
#2031 = CARTESIAN_POINT ( 'NONE',  ( 25.79813525106776240, 26.54094018232034102, -3.344763929600164776 ) ) ;
#2032 = CARTESIAN_POINT ( 'NONE',  ( 30.99999999999987566, 22.38817675479886660, -44.47154413826856967 ) ) ;
#2033 = CARTESIAN_POINT ( 'NONE',  ( 30.99999999999985789, 22.38817675479886660, -49.02154413826856683 ) ) ;
#2034 = CARTESIAN_POINT ( 'NONE',  ( 25.99999999999983302, 15.96933128205093766, -55.44038961101653484 ) ) ;
#2035 = CARTESIAN_POINT ( 'NONE',  ( 24.90541279695939636, 21.53949803941123875, -4.585526194153339397 ) ) ;
#2036 = VERTEX_POINT ( 'NONE', #1807 ) ;
#2037 = ADVANCED_FACE ( 'NONE', ( #4829 ), #625, .F. ) ;
#2038 = DIRECTION ( 'NONE',  ( -0.000000000000000000, -0.000000000000000000, 1.000000000000000000 ) ) ;
#2039 = AXIS2_PLACEMENT_3D ( 'NONE', #2975, #3333, #777 ) ;
#2040 = CARTESIAN_POINT ( 'NONE',  ( 30.99999999999998934, 15.96933128205093055, -12.11403610141913489 ) ) ;
#2041 = CARTESIAN_POINT ( 'NONE',  ( 25.09621011495966769, 22.14167103395931946, -0.5152976429083599985 ) ) ;
#2042 = CARTESIAN_POINT ( 'NONE',  ( 26.47660475934409519, -24.63403355909246883, -0.7241629152704979200 ) ) ;
#2043 = CARTESIAN_POINT ( 'NONE',  ( 25.07132895158017050, 21.76004564708313538, -0.3087002863187733315 ) ) ;
#2044 = AXIS2_PLACEMENT_3D ( 'NONE', #1753, #1832, #1357 ) ;
#2045 = ORIENTED_EDGE ( 'NONE', *, *, #2499, .F. ) ;
#2046 = ORIENTED_EDGE ( 'NONE', *, *, #5072, .F. ) ;
#2047 = CIRCLE ( 'NONE', #1058, 1.549999999999999378 ) ;
#2048 = CARTESIAN_POINT ( 'NONE',  ( -18.00000000000011369, -2.413941094228719388E-15, -31.50221285621768175 ) ) ;
#2049 = VERTEX_POINT ( 'NONE', #549 ) ;
#2050 = CARTESIAN_POINT ( 'NONE',  ( 30.99999999999984723, -22.38817675479887725, -50.47154413826856967 ) ) ;
#2051 = EDGE_CURVE ( 'NONE', #242, #2603, #261, .T. ) ;
#2052 = CARTESIAN_POINT ( 'NONE',  ( 27.26931180732415072, -25.87693871179249783, -0.4457021508179198066 ) ) ;
#2053 = AXIS2_PLACEMENT_3D ( 'NONE', #3443, #48, #1754 ) ;
#2054 = CARTESIAN_POINT ( 'NONE',  ( 25.01283682580729817, 22.03238493686583865, -0.5142969650013764493 ) ) ;
#2055 = LINE ( 'NONE', #3744, #3772 ) ;
#2056 = ORIENTED_EDGE ( 'NONE', *, *, #2027, .F. ) ;
#2057 = DIRECTION ( 'NONE',  ( -0.000000000000000000, 1.000000000000000000, -0.000000000000000000 ) ) ;
#2058 = DIRECTION ( 'NONE',  ( -0.000000000000000000, -0.000000000000000000, 1.000000000000000000 ) ) ;
#2059 = CARTESIAN_POINT ( 'NONE',  ( 25.24313986528048304, -21.28150289855961574, -5.029989353932669438 ) ) ;
#2060 = DIRECTION ( 'NONE',  ( 1.000000000000000000, 0.000000000000000000, 0.000000000000000000 ) ) ;
#2061 = PLANE ( 'NONE',  #3686 ) ;
#2062 = CARTESIAN_POINT ( 'NONE',  ( 3.000000000000000444, 13.50000000000000000, -5.000000000000000000 ) ) ;
#2063 = CARTESIAN_POINT ( 'NONE',  ( 25.02506051083900829, 22.14259614873023096, -4.582725713493038810 ) ) ;
#2064 = VERTEX_POINT ( 'NONE', #3159 ) ;
#2065 = CARTESIAN_POINT ( 'NONE',  ( 25.59125691636817379, -26.56040492298378908, -5.193515172034299354 ) ) ;
#2066 = CARTESIAN_POINT ( 'NONE',  ( 26.46876746021118976, 24.61077066853139428, -0.7219864836887757154 ) ) ;
#2067 = CARTESIAN_POINT ( 'NONE',  ( 26.60186028711007822, -25.92989484317314108, -0.7622492827480530364 ) ) ;
#2068 = ADVANCED_FACE ( 'NONE', ( #5196 ), #3545, .F. ) ;
#2069 = CARTESIAN_POINT ( 'NONE',  ( 25.15844005838853903, 21.67256714616364377, -0.1888320136260868420 ) ) ;
#2070 = ORIENTED_EDGE ( 'NONE', *, *, #3009, .T. ) ;
#2071 = ORIENTED_EDGE ( 'NONE', *, *, #3350, .F. ) ;
#2072 = CARTESIAN_POINT ( 'NONE',  ( 24.99999999999999289, -26.50000000000000355, -6.000000000000000000 ) ) ;
#2073 = EDGE_LOOP ( 'NONE', ( #4771, #4123, #2406, #3588 ) ) ;
#2074 = CARTESIAN_POINT ( 'NONE',  ( 27.26654213122764858, -26.14977034696230263, -0.4445709426989049029 ) ) ;
#2075 = CARTESIAN_POINT ( 'NONE',  ( 26.41497612923958371, 24.41547393481263839, -0.7064613590646136032 ) ) ;
#2076 = CARTESIAN_POINT ( 'NONE',  ( 27.25218018302816958, 26.38026728337052518, -0.4387291954954584683 ) ) ;
#2077 = ORIENTED_EDGE ( 'NONE', *, *, #3658, .T. ) ;
#2078 = ORIENTED_EDGE ( 'NONE', *, *, #691, .T. ) ;
#2079 = DIRECTION ( 'NONE',  ( -0.000000000000000000, -0.000000000000000000, 1.000000000000000000 ) ) ;
#2080 = DIRECTION ( 'NONE',  ( -0.000000000000000000, -0.000000000000000000, -1.000000000000000000 ) ) ;
#2081 = CARTESIAN_POINT ( 'NONE',  ( 26.49999999999985434, -18.99999999999998934, -48.50221285621784517 ) ) ;
#2082 = CARTESIAN_POINT ( 'NONE',  ( 25.28775818204785253, -21.53548733761639511, -0.006904370138541574865 ) ) ;
#2083 = CARTESIAN_POINT ( 'NONE',  ( 25.78119557279207541, -23.00877010794800270, -0.04512161854962335600 ) ) ;
#2084 = CARTESIAN_POINT ( 'NONE',  ( 24.99999999999999645, -25.99999999999999645, 0.000000000000000000 ) ) ;
#2085 = CARTESIAN_POINT ( 'NONE',  ( 25.58879209581250791, 26.75012478881836131, -5.191711498874233222 ) ) ;
#2086 = ORIENTED_EDGE ( 'NONE', *, *, #5307, .F. ) ;
#2087 = EDGE_CURVE ( 'NONE', #3875, #1185, #3736, .T. ) ;
#2088 = CARTESIAN_POINT ( 'NONE',  ( 25.35400251220465861, -22.12967715628968790, -5.064739573422967212 ) ) ;
#2089 = CARTESIAN_POINT ( 'NONE',  ( 26.40970049969994449, 24.39859266340943122, -0.7049777079647672196 ) ) ;
#2090 = CARTESIAN_POINT ( 'NONE',  ( 30.99999999999985434, 22.38817675479886660, -50.47154413826856256 ) ) ;
#2091 = CIRCLE ( 'NONE', #5378, 2.999999999999995559 ) ;
#2092 = EDGE_CURVE ( 'NONE', #2576, #3707, #4740, .T. ) ;
#2093 = ORIENTED_EDGE ( 'NONE', *, *, #1215, .T. ) ;
#2094 = ADVANCED_FACE ( 'NONE', ( #3184 ), #5073, .F. ) ;
#2095 = EDGE_LOOP ( 'NONE', ( #4038, #5101, #4458, #369, #1996 ) ) ;
#2096 = CARTESIAN_POINT ( 'NONE',  ( 27.89999999999999503, 15.96933128205093055, -10.66403610141912672 ) ) ;
#2097 = ORIENTED_EDGE ( 'NONE', *, *, #2959, .F. ) ;
#2098 = EDGE_CURVE ( 'NONE', #4189, #858, #145, .T. ) ;
#2099 = CARTESIAN_POINT ( 'NONE',  ( 24.75013214989272115, -21.68462121062528070, -0.5200450049780935835 ) ) ;
#2100 = CARTESIAN_POINT ( 'NONE',  ( 26.35491696021826158, 24.23932987871400258, -0.6899288655825203120 ) ) ;
#2101 = CARTESIAN_POINT ( 'NONE',  ( 25.45914180217170397, 21.74282962452589629, -0.01759097979761868255 ) ) ;
#2102 = ORIENTED_EDGE ( 'NONE', *, *, #559, .T. ) ;
#2103 = DIRECTION ( 'NONE',  ( -0.000000000000000000, -0.000000000000000000, 1.000000000000000000 ) ) ;
#2104 = ORIENTED_EDGE ( 'NONE', *, *, #2566, .T. ) ;
#2105 = ADVANCED_FACE ( 'NONE', ( #2770, #1634 ), #1549, .F. ) ;
#2106 = DIRECTION ( 'NONE',  ( 1.000000000000000000, -1.920774913804158804E-16, 0.000000000000000000 ) ) ;
#2107 = CARTESIAN_POINT ( 'NONE',  ( 30.49999999999983302, -15.96933128205095187, -53.89038961101656611 ) ) ;
#2108 = ADVANCED_FACE ( 'NONE', ( #3713 ), #3996, .T. ) ;
#2109 = DIRECTION ( 'NONE',  ( -1.000000000000000000, 1.541001731203022325E-16, -0.000000000000000000 ) ) ;
#2110 = CARTESIAN_POINT ( 'NONE',  ( 25.41548128905984072, -21.69037316323537468, -0.01438244431286610746 ) ) ;
#2111 = CARTESIAN_POINT ( 'NONE',  ( 25.43309913577589043, -22.53991047450820062, -7.125404180334081819E-16 ) ) ;
#2112 = DIRECTION ( 'NONE',  ( 1.000000000000000000, 0.000000000000000000, 0.000000000000000000 ) ) ;
#2113 = CARTESIAN_POINT ( 'NONE',  ( 25.36450264649973363, 24.40467145934152171, -4.632917994938568818 ) ) ;
#2114 = EDGE_LOOP ( 'NONE', ( #5435, #4064 ) ) ;
#2115 = EDGE_CURVE ( 'NONE', #1454, #931, #92, .T. ) ;
#2116 = CARTESIAN_POINT ( 'NONE',  ( 25.03627038367053359, -19.70044649768164291, -4.999784407630786021 ) ) ;
#2117 = CARTESIAN_POINT ( 'NONE',  ( 26.40068981374027146, 24.37079464350689051, -0.7024475535506378154 ) ) ;
#2118 = CARTESIAN_POINT ( 'NONE',  ( -11.69134295108992383, -6.749999999999997335, -1.899999999999999689 ) ) ;
#2119 = CARTESIAN_POINT ( 'NONE',  ( 26.19547435185582529, -23.87716445550585576, -0.6502117195017503848 ) ) ;
#2120 = EDGE_CURVE ( 'NONE', #5241, #3931, #4966, .T. ) ;
#2121 = VERTEX_POINT ( 'NONE', #1942 ) ;
#2122 = AXIS2_PLACEMENT_3D ( 'NONE', #3219, #1193, #1166 ) ;
#2123 = EDGE_LOOP ( 'NONE', ( #38, #798, #839, #2562, #280, #1852 ) ) ;
#2124 = EDGE_CURVE ( 'NONE', #4904, #5245, #4583, .T. ) ;
#2125 = CARTESIAN_POINT ( 'NONE',  ( 25.77767211960082605, 26.54127895062772424, -3.412725472783119329 ) ) ;
#2126 = CIRCLE ( 'NONE', #80, 1.549999999999995826 ) ;
#2127 = ORIENTED_EDGE ( 'NONE', *, *, #4553, .T. ) ;
#2128 = AXIS2_PLACEMENT_3D ( 'NONE', #4606, #4958, #1150 ) ;
#2129 = CARTESIAN_POINT ( 'NONE',  ( 27.24907724496908301, -25.33345603169263427, -0.4374759127904375711 ) ) ;
#2130 = CARTESIAN_POINT ( 'NONE',  ( 26.07796081964916368, 23.63376563672479236, -0.6245856191864794793 ) ) ;
#2131 = CARTESIAN_POINT ( 'NONE',  ( 25.76024640491403517, 22.11261418030175463, -0.04833233757582682671 ) ) ;
#2132 = VECTOR ( 'NONE', #1315, 1000.000000000000114 ) ;
#2133 = EDGE_CURVE ( 'NONE', #3707, #3902, #24, .T. ) ;
#2134 = EDGE_LOOP ( 'NONE', ( #4634, #2155, #4116, #4877 ) ) ;
#2135 = DIRECTION ( 'NONE',  ( 1.000000000000000000, -0.000000000000000000, -3.491481338843133355E-15 ) ) ;
#2136 = EDGE_LOOP ( 'NONE', ( #3676, #2731, #985, #4928, #2338, #4505 ) ) ;
#2137 = AXIS2_PLACEMENT_3D ( 'NONE', #3132, #3941, #3494 ) ;
#2138 = CARTESIAN_POINT ( 'NONE',  ( 30.99999999999986144, 26.50000000000001066, -48.50221285621785228 ) ) ;
#2139 = CARTESIAN_POINT ( 'NONE',  ( 18.06274606680623052, -18.00000000000000355, -5.000000000000000000 ) ) ;
#2140 = FACE_BOUND ( 'NONE', #14, .T. ) ;
#2141 = CARTESIAN_POINT ( 'NONE',  ( 26.22340672432358133, -22.74462014966046297, -0.1255881480134493355 ) ) ;
#2142 = CARTESIAN_POINT ( 'NONE',  ( 31.00000000000000000, -25.99999999999999645, -6.000000000000019540 ) ) ;
#2143 = CARTESIAN_POINT ( 'NONE',  ( 0.000000000000000000, 0.000000000000000000, -0.5000000000000022204 ) ) ;
#2144 = CARTESIAN_POINT ( 'NONE',  ( 25.30997027289619794, 21.79072703661628552, -5.049247572308813048 ) ) ;
#2145 = VERTEX_POINT ( 'NONE', #3122 ) ;
#2146 = CARTESIAN_POINT ( 'NONE',  ( 25.37011306773268871, -24.47373016760946030, -4.634493878015668145 ) ) ;
#2147 = CARTESIAN_POINT ( 'NONE',  ( 26.47217681419349944, 24.62513028829723893, -0.7229875023073354390 ) ) ;
#2148 = CARTESIAN_POINT ( 'NONE',  ( 30.99999999999991473, -9.964849577123638284E-15, -31.50221285621785583 ) ) ;
#2149 = CARTESIAN_POINT ( 'NONE',  ( 25.75262514716803608, -23.09173114592146803, -0.5680523367991446859 ) ) ;
#2150 = DIRECTION ( 'NONE',  ( 0.000000000000000000, 0.000000000000000000, 1.000000000000000000 ) ) ;
#2151 = ORIENTED_EDGE ( 'NONE', *, *, #4262, .T. ) ;
#2152 = ORIENTED_EDGE ( 'NONE', *, *, #322, .F. ) ;
#2153 = B_SPLINE_CURVE_WITH_KNOTS ( 'NONE', 3,
 ( #39, #4037, #2398, #1065 ),
 .UNSPECIFIED., .F., .F.,
 ( 4, 4 ),
 ( 0.000000000000000000, 1.000000000000000000 ),
 .UNSPECIFIED. ) ;
#2154 = CARTESIAN_POINT ( 'NONE',  ( -10.52220865598093269, 6.074999999999997513, 0.000000000000000000 ) ) ;
#2155 = ORIENTED_EDGE ( 'NONE', *, *, #4497, .T. ) ;
#2156 = DIRECTION ( 'NONE',  ( -0.000000000000000000, -0.000000000000000000, -1.000000000000000000 ) ) ;
#2157 = CARTESIAN_POINT ( 'NONE',  ( 25.93170005462174998, 23.37180951079697877, -0.5965704840637318096 ) ) ;
#2158 = ORIENTED_EDGE ( 'NONE', *, *, #2192, .T. ) ;
#2159 = DIRECTION ( 'NONE',  ( -1.000000000000000000, 0.000000000000000000, 0.000000000000000000 ) ) ;
#2160 = VERTEX_POINT ( 'NONE', #5398 ) ;
#2161 = AXIS2_PLACEMENT_3D ( 'NONE', #1345, #4682, #863 ) ;
#2162 = ADVANCED_FACE ( 'NONE', ( #2808 ), #1589, .F. ) ;
#2163 = CARTESIAN_POINT ( 'NONE',  ( 25.00000000000000711, 22.01571739626976409, -4.500000000000003553 ) ) ;
#2164 = DIRECTION ( 'NONE',  ( 0.7071067811865531239, 0.6471578687381003281, -0.2849327866889874716 ) ) ;
#2165 = DIRECTION ( 'NONE',  ( -3.469446951953619316E-15, 0.000000000000000000, -1.000000000000000000 ) ) ;
#2166 = DIRECTION ( 'NONE',  ( 3.469446951953611033E-15, 0.000000000000000000, 1.000000000000000000 ) ) ;
#2167 = CARTESIAN_POINT ( 'NONE',  ( 25.99999999999984013, 15.96933128205093766, -53.89038961101653769 ) ) ;
#2168 = CARTESIAN_POINT ( 'NONE',  ( 30.49999999999983302, -18.72465837482898721, -55.07705410100660970 ) ) ;
#2169 = CARTESIAN_POINT ( 'NONE',  ( 25.07828523846868762, 20.06399543765419580, -5.002983542756225255 ) ) ;
#2170 = ORIENTED_EDGE ( 'NONE', *, *, #3830, .F. ) ;
#2171 = CARTESIAN_POINT ( 'NONE',  ( 25.02469076154168448, -22.14314211554649248, -4.582847265930023006 ) ) ;
#2172 = CARTESIAN_POINT ( 'NONE',  ( 26.36682944589979272, 24.27233708480507701, -0.6931478727455814282 ) ) ;
#2173 = CARTESIAN_POINT ( 'NONE',  ( 25.57356283540191200, 24.58443148280906243, -5.180835615831976604 ) ) ;
#2174 = CARTESIAN_POINT ( 'NONE',  ( 25.86018173668561815, -23.26514171722052993, -0.5843587488045842715 ) ) ;
#2175 = CARTESIAN_POINT ( 'NONE',  ( 25.00000000000000000, -22.01571739626974988, -0.5144917509837982905 ) ) ;
#2176 = VECTOR ( 'NONE', #1051, 1000.000000000000000 ) ;
#2177 = CYLINDRICAL_SURFACE ( 'NONE', #433, 3.000000000000000888 ) ;
#2178 = ORIENTED_EDGE ( 'NONE', *, *, #1659, .T. ) ;
#2179 = EDGE_CURVE ( 'NONE', #351, #512, #2306, .T. ) ;
#2180 = DIRECTION ( 'NONE',  ( -0.000000000000000000, -0.000000000000000000, 1.000000000000000000 ) ) ;
#2181 = ORIENTED_EDGE ( 'NONE', *, *, #2115, .F. ) ;
#2182 = AXIS2_PLACEMENT_3D ( 'NONE', #3213, #1858, #3966 ) ;
#2183 = CARTESIAN_POINT ( 'NONE',  ( 25.38603830431020469, -21.65465852087495335, -0.01242122123725600963 ) ) ;
#2184 = VECTOR ( 'NONE', #2315, 1000.000000000000000 ) ;
#2185 = CARTESIAN_POINT ( 'NONE',  ( 25.70737893011948572, 23.00786745366174557, -0.5617725191431637288 ) ) ;
#2186 = ORIENTED_EDGE ( 'NONE', *, *, #1352, .F. ) ;
#2187 = CARTESIAN_POINT ( 'NONE',  ( 26.50000000000002487, 27.00000000000000355, -1.502212856217844283 ) ) ;
#2188 = ADVANCED_FACE ( 'NONE', ( #2472, #1562 ), #665, .F. ) ;
#2189 = ORIENTED_EDGE ( 'NONE', *, *, #1462, .T. ) ;
#2190 = CIRCLE ( 'NONE', #1751, 7.499999999999923617 ) ;
#2191 = CARTESIAN_POINT ( 'NONE',  ( 30.99999999999985079, -22.38817675479887725, -49.02154413826857393 ) ) ;
#2192 = EDGE_CURVE ( 'NONE', #3229, #2707, #2361, .T. ) ;
#2193 = FACE_OUTER_BOUND ( 'NONE', #3611, .T. ) ;
#2194 = CARTESIAN_POINT ( 'NONE',  ( 25.77221370547075807, 26.83330009263925220, -4.913070521330128670 ) ) ;
#2195 = DIRECTION ( 'NONE',  ( 1.000000000000000000, -1.734723475976808672E-15, 0.000000000000000000 ) ) ;
#2196 = FACE_OUTER_BOUND ( 'NONE', #2020, .T. ) ;
#2197 = CARTESIAN_POINT ( 'NONE',  ( 26.63580905018877942, 27.00000000000000355, -2.201900025125659077 ) ) ;
#2198 = CARTESIAN_POINT ( 'NONE',  ( 25.41199996070062284, 25.76365163946746861, -4.647130815260362091 ) ) ;
#2199 = ORIENTED_EDGE ( 'NONE', *, *, #1142, .T. ) ;
#2200 = CARTESIAN_POINT ( 'NONE',  ( 24.58348683002775914, -19.78835214532463027, -4.644382790125705540 ) ) ;
#2201 = CARTESIAN_POINT ( 'NONE',  ( 27.07773222483421804, 24.36528048255444290, -0.3712318812229382647 ) ) ;
#2202 = CARTESIAN_POINT ( 'NONE',  ( 0.000000000000000000, 0.000000000000000000, -56.50221285621785938 ) ) ;
#2203 = DIRECTION ( 'NONE',  ( -4.476705744456288765E-15, 0.000000000000000000, -1.000000000000000000 ) ) ;
#2204 = DIRECTION ( 'NONE',  ( -3.469446951953619316E-15, 0.000000000000000000, -1.000000000000000000 ) ) ;
#2205 = EDGE_CURVE ( 'NONE', #2160, #362, #2752, .T. ) ;
#2206 = CARTESIAN_POINT ( 'NONE',  ( -18.00000000000000000, 0.000000000000000000, -0.5000000000000022204 ) ) ;
#2207 = ORIENTED_EDGE ( 'NONE', *, *, #962, .F. ) ;
#2208 = FACE_BOUND ( 'NONE', #1080, .T. ) ;
#2209 = EDGE_LOOP ( 'NONE', ( #1693, #800 ) ) ;
#2210 = EDGE_CURVE ( 'NONE', #3270, #2760, #1694, .T. ) ;
#2211 = CONICAL_SURFACE ( 'NONE', #3622, 1.999999999999988010, 1.029744258676651647 ) ;
#2212 = CARTESIAN_POINT ( 'NONE',  ( 25.43069461742022597, -21.70882603760787433, -0.01546766809127011685 ) ) ;
#2213 = VERTEX_POINT ( 'NONE', #3284 ) ;
#2214 = DIRECTION ( 'NONE',  ( 0.000000000000000000, 0.000000000000000000, 1.000000000000000000 ) ) ;
#2215 = VECTOR ( 'NONE', #3442, 1000.000000000000000 ) ;
#2216 = DIRECTION ( 'NONE',  ( 1.000000000000000000, 0.000000000000000000, 0.000000000000000000 ) ) ;
#2217 = CIRCLE ( 'NONE', #612, 1.550000000000002709 ) ;
#2218 = CARTESIAN_POINT ( 'NONE',  ( 27.89999999999995595, -22.38817675479887725, -18.53288157416712068 ) ) ;
#2219 = CARTESIAN_POINT ( 'NONE',  ( 25.15410913852644015, -22.85132654448550227, -4.591589720020746945 ) ) ;
#2220 = CARTESIAN_POINT ( 'NONE',  ( 26.96505875874816738, -24.04854960088616878, -0.3308945135338401955 ) ) ;
#2221 = DIRECTION ( 'NONE',  ( -1.000000000000000000, 0.000000000000000000, 0.000000000000000000 ) ) ;
#2222 = CARTESIAN_POINT ( 'NONE',  ( 25.32708640789225285, 21.91936812493051789, -5.055000402336789378 ) ) ;
#2223 = ORIENTED_EDGE ( 'NONE', *, *, #3666, .T. ) ;
#2224 = CONICAL_SURFACE ( 'NONE', #3196, 0.5000000000000004441, 0.7853981633974452814 ) ;
#2225 = CARTESIAN_POINT ( 'NONE',  ( 24.47750168184732189, -19.13430455675143094, -4.683268115667649667 ) ) ;
#2226 = CARTESIAN_POINT ( 'NONE',  ( 27.07401658627550134, 24.35287790366058402, -0.3698617258499437010 ) ) ;
#2227 = CARTESIAN_POINT ( 'NONE',  ( 26.21176809706598476, -26.50825889186791429, -1.984648736065495855 ) ) ;
#2228 = DIRECTION ( 'NONE',  ( -0.000000000000000000, -0.000000000000000000, 1.000000000000000000 ) ) ;
#2229 = DIRECTION ( 'NONE',  ( -0.000000000000000000, -0.000000000000000000, 1.000000000000000000 ) ) ;
#2230 = VECTOR ( 'NONE', #774, 1000.000000000000000 ) ;
#2231 = DIRECTION ( 'NONE',  ( 0.000000000000000000, 1.000000000000000000, 0.000000000000000000 ) ) ;
#2232 = VERTEX_POINT ( 'NONE', #4175 ) ;
#2233 = PRODUCT ( '\X2\9acb517382828fde63a5\X0\', '\X2\9acb517382828fde63a5\X0\', '', ( #1226 ) ) ;
#2234 = EDGE_CURVE ( 'NONE', #3063, #190, #3549, .T. ) ;
#2235 = LINE ( 'NONE', #927, #3344 ) ;
#2236 = CARTESIAN_POINT ( 'NONE',  ( 25.46923439344153550, 21.75490739553036335, -0.01837608127483535830 ) ) ;
#2237 = ORIENTED_EDGE ( 'NONE', *, *, #4824, .T. ) ;
#2238 = EDGE_LOOP ( 'NONE', ( #2295, #2527, #2285, #5459, #1008, #609 ) ) ;
#2239 = CARTESIAN_POINT ( 'NONE',  ( 30.99999999999998224, -15.96933128205095187, -12.11403610141913845 ) ) ;
#2240 = ORIENTED_EDGE ( 'NONE', *, *, #3822, .T. ) ;
#2241 = FACE_BOUND ( 'NONE', #2501, .T. ) ;
#2242 = CARTESIAN_POINT ( 'NONE',  ( 30.49999999999963762, -9.887799490563492369E-15, -54.00221285621785228 ) ) ;
#2243 = DIRECTION ( 'NONE',  ( -4.476705744456288765E-15, 0.000000000000000000, -1.000000000000000000 ) ) ;
#2244 = CARTESIAN_POINT ( 'NONE',  ( 25.01092497668950188, -22.07130317387954932, -4.582515845754464578 ) ) ;
#2245 = DIRECTION ( 'NONE',  ( -1.000000000000000000, 1.541001731203022325E-16, -0.000000000000000000 ) ) ;
#2246 = CIRCLE ( 'NONE', #4556, 1.999999999999988010 ) ;
#2247 = CARTESIAN_POINT ( 'NONE',  ( 25.38966823533495187, 24.79822983337534481, -4.640303075766701646 ) ) ;
#2248 = ORIENTED_EDGE ( 'NONE', *, *, #607, .T. ) ;
#2249 = CARTESIAN_POINT ( 'NONE',  ( 24.83650771802492585, -21.17267122986747196, -4.592014690530351828 ) ) ;
#2250 = CARTESIAN_POINT ( 'NONE',  ( 26.17143727534863729, 22.65877422826174126, -0.1153192610328194062 ) ) ;
#2251 = CARTESIAN_POINT ( 'NONE',  ( 25.31557715091648930, -21.83110882036091027, -5.051099737877025042 ) ) ;
#2252 = LINE ( 'NONE', #3526, #386 ) ;
#2253 = LINE ( 'NONE', #1025, #2932 ) ;
#2254 = CARTESIAN_POINT ( 'NONE',  ( 25.46955605180771443, -26.51486312352072972, -4.828592765954291544 ) ) ;
#2255 = ORIENTED_EDGE ( 'NONE', *, *, #1627, .T. ) ;
#2256 = CARTESIAN_POINT ( 'NONE',  ( 26.23078856730306896, 26.99999999999999645, -3.548943556654489129 ) ) ;
#2257 = DIRECTION ( 'NONE',  ( -1.000000000000000000, 1.920774913804158804E-16, 0.000000000000000000 ) ) ;
#2258 = ORIENTED_EDGE ( 'NONE', *, *, #4147, .T. ) ;
#2259 = ADVANCED_FACE ( 'NONE', ( #4058 ), #501, .T. ) ;
#2260 = ORIENTED_EDGE ( 'NONE', *, *, #2319, .F. ) ;
#2261 = CARTESIAN_POINT ( 'NONE',  ( 25.58573385146874557, -21.89906865952064052, -0.02861821332702571205 ) ) ;
#2262 = EDGE_LOOP ( 'NONE', ( #926, #3857, #4603, #2181 ) ) ;
#2263 = AXIS2_PLACEMENT_3D ( 'NONE', #3000, #2245, #2611 ) ;
#2264 = CARTESIAN_POINT ( 'NONE',  ( 25.99999999999986144, 26.50000000000001421, -48.50221285621783807 ) ) ;
#2265 = EDGE_CURVE ( 'NONE', #4310, #2064, #4604, .T. ) ;
#2266 = DIRECTION ( 'NONE',  ( 1.000000000000000000, 0.000000000000000000, 0.000000000000000000 ) ) ;
#2267 = DIRECTION ( 'NONE',  ( -0.000000000000000000, -0.000000000000000000, -1.000000000000000000 ) ) ;
#2268 = CARTESIAN_POINT ( 'NONE',  ( 25.19982779480413271, -23.12499455693328088, -4.597641546500279119 ) ) ;
#2269 = CARTESIAN_POINT ( 'NONE',  ( 24.86229816443799834, 21.85224300572569689, 2.265488784676271976E-16 ) ) ;
#2270 = CIRCLE ( 'NONE', #3785, 5.499999999999994671 ) ;
#2271 = EDGE_LOOP ( 'NONE', ( #3984, #2788, #1203, #2367 ) ) ;
#2272 = EDGE_CURVE ( 'NONE', #2232, #698, #1157, .T. ) ;
#2273 = CARTESIAN_POINT ( 'NONE',  ( 24.79010810887231386, -20.92912247464338904, -4.597975710652101533 ) ) ;
#2274 = CARTESIAN_POINT ( 'NONE',  ( 27.07895857600708922, 24.36941573282625839, -0.3716847170025792124 ) ) ;
#2275 = CARTESIAN_POINT ( 'NONE',  ( 25.55931547423222838, -24.27522495169192496, -5.171044268606600269 ) ) ;
#2276 = CARTESIAN_POINT ( 'NONE',  ( 25.29420947769845540, 21.54654182976252130, -0.007217609220872256079 ) ) ;
#2277 = CARTESIAN_POINT ( 'NONE',  ( 27.90000000000000924, 15.96933128205093055, -7.564036101419127966 ) ) ;
#2278 = CARTESIAN_POINT ( 'NONE',  ( 24.95124381171639882, 21.77059181913819330, -4.583272526766213772 ) ) ;
#2279 = CARTESIAN_POINT ( 'NONE',  ( 24.95651149513569322, 19.10083356425513301, -5.000946072554105726 ) ) ;
#2280 = CARTESIAN_POINT ( 'NONE',  ( 18.06274606680622696, -25.99999999999999645, 0.000000000000000000 ) ) ;
#2281 = ADVANCED_FACE ( 'NONE', ( #3057 ), #2224, .T. ) ;
#2282 = CARTESIAN_POINT ( 'NONE',  ( 25.41445178888348977, 21.68957324184963298, -0.01433048391090409324 ) ) ;
#2283 = EDGE_LOOP ( 'NONE', ( #6, #2718 ) ) ;
#2284 = ORIENTED_EDGE ( 'NONE', *, *, #5320, .T. ) ;
#2285 = ORIENTED_EDGE ( 'NONE', *, *, #3119, .F. ) ;
#2286 = CARTESIAN_POINT ( 'NONE',  ( 0.000000000000000000, -12.15000000000000036, 1.310372075087664981E-15 ) ) ;
#2287 = VERTEX_POINT ( 'NONE', #3895 ) ;
#2288 = DIRECTION ( 'NONE',  ( 1.000000000000000000, -1.575895479354882178E-16, -3.491481338843133355E-15 ) ) ;
#2289 = CARTESIAN_POINT ( 'NONE',  ( 25.99999999999982236, -18.99999999999998934, -56.50221285621784517 ) ) ;
#2290 = EDGE_CURVE ( 'NONE', #4722, #730, #5423, .T. ) ;
#2291 = CARTESIAN_POINT ( 'NONE',  ( 26.43489290091922328, -24.47890961485137851, -0.7120219368143454464 ) ) ;
#2292 = CARTESIAN_POINT ( 'NONE',  ( 25.00000000000000711, 22.01571739626976409, -4.500000000000003553 ) ) ;
#2293 = CARTESIAN_POINT ( 'NONE',  ( 25.00000000000001066, 22.01571739626976409, 0.000000000000000000 ) ) ;
#2294 = AXIS2_PLACEMENT_3D ( 'NONE', #4270, #96, #144 ) ;
#2295 = ORIENTED_EDGE ( 'NONE', *, *, #1610, .F. ) ;
#2296 = CIRCLE ( 'NONE', #4349, 8.000000000000000000 ) ;
#2297 = AXIS2_PLACEMENT_3D ( 'NONE', #1543, #3230, #3127 ) ;
#2298 = CYLINDRICAL_SURFACE ( 'NONE', #711, 2.999999999999999556 ) ;
#2299 = CARTESIAN_POINT ( 'NONE',  ( 27.03846242033259983, 24.24206362231415568, -0.3568885732402352073 ) ) ;
#2300 = CARTESIAN_POINT ( 'NONE',  ( 25.35310735525051129, -22.12266187587798427, -5.064413546370327701 ) ) ;
#2301 = DIRECTION ( 'NONE',  ( 3.491481338843133355E-15, -2.837512552792565600E-16, 1.000000000000000000 ) ) ;
#2302 = CARTESIAN_POINT ( 'NONE',  ( 25.20766695529208690, 23.16009287149999452, -4.598819450640994511 ) ) ;
#2303 = DIRECTION ( 'NONE',  ( 1.000000000000000000, -0.000000000000000000, -3.491481338843133355E-15 ) ) ;
#2304 = CARTESIAN_POINT ( 'NONE',  ( 25.26320856975925011, 21.44230335508185092, -5.035195144456608318 ) ) ;
#2305 = ORIENTED_EDGE ( 'NONE', *, *, #196, .T. ) ;
#2306 = CIRCLE ( 'NONE', #3375, 2.999999999999995559 ) ;
#2307 = CARTESIAN_POINT ( 'NONE',  ( 27.89999999999983515, -14.41933128205095294, -53.89038961101655190 ) ) ;
#2308 = CARTESIAN_POINT ( 'NONE',  ( 25.59164367151452524, -26.50000000000000355, -5.193800418037316291 ) ) ;
#2309 = VERTEX_POINT ( 'NONE', #1470 ) ;
#2310 = EDGE_LOOP ( 'NONE', ( #4442, #2127 ) ) ;
#2311 = ORIENTED_EDGE ( 'NONE', *, *, #2925, .F. ) ;
#2312 = CARTESIAN_POINT ( 'NONE',  ( 25.17995752168503643, -21.48926652303661911, -4.926222587688164012 ) ) ;
#2313 = ORIENTED_EDGE ( 'NONE', *, *, #5233, .F. ) ;
#2314 = DIRECTION ( 'NONE',  ( 1.000000000000000000, -0.000000000000000000, -3.491481338843133355E-15 ) ) ;
#2315 = DIRECTION ( 'NONE',  ( 1.000000000000000000, -0.000000000000000000, -3.491481338843133355E-15 ) ) ;
#2316 = CARTESIAN_POINT ( 'NONE',  ( 25.88779406828933460, -23.30964878888056901, -0.5885447213889515305 ) ) ;
#2317 = CARTESIAN_POINT ( 'NONE',  ( 25.08670377736654089, -22.47290831005268785, -4.585541215834132878 ) ) ;
#2318 = CARTESIAN_POINT ( 'NONE',  ( 25.29908126692968295, 25.92004446297975306, -5.045603226709945766 ) ) ;
#2319 = EDGE_CURVE ( 'NONE', #4832, #218, #3638, .T. ) ;
#2320 = ORIENTED_EDGE ( 'NONE', *, *, #3909, .F. ) ;
#2321 = ADVANCED_FACE ( 'NONE', ( #81 ), #4178, .F. ) ;
#2322 = DIRECTION ( 'NONE',  ( 1.000000000000000000, -0.000000000000000000, -3.491481338843133355E-15 ) ) ;
#2323 = LINE ( 'NONE', #3605, #1993 ) ;
#2324 = CARTESIAN_POINT ( 'NONE',  ( 25.50620834329308906, -23.53763510644637691, -5.137447100370054365 ) ) ;
#2325 = DIRECTION ( 'NONE',  ( 1.000000000000000000, 0.000000000000000000, 0.000000000000000000 ) ) ;
#2326 = CARTESIAN_POINT ( 'NONE',  ( 25.40804204316659565, 25.40793488953111634, -4.645904193506049218 ) ) ;
#2327 = CARTESIAN_POINT ( 'NONE',  ( 31.00000000000000000, 15.96933128205093055, -9.114036101419138447 ) ) ;
#2328 = AXIS2_PLACEMENT_3D ( 'NONE', #4591, #4501, #4167 ) ;
#2329 = CARTESIAN_POINT ( 'NONE',  ( 25.33589083204608983, 21.98608357364467025, -5.058094913980034413 ) ) ;
#2330 = ORIENTED_EDGE ( 'NONE', *, *, #5156, .T. ) ;
#2331 = VECTOR ( 'NONE', #2448, 1000.000000000000114 ) ;
#2332 = CARTESIAN_POINT ( 'NONE',  ( 27.25010740479655169, -26.50000005020591232, -0.4378945832643832969 ) ) ;
#2333 = LINE ( 'NONE', #4032, #3048 ) ;
#2334 = CARTESIAN_POINT ( 'NONE',  ( 27.89999999999983160, -26.99999999999998579, -56.50221285621785228 ) ) ;
#2335 = VERTEX_POINT ( 'NONE', #4415 ) ;
#2336 = VERTEX_POINT ( 'NONE', #600 ) ;
#2337 = ADVANCED_FACE ( 'NONE', ( #5225 ), #2298, .F. ) ;
#2338 = ORIENTED_EDGE ( 'NONE', *, *, #1287, .T. ) ;
#2339 = AXIS2_PLACEMENT_3D ( 'NONE', #1990, #1538, #2758 ) ;
#2340 = CARTESIAN_POINT ( 'NONE',  ( 27.90000000000000213, 15.96933128205093055, -9.114036101419127789 ) ) ;
#2341 = EDGE_LOOP ( 'NONE', ( #4055, #4845 ) ) ;
#2342 = CARTESIAN_POINT ( 'NONE',  ( -1.999999999999988676, -12.15000000000000036, 0.000000000000000000 ) ) ;
#2343 = LINE ( 'NONE', #678, #2015 ) ;
#2344 = ADVANCED_FACE ( 'NONE', ( #969 ), #4883, .T. ) ;
#2345 = CARTESIAN_POINT ( 'NONE',  ( 26.29237448323016579, -24.08850923594038207, -0.6735313117446707354 ) ) ;
#2346 = AXIS2_PLACEMENT_3D ( 'NONE', #4592, #776, #2889 ) ;
#2347 = CARTESIAN_POINT ( 'NONE',  ( 25.36457362206371613, -24.39532356327963569, -4.632811956933442943 ) ) ;
#2348 = CARTESIAN_POINT ( 'NONE',  ( 25.24244638445912514, 24.16892956735583908, -5.029817132719361261 ) ) ;
#2349 = AXIS2_PLACEMENT_3D ( 'NONE', #4330, #1692, #5086 ) ;
#2350 = EDGE_CURVE ( 'NONE', #1719, #4372, #1513, .T. ) ;
#2351 = DIRECTION ( 'NONE',  ( 1.000000000000000000, 0.000000000000000000, 0.000000000000000000 ) ) ;
#2352 = DIRECTION ( 'NONE',  ( -3.469446951953615372E-15, 0.000000000000000000, -1.000000000000000000 ) ) ;
#2353 = CARTESIAN_POINT ( 'NONE',  ( 27.90000000000001279, 15.96933128205093055, -6.114036101419127789 ) ) ;
#2354 = DIRECTION ( 'NONE',  ( 1.000000000000000000, -0.000000000000000000, -3.491481338843133355E-15 ) ) ;
#2355 = CARTESIAN_POINT ( 'NONE',  ( 30.99999999999982947, -15.96933128205095187, -55.44038961101656326 ) ) ;
#2356 = DIRECTION ( 'NONE',  ( -4.476705744456288765E-15, 0.000000000000000000, -1.000000000000000000 ) ) ;
#2357 = AXIS2_PLACEMENT_3D ( 'NONE', #1272, #4694, #5140 ) ;
#2358 = CARTESIAN_POINT ( 'NONE',  ( 25.35929274493953045, 22.16749906706823836, -5.066758847785814979 ) ) ;
#2359 = ORIENTED_EDGE ( 'NONE', *, *, #1376, .F. ) ;
#2360 = AXIS2_PLACEMENT_3D ( 'NONE', #4436, #4550, #2509 ) ;
#2361 = LINE ( 'NONE', #2040, #979 ) ;
#2362 = CARTESIAN_POINT ( 'NONE',  ( 24.96389515963647909, 21.96883734010600975, -0.5143999874127186400 ) ) ;
#2363 = CARTESIAN_POINT ( 'NONE',  ( 26.34385813350978012, -24.21501759183519908, -0.6868836303707812618 ) ) ;
#2364 = EDGE_CURVE ( 'NONE', #5354, #4867, #677, .T. ) ;
#2365 = DIRECTION ( 'NONE',  ( 0.7071067811865500152, 0.7071067811865451302, -4.906538933386775154E-15 ) ) ;
#2366 = DIRECTION ( 'NONE',  ( 1.000000000000000000, 0.000000000000000000, 0.000000000000000000 ) ) ;
#2367 = ORIENTED_EDGE ( 'NONE', *, *, #3045, .F. ) ;
#2368 = ORIENTED_EDGE ( 'NONE', *, *, #2480, .F. ) ;
#2369 = CARTESIAN_POINT ( 'NONE',  ( 25.23484456311782154, -21.43809215796667544, -5.000000000000000000 ) ) ;
#2370 = ORIENTED_EDGE ( 'NONE', *, *, #4332, .F. ) ;
#2371 = CARTESIAN_POINT ( 'NONE',  ( -13.24134295108992276, -6.749999999999997335, -1.899999999999999689 ) ) ;
#2372 = DIRECTION ( 'NONE',  ( 0.8571673007021108903, 0.000000000000000000, 0.5150380749100565980 ) ) ;
#2373 = CARTESIAN_POINT ( 'NONE',  ( 26.07668807996103766, -23.64197797541739376, -0.6239051728431006527 ) ) ;
#2374 = DIRECTION ( 'NONE',  ( -0.7071067811865536790, 8.659560562355008046E-17, 0.7071067811865414665 ) ) ;
#2375 = CARTESIAN_POINT ( 'NONE',  ( 26.69105711273325099, 27.00000000000000355, -0.2432365133284925263 ) ) ;
#2376 = ADVANCED_FACE ( 'NONE', ( #1366 ), #2378, .F. ) ;
#2377 = UNCERTAINTY_MEASURE_WITH_UNIT (LENGTH_MEASURE( 1.000000000000000082E-05 ), #5426, 'distance_accuracy_value', 'NONE');
#2378 = CYLINDRICAL_SURFACE ( 'NONE', #4980, 1.549999999999995826 ) ;
#2379 = FACE_OUTER_BOUND ( 'NONE', #1828, .T. ) ;
#2380 = CARTESIAN_POINT ( 'NONE',  ( 18.06274606680622696, 25.99999999999999645, -4.500000000000003553 ) ) ;
#2381 = SURFACE_STYLE_FILL_AREA ( #4532 ) ;
#2382 = CARTESIAN_POINT ( 'NONE',  ( 25.40789360942860142, 25.39899012259431288, -4.645858353212679148 ) ) ;
#2383 = CARTESIAN_POINT ( 'NONE',  ( 30.49999999999995026, -9.887799490563492369E-15, -31.50221285621784872 ) ) ;
#2384 = CARTESIAN_POINT ( 'NONE',  ( 24.99569217685082734, 19.42433520880708997, -4.999236977184016162 ) ) ;
#2385 = ORIENTED_EDGE ( 'NONE', *, *, #3741, .T. ) ;
#2386 = VECTOR ( 'NONE', #1210, 1000.000000000000000 ) ;
#2387 = VECTOR ( 'NONE', #72, 1000.000000000000000 ) ;
#2388 = CARTESIAN_POINT ( 'NONE',  ( 25.56744375226527666, -24.43386533460089183, -5.176586978103273395 ) ) ;
#2389 = CARTESIAN_POINT ( 'NONE',  ( 27.26919924963518227, -25.92704714844001401, -0.4456561905092563114 ) ) ;
#2390 = CARTESIAN_POINT ( 'NONE',  ( 26.60105081092623536, -26.01627559792965627, -0.7619962211198167967 ) ) ;
#2391 = VECTOR ( 'NONE', #898, 1000.000000000000000 ) ;
#2392 = CIRCLE ( 'NONE', #5511, 6.000000000000000000 ) ;
#2393 = DIRECTION ( 'NONE',  ( 1.387778780781446938E-14, 0.000000000000000000, 1.000000000000000000 ) ) ;
#2394 = CARTESIAN_POINT ( 'NONE',  ( 30.49999999999985079, -26.99999999999998934, -48.50221285621785938 ) ) ;
#2395 = VERTEX_POINT ( 'NONE', #4049 ) ;
#2396 = EDGE_CURVE ( 'NONE', #5210, #1225, #4535, .T. ) ;
#2397 = ORIENTED_EDGE ( 'NONE', *, *, #1215, .F. ) ;
#2398 = CARTESIAN_POINT ( 'NONE',  ( 27.01203359108802005, 26.50958996965060877, -0.5474906575241411666 ) ) ;
#2399 = EDGE_LOOP ( 'NONE', ( #4489, #4429, #4347, #5496 ) ) ;
#2400 = CONICAL_SURFACE ( 'NONE', #2671, 7.999999999999992895, 0.7853981633974552734 ) ;
#2401 = CARTESIAN_POINT ( 'NONE',  ( 25.15104408574013206, 20.71337687037681619, -5.000000000000000000 ) ) ;
#2402 = CARTESIAN_POINT ( 'NONE',  ( -14.69134295108992561, -6.749999999999997335, -5.000000000000000000 ) ) ;
#2403 = CARTESIAN_POINT ( 'NONE',  ( 25.68102123254270452, -22.97967851596020594, -0.5582726152626145133 ) ) ;
#2404 = CARTESIAN_POINT ( 'NONE',  ( 25.27595039136523880, 22.38295609903363470, -0.5216100961713753259 ) ) ;
#2405 = CARTESIAN_POINT ( 'NONE',  ( 27.24247302394557835, 25.33189350595124978, -0.4348088843937421566 ) ) ;
#2406 = ORIENTED_EDGE ( 'NONE', *, *, #3317, .F. ) ;
#2407 = DIRECTION ( 'NONE',  ( -4.476705744456288765E-15, 0.000000000000000000, -1.000000000000000000 ) ) ;
#2408 = DIRECTION ( 'NONE',  ( 1.000000000000000000, -1.575895479354882178E-16, -3.491481338843133355E-15 ) ) ;
#2409 = CARTESIAN_POINT ( 'NONE',  ( 31.00000000000000711, 15.96933128205093055, -7.564036101419143954 ) ) ;
#2410 = LINE ( 'NONE', #1613, #4909 ) ;
#2411 = DIRECTION ( 'NONE',  ( 1.000000000000000000, 1.920774913804158804E-16, -0.000000000000000000 ) ) ;
#2412 = CARTESIAN_POINT ( 'NONE',  ( 30.99999999999982947, -12.30845354218735821, -56.00221285621785938 ) ) ;
#2413 = CARTESIAN_POINT ( 'NONE',  ( 24.97744812167796624, 21.90239826044090066, -4.582599367199297724 ) ) ;
#2414 = ORIENTED_EDGE ( 'NONE', *, *, #5430, .T. ) ;
#2415 = CARTESIAN_POINT ( 'NONE',  ( 25.59131348346316770, -25.32094818668797842, -5.193557710282346918 ) ) ;
#2416 = CARTESIAN_POINT ( 'NONE',  ( 25.02565504469380286, 22.04909020989128621, -0.5143828116305031450 ) ) ;
#2417 = CARTESIAN_POINT ( 'NONE',  ( 26.37762866317254051, -24.30501025080607391, -0.6959597689544947396 ) ) ;
#2418 = EDGE_CURVE ( 'NONE', #1327, #1449, #4439, .T. ) ;
#2419 = DIRECTION ( 'NONE',  ( 1.000000000000000000, -1.575895479354882424E-16, -3.491481338843133355E-15 ) ) ;
#2420 = CARTESIAN_POINT ( 'NONE',  ( 30.50000000000000000, 27.00000000000000355, -6.000000000000017764 ) ) ;
#2421 = ORIENTED_EDGE ( 'NONE', *, *, #5149, .T. ) ;
#2422 = AXIS2_PLACEMENT_3D ( 'NONE', #1581, #4976, #1164 ) ;
#2423 = VERTEX_POINT ( 'NONE', #1978 ) ;
#2424 = EDGE_CURVE ( 'NONE', #943, #3509, #5389, .T. ) ;
#2425 = B_SPLINE_CURVE_WITH_KNOTS ( 'NONE', 3,
 ( #2938, #2076, #3268, #2026, #5439, #4213, #1576, #1635, #3657, #1663, #290, #2405, #3349, #3769, #4639, #4967, #5363, #1126, #5023, #2882, #2516, #3324, #2002, #2910, #2460, #1184, #821, #3300, #3688, #4159, #347, #1214, #4611, #1550, #2431, #3238, #1159, #2489, #2821, #4523, #4106, #713, #2853, #4554, #740, #795, #4132, #320, #5413, #3714, #1606, #4997, #3825, #1006, #1266, #3977, #1689, #587, #2131, #5494, #166, #3530, #113, #3930, #2677, #3794, #139, #2236, #13, #2101, #4399, #1400, #3378, #2282, #1846, #5083, #4272, #1718 ),
 .UNSPECIFIED., .F., .F.,
 ( 4, 1, 1, 1, 2, 2, 2, 1, 1, 2, 2, 2, 1, 1, 2, 2, 2, 2, 2, 1, 1, 2, 2, 2, 1, 1, 2, 2, 2, 1, 1, 2, 2, 2, 1, 2, 2, 2, 2, 1, 1, 2, 2, 1, 1, 2, 2, 4 ),
 ( 0.000000000000000000, 0.06249999999999522604, 0.09374999999999185374, 0.1093749999999901745, 0.1171874999999893280, 0.1249999999999884814, 0.1874999999999816536, 0.2187499999999782396, 0.2343749999999765188, 0.2421874999999757694, 0.2499999999999749922, 0.3124999999999686917, 0.3437499999999655276, 0.3593749999999637512, 0.3671874999999628630, 0.3749999999999619749, 0.4062499999999561462, 0.4218749999999526490, 0.4374999999999490963, 0.4687499999999420464, 0.4843749999999390488, 0.4921874999999374944, 0.4999999999999359401, 0.5624999999999356071, 0.5937499999999362732, 0.6093749999999369393, 0.6171874999999363842, 0.6249999999999360512, 0.6874999999999380496, 0.7187499999999388267, 0.7343749999999397149, 0.7421874999999408251, 0.7499999999999420464, 0.8124999999999562572, 0.8437499999999631406, 0.8593749999999666933, 0.8749999999999701350, 0.9062499999999770184, 0.9374999999999840128, 0.9453124999999863443, 0.9492187499999880096, 0.9511718749999883427, 0.9531249999999885647, 0.9609374999999897859, 0.9648437499999908962, 0.9667968749999915623, 0.9687499999999921174, 1.000000000000000000 ),
 .UNSPECIFIED. ) ;
#2426 = DIRECTION ( 'NONE',  ( -1.000000000000000000, 1.541001731203022325E-16, -0.000000000000000000 ) ) ;
#2427 = ORIENTED_EDGE ( 'NONE', *, *, #1176, .F. ) ;
#2428 = CYLINDRICAL_SURFACE ( 'NONE', #524, 2.999999999999995559 ) ;
#2429 = CARTESIAN_POINT ( 'NONE',  ( 26.71105060392940800, -23.52079363575667159, -0.2487684949227503550 ) ) ;
#2430 = CARTESIAN_POINT ( 'NONE',  ( 25.38134809280794713, -24.63538007755389003, -4.637775888082363629 ) ) ;
#2431 = CARTESIAN_POINT ( 'NONE',  ( 26.88577306052078342, 23.86054296196513391, -0.3040451835743376297 ) ) ;
#2432 = ADVANCED_FACE ( 'NONE', ( #3659 ), #1525, .T. ) ;
#2433 = ORIENTED_EDGE ( 'NONE', *, *, #2925, .T. ) ;
#2434 = AXIS2_PLACEMENT_3D ( 'NONE', #2812, #1593, #695 ) ;
#2435 = CARTESIAN_POINT ( 'NONE',  ( 25.40705805563484887, 26.54780586929525299, -4.645613829831124697 ) ) ;
#2436 = CARTESIAN_POINT ( 'NONE',  ( 27.15802010327825400, 24.68912860109659135, -0.4015010039447892143 ) ) ;
#2437 = CARTESIAN_POINT ( 'NONE',  ( 25.22997250088727128, -21.18222692476985358, -5.026802719911567685 ) ) ;
#2438 = CYLINDRICAL_SURFACE ( 'NONE', #4292, 2.999999999999995559 ) ;
#2439 = FACE_OUTER_BOUND ( 'NONE', #2073, .T. ) ;
#2440 = DIRECTION ( 'NONE',  ( -1.000000000000000000, 0.000000000000000000, 0.000000000000000000 ) ) ;
#2441 = VECTOR ( 'NONE', #2257, 1000.000000000000000 ) ;
#2442 = CARTESIAN_POINT ( 'NONE',  ( 25.58759302376313016, 25.10272101422002677, -5.190829524359747538 ) ) ;
#2443 = EDGE_LOOP ( 'NONE', ( #1137, #2071, #4380, #2284 ) ) ;
#2444 = CARTESIAN_POINT ( 'NONE',  ( 25.86290130219531136, 27.00000000000000355, -4.773052020592865041 ) ) ;
#2445 = DIRECTION ( 'NONE',  ( -0.000000000000000000, -0.000000000000000000, -1.000000000000000000 ) ) ;
#2446 = CARTESIAN_POINT ( 'NONE',  ( 24.98731652848001517, 21.99924893821704686, -0.5142979179585870364 ) ) ;
#2447 = VECTOR ( 'NONE', #4588, 1000.000000000000114 ) ;
#2448 = DIRECTION ( 'NONE',  ( -0.8571673007021108903, 1.049727191138616847E-16, 0.5150380749100565980 ) ) ;
#2449 = DIRECTION ( 'NONE',  ( -0.000000000000000000, -0.000000000000000000, -1.000000000000000000 ) ) ;
#2450 = FACE_OUTER_BOUND ( 'NONE', #627, .T. ) ;
#2451 = ADVANCED_FACE ( 'NONE', ( #1161 ), #655, .F. ) ;
#2452 = VERTEX_POINT ( 'NONE', #3693 ) ;
#2453 = AXIS2_PLACEMENT_3D ( 'NONE', #2538, #841, #5077 ) ;
#2454 = VERTEX_POINT ( 'NONE', #2004 ) ;
#2455 = CARTESIAN_POINT ( 'NONE',  ( 26.49999999999985789, 19.00000000000000711, -56.50221285621783807 ) ) ;
#2456 = VERTEX_POINT ( 'NONE', #323 ) ;
#2457 = DIRECTION ( 'NONE',  ( 1.000000000000000000, -0.000000000000000000, -3.491481338843133355E-15 ) ) ;
#2458 = CARTESIAN_POINT ( 'NONE',  ( 27.24361275307034802, -25.26588234018645096, -0.4352668399997734472 ) ) ;
#2459 = CARTESIAN_POINT ( 'NONE',  ( -9.000000000000000000, 1.102182119232617714E-15, -0.4999999999999865663 ) ) ;
#2460 = CARTESIAN_POINT ( 'NONE',  ( 27.09422290408879164, 24.42084399253196025, -0.3773248321272487105 ) ) ;
#2461 = EDGE_LOOP ( 'NONE', ( #5324, #3198 ) ) ;
#2462 = EDGE_CURVE ( 'NONE', #2933, #153, #717, .T. ) ;
#2463 = CARTESIAN_POINT ( 'NONE',  ( 10.52220865598093269, 6.074999999999998401, -3.000000000000002665 ) ) ;
#2464 = CARTESIAN_POINT ( 'NONE',  ( 8.691342951089925606, -6.749999999999999112, -1.899999999999999689 ) ) ;
#2465 = DIRECTION ( 'NONE',  ( 1.000000000000000000, 0.000000000000000000, 0.000000000000000000 ) ) ;
#2466 = DIRECTION ( 'NONE',  ( -0.7071067811865450192, 0.7071067811865501263, 8.659560562354963673E-17 ) ) ;
#2467 = CARTESIAN_POINT ( 'NONE',  ( 24.79906342308774114, -21.77251773577252791, 3.305835100658156008E-16 ) ) ;
#2468 = CARTESIAN_POINT ( 'NONE',  ( 24.93253166052834047, -21.90048223612971157, -0.5000000000000022204 ) ) ;
#2469 = CARTESIAN_POINT ( 'NONE',  ( 25.05586188033299422, 22.30181153728737797, -4.583746004843713528 ) ) ;
#2470 = EDGE_LOOP ( 'NONE', ( #1994, #4743, #3814, #2864 ) ) ;
#2471 = SHAPE_DEFINITION_REPRESENTATION ( #1390, #4257 ) ;
#2472 = FACE_OUTER_BOUND ( 'NONE', #118, .T. ) ;
#2473 = CARTESIAN_POINT ( 'NONE',  ( 26.43332638082274855, 24.47647178503743248, -0.7116746644869959004 ) ) ;
#2474 = CARTESIAN_POINT ( 'NONE',  ( 26.48997649693896506, -24.69331775347834323, -0.7281229603356271785 ) ) ;
#2475 = CARTESIAN_POINT ( 'NONE',  ( 30.49999999999982236, -13.22367297715325840, -55.09925704491753606 ) ) ;
#2476 = CIRCLE ( 'NONE', #2826, 3.000000000000000888 ) ;
#2477 = EDGE_LOOP ( 'NONE', ( #2902, #2912, #3032, #4065 ) ) ;
#2478 = ORIENTED_EDGE ( 'NONE', *, *, #3104, .F. ) ;
#2479 = AXIS2_PLACEMENT_3D ( 'NONE', #147, #4853, #5273 ) ;
#2480 = EDGE_CURVE ( 'NONE', #2336, #761, #3190, .T. ) ;
#2481 = AXIS2_PLACEMENT_3D ( 'NONE', #986, #568, #3487 ) ;
#2482 = LINE ( 'NONE', #3453, #706 ) ;
#2483 = ORIENTED_EDGE ( 'NONE', *, *, #661, .F. ) ;
#2484 = DIRECTION ( 'NONE',  ( 1.000000000000000000, -0.000000000000000000, -3.491481338843133355E-15 ) ) ;
#2485 = VECTOR ( 'NONE', #234, 1000.000000000000000 ) ;
#2486 = CARTESIAN_POINT ( 'NONE',  ( 27.16948480077510553, -24.72901747582433174, -0.4059408357203801998 ) ) ;
#2487 = CIRCLE ( 'NONE', #264, 2.999999999999995559 ) ;
#2488 = CARTESIAN_POINT ( 'NONE',  ( 26.59328318106858191, 25.70136311011254904, -0.7596165478547739491 ) ) ;
#2489 = CARTESIAN_POINT ( 'NONE',  ( 26.78005455479219421, 23.64027649278199661, -0.2698509678732382566 ) ) ;
#2490 = EDGE_LOOP ( 'NONE', ( #1848, #4324, #1823, #2170, #4227 ) ) ;
#2491 = VERTEX_POINT ( 'NONE', #1187 ) ;
#2492 = DIRECTION ( 'NONE',  ( -1.000000000000000000, 0.000000000000000000, 3.491481338843133355E-15 ) ) ;
#2493 = EDGE_CURVE ( 'NONE', #982, #2456, #3402, .T. ) ;
#2494 = DIRECTION ( 'NONE',  ( -1.000000000000000000, 0.000000000000000000, 0.000000000000000000 ) ) ;
#2495 = DIRECTION ( 'NONE',  ( -1.387778780781444413E-14, 3.469446951953611033E-15, -1.000000000000000000 ) ) ;
#2496 = CARTESIAN_POINT ( 'NONE',  ( 25.98546442831870351, -22.41487078733960558, -0.08137559633978674878 ) ) ;
#2497 = CARTESIAN_POINT ( 'NONE',  ( 1.549999999999999822, 13.50000000000000000, -1.899999999999999689 ) ) ;
#2498 = DIRECTION ( 'NONE',  ( 0.7071067811865425767, 0.000000000000000000, 0.7071067811865525687 ) ) ;
#2499 = EDGE_CURVE ( 'NONE', #3489, #2160, #2824, .T. ) ;
#2500 = CARTESIAN_POINT ( 'NONE',  ( 24.76359318653623376, 20.81189808770059457, -4.602123919733908330 ) ) ;
#2501 = EDGE_LOOP ( 'NONE', ( #1495, #114 ) ) ;
#2502 = CYLINDRICAL_SURFACE ( 'NONE', #602, 7.999999999999992895 ) ;
#2503 = CARTESIAN_POINT ( 'NONE',  ( 25.39295642588516344, -24.84952301104764771, -4.641264574543619403 ) ) ;
#2504 = CARTESIAN_POINT ( 'NONE',  ( 26.42920465460046131, 24.46236979601094674, -0.7104940837407465182 ) ) ;
#2505 = CARTESIAN_POINT ( 'NONE',  ( 26.05643650792475796, -23.60664359278781887, -0.6201654629273875008 ) ) ;
#2506 = EDGE_CURVE ( 'NONE', #4867, #5279, #5268, .T. ) ;
#2507 = ORIENTED_EDGE ( 'NONE', *, *, #1896, .T. ) ;
#2508 = EDGE_LOOP ( 'NONE', ( #3381, #2097, #2560, #3678 ) ) ;
#2509 = DIRECTION ( 'NONE',  ( 0.000000000000000000, 0.000000000000000000, -1.000000000000000000 ) ) ;
#2510 = ORIENTED_EDGE ( 'NONE', *, *, #3651, .F. ) ;
#2511 = AXIS2_PLACEMENT_3D ( 'NONE', #186, #3578, #949 ) ;
#2512 = EDGE_CURVE ( 'NONE', #4934, #5148, #3632, .T. ) ;
#2513 = AXIS2_PLACEMENT_3D ( 'NONE', #4843, #2727, #4424 ) ;
#2514 = CARTESIAN_POINT ( 'NONE',  ( 25.05580267343472300, -22.08987430532804197, -0.5148301039780619481 ) ) ;
#2515 = CARTESIAN_POINT ( 'NONE',  ( 26.30473121932779179, 24.11217468458598034, -0.6768551459058138597 ) ) ;
#2516 = CARTESIAN_POINT ( 'NONE',  ( 27.13110313441139709, 24.56670461034938668, -0.3912144488754942251 ) ) ;
#2517 = ORIENTED_EDGE ( 'NONE', *, *, #1977, .T. ) ;
#2518 = CYLINDRICAL_SURFACE ( 'NONE', #4879, 1.000000000000000888 ) ;
#2519 = ORIENTED_EDGE ( 'NONE', *, *, #2620, .F. ) ;
#2520 = DIRECTION ( 'NONE',  ( 1.000000000000000000, 0.000000000000000000, 0.000000000000000000 ) ) ;
#2521 = LINE ( 'NONE', #2139, #1414 ) ;
#2522 = DIRECTION ( 'NONE',  ( 1.000000000000000000, -0.000000000000000000, -3.491481338843133355E-15 ) ) ;
#2523 = CARTESIAN_POINT ( 'NONE',  ( 26.60033221883315946, -23.32782893452075612, -0.2169656162591131476 ) ) ;
#2524 = CARTESIAN_POINT ( 'NONE',  ( 26.69105711273325099, -27.00000000000000355, -0.2432365133284942749 ) ) ;
#2525 = DIRECTION ( 'NONE',  ( 0.000000000000000000, 0.000000000000000000, -1.000000000000000000 ) ) ;
#2526 = CARTESIAN_POINT ( 'NONE',  ( 25.35783706700195239, 24.32635180602037295, -4.631038526609386530 ) ) ;
#2527 = ORIENTED_EDGE ( 'NONE', *, *, #1399, .F. ) ;
#2528 = EDGE_CURVE ( 'NONE', #620, #4873, #1101, .T. ) ;
#2529 =( NAMED_UNIT ( * ) SI_UNIT ( $, .STERADIAN. ) SOLID_ANGLE_UNIT ( ) );
#2530 = CARTESIAN_POINT ( 'NONE',  ( 25.36548506552981763, -24.41504657368368214, -4.633152442845073438 ) ) ;
#2531 = CARTESIAN_POINT ( 'NONE',  ( 24.98337241541109677, 21.17653674630005156, 0.0006667345663010805631 ) ) ;
#2532 = CARTESIAN_POINT ( 'NONE',  ( 25.55218095807927625, 24.14849619306285433, -5.166268889535289510 ) ) ;
#2533 = CARTESIAN_POINT ( 'NONE',  ( 25.89880676474470178, -23.32977660918650287, -0.5908590423336007591 ) ) ;
#2534 = AXIS2_PLACEMENT_3D ( 'NONE', #3416, #1386, #5116 ) ;
#2535 = VERTEX_POINT ( 'NONE', #4247 ) ;
#2536 = EDGE_LOOP ( 'NONE', ( #4555, #770, #3682, #4596, #310, #4636, #3148, #5076, #4098, #541, #1061, #2070 ) ) ;
#2537 = ADVANCED_FACE ( 'NONE', ( #2578 ), #3747, .T. ) ;
#2538 = CARTESIAN_POINT ( 'NONE',  ( 31.00000000000004619, -25.99999999999999645, 6.435041076975900332 ) ) ;
#2539 = ORIENTED_EDGE ( 'NONE', *, *, #1714, .F. ) ;
#2540 = VECTOR ( 'NONE', #3130, 1000.000000000000000 ) ;
#2541 = CARTESIAN_POINT ( 'NONE',  ( 27.26632716259830502, -25.67256550019370209, -0.4444830569157952604 ) ) ;
#2542 = CARTESIAN_POINT ( 'NONE',  ( 26.12289287072115229, 23.71996561707166151, -0.6340800484045225893 ) ) ;
#2543 = CARTESIAN_POINT ( 'NONE',  ( 27.25010740479655169, -26.50000005020591232, -0.4378945832643832969 ) ) ;
#2544 = VERTEX_POINT ( 'NONE', #1666 ) ;
#2545 = FACE_OUTER_BOUND ( 'NONE', #1240, .T. ) ;
#2546 = ORIENTED_EDGE ( 'NONE', *, *, #2934, .T. ) ;
#2547 = CARTESIAN_POINT ( 'NONE',  ( 25.00000000000000355, 27.00000000000000355, -6.000000000000000000 ) ) ;
#2548 = DIRECTION ( 'NONE',  ( -1.000000000000000000, 0.000000000000000000, 0.000000000000000000 ) ) ;
#2549 = CARTESIAN_POINT ( 'NONE',  ( 26.50000000000001776, -27.00000000000000355, -1.502212856217851167 ) ) ;
#2550 = CARTESIAN_POINT ( 'NONE',  ( 26.89060626058860493, -23.87762499629648261, -0.3055861124887558899 ) ) ;
#2551 = CARTESIAN_POINT ( 'NONE',  ( 24.79344724665699218, 21.77050581045366329, 3.398233177014408703E-16 ) ) ;
#2552 = DIRECTION ( 'NONE',  ( -3.469446951953613006E-15, 0.000000000000000000, -1.000000000000000000 ) ) ;
#2553 = CARTESIAN_POINT ( 'NONE',  ( 25.44669914921244569, 22.91469349654939691, -5.105315182410689268 ) ) ;
#2554 = ORIENTED_EDGE ( 'NONE', *, *, #868, .T. ) ;
#2555 = FACE_OUTER_BOUND ( 'NONE', #4301, .T. ) ;
#2556 = CARTESIAN_POINT ( 'NONE',  ( 25.11994325746303858, -20.34935095653926496, -5.006986505694645651 ) ) ;
#2557 = CARTESIAN_POINT ( 'NONE',  ( 26.39369389331177373, 24.34969817441660211, -0.7005041994520939674 ) ) ;
#2558 = CARTESIAN_POINT ( 'NONE',  ( 25.57770552185828095, 24.70744801242903677, -5.183754715352663744 ) ) ;
#2559 = CARTESIAN_POINT ( 'NONE',  ( 18.06274606680622696, 18.00000000000000355, -0.5000000000000022204 ) ) ;
#2560 = ORIENTED_EDGE ( 'NONE', *, *, #2676, .F. ) ;
#2561 = VECTOR ( 'NONE', #2498, 999.9999999999998863 ) ;
#2562 = ORIENTED_EDGE ( 'NONE', *, *, #395, .T. ) ;
#2563 = FACE_BOUND ( 'NONE', #2900, .T. ) ;
#2564 = AXIS2_PLACEMENT_3D ( 'NONE', #1885, #3211, #1574 ) ;
#2565 = ORIENTED_EDGE ( 'NONE', *, *, #4649, .F. ) ;
#2566 = EDGE_CURVE ( 'NONE', #2544, #4941, #4319, .T. ) ;
#2567 = CIRCLE ( 'NONE', #1597, 1.549999999999995826 ) ;
#2568 = AXIS2_PLACEMENT_3D ( 'NONE', #2286, #3564, #3592 ) ;
#2569 = CARTESIAN_POINT ( 'NONE',  ( 25.29420947769845540, 21.54654182976252130, -0.007217609220872256079 ) ) ;
#2570 = CARTESIAN_POINT ( 'NONE',  ( 26.31453298468174395, 24.13626197229209680, -0.6793702127101980404 ) ) ;
#2571 = LINE ( 'NONE', #2703, #44 ) ;
#2572 = AXIS2_PLACEMENT_3D ( 'NONE', #107, #5153, #3394 ) ;
#2573 = ORIENTED_EDGE ( 'NONE', *, *, #5078, .F. ) ;
#2574 = AXIS2_PLACEMENT_3D ( 'NONE', #4865, #270, #4476 ) ;
#2575 = DIRECTION ( 'NONE',  ( -1.000000000000000000, 1.575895479354882178E-16, 3.491481338843133355E-15 ) ) ;
#2576 = VERTEX_POINT ( 'NONE', #2163 ) ;
#2577 = VECTOR ( 'NONE', #265, 1000.000000000000000 ) ;
#2578 = FACE_OUTER_BOUND ( 'NONE', #4427, .T. ) ;
#2579 = DIRECTION ( 'NONE',  ( 0.000000000000000000, 0.000000000000000000, 1.000000000000000000 ) ) ;
#2580 = DIRECTION ( 'NONE',  ( 0.000000000000000000, 0.000000000000000000, -1.000000000000000000 ) ) ;
#2581 = CARTESIAN_POINT ( 'NONE',  ( 25.65971385160078455, -21.99160169879357696, -0.03635129369627494722 ) ) ;
#2582 = CARTESIAN_POINT ( 'NONE',  ( 25.99999999999985434, -26.49999999999998934, -48.50221285621784517 ) ) ;
#2583 = CARTESIAN_POINT ( 'NONE',  ( 30.49999999999995026, -9.887799490563492369E-15, -31.50221285621784872 ) ) ;
#2584 = CARTESIAN_POINT ( 'NONE',  ( 25.31738960737214228, 21.84640472538749378, -5.051704716550585950 ) ) ;
#2585 = VERTEX_POINT ( 'NONE', #2138 ) ;
#2586 = EDGE_CURVE ( 'NONE', #1936, #3134, #4191, .T. ) ;
#2587 = CARTESIAN_POINT ( 'NONE',  ( 25.08503243831845353, -22.46334532871313527, -4.585359529695170799 ) ) ;
#2588 = CARTESIAN_POINT ( 'NONE',  ( 26.59538033256142597, 25.77340820583791725, -0.7602699979111763318 ) ) ;
#2589 = CARTESIAN_POINT ( 'NONE',  ( 25.57740140636080284, 24.69781624925755636, -5.183539559667997842 ) ) ;
#2590 = CARTESIAN_POINT ( 'NONE',  ( 30.99999999999986855, -22.38817675479887725, -44.47154413826857677 ) ) ;
#2591 = CARTESIAN_POINT ( 'NONE',  ( 10.14134295108992490, -6.749999999999999112, -1.899999999999999689 ) ) ;
#2592 = CARTESIAN_POINT ( 'NONE',  ( 25.12190253151434405, 20.46330210129089977, -5.000000000000001776 ) ) ;
#2593 = EDGE_LOOP ( 'NONE', ( #1151, #1109, #393, #1721 ) ) ;
#2594 = EDGE_LOOP ( 'NONE', ( #292, #5049, #2237, #3560, #4377 ) ) ;
#2595 = EDGE_CURVE ( 'NONE', #4873, #3894, #4134, .T. ) ;
#2596 = CARTESIAN_POINT ( 'NONE',  ( 18.06274606680623052, -17.49999999999999645, 0.000000000000000000 ) ) ;
#2597 = ORIENTED_EDGE ( 'NONE', *, *, #989, .F. ) ;
#2598 = ADVANCED_FACE ( 'NONE', ( #3858, #3383 ), #4219, .F. ) ;
#2599 = CYLINDRICAL_SURFACE ( 'NONE', #2481, 1.999999999999989564 ) ;
#2600 = CARTESIAN_POINT ( 'NONE',  ( 26.48441507970225572, 24.67926735482393497, -0.7265950436163149950 ) ) ;
#2601 = VERTEX_POINT ( 'NONE', #877 ) ;
#2602 = CARTESIAN_POINT ( 'NONE',  ( 25.40705805563484887, 26.54780586929525299, -4.645613829831124697 ) ) ;
#2603 = VERTEX_POINT ( 'NONE', #353 ) ;
#2604 = PRODUCT_DEFINITION_CONTEXT ( 'detailed design', #3500, 'design' ) ;
#2605 = AXIS2_PLACEMENT_3D ( 'NONE', #4454, #638, #668 ) ;
#2606 = FACE_OUTER_BOUND ( 'NONE', #65, .T. ) ;
#2607 = EDGE_CURVE ( 'NONE', #4356, #2213, #762, .T. ) ;
#2608 = CARTESIAN_POINT ( 'NONE',  ( 14.69134295108992383, -6.749999999999999112, -1.899999999999999689 ) ) ;
#2609 = CARTESIAN_POINT ( 'NONE',  ( 30.49999999999982236, -12.30845354218735821, -56.50221285621785938 ) ) ;
#2610 = CARTESIAN_POINT ( 'NONE',  ( 26.74268473800204404, -23.58171861856640561, -0.2585828890598735885 ) ) ;
#2611 = DIRECTION ( 'NONE',  ( -1.508455196501571429E-16, -1.000000000000000000, 0.000000000000000000 ) ) ;
#2612 = DIRECTION ( 'NONE',  ( -0.000000000000000000, -0.000000000000000000, -1.000000000000000000 ) ) ;
#2613 = CARTESIAN_POINT ( 'NONE',  ( 25.39320592971786894, 24.87787017990350336, -4.641369163498280770 ) ) ;
#2614 = ORIENTED_EDGE ( 'NONE', *, *, #129, .T. ) ;
#2615 = CARTESIAN_POINT ( 'NONE',  ( 25.02853219129163875, -22.16315094456033208, -4.582934159559757248 ) ) ;
#2616 = CARTESIAN_POINT ( 'NONE',  ( 27.07025149562562305, 24.34047912680013681, -0.3684757033481609323 ) ) ;
#2617 = CARTESIAN_POINT ( 'NONE',  ( -8.691342951089925606, -6.749999999999997335, -1.899999999999999689 ) ) ;
#2618 = DIRECTION ( 'NONE',  ( 1.000000000000000000, -0.000000000000000000, -3.491481338843133355E-15 ) ) ;
#2619 = CYLINDRICAL_SURFACE ( 'NONE', #350, 1.549999999999995826 ) ;
#2620 = EDGE_CURVE ( 'NONE', #1206, #2232, #1724, .T. ) ;
#2621 = LINE ( 'NONE', #560, #4265 ) ;
#2622 = ORIENTED_EDGE ( 'NONE', *, *, #452, .F. ) ;
#2623 = CONICAL_SURFACE ( 'NONE', #3425, 0.5000000000000004441, 0.7853981633974428389 ) ;
#2624 = DIRECTION ( 'NONE',  ( -3.469446951953619316E-15, 0.000000000000000000, -1.000000000000000000 ) ) ;
#2625 = EDGE_CURVE ( 'NONE', #3618, #54, #2270, .T. ) ;
#2626 = EDGE_LOOP ( 'NONE', ( #1798, #3826, #1144, #4338 ) ) ;
#2627 = CYLINDRICAL_SURFACE ( 'NONE', #3015, 1.549999999999999378 ) ;
#2628 = AXIS2_PLACEMENT_3D ( 'NONE', #3354, #1246, #4643 ) ;
#2629 = ORIENTED_EDGE ( 'NONE', *, *, #1084, .T. ) ;
#2630 = FACE_OUTER_BOUND ( 'NONE', #1847, .T. ) ;
#2631 = CIRCLE ( 'NONE', #2717, 2.999999999999995559 ) ;
#2632 = CARTESIAN_POINT ( 'NONE',  ( 25.86290130067591519, 27.00000000000000355, -4.773052020136214324 ) ) ;
#2633 = CARTESIAN_POINT ( 'NONE',  ( 25.00000000000000355, 27.00000000000000355, -6.000000000000000000 ) ) ;
#2634 = CARTESIAN_POINT ( 'NONE',  ( 25.00000000000000711, 22.01571739626976409, -0.5142843100067235884 ) ) ;
#2635 = CARTESIAN_POINT ( 'NONE',  ( 27.02143198589252293, -24.19265774209040387, -0.3507244672389984719 ) ) ;
#2636 = DIRECTION ( 'NONE',  ( -1.358192966683924326E-16, -0.7071067811865487940, -0.7071067811865463515 ) ) ;
#2637 = CARTESIAN_POINT ( 'NONE',  ( 25.25295730483646750, 21.36631862564772888, -5.032427818626312721 ) ) ;
#2638 = EDGE_LOOP ( 'NONE', ( #5074, #2078, #1429, #1876 ) ) ;
#2639 = EDGE_CURVE ( 'NONE', #3828, #4263, #46, .T. ) ;
#2640 = CARTESIAN_POINT ( 'NONE',  ( 24.94621310970702410, -21.73999473037689256, -4.583557389044106145 ) ) ;
#2641 = CARTESIAN_POINT ( 'NONE',  ( 27.05995441854842554, 24.30753406831631835, -0.3647009260544429310 ) ) ;
#2642 = CYLINDRICAL_SURFACE ( 'NONE', #1420, 9.000000000000000000 ) ;
#2643 = CARTESIAN_POINT ( 'NONE',  ( 25.00000000000000000, -22.01571739626974988, -0.5144917509837982905 ) ) ;
#2644 = CYLINDRICAL_SURFACE ( 'NONE', #1334, 1.549999999999994049 ) ;
#2645 = CARTESIAN_POINT ( 'NONE',  ( 30.99999999999995737, -22.38817675479887725, -18.53288157416713133 ) ) ;
#2646 = ORIENTED_EDGE ( 'NONE', *, *, #4815, .T. ) ;
#2647 = CARTESIAN_POINT ( 'NONE',  ( 25.00000000000000711, 54.50895030615006931, -6.000000000000000000 ) ) ;
#2648 = EDGE_LOOP ( 'NONE', ( #1483, #5104, #724, #3390 ) ) ;
#2649 = ORIENTED_EDGE ( 'NONE', *, *, #4826, .F. ) ;
#2650 = CIRCLE ( 'NONE', #1948, 9.000000000000000000 ) ;
#2651 = CARTESIAN_POINT ( 'NONE',  ( 25.49746744719526248, -21.79017653505077945, -0.02061686201484578401 ) ) ;
#2652 = ORIENTED_EDGE ( 'NONE', *, *, #17, .T. ) ;
#2653 = CARTESIAN_POINT ( 'NONE',  ( 26.49999999999991118, -9.579599144322861379E-15, -54.00221285621783807 ) ) ;
#2654 = VECTOR ( 'NONE', #3962, 1000.000000000000000 ) ;
#2655 = FACE_BOUND ( 'NONE', #451, .T. ) ;
#2656 = AXIS2_PLACEMENT_3D ( 'NONE', #33, #2672, #4371 ) ;
#2657 = CARTESIAN_POINT ( 'NONE',  ( 27.00425912065075096, -27.00000000000000355, -0.8781892481966678821 ) ) ;
#2658 = AXIS2_PLACEMENT_3D ( 'NONE', #2048, #1447, #3061 ) ;
#2659 = DIRECTION ( 'NONE',  ( -4.476705744456299021E-15, 0.000000000000000000, -1.000000000000000000 ) ) ;
#2660 = CARTESIAN_POINT ( 'NONE',  ( 30.99999999999997513, 22.38817675479885949, -15.53288157416712778 ) ) ;
#2661 = CARTESIAN_POINT ( 'NONE',  ( 25.41099986861441451, 25.60153055201284999, -4.646819043014762229 ) ) ;
#2662 = ORIENTED_EDGE ( 'NONE', *, *, #1938, .F. ) ;
#2663 = VECTOR ( 'NONE', #2374, 1000.000000000000000 ) ;
#2664 = EDGE_CURVE ( 'NONE', #1824, #5199, #1835, .T. ) ;
#2665 = CARTESIAN_POINT ( 'NONE',  ( 11.69134295108992383, -6.749999999999999112, 0.000000000000000000 ) ) ;
#2666 = CARTESIAN_POINT ( 'NONE',  ( 25.46084398480350330, 21.74485549314378474, -0.01771349072558284915 ) ) ;
#2667 = CARTESIAN_POINT ( 'NONE',  ( 25.54772470064101952, -24.08053266281408611, -5.163303640064460964 ) ) ;
#2668 = DIRECTION ( 'NONE',  ( -3.469446951953611033E-15, 0.000000000000000000, -1.000000000000000000 ) ) ;
#2669 = LINE ( 'NONE', #3580, #5332 ) ;
#2670 = EDGE_CURVE ( 'NONE', #671, #1428, #5027, .T. ) ;
#2671 = AXIS2_PLACEMENT_3D ( 'NONE', #2380, #1307, #4696 ) ;
#2672 = DIRECTION ( 'NONE',  ( 1.000000000000000000, -0.000000000000000000, -3.491481338843133355E-15 ) ) ;
#2673 = ORIENTED_EDGE ( 'NONE', *, *, #3076, .F. ) ;
#2674 = B_SPLINE_SURFACE_WITH_KNOTS ( 'NONE', 1, 3, ( 
 ( #2955, #3478, #4736, #5070 ),
 ( #446, #2227, #5099, #1735 ) ),
 .UNSPECIFIED., .F., .F., .F.,
 ( 2, 2 ),
 ( 4, 4 ),
 ( 0.000000000000000000, 1.000000000000000000 ),
 ( 0.005926560910455461011, 0.01040153101974386311 ),
 .UNSPECIFIED. ) ;
#2675 = FACE_OUTER_BOUND ( 'NONE', #3040, .T. ) ;
#2676 = EDGE_CURVE ( 'NONE', #4852, #858, #4128, .T. ) ;
#2677 = CARTESIAN_POINT ( 'NONE',  ( 25.49751758074749475, 21.78884083526128279, -0.02064954360298292685 ) ) ;
#2678 = ORIENTED_EDGE ( 'NONE', *, *, #4661, .F. ) ;
#2679 = ORIENTED_EDGE ( 'NONE', *, *, #2690, .F. ) ;
#2680 = DIRECTION ( 'NONE',  ( -1.000000000000000000, 0.000000000000000000, 0.000000000000000000 ) ) ;
#2681 = ORIENTED_EDGE ( 'NONE', *, *, #4041, .T. ) ;
#2682 = EDGE_CURVE ( 'NONE', #218, #4832, #1209, .T. ) ;
#2683 = B_SPLINE_CURVE_WITH_KNOTS ( 'NONE', 3,
 ( #1001, #1767, #2254, #4787 ),
 .UNSPECIFIED., .F., .F.,
 ( 4, 4 ),
 ( 0.000000000000000000, 1.000000000000000000 ),
 .UNSPECIFIED. ) ;
#2684 = CARTESIAN_POINT ( 'NONE',  ( 30.99999999999983302, 15.96933128205093766, -55.44038961101655616 ) ) ;
#2685 = ADVANCED_FACE ( 'NONE', ( #2970, #1304 ), #2996, .F. ) ;
#2686 = FACE_OUTER_BOUND ( 'NONE', #104, .T. ) ;
#2687 = FACE_OUTER_BOUND ( 'NONE', #3309, .T. ) ;
#2688 = CARTESIAN_POINT ( 'NONE',  ( 25.18457609627119353, -23.03175039332082719, -4.595441170144270338 ) ) ;
#2689 = CARTESIAN_POINT ( 'NONE',  ( 24.98852926981767197, 21.93401170434491476, -5.000000000000000000 ) ) ;
#2690 = EDGE_CURVE ( 'NONE', #3151, #2049, #1568, .T. ) ;
#2691 = AXIS2_PLACEMENT_3D ( 'NONE', #1841, #1892, #108 ) ;
#2692 = ORIENTED_EDGE ( 'NONE', *, *, #2694, .T. ) ;
#2693 = EDGE_CURVE ( 'NONE', #2309, #279, #462, .T. ) ;
#2694 = EDGE_CURVE ( 'NONE', #865, #3708, #5206, .T. ) ;
#2695 = DIRECTION ( 'NONE',  ( 0.000000000000000000, 0.000000000000000000, -1.000000000000000000 ) ) ;
#2696 = CARTESIAN_POINT ( 'NONE',  ( 27.03003052257545491, 24.21768560490249200, -0.3538527870244949636 ) ) ;
#2697 = CARTESIAN_POINT ( 'NONE',  ( 25.53853806396335102, -23.94855622140995877, -5.157387568368980268 ) ) ;
#2698 = DIRECTION ( 'NONE',  ( -1.000000000000000000, 1.541001731203022325E-16, -0.000000000000000000 ) ) ;
#2699 = DIRECTION ( 'NONE',  ( 1.000000000000000000, -0.000000000000000000, -3.491481338843133355E-15 ) ) ;
#2700 = DIRECTION ( 'NONE',  ( 1.000000000000000000, -1.575895479354882178E-16, -3.491481338843133355E-15 ) ) ;
#2701 = FACE_OUTER_BOUND ( 'NONE', #2238, .T. ) ;
#2702 = DIRECTION ( 'NONE',  ( 1.000000000000000000, -0.000000000000000000, -3.491481338843133355E-15 ) ) ;
#2703 = CARTESIAN_POINT ( 'NONE',  ( -18.00000000000019185, -2.413941094228719388E-15, -54.00221285621768885 ) ) ;
#2704 = VERTEX_POINT ( 'NONE', #2242 ) ;
#2705 = ORIENTED_EDGE ( 'NONE', *, *, #5261, .F. ) ;
#2706 = ADVANCED_FACE ( 'NONE', ( #1014 ), #3467, .F. ) ;
#2707 = VERTEX_POINT ( 'NONE', #3887 ) ;
#2708 = PRODUCT_DEFINITION_FORMATION_WITH_SPECIFIED_SOURCE ( '浠', '', #2233, .NOT_KNOWN. ) ;
#2709 = DIRECTION ( 'NONE',  ( 0.7071067811865474617, 0.000000000000000000, -0.7071067811865474617 ) ) ;
#2710 = VERTEX_POINT ( 'NONE', #3077 ) ;
#2711 = CARTESIAN_POINT ( 'NONE',  ( 26.60854253480099629, -27.00000000000000355, -2.188985430189179571 ) ) ;
#2712 = AXIS2_PLACEMENT_3D ( 'NONE', #801, #18, #380 ) ;
#2713 = DIRECTION ( 'NONE',  ( -0.000000000000000000, -0.000000000000000000, 1.000000000000000000 ) ) ;
#2714 = CARTESIAN_POINT ( 'NONE',  ( 26.44290040862292557, -24.50654706949581652, -0.7143446307882705959 ) ) ;
#2715 = CARTESIAN_POINT ( 'NONE',  ( 25.04959339096825133, -22.27348238812362879, -4.583551092014267248 ) ) ;
#2716 = DIRECTION ( 'NONE',  ( -1.000000000000000000, 0.000000000000000000, 3.491481338843133355E-15 ) ) ;
#2717 = AXIS2_PLACEMENT_3D ( 'NONE', #3903, #866, #2624 ) ;
#2718 = ORIENTED_EDGE ( 'NONE', *, *, #3724, .T. ) ;
#2719 = DIRECTION ( 'NONE',  ( 0.000000000000000000, 0.000000000000000000, 1.000000000000000000 ) ) ;
#2720 = CARTESIAN_POINT ( 'NONE',  ( 25.50599361116015018, 21.79904904694175016, -0.02136321439411826423 ) ) ;
#2721 = CARTESIAN_POINT ( 'NONE',  ( 25.58927883733195330, -25.15046012259547226, -5.192059664087284254 ) ) ;
#2722 = CARTESIAN_POINT ( 'NONE',  ( 0.000000000000000000, -12.15000000000000036, 0.000000000000000000 ) ) ;
#2723 = CARTESIAN_POINT ( 'NONE',  ( 25.21833428047952808, 23.22709588852133678, -4.600519391942809122 ) ) ;
#2724 = CARTESIAN_POINT ( 'NONE',  ( 0.000000000000000000, 0.000000000000000000, -56.50221285621785938 ) ) ;
#2725 = CARTESIAN_POINT ( 'NONE',  ( 25.16514924558322974, 20.71687989638122218, -5.013489236905871671 ) ) ;
#2726 = VERTEX_POINT ( 'NONE', #4750 ) ;
#2727 = DIRECTION ( 'NONE',  ( 1.000000000000000000, -0.000000000000000000, -3.491481338843133355E-15 ) ) ;
#2728 = CARTESIAN_POINT ( 'NONE',  ( 26.49999999999985789, 27.00000000000001066, -48.50221285621783807 ) ) ;
#2729 = ORIENTED_EDGE ( 'NONE', *, *, #1352, .T. ) ;
#2730 = ORIENTED_EDGE ( 'NONE', *, *, #5084, .T. ) ;
#2731 = ORIENTED_EDGE ( 'NONE', *, *, #2664, .T. ) ;
#2732 = ADVANCED_FACE ( 'NONE', ( #71 ), #5470, .T. ) ;
#2733 = CARTESIAN_POINT ( 'NONE',  ( 18.06274606680622696, 17.50000000000000000, -5.000000000000000000 ) ) ;
#2734 = ADVANCED_FACE ( 'NONE', ( #2686 ), #1297, .F. ) ;
#2735 = ORIENTED_EDGE ( 'NONE', *, *, #4129, .T. ) ;
#2736 = DIRECTION ( 'NONE',  ( -0.000000000000000000, -0.000000000000000000, -1.000000000000000000 ) ) ;
#2737 = AXIS2_PLACEMENT_3D ( 'NONE', #2009, #3698, #3278 ) ;
#2738 = CARTESIAN_POINT ( 'NONE',  ( 25.99999999999991118, -23.00000000000001421, -31.50221285621783451 ) ) ;
#2739 = CARTESIAN_POINT ( 'NONE',  ( 26.59532421564689031, -26.26571044388752085, -0.7602138305886203540 ) ) ;
#2740 = CARTESIAN_POINT ( 'NONE',  ( 25.09902540840487717, -22.54035912571004019, -4.586406304461917216 ) ) ;
#2741 = CARTESIAN_POINT ( 'NONE',  ( 26.17143615363094256, 23.61184468581280882, -0.1139636637832110444 ) ) ;
#2742 = ORIENTED_EDGE ( 'NONE', *, *, #542, .T. ) ;
#2743 = AXIS2_PLACEMENT_3D ( 'NONE', #1937, #2792, #1180 ) ;
#2744 = AXIS2_PLACEMENT_3D ( 'NONE', #4933, #1906, #646 ) ;
#2745 = CARTESIAN_POINT ( 'NONE',  ( 27.00425912065075096, -27.00000000000000355, -0.8781892481966678821 ) ) ;
#2746 = DIRECTION ( 'NONE',  ( -0.000000000000000000, -0.000000000000000000, 1.000000000000000000 ) ) ;
#2747 = CARTESIAN_POINT ( 'NONE',  ( 25.33386954844393557, -21.97170875612707519, -5.057380496609031439 ) ) ;
#2748 = CYLINDRICAL_SURFACE ( 'NONE', #4019, 1.999999999999988676 ) ;
#2749 = DIRECTION ( 'NONE',  ( -1.000000000000000000, 0.000000000000000000, 1.387778780781425165E-14 ) ) ;
#2750 = PLANE ( 'NONE',  #4528 ) ;
#2751 = EDGE_CURVE ( 'NONE', #5245, #5042, #3071, .T. ) ;
#2752 = CIRCLE ( 'NONE', #174, 7.500000000000000000 ) ;
#2753 = CARTESIAN_POINT ( 'NONE',  ( 25.56291475986172301, 24.34204012768957881, -5.173484049695703746 ) ) ;
#2754 = ORIENTED_EDGE ( 'NONE', *, *, #735, .T. ) ;
#2755 = CARTESIAN_POINT ( 'NONE',  ( 27.26678676026596193, -25.70046018215099792, -0.4446711922450608534 ) ) ;
#2756 = AXIS2_PLACEMENT_3D ( 'NONE', #5089, #5058, #73 ) ;
#2757 = CYLINDRICAL_SURFACE ( 'NONE', #2605, 1.549999999999994049 ) ;
#2758 = DIRECTION ( 'NONE',  ( -3.469446951953617344E-15, 0.000000000000000000, -1.000000000000000000 ) ) ;
#2759 = ORIENTED_EDGE ( 'NONE', *, *, #4373, .T. ) ;
#2760 = VERTEX_POINT ( 'NONE', #176 ) ;
#2761 = ADVANCED_FACE ( 'NONE', ( #4801 ), #3025, .F. ) ;
#2762 = ORIENTED_EDGE ( 'NONE', *, *, #689, .F. ) ;
#2763 = FACE_OUTER_BOUND ( 'NONE', #2594, .T. ) ;
#2764 = B_SPLINE_SURFACE_WITH_KNOTS ( 'NONE', 1, 3, ( 
 ( #4031, #753, #1988, #5372, #4507, #692, #2809, #667, #2837, #4145, #2362, #3224, #1563, #2446, #1140, #4118, #3253, #4539, #726, #333, #1929, #2416, #305, #2014, #3703, #5399, #2041, #1622, #3312, #220, #4925, #3612, #5318, #3200, #4898, #4060, #244, #1958, #3642, #1256, #2923, #1199, #3421, #417, #2896, #5122, #861, #4599, #3364, #4628, #2172, #1650, #1675, #2557, #4680, #781, #2117, #3784, #812, #2089, #5069, #3005, #3868, #365, #2504, #2473, #5485, #2954, #5098, #3339, #4259, #445, #3393, #4202, #3809, #5011, #4176, #2066, #2147, #3758, #5455, #2, #56, #5038, #1762, #1228, #1284, #2588, #391, #4653, #835, #4705, #2979, #3840 ),
 ( #1734, #28, #2531, #1314, #4230, #1707, #892, #4285, #473, #3999, #184, #155, #3450, #5201, #5152, #1392, #3922, #1343, #527, #1416, #1791, #2666, #4367, #3035, #2720, #5255, #106, #3058, #131, #970, #555, #4340, #4313, #4835, #1814, #2250, #4416, #1367, #3501, #997, #4783, #1839, #3524, #945, #1443, #3114, #919, #1021, #3085, #601, #4760, #3136, #504, #3896, #4735, #1864, #4808, #2696, #82, #2299, #3477, #5179, #4389, #2641, #3947, #5226, #2616, #2226, #578, #2201, #2274, #3970, #3551, #4943, #4136, #5365, #4888, #1890, #1047, #1131, #2799, #2436, #1979, #211, #4499, #683, #1497, #1526, #1102, #1075, #4974, #4050, #1554, #4082 ) ),
 .UNSPECIFIED., .F., .F., .F.,
 ( 2, 2 ),
 ( 4, 2, 2, 2, 2, 2, 2, 2, 2, 2, 2, 2, 2, 2, 2, 2, 2, 2, 2, 2, 2, 2, 2, 2, 2, 2, 2, 2, 2, 2, 2, 2, 2, 2, 2, 2, 2, 2, 2, 2, 2, 2, 2, 2, 2, 2, 4 ),
 ( 0.000000000000000000, 1.000000000000000000 ),
 ( 0.008106211111460140048, 0.008514824466009981302, 0.008719131143284901062, 0.008923437820559820821, 0.008974514489878550327, 0.009000052824537915080, 0.009025591159197281568, 0.009038360326526963945, 0.009051129493856648056, 0.009063898661186330433, 0.009076667828516012809, 0.009127744497834742315, 0.009178821167153471822, 0.009229897836472201328, 0.009332051175109662075, 0.009536357852384581835, 0.009740664529659503329, 0.01014927788420934458, 0.01035358456148426434, 0.01055789123875918584, 0.01076219791603410560, 0.01096650459330902536, 0.01137511794785886661, 0.01157942462513378637, 0.01178373130240870786, 0.01188588464104616688, 0.01193696131036489638, 0.01196249964502426114, 0.01197526881235394525, 0.01198803797968362762, 0.01203911464900235886, 0.01206465298366172362, 0.01209019131832108837, 0.01211572965298045312, 0.01212849882031013550, 0.01214126798763981788, 0.01216680632229918263, 0.01219234465695854738, 0.01224342132627727689, 0.01229449799559600813, 0.01239665133423346888, 0.01260095801150838864, 0.01300957136605822989, 0.01341818472060807114, 0.01382679807515791240, 0.01423541142970775192, 0.01464402478425759317 ),
 .UNSPECIFIED. ) ;
#2765 = ORIENTED_EDGE ( 'NONE', *, *, #4544, .T. ) ;
#2766 = DIRECTION ( 'NONE',  ( -0.000000000000000000, -0.000000000000000000, -1.000000000000000000 ) ) ;
#2767 = ADVANCED_FACE ( 'NONE', ( #961 ), #3492, .T. ) ;
#2768 = LINE ( 'NONE', #5359, #850 ) ;
#2769 = CARTESIAN_POINT ( 'NONE',  ( 26.40898637839200447, -24.39559383536633419, -0.7046333612203168340 ) ) ;
#2770 = FACE_BOUND ( 'NONE', #952, .T. ) ;
#2771 = CARTESIAN_POINT ( 'NONE',  ( 25.29288364485136853, 25.08691591021499079, -5.043345523804114272 ) ) ;
#2772 = EDGE_CURVE ( 'NONE', #4666, #1120, #4382, .T. ) ;
#2773 = CARTESIAN_POINT ( 'NONE',  ( 24.95708141963369897, -21.86812723339654951, -0.4623385637642528634 ) ) ;
#2774 = CARTESIAN_POINT ( 'NONE',  ( 18.06274606680621986, 17.50000000000000000, 0.000000000000000000 ) ) ;
#2775 = CARTESIAN_POINT ( 'NONE',  ( 25.53139134576024105, -23.85174009902090475, -5.152873089607262536 ) ) ;
#2776 = CARTESIAN_POINT ( 'NONE',  ( 25.36162398111538963, 24.36988358359765883, -4.632096308917515337 ) ) ;
#2777 = CARTESIAN_POINT ( 'NONE',  ( 30.49999999999999645, -27.00000000000000355, -6.000000000000017764 ) ) ;
#2778 =( GEOMETRIC_REPRESENTATION_CONTEXT ( 3 ) GLOBAL_UNCERTAINTY_ASSIGNED_CONTEXT ( ( #771 ) ) GLOBAL_UNIT_ASSIGNED_CONTEXT ( ( #3305, #5420, #1191 ) ) REPRESENTATION_CONTEXT ( 'NONE', 'WORKASPACE' ) );
#2779 = CARTESIAN_POINT ( 'NONE',  ( 18.06274606680622696, 25.99999999999999645, -0.5000000000000022204 ) ) ;
#2780 = ORIENTED_EDGE ( 'NONE', *, *, #3263, .F. ) ;
#2781 = AXIS2_PLACEMENT_3D ( 'NONE', #157, #2698, #604 ) ;
#2782 = CARTESIAN_POINT ( 'NONE',  ( 25.35907009967572634, -22.17016099076359481, -5.066673881445677985 ) ) ;
#2783 = CARTESIAN_POINT ( 'NONE',  ( 27.26833362910492653, -26.01477469894650696, -0.4453026505294654380 ) ) ;
#2784 = CARTESIAN_POINT ( 'NONE',  ( 26.49999999999983302, 19.00000000000000711, -56.50221285621783807 ) ) ;
#2785 = CARTESIAN_POINT ( 'NONE',  ( 24.98498032296314619, -21.93877553419688908, -4.582520920033083200 ) ) ;
#2786 = CYLINDRICAL_SURFACE ( 'NONE', #750, 1.999999999999989564 ) ;
#2787 = ORIENTED_EDGE ( 'NONE', *, *, #2462, .F. ) ;
#2788 = ORIENTED_EDGE ( 'NONE', *, *, #1267, .F. ) ;
#2789 = ADVANCED_FACE ( 'NONE', ( #4331 ), #3963, .F. ) ;
#2790 = LINE ( 'NONE', #591, #1962 ) ;
#2791 = ORIENTED_EDGE ( 'NONE', *, *, #3852, .F. ) ;
#2792 = DIRECTION ( 'NONE',  ( 0.000000000000000000, 0.000000000000000000, 1.000000000000000000 ) ) ;
#2793 = CARTESIAN_POINT ( 'NONE',  ( 27.89999999999999503, -15.96933128205095187, -9.114036101419131342 ) ) ;
#2794 = CARTESIAN_POINT ( 'NONE',  ( 26.24275800091998434, -23.97668728137131566, -0.6612983376783116984 ) ) ;
#2795 = CIRCLE ( 'NONE', #398, 1.999999999999988232 ) ;
#2796 = CARTESIAN_POINT ( 'NONE',  ( 25.99999999999985434, -18.99999999999998934, -48.50221285621784517 ) ) ;
#2797 = CARTESIAN_POINT ( 'NONE',  ( 26.50629056208105538, 24.29674733802731978, -0.1921256771254775952 ) ) ;
#2798 = CARTESIAN_POINT ( 'NONE',  ( 30.99999999999996447, 22.38817675479885949, -18.53288157416712423 ) ) ;
#2799 = CARTESIAN_POINT ( 'NONE',  ( 27.13627042122540090, 24.58923270585273002, -0.3931819583979058175 ) ) ;
#2800 = DIRECTION ( 'NONE',  ( -0.7071067811865497932, 2.228652759786128401E-16, -0.7071067811865452413 ) ) ;
#2801 = DIRECTION ( 'NONE',  ( 1.000000000000000000, -0.000000000000000000, -3.491481338843133355E-15 ) ) ;
#2802 = DIRECTION ( 'NONE',  ( 0.000000000000000000, 0.000000000000000000, 1.000000000000000000 ) ) ;
#2803 = DIRECTION ( 'NONE',  ( 0.7071067811865474617, 0.7071067811865474617, 0.000000000000000000 ) ) ;
#2804 = AXIS2_PLACEMENT_3D ( 'NONE', #3989, #3939, #1831 ) ;
#2805 = EDGE_CURVE ( 'NONE', #1128, #1034, #909, .T. ) ;
#2806 = CARTESIAN_POINT ( 'NONE',  ( 25.57983151749913020, 24.77358220601638550, -5.185257128565675444 ) ) ;
#2807 = EDGE_LOOP ( 'NONE', ( #2260, #2093, #4009, #4376 ) ) ;
#2808 = FACE_OUTER_BOUND ( 'NONE', #4264, .T. ) ;
#2809 = CARTESIAN_POINT ( 'NONE',  ( 24.88059014940660774, 21.86063086698074187, -0.5154280277779615949 ) ) ;
#2810 = CARTESIAN_POINT ( 'NONE',  ( 26.50315739544447879, -24.75480928698047478, -0.7320421888601257310 ) ) ;
#2811 = CARTESIAN_POINT ( 'NONE',  ( 30.99999999999996803, -22.38817675479887725, -15.53288157416713311 ) ) ;
#2812 = CARTESIAN_POINT ( 'NONE',  ( -11.69134295108992383, -6.749999999999997335, 0.000000000000000000 ) ) ;
#2813 = EDGE_LOOP ( 'NONE', ( #3024, #2433, #614, #4320 ) ) ;
#2814 = ORIENTED_EDGE ( 'NONE', *, *, #4859, .T. ) ;
#2815 = CARTESIAN_POINT ( 'NONE',  ( 30.99999999999985434, 22.38817675479886660, -50.47154413826856256 ) ) ;
#2816 = ORIENTED_EDGE ( 'NONE', *, *, #456, .F. ) ;
#2817 = CARTESIAN_POINT ( 'NONE',  ( 25.21317559345166615, 21.25532363010444925, -5.000000000000000000 ) ) ;
#2818 = DIRECTION ( 'NONE',  ( -0.000000000000000000, -0.000000000000000000, 1.000000000000000000 ) ) ;
#2819 = DIRECTION ( 'NONE',  ( -3.469446951953619316E-15, 0.000000000000000000, -1.000000000000000000 ) ) ;
#2820 = CARTESIAN_POINT ( 'NONE',  ( 25.40889658350240055, -25.36528919951723182, -4.646153994583786861 ) ) ;
#2821 = CARTESIAN_POINT ( 'NONE',  ( 26.69876054242836361, 23.48911860532783535, -0.2454354503061263737 ) ) ;
#2822 = EDGE_LOOP ( 'NONE', ( #2942, #1743, #3419, #1837 ) ) ;
#2823 = AXIS2_PLACEMENT_3D ( 'NONE', #1757, #1310, #4169 ) ;
#2824 = LINE ( 'NONE', #3717, #4042 ) ;
#2825 = DIRECTION ( 'NONE',  ( -1.000000000000000000, -1.920774913804158804E-16, 0.000000000000000000 ) ) ;
#2826 = AXIS2_PLACEMENT_3D ( 'NONE', #1306, #3748, #2494 ) ;
#2827 = PLANE ( 'NONE',  #3287 ) ;
#2828 = DIRECTION ( 'NONE',  ( -1.000000000000000000, 0.000000000000000000, 0.000000000000000000 ) ) ;
#2829 = DIRECTION ( 'NONE',  ( -4.476705744456293499E-15, 0.000000000000000000, -1.000000000000000000 ) ) ;
#2830 = DIRECTION ( 'NONE',  ( 1.000000000000000000, 0.000000000000000000, 0.000000000000000000 ) ) ;
#2831 = CARTESIAN_POINT ( 'NONE',  ( 25.37130794285494062, 24.49286972296401288, -4.634874160633966511 ) ) ;
#2832 = ORIENTED_EDGE ( 'NONE', *, *, #1801, .F. ) ;
#2833 = AXIS2_PLACEMENT_3D ( 'NONE', #1971, #3208, #1631 ) ;
#2834 = VECTOR ( 'NONE', #1317, 1000.000000000000000 ) ;
#2835 = CARTESIAN_POINT ( 'NONE',  ( 25.59377226793989379, -26.22988779725838526, -5.195365393430153134 ) ) ;
#2836 = ADVANCED_FACE ( 'NONE', ( #516 ), #2988, .F. ) ;
#2837 = CARTESIAN_POINT ( 'NONE',  ( 24.94307089232559704, 21.94179610804601310, -0.5145693112791531743 ) ) ;
#2838 = DIRECTION ( 'NONE',  ( 1.000000000000000000, 0.000000000000000000, -0.000000000000000000 ) ) ;
#2839 = CIRCLE ( 'NONE', #1153, 8.499999999999996447 ) ;
#2840 = AXIS2_PLACEMENT_3D ( 'NONE', #1000, #4343, #4839 ) ;
#2841 = CARTESIAN_POINT ( 'NONE',  ( 30.99999999999986144, 19.00000000000000711, -48.50221285621785938 ) ) ;
#2842 = CARTESIAN_POINT ( 'NONE',  ( 0.000000000000000000, 13.50000000000000000, -5.000000000000000000 ) ) ;
#2843 = ORIENTED_EDGE ( 'NONE', *, *, #3558, .F. ) ;
#2844 = AXIS2_PLACEMENT_3D ( 'NONE', #3299, #3323, #4996 ) ;
#2845 = EDGE_LOOP ( 'NONE', ( #3162, #2883, #1607, #2056, #2705 ) ) ;
#2846 = EDGE_CURVE ( 'NONE', #5024, #1877, #3874, .T. ) ;
#2847 = CARTESIAN_POINT ( 'NONE',  ( 24.93253166052834047, -21.90048223612971157, -0.5000000000000022204 ) ) ;
#2848 = EDGE_LOOP ( 'NONE', ( #1092, #5356, #749, #2958 ) ) ;
#2849 = FACE_BOUND ( 'NONE', #2114, .T. ) ;
#2850 = FACE_BOUND ( 'NONE', #1803, .T. ) ;
#2851 = CARTESIAN_POINT ( 'NONE',  ( 24.42372766881094748, -21.24858690505337222, -0.5449464599152892275 ) ) ;
#2852 = CARTESIAN_POINT ( 'NONE',  ( 25.33063165995837451, 22.45845411363328026, -0.5248797818549145733 ) ) ;
#2853 = CARTESIAN_POINT ( 'NONE',  ( 26.56393518385617014, 23.25533871595747115, -0.2074035431266721685 ) ) ;
#2854 = ORIENTED_EDGE ( 'NONE', *, *, #1524, .T. ) ;
#2855 = EDGE_CURVE ( 'NONE', #4005, #4512, #1382, .T. ) ;
#2856 = DIRECTION ( 'NONE',  ( -1.000000000000000000, -1.920774913804158804E-16, 0.000000000000000000 ) ) ;
#2857 = ADVANCED_FACE ( 'NONE', ( #2655, #2606 ), #4775, .F. ) ;
#2858 = CARTESIAN_POINT ( 'NONE',  ( -10.52220865598093269, 6.074999999999997513, -3.000000000000002665 ) ) ;
#2859 = CARTESIAN_POINT ( 'NONE',  ( 25.12694888119629866, -20.40249115063367213, -5.008073516269150538 ) ) ;
#2860 = PLANE ( 'NONE',  #2962 ) ;
#2861 = DIRECTION ( 'NONE',  ( -0.000000000000000000, -0.000000000000000000, 1.000000000000000000 ) ) ;
#2862 = DIRECTION ( 'NONE',  ( -3.491481338843133355E-15, 2.837512552792565600E-16, -1.000000000000000000 ) ) ;
#2863 = CARTESIAN_POINT ( 'NONE',  ( 24.67246742094592804, 20.32520281078686963, -4.620817619425745093 ) ) ;
#2864 = ORIENTED_EDGE ( 'NONE', *, *, #1641, .F. ) ;
#2865 = LINE ( 'NONE', #4200, #3012 ) ;
#2866 = DIRECTION ( 'NONE',  ( 1.000000000000000000, -0.000000000000000000, -3.491481338843133355E-15 ) ) ;
#2867 = CARTESIAN_POINT ( 'NONE',  ( 27.26792640370579690, -25.75627133640563926, -0.4451363467531422313 ) ) ;
#2868 = AXIS2_PLACEMENT_3D ( 'NONE', #656, #4559, #4109 ) ;
#2869 = CARTESIAN_POINT ( 'NONE',  ( 26.51826409405629548, -24.83114382730674663, -0.7365614927198469442 ) ) ;
#2870 = CARTESIAN_POINT ( 'NONE',  ( 0.000000000000000000, 18.00000000000000000, -0.5000000000000022204 ) ) ;
#2871 = VERTEX_POINT ( 'NONE', #3568 ) ;
#2872 = ORIENTED_EDGE ( 'NONE', *, *, #3517, .T. ) ;
#2873 = AXIS2_PLACEMENT_3D ( 'NONE', #1424, #191, #1900 ) ;
#2874 = ORIENTED_EDGE ( 'NONE', *, *, #2670, .F. ) ;
#2875 = CARTESIAN_POINT ( 'NONE',  ( 24.97793100115202236, -21.97729184730488328, -0.5092418849400500713 ) ) ;
#2876 = VERTEX_POINT ( 'NONE', #4725 ) ;
#2877 = LINE ( 'NONE', #2050, #4709 ) ;
#2878 = EDGE_CURVE ( 'NONE', #703, #1402, #492, .T. ) ;
#2879 = CIRCLE ( 'NONE', #1905, 3.499999999999996003 ) ;
#2880 = CARTESIAN_POINT ( 'NONE',  ( 26.03393205233290431, -22.47948711787580933, -0.08917912103876136920 ) ) ;
#2881 = CARTESIAN_POINT ( 'NONE',  ( 25.35042177182925016, -24.24954077357095628, -4.628960330591590733 ) ) ;
#2882 = CARTESIAN_POINT ( 'NONE',  ( 27.15181563382708418, 24.65842622859396016, -0.3991112136571859370 ) ) ;
#2883 = ORIENTED_EDGE ( 'NONE', *, *, #5216, .F. ) ;
#2884 = AXIS2_PLACEMENT_3D ( 'NONE', #4392, #4920, #214 ) ;
#2885 = CARTESIAN_POINT ( 'NONE',  ( 25.11586669199272492, -21.69498986339778668, -0.2368517374352228644 ) ) ;
#2886 = FACE_OUTER_BOUND ( 'NONE', #3957, .T. ) ;
#2887 = CARTESIAN_POINT ( 'NONE',  ( 26.49999999999982236, -26.99999999999998579, -56.50221285621784517 ) ) ;
#2888 = DIRECTION ( 'NONE',  ( -0.3706964917968000872, -0.5044361972756717938, 0.7798257714692459208 ) ) ;
#2889 = DIRECTION ( 'NONE',  ( 1.000000000000000000, 0.000000000000000000, 0.000000000000000000 ) ) ;
#2890 = DIRECTION ( 'NONE',  ( -4.476705744456268255E-15, 0.000000000000000000, -1.000000000000000000 ) ) ;
#2891 = AXIS2_PLACEMENT_3D ( 'NONE', #3080, #913, #2221 ) ;
#2892 = CARTESIAN_POINT ( 'NONE',  ( 25.34307576236921022, 24.16907905370727150, -4.627011677836692982 ) ) ;
#2893 = ORIENTED_EDGE ( 'NONE', *, *, #707, .F. ) ;
#2894 = EDGE_CURVE ( 'NONE', #190, #3063, #136, .T. ) ;
#2895 = CARTESIAN_POINT ( 'NONE',  ( 25.59379027450382438, -25.56874536218138516, -5.195377230046346995 ) ) ;
#2896 = CARTESIAN_POINT ( 'NONE',  ( 26.14790568296867335, 23.76645138267985402, -0.6392555710096730071 ) ) ;
#2897 = CIRCLE ( 'NONE', #585, 1.999999999999988010 ) ;
#2898 = CARTESIAN_POINT ( 'NONE',  ( 26.35429779347727575, -24.24185390087126990, -0.6896506207819379508 ) ) ;
#2899 = CARTESIAN_POINT ( 'NONE',  ( 27.89999999999983515, 15.96933128205093766, -55.44038961101654905 ) ) ;
#2900 = EDGE_LOOP ( 'NONE', ( #2478, #1599 ) ) ;
#2901 = CIRCLE ( 'NONE', #2360, 2.999999999999995559 ) ;
#2902 = ORIENTED_EDGE ( 'NONE', *, *, #3765, .F. ) ;
#2903 = CARTESIAN_POINT ( 'NONE',  ( 30.49999999999963762, -9.887799490563492369E-15, -54.00221285621785228 ) ) ;
#2904 = ORIENTED_EDGE ( 'NONE', *, *, #5177, .F. ) ;
#2905 = DIRECTION ( 'NONE',  ( 3.469446951953611033E-15, 0.000000000000000000, 1.000000000000000000 ) ) ;
#2906 = ADVANCED_FACE ( 'NONE', ( #259, #4465, #4209, #4015, #1123, #3623, #4964, #3209, #2850, #4072 ), #1490, .F. ) ;
#2907 = EDGE_CURVE ( 'NONE', #3315, #54, #2768, .T. ) ;
#2908 = CARTESIAN_POINT ( 'NONE',  ( 24.58637850331584573, -21.46675631250262128, -0.5295385104030282397 ) ) ;
#2909 = CARTESIAN_POINT ( 'NONE',  ( 26.58465310242824842, 25.46900471226639340, -0.7569397655907065259 ) ) ;
#2910 = CARTESIAN_POINT ( 'NONE',  ( 27.11256309666349651, 24.49137724485232326, -0.3842104283031165801 ) ) ;
#2911 = ORIENTED_EDGE ( 'NONE', *, *, #1801, .T. ) ;
#2912 = ORIENTED_EDGE ( 'NONE', *, *, #1122, .T. ) ;
#2913 = DIRECTION ( 'NONE',  ( -1.575895479354882178E-16, -1.000000000000000000, 0.000000000000000000 ) ) ;
#2914 = CARTESIAN_POINT ( 'NONE',  ( 30.99999999999984013, 15.96933128205093766, -53.89038961101655900 ) ) ;
#2915 = CARTESIAN_POINT ( 'NONE',  ( 26.18834298270373750, 26.53429053921906089, -2.047837832171165662 ) ) ;
#2916 = CARTESIAN_POINT ( 'NONE',  ( 25.39418183316069744, -21.66453605353522249, -0.01296160537906467652 ) ) ;
#2917 = CARTESIAN_POINT ( 'NONE',  ( 25.13019926213200961, -23.00877010794800270, -5.007520269758271247 ) ) ;
#2918 = DIRECTION ( 'NONE',  ( 0.000000000000000000, 0.000000000000000000, 1.000000000000000000 ) ) ;
#2919 = CARTESIAN_POINT ( 'NONE',  ( 24.98947199945899200, 21.96281877706885410, -4.582457932403798395 ) ) ;
#2920 = ORIENTED_EDGE ( 'NONE', *, *, #3241, .F. ) ;
#2921 = VECTOR ( 'NONE', #2612, 1000.000000000000000 ) ;
#2922 = CARTESIAN_POINT ( 'NONE',  ( 25.41359888742450579, -25.73650012337899184, -4.647618565296124160 ) ) ;
#2923 = CARTESIAN_POINT ( 'NONE',  ( 25.90195942041717103, 23.32083177033230825, -0.5912941179581165940 ) ) ;
#2924 = CARTESIAN_POINT ( 'NONE',  ( 26.38202331340841056, -24.31729579557624277, -0.6971623094242875851 ) ) ;
#2925 = EDGE_CURVE ( 'NONE', #3011, #3905, #4402, .T. ) ;
#2926 = VECTOR ( 'NONE', #5169, 1000.000000000000114 ) ;
#2927 = CARTESIAN_POINT ( 'NONE',  ( 27.89999999999982450, -12.30845354218735821, -56.50221285621785228 ) ) ;
#2928 = AXIS2_PLACEMENT_3D ( 'NONE', #5502, #324, #19 ) ;
#2929 = ORIENTED_EDGE ( 'NONE', *, *, #208, .T. ) ;
#2930 = ORIENTED_EDGE ( 'NONE', *, *, #2092, .T. ) ;
#2931 = AXIS2_PLACEMENT_3D ( 'NONE', #3796, #98, #2159 ) ;
#2932 = VECTOR ( 'NONE', #159, 999.9999999999998863 ) ;
#2933 = VERTEX_POINT ( 'NONE', #623 ) ;
#2934 = EDGE_CURVE ( 'NONE', #1561, #279, #2897, .T. ) ;
#2935 = AXIS2_PLACEMENT_3D ( 'NONE', #4973, #1496, #742 ) ;
#2936 = CARTESIAN_POINT ( 'NONE',  ( 27.08363457542321484, -24.38121615467668590, -0.3734119079049206258 ) ) ;
#2937 = CARTESIAN_POINT ( 'NONE',  ( 26.59537496506883159, 25.87150895577359222, -0.7602683066435339532 ) ) ;
#2938 = CARTESIAN_POINT ( 'NONE',  ( 27.24571967469524125, 26.50000002079944750, -0.4361215736963918732 ) ) ;
#2939 = EDGE_CURVE ( 'NONE', #1567, #2049, #3182, .T. ) ;
#2940 = ORIENTED_EDGE ( 'NONE', *, *, #3692, .F. ) ;
#2941 = DIRECTION ( 'NONE',  ( -1.000000000000000000, 0.000000000000000000, 0.000000000000000000 ) ) ;
#2942 = ORIENTED_EDGE ( 'NONE', *, *, #1773, .F. ) ;
#2943 = CARTESIAN_POINT ( 'NONE',  ( 30.49999999999984013, 18.72465837482897655, -55.07705410100660970 ) ) ;
#2944 = CARTESIAN_POINT ( 'NONE',  ( 30.99999999999997513, 22.38817675479885949, -15.53288157416712778 ) ) ;
#2945 = CARTESIAN_POINT ( 'NONE',  ( 30.49999999999985079, -18.99999999999998934, -48.50221285621785938 ) ) ;
#2946 = CARTESIAN_POINT ( 'NONE',  ( 26.43400350041374836, -23.05967493260325085, -0.1737420954979632670 ) ) ;
#2947 = CARTESIAN_POINT ( 'NONE',  ( 30.49999999999983302, -15.96933128205095187, -53.89038961101656611 ) ) ;
#2948 = CARTESIAN_POINT ( 'NONE',  ( -1.549999999999999378, 13.50000000000000000, -5.000000000000000000 ) ) ;
#2949 = CARTESIAN_POINT ( 'NONE',  ( 25.35428663235152058, 24.28707545836941861, -4.630057142077424359 ) ) ;
#2950 = ORIENTED_EDGE ( 'NONE', *, *, #709, .T. ) ;
#2951 = EDGE_CURVE ( 'NONE', #2309, #1561, #2343, .T. ) ;
#2952 = DIRECTION ( 'NONE',  ( 1.000000000000000000, 0.000000000000000000, 0.000000000000000000 ) ) ;
#2953 = CARTESIAN_POINT ( 'NONE',  ( 25.40662556602893929, -25.25070229282430034, -4.645448776856827777 ) ) ;
#2954 = CARTESIAN_POINT ( 'NONE',  ( 26.43829966508900853, 24.49388465407762538, -0.7131126778804464106 ) ) ;
#2955 = CARTESIAN_POINT ( 'NONE',  ( 27.06304657200631425, -27.00000000000000000, -0.6834618955077371716 ) ) ;
#2956 = CARTESIAN_POINT ( 'NONE',  ( 25.52068933428930464, -22.73871809494256624, -0.5401961651713332868 ) ) ;
#2957 = EDGE_LOOP ( 'NONE', ( #1373, #3735, #371, #3514 ) ) ;
#2958 = ORIENTED_EDGE ( 'NONE', *, *, #3326, .T. ) ;
#2959 = EDGE_CURVE ( 'NONE', #858, #2064, #1484, .T. ) ;
#2960 = FACE_OUTER_BOUND ( 'NONE', #1731, .T. ) ;
#2961 = VERTEX_POINT ( 'NONE', #2738 ) ;
#2962 = AXIS2_PLACEMENT_3D ( 'NONE', #3193, #2888, #1528 ) ;
#2963 = EDGE_CURVE ( 'NONE', #54, #4956, #4937, .T. ) ;
#2964 = CARTESIAN_POINT ( 'NONE',  ( 27.22580926384894084, -26.82933756474480802, -0.4281266058026566568 ) ) ;
#2965 = CARTESIAN_POINT ( 'NONE',  ( 26.40729451807258954, 24.39114510052365503, -0.7042981605427398595 ) ) ;
#2966 = CARTESIAN_POINT ( 'NONE',  ( 0.000000000000000000, -12.15000000000000036, -3.000000000000002665 ) ) ;
#2967 = ORIENTED_EDGE ( 'NONE', *, *, #1100, .T. ) ;
#2968 = LINE ( 'NONE', #4275, #3627 ) ;
#2969 = EDGE_LOOP ( 'NONE', ( #3082, #5462, #1656, #1147 ) ) ;
#2970 = FACE_BOUND ( 'NONE', #450, .T. ) ;
#2971 = DIRECTION ( 'NONE',  ( -3.469446951953581057E-15, 0.000000000000000000, -1.000000000000000000 ) ) ;
#2972 = DIRECTION ( 'NONE',  ( -1.575895479354887601E-16, -1.000000000000000000, -1.575895479354882424E-16 ) ) ;
#2973 = CARTESIAN_POINT ( 'NONE',  ( 25.44191716766296096, -21.72246396198074692, -0.01629453210185775880 ) ) ;
#2974 = CARTESIAN_POINT ( 'NONE',  ( 27.89999999999986713, -22.38817675479887725, -44.47154413826855546 ) ) ;
#2975 = CARTESIAN_POINT ( 'NONE',  ( 0.000000000000000000, 13.50000000000000000, -5.000000000000000000 ) ) ;
#2976 = CARTESIAN_POINT ( 'NONE',  ( 25.14874144015516677, 20.59461042710082879, -5.010923959856618204 ) ) ;
#2977 = EDGE_LOOP ( 'NONE', ( #4668, #4846, #1704, #3407 ) ) ;
#2978 = CARTESIAN_POINT ( 'NONE',  ( 24.99576995891143483, -19.37591201665745899, -4.999259923034002462 ) ) ;
#2979 = CARTESIAN_POINT ( 'NONE',  ( 26.56882891172737970, 26.68255752516835955, -0.7521369083792018850 ) ) ;
#2980 = CARTESIAN_POINT ( 'NONE',  ( 25.57584657837069386, 24.65005560965678200, -5.182441583140970032 ) ) ;
#2981 = CARTESIAN_POINT ( 'NONE',  ( 25.19465771695418255, -22.27753638667828540, -0.5182817543763807988 ) ) ;
#2982 = EDGE_CURVE ( 'NONE', #5433, #4180, #229, .T. ) ;
#2983 = CIRCLE ( 'NONE', #4669, 0.5000000000000004441 ) ;
#2984 = ORIENTED_EDGE ( 'NONE', *, *, #3765, .T. ) ;
#2985 = ORIENTED_EDGE ( 'NONE', *, *, #1696, .T. ) ;
#2986 = CARTESIAN_POINT ( 'NONE',  ( 1.999999999999988676, -12.15000000000000036, 0.000000000000000000 ) ) ;
#2987 = VERTEX_POINT ( 'NONE', #5333 ) ;
#2988 = CONICAL_SURFACE ( 'NONE', #4587, 1.999999999999988232, 1.029744258676651869 ) ;
#2989 = CARTESIAN_POINT ( 'NONE',  ( 25.22960610581335317, -21.46498064541860984, -0.004353116921996871835 ) ) ;
#2990 = PRODUCT_RELATED_PRODUCT_CATEGORY ( 'part', '', ( #2233 ) ) ;
#2991 = CARTESIAN_POINT ( 'NONE',  ( 25.87674578524952196, 23.27847222625618429, -0.5870048571908944579 ) ) ;
#2992 = DIRECTION ( 'NONE',  ( -1.000000000000000000, 1.575895479354882178E-16, 3.491481338843133355E-15 ) ) ;
#2993 = VERTEX_POINT ( 'NONE', #2402 ) ;
#2994 = CARTESIAN_POINT ( 'NONE',  ( 9.603874569020800185E-17, 17.49999999999999645, -5.000000000000000000 ) ) ;
#2995 = EDGE_LOOP ( 'NONE', ( #4107, #2077, #3565 ) ) ;
#2996 = PLANE ( 'NONE',  #2357 ) ;
#2997 = DIRECTION ( 'NONE',  ( 0.7071067811865536790, 0.000000000000000000, 0.7071067811865414665 ) ) ;
#2998 = DIRECTION ( 'NONE',  ( 3.491481338843133355E-15, 0.000000000000000000, 1.000000000000000000 ) ) ;
#2999 = CARTESIAN_POINT ( 'NONE',  ( 25.45483508464618083, -21.73816058617647684, -0.01726430799509075589 ) ) ;
#3000 = CARTESIAN_POINT ( 'NONE',  ( 25.99999999999991829, -9.194348711522117606E-15, -31.50221285621783451 ) ) ;
#3001 = DIRECTION ( 'NONE',  ( 1.000000000000000000, -1.541001731203046484E-16, -1.387778780781540812E-14 ) ) ;
#3002 = CARTESIAN_POINT ( 'NONE',  ( 25.40411976646120706, 26.74058006750595240, -4.644718091514248748 ) ) ;
#3003 = VERTEX_POINT ( 'NONE', #4103 ) ;
#3004 = CARTESIAN_POINT ( 'NONE',  ( 25.23490656191754766, -23.34373575174372206, -4.603122410421664590 ) ) ;
#3005 = CARTESIAN_POINT ( 'NONE',  ( 26.42069049668781489, 24.43399181317186830, -0.7080755276535853904 ) ) ;
#3006 = CARTESIAN_POINT ( 'NONE',  ( 25.57694192110582065, 24.68340713768645855, -5.183214674217540896 ) ) ;
#3007 = CARTESIAN_POINT ( 'NONE',  ( 25.30279804284516487, -22.42675261376194840, -0.5232440083063348846 ) ) ;
#3008 = DIRECTION ( 'NONE',  ( -0.000000000000000000, -0.000000000000000000, -1.000000000000000000 ) ) ;
#3009 = EDGE_CURVE ( 'NONE', #2585, #3315, #4881, .T. ) ;
#3010 = DIRECTION ( 'NONE',  ( 1.000000000000000000, 0.000000000000000000, 0.000000000000000000 ) ) ;
#3011 = VERTEX_POINT ( 'NONE', #4493 ) ;
#3012 = VECTOR ( 'NONE', #3391, 1000.000000000000000 ) ;
#3013 = ORIENTED_EDGE ( 'NONE', *, *, #4518, .F. ) ;
#3014 = CARTESIAN_POINT ( 'NONE',  ( 25.00106555081285009, 21.69542351084004750, -4.665129467198869229 ) ) ;
#3015 = AXIS2_PLACEMENT_3D ( 'NONE', #4688, #543, #3935 ) ;
#3016 = ORIENTED_EDGE ( 'NONE', *, *, #2120, .T. ) ;
#3017 = VECTOR ( 'NONE', #988, 1000.000000000000000 ) ;
#3018 = EDGE_CURVE ( 'NONE', #2491, #225, #1910, .T. ) ;
#3019 = CIRCLE ( 'NONE', #2128, 9.000000000000000000 ) ;
#3020 = CARTESIAN_POINT ( 'NONE',  ( 25.65143472009691905, -21.98101895932096994, -0.03530627879697725846 ) ) ;
#3021 = CARTESIAN_POINT ( 'NONE',  ( 26.47048393240117292, 24.61797644243657501, -0.7224929718340937779 ) ) ;
#3022 = EDGE_LOOP ( 'NONE', ( #4677, #3320, #3343, #3961 ) ) ;
#3023 = CARTESIAN_POINT ( 'NONE',  ( 30.99999999999996803, -22.38817675479887725, -15.53288157416713311 ) ) ;
#3024 = ORIENTED_EDGE ( 'NONE', *, *, #3771, .F. ) ;
#3025 = CYLINDRICAL_SURFACE ( 'NONE', #1026, 1.999999999999988676 ) ;
#3026 = CARTESIAN_POINT ( 'NONE',  ( 27.89999999999998792, -15.96933128205095187, -10.66403610141913028 ) ) ;
#3027 = CARTESIAN_POINT ( 'NONE',  ( -3.000000000000000000, 13.50000000000000000, -5.000000000000000000 ) ) ;
#3028 = CARTESIAN_POINT ( 'NONE',  ( 26.52814257821122368, -23.20993500530894593, -0.1978630256833132373 ) ) ;
#3029 = CARTESIAN_POINT ( 'NONE',  ( -14.69134295108992383, -6.749999999999997335, -1.899999999999999689 ) ) ;
#3030 = CARTESIAN_POINT ( 'NONE',  ( -18.00000000000003197, 3.415142038528257847E-16, -9.002212856217679970 ) ) ;
#3031 = CARTESIAN_POINT ( 'NONE',  ( 25.01737474972765440, 19.59234455231382910, -5.000000036188628094 ) ) ;
#3032 = ORIENTED_EDGE ( 'NONE', *, *, #766, .T. ) ;
#3033 = EDGE_CURVE ( 'NONE', #2452, #225, #57, .T. ) ;
#3034 = CARTESIAN_POINT ( 'NONE',  ( 25.38910978380739181, -24.76983154462513070, -4.640102894298792968 ) ) ;
#3035 = CARTESIAN_POINT ( 'NONE',  ( 25.49472832328374139, 21.78548845375243914, -0.02042040592489160339 ) ) ;
#3036 = FACE_OUTER_BOUND ( 'NONE', #2508, .T. ) ;
#3037 = FACE_OUTER_BOUND ( 'NONE', #1512, .T. ) ;
#3038 = LINE ( 'NONE', #4738, #3282 ) ;
#3039 = DIRECTION ( 'NONE',  ( -0.000000000000000000, -0.000000000000000000, -1.000000000000000000 ) ) ;
#3040 = EDGE_LOOP ( 'NONE', ( #4684, #4960 ) ) ;
#3041 = DIRECTION ( 'NONE',  ( -3.469446951953611033E-15, 0.000000000000000000, -1.000000000000000000 ) ) ;
#3042 = EDGE_LOOP ( 'NONE', ( #5212, #1009 ) ) ;
#3043 = DIRECTION ( 'NONE',  ( 1.000000000000000000, -1.575895479354882424E-16, -3.491481338843133355E-15 ) ) ;
#3044 = CONICAL_SURFACE ( 'NONE', #3759, 8.499999999999996447, 0.7853981633974500554 ) ;
#3045 = EDGE_CURVE ( 'NONE', #1206, #2491, #2901, .T. ) ;
#3046 = ORIENTED_EDGE ( 'NONE', *, *, #905, .F. ) ;
#3047 = DIRECTION ( 'NONE',  ( -3.469446951953611033E-15, 0.000000000000000000, -1.000000000000000000 ) ) ;
#3048 = VECTOR ( 'NONE', #221, 1000.000000000000114 ) ;
#3049 = DIRECTION ( 'NONE',  ( -0.000000000000000000, -0.000000000000000000, -1.000000000000000000 ) ) ;
#3050 = CYLINDRICAL_SURFACE ( 'NONE', #1505, 2.999999999999999556 ) ;
#3051 = DIRECTION ( 'NONE',  ( 1.000000000000000000, 0.000000000000000000, 0.000000000000000000 ) ) ;
#3052 = CARTESIAN_POINT ( 'NONE',  ( 27.06677391086284246, -24.32621455571490543, -0.3671914945923154261 ) ) ;
#3053 = CARTESIAN_POINT ( 'NONE',  ( 30.50000000000026290, -7.132344192481946803E-15, -9.002212856217845172 ) ) ;
#3054 = CARTESIAN_POINT ( 'NONE',  ( 25.29422504379164849, 21.67298311871288519, -5.044251062200060254 ) ) ;
#3055 = ORIENTED_EDGE ( 'NONE', *, *, #5156, .F. ) ;
#3056 = AXIS2_PLACEMENT_3D ( 'NONE', #3645, #3614, #2017 ) ;
#3057 = FACE_OUTER_BOUND ( 'NONE', #26, .T. ) ;
#3058 = CARTESIAN_POINT ( 'NONE',  ( 25.57329283957812649, 21.88057498470368856, -0.02740917734543486112 ) ) ;
#3059 = DIRECTION ( 'NONE',  ( -0.000000000000000000, -0.000000000000000000, 1.000000000000000000 ) ) ;
#3060 = CARTESIAN_POINT ( 'NONE',  ( 25.74310826262591334, -23.07671667830258855, -0.5667111491157817982 ) ) ;
#3061 = DIRECTION ( 'NONE',  ( -3.546545773108137984E-15, 0.000000000000000000, -1.000000000000000000 ) ) ;
#3062 = DIRECTION ( 'NONE',  ( 1.000000000000000000, -1.575895479354882178E-16, -3.491481338843133355E-15 ) ) ;
#3063 = VERTEX_POINT ( 'NONE', #2096 ) ;
#3064 = VECTOR ( 'NONE', #1337, 1000.000000000000000 ) ;
#3065 = CYLINDRICAL_SURFACE ( 'NONE', #5299, 1.999999999999989564 ) ;
#3066 = ORIENTED_EDGE ( 'NONE', *, *, #4056, .T. ) ;
#3067 = AXIS2_PLACEMENT_3D ( 'NONE', #640, #4007, #4120 ) ;
#3068 = EDGE_CURVE ( 'NONE', #4063, #5041, #4770, .T. ) ;
#3069 = VERTEX_POINT ( 'NONE', #453 ) ;
#3070 = CARTESIAN_POINT ( 'NONE',  ( -11.69134295108992383, -6.749999999999997335, -5.000000000000000000 ) ) ;
#3071 = CIRCLE ( 'NONE', #672, 9.499999999999994671 ) ;
#3072 = B_SPLINE_SURFACE_WITH_KNOTS ( 'NONE', 1, 3, ( 
 ( #4237, #422, #2125, #3818 ),
 ( #5103, #4686, #2256, #3507 ) ),
 .UNSPECIFIED., .F., .F., .F.,
 ( 2, 2 ),
 ( 4, 4 ),
 ( 0.000000000000000000, 1.000000000000000000 ),
 ( 0.002277904551790395360, 0.006749768854555492081 ),
 .UNSPECIFIED. ) ;
#3073 = ORIENTED_EDGE ( 'NONE', *, *, #2319, .T. ) ;
#3074 = CARTESIAN_POINT ( 'NONE',  ( 27.89999999999983871, 13.22367297715324774, -55.09925704491752896 ) ) ;
#3075 = ADVANCED_FACE ( 'NONE', ( #3848 ), #3065, .F. ) ;
#3076 = EDGE_CURVE ( 'NONE', #2491, #3770, #5480, .T. ) ;
#3077 = CARTESIAN_POINT ( 'NONE',  ( -1.999999999999988232, -12.15000000000000036, -3.000000000000002665 ) ) ;
#3078 = CARTESIAN_POINT ( 'NONE',  ( 0.000000000000000000, 0.000000000000000000, -4.999999999999997335 ) ) ;
#3079 = CARTESIAN_POINT ( 'NONE',  ( 25.11581104956628252, -22.63318110603839628, -4.587726957065350497 ) ) ;
#3080 = CARTESIAN_POINT ( 'NONE',  ( 11.69134295108992383, -6.749999999999999112, -5.000000000000000000 ) ) ;
#3081 = CARTESIAN_POINT ( 'NONE',  ( 25.31428849856888164, 21.82311945961405186, -5.050670911366404781 ) ) ;
#3082 = ORIENTED_EDGE ( 'NONE', *, *, #4289, .F. ) ;
#3083 = ADVANCED_FACE ( 'NONE', ( #3431 ), #5131, .F. ) ;
#3084 = DIRECTION ( 'NONE',  ( -6.938893903907222067E-15, 0.000000000000000000, -1.000000000000000000 ) ) ;
#3085 = CARTESIAN_POINT ( 'NONE',  ( 26.93446355946159798, 23.96967555777840886, -0.3203348372710024816 ) ) ;
#3086 = CARTESIAN_POINT ( 'NONE',  ( 25.46115114790640277, -23.06599794103512835, -5.112657709876923917 ) ) ;
#3087 = CARTESIAN_POINT ( 'NONE',  ( 27.89999999999986358, 22.38817675479886660, -47.47154413826855546 ) ) ;
#3088 = DIRECTION ( 'NONE',  ( 1.000000000000000000, -0.000000000000000000, -3.491481338843133355E-15 ) ) ;
#3089 = DIRECTION ( 'NONE',  ( 1.000000000000000000, -0.000000000000000000, -3.491481338843133355E-15 ) ) ;
#3090 = ORIENTED_EDGE ( 'NONE', *, *, #3326, .F. ) ;
#3091 = EDGE_CURVE ( 'NONE', #3003, #5024, #4742, .T. ) ;
#3092 = DIRECTION ( 'NONE',  ( 1.000000000000000000, -1.575895479354882178E-16, -3.491481338843133355E-15 ) ) ;
#3093 = CARTESIAN_POINT ( 'NONE',  ( 27.89999999999986002, 19.00000000000000711, -48.50221285621784517 ) ) ;
#3094 = ORIENTED_EDGE ( 'NONE', *, *, #3985, .F. ) ;
#3095 = ORIENTED_EDGE ( 'NONE', *, *, #2051, .F. ) ;
#3096 = CIRCLE ( 'NONE', #1048, 9.000000000000000000 ) ;
#3097 = CARTESIAN_POINT ( 'NONE',  ( 25.35253344988499791, -21.61402597179748142, -0.01035515489160869322 ) ) ;
#3098 = ORIENTED_EDGE ( 'NONE', *, *, #3819, .T. ) ;
#3099 = LINE ( 'NONE', #3490, #252 ) ;
#3100 = AXIS2_PLACEMENT_3D ( 'NONE', #3621, #4935, #5329 ) ;
#3101 = EDGE_CURVE ( 'NONE', #5491, #931, #2235, .T. ) ;
#3102 = CIRCLE ( 'NONE', #4256, 23.00000000000022027 ) ;
#3103 = CARTESIAN_POINT ( 'NONE',  ( 0.000000000000000000, 0.000000000000000000, 0.000000000000000000 ) ) ;
#3104 = EDGE_CURVE ( 'NONE', #4573, #3781, #2631, .T. ) ;
#3105 = VECTOR ( 'NONE', #3089, 1000.000000000000000 ) ;
#3106 = CARTESIAN_POINT ( 'NONE',  ( 25.40841553056765534, -26.52212635954882103, -4.646018993186951107 ) ) ;
#3107 = AXIS2_PLACEMENT_3D ( 'NONE', #5434, #3843, #2021 ) ;
#3108 = CARTESIAN_POINT ( 'NONE',  ( 30.99999999999996803, -22.38817675479887725, -15.53288157416713311 ) ) ;
#3109 = CARTESIAN_POINT ( 'NONE',  ( -11.69134295108992383, -6.749999999999997335, -1.899999999999999689 ) ) ;
#3110 = CARTESIAN_POINT ( 'NONE',  ( 25.44930576094528618, 22.93921256852715373, -5.106621182472102838 ) ) ;
#3111 = ORIENTED_EDGE ( 'NONE', *, *, #2528, .F. ) ;
#3112 = CIRCLE ( 'NONE', #2137, 7.999999999999992895 ) ;
#3113 = CARTESIAN_POINT ( 'NONE',  ( 24.99999999999999645, -21.08832942204105620, 0.000000000000000000 ) ) ;
#3114 = CARTESIAN_POINT ( 'NONE',  ( 26.81990078795066523, 23.72090134027557085, -0.2825684509494795771 ) ) ;
#3115 = CARTESIAN_POINT ( 'NONE',  ( 25.52904426131396676, -23.82081850083412178, -5.151405430231728033 ) ) ;
#3116 = CARTESIAN_POINT ( 'NONE',  ( 25.99999999999983302, 19.00000000000000711, -56.00221285621780964 ) ) ;
#3117 = DIRECTION ( 'NONE',  ( 1.000000000000000000, -0.000000000000000000, -3.491481338843133355E-15 ) ) ;
#3118 = VECTOR ( 'NONE', #4645, 999.9999999999998863 ) ;
#3119 = EDGE_CURVE ( 'NONE', #3522, #1542, #5062, .T. ) ;
#3120 = FACE_OUTER_BOUND ( 'NONE', #3448, .T. ) ;
#3121 = DIRECTION ( 'NONE',  ( -3.469446951953615372E-15, 0.000000000000000000, -1.000000000000000000 ) ) ;
#3122 = CARTESIAN_POINT ( 'NONE',  ( 27.89999999999987068, 22.38817675479886660, -45.92154413826855830 ) ) ;
#3123 = DIRECTION ( 'NONE',  ( 1.000000000000000000, 0.000000000000000000, 0.000000000000000000 ) ) ;
#3124 = ORIENTED_EDGE ( 'NONE', *, *, #2607, .F. ) ;
#3125 = ORIENTED_EDGE ( 'NONE', *, *, #5307, .T. ) ;
#3126 = ORIENTED_EDGE ( 'NONE', *, *, #1627, .F. ) ;
#3127 = DIRECTION ( 'NONE',  ( 0.000000000000000000, 0.000000000000000000, -1.000000000000000000 ) ) ;
#3128 = VERTEX_POINT ( 'NONE', #4348 ) ;
#3129 = CARTESIAN_POINT ( 'NONE',  ( -17.49999999999999645, 0.000000000000000000, 0.000000000000000000 ) ) ;
#3130 = DIRECTION ( 'NONE',  ( -1.000000000000000000, 1.575895479354882424E-16, 3.491481338843133355E-15 ) ) ;
#3131 = DIRECTION ( 'NONE',  ( -1.000000000000000000, 0.000000000000000000, 0.000000000000000000 ) ) ;
#3132 = CARTESIAN_POINT ( 'NONE',  ( 18.06274606680622696, 25.99999999999999645, -4.500000000000003553 ) ) ;
#3133 = DIRECTION ( 'NONE',  ( -1.000000000000000000, 0.000000000000000000, 0.000000000000000000 ) ) ;
#3134 = VERTEX_POINT ( 'NONE', #2596 ) ;
#3135 = CARTESIAN_POINT ( 'NONE',  ( 24.95409982032260743, -21.78046790039482516, -4.583276815715404240 ) ) ;
#3136 = CARTESIAN_POINT ( 'NONE',  ( 27.00386394068575058, 24.14495547816776622, -0.3445097000891469974 ) ) ;
#3137 = CARTESIAN_POINT ( 'NONE',  ( 25.34096690427418608, -22.02693690659154413, -5.059921521782690057 ) ) ;
#3138 = PLANE ( 'NONE',  #1541 ) ;
#3139 = CARTESIAN_POINT ( 'NONE',  ( 25.36366997986722893, 24.39435526338627014, -4.632674470438131742 ) ) ;
#3140 = CARTESIAN_POINT ( 'NONE',  ( 24.98451740769748142, 21.93792931301831928, -4.582397243225992511 ) ) ;
#3141 = CARTESIAN_POINT ( 'NONE',  ( 25.43621649443197796, 22.81415530289060456, -5.099956030036406851 ) ) ;
#3142 = ORIENTED_EDGE ( 'NONE', *, *, #784, .T. ) ;
#3143 = EDGE_CURVE ( 'NONE', #3509, #4545, #2190, .T. ) ;
#3144 = DIRECTION ( 'NONE',  ( 1.000000000000000000, -0.000000000000000000, -3.491481338843133355E-15 ) ) ;
#3145 = AXIS2_PLACEMENT_3D ( 'NONE', #4901, #1624, #308 ) ;
#3146 = DIRECTION ( 'NONE',  ( 3.469446951953614189E-15, 0.000000000000000000, 1.000000000000000000 ) ) ;
#3147 = EDGE_LOOP ( 'NONE', ( #1468, #4702, #2762, #4870 ) ) ;
#3148 = ORIENTED_EDGE ( 'NONE', *, *, #3397, .T. ) ;
#3149 = EDGE_LOOP ( 'NONE', ( #251, #224 ) ) ;
#3150 = CARTESIAN_POINT ( 'NONE',  ( 13.24134295108992276, -6.749999999999999112, -1.899999999999999689 ) ) ;
#3151 = VERTEX_POINT ( 'NONE', #481 ) ;
#3152 = CIRCLE ( 'NONE', #932, 1.549999999999995826 ) ;
#3153 = FACE_BOUND ( 'NONE', #2310, .T. ) ;
#3154 = B_SPLINE_CURVE_WITH_KNOTS ( 'NONE', 3,
 ( #2308, #1510, #5401, #5375 ),
 .UNSPECIFIED., .F., .F.,
 ( 4, 4 ),
 ( 0.000000000000000000, 0.0007090586536789872819 ),
 .UNSPECIFIED. ) ;
#3155 = VECTOR ( 'NONE', #1855, 1000.000000000000000 ) ;
#3156 = DIRECTION ( 'NONE',  ( 1.000000000000000000, -0.000000000000000000, -3.491481338843133355E-15 ) ) ;
#3157 = ADVANCED_FACE ( 'NONE', ( #1769 ), #4851, .T. ) ;
#3158 = CARTESIAN_POINT ( 'NONE',  ( 26.44690677927417966, -24.52076906902163245, -0.7154993593946825658 ) ) ;
#3159 = CARTESIAN_POINT ( 'NONE',  ( 26.58298379572300618, -26.50217040795130430, -0.7564210425725775844 ) ) ;
#3160 = CARTESIAN_POINT ( 'NONE',  ( 25.11095866092953344, -20.33974453058619503, -5.000000000000000888 ) ) ;
#3161 = AXIS2_PLACEMENT_3D ( 'NONE', #4768, #3399, #1349 ) ;
#3162 = ORIENTED_EDGE ( 'NONE', *, *, #3119, .T. ) ;
#3163 = CARTESIAN_POINT ( 'NONE',  ( 24.93045334731128193, -21.65902936080054175, -4.584250918097358074 ) ) ;
#3164 = DIRECTION ( 'NONE',  ( -1.000000000000000000, 0.000000000000000000, 3.491481338843133355E-15 ) ) ;
#3165 = CARTESIAN_POINT ( 'NONE',  ( 25.33804784490280682, -22.00414158222723060, -5.058866621433432798 ) ) ;
#3166 = DIRECTION ( 'NONE',  ( 1.000000000000000000, -1.575895479354882178E-16, -3.491481338843133355E-15 ) ) ;
#3167 = CARTESIAN_POINT ( 'NONE',  ( 25.08111090908786878, 22.42323714654434497, -4.582825774062473378 ) ) ;
#3168 = CARTESIAN_POINT ( 'NONE',  ( 24.99999999999999645, -19.40537192938749556, -5.000000000000000000 ) ) ;
#3169 = CARTESIAN_POINT ( 'NONE',  ( 25.51495887232420046, 23.62672551265624676, -5.142622723442878296 ) ) ;
#3170 = ORIENTED_EDGE ( 'NONE', *, *, #1552, .F. ) ;
#3171 = CARTESIAN_POINT ( 'NONE',  ( 26.49999999999990763, -22.50000000000001421, -31.50221285621783451 ) ) ;
#3172 = ADVANCED_FACE ( 'NONE', ( #511, #536, #2208, #2563, #93, #3373, #1799, #1374 ), #954, .T. ) ;
#3173 = FACE_OUTER_BOUND ( 'NONE', #5130, .T. ) ;
#3174 = ORIENTED_EDGE ( 'NONE', *, *, #890, .T. ) ;
#3175 = VERTEX_POINT ( 'NONE', #1261 ) ;
#3176 = EDGE_LOOP ( 'NONE', ( #402, #3920, #2158, #1544 ) ) ;
#3177 = LINE ( 'NONE', #313, #3189 ) ;
#3178 = ORIENTED_EDGE ( 'NONE', *, *, #4273, .T. ) ;
#3179 = CARTESIAN_POINT ( 'NONE',  ( 11.69134295108992383, -6.749999999999999112, -1.899999999999999689 ) ) ;
#3180 = ADVANCED_FACE ( 'NONE', ( #2960 ), #3072, .T. ) ;
#3181 = AXIS2_PLACEMENT_3D ( 'NONE', #3473, #4308, #76 ) ;
#3182 = LINE ( 'NONE', #650, #583 ) ;
#3183 = FACE_OUTER_BOUND ( 'NONE', #2490, .T. ) ;
#3184 = FACE_OUTER_BOUND ( 'NONE', #3788, .T. ) ;
#3185 = CARTESIAN_POINT ( 'NONE',  ( 26.52222486445726446, 24.33858969827019081, -0.1962889590986829635 ) ) ;
#3186 = AXIS2_PLACEMENT_3D ( 'NONE', #3078, #4277, #991 ) ;
#3187 = EDGE_LOOP ( 'NONE', ( #4993, #3647, #4152, #459 ) ) ;
#3188 = CIRCLE ( 'NONE', #3539, 1.000000000000000888 ) ;
#3189 = VECTOR ( 'NONE', #3008, 1000.000000000000000 ) ;
#3190 = LINE ( 'NONE', #4135, #4847 ) ;
#3191 = CARTESIAN_POINT ( 'NONE',  ( 27.89999999999997726, -22.38817675479887725, -12.53288157416712245 ) ) ;
#3192 = CARTESIAN_POINT ( 'NONE',  ( 25.29268094507342113, -21.65646363868734880, -5.043785649623807821 ) ) ;
#3193 = CARTESIAN_POINT ( 'NONE',  ( 27.25010743241712774, -26.50000005020600113, -0.4378945149882830234 ) ) ;
#3194 = CARTESIAN_POINT ( 'NONE',  ( 25.14957756810244405, 22.79975445866057626, -4.589896563848232525 ) ) ;
#3195 = CARTESIAN_POINT ( 'NONE',  ( 27.89999999999983871, 18.72465837482897300, -55.07705410100660259 ) ) ;
#3196 = AXIS2_PLACEMENT_3D ( 'NONE', #5281, #4366, #3969 ) ;
#3197 = CARTESIAN_POINT ( 'NONE',  ( 25.21964163138818904, 21.11998531755460107, -5.024355668690442478 ) ) ;
#3198 = ORIENTED_EDGE ( 'NONE', *, *, #3997, .F. ) ;
#3199 = CARTESIAN_POINT ( 'NONE',  ( 25.57942970737392585, -24.74310100366412613, -5.184970205128483833 ) ) ;
#3200 = CARTESIAN_POINT ( 'NONE',  ( 25.47638448358106444, 22.66304972480369884, -0.5354819565232479261 ) ) ;
#3201 = LINE ( 'NONE', #4899, #1632 ) ;
#3202 = LINE ( 'NONE', #2334, #219 ) ;
#3203 = CARTESIAN_POINT ( 'NONE',  ( 25.02974946838504877, 21.80479483563542331, -0.3674191103572027606 ) ) ;
#3204 = ORIENTED_EDGE ( 'NONE', *, *, #3076, .T. ) ;
#3205 = EDGE_LOOP ( 'NONE', ( #1482, #2046, #2305, #5300 ) ) ;
#3206 = CARTESIAN_POINT ( 'NONE',  ( 9.500000000000008882, 1.163414459189986668E-15, -4.999999999999997335 ) ) ;
#3207 = ORIENTED_EDGE ( 'NONE', *, *, #4662, .T. ) ;
#3208 = DIRECTION ( 'NONE',  ( -1.000000000000000000, 1.541001731203022325E-16, -0.000000000000000000 ) ) ;
#3209 = FACE_BOUND ( 'NONE', #2209, .T. ) ;
#3210 = ADVANCED_FACE ( 'NONE', ( #162, #1821 ), #3584, .F. ) ;
#3211 = DIRECTION ( 'NONE',  ( 1.000000000000000000, -1.575895479354882178E-16, -3.491481338843133355E-15 ) ) ;
#3212 = CARTESIAN_POINT ( 'NONE',  ( 25.15233775530218097, 22.21615889619643980, -0.5166656589740977745 ) ) ;
#3213 = CARTESIAN_POINT ( 'NONE',  ( 30.49999999999995026, -9.887799490563492369E-15, -31.50221285621784872 ) ) ;
#3214 = CARTESIAN_POINT ( 'NONE',  ( 25.02232593037917852, -21.79256635074641579, -0.3674580495581973305 ) ) ;
#3215 = CARTESIAN_POINT ( 'NONE',  ( 30.49999999999982236, -12.30845354218735821, -56.50221285621785938 ) ) ;
#3216 = LINE ( 'NONE', #2006, #2230 ) ;
#3217 = SURFACE_SIDE_STYLE ('',( #2381 ) ) ;
#3218 = CARTESIAN_POINT ( 'NONE',  ( 25.36957969906500310, 24.46817333826204788, -4.634358609491186165 ) ) ;
#3219 = CARTESIAN_POINT ( 'NONE',  ( 30.99999999999982947, -19.64310073908833232, -55.47260893100327905 ) ) ;
#3220 = AXIS2_PLACEMENT_3D ( 'NONE', #4138, #2801, #3245 ) ;
#3221 = CARTESIAN_POINT ( 'NONE',  ( 25.57444589660105549, 24.60909475056694617, -5.181455231476085999 ) ) ;
#3222 = ORIENTED_EDGE ( 'NONE', *, *, #1350, .F. ) ;
#3223 = DIRECTION ( 'NONE',  ( -3.469446951953619316E-15, 0.000000000000000000, -1.000000000000000000 ) ) ;
#3224 = CARTESIAN_POINT ( 'NONE',  ( 24.97430581426034379, 21.98235534241710454, -0.5143413731377627363 ) ) ;
#3225 = CARTESIAN_POINT ( 'NONE',  ( 26.41300326727013470, -24.40835777401440509, -0.7057775339525991232 ) ) ;
#3226 = CARTESIAN_POINT ( 'NONE',  ( -11.69134295108992383, -6.749999999999997335, -5.000000000000000000 ) ) ;
#3227 = PLANE ( 'NONE',  #722 ) ;
#3228 = ORIENTED_EDGE ( 'NONE', *, *, #5177, .T. ) ;
#3229 = VERTEX_POINT ( 'NONE', #3954 ) ;
#3230 = DIRECTION ( 'NONE',  ( 1.000000000000000000, 0.000000000000000000, 0.000000000000000000 ) ) ;
#3231 = ORIENTED_EDGE ( 'NONE', *, *, #452, .T. ) ;
#3232 = CARTESIAN_POINT ( 'NONE',  ( 18.06274606680623052, -18.00000000000000355, -4.500000000000003553 ) ) ;
#3233 = AXIS2_PLACEMENT_3D ( 'NONE', #4955, #4601, #3291 ) ;
#3234 = CARTESIAN_POINT ( 'NONE',  ( 26.58298379572300618, -26.50217040795130430, -0.7564210425725775844 ) ) ;
#3235 = CARTESIAN_POINT ( 'NONE',  ( 26.57958933633350185, -25.30839409337464119, -0.7553160893967048040 ) ) ;
#3236 = CIRCLE ( 'NONE', #2346, 9.500000000000012434 ) ;
#3237 = CARTESIAN_POINT ( 'NONE',  ( 25.18860633845606500, 22.26476182965515704, -0.5178875978953276782 ) ) ;
#3238 = CARTESIAN_POINT ( 'NONE',  ( 26.87879056744115047, 23.84531772711014952, -0.3017388882260335636 ) ) ;
#3239 = EDGE_CURVE ( 'NONE', #5294, #2335, #4325, .T. ) ;
#3240 = VERTEX_POINT ( 'NONE', #4814 ) ;
#3241 = EDGE_CURVE ( 'NONE', #4479, #3175, #765, .T. ) ;
#3242 = DIRECTION ( 'NONE',  ( -0.000000000000000000, -0.000000000000000000, 1.000000000000000000 ) ) ;
#3243 = FACE_OUTER_BOUND ( 'NONE', #3995, .T. ) ;
#3244 = DIRECTION ( 'NONE',  ( 0.7071067811865642261, 0.06496298479934814463, 0.7041163331481069543 ) ) ;
#3245 = DIRECTION ( 'NONE',  ( -3.469446951953619316E-15, 0.000000000000000000, -1.000000000000000000 ) ) ;
#3246 = CARTESIAN_POINT ( 'NONE',  ( 25.31622625255534942, 23.92797268569975344, -4.620241477344355197 ) ) ;
#3247 = LINE ( 'NONE', #4113, #889 ) ;
#3248 = AXIS2_PLACEMENT_3D ( 'NONE', #1463, #1155, #5302 ) ;
#3249 = CARTESIAN_POINT ( 'NONE',  ( 25.31989698009312306, 21.86523537225146896, -5.052543453748923774 ) ) ;
#3250 = ORIENTED_EDGE ( 'NONE', *, *, #2396, .F. ) ;
#3251 = EDGE_CURVE ( 'NONE', #4906, #1312, #4397, .T. ) ;
#3252 = CARTESIAN_POINT ( 'NONE',  ( 25.58586961889260181, -24.99067492941516377, -5.189590805251466321 ) ) ;
#3253 = CARTESIAN_POINT ( 'NONE',  ( 24.99775752547414953, 22.01280564179445065, -0.5142815417705174363 ) ) ;
#3254 = CARTESIAN_POINT ( 'NONE',  ( 26.31545391257642308, -24.14444569397959128, -0.6794825622160910461 ) ) ;
#3255 = DIRECTION ( 'NONE',  ( -3.469446951953614189E-15, 0.000000000000000000, -1.000000000000000000 ) ) ;
#3256 = CARTESIAN_POINT ( 'NONE',  ( 27.89999999999984226, -15.96933128205095187, -52.34038961101655474 ) ) ;
#3257 = ORIENTED_EDGE ( 'NONE', *, *, #2133, .F. ) ;
#3258 = EDGE_CURVE ( 'NONE', #279, #1449, #4790, .T. ) ;
#3259 = VERTEX_POINT ( 'NONE', #3171 ) ;
#3260 = CARTESIAN_POINT ( 'NONE',  ( 27.10247459171048945, 26.83334903134942095, -0.7378091325973504810 ) ) ;
#3261 = ORIENTED_EDGE ( 'NONE', *, *, #2506, .F. ) ;
#3262 = CARTESIAN_POINT ( 'NONE',  ( 30.50000000000026290, -6.824143846241412842E-15, -9.002212856217845172 ) ) ;
#3263 = EDGE_CURVE ( 'NONE', #34, #3828, #1660, .T. ) ;
#3264 = B_SPLINE_CURVE_WITH_KNOTS ( 'NONE', 3,
 ( #468, #4622, #1671, #4648 ),
 .UNSPECIFIED., .F., .F.,
 ( 4, 4 ),
 ( 0.000000000000000000, 0.0002613459791193301139 ),
 .UNSPECIFIED. ) ;
#3265 = DIRECTION ( 'NONE',  ( 0.000000000000000000, -1.000000000000000000, 0.000000000000000000 ) ) ;
#3266 = CARTESIAN_POINT ( 'NONE',  ( 26.60078663630931217, -25.74985626660447124, -0.7619133874854882027 ) ) ;
#3267 = DIRECTION ( 'NONE',  ( 0.000000000000000000, 0.000000000000000000, 1.000000000000000000 ) ) ;
#3268 = CARTESIAN_POINT ( 'NONE',  ( 27.25903579129919052, 26.20553157857574433, -0.4415142452126280537 ) ) ;
#3269 = EDGE_CURVE ( 'NONE', #761, #931, #586, .T. ) ;
#3270 = VERTEX_POINT ( 'NONE', #1508 ) ;
#3271 = VECTOR ( 'NONE', #3803, 1000.000000000000000 ) ;
#3272 = CARTESIAN_POINT ( 'NONE',  ( 31.00000000000004619, -26.50000000000001066, 6.435041076975900332 ) ) ;
#3273 = FACE_OUTER_BOUND ( 'NONE', #1925, .T. ) ;
#3274 = AXIS2_PLACEMENT_3D ( 'NONE', #4589, #773, #1333 ) ;
#3275 = CARTESIAN_POINT ( 'NONE',  ( 25.22891138153440949, -21.17422806609002706, -5.026552581522820695 ) ) ;
#3276 = CARTESIAN_POINT ( 'NONE',  ( 18.06274606680623052, -18.00000000000000355, -0.5000000000000022204 ) ) ;
#3277 = DIRECTION ( 'NONE',  ( 1.000000000000000000, 0.000000000000000000, 0.000000000000000000 ) ) ;
#3278 = DIRECTION ( 'NONE',  ( -1.000000000000000000, 0.000000000000000000, 0.000000000000000000 ) ) ;
#3279 = CARTESIAN_POINT ( 'NONE',  ( 25.36684641525836881, 24.43412732995107106, -4.633585892821524332 ) ) ;
#3280 = ORIENTED_EDGE ( 'NONE', *, *, #5512, .F. ) ;
#3281 = AXIS2_PLACEMENT_3D ( 'NONE', #1328, #2214, #3408 ) ;
#3282 = VECTOR ( 'NONE', #923, 1000.000000000000000 ) ;
#3283 = CARTESIAN_POINT ( 'NONE',  ( 30.99999999999984723, 15.96933128205093766, -52.34038961101656184 ) ) ;
#3284 = CARTESIAN_POINT ( 'NONE',  ( 8.522208655980945124, 6.074999999999998401, -3.000000000000002665 ) ) ;
#3285 = CARTESIAN_POINT ( 'NONE',  ( 27.15988746247676033, -24.68390048648506152, -0.4022393911127586930 ) ) ;
#3286 = DIRECTION ( 'NONE',  ( -1.358192966683917423E-16, -0.7071067811865425767, -0.7071067811865525687 ) ) ;
#3287 = AXIS2_PLACEMENT_3D ( 'NONE', #2887, #2800, #5341 ) ;
#3288 = EDGE_CURVE ( 'NONE', #3134, #5354, #4047, .T. ) ;
#3289 = CIRCLE ( 'NONE', #3544, 1.549999999999999378 ) ;
#3290 = CARTESIAN_POINT ( 'NONE',  ( 25.99999999999985434, -26.49999999999998934, -48.50221285621784517 ) ) ;
#3291 = DIRECTION ( 'NONE',  ( -3.469446951953619316E-15, 0.000000000000000000, -1.000000000000000000 ) ) ;
#3292 = ORIENTED_EDGE ( 'NONE', *, *, #4358, .T. ) ;
#3293 = AXIS2_PLACEMENT_3D ( 'NONE', #3575, #4860, #5178 ) ;
#3294 = VERTEX_POINT ( 'NONE', #5208 ) ;
#3295 = DIRECTION ( 'NONE',  ( 1.000000000000000000, 0.000000000000000000, 0.000000000000000000 ) ) ;
#3296 = ORIENTED_EDGE ( 'NONE', *, *, #4463, .F. ) ;
#3297 = CARTESIAN_POINT ( 'NONE',  ( 30.49999999999995026, -9.887799490563492369E-15, -31.50221285621784872 ) ) ;
#3298 = CARTESIAN_POINT ( 'NONE',  ( 26.83619770977927033, -23.76323480242585973, -0.2877915330067968847 ) ) ;
#3299 = CARTESIAN_POINT ( 'NONE',  ( 0.000000000000000000, 0.000000000000000000, -0.5000000000000022204 ) ) ;
#3300 = CARTESIAN_POINT ( 'NONE',  ( 27.04386162787945835, 24.25789201583506127, -0.3588363173451937782 ) ) ;
#3301 = ORIENTED_EDGE ( 'NONE', *, *, #975, .F. ) ;
#3302 = CARTESIAN_POINT ( 'NONE',  ( 25.02823151358121123, -21.78606355930251937, -0.3590394641519295549 ) ) ;
#3303 = DIRECTION ( 'NONE',  ( -0.000000000000000000, -0.000000000000000000, -1.000000000000000000 ) ) ;
#3304 = CARTESIAN_POINT ( 'NONE',  ( 25.07173318721037347, -19.97875809343192444, -5.001760393316231124 ) ) ;
#3305 =( LENGTH_UNIT ( ) NAMED_UNIT ( * ) SI_UNIT ( .MILLI., .METRE. ) );
#3306 = CARTESIAN_POINT ( 'NONE',  ( 25.00000000000000355, -22.01571739626974988, 0.000000000000000000 ) ) ;
#3307 = DIRECTION ( 'NONE',  ( 0.7071067811865500152, 0.7071067811865451302, -2.453269466693387577E-15 ) ) ;
#3308 = CARTESIAN_POINT ( 'NONE',  ( 25.37608051877462145, 24.56132438220667069, -4.636273058827657501 ) ) ;
#3309 = EDGE_LOOP ( 'NONE', ( #5487, #3746, #3944, #1456, #5265, #3318, #4858, #2662 ) ) ;
#3310 = CARTESIAN_POINT ( 'NONE',  ( 25.99999999999991829, 22.99999999999999289, -31.50221285621783451 ) ) ;
#3311 = CARTESIAN_POINT ( 'NONE',  ( 25.55546671152866978, -24.20762265937378999, -5.168455748444160669 ) ) ;
#3312 = CARTESIAN_POINT ( 'NONE',  ( 25.14620618999916601, 22.20796082164512697, -0.5164727385077841904 ) ) ;
#3313 = CIRCLE ( 'NONE', #3220, 2.999999999999995559 ) ;
#3314 = CARTESIAN_POINT ( 'NONE',  ( 26.42542685520662005, -24.44755317189670407, -0.7093162354772863942 ) ) ;
#3315 = VERTEX_POINT ( 'NONE', #3976 ) ;
#3316 = ORIENTED_EDGE ( 'NONE', *, *, #3913, .T. ) ;
#3317 = EDGE_CURVE ( 'NONE', #5491, #1062, #1398, .T. ) ;
#3318 = ORIENTED_EDGE ( 'NONE', *, *, #1909, .T. ) ;
#3319 = CARTESIAN_POINT ( 'NONE',  ( 27.03080581245128045, 27.00000000000000355, -0.8886569522175438163 ) ) ;
#3320 = ORIENTED_EDGE ( 'NONE', *, *, #5224, .F. ) ;
#3321 = DIRECTION ( 'NONE',  ( 1.000000000000000000, 0.000000000000000000, 0.000000000000000000 ) ) ;
#3322 = CARTESIAN_POINT ( 'NONE',  ( 27.22368841707876186, -25.06359472864687632, -0.4272618452869719752 ) ) ;
#3323 = DIRECTION ( 'NONE',  ( 0.000000000000000000, 0.000000000000000000, -1.000000000000000000 ) ) ;
#3324 = CARTESIAN_POINT ( 'NONE',  ( 27.12174587216646060, 24.52813064612139016, -0.3876737485451812737 ) ) ;
#3325 = EDGE_LOOP ( 'NONE', ( #3805, #510, #1404, #840 ) ) ;
#3326 = EDGE_CURVE ( 'NONE', #4180, #5433, #1899, .T. ) ;
#3327 = AXIS2_PLACEMENT_3D ( 'NONE', #5174, #5091, #4307 ) ;
#3328 = DIRECTION ( 'NONE',  ( 0.7071067811865409114, 0.6494368238967896945, -0.2796995026217594660 ) ) ;
#3329 = DIRECTION ( 'NONE',  ( 1.000000000000000000, 0.000000000000000000, 0.000000000000000000 ) ) ;
#3330 = CARTESIAN_POINT ( 'NONE',  ( 25.03436097423485052, -19.68500036167615264, -5.000000066201683246 ) ) ;
#3331 = CARTESIAN_POINT ( 'NONE',  ( 25.30192708255177081, -21.55266601969858797, -0.007584689175137423155 ) ) ;
#3332 = CARTESIAN_POINT ( 'NONE',  ( 25.24704861700026370, -24.19631654834930146, -5.030855304749986878 ) ) ;
#3333 = DIRECTION ( 'NONE',  ( -0.000000000000000000, -0.000000000000000000, -1.000000000000000000 ) ) ;
#3334 = VECTOR ( 'NONE', #2365, 1000.000000000000114 ) ;
#3335 = CARTESIAN_POINT ( 'NONE',  ( 25.59354145163004901, 25.76152422218522631, -5.195196689860000383 ) ) ;
#3336 = ORIENTED_EDGE ( 'NONE', *, *, #389, .F. ) ;
#3337 = CARTESIAN_POINT ( 'NONE',  ( 25.00000000000000000, -22.01571739626974988, -0.5144917509837982905 ) ) ;
#3338 = CARTESIAN_POINT ( 'NONE',  ( 25.31230995260806438, -21.80607537683470909, -5.050003459926284854 ) ) ;
#3339 = CARTESIAN_POINT ( 'NONE',  ( 26.44119451635348028, 24.50422379851243448, -0.7139557147044505170 ) ) ;
#3340 = AXIS2_PLACEMENT_3D ( 'NONE', #547, #121, #3915 ) ;
#3341 = CARTESIAN_POINT ( 'NONE',  ( 26.49644005435091998, -24.72305945357727808, -0.7300427940386016168 ) ) ;
#3342 = DIRECTION ( 'NONE',  ( -1.000000000000000000, 0.000000000000000000, 3.491481338843133355E-15 ) ) ;
#3343 = ORIENTED_EDGE ( 'NONE', *, *, #2528, .T. ) ;
#3344 = VECTOR ( 'NONE', #5162, 1000.000000000000000 ) ;
#3345 = VERTEX_POINT ( 'NONE', #4006 ) ;
#3346 = EDGE_LOOP ( 'NONE', ( #1932, #5102, #593, #4291 ) ) ;
#3347 = CARTESIAN_POINT ( 'NONE',  ( 27.26177046929183945, -26.28591494155269714, -0.4426216303293673549 ) ) ;
#3348 = CARTESIAN_POINT ( 'NONE',  ( 26.59524396706301985, 25.84667965035929171, -0.7602274480742166052 ) ) ;
#3349 = CARTESIAN_POINT ( 'NONE',  ( 27.23453270761571687, 25.23779431323657008, -0.4316182191054360184 ) ) ;
#3350 = EDGE_CURVE ( 'NONE', #3128, #4612, #5271, .T. ) ;
#3351 = ORIENTED_EDGE ( 'NONE', *, *, #618, .T. ) ;
#3352 = DIRECTION ( 'NONE',  ( -3.491481338843133355E-15, 1.575895479354887601E-16, -1.000000000000000000 ) ) ;
#3353 = ORIENTED_EDGE ( 'NONE', *, *, #2586, .T. ) ;
#3354 = CARTESIAN_POINT ( 'NONE',  ( 27.89999999999996660, -22.38817675479887725, -15.53288157416712245 ) ) ;
#3355 = CARTESIAN_POINT ( 'NONE',  ( 27.89999999999998437, 22.38817675479885949, -12.53288157416711712 ) ) ;
#3356 = CARTESIAN_POINT ( 'NONE',  ( 30.99999999999986144, 26.50000000000000000, -48.50221285621785228 ) ) ;
#3357 = CARTESIAN_POINT ( 'NONE',  ( 26.38756730304259790, -22.98837200645436241, -0.1625574111002628108 ) ) ;
#3358 = DIRECTION ( 'NONE',  ( 0.000000000000000000, -1.000000000000000000, 0.000000000000000000 ) ) ;
#3359 = CARTESIAN_POINT ( 'NONE',  ( -17.49999999999999645, 0.000000000000000000, 0.000000000000000000 ) ) ;
#3360 = CARTESIAN_POINT ( 'NONE',  ( 24.93737965504796250, 21.70085865927515556, -4.583732232745811430 ) ) ;
#3361 = VERTEX_POINT ( 'NONE', #4868 ) ;
#3362 = ADVANCED_FACE ( 'NONE', ( #1057 ), #2757, .F. ) ;
#3363 = CARTESIAN_POINT ( 'NONE',  ( 25.32022796113136209, -21.86673095223838814, -5.052655379971167093 ) ) ;
#3364 = CARTESIAN_POINT ( 'NONE',  ( 26.32442961920267877, 24.15974368861248678, -0.6818755393499998929 ) ) ;
#3365 = CARTESIAN_POINT ( 'NONE',  ( 25.54424411036934117, 24.02111743486628725, -5.161040228649267370 ) ) ;
#3366 = CARTESIAN_POINT ( 'NONE',  ( 26.13580012820114717, -23.75645284550819980, -0.6367309607835313079 ) ) ;
#3367 = CIRCLE ( 'NONE', #86, 1.549999999999994049 ) ;
#3368 = EDGE_CURVE ( 'NONE', #3489, #4722, #2333, .T. ) ;
#3369 = EDGE_LOOP ( 'NONE', ( #5322, #2248, #956, #1089 ) ) ;
#3370 = CLOSED_SHELL ( 'NONE', ( #1796, #3601, #782, #545, #339, #5019, #4848, #4423, #4999, #1883, #3791, #354, #616, #1940, #4059, #4656, #1302, #3468, #881, #2037, #1425, #3362, #3498, #3675, #3075, #5211, #1441, #70, #2337, #120, #1032, #810, #1413, #2162, #1279, #5460, #277, #1776, #4908, #2706, #1110, #4425, #2105, #483, #4414, #1015, #924, #3987, #3406, #4205, #5475, #4437, #3866, #115, #2836, #2761, #4157, #1584, #309, #537, #3083, #2537, #4246, #2906, #2432, #3172, #1616, #359, #1999, #3649, #1452, #2598, #4487, #2068, #553, #1321, #700, #3210, #3755, #2376, #2188, #1619, #1129, #3851, #4896, #2451, #2857, #4073, #4979, #2685, #5165, #1117, #876, #3457, #1055, #4239, #1099, #4485, #1683, #182, #1332, #4173, #2321, #2281, #4557, #897, #3960, #3968, #5, #5136, #3844, #1383, #424, #3630, #3900, #222, #2094, #3180, #2732, #2344, #953, #2767, #2789, #3157, #5409, #1608, #3926, #4102, #1732, #1850, #4344, #1546, #2108, #250, #3669, #1986, #5441, #1637, #2734, #3411, #4235, #3572, #2259 ) ) ;
#3371 = EDGE_LOOP ( 'NONE', ( #1263, #2984 ) ) ;
#3372 = CIRCLE ( 'NONE', #2568, 1.999999999999989564 ) ;
#3373 = FACE_BOUND ( 'NONE', #3865, .T. ) ;
#3374 = ORIENTED_EDGE ( 'NONE', *, *, #1094, .F. ) ;
#3375 = AXIS2_PLACEMENT_3D ( 'NONE', #3641, #1535, #3223 ) ;
#3376 = CARTESIAN_POINT ( 'NONE',  ( 27.06325592265750046, -24.31548503795188765, -0.3659066838065304639 ) ) ;
#3377 = CARTESIAN_POINT ( 'NONE',  ( 26.31064026439185000, 24.12666585190613588, -0.6783697561455344083 ) ) ;
#3378 = CARTESIAN_POINT ( 'NONE',  ( 25.42071069587561993, 21.69702346757441092, -0.01476714308266458692 ) ) ;
#3379 = ORIENTED_EDGE ( 'NONE', *, *, #5035, .F. ) ;
#3380 = CARTESIAN_POINT ( 'NONE',  ( 25.99999999999982947, 19.64310073908832166, -55.47260893100326484 ) ) ;
#3381 = ORIENTED_EDGE ( 'NONE', *, *, #2265, .T. ) ;
#3382 = EDGE_CURVE ( 'NONE', #1120, #4722, #5319, .T. ) ;
#3383 = FACE_OUTER_BOUND ( 'NONE', #1290, .T. ) ;
#3384 = CYLINDRICAL_SURFACE ( 'NONE', #792, 1.549999999999995826 ) ;
#3385 = CARTESIAN_POINT ( 'NONE',  ( 25.86290130219531136, 27.00000000000000355, -4.773052020592865041 ) ) ;
#3386 = CARTESIAN_POINT ( 'NONE',  ( 26.84193534507264189, -23.77592621462289202, -0.2897188525072015297 ) ) ;
#3387 = CARTESIAN_POINT ( 'NONE',  ( 24.97768221559324786, -21.85364603004534700, -5.000000000000000000 ) ) ;
#3388 = LINE ( 'NONE', #2084, #4788 ) ;
#3389 = CARTESIAN_POINT ( 'NONE',  ( 25.04822667553969850, 22.26199527623553109, -4.583430038503143678 ) ) ;
#3390 = ORIENTED_EDGE ( 'NONE', *, *, #4733, .T. ) ;
#3391 = DIRECTION ( 'NONE',  ( 1.000000000000000000, -0.000000000000000000, -3.491481338843133355E-15 ) ) ;
#3392 = CARTESIAN_POINT ( 'NONE',  ( 25.41240767846360171, -26.22515843025395910, -4.647246100905973343 ) ) ;
#3393 = CARTESIAN_POINT ( 'NONE',  ( 26.44700305660522588, 24.52539694684465843, -0.7156372003417934557 ) ) ;
#3394 = DIRECTION ( 'NONE',  ( -3.491481338843133355E-15, 2.837512552792565600E-16, -1.000000000000000000 ) ) ;
#3395 = FACE_OUTER_BOUND ( 'NONE', #4351, .T. ) ;
#3396 = EDGE_LOOP ( 'NONE', ( #1800, #786, #2199, #1320 ) ) ;
#3397 = EDGE_CURVE ( 'NONE', #5085, #2452, #3201, .T. ) ;
#3398 = ORIENTED_EDGE ( 'NONE', *, *, #838, .T. ) ;
#3399 = DIRECTION ( 'NONE',  ( -1.000000000000000000, 0.000000000000000000, 1.387778780781434789E-14 ) ) ;
#3400 = ORIENTED_EDGE ( 'NONE', *, *, #463, .T. ) ;
#3401 = AXIS2_PLACEMENT_3D ( 'NONE', #1189, #1725, #4192 ) ;
#3402 = B_SPLINE_CURVE_WITH_KNOTS ( 'NONE', 3,
 ( #2435, #4942, #1130, #4081 ),
 .UNSPECIFIED., .F., .F.,
 ( 4, 4 ),
 ( 0.000000000000000000, 1.000000000000000000 ),
 .UNSPECIFIED. ) ;
#3403 = CARTESIAN_POINT ( 'NONE',  ( 27.00054074540488003, -24.13778563920374154, -0.3433214161883443305 ) ) ;
#3404 = CARTESIAN_POINT ( 'NONE',  ( 26.41261419821336531, 24.40791241157301172, -0.7057944076549103052 ) ) ;
#3405 = CARTESIAN_POINT ( 'NONE',  ( 30.99999999999983658, 13.22367297715324597, -55.09925704491753606 ) ) ;
#3406 = ADVANCED_FACE ( 'NONE', ( #4482, #2675 ), #4374, .F. ) ;
#3407 = ORIENTED_EDGE ( 'NONE', *, *, #2205, .F. ) ;
#3408 = DIRECTION ( 'NONE',  ( 1.000000000000000000, 0.000000000000000000, -0.000000000000000000 ) ) ;
#3409 = ORIENTED_EDGE ( 'NONE', *, *, #542, .F. ) ;
#3410 = CARTESIAN_POINT ( 'NONE',  ( 25.99999999999982592, -19.64310073908833232, -56.47260893100325774 ) ) ;
#3411 = ADVANCED_FACE ( 'NONE', ( #3704 ), #4061, .T. ) ;
#3412 = DIRECTION ( 'NONE',  ( -1.000000000000000000, 0.000000000000000000, 0.000000000000000000 ) ) ;
#3413 = AXIS2_PLACEMENT_3D ( 'NONE', #3697, #4647, #2411 ) ;
#3414 = DIRECTION ( 'NONE',  ( -1.000000000000000000, 0.000000000000000000, 3.491481338843133355E-15 ) ) ;
#3415 = CARTESIAN_POINT ( 'NONE',  ( 25.99999999999998934, 15.96933128205093055, -10.66403610141911429 ) ) ;
#3416 = CARTESIAN_POINT ( 'NONE',  ( 30.99999999999999289, -15.96933128205095187, -9.114036101419142000 ) ) ;
#3417 = DIRECTION ( 'NONE',  ( 1.000000000000000000, -0.000000000000000000, -3.491481338843133355E-15 ) ) ;
#3418 = CARTESIAN_POINT ( 'NONE',  ( 25.11069473440205613, 20.30944521475348452, -5.006144731700985950 ) ) ;
#3419 = ORIENTED_EDGE ( 'NONE', *, *, #1293, .T. ) ;
#3420 = CARTESIAN_POINT ( 'NONE',  ( 25.41243543696973006, -25.57411120559832440, -4.647253602425301722 ) ) ;
#3421 = CARTESIAN_POINT ( 'NONE',  ( 25.99817022179496107, 23.48735431946204955, -0.6086920778249311770 ) ) ;
#3422 = DIRECTION ( 'NONE',  ( -3.469446951953581057E-15, 0.000000000000000000, -1.000000000000000000 ) ) ;
#3423 = CARTESIAN_POINT ( 'NONE',  ( 26.07584973114076377, -23.64264564948589964, -0.6241242427020539107 ) ) ;
#3424 = CARTESIAN_POINT ( 'NONE',  ( 26.49999999999991118, -9.271398798082268254E-15, -31.50221285621783451 ) ) ;
#3425 = AXIS2_PLACEMENT_3D ( 'NONE', #3834, #520, #1309 ) ;
#3426 = EDGE_CURVE ( 'NONE', #4849, #2213, #1141, .T. ) ;
#3427 = FACE_OUTER_BOUND ( 'NONE', #4243, .T. ) ;
#3428 = VERTEX_POINT ( 'NONE', #4093 ) ;
#3429 = VECTOR ( 'NONE', #5444, 1000.000000000000000 ) ;
#3430 = EDGE_LOOP ( 'NONE', ( #2152, #4036, #4687, #3280 ) ) ;
#3431 = FACE_OUTER_BOUND ( 'NONE', #404, .T. ) ;
#3432 = ORIENTED_EDGE ( 'NONE', *, *, #1293, .F. ) ;
#3433 = AXIS2_PLACEMENT_3D ( 'NONE', #3789, #3156, #3041 ) ;
#3434 = EDGE_CURVE ( 'NONE', #2064, #5453, #5256, .T. ) ;
#3435 = CARTESIAN_POINT ( 'NONE',  ( 24.89453732987982804, -21.05786899453890015, -0.0002711227235399954385 ) ) ;
#3436 = CARTESIAN_POINT ( 'NONE',  ( 25.60717893429237080, 22.85538246155875797, -0.5492613867489452018 ) ) ;
#3437 = VERTEX_POINT ( 'NONE', #2590 ) ;
#3438 = DIRECTION ( 'NONE',  ( -0.7071067811865465735, 0.7071067811865484609, 2.580282769071568781E-15 ) ) ;
#3439 = EDGE_CURVE ( 'NONE', #4063, #4573, #5154, .T. ) ;
#3440 = ORIENTED_EDGE ( 'NONE', *, *, #2290, .F. ) ;
#3441 = DIRECTION ( 'NONE',  ( 3.469446951953611033E-15, 0.000000000000000000, 1.000000000000000000 ) ) ;
#3442 = DIRECTION ( 'NONE',  ( -0.7071067811865536790, 0.000000000000000000, -0.7071067811865414665 ) ) ;
#3443 = CARTESIAN_POINT ( 'NONE',  ( 10.52220865598093269, 6.074999999999998401, 1.310372075087664981E-15 ) ) ;
#3444 = CARTESIAN_POINT ( 'NONE',  ( 26.51051942585559118, -23.18135404942023570, -0.1932431691793365380 ) ) ;
#3445 = CARTESIAN_POINT ( 'NONE',  ( 30.49999999999974420, 19.73497227324379466, -56.46837979882976555 ) ) ;
#3446 = CARTESIAN_POINT ( 'NONE',  ( 30.49999999999983302, 12.30845354218734755, -56.50221285621785938 ) ) ;
#3447 = CARTESIAN_POINT ( 'NONE',  ( 25.31815855998879172, 21.85218110866283681, -5.051962351996387213 ) ) ;
#3448 = EDGE_LOOP ( 'NONE', ( #5014, #1486, #4126, #5404 ) ) ;
#3449 = CARTESIAN_POINT ( 'NONE',  ( 25.30701481327455937, -21.76563952803662971, -5.048278994846011614 ) ) ;
#3450 = CARTESIAN_POINT ( 'NONE',  ( 25.40979160791971836, 21.68402721878414496, -0.01400774882969033248 ) ) ;
#3451 = CARTESIAN_POINT ( 'NONE',  ( 25.56337083340716987, 24.34828527179931257, -5.173780885029180432 ) ) ;
#3452 = CARTESIAN_POINT ( 'NONE',  ( 25.47670795230871477, -22.67436931952145684, -0.5360267425736477964 ) ) ;
#3453 = CARTESIAN_POINT ( 'NONE',  ( 30.99999999999984368, -15.96933128205095187, -52.34038961101656895 ) ) ;
#3454 = LINE ( 'NONE', #2645, #2391 ) ;
#3455 = CIRCLE ( 'NONE', #2039, 3.000000000000000000 ) ;
#3456 = VERTEX_POINT ( 'NONE', #2559 ) ;
#3457 = ADVANCED_FACE ( 'NONE', ( #3395 ), #5100, .T. ) ;
#3458 = DIRECTION ( 'NONE',  ( -0.000000000000000000, -0.000000000000000000, 1.000000000000000000 ) ) ;
#3459 = AXIS2_PLACEMENT_3D ( 'NONE', #3106, #3940, #4802 ) ;
#3460 = EDGE_LOOP ( 'NONE', ( #2022, #2320, #3739, #3374 ) ) ;
#3461 = CIRCLE ( 'NONE', #3107, 7.499999999999971578 ) ;
#3462 = CARTESIAN_POINT ( 'NONE',  ( 25.69489793530135913, -22.03584344747423884, -0.04021788934182952274 ) ) ;
#3463 = CARTESIAN_POINT ( 'NONE',  ( 26.59544621215235694, 25.89497786293688719, -0.7602905207612687954 ) ) ;
#3464 = ORIENTED_EDGE ( 'NONE', *, *, #3288, .T. ) ;
#3465 = CARTESIAN_POINT ( 'NONE',  ( 27.89999999999986358, -22.38817675479887725, -45.92154413826855830 ) ) ;
#3466 = AXIS2_PLACEMENT_3D ( 'NONE', #1527, #4619, #325 ) ;
#3467 = CYLINDRICAL_SURFACE ( 'NONE', #2804, 7.999999999999992895 ) ;
#3468 = ADVANCED_FACE ( 'NONE', ( #3037 ), #922, .F. ) ;
#3469 = CARTESIAN_POINT ( 'NONE',  ( 27.01883881678249111, -26.50063340150814284, -0.5482396112252672093 ) ) ;
#3470 = CARTESIAN_POINT ( 'NONE',  ( 25.00000000000000355, 19.45368542045352456, -5.000000000000000000 ) ) ;
#3471 = CARTESIAN_POINT ( 'NONE',  ( 26.99055136998127580, -24.11237074885136522, -0.3398115099807983985 ) ) ;
#3472 = DIRECTION ( 'NONE',  ( -4.476705744456288765E-15, 0.000000000000000000, -1.000000000000000000 ) ) ;
#3473 = CARTESIAN_POINT ( 'NONE',  ( 25.99999999999986144, 19.00000000000000711, -48.50221285621783807 ) ) ;
#3474 = CARTESIAN_POINT ( 'NONE',  ( 25.22932134784863223, 21.19153560889098387, -5.026648978037606241 ) ) ;
#3475 = ORIENTED_EDGE ( 'NONE', *, *, #2939, .F. ) ;
#3476 = DIRECTION ( 'NONE',  ( -1.000000000000000000, 0.000000000000000000, 0.000000000000000000 ) ) ;
#3477 = CARTESIAN_POINT ( 'NONE',  ( 27.04395474221389151, 24.25837565258831319, -0.3588758417375619847 ) ) ;
#3478 = CARTESIAN_POINT ( 'NONE',  ( 26.63193079602472224, -27.00000000000153833, -2.111460126164212525 ) ) ;
#3479 = CARTESIAN_POINT ( 'NONE',  ( 26.20166522235555462, -23.89000897199776574, -0.6516438027507696074 ) ) ;
#3480 = DIRECTION ( 'NONE',  ( 1.000000000000000000, 0.000000000000000000, 0.000000000000000000 ) ) ;
#3481 = CYLINDRICAL_SURFACE ( 'NONE', #1861, 2.999999999999997335 ) ;
#3482 = ORIENTED_EDGE ( 'NONE', *, *, #5320, .F. ) ;
#3483 = DIRECTION ( 'NONE',  ( 1.000000000000000000, 0.000000000000000000, 0.000000000000000000 ) ) ;
#3484 = ORIENTED_EDGE ( 'NONE', *, *, #764, .F. ) ;
#3485 = EDGE_CURVE ( 'NONE', #5041, #4063, #1368, .T. ) ;
#3486 = ORIENTED_EDGE ( 'NONE', *, *, #4544, .F. ) ;
#3487 = DIRECTION ( 'NONE',  ( 1.000000000000000000, 0.000000000000000000, 0.000000000000000000 ) ) ;
#3488 = CIRCLE ( 'NONE', #29, 23.00000000000008171 ) ;
#3489 = VERTEX_POINT ( 'NONE', #3116 ) ;
#3490 = CARTESIAN_POINT ( 'NONE',  ( 30.99999999999987210, 22.38817675479886660, -45.92154413826857251 ) ) ;
#3491 = AXIS2_PLACEMENT_3D ( 'NONE', #4810, #3949, #3607 ) ;
#3492 = PLANE ( 'NONE',  #405 ) ;
#3493 = CARTESIAN_POINT ( 'NONE',  ( 25.00000000000000000, -22.01571739626974988, -4.582547696720295605 ) ) ;
#3494 = DIRECTION ( 'NONE',  ( 1.000000000000000000, 8.673617379884043361E-16, 0.000000000000000000 ) ) ;
#3495 = DIRECTION ( 'NONE',  ( 1.000000000000000000, -1.575895479354882178E-16, -3.491481338843133355E-15 ) ) ;
#3496 = CARTESIAN_POINT ( 'NONE',  ( 25.34231857614216921, 22.03524667439803153, -5.060401062082063639 ) ) ;
#3497 = ORIENTED_EDGE ( 'NONE', *, *, #1040, .T. ) ;
#3498 = ADVANCED_FACE ( 'NONE', ( #1473 ), #2748, .F. ) ;
#3499 = CARTESIAN_POINT ( 'NONE',  ( 25.01311416702294466, -22.08314381301593698, -4.582647491865169620 ) ) ;
#3500 = APPLICATION_CONTEXT ( 'automotive_design' ) ;
#3501 = CARTESIAN_POINT ( 'NONE',  ( 26.33037307260483928, 22.88838098367766349, -0.1492167607324874357 ) ) ;
#3502 = CARTESIAN_POINT ( 'NONE',  ( 25.32140060824314176, -21.87572808886530140, -5.053053568288079944 ) ) ;
#3503 = CARTESIAN_POINT ( 'NONE',  ( 1.999999999999988232, -12.15000000000000036, -3.000000000000002665 ) ) ;
#3504 = DIRECTION ( 'NONE',  ( -1.920774913804158804E-16, 1.000000000000000000, 0.000000000000000000 ) ) ;
#3505 = DIRECTION ( 'NONE',  ( -0.000000000000000000, -0.000000000000000000, 1.000000000000000000 ) ) ;
#3506 = ORIENTED_EDGE ( 'NONE', *, *, #3510, .F. ) ;
#3507 = CARTESIAN_POINT ( 'NONE',  ( 25.80175983227339742, 27.00000000000000000, -4.976489215383356424 ) ) ;
#3508 = CYLINDRICAL_SURFACE ( 'NONE', #1205, 1.549999999999995826 ) ;
#3509 = VERTEX_POINT ( 'NONE', #3924 ) ;
#3510 = EDGE_CURVE ( 'NONE', #3902, #3618, #4057, .T. ) ;
#3511 = ORIENTED_EDGE ( 'NONE', *, *, #4685, .T. ) ;
#3512 = FACE_OUTER_BOUND ( 'NONE', #822, .T. ) ;
#3513 = AXIS2_PLACEMENT_3D ( 'NONE', #99, #148, #1884 ) ;
#3514 = ORIENTED_EDGE ( 'NONE', *, *, #3091, .F. ) ;
#3515 = FACE_OUTER_BOUND ( 'NONE', #5108, .T. ) ;
#3516 = DIRECTION ( 'NONE',  ( -0.000000000000000000, -0.000000000000000000, 1.000000000000000000 ) ) ;
#3517 = EDGE_CURVE ( 'NONE', #4365, #2535, #3729, .T. ) ;
#3518 = CARTESIAN_POINT ( 'NONE',  ( 25.99999999999984013, 15.96933128205093766, -53.89038961101653769 ) ) ;
#3519 = CARTESIAN_POINT ( 'NONE',  ( 25.21780798503985821, -23.23634158891121615, -4.600352179479036074 ) ) ;
#3520 = CARTESIAN_POINT ( 'NONE',  ( 24.99999999999999645, -19.40537192938749556, -5.000000000000000000 ) ) ;
#3521 = CARTESIAN_POINT ( 'NONE',  ( 25.51146777629123719, 23.58864982427533619, -5.140651359632909312 ) ) ;
#3522 = VERTEX_POINT ( 'NONE', #4785 ) ;
#3523 = DIRECTION ( 'NONE',  ( 1.000000000000000000, -1.575895479354882178E-16, -3.491481338843133355E-15 ) ) ;
#3524 = CARTESIAN_POINT ( 'NONE',  ( 26.55456236478156029, 23.23919367474624309, -0.2047724755261506602 ) ) ;
#3525 = DIRECTION ( 'NONE',  ( -4.476705744456268255E-15, 0.000000000000000000, -1.000000000000000000 ) ) ;
#3526 = CARTESIAN_POINT ( 'NONE',  ( 26.00000000000000000, -26.50000000000000355, -6.000000000000003553 ) ) ;
#3527 = LINE ( 'NONE', #3925, #1421 ) ;
#3528 = CARTESIAN_POINT ( 'NONE',  ( 18.06274606680622696, 18.00000000000000355, -5.000000000000000000 ) ) ;
#3529 = DIRECTION ( 'NONE',  ( -1.000000000000000000, 0.000000000000000000, 3.491481338843133355E-15 ) ) ;
#3530 = CARTESIAN_POINT ( 'NONE',  ( 25.59663502166567639, 21.90899209616113197, -0.02962264341605526027 ) ) ;
#3531 = ORIENTED_EDGE ( 'NONE', *, *, #303, .T. ) ;
#3532 = AXIS2_PLACEMENT_3D ( 'NONE', #1530, #4503, #438 ) ;
#3533 = ORIENTED_EDGE ( 'NONE', *, *, #2751, .F. ) ;
#3534 = ORIENTED_EDGE ( 'NONE', *, *, #989, .T. ) ;
#3535 = AXIS2_PLACEMENT_3D ( 'NONE', #4361, #596, #2819 ) ;
#3536 = DIRECTION ( 'NONE',  ( -1.000000000000000000, 0.000000000000000000, 0.000000000000000000 ) ) ;
#3537 = EDGE_LOOP ( 'NONE', ( #197, #664, #3754, #4525, #2102, #2759, #3956, #552 ) ) ;
#3538 = FACE_BOUND ( 'NONE', #3952, .T. ) ;
#3539 = AXIS2_PLACEMENT_3D ( 'NONE', #256, #763, #2905 ) ;
#3540 = CIRCLE ( 'NONE', #4435, 2.999999999999999112 ) ;
#3541 = DIRECTION ( 'NONE',  ( 1.000000000000000000, 0.000000000000000000, 0.000000000000000000 ) ) ;
#3542 = AXIS2_PLACEMENT_3D ( 'NONE', #1076, #132, #3525 ) ;
#3543 = LINE ( 'NONE', #572, #2215 ) ;
#3544 = AXIS2_PLACEMENT_3D ( 'NONE', #1615, #240, #2440 ) ;
#3545 = CYLINDRICAL_SURFACE ( 'NONE', #1341, 1.549999999999995826 ) ;
#3546 = CARTESIAN_POINT ( 'NONE',  ( 26.55156890317359952, 24.42074729212736983, -0.2040648448281909000 ) ) ;
#3547 = ORIENTED_EDGE ( 'NONE', *, *, #4289, .T. ) ;
#3548 = EDGE_CURVE ( 'NONE', #2335, #5294, #831, .T. ) ;
#3549 = CIRCLE ( 'NONE', #535, 1.549999999999999378 ) ;
#3550 = CARTESIAN_POINT ( 'NONE',  ( 24.66995061748605522, -20.27801324004206052, -4.621548245320808768 ) ) ;
#3551 = CARTESIAN_POINT ( 'NONE',  ( 27.08501135908291246, 24.39009863402687728, -0.3739237473527066702 ) ) ;
#3552 = CARTESIAN_POINT ( 'NONE',  ( 25.55439981519542769, -24.18833935677705682, -5.167736030984865003 ) ) ;
#3553 = CARTESIAN_POINT ( 'NONE',  ( 27.03080581245128045, 27.00000000000000355, -0.8886569522175438163 ) ) ;
#3554 = CARTESIAN_POINT ( 'NONE',  ( 25.41001699411784998, 25.54982033773484673, -4.646509246870350829 ) ) ;
#3555 = LINE ( 'NONE', #558, #4794 ) ;
#3556 = CARTESIAN_POINT ( 'NONE',  ( 24.99999999999999645, -27.00000000000000355, -6.000000000000000000 ) ) ;
#3557 = CARTESIAN_POINT ( 'NONE',  ( 27.89999999999999503, -15.96933128205095187, -9.114036101419131342 ) ) ;
#3558 = EDGE_CURVE ( 'NONE', #3259, #929, #5188, .T. ) ;
#3559 = FACE_OUTER_BOUND ( 'NONE', #3205, .T. ) ;
#3560 = ORIENTED_EDGE ( 'NONE', *, *, #707, .T. ) ;
#3561 = ORIENTED_EDGE ( 'NONE', *, *, #1467, .T. ) ;
#3562 = EDGE_CURVE ( 'NONE', #362, #2544, #2252, .T. ) ;
#3563 = EDGE_LOOP ( 'NONE', ( #4903, #3207, #3797, #4660, #312 ) ) ;
#3564 = DIRECTION ( 'NONE',  ( -0.000000000000000000, -0.000000000000000000, 1.000000000000000000 ) ) ;
#3565 = ORIENTED_EDGE ( 'NONE', *, *, #639, .T. ) ;
#3566 = FACE_BOUND ( 'NONE', #875, .T. ) ;
#3567 = AXIS2_PLACEMENT_3D ( 'NONE', #718, #2408, #2005 ) ;
#3568 = CARTESIAN_POINT ( 'NONE',  ( -8.691342951089923829, -6.749999999999997335, -5.000000000000000000 ) ) ;
#3569 = CARTESIAN_POINT ( 'NONE',  ( 25.53652842502906495, -22.76109135265134142, -0.5413645170792832362 ) ) ;
#3570 = CARTESIAN_POINT ( 'NONE',  ( 25.19341004366820513, -23.08554187780742240, -4.596697477583071567 ) ) ;
#3571 = CARTESIAN_POINT ( 'NONE',  ( 25.23484456311782154, -21.43809215796667544, -5.000000000000000000 ) ) ;
#3572 = ADVANCED_FACE ( 'NONE', ( #1817 ), #1091, .F. ) ;
#3573 = ORIENTED_EDGE ( 'NONE', *, *, #639, .F. ) ;
#3574 = EDGE_CURVE ( 'NONE', #3828, #34, #474, .T. ) ;
#3575 = CARTESIAN_POINT ( 'NONE',  ( 30.99999999999982947, -19.64310073908833232, -55.47260893100327905 ) ) ;
#3576 = DIRECTION ( 'NONE',  ( 1.000000000000000000, -0.000000000000000000, -3.491481338843133355E-15 ) ) ;
#3577 = CARTESIAN_POINT ( 'NONE',  ( 25.31681680582247296, -21.84059958691567616, -5.051512732726752830 ) ) ;
#3578 = DIRECTION ( 'NONE',  ( 1.000000000000000000, -0.000000000000000000, -3.491481338843133355E-15 ) ) ;
#3579 = CARTESIAN_POINT ( 'NONE',  ( 25.29612805185329805, 23.76684667933974637, -4.615574439418436370 ) ) ;
#3580 = CARTESIAN_POINT ( 'NONE',  ( 8.522208655980943348, 6.074999999999998401, 0.000000000000000000 ) ) ;
#3581 = CARTESIAN_POINT ( 'NONE',  ( 25.55744615265163944, 24.23953821143506815, -5.169785791874619285 ) ) ;
#3582 = VERTEX_POINT ( 'NONE', #4837 ) ;
#3583 = AXIS2_PLACEMENT_3D ( 'NONE', #2187, #3438, #3352 ) ;
#3584 = PLANE ( 'NONE',  #505 ) ;
#3585 = EDGE_CURVE ( 'NONE', #1185, #3875, #1815, .T. ) ;
#3586 = AXIS2_PLACEMENT_3D ( 'NONE', #581, #2802, #4052 ) ;
#3587 = DIRECTION ( 'NONE',  ( -0.7071067811865452413, -0.7071067811865499042, 0.000000000000000000 ) ) ;
#3588 = ORIENTED_EDGE ( 'NONE', *, *, #1659, .F. ) ;
#3589 = ORIENTED_EDGE ( 'NONE', *, *, #1926, .F. ) ;
#3590 = CIRCLE ( 'NONE', #4582, 1.999999999999988010 ) ;
#3591 = EDGE_LOOP ( 'NONE', ( #1038, #3409 ) ) ;
#3592 = DIRECTION ( 'NONE',  ( 1.000000000000000000, 0.000000000000000000, 0.000000000000000000 ) ) ;
#3593 = VERTEX_POINT ( 'NONE', #1445 ) ;
#3594 = VECTOR ( 'NONE', #550, 1000.000000000000000 ) ;
#3595 = CARTESIAN_POINT ( 'NONE',  ( 27.89999999999985647, -22.38817675479887725, -47.47154413826856256 ) ) ;
#3596 = VECTOR ( 'NONE', #2106, 1000.000000000000000 ) ;
#3597 = DIRECTION ( 'NONE',  ( 0.7071067811865501263, -0.6471578687381065453, -0.2849327866889804217 ) ) ;
#3598 = CARTESIAN_POINT ( 'NONE',  ( 25.07567481221606798, -22.11644977788888866, -0.5151020241193423610 ) ) ;
#3599 = CARTESIAN_POINT ( 'NONE',  ( 25.20145794970078157, -23.13506800583203216, -4.597885589106609494 ) ) ;
#3600 = CARTESIAN_POINT ( 'NONE',  ( 24.93114908221900450, 21.93398020099773049, 1.132744392338135988E-16 ) ) ;
#3601 = ADVANCED_FACE ( 'NONE', ( #999 ), #286, .F. ) ;
#3602 = VECTOR ( 'NONE', #112, 1000.000000000000000 ) ;
#3603 = EDGE_LOOP ( 'NONE', ( #779, #3486, #2313, #1504, #2421 ) ) ;
#3604 = CARTESIAN_POINT ( 'NONE',  ( 25.20266703637296857, -21.61161901081573689, -0.1192963446771173747 ) ) ;
#3605 = CARTESIAN_POINT ( 'NONE',  ( 9.000000000000000000, 0.000000000000000000, -0.4999999999999865663 ) ) ;
#3606 = CARTESIAN_POINT ( 'NONE',  ( 25.36037832398866598, -22.18056678778899737, -5.067168832107482146 ) ) ;
#3607 = DIRECTION ( 'NONE',  ( -3.469446951953615372E-15, 0.000000000000000000, -1.000000000000000000 ) ) ;
#3608 = CARTESIAN_POINT ( 'NONE',  ( 25.22737392389387168, 23.28478353171843196, -4.602021158837407810 ) ) ;
#3609 = LINE ( 'NONE', #2777, #4972 ) ;
#3610 = CARTESIAN_POINT ( 'NONE',  ( 25.38931516980058944, 22.40968547810314249, -5.078836189400588452 ) ) ;
#3611 = EDGE_LOOP ( 'NONE', ( #5015, #3204, #479, #4236 ) ) ;
#3612 = CARTESIAN_POINT ( 'NONE',  ( 25.32316809567513261, 22.44795595201847505, -0.5243194376765032416 ) ) ;
#3613 = DIRECTION ( 'NONE',  ( 9.424356896852750087E-31, 0.7071067811865463515, -0.7071067811865487940 ) ) ;
#3614 = DIRECTION ( 'NONE',  ( -0.000000000000000000, -0.000000000000000000, -1.000000000000000000 ) ) ;
#3615 = ORIENTED_EDGE ( 'NONE', *, *, #5238, .F. ) ;
#3616 = EDGE_LOOP ( 'NONE', ( #3846, #3073 ) ) ;
#3617 = EDGE_CURVE ( 'NONE', #4722, #2287, #4024, .T. ) ;
#3618 = VERTEX_POINT ( 'NONE', #3553 ) ;
#3619 = CARTESIAN_POINT ( 'NONE',  ( 8.691342951089923829, -6.749999999999999112, -5.000000000000000000 ) ) ;
#3620 = VERTEX_POINT ( 'NONE', #5312 ) ;
#3621 = CARTESIAN_POINT ( 'NONE',  ( 30.49999999999982236, -12.30845354218735821, -55.50221285621785228 ) ) ;
#3622 = AXIS2_PLACEMENT_3D ( 'NONE', #3782, #4678, #4143 ) ;
#3623 = FACE_BOUND ( 'NONE', #4969, .T. ) ;
#3624 = CARTESIAN_POINT ( 'NONE',  ( 26.60194578176639979, -25.94249775441906181, -0.7622749194426351460 ) ) ;
#3625 = CARTESIAN_POINT ( 'NONE',  ( 25.33664942761696537, -24.11506378765594505, -4.625293619750042495 ) ) ;
#3626 = CARTESIAN_POINT ( 'NONE',  ( 25.01854021638274972, -19.55627354048430888, -5.000000000000000000 ) ) ;
#3627 = VECTOR ( 'NONE', #4748, 1000.000000000000000 ) ;
#3628 = AXIS2_PLACEMENT_3D ( 'NONE', #2633, #1384, #5250 ) ;
#3629 = CIRCLE ( 'NONE', #2656, 1.549999999999995826 ) ;
#3630 = ADVANCED_FACE ( 'NONE', ( #5258 ), #3138, .T. ) ;
#3631 = CIRCLE ( 'NONE', #1241, 1.549999999999994049 ) ;
#3632 = LINE ( 'NONE', #5339, #315 ) ;
#3633 = DIRECTION ( 'NONE',  ( 1.358192966683929503E-16, -0.7071067811865487940, -0.7071067811865463515 ) ) ;
#3634 = CARTESIAN_POINT ( 'NONE',  ( 25.27504738146479113, -21.52256229889482952, -5.038501512386940107 ) ) ;
#3635 = CARTESIAN_POINT ( 'NONE',  ( 30.99999999999983658, -15.96933128205095187, -53.89038961101656611 ) ) ;
#3636 = CARTESIAN_POINT ( 'NONE',  ( 9.000000000000000000, 0.000000000000000000, -0.4999999999999865663 ) ) ;
#3637 = DIRECTION ( 'NONE',  ( 0.000000000000000000, 0.000000000000000000, 1.000000000000000000 ) ) ;
#3638 = CIRCLE ( 'NONE', #3733, 1.549999999999995826 ) ;
#3639 = CARTESIAN_POINT ( 'NONE',  ( 25.56733855460095839, 24.43440932573041380, -5.176515162111395618 ) ) ;
#3640 = ORIENTED_EDGE ( 'NONE', *, *, #5067, .T. ) ;
#3641 = CARTESIAN_POINT ( 'NONE',  ( 27.89999999999985647, -22.38817675479887725, -47.47154413826856256 ) ) ;
#3642 = CARTESIAN_POINT ( 'NONE',  ( 25.80100025536835062, 23.15493624243642756, -0.5750010822107893826 ) ) ;
#3643 = VECTOR ( 'NONE', #1190, 999.9999999999998863 ) ;
#3644 = CARTESIAN_POINT ( 'NONE',  ( 26.44055087280113625, -24.49810278750758386, -0.7136612696680112444 ) ) ;
#3645 = CARTESIAN_POINT ( 'NONE',  ( -11.69134295108992383, -6.749999999999997335, -5.000000000000000000 ) ) ;
#3646 = CARTESIAN_POINT ( 'NONE',  ( 24.99197658717828219, 21.84673246540857861, -0.4214052370399816172 ) ) ;
#3647 = ORIENTED_EDGE ( 'NONE', *, *, #2625, .F. ) ;
#3648 = ORIENTED_EDGE ( 'NONE', *, *, #4781, .F. ) ;
#3649 = ADVANCED_FACE ( 'NONE', ( #4001 ), #213, .F. ) ;
#3650 = FACE_OUTER_BOUND ( 'NONE', #2271, .T. ) ;
#3651 = EDGE_CURVE ( 'NONE', #5453, #1820, #90, .T. ) ;
#3652 = ORIENTED_EDGE ( 'NONE', *, *, #1100, .F. ) ;
#3653 = CARTESIAN_POINT ( 'NONE',  ( 25.23358537577016847, 21.43611310339339227, -4.999999999999999112 ) ) ;
#3654 = DIRECTION ( 'NONE',  ( 1.000000000000000000, -1.575895479354882178E-16, -3.491481338843133355E-15 ) ) ;
#3655 = CARTESIAN_POINT ( 'NONE',  ( 24.99999999999999645, -25.99999999999999645, -5.000000000000000000 ) ) ;
#3656 = CARTESIAN_POINT ( 'NONE',  ( 25.18239215904993245, 22.25641474594768354, -0.5176647188709928571 ) ) ;
#3657 = CARTESIAN_POINT ( 'NONE',  ( 27.26062110256669513, 25.70004499749204996, -0.4421592350979086650 ) ) ;
#3658 = EDGE_CURVE ( 'NONE', #2454, #3003, #529, .T. ) ;
#3659 = FACE_OUTER_BOUND ( 'NONE', #4491, .T. ) ;
#3660 = CARTESIAN_POINT ( 'NONE',  ( 2.999999999999999112, 13.50000000000000000, -1.899999999999999689 ) ) ;
#3661 = CARTESIAN_POINT ( 'NONE',  ( 25.28687358442335054, -21.61234662356477543, -5.042031433430501863 ) ) ;
#3662 = DIRECTION ( 'NONE',  ( 1.000000000000000000, -0.000000000000000000, -3.491481338843133355E-15 ) ) ;
#3663 = CARTESIAN_POINT ( 'NONE',  ( 25.41110687692465930, 25.65921795079516698, -4.646840521877976471 ) ) ;
#3664 = CARTESIAN_POINT ( 'NONE',  ( -3.210507612007644511E-15, -17.49999999999999645, -5.000000000000000000 ) ) ;
#3665 = AXIS2_PLACEMENT_3D ( 'NONE', #5505, #854, #2195 ) ;
#3666 = EDGE_CURVE ( 'NONE', #4035, #620, #1450, .T. ) ;
#3667 = CARTESIAN_POINT ( 'NONE',  ( 25.56079296481521723, 24.30102398085258031, -5.172042937680206620 ) ) ;
#3668 = ORIENTED_EDGE ( 'NONE', *, *, #3679, .F. ) ;
#3669 = ADVANCED_FACE ( 'NONE', ( #268 ), #2860, .T. ) ;
#3670 = CARTESIAN_POINT ( 'NONE',  ( 25.56448966030660230, -24.37208879262123773, -5.174556387863908924 ) ) ;
#3671 = CARTESIAN_POINT ( 'NONE',  ( 27.26612919512247757, -25.67448210049397517, -0.4444028686799548766 ) ) ;
#3672 = CARTESIAN_POINT ( 'NONE',  ( 26.40608190259641930, -24.38694582347389073, -0.7038199464824157481 ) ) ;
#3673 = CARTESIAN_POINT ( 'NONE',  ( 30.99999999999984723, -22.38817675479887725, -50.47154413826856967 ) ) ;
#3674 = CARTESIAN_POINT ( 'NONE',  ( 24.93913256215899921, 21.91156401951431221, -0.5000000000000022204 ) ) ;
#3675 = ADVANCED_FACE ( 'NONE', ( #745 ), #195, .F. ) ;
#3676 = ORIENTED_EDGE ( 'NONE', *, *, #1938, .T. ) ;
#3677 = EDGE_CURVE ( 'NONE', #3428, #5442, #2410, .T. ) ;
#3678 = ORIENTED_EDGE ( 'NONE', *, *, #1244, .F. ) ;
#3679 = EDGE_CURVE ( 'NONE', #512, #351, #3313, .T. ) ;
#3680 = VECTOR ( 'NONE', #3342, 1000.000000000000000 ) ;
#3681 = CARTESIAN_POINT ( 'NONE',  ( 24.96003139272805882, 21.94671399788737531, -0.5044812260170554730 ) ) ;
#3682 = ORIENTED_EDGE ( 'NONE', *, *, #3143, .T. ) ;
#3683 = DIRECTION ( 'NONE',  ( 1.000000000000000000, -0.000000000000000000, -3.491481338843133355E-15 ) ) ;
#3684 = CARTESIAN_POINT ( 'NONE',  ( 30.99999999999983302, 12.30845354218734755, -55.50221285621785228 ) ) ;
#3685 = CARTESIAN_POINT ( 'NONE',  ( 26.51687851068731305, -24.82368091656992704, -0.7361520964732675143 ) ) ;
#3686 = AXIS2_PLACEMENT_3D ( 'NONE', #805, #5421, #4195 ) ;
#3687 = CARTESIAN_POINT ( 'NONE',  ( 25.40713028866368717, -25.27802146659713500, -4.645605551096442909 ) ) ;
#3688 = CARTESIAN_POINT ( 'NONE',  ( 27.02523105677521187, 24.20369048773156351, -0.3521209985433646494 ) ) ;
#3689 = ORIENTED_EDGE ( 'NONE', *, *, #322, .T. ) ;
#3690 = MANIFOLD_SOLID_BREP ( '倒角1', #3370 ) ;
#3691 = AXIS2_PLACEMENT_3D ( 'NONE', #5500, #5473, #3441 ) ;
#3692 = EDGE_CURVE ( 'NONE', #4780, #4586, #4564, .T. ) ;
#3693 = CARTESIAN_POINT ( 'NONE',  ( 30.99999999999983302, 12.30845354218734755, -56.00221285621785228 ) ) ;
#3694 = FACE_OUTER_BOUND ( 'NONE', #194, .T. ) ;
#3695 = LINE ( 'NONE', #5391, #3643 ) ;
#3696 = CARTESIAN_POINT ( 'NONE',  ( 30.99999999999982947, -12.76606325967031097, -55.30073495056770128 ) ) ;
#3697 = CARTESIAN_POINT ( 'NONE',  ( 0.000000000000000000, 18.00000000000000000, -4.500000000000003553 ) ) ;
#3698 = DIRECTION ( 'NONE',  ( -0.000000000000000000, -0.000000000000000000, -1.000000000000000000 ) ) ;
#3699 = VECTOR ( 'NONE', #287, 1000.000000000000000 ) ;
#3700 = CARTESIAN_POINT ( 'NONE',  ( 25.24206963850554430, 23.37694416073290071, -4.604416246570730564 ) ) ;
#3701 = ORIENTED_EDGE ( 'NONE', *, *, #3574, .T. ) ;
#3702 = CARTESIAN_POINT ( 'NONE',  ( 25.41268094368850328, -22.61601574838801909, -5.088885614041022798 ) ) ;
#3703 = CARTESIAN_POINT ( 'NONE',  ( 25.06606024449155967, 22.10196655220759610, -0.5147944186856731053 ) ) ;
#3704 = FACE_OUTER_BOUND ( 'NONE', #3346, .T. ) ;
#3705 = DIRECTION ( 'NONE',  ( -0.000000000000000000, -0.000000000000000000, 1.000000000000000000 ) ) ;
#3706 = CARTESIAN_POINT ( 'NONE',  ( 30.99999999999982592, -25.99999999999998579, -56.00221285621785938 ) ) ;
#3707 = VERTEX_POINT ( 'NONE', #4474 ) ;
#3708 = VERTEX_POINT ( 'NONE', #2007 ) ;
#3709 = DIRECTION ( 'NONE',  ( -4.476705744456293499E-15, 0.000000000000000000, -1.000000000000000000 ) ) ;
#3710 = VERTEX_POINT ( 'NONE', #4084 ) ;
#3711 = DIRECTION ( 'NONE',  ( 0.000000000000000000, 1.000000000000000000, 0.000000000000000000 ) ) ;
#3712 = CARTESIAN_POINT ( 'NONE',  ( 27.10724545128520546, -24.46364454006250710, -0.3822066610005636633 ) ) ;
#3713 = FACE_OUTER_BOUND ( 'NONE', #2977, .T. ) ;
#3714 = CARTESIAN_POINT ( 'NONE',  ( 26.20000618914279045, 22.69947559833324036, -0.1212188579841781827 ) ) ;
#3715 = ORIENTED_EDGE ( 'NONE', *, *, #3251, .T. ) ;
#3716 = AXIS2_PLACEMENT_3D ( 'NONE', #1729, #3417, #3778 ) ;
#3717 = CARTESIAN_POINT ( 'NONE',  ( 25.99999999999982592, -18.99999999999998934, -56.00221285621784517 ) ) ;
#3718 = CARTESIAN_POINT ( 'NONE',  ( -2.999999999999999556, 13.50000000000000000, -5.000000000000000000 ) ) ;
#3719 = AXIS2_PLACEMENT_3D ( 'NONE', #3070, #2156, #2680 ) ;
#3720 = CARTESIAN_POINT ( 'NONE',  ( 27.89999999999996660, -22.38817675479887725, -15.53288157416712245 ) ) ;
#3721 = DIRECTION ( 'NONE',  ( 1.000000000000000000, 0.000000000000000000, 0.000000000000000000 ) ) ;
#3722 = DIRECTION ( 'NONE',  ( 1.156482317317871331E-15, 0.000000000000000000, 1.000000000000000000 ) ) ;
#3723 = CARTESIAN_POINT ( 'NONE',  ( 9.499999999999994671, 0.000000000000000000, 0.000000000000000000 ) ) ;
#3724 = EDGE_CURVE ( 'NONE', #4206, #4005, #1361, .T. ) ;
#3725 = CARTESIAN_POINT ( 'NONE',  ( 24.99548906719353880, 21.99305468989652823, -4.582427964100479478 ) ) ;
#3726 = ORIENTED_EDGE ( 'NONE', *, *, #4228, .T. ) ;
#3727 = AXIS2_PLACEMENT_3D ( 'NONE', #5215, #4407, #1405 ) ;
#3728 = AXIS2_PLACEMENT_3D ( 'NONE', #950, #1794, #3480 ) ;
#3729 = B_SPLINE_CURVE_WITH_KNOTS ( 'NONE', 3,
 ( #2276, #580, #4391, #3972 ),
 .UNSPECIFIED., .F., .F.,
 ( 4, 4 ),
 ( 0.000000000000000000, 0.0005445823365115276798 ),
 .UNSPECIFIED. ) ;
#3730 = CARTESIAN_POINT ( 'NONE',  ( 25.57514103918951776, -24.61937990793028774, -5.181943893961535430 ) ) ;
#3731 = CARTESIAN_POINT ( 'NONE',  ( 27.21844763814286949, -25.03398507039947773, -0.4251891399680310379 ) ) ;
#3732 = CARTESIAN_POINT ( 'NONE',  ( 26.56515190222695466, -25.14929727465283449, -0.7508509103735081514 ) ) ;
#3733 = AXIS2_PLACEMENT_3D ( 'NONE', #130, #154, #105 ) ;
#3734 = ORIENTED_EDGE ( 'NONE', *, *, #818, .F. ) ;
#3735 = ORIENTED_EDGE ( 'NONE', *, *, #1201, .T. ) ;
#3736 = CIRCLE ( 'NONE', #3910, 2.999999999999999112 ) ;
#3737 = VERTEX_POINT ( 'NONE', #3696 ) ;
#3738 = DIRECTION ( 'NONE',  ( -4.476705744456288765E-15, 0.000000000000000000, -1.000000000000000000 ) ) ;
#3739 = ORIENTED_EDGE ( 'NONE', *, *, #1789, .F. ) ;
#3740 = LINE ( 'NONE', #3232, #2386 ) ;
#3741 = EDGE_CURVE ( 'NONE', #279, #1561, #2246, .T. ) ;
#3742 = CARTESIAN_POINT ( 'NONE',  ( 25.82382790428423291, -22.20115979308532772, -0.05667284598560490272 ) ) ;
#3743 = CARTESIAN_POINT ( 'NONE',  ( 25.39035701529568101, -24.79924968325990164, -4.640482923541759952 ) ) ;
#3744 = CARTESIAN_POINT ( 'NONE',  ( 0.000000000000000000, 18.00000000000000000, -0.5000000000000022204 ) ) ;
#3745 = VERTEX_POINT ( 'NONE', #3276 ) ;
#3746 = ORIENTED_EDGE ( 'NONE', *, *, #3382, .T. ) ;
#3747 = CYLINDRICAL_SURFACE ( 'NONE', #4766, 5.999999999999998224 ) ;
#3748 = DIRECTION ( 'NONE',  ( -0.000000000000000000, -0.000000000000000000, -1.000000000000000000 ) ) ;
#3749 = FACE_OUTER_BOUND ( 'NONE', #2399, .T. ) ;
#3750 = DIRECTION ( 'NONE',  ( -0.000000000000000000, -0.000000000000000000, -1.000000000000000000 ) ) ;
#3751 = DIRECTION ( 'NONE',  ( 1.000000000000000000, -0.000000000000000000, -3.491481338843133355E-15 ) ) ;
#3752 = DIRECTION ( 'NONE',  ( 1.000000000000000000, 0.000000000000000000, 0.000000000000000000 ) ) ;
#3753 = CARTESIAN_POINT ( 'NONE',  ( 25.03282384186093523, 22.18237197147261242, -4.582920978709273285 ) ) ;
#3754 = ORIENTED_EDGE ( 'NONE', *, *, #1399, .T. ) ;
#3755 = ADVANCED_FACE ( 'NONE', ( #5448 ), #2438, .F. ) ;
#3756 = CARTESIAN_POINT ( 'NONE',  ( 25.40705805563484887, 26.54780586929525299, -4.645613829831124697 ) ) ;
#3757 = CARTESIAN_POINT ( 'NONE',  ( 25.40823684066070953, -26.55177235253158585, -4.645962234748059139 ) ) ;
#3758 = CARTESIAN_POINT ( 'NONE',  ( 26.48214123004176557, 24.66836485586716776, -0.7259201513493372948 ) ) ;
#3759 = AXIS2_PLACEMENT_3D ( 'NONE', #4861, #2746, #4445 ) ;
#3760 = CARTESIAN_POINT ( 'NONE',  ( 26.41643515344221171, -24.41903324398075981, -0.7067525609427942612 ) ) ;
#3761 = DIRECTION ( 'NONE',  ( -4.476705744456273777E-15, 0.000000000000000000, -1.000000000000000000 ) ) ;
#3762 = ORIENTED_EDGE ( 'NONE', *, *, #1696, .F. ) ;
#3763 = AXIS2_PLACEMENT_3D ( 'NONE', #783, #3286, #245 ) ;
#3764 = ORIENTED_EDGE ( 'NONE', *, *, #2846, .F. ) ;
#3765 = EDGE_CURVE ( 'NONE', #1648, #421, #915, .T. ) ;
#3766 = ORIENTED_EDGE ( 'NONE', *, *, #5489, .F. ) ;
#3767 = CARTESIAN_POINT ( 'NONE',  ( 27.26918700034336851, -25.94522102314474665, -0.4456512121962887263 ) ) ;
#3768 = CARTESIAN_POINT ( 'NONE',  ( 26.48087980707243361, 24.66323574645102568, -0.7255513431434683636 ) ) ;
#3769 = CARTESIAN_POINT ( 'NONE',  ( 27.23078846215537396, 25.19802529391686718, -0.4301180662491859152 ) ) ;
#3770 = VERTEX_POINT ( 'NONE', #4561 ) ;
#3771 = EDGE_CURVE ( 'NONE', #3011, #54, #326, .T. ) ;
#3772 = VECTOR ( 'NONE', #4584, 1000.000000000000000 ) ;
#3773 = DIRECTION ( 'NONE',  ( 1.000000000000000000, -0.000000000000000000, -3.491481338843133355E-15 ) ) ;
#3774 = CARTESIAN_POINT ( 'NONE',  ( 27.89999999999985292, 22.38817675479886660, -50.47154413826855546 ) ) ;
#3775 = CARTESIAN_POINT ( 'NONE',  ( 24.99999999999999289, -27.00000000000000355, -6.000000000000000000 ) ) ;
#3776 = CARTESIAN_POINT ( 'NONE',  ( 26.13504512002938895, -22.62035104830385635, -0.1083330036881692549 ) ) ;
#3777 = CARTESIAN_POINT ( 'NONE',  ( 25.07215570172085961, -22.53971086021079984, -5.000000000000000000 ) ) ;
#3778 = DIRECTION ( 'NONE',  ( -3.469446951953619316E-15, 0.000000000000000000, -1.000000000000000000 ) ) ;
#3779 = CIRCLE ( 'NONE', #1655, 9.499999999999994671 ) ;
#3780 = CARTESIAN_POINT ( 'NONE',  ( 24.70247871030785802, 20.48758167865582891, -4.613954319427366890 ) ) ;
#3781 = VERTEX_POINT ( 'NONE', #2032 ) ;
#3782 = CARTESIAN_POINT ( 'NONE',  ( 10.52220865598093269, 6.074999999999998401, -3.000000000000002665 ) ) ;
#3783 = CARTESIAN_POINT ( 'NONE',  ( 25.27509713716492712, -21.52301527391999159, -5.038567547812752956 ) ) ;
#3784 = CARTESIAN_POINT ( 'NONE',  ( 26.40299532010252292, 24.37784616320751496, -0.7030898941632328647 ) ) ;
#3785 = AXIS2_PLACEMENT_3D ( 'NONE', #2547, #2057, #3798 ) ;
#3786 = CARTESIAN_POINT ( 'NONE',  ( 26.26622814809398676, -24.02851535200956690, -0.6670014985865125867 ) ) ;
#3787 = ORIENTED_EDGE ( 'NONE', *, *, #1295, .T. ) ;
#3788 = EDGE_LOOP ( 'NONE', ( #544, #2311, #4988, #902 ) ) ;
#3789 = CARTESIAN_POINT ( 'NONE',  ( 27.89999999999986358, 22.38817675479886660, -47.47154413826855546 ) ) ;
#3790 = VERTEX_POINT ( 'NONE', #1556 ) ;
#3791 = ADVANCED_FACE ( 'NONE', ( #5030 ), #1644, .F. ) ;
#3792 = CARTESIAN_POINT ( 'NONE',  ( 27.20572376351511323, -24.92931168395926278, -0.4200835970449477430 ) ) ;
#3793 = CARTESIAN_POINT ( 'NONE',  ( 26.53105243120391776, 24.89802761731425562, -0.7404046572586875374 ) ) ;
#3794 = CARTESIAN_POINT ( 'NONE',  ( 25.48104442659517588, 21.76906014286167235, -0.01931145541259648643 ) ) ;
#3795 = ORIENTED_EDGE ( 'NONE', *, *, #2894, .F. ) ;
#3796 = CARTESIAN_POINT ( 'NONE',  ( 11.69134295108992383, -6.749999999999999112, 0.000000000000000000 ) ) ;
#3797 = ORIENTED_EDGE ( 'NONE', *, *, #2092, .F. ) ;
#3798 = DIRECTION ( 'NONE',  ( -1.892425610156518551E-15, 0.000000000000000000, -1.000000000000000000 ) ) ;
#3799 = DIRECTION ( 'NONE',  ( -3.469446951953617344E-15, 0.000000000000000000, -1.000000000000000000 ) ) ;
#3800 = DIRECTION ( 'NONE',  ( 1.541976423090494894E-16, 1.000000000000000000, 0.000000000000000000 ) ) ;
#3801 = CARTESIAN_POINT ( 'NONE',  ( 26.82443317443133779, -23.74019206574757845, -0.2840826359156249370 ) ) ;
#3802 = CARTESIAN_POINT ( 'NONE',  ( 24.93302114102925060, -21.93465084277067589, 1.101945033552718628E-16 ) ) ;
#3803 = DIRECTION ( 'NONE',  ( -1.575895479354883410E-16, -1.000000000000000000, -2.909151267794694786E-17 ) ) ;
#3804 = CARTESIAN_POINT ( 'NONE',  ( 25.58202372411822267, 24.85585435842423863, -5.186825444505663185 ) ) ;
#3805 = ORIENTED_EDGE ( 'NONE', *, *, #1760, .T. ) ;
#3806 = CARTESIAN_POINT ( 'NONE',  ( 0.000000000000000000, 0.000000000000000000, -4.500000000000003553 ) ) ;
#3807 = CIRCLE ( 'NONE', #1771, 8.499999999999996447 ) ;
#3808 = CARTESIAN_POINT ( 'NONE',  ( 25.35128743012315766, -24.25775930645458445, -4.629188132604456385 ) ) ;
#3809 = CARTESIAN_POINT ( 'NONE',  ( 26.45264867886895743, 24.54661714070090284, -0.7172777577195230680 ) ) ;
#3810 = DIRECTION ( 'NONE',  ( -0.000000000000000000, -0.000000000000000000, -1.000000000000000000 ) ) ;
#3811 = CARTESIAN_POINT ( 'NONE',  ( 25.67143024090471570, -22.96421244942311901, -0.5568050953223179222 ) ) ;
#3812 = AXIS2_PLACEMENT_3D ( 'NONE', #5436, #2457, #791 ) ;
#3813 = AXIS2_PLACEMENT_3D ( 'NONE', #5105, #117, #1325 ) ;
#3814 = ORIENTED_EDGE ( 'NONE', *, *, #4781, .T. ) ;
#3815 = ORIENTED_EDGE ( 'NONE', *, *, #4576, .F. ) ;
#3816 = VECTOR ( 'NONE', #4341, 1000.000000000000000 ) ;
#3817 = AXIS2_PLACEMENT_3D ( 'NONE', #3950, #2700, #1475 ) ;
#3818 = CARTESIAN_POINT ( 'NONE',  ( 25.34853758707977178, 26.54883474369284002, -4.840279659919896282 ) ) ;
#3819 = EDGE_CURVE ( 'NONE', #1225, #5370, #5184, .T. ) ;
#3820 = VERTEX_POINT ( 'NONE', #3415 ) ;
#3821 = AXIS2_PLACEMENT_3D ( 'NONE', #1111, #1170, #4568 ) ;
#3822 = EDGE_CURVE ( 'NONE', #4012, #1820, #469, .T. ) ;
#3823 = CARTESIAN_POINT ( 'NONE',  ( 24.96516716122400936, -21.96960383094375402, -0.5145882577809917091 ) ) ;
#3824 = CARTESIAN_POINT ( 'NONE',  ( 26.18584994606823813, 23.84616630918325342, -0.6480493452746801664 ) ) ;
#3825 = CARTESIAN_POINT ( 'NONE',  ( 26.10025450804243974, 22.55926254190657332, -0.1013826124884159158 ) ) ;
#3826 = ORIENTED_EDGE ( 'NONE', *, *, #2670, .T. ) ;
#3827 = CARTESIAN_POINT ( 'NONE',  ( 0.000000000000000000, 13.50000000000000000, 0.000000000000000000 ) ) ;
#3828 = VERTEX_POINT ( 'NONE', #804 ) ;
#3829 = DIRECTION ( 'NONE',  ( 0.000000000000000000, 0.000000000000000000, -1.000000000000000000 ) ) ;
#3830 = EDGE_CURVE ( 'NONE', #4867, #3790, #1959, .T. ) ;
#3831 = DIRECTION ( 'NONE',  ( 0.000000000000000000, 0.000000000000000000, -1.000000000000000000 ) ) ;
#3832 = DIRECTION ( 'NONE',  ( -1.387778780781445676E-14, 0.000000000000000000, -1.000000000000000000 ) ) ;
#3833 = CARTESIAN_POINT ( 'NONE',  ( 26.92695018113949601, -23.95771928359588898, -0.3177612867241691452 ) ) ;
#3834 = CARTESIAN_POINT ( 'NONE',  ( 30.99999999999982947, -12.30845354218735821, -55.50221285621785228 ) ) ;
#3835 = DIRECTION ( 'NONE',  ( 1.000000000000000000, -0.000000000000000000, -3.491481338843133355E-15 ) ) ;
#3836 = CARTESIAN_POINT ( 'NONE',  ( 25.27995241551555949, 21.56669283315716967, -5.039978939701981631 ) ) ;
#3837 = ORIENTED_EDGE ( 'NONE', *, *, #2693, .T. ) ;
#3838 = FACE_OUTER_BOUND ( 'NONE', #3460, .T. ) ;
#3839 = CARTESIAN_POINT ( 'NONE',  ( 25.33939284477385101, -24.13937471065498030, -4.625996439156032203 ) ) ;
#3840 = CARTESIAN_POINT ( 'NONE',  ( 26.55893440838691433, 26.81382137891923634, -0.7491654946937565951 ) ) ;
#3841 = CARTESIAN_POINT ( 'NONE',  ( 25.59102696059388649, 26.50000000258534172, -5.193348196647922244 ) ) ;
#3842 = CARTESIAN_POINT ( 'NONE',  ( 25.21991385408872688, -22.31215019677196665, -0.5192765052093936129 ) ) ;
#3843 = DIRECTION ( 'NONE',  ( -1.000000000000000000, 1.575895479354882178E-16, 3.491481338843133355E-15 ) ) ;
#3844 = ADVANCED_FACE ( 'NONE', ( #5349 ), #2764, .T. ) ;
#3845 = CARTESIAN_POINT ( 'NONE',  ( 25.12104650347336232, 20.45599230671242807, -5.000000000000000888 ) ) ;
#3846 = ORIENTED_EDGE ( 'NONE', *, *, #2682, .T. ) ;
#3847 = ORIENTED_EDGE ( 'NONE', *, *, #1879, .T. ) ;
#3848 = FACE_OUTER_BOUND ( 'NONE', #5187, .T. ) ;
#3849 = VERTEX_POINT ( 'NONE', #3215 ) ;
#3850 = AXIS2_PLACEMENT_3D ( 'NONE', #2774, #3633, #2825 ) ;
#3851 = ADVANCED_FACE ( 'NONE', ( #5340, #2379 ), #237, .F. ) ;
#3852 = EDGE_CURVE ( 'NONE', #2961, #5442, #3488, .T. ) ;
#3853 = CARTESIAN_POINT ( 'NONE',  ( 18.06274606680622696, 17.50000000000000000, -5.000000000000000000 ) ) ;
#3854 = CARTESIAN_POINT ( 'NONE',  ( 26.37930705762926564, 24.30751634352598600, -0.6965412122488174873 ) ) ;
#3855 = ORIENTED_EDGE ( 'NONE', *, *, #2098, .T. ) ;
#3856 = DIRECTION ( 'NONE',  ( -1.000000000000000000, 0.000000000000000000, 0.000000000000000000 ) ) ;
#3857 = ORIENTED_EDGE ( 'NONE', *, *, #4228, .F. ) ;
#3858 = FACE_BOUND ( 'NONE', #5499, .T. ) ;
#3859 = DIRECTION ( 'NONE',  ( -3.469446951953611033E-15, 0.000000000000000000, -1.000000000000000000 ) ) ;
#3860 = CARTESIAN_POINT ( 'NONE',  ( 30.99999999999986500, 22.38817675479886660, -47.47154413826856967 ) ) ;
#3861 = CARTESIAN_POINT ( 'NONE',  ( 26.11891547666589375, -22.59781534333992070, -0.1052484720719486927 ) ) ;
#3862 = CYLINDRICAL_SURFACE ( 'NONE', #1829, 3.000000000000000888 ) ;
#3863 = CARTESIAN_POINT ( 'NONE',  ( 24.96638646050518773, 21.85185940265591853, -4.553655333743778399 ) ) ;
#3864 = CARTESIAN_POINT ( 'NONE',  ( 25.38334698350800522, 24.67947863021397481, -4.638418503157271111 ) ) ;
#3865 = EDGE_LOOP ( 'NONE', ( #3379, #5135 ) ) ;
#3866 = ADVANCED_FACE ( 'NONE', ( #3694 ), #4014, .F. ) ;
#3867 = CARTESIAN_POINT ( 'NONE',  ( 25.32286453026099693, -21.88694935368019046, -5.053550715186115205 ) ) ;
#3868 = CARTESIAN_POINT ( 'NONE',  ( 26.42284791499337615, 24.44109354437491177, -0.7086863206532476589 ) ) ;
#3869 = PLANE ( 'NONE',  #2572 ) ;
#3870 = CARTESIAN_POINT ( 'NONE',  ( 25.81950804479948403, -23.19875913365121178, -0.5779565976606085842 ) ) ;
#3871 = CARTESIAN_POINT ( 'NONE',  ( 27.17410971485466931, 26.66668098035271584, -0.5869641920372007382 ) ) ;
#3872 = CIRCLE ( 'NONE', #4842, 1.549999999999994049 ) ;
#3873 = CARTESIAN_POINT ( 'NONE',  ( -10.14134295108992490, -6.749999999999997335, 0.000000000000000000 ) ) ;
#3874 = CIRCLE ( 'NONE', #1476, 1.999999999999989564 ) ;
#3875 = VERTEX_POINT ( 'NONE', #3660 ) ;
#3876 = B_SPLINE_CURVE_WITH_KNOTS ( 'NONE', 3,
 ( #1781, #3469, #4383, #5171 ),
 .UNSPECIFIED., .F., .F.,
 ( 4, 4 ),
 ( 0.000000000000000000, 1.000000000000000000 ),
 .UNSPECIFIED. ) ;
#3877 = B_SPLINE_SURFACE_WITH_KNOTS ( 'NONE', 1, 3, ( 
 ( #5361, #2000, #4494, #2739, #1548, #3624, #1941, #3266, #4044, #4438, #5334, #177, #3235, #5304, #4938, #3685, #1124, #1071, #1491, #5384, #4521, #3158, #2714, #2291, #4965, #1096, #2769, #1521, #4410, #710, #233, #4911, #2345, #2794, #4466, #624, #2373, #3991, #2316, #4882, #4074, #2403, #4104, #3569, #5275, #1464, #4855, #1042, #4016, #203, #1911, #3598, #2514, #819, #399, #5492, #4637, #3823, #5437, #11, #4186, #374, #1603, #4551, #4211, #2099, #1716, #2908, #4581, #2851 ),
 ( #2964, #1633, #767, #3347, #2074, #3767, #2052, #2024, #2541, #5020, #5464, #2129, #2458, #3322, #3792, #2486, #5046, #1236, #426, #3712, #1661, #2936, #4609, #1687, #3376, #5081, #1264, #4663, #3403, #1212, #1156, #844, #4240, #3298, #738, #2429, #4130, #318, #793, #4156, #5411, #4995, #1182, #2880, #345, #3742, #1296, #3462, #3020, #2261, #1745, #1772, #2651, #4772, #870, #2212, #3882, #4719, #2183, #5166, #3097, #3958, #457, #903, #2989, #66, #1353, #5190, #3435, #4355 ) ),
 .UNSPECIFIED., .F., .F., .F.,
 ( 2, 2 ),
 ( 4, 2, 2, 2, 2, 2, 2, 2, 2, 2, 2, 2, 2, 2, 2, 2, 2, 2, 2, 2, 2, 2, 2, 2, 2, 2, 2, 2, 2, 2, 2, 2, 2, 2, 4 ),
 ( 0.000000000000000000, 1.000000000000000000 ),
 ( 0.004891732332757825832, 0.005294338816723026878, 0.005696945300688227055, 0.005898248542670826711, 0.006099551784653427233, 0.006300855026636027756, 0.006502158268618628278, 0.006904764752583829324, 0.007106067994566429846, 0.007206719615557730108, 0.007307371236549029501, 0.007357697047044678765, 0.007408022857540328895, 0.007508674478531629157, 0.007609326099522929418, 0.007709977720514229679, 0.007911280962496830202, 0.008112584204479430725, 0.008515190688444630035, 0.008917797172409831080, 0.009119100414392431603, 0.009320403656375032125, 0.009723010140340233171, 0.009924313382322833693, 0.01012561662430543422, 0.01022626824529673448, 0.01032691986628803474, 0.01037724567678368487, 0.01042757148727933500, 0.01047789729777498513, 0.01052822310827063526, 0.01062887472926193552, 0.01072952635025323578, 0.01093082959223583631, 0.01133343607620103562 ),
 .UNSPECIFIED. ) ;
#3878 = CARTESIAN_POINT ( 'NONE',  ( 25.17810303308769448, 21.48760586745242662, -4.925545633527061540 ) ) ;
#3879 = VERTEX_POINT ( 'NONE', #3191 ) ;
#3880 = AXIS2_PLACEMENT_3D ( 'NONE', #138, #2702, #1874 ) ;
#3881 = EDGE_CURVE ( 'NONE', #3229, #1712, #1895, .T. ) ;
#3882 = CARTESIAN_POINT ( 'NONE',  ( 25.41952985902722517, -21.69528679620901102, -0.01467461885567541979 ) ) ;
#3883 = CARTESIAN_POINT ( 'NONE',  ( 26.11044123635319281, 23.69571585125464708, -0.6314000535178347917 ) ) ;
#3884 = ORIENTED_EDGE ( 'NONE', *, *, #1436, .T. ) ;
#3885 = FACE_OUTER_BOUND ( 'NONE', #4428, .T. ) ;
#3886 = ORIENTED_EDGE ( 'NONE', *, *, #1350, .T. ) ;
#3887 = CARTESIAN_POINT ( 'NONE',  ( 30.99999999999998934, 15.96933128205093055, -12.11403610141913312 ) ) ;
#3888 = CYLINDRICAL_SURFACE ( 'NONE', #4519, 1.000000000000000888 ) ;
#3889 = FACE_OUTER_BOUND ( 'NONE', #1146, .T. ) ;
#3890 = CARTESIAN_POINT ( 'NONE',  ( 26.29157089935225144, -22.84374100872405222, -0.1402934707751888055 ) ) ;
#3891 = DIRECTION ( 'NONE',  ( -4.476705744456288765E-15, 0.000000000000000000, -1.000000000000000000 ) ) ;
#3892 = CARTESIAN_POINT ( 'NONE',  ( 25.86290130219531136, 27.00000000000000355, -4.773052020592865041 ) ) ;
#3893 = CARTESIAN_POINT ( 'NONE',  ( 25.13035120992373805, 20.45741795884567793, -5.008382415510437724 ) ) ;
#3894 = VERTEX_POINT ( 'NONE', #743 ) ;
#3895 = CARTESIAN_POINT ( 'NONE',  ( 27.89999999999983160, 19.00000000000000711, -56.50221285621784517 ) ) ;
#3896 = CARTESIAN_POINT ( 'NONE',  ( 27.01857540597010754, 24.18528029282810010, -0.3497466475305530120 ) ) ;
#3897 = DIRECTION ( 'NONE',  ( 1.000000000000000000, 0.000000000000000000, 0.000000000000000000 ) ) ;
#3898 = CARTESIAN_POINT ( 'NONE',  ( 26.22942695371761346, -23.94848389150390133, -0.6581498584520802941 ) ) ;
#3899 = CYLINDRICAL_SURFACE ( 'NONE', #1691, 2.999999999999995559 ) ;
#3900 = ADVANCED_FACE ( 'NONE', ( #3243 ), #294, .F. ) ;
#3901 = LINE ( 'NONE', #3528, #257 ) ;
#3902 = VERTEX_POINT ( 'NONE', #4472 ) ;
#3903 = CARTESIAN_POINT ( 'NONE',  ( 30.99999999999986500, 22.38817675479886660, -47.47154413826856967 ) ) ;
#3904 = CIRCLE ( 'NONE', #4078, 2.999999999999995559 ) ;
#3905 = VERTEX_POINT ( 'NONE', #5282 ) ;
#3906 = CIRCLE ( 'NONE', #3817, 23.00000000000008171 ) ;
#3907 = CYLINDRICAL_SURFACE ( 'NONE', #1685, 1.000000000000000888 ) ;
#3908 = ORIENTED_EDGE ( 'NONE', *, *, #5191, .T. ) ;
#3909 = EDGE_CURVE ( 'NONE', #5148, #1062, #736, .T. ) ;
#3910 = AXIS2_PLACEMENT_3D ( 'NONE', #964, #1493, #4362 ) ;
#3911 = EDGE_CURVE ( 'NONE', #1567, #3361, #4379, .T. ) ;
#3912 = CARTESIAN_POINT ( 'NONE',  ( -11.69134295108992383, -6.749999999999997335, -5.000000000000000000 ) ) ;
#3913 = EDGE_CURVE ( 'NONE', #4666, #4245, #1630, .T. ) ;
#3914 = AXIS2_PLACEMENT_3D ( 'NONE', #3720, #4166, #1163 ) ;
#3915 = DIRECTION ( 'NONE',  ( -1.000000000000000000, 0.000000000000000000, 0.000000000000000000 ) ) ;
#3916 = PLANE ( 'NONE',  #3459 ) ;
#3917 = CARTESIAN_POINT ( 'NONE',  ( 25.16304099506881897, -22.90339945772996444, -4.592635935189125718 ) ) ;
#3918 = CARTESIAN_POINT ( 'NONE',  ( 24.75756153812137583, 21.72790365988566563, 3.988629593197246607E-16 ) ) ;
#3919 = CARTESIAN_POINT ( 'NONE',  ( 25.33203907276249467, 21.95682527766286185, -5.056734250942682252 ) ) ;
#3920 = ORIENTED_EDGE ( 'NONE', *, *, #3881, .F. ) ;
#3921 = CARTESIAN_POINT ( 'NONE',  ( 26.49999999999985789, 19.00000000000000711, -48.50221285621783807 ) ) ;
#3922 = CARTESIAN_POINT ( 'NONE',  ( 25.42966268712617151, 21.70767476563376874, -0.01540326566961839304 ) ) ;
#3923 = CARTESIAN_POINT ( 'NONE',  ( 25.55821848598134594, 24.25343781433256751, -5.170305075930910377 ) ) ;
#3924 = CARTESIAN_POINT ( 'NONE',  ( 30.99999999999985434, -26.49999999999991118, -48.50221285621785938 ) ) ;
#3925 = CARTESIAN_POINT ( 'NONE',  ( 30.99999999999998224, 22.38817675479885949, -13.98288157416713240 ) ) ;
#3926 = ADVANCED_FACE ( 'NONE', ( #3273 ), #3044, .F. ) ;
#3927 = CARTESIAN_POINT ( 'NONE',  ( 25.99999999999985789, -22.38817675479887725, -47.47154413826855546 ) ) ;
#3928 = ORIENTED_EDGE ( 'NONE', *, *, #2751, .T. ) ;
#3929 = CARTESIAN_POINT ( 'NONE',  ( 25.99999999999997513, 22.38817675479885949, -15.53288157416711002 ) ) ;
#3930 = CARTESIAN_POINT ( 'NONE',  ( 25.51154524888285380, 21.80574556575877665, -0.02183901130650037214 ) ) ;
#3931 = VERTEX_POINT ( 'NONE', #630 ) ;
#3932 = B_SPLINE_CURVE_WITH_KNOTS ( 'NONE', 3,
 ( #1278, #3863, #5450, #51 ),
 .UNSPECIFIED., .F., .F.,
 ( 4, 4 ),
 ( 0.000000000000000000, 0.0002634351579014335880 ),
 .UNSPECIFIED. ) ;
#3933 = EDGE_CURVE ( 'NONE', #153, #5042, #2323, .T. ) ;
#3934 = ORIENTED_EDGE ( 'NONE', *, *, #1485, .T. ) ;
#3935 = DIRECTION ( 'NONE',  ( -1.000000000000000000, 0.000000000000000000, 0.000000000000000000 ) ) ;
#3936 = PRESENTATION_LAYER_ASSIGNMENT (  '', '', ( #4464 ) ) ;
#3937 = EDGE_LOOP ( 'NONE', ( #955, #1673, #3652, #5316 ) ) ;
#3938 = FACE_BOUND ( 'NONE', #567, .T. ) ;
#3939 = DIRECTION ( 'NONE',  ( 0.000000000000000000, 0.000000000000000000, 1.000000000000000000 ) ) ;
#3940 = DIRECTION ( 'NONE',  ( -0.7474504014805638530, -0.6049742791730990943, -0.2744522159967616171 ) ) ;
#3941 = DIRECTION ( 'NONE',  ( 0.000000000000000000, 0.000000000000000000, -1.000000000000000000 ) ) ;
#3942 = FACE_OUTER_BOUND ( 'NONE', #1881, .T. ) ;
#3943 = CARTESIAN_POINT ( 'NONE',  ( 25.43736737515389379, 22.82795278831994779, -5.100699837831032646 ) ) ;
#3944 = ORIENTED_EDGE ( 'NONE', *, *, #3617, .T. ) ;
#3945 = EDGE_CURVE ( 'NONE', #4035, #3894, #1274, .T. ) ;
#3946 = CARTESIAN_POINT ( 'NONE',  ( 26.86383451416676493, -26.83404858129771497, -0.8375999551888170247 ) ) ;
#3947 = CARTESIAN_POINT ( 'NONE',  ( 27.06255911300827321, 24.31575602027235661, -0.3656537715879185080 ) ) ;
#3948 = CARTESIAN_POINT ( 'NONE',  ( 25.28778825093591820, -21.61929246607819621, -5.042305815722804674 ) ) ;
#3949 = DIRECTION ( 'NONE',  ( 1.000000000000000000, -0.000000000000000000, -3.491481338843133355E-15 ) ) ;
#3950 = CARTESIAN_POINT ( 'NONE',  ( 25.99999999999991473, -9.194348711522117606E-15, -31.50221285621783451 ) ) ;
#3951 = CARTESIAN_POINT ( 'NONE',  ( 25.23358537577016847, 21.43611310339339227, -4.999999999999999112 ) ) ;
#3952 = EDGE_LOOP ( 'NONE', ( #908, #3928 ) ) ;
#3953 = AXIS2_PLACEMENT_3D ( 'NONE', #1277, #3495, #3891 ) ;
#3954 = CARTESIAN_POINT ( 'NONE',  ( 27.89999999999999147, 15.96933128205093055, -12.11403610141912601 ) ) ;
#3955 = CARTESIAN_POINT ( 'NONE',  ( 30.49999999999983302, -18.72465837482898721, -55.07705410100660970 ) ) ;
#3956 = ORIENTED_EDGE ( 'NONE', *, *, #2512, .T. ) ;
#3957 = EDGE_LOOP ( 'NONE', ( #809, #420, #3125, #4651 ) ) ;
#3958 = CARTESIAN_POINT ( 'NONE',  ( 25.31901951191608191, -21.57338853335513207, -0.008445329936991929909 ) ) ;
#3959 = AXIS2_PLACEMENT_3D ( 'NONE', #737, #3265, #1939 ) ;
#3960 = ADVANCED_FACE ( 'NONE', ( #4248 ), #1088, .T. ) ;
#3961 = ORIENTED_EDGE ( 'NONE', *, *, #2595, .T. ) ;
#3962 = DIRECTION ( 'NONE',  ( 1.000000000000000000, -0.000000000000000000, -3.491481338843133355E-15 ) ) ;
#3963 = PLANE ( 'NONE',  #3513 ) ;
#3964 = LINE ( 'NONE', #1437, #2387 ) ;
#3965 = CARTESIAN_POINT ( 'NONE',  ( 25.00082759654518583, -22.01995695608684045, -4.582549137050862420 ) ) ;
#3966 = DIRECTION ( 'NONE',  ( -1.387778780781445202E-14, 0.000000000000000000, -1.000000000000000000 ) ) ;
#3967 = ORIENTED_EDGE ( 'NONE', *, *, #2934, .F. ) ;
#3968 = ADVANCED_FACE ( 'NONE', ( #802 ), #1219, .F. ) ;
#3969 = DIRECTION ( 'NONE',  ( 1.387778780781444413E-14, 0.000000000000000000, 1.000000000000000000 ) ) ;
#3970 = CARTESIAN_POINT ( 'NONE',  ( 27.08261128313834831, 24.38182370213896988, -0.3730348337447783602 ) ) ;
#3971 = CARTESIAN_POINT ( 'NONE',  ( 25.56248500219161102, -24.33385781949165505, -5.173191610454016320 ) ) ;
#3972 = CARTESIAN_POINT ( 'NONE',  ( 25.00000000000000355, 21.08832942204106331, 0.000000000000000000 ) ) ;
#3973 = CARTESIAN_POINT ( 'NONE',  ( 25.35837732022131519, 24.33257391522118596, -4.631189161717342628 ) ) ;
#3974 = CARTESIAN_POINT ( 'NONE',  ( 0.000000000000000000, 18.00000000000000000, -5.000000000000000000 ) ) ;
#3975 = CARTESIAN_POINT ( 'NONE',  ( 25.32792142673355329, 21.92565355193106669, -5.055293941286121751 ) ) ;
#3976 = CARTESIAN_POINT ( 'NONE',  ( 31.00000000000000711, 26.50000000000000355, -6.000000000000017764 ) ) ;
#3977 = CARTESIAN_POINT ( 'NONE',  ( 25.87380104870720743, 22.25766294760193631, -0.06376413856309666450 ) ) ;
#3978 = ORIENTED_EDGE ( 'NONE', *, *, #905, .T. ) ;
#3979 = AXIS2_PLACEMENT_3D ( 'NONE', #4449, #298, #1952 ) ;
#3980 = EDGE_LOOP ( 'NONE', ( #5120, #2086 ) ) ;
#3981 = ORIENTED_EDGE ( 'NONE', *, *, #395, .F. ) ;
#3982 = AXIS2_PLACEMENT_3D ( 'NONE', #2944, #1642, #3799 ) ;
#3983 = CARTESIAN_POINT ( 'NONE',  ( 27.89999999999986358, 22.38817675479886660, -47.47154413826855546 ) ) ;
#3984 = ORIENTED_EDGE ( 'NONE', *, *, #2620, .T. ) ;
#3985 = EDGE_CURVE ( 'NONE', #4005, #4206, #4165, .T. ) ;
#3986 = DIRECTION ( 'NONE',  ( -4.476705744456293499E-15, 0.000000000000000000, -1.000000000000000000 ) ) ;
#3987 = ADVANCED_FACE ( 'NONE', ( #1247 ), #355, .F. ) ;
#3988 = CIRCLE ( 'NONE', #4880, 1.549999999999995826 ) ;
#3989 = CARTESIAN_POINT ( 'NONE',  ( 18.06274606680622696, 25.99999999999999645, -5.000000000000000000 ) ) ;
#3990 = AXIS2_PLACEMENT_3D ( 'NONE', #1819, #3505, #3010 ) ;
#3991 = CARTESIAN_POINT ( 'NONE',  ( 25.95293082644901972, -23.42006353552550735, -0.5999824546506596912 ) ) ;
#3992 = VECTOR ( 'NONE', #5314, 1000.000000000000000 ) ;
#3993 = CARTESIAN_POINT ( 'NONE',  ( 25.07582282329861556, -22.41384124429911395, -4.584856808397302252 ) ) ;
#3994 = CARTESIAN_POINT ( 'NONE',  ( 24.96558780945300171, 21.77060032049521965, -5.000000000000000000 ) ) ;
#3995 = EDGE_LOOP ( 'NONE', ( #5425, #4574, #4299, #2368 ) ) ;
#3996 = CONICAL_SURFACE ( 'NONE', #1063, 7.500000000000000000, 0.7853981633974482790 ) ;
#3997 = EDGE_CURVE ( 'NONE', #3294, #4512, #2476, .T. ) ;
#3998 = DIRECTION ( 'NONE',  ( 1.000000000000000000, 0.000000000000000000, 0.000000000000000000 ) ) ;
#3999 = CARTESIAN_POINT ( 'NONE',  ( 25.38707509269597296, 21.65699939744168390, -0.01249590648912891552 ) ) ;
#4000 = CARTESIAN_POINT ( 'NONE',  ( 25.56046434802743050, -24.29605562052885048, -5.171820547644234267 ) ) ;
#4001 = FACE_OUTER_BOUND ( 'NONE', #5440, .T. ) ;
#4002 = CARTESIAN_POINT ( 'NONE',  ( 25.40789921968528375, 25.39933280080906997, -4.645860084071454565 ) ) ;
#4003 = DIRECTION ( 'NONE',  ( 1.000000000000000000, 0.000000000000000000, 0.000000000000000000 ) ) ;
#4004 = CARTESIAN_POINT ( 'NONE',  ( 25.23054756965155931, 21.20057623403643987, -5.026874216659272143 ) ) ;
#4005 = VERTEX_POINT ( 'NONE', #2464 ) ;
#4006 = CARTESIAN_POINT ( 'NONE',  ( 26.00000000000001066, 26.50000000000001066, -6.000000000000000000 ) ) ;
#4007 = DIRECTION ( 'NONE',  ( -0.000000000000000000, -0.000000000000000000, -1.000000000000000000 ) ) ;
#4008 = EDGE_LOOP ( 'NONE', ( #575, #2622, #4406, #1577 ) ) ;
#4009 = ORIENTED_EDGE ( 'NONE', *, *, #4463, .T. ) ;
#4010 = EDGE_LOOP ( 'NONE', ( #3055, #1375 ) ) ;
#4011 = CARTESIAN_POINT ( 'NONE',  ( 30.99999999999982592, -19.68903650616607237, -55.97049436491652585 ) ) ;
#4012 = VERTEX_POINT ( 'NONE', #2030 ) ;
#4013 = LINE ( 'NONE', #959, #3017 ) ;
#4014 = CONICAL_SURFACE ( 'NONE', #1271, 1.999999999999988010, 1.029744258676651647 ) ;
#4015 = FACE_BOUND ( 'NONE', #3616, .T. ) ;
#4016 = CARTESIAN_POINT ( 'NONE',  ( 25.19388477359204259, -22.27629195092966086, -0.5181115684708622604 ) ) ;
#4017 = CARTESIAN_POINT ( 'NONE',  ( 25.00000000000000355, 26.50000000000000355, -6.000000000000000000 ) ) ;
#4018 = DIRECTION ( 'NONE',  ( -3.469446951953619316E-15, 0.000000000000000000, -1.000000000000000000 ) ) ;
#4019 = AXIS2_PLACEMENT_3D ( 'NONE', #2722, #2228, #2325 ) ;
#4020 = ORIENTED_EDGE ( 'NONE', *, *, #592, .T. ) ;
#4021 = DIRECTION ( 'NONE',  ( -4.476705744456293499E-15, 0.000000000000000000, -1.000000000000000000 ) ) ;
#4022 = DIRECTION ( 'NONE',  ( -0.000000000000000000, -0.000000000000000000, 1.000000000000000000 ) ) ;
#4023 = CARTESIAN_POINT ( 'NONE',  ( 25.28919118567293012, -21.62994754856210378, -5.042727740661576696 ) ) ;
#4024 = LINE ( 'NONE', #1866, #1181 ) ;
#4025 = CARTESIAN_POINT ( 'NONE',  ( 25.38638720449239727, 24.73124525132646667, -4.639322998541209664 ) ) ;
#4026 = CARTESIAN_POINT ( 'NONE',  ( 18.06274606680622696, -25.99999999999999645, -0.5000000000000022204 ) ) ;
#4027 = EDGE_CURVE ( 'NONE', #4255, #4904, #5113, .T. ) ;
#4028 = CARTESIAN_POINT ( 'NONE',  ( 25.36438508916012680, 22.20784072053416480, -5.068735889856833765 ) ) ;
#4029 = ORIENTED_EDGE ( 'NONE', *, *, #566, .F. ) ;
#4030 = CONICAL_SURFACE ( 'NONE', #3067, 9.500000000000008882, 0.7853981633974569387 ) ;
#4031 = CARTESIAN_POINT ( 'NONE',  ( 24.42348826887377911, 21.26298402673963750, -0.5447666436600454576 ) ) ;
#4032 = CARTESIAN_POINT ( 'NONE',  ( 25.99999999999983302, 19.00000000000000711, -56.00221285621780964 ) ) ;
#4033 = FACE_OUTER_BOUND ( 'NONE', #4713, .T. ) ;
#4034 = ORIENTED_EDGE ( 'NONE', *, *, #1827, .T. ) ;
#4035 = VERTEX_POINT ( 'NONE', #3355 ) ;
#4036 = ORIENTED_EDGE ( 'NONE', *, *, #283, .T. ) ;
#4037 = CARTESIAN_POINT ( 'NONE',  ( 26.78934106868974752, 26.51887485827697688, -0.6537248663088700562 ) ) ;
#4038 = ORIENTED_EDGE ( 'NONE', *, *, #715, .T. ) ;
#4039 = AXIS2_PLACEMENT_3D ( 'NONE', #4571, #755, #4667 ) ;
#4040 = CARTESIAN_POINT ( 'NONE',  ( 30.49999999999984013, 18.72465837482897300, -55.07705410100660970 ) ) ;
#4041 = EDGE_CURVE ( 'NONE', #2454, #2710, #852, .T. ) ;
#4042 = VECTOR ( 'NONE', #210, 1000.000000000000000 ) ;
#4043 = CARTESIAN_POINT ( 'NONE',  ( 25.80121349974333000, -26.51524508272052216, -3.344201327208477181 ) ) ;
#4044 = CARTESIAN_POINT ( 'NONE',  ( 26.59941292799652857, -25.68605321109494710, -0.7614845100977712944 ) ) ;
#4045 = DIRECTION ( 'NONE',  ( 1.000000000000000000, 0.000000000000000000, 0.000000000000000000 ) ) ;
#4046 = FACE_BOUND ( 'NONE', #431, .T. ) ;
#4047 = CIRCLE ( 'NONE', #5006, 8.499999999999996447 ) ;
#4048 = EDGE_CURVE ( 'NONE', #2993, #2871, #344, .T. ) ;
#4049 = CARTESIAN_POINT ( 'NONE',  ( 12.52220865598092203, 6.074999999999998401, 1.310372075087664981E-15 ) ) ;
#4050 = CARTESIAN_POINT ( 'NONE',  ( 27.24180910066791128, 26.58137503649432887, -0.4345399314292224258 ) ) ;
#4051 = CARTESIAN_POINT ( 'NONE',  ( 25.58429400011870669, -24.92139204769024374, -5.188453657697944088 ) ) ;
#4052 = DIRECTION ( 'NONE',  ( 1.000000000000000000, 0.000000000000000000, 0.000000000000000000 ) ) ;
#4053 = DIRECTION ( 'NONE',  ( 1.000000000000000000, -1.541001731203046484E-16, -1.387778780781540812E-14 ) ) ;
#4054 = CARTESIAN_POINT ( 'NONE',  ( 25.56542472369902441, 24.39334393499127529, -5.175199877232825152 ) ) ;
#4055 = ORIENTED_EDGE ( 'NONE', *, *, #4066, .T. ) ;
#4056 = EDGE_CURVE ( 'NONE', #89, #5241, #3904, .T. ) ;
#4057 = B_SPLINE_CURVE_WITH_KNOTS ( 'NONE', 3,
 ( #4369, #1920, #1394, #1418 ),
 .UNSPECIFIED., .F., .F.,
 ( 4, 4 ),
 ( 0.000000000000000000, 1.000000000000000000 ),
 .UNSPECIFIED. ) ;
#4058 = FACE_OUTER_BOUND ( 'NONE', #4990, .T. ) ;
#4059 = ADVANCED_FACE ( 'NONE', ( #2886 ), #3384, .F. ) ;
#4060 = CARTESIAN_POINT ( 'NONE',  ( 25.66009501749800137, 22.93505862434658837, -0.5555606086309726743 ) ) ;
#4061 = PLANE ( 'NONE',  #3763 ) ;
#4062 = CARTESIAN_POINT ( 'NONE',  ( 30.99999999999982947, -12.30845354218735821, -55.50221285621785228 ) ) ;
#4063 = VERTEX_POINT ( 'NONE', #3774 ) ;
#4064 = ORIENTED_EDGE ( 'NONE', *, *, #766, .F. ) ;
#4065 = ORIENTED_EDGE ( 'NONE', *, *, #1295, .F. ) ;
#4066 = EDGE_CURVE ( 'NONE', #590, #2987, #3102, .T. ) ;
#4067 = DIRECTION ( 'NONE',  ( 1.000000000000000000, -1.541001731203043772E-16, -3.491481338843133355E-15 ) ) ;
#4068 = ORIENTED_EDGE ( 'NONE', *, *, #3068, .F. ) ;
#4069 = B_SPLINE_CURVE_WITH_KNOTS ( 'NONE', 3,
 ( #4809, #1816, #971, #4862, #2721, #4051, #1891, #1840, #4417, #603, #1417, #1444, #1022, #998, #4889, #3971, #4000, #2275, #3552, #2667, #2697, #5257, #2775, #5228, #3115, #4390, #2324, #4368, #5311, #3086, #1919, #579, #1393, #1499, #556, #1049, #4473, #156, #3606, #2300, #1865, #4784, #3137, #3165, #1472, #2747, #631, #5283, #657, #4836, #3502, #185, #3577, #2251, #5202, #4446, #3192, #4023, #3948, #3661, #1949, #3634, #5029, #2059, #719, #5366, #2437, #3275, #4975, #1132, #1103, #1643, #4110, #2859, #744, #5419, #4531, #1612, #3304, #3330, #1220 ),
 .UNSPECIFIED., .F., .F.,
 ( 4, 2, 1, 1, 1, 1, 2, 2, 2, 1, 2, 2, 1, 1, 1, 2, 2, 2, 1, 1, 1, 2, 2, 2, 1, 1, 2, 2, 1, 2, 2, 1, 1, 1, 2, 2, 1, 1, 1, 2, 2, 1, 1, 1, 1, 2, 2, 2, 1, 1, 1, 2, 2, 4 ),
 ( 0.000000000000000000, 0.1250000000000138223, 0.1875000000000207334, 0.2187500000000242029, 0.2343750000000259237, 0.2421875000000277001, 0.2460937500000285882, 0.2500000000000295319, 0.2812500000000338618, 0.2968750000000360267, 0.3046875000000363598, 0.3125000000000366929, 0.3437500000000348610, 0.3593750000000346945, 0.3671875000000345834, 0.3710937500000338618, 0.3750000000000331402, 0.4375000000000169864, 0.4687500000000090483, 0.4843750000000058287, 0.4921875000000041633, 0.4960937500000034417, 0.5000000000000026645, 0.5625000000000031086, 0.5937500000000041078, 0.6093750000000046629, 0.6171875000000042188, 0.6250000000000036637, 0.6328125000000032196, 0.6347656250000031086, 0.6367187500000029976, 0.6406250000000032196, 0.6484375000000037748, 0.6523437500000041078, 0.6542968750000043299, 0.6562500000000045519, 0.6718750000000009992, 0.6796874999999985567, 0.6835937499999973355, 0.6855468749999967804, 0.6874999999999963363, 0.7187499999999891198, 0.7343749999999846789, 0.7421874999999832356, 0.7460937499999826805, 0.7480468749999823475, 0.7499999999999820144, 0.8124999999999776845, 0.8437499999999749090, 0.8593749999999736877, 0.8671874999999731326, 0.8710937499999736877, 0.8749999999999741318, 1.000000000000000000 ),
 .UNSPECIFIED. ) ;
#4070 = FACE_BOUND ( 'NONE', #2461, .T. ) ;
#4071 = CIRCLE ( 'NONE', #1406, 1.549999999999995826 ) ;
#4072 = FACE_OUTER_BOUND ( 'NONE', #2123, .T. ) ;
#4073 = ADVANCED_FACE ( 'NONE', ( #4671 ), #5474, .F. ) ;
#4074 = CARTESIAN_POINT ( 'NONE',  ( 25.75141130389974720, -23.08947318054466535, -0.5677634509709481581 ) ) ;
#4075 = CARTESIAN_POINT ( 'NONE',  ( 25.00000000000000711, 22.01571739626976409, -0.5142843100067235884 ) ) ;
#4076 = CARTESIAN_POINT ( 'NONE',  ( 30.99999999999999289, -15.96933128205095187, -9.114036101419142000 ) ) ;
#4077 = VECTOR ( 'NONE', #4994, 1000.000000000000000 ) ;
#4078 = AXIS2_PLACEMENT_3D ( 'NONE', #2107, #3329, #3831 ) ;
#4079 = AXIS2_PLACEMENT_3D ( 'NONE', #1763, #4260, #1257 ) ;
#4080 = CIRCLE ( 'NONE', #87, 22.50000000000000355 ) ;
#4081 = CARTESIAN_POINT ( 'NONE',  ( 25.59102696059388649, 26.50000000258534172, -5.193348196647922244 ) ) ;
#4082 = CARTESIAN_POINT ( 'NONE',  ( 27.22193899318748578, 26.85305795615026270, -0.4265820979803626734 ) ) ;
#4083 = CARTESIAN_POINT ( 'NONE',  ( 30.49999999999980460, -19.73497227324380887, -56.46837979882976555 ) ) ;
#4084 = CARTESIAN_POINT ( 'NONE',  ( 25.99999999999998579, -15.96933128205095187, -10.66403610141911784 ) ) ;
#4085 = CARTESIAN_POINT ( 'NONE',  ( 25.41166451978567764, 25.74199426405523283, -4.647009109348294587 ) ) ;
#4086 = CARTESIAN_POINT ( 'NONE',  ( 25.99999999999983658, -15.96933128205095187, -53.89038961101654479 ) ) ;
#4087 = CARTESIAN_POINT ( 'NONE',  ( 25.48607414107799585, 23.30120425559010755, -5.125923290429008183 ) ) ;
#4088 = ORIENTED_EDGE ( 'NONE', *, *, #4455, .F. ) ;
#4089 = EDGE_CURVE ( 'NONE', #4012, #3745, #2521, .T. ) ;
#4090 = DIRECTION ( 'NONE',  ( 3.491481338843133355E-15, 0.000000000000000000, 1.000000000000000000 ) ) ;
#4091 = CARTESIAN_POINT ( 'NONE',  ( 27.26920656034603496, -25.84065653764169213, -0.4456591790249521123 ) ) ;
#4092 = CIRCLE ( 'NONE', #4359, 5.499999999999996447 ) ;
#4093 = CARTESIAN_POINT ( 'NONE',  ( 26.49999999999991473, 22.49999999999999289, -31.50221285621783451 ) ) ;
#4094 = EDGE_CURVE ( 'NONE', #1185, #1965, #5088, .T. ) ;
#4095 = DIRECTION ( 'NONE',  ( -6.938893903907222067E-15, 0.000000000000000000, -1.000000000000000000 ) ) ;
#4096 = CARTESIAN_POINT ( 'NONE',  ( 25.11667221735126176, 21.71383265709769361, -0.2459644211912568879 ) ) ;
#4097 = VERTEX_POINT ( 'NONE', #1611 ) ;
#4098 = ORIENTED_EDGE ( 'NONE', *, *, #1267, .T. ) ;
#4099 = CARTESIAN_POINT ( 'NONE',  ( 25.00280226914669512, -21.69720453146704742, -4.665668150618031973 ) ) ;
#4100 = ORIENTED_EDGE ( 'NONE', *, *, #1602, .F. ) ;
#4101 = CARTESIAN_POINT ( 'NONE',  ( 25.13521864280158624, 20.57726763225960198, -4.999999999999999112 ) ) ;
#4102 = ADVANCED_FACE ( 'NONE', ( #5028 ), #5002, .F. ) ;
#4103 = CARTESIAN_POINT ( 'NONE',  ( 1.999999999999988232, -12.15000000000000036, -3.000000000000002665 ) ) ;
#4104 = CARTESIAN_POINT ( 'NONE',  ( 25.64523742622973401, -22.92487874718856133, -0.5538041591031871436 ) ) ;
#4105 = CARTESIAN_POINT ( 'NONE',  ( 25.39804008635573496, -24.96901758963283413, -4.642807043024562930 ) ) ;
#4106 = CARTESIAN_POINT ( 'NONE',  ( 26.60318144874303314, 23.32125213116692919, -0.2181090920830039970 ) ) ;
#4107 = ORIENTED_EDGE ( 'NONE', *, *, #4041, .F. ) ;
#4108 = CARTESIAN_POINT ( 'NONE',  ( 9.000000000000000000, 0.000000000000000000, -56.50221285621785938 ) ) ;
#4109 = DIRECTION ( 'NONE',  ( 3.491481338843133355E-15, 0.000000000000000000, 1.000000000000000000 ) ) ;
#4110 = CARTESIAN_POINT ( 'NONE',  ( 25.14259846613136773, -20.52189005355787543, -5.010145679453486878 ) ) ;
#4111 = FILL_AREA_STYLE_COLOUR ( '', #824 ) ;
#4112 = CARTESIAN_POINT ( 'NONE',  ( 26.74765706414753197, -26.46719902276154457, -0.2598628261240578663 ) ) ;
#4113 = CARTESIAN_POINT ( 'NONE',  ( 25.99999999999986144, 26.50000000000001421, -48.50221285621783807 ) ) ;
#4114 = AXIS2_PLACEMENT_3D ( 'NONE', #5310, #3576, #2352 ) ;
#4115 = CARTESIAN_POINT ( 'NONE',  ( 25.37339831146816493, 24.52214563965334193, -4.635486547034803451 ) ) ;
#4116 = ORIENTED_EDGE ( 'NONE', *, *, #5289, .T. ) ;
#4117 = CARTESIAN_POINT ( 'NONE',  ( 25.48147263861105216, -23.26689471314149671, -5.123373038197176932 ) ) ;
#4118 = CARTESIAN_POINT ( 'NONE',  ( 24.99512096144130879, 22.00938237838972711, -0.5142856803532088739 ) ) ;
#4119 = CARTESIAN_POINT ( 'NONE',  ( 26.58974365143543039, -26.38813776498109220, -0.7584911510825568248 ) ) ;
#4120 = DIRECTION ( 'NONE',  ( -1.000000000000000000, 0.000000000000000000, 0.000000000000000000 ) ) ;
#4121 = DIRECTION ( 'NONE',  ( 1.000000000000000000, -0.000000000000000000, -3.491481338843133355E-15 ) ) ;
#4122 = ORIENTED_EDGE ( 'NONE', *, *, #4915, .T. ) ;
#4123 = ORIENTED_EDGE ( 'NONE', *, *, #4602, .F. ) ;
#4124 = AXIS2_PLACEMENT_3D ( 'NONE', #2947, #2008, #4562 ) ;
#4125 = CARTESIAN_POINT ( 'NONE',  ( 18.06274606680622696, 17.49999999999999645, 0.000000000000000000 ) ) ;
#4126 = ORIENTED_EDGE ( 'NONE', *, *, #3997, .T. ) ;
#4127 = CARTESIAN_POINT ( 'NONE',  ( 30.99999999999982947, -19.18387955695866154, -55.27483151600494438 ) ) ;
#4128 = B_SPLINE_CURVE_WITH_KNOTS ( 'NONE', 3,
 ( #5112, #5053, #1639, #4276 ),
 .UNSPECIFIED., .F., .F.,
 ( 4, 4 ),
 ( 0.000000000000000000, 1.000000000000000000 ),
 .UNSPECIFIED. ) ;
#4129 = EDGE_CURVE ( 'NONE', #111, #2876, #4874, .T. ) ;
#4130 = CARTESIAN_POINT ( 'NONE',  ( 26.64372717678266866, -23.40173010944857523, -0.2290803724412894538 ) ) ;
#4131 = CARTESIAN_POINT ( 'NONE',  ( 25.34434130443150934, -24.18868170759910186, -4.627323864339951243 ) ) ;
#4132 = CARTESIAN_POINT ( 'NONE',  ( 26.33654223419398122, 22.89772769372232375, -0.1506639006093987987 ) ) ;
#4133 = ORIENTED_EDGE ( 'NONE', *, *, #4824, .F. ) ;
#4134 = CIRCLE ( 'NONE', #2712, 2.999999999999997335 ) ;
#4135 = CARTESIAN_POINT ( 'NONE',  ( 18.06274606680621986, 17.50000000000000000, 0.000000000000000000 ) ) ;
#4136 = CARTESIAN_POINT ( 'NONE',  ( 27.09207481643147375, 24.41493495817532278, -0.3765465257811709821 ) ) ;
#4137 = CARTESIAN_POINT ( 'NONE',  ( 0.000000000000000000, 0.000000000000000000, -5.000000000000000000 ) ) ;
#4138 = CARTESIAN_POINT ( 'NONE',  ( 27.89999999999985647, -22.38817675479887725, -47.47154413826856256 ) ) ;
#4139 = CARTESIAN_POINT ( 'NONE',  ( 31.00000000000000000, -15.96933128205095187, -7.564036101419146618 ) ) ;
#4140 = LINE ( 'NONE', #5422, #425 ) ;
#4141 = CARTESIAN_POINT ( 'NONE',  ( 25.59279815899242294, 26.25588472914290961, -5.194647666763204441 ) ) ;
#4142 = ORIENTED_EDGE ( 'NONE', *, *, #3434, .T. ) ;
#4143 = DIRECTION ( 'NONE',  ( 1.000000000000000000, 0.000000000000000000, 0.000000000000000000 ) ) ;
#4144 = CARTESIAN_POINT ( 'NONE',  ( 25.56237005375834670, -24.33093961335424993, -5.173109839434787638 ) ) ;
#4145 = CARTESIAN_POINT ( 'NONE',  ( 24.95868939229987404, 21.96207760491883221, -0.5144367351229972574 ) ) ;
#4146 = CARTESIAN_POINT ( 'NONE',  ( 26.59907960203022270, -26.12661607790232310, -0.7613823127359579113 ) ) ;
#4147 = EDGE_CURVE ( 'NONE', #5185, #2601, #2126, .T. ) ;
#4148 = DIRECTION ( 'NONE',  ( -1.000000000000000000, 0.000000000000000000, 0.000000000000000000 ) ) ;
#4149 = CARTESIAN_POINT ( 'NONE',  ( 25.25949399413416430, 21.57765124414422075, -0.05309047007790466954 ) ) ;
#4150 = EDGE_CURVE ( 'NONE', #89, #3737, #4726, .T. ) ;
#4151 = VERTEX_POINT ( 'NONE', #2218 ) ;
#4152 = ORIENTED_EDGE ( 'NONE', *, *, #4717, .F. ) ;
#4153 = CYLINDRICAL_SURFACE ( 'NONE', #2658, 22.50000000000000711 ) ;
#4154 = ORIENTED_EDGE ( 'NONE', *, *, #4408, .F. ) ;
#4155 = DIRECTION ( 'NONE',  ( 1.000000000000000000, -1.541001731203046484E-16, -1.387778780781540812E-14 ) ) ;
#4156 = CARTESIAN_POINT ( 'NONE',  ( 26.31386495920036950, -22.87740591505319188, -0.1454885596853464913 ) ) ;
#4157 = ADVANCED_FACE ( 'NONE', ( #122 ), #150, .F. ) ;
#4158 = CARTESIAN_POINT ( 'NONE',  ( 25.34794484320075725, -24.22443242720586198, -4.628290285006041671 ) ) ;
#4159 = CARTESIAN_POINT ( 'NONE',  ( 27.01486443529425330, 24.17473527153808632, -0.3484142390378410781 ) ) ;
#4160 = ORIENTED_EDGE ( 'NONE', *, *, #4323, .F. ) ;
#4161 = CIRCLE ( 'NONE', #4613, 7.999999999999992895 ) ;
#4162 = ORIENTED_EDGE ( 'NONE', *, *, #4470, .F. ) ;
#4163 = DIRECTION ( 'NONE',  ( 1.000000000000000000, 0.000000000000000000, 0.000000000000000000 ) ) ;
#4164 = CARTESIAN_POINT ( 'NONE',  ( 30.99999999999991473, -9.964849577123638284E-15, -31.50221285621785583 ) ) ;
#4165 = CIRCLE ( 'NONE', #2928, 2.999999999999999112 ) ;
#4166 = DIRECTION ( 'NONE',  ( 1.000000000000000000, -0.000000000000000000, -3.491481338843133355E-15 ) ) ;
#4167 = DIRECTION ( 'NONE',  ( -1.000000000000000000, 0.000000000000000000, 0.000000000000000000 ) ) ;
#4168 = CARTESIAN_POINT ( 'NONE',  ( 25.29127617759843005, -26.46719900917726775, -5.043310471091326797 ) ) ;
#4169 = DIRECTION ( 'NONE',  ( -1.000000000000000000, 0.000000000000000000, 0.000000000000000000 ) ) ;
#4170 = CARTESIAN_POINT ( 'NONE',  ( 25.35955960906144568, 24.34597013236790275, -4.631519332616684359 ) ) ;
#4171 = ORIENTED_EDGE ( 'NONE', *, *, #5217, .T. ) ;
#4172 = AXIS2_PLACEMENT_3D ( 'NONE', #4244, #1355, #5497 ) ;
#4173 = ADVANCED_FACE ( 'NONE', ( #910 ), #5150, .F. ) ;
#4174 = AXIS2_PLACEMENT_3D ( 'NONE', #1458, #4067, #4460 ) ;
#4175 = CARTESIAN_POINT ( 'NONE',  ( 30.99999999999983658, 19.18387955695865088, -55.27483151600495859 ) ) ;
#4176 = CARTESIAN_POINT ( 'NONE',  ( 26.46176709162891427, 24.58215992790006155, -0.7199365786289306790 ) ) ;
#4177 = DIRECTION ( 'NONE',  ( 0.000000000000000000, 0.000000000000000000, 1.000000000000000000 ) ) ;
#4178 = CONICAL_SURFACE ( 'NONE', #1873, 9.000000000000000000, 0.7853981633974569387 ) ;
#4179 = ORIENTED_EDGE ( 'NONE', *, *, #645, .T. ) ;
#4180 = VERTEX_POINT ( 'NONE', #3026 ) ;
#4181 = AXIS2_PLACEMENT_3D ( 'NONE', #2081, #3051, #2580 ) ;
#4182 = ORIENTED_EDGE ( 'NONE', *, *, #4302, .F. ) ;
#4183 = CARTESIAN_POINT ( 'NONE',  ( 30.99999999999998224, -15.96933128205095187, -12.11403610141913667 ) ) ;
#4184 = ORIENTED_EDGE ( 'NONE', *, *, #2939, .T. ) ;
#4185 = FACE_OUTER_BOUND ( 'NONE', #5381, .T. ) ;
#4186 = CARTESIAN_POINT ( 'NONE',  ( 24.92420195873580369, -21.91536651310884665, -0.5150035704543280968 ) ) ;
#4187 = CARTESIAN_POINT ( 'NONE',  ( 26.29044496143632514, 24.07767749103093280, -0.6732231649333325629 ) ) ;
#4188 = FACE_OUTER_BOUND ( 'NONE', #3369, .T. ) ;
#4189 = VERTEX_POINT ( 'NONE', #3493 ) ;
#4190 = ORIENTED_EDGE ( 'NONE', *, *, #4526, .T. ) ;
#4191 = LINE ( 'NONE', #772, #3596 ) ;
#4192 = DIRECTION ( 'NONE',  ( 3.491481338843133355E-15, -1.575895479354887601E-16, 1.000000000000000000 ) ) ;
#4193 = CYLINDRICAL_SURFACE ( 'NONE', #1518, 1.549999999999995826 ) ;
#4194 = CARTESIAN_POINT ( 'NONE',  ( 26.03676462867993990, -22.48423103385044186, -0.09008265185950861675 ) ) ;
#4195 = DIRECTION ( 'NONE',  ( 1.000000000000000000, -1.920774913804158804E-16, 0.000000000000000000 ) ) ;
#4196 = LINE ( 'NONE', #2948, #2921 ) ;
#4197 = B_SPLINE_CURVE_WITH_KNOTS ( 'NONE', 3,
 ( #1995, #3681, #477, #5380 ),
 .UNSPECIFIED., .F., .F.,
 ( 4, 4 ),
 ( 0.000000000000000000, 1.000000000000000000 ),
 .UNSPECIFIED. ) ;
#4198 = CARTESIAN_POINT ( 'NONE',  ( 24.79469435789982867, 20.97383001488940479, -4.597159176984519924 ) ) ;
#4199 = EDGE_LOOP ( 'NONE', ( #1636, #10 ) ) ;
#4200 = CARTESIAN_POINT ( 'NONE',  ( 30.99999999999998579, -15.96933128205095187, -10.66403610141913560 ) ) ;
#4201 = CARTESIAN_POINT ( 'NONE',  ( 25.36215427430574820, -24.37579379249883260, -4.632203769260189397 ) ) ;
#4202 = CARTESIAN_POINT ( 'NONE',  ( 26.45078272869171698, 24.53953408884611775, -0.7167350119705860889 ) ) ;
#4203 = AXIS2_PLACEMENT_3D ( 'NONE', #1133, #3750, #2828 ) ;
#4204 = CARTESIAN_POINT ( 'NONE',  ( 25.61002653736082380, -22.87107893415352322, -0.5494332239989648814 ) ) ;
#4205 = ADVANCED_FACE ( 'NONE', ( #5219 ), #3050, .F. ) ;
#4206 = VERTEX_POINT ( 'NONE', #2608 ) ;
#4207 = AXIS2_PLACEMENT_3D ( 'NONE', #1050, #4863, #5284 ) ;
#4208 = ORIENTED_EDGE ( 'NONE', *, *, #4585, .F. ) ;
#4209 = FACE_BOUND ( 'NONE', #4199, .T. ) ;
#4210 = ORIENTED_EDGE ( 'NONE', *, *, #45, .T. ) ;
#4211 = CARTESIAN_POINT ( 'NONE',  ( 24.81157180890357949, -21.76613311824128161, -0.5176959305988957372 ) ) ;
#4212 = CARTESIAN_POINT ( 'NONE',  ( 26.40192169639027853, 24.37449147630940161, -0.7027930923688080478 ) ) ;
#4213 = CARTESIAN_POINT ( 'NONE',  ( 27.26223577750954519, 25.87414594275131208, -0.4428164243245943377 ) ) ;
#4214 = ORIENTED_EDGE ( 'NONE', *, *, #3510, .T. ) ;
#4215 = DIRECTION ( 'NONE',  ( 3.491481338843133355E-15, -1.575895479354887601E-16, 1.000000000000000000 ) ) ;
#4216 = ORIENTED_EDGE ( 'NONE', *, *, #735, .F. ) ;
#4217 =( GEOMETRIC_REPRESENTATION_CONTEXT ( 3 ) GLOBAL_UNCERTAINTY_ASSIGNED_CONTEXT ( ( #2377 ) ) GLOBAL_UNIT_ASSIGNED_CONTEXT ( ( #5426, #5009, #2529 ) ) REPRESENTATION_CONTEXT ( 'NONE', 'WORKASPACE' ) );
#4218 = CIRCLE ( 'NONE', #843, 8.000000000000000000 ) ;
#4219 = PLANE ( 'NONE',  #52 ) ;
#4220 = DIRECTION ( 'NONE',  ( 0.000000000000000000, 0.000000000000000000, 1.000000000000000000 ) ) ;
#4221 = B_SPLINE_CURVE_WITH_KNOTS ( 'NONE', 3,
 ( #1964, #4149, #729, #2069, #1174, #336, #4096, #5458, #278, #2043, #5431, #367, #3203, #3646, #1991, #3674 ),
 .UNSPECIFIED., .F., .F.,
 ( 4, 1, 1, 1, 2, 2, 1, 2, 2, 4 ),
 ( 0.000000000000000000, 0.2499999999999952816, 0.3749999999999927280, 0.4374999999999875655, 0.4687499999999890643, 0.4999999999999905076, 0.6249999999999891198, 0.6874999999999882316, 0.7499999999999873435, 1.000000000000000000 ),
 .UNSPECIFIED. ) ;
#4222 = CARTESIAN_POINT ( 'NONE',  ( -1.999999999999989564, -12.15000000000000036, 1.310372075087664981E-15 ) ) ;
#4223 = CARTESIAN_POINT ( 'NONE',  ( 26.66033591480249143, -23.43124104812441644, -0.2340164064175295489 ) ) ;
#4224 = CARTESIAN_POINT ( 'NONE',  ( 25.00000000000000355, 26.50000000000000355, -6.000000000000000000 ) ) ;
#4225 = CARTESIAN_POINT ( 'NONE',  ( 18.06274606680622696, 25.99999999999999645, -5.000000000000000000 ) ) ;
#4226 = CARTESIAN_POINT ( 'NONE',  ( 24.84188331677024308, 21.21642485718252402, -4.591271102270355620 ) ) ;
#4227 = ORIENTED_EDGE ( 'NONE', *, *, #2506, .T. ) ;
#4228 = EDGE_CURVE ( 'NONE', #761, #1270, #1235, .T. ) ;
#4229 = CARTESIAN_POINT ( 'NONE',  ( 25.37981464842797763, -24.61138569738913873, -4.637336963480645835 ) ) ;
#4230 = CARTESIAN_POINT ( 'NONE',  ( 25.16535374509924239, 21.39329501899234387, -0.002106110321122172269 ) ) ;
#4231 = VECTOR ( 'NONE', #4409, 1000.000000000000000 ) ;
#4232 = FACE_OUTER_BOUND ( 'NONE', #5308, .T. ) ;
#4233 = DIRECTION ( 'NONE',  ( 1.000000000000000000, -0.000000000000000000, -3.491481338843133355E-15 ) ) ;
#4234 = ORIENTED_EDGE ( 'NONE', *, *, #2051, .T. ) ;
#4235 = ADVANCED_FACE ( 'NONE', ( #5141 ), #3916, .T. ) ;
#4236 = ORIENTED_EDGE ( 'NONE', *, *, #3819, .F. ) ;
#4237 = CARTESIAN_POINT ( 'NONE',  ( 26.63692731166957728, 26.52687642766700904, -0.5579192051747490222 ) ) ;
#4238 = ORIENTED_EDGE ( 'NONE', *, *, #45, .F. ) ;
#4239 = ADVANCED_FACE ( 'NONE', ( #2193 ), #3888, .T. ) ;
#4240 = CARTESIAN_POINT ( 'NONE',  ( 26.89471922032493723, -23.88632326740907885, -0.3069351751925334382 ) ) ;
#4241 = CARTESIAN_POINT ( 'NONE',  ( 25.82136287480888015, 23.18615078279488273, -0.5776294988543546616 ) ) ;
#4242 = CARTESIAN_POINT ( 'NONE',  ( 27.89999999999996305, 22.38817675479885949, -18.53288157416711712 ) ) ;
#4243 = EDGE_LOOP ( 'NONE', ( #79, #97, #4122, #3615 ) ) ;
#4244 = CARTESIAN_POINT ( 'NONE',  ( 0.000000000000000000, 0.000000000000000000, -4.500000000000003553 ) ) ;
#4245 = VERTEX_POINT ( 'NONE', #1806 ) ;
#4246 = ADVANCED_FACE ( 'NONE', ( #2687 ), #548, .T. ) ;
#4247 = CARTESIAN_POINT ( 'NONE',  ( 25.00000000000000355, 21.08832942204106331, 0.000000000000000000 ) ) ;
#4248 = FACE_OUTER_BOUND ( 'NONE', #1259, .T. ) ;
#4249 = DIRECTION ( 'NONE',  ( -0.7071067811865466846, -0.7071067811865484609, 2.268207694304105023E-15 ) ) ;
#4250 = CARTESIAN_POINT ( 'NONE',  ( 25.38851721119978677, -21.65766510264386113, -0.01259134242027073677 ) ) ;
#4251 = LINE ( 'NONE', #5197, #3064 ) ;
#4252 = DIRECTION ( 'NONE',  ( -4.476705744456288765E-15, 0.000000000000000000, -1.000000000000000000 ) ) ;
#4253 = AXIS2_PLACEMENT_3D ( 'NONE', #5061, #3835, #2552 ) ;
#4254 = CARTESIAN_POINT ( 'NONE',  ( 25.44853414878619802, 22.93193937118619985, -5.106233716173754544 ) ) ;
#4255 = VERTEX_POINT ( 'NONE', #493 ) ;
#4256 = AXIS2_PLACEMENT_3D ( 'NONE', #4164, #5445, #2971 ) ;
#4257 = ADVANCED_BREP_SHAPE_REPRESENTATION ( '\X2\9acb517382828fde63a5\X0\', ( #3690, #1825 ), #4217 ) ;
#4258 = CARTESIAN_POINT ( 'NONE',  ( 25.24835060052883051, -21.32080711336691436, -5.031266831446814969 ) ) ;
#4259 = CARTESIAN_POINT ( 'NONE',  ( 26.44218230315989615, 24.50778391530992906, -0.7142402063253354694 ) ) ;
#4260 = DIRECTION ( 'NONE',  ( 1.000000000000000000, -0.000000000000000000, -3.491481338843133355E-15 ) ) ;
#4261 = CARTESIAN_POINT ( 'NONE',  ( 30.99999999999985789, -22.38817675479887725, -47.47154413826857677 ) ) ;
#4262 = EDGE_CURVE ( 'NONE', #3790, #2064, #3876, .T. ) ;
#4263 = VERTEX_POINT ( 'NONE', #47 ) ;
#4264 = EDGE_LOOP ( 'NONE', ( #1036, #3547, #873, #314 ) ) ;
#4265 = VECTOR ( 'NONE', #2150, 1000.000000000000000 ) ;
#4266 = CIRCLE ( 'NONE', #1870, 1.549999999999995826 ) ;
#4267 = DIRECTION ( 'NONE',  ( -1.000000000000000000, 0.000000000000000000, 0.000000000000000000 ) ) ;
#4268 = ORIENTED_EDGE ( 'NONE', *, *, #3517, .F. ) ;
#4269 = AXIS2_PLACEMENT_3D ( 'NONE', #577, #3523, #3084 ) ;
#4270 = CARTESIAN_POINT ( 'NONE',  ( 0.000000000000000000, 0.000000000000000000, -4.499999999999997335 ) ) ;
#4271 = CARTESIAN_POINT ( 'NONE',  ( 26.31598652078738354, 24.13985806223093888, -0.6797444860918908649 ) ) ;
#4272 = CARTESIAN_POINT ( 'NONE',  ( 25.33364022117599035, 21.59343100323218323, -0.009153420083386994144 ) ) ;
#4273 = EDGE_CURVE ( 'NONE', #4255, #2760, #3543, .T. ) ;
#4274 = EDGE_LOOP ( 'NONE', ( #1179, #2359, #2843, #1412, #1323 ) ) ;
#4275 = CARTESIAN_POINT ( 'NONE',  ( 18.06274606680623052, -17.49999999999999645, 0.000000000000000000 ) ) ;
#4276 = CARTESIAN_POINT ( 'NONE',  ( 25.40841493779662130, -26.52212632772054945, -4.646018814497839600 ) ) ;
#4277 = DIRECTION ( 'NONE',  ( -0.000000000000000000, -0.000000000000000000, -1.000000000000000000 ) ) ;
#4278 = CARTESIAN_POINT ( 'NONE',  ( 30.49999999999981881, -26.99999999999998579, -56.50221285621785938 ) ) ;
#4279 = CARTESIAN_POINT ( 'NONE',  ( 25.69571775007807446, -22.03706700052540057, -0.04044422205661962755 ) ) ;
#4280 = DIRECTION ( 'NONE',  ( -0.7071067811865593411, 0.06496298479934861647, -0.7041163331481118393 ) ) ;
#4281 = LINE ( 'NONE', #3359, #869 ) ;
#4282 = CARTESIAN_POINT ( 'NONE',  ( 25.33781879112330415, 22.00073167571882138, -5.058775441451127897 ) ) ;
#4283 = ORIENTED_EDGE ( 'NONE', *, *, #5261, .T. ) ;
#4284 = CARTESIAN_POINT ( 'NONE',  ( 25.33857851886273593, -22.00827895346373353, -5.059057837365463328 ) ) ;
#4285 = CARTESIAN_POINT ( 'NONE',  ( 25.35866879820781961, 21.62321283581663778, -0.01071899352046570483 ) ) ;
#4286 = CARTESIAN_POINT ( 'NONE',  ( 25.55732200792614606, 24.23737566419006129, -5.169702670209974649 ) ) ;
#4287 = CARTESIAN_POINT ( 'NONE',  ( 26.29472424413226150, -24.09438804024636482, -0.6741578475944141058 ) ) ;
#4288 = CARTESIAN_POINT ( 'NONE',  ( 30.99999999999983658, -15.96933128205095187, -53.89038961101656611 ) ) ;
#4289 = EDGE_CURVE ( 'NONE', #4372, #4586, #3964, .T. ) ;
#4290 = CARTESIAN_POINT ( 'NONE',  ( 30.99999999999999289, -15.96933128205095187, -9.114036101419142000 ) ) ;
#4291 = ORIENTED_EDGE ( 'NONE', *, *, #1364, .F. ) ;
#4292 = AXIS2_PLACEMENT_3D ( 'NONE', #3635, #2354, #5342 ) ;
#4293 = ORIENTED_EDGE ( 'NONE', *, *, #4396, .F. ) ;
#4294 = CARTESIAN_POINT ( 'NONE',  ( 30.99999999999985434, -18.99999999999998934, -48.50221285621786649 ) ) ;
#4295 = ORIENTED_EDGE ( 'NONE', *, *, #3585, .F. ) ;
#4296 = VECTOR ( 'NONE', #4233, 1000.000000000000000 ) ;
#4297 = LINE ( 'NONE', #5133, #4350 ) ;
#4298 = CARTESIAN_POINT ( 'NONE',  ( 25.94899714818033587, 23.40157868185605494, -0.5996636730386816216 ) ) ;
#4299 = ORIENTED_EDGE ( 'NONE', *, *, #3269, .F. ) ;
#4300 = CYLINDRICAL_SURFACE ( 'NONE', #1509, 3.000000000000000888 ) ;
#4301 = EDGE_LOOP ( 'NONE', ( #5353, #1775, #1770 ) ) ;
#4302 = EDGE_CURVE ( 'NONE', #4852, #5346, #1594, .T. ) ;
#4303 = CARTESIAN_POINT ( 'NONE',  ( 27.89999999999997371, 23.93817675479885665, -15.53288157416711712 ) ) ;
#4304 = DIRECTION ( 'NONE',  ( -3.491481338843133355E-15, 1.575895479354887848E-16, -1.000000000000000000 ) ) ;
#4305 = DIRECTION ( 'NONE',  ( 5.502209658134845296E-31, 1.000000000000000000, 1.575895479354887848E-16 ) ) ;
#4306 = CARTESIAN_POINT ( 'NONE',  ( 25.60526613824749376, -21.92317854735795990, -0.03040946089968964497 ) ) ;
#4307 = DIRECTION ( 'NONE',  ( -1.387778780781444413E-14, 1.040834085586083310E-14, -1.000000000000000000 ) ) ;
#4308 = DIRECTION ( 'NONE',  ( 1.000000000000000000, 0.000000000000000000, 0.000000000000000000 ) ) ;
#4309 = CARTESIAN_POINT ( 'NONE',  ( 25.40221679460861282, 25.11753931554221353, -4.644102542929211985 ) ) ;
#4310 = VERTEX_POINT ( 'NONE', #2657 ) ;
#4311 = VECTOR ( 'NONE', #3751, 1000.000000000000000 ) ;
#4312 = CARTESIAN_POINT ( 'NONE',  ( 24.95717984685925828, -19.05120493902576939, -5.000917203388347332 ) ) ;
#4313 = CARTESIAN_POINT ( 'NONE',  ( 25.83675663883656526, 22.20991944016460451, -0.05847592055487108725 ) ) ;
#4314 = DIRECTION ( 'NONE',  ( -1.000000000000000000, 1.575895479354882178E-16, 3.491481338843133355E-15 ) ) ;
#4315 = CARTESIAN_POINT ( 'NONE',  ( 26.16905935100657388, -23.82280474360171851, -0.6441467790729801246 ) ) ;
#4316 = DIRECTION ( 'NONE',  ( 1.000000000000000000, -0.000000000000000000, -3.491481338843133355E-15 ) ) ;
#4317 = VECTOR ( 'NONE', #4215, 1000.000000000000000 ) ;
#4318 = CARTESIAN_POINT ( 'NONE',  ( 25.99999999999997513, -22.38817675479887725, -13.98288157416712174 ) ) ;
#4319 = CIRCLE ( 'NONE', #5026, 1.000000000000000000 ) ;
#4320 = ORIENTED_EDGE ( 'NONE', *, *, #2625, .T. ) ;
#4321 = EDGE_CURVE ( 'NONE', #4819, #4263, #253, .T. ) ;
#4322 = CARTESIAN_POINT ( 'NONE',  ( 25.07064489992158585, 21.60702822726370442, -4.770963549936269033 ) ) ;
#4323 = EDGE_CURVE ( 'NONE', #698, #2585, #1859, .T. ) ;
#4324 = ORIENTED_EDGE ( 'NONE', *, *, #3434, .F. ) ;
#4325 = CIRCLE ( 'NONE', #1479, 1.549999999999994049 ) ;
#4326 = B_SPLINE_CURVE_WITH_KNOTS ( 'NONE', 3,
 ( #3892, #1786, #2197, #4730 ),
 .UNSPECIFIED., .F., .F.,
 ( 4, 4 ),
 ( 0.000000000000000000, 1.000000000000000000 ),
 .UNSPECIFIED. ) ;
#4327 = DIRECTION ( 'NONE',  ( 1.000000000000000000, -0.000000000000000000, -3.491481338843133355E-15 ) ) ;
#4328 = EDGE_CURVE ( 'NONE', #63, #4097, #679, .T. ) ;
#4329 = ORIENTED_EDGE ( 'NONE', *, *, #2595, .F. ) ;
#4330 = CARTESIAN_POINT ( 'NONE',  ( 27.89999999999982805, -19.64310073908833232, -55.47260893100326484 ) ) ;
#4331 = FACE_OUTER_BOUND ( 'NONE', #3937, .T. ) ;
#4332 = EDGE_CURVE ( 'NONE', #1907, #4957, #1974, .T. ) ;
#4333 = CARTESIAN_POINT ( 'NONE',  ( 24.99999999999999289, -27.00000000000000355, -6.000000000000000000 ) ) ;
#4334 = CARTESIAN_POINT ( 'NONE',  ( 25.12942365209956819, -22.70915300278463889, -4.588907856634268256 ) ) ;
#4335 = CARTESIAN_POINT ( 'NONE',  ( 27.07524294084327821, -24.35326144721240027, -0.3703069650706071192 ) ) ;
#4336 = DIRECTION ( 'NONE',  ( -1.000000000000000000, 0.000000000000000000, 0.000000000000000000 ) ) ;
#4337 = CARTESIAN_POINT ( 'NONE',  ( 25.27067980546966197, 21.49777073581586251, -5.037303566467135063 ) ) ;
#4338 = ORIENTED_EDGE ( 'NONE', *, *, #4398, .F. ) ;
#4339 = CARTESIAN_POINT ( 'NONE',  ( 24.92258029767419103, -21.61853716104423029, -4.584663872490910563 ) ) ;
#4340 = CARTESIAN_POINT ( 'NONE',  ( 25.79353171653845322, 22.15463576032080795, -0.05254327540012727893 ) ) ;
#4341 = DIRECTION ( 'NONE',  ( 1.000000000000000000, -0.000000000000000000, -3.491481338843133355E-15 ) ) ;
#4342 = CARTESIAN_POINT ( 'NONE',  ( 24.99999999999999645, -22.01571739626974988, -4.500000000000003553 ) ) ;
#4343 = DIRECTION ( 'NONE',  ( 1.000000000000000000, -0.000000000000000000, -3.491481338843133355E-15 ) ) ;
#4344 = ADVANCED_FACE ( 'NONE', ( #3183 ), #3877, .T. ) ;
#4345 = DIRECTION ( 'NONE',  ( 1.000000000000000000, -0.000000000000000000, -3.491481338843133355E-15 ) ) ;
#4346 = VECTOR ( 'NONE', #363, 1000.000000000000000 ) ;
#4347 = ORIENTED_EDGE ( 'NONE', *, *, #5217, .F. ) ;
#4348 = CARTESIAN_POINT ( 'NONE',  ( -1.549999999999999156, 13.50000000000000000, 0.000000000000000000 ) ) ;
#4349 = AXIS2_PLACEMENT_3D ( 'NONE', #343, #1545, #4492 ) ;
#4350 = VECTOR ( 'NONE', #3043, 1000.000000000000000 ) ;
#4351 = EDGE_LOOP ( 'NONE', ( #2874, #787, #1569, #1595 ) ) ;
#4352 = VECTOR ( 'NONE', #4500, 1000.000000000000000 ) ;
#4353 = CIRCLE ( 'NONE', #5242, 1.550000000000002709 ) ;
#4354 = ORIENTED_EDGE ( 'NONE', *, *, #91, .T. ) ;
#4355 = CARTESIAN_POINT ( 'NONE',  ( 24.80590419555391080, -20.94934347242289618, -0.003140253540976083342 ) ) ;
#4356 = VERTEX_POINT ( 'NONE', #957 ) ;
#4357 = CARTESIAN_POINT ( 'NONE',  ( 26.21870529012989337, -27.00000000000000355, -3.480831292490055517 ) ) ;
#4358 = EDGE_CURVE ( 'NONE', #34, #4819, #513, .T. ) ;
#4359 = AXIS2_PLACEMENT_3D ( 'NONE', #3775, #5476, #1668 ) ;
#4360 = DIRECTION ( 'NONE',  ( 1.000000000000000000, 0.000000000000000000, 0.000000000000000000 ) ) ;
#4361 = CARTESIAN_POINT ( 'NONE',  ( 30.99999999999999289, -15.96933128205095187, -9.114036101419142000 ) ) ;
#4362 = DIRECTION ( 'NONE',  ( -1.000000000000000000, 0.000000000000000000, 0.000000000000000000 ) ) ;
#4363 = CYLINDRICAL_SURFACE ( 'NONE', #2534, 1.549999999999994049 ) ;
#4364 = CARTESIAN_POINT ( 'NONE',  ( 25.17814385023764956, 20.81288831268873807, -5.015945313550211893 ) ) ;
#4365 = VERTEX_POINT ( 'NONE', #2569 ) ;
#4366 = DIRECTION ( 'NONE',  ( -1.000000000000000000, 0.000000000000000000, 1.387778780781434789E-14 ) ) ;
#4367 = CARTESIAN_POINT ( 'NONE',  ( 25.47215371899266856, 21.75839153814264648, -0.01859555778764860473 ) ) ;
#4368 = CARTESIAN_POINT ( 'NONE',  ( 25.48580129415869067, -23.31608724110424191, -5.125895772539897699 ) ) ;
#4369 = CARTESIAN_POINT ( 'NONE',  ( 26.57764148020685369, 26.52785495684031147, -0.7548239491419559410 ) ) ;
#4370 = CARTESIAN_POINT ( 'NONE',  ( 18.06274606680623052, -17.49999999999999645, -5.000000000000000000 ) ) ;
#4371 = DIRECTION ( 'NONE',  ( -4.476705744456288765E-15, 0.000000000000000000, -1.000000000000000000 ) ) ;
#4372 = VERTEX_POINT ( 'NONE', #1826 ) ;
#4373 = EDGE_CURVE ( 'NONE', #3069, #4934, #4963, .T. ) ;
#4374 = PLANE ( 'NONE',  #647 ) ;
#4375 = DIRECTION ( 'NONE',  ( 0.7071067811865446862, -0.6494368238967932472, -0.2796995026217414249 ) ) ;
#4376 = ORIENTED_EDGE ( 'NONE', *, *, #299, .F. ) ;
#4377 = ORIENTED_EDGE ( 'NONE', *, *, #5331, .T. ) ;
#4378 = DIRECTION ( 'NONE',  ( 1.000000000000000000, -0.000000000000000000, -3.491481338843133355E-15 ) ) ;
#4379 = CIRCLE ( 'NONE', #3567, 1.549999999999995826 ) ;
#4380 = ORIENTED_EDGE ( 'NONE', *, *, #5387, .T. ) ;
#4381 = DIRECTION ( 'NONE',  ( -1.000000000000000000, 0.000000000000000000, 0.000000000000000000 ) ) ;
#4382 = LINE ( 'NONE', #2289, #2540 ) ;
#4383 = CARTESIAN_POINT ( 'NONE',  ( 26.79646451239085181, -26.50135712793563059, -0.6544151844622076997 ) ) ;
#4384 = CARTESIAN_POINT ( 'NONE',  ( 25.27974663407997369, -23.65636183182277463, -4.611988103540051398 ) ) ;
#4385 = CARTESIAN_POINT ( 'NONE',  ( 25.25104842701351160, 24.29674733802731978, -5.032020946187580002 ) ) ;
#4386 = ORIENTED_EDGE ( 'NONE', *, *, #1532, .F. ) ;
#4387 = AXIS2_PLACEMENT_3D ( 'NONE', #2842, #4542, #1653 ) ;
#4388 = CARTESIAN_POINT ( 'NONE',  ( 24.99355840643905324, -21.98272372998605562, -4.582556671909811641 ) ) ;
#4389 = CARTESIAN_POINT ( 'NONE',  ( 27.05468773232853508, 24.29111690822510283, -0.3627785053137740912 ) ) ;
#4390 = CARTESIAN_POINT ( 'NONE',  ( 25.51810691651610696, -23.67847130879466988, -5.144598201992629072 ) ) ;
#4391 = CARTESIAN_POINT ( 'NONE',  ( 25.10501139464925302, 21.23664773838535780, -2.443847121086669394E-16 ) ) ;
#4392 = CARTESIAN_POINT ( 'NONE',  ( 25.99999999999991829, -9.194348711522117606E-15, -31.50221285621783451 ) ) ;
#4393 = CARTESIAN_POINT ( 'NONE',  ( -9.000000000000000000, 1.102182119232617714E-15, -0.4999999999999865663 ) ) ;
#4394 = DIRECTION ( 'NONE',  ( 0.000000000000000000, -0.000000000000000000, 1.000000000000000000 ) ) ;
#4395 = AXIS2_PLACEMENT_3D ( 'NONE', #2660, #1808, #884 ) ;
#4396 = EDGE_CURVE ( 'NONE', #2933, #4255, #4703, .T. ) ;
#4397 = LINE ( 'NONE', #5292, #4594 ) ;
#4398 = EDGE_CURVE ( 'NONE', #4245, #3620, #4297, .T. ) ;
#4399 = CARTESIAN_POINT ( 'NONE',  ( 25.44803884729540400, 21.72957497955820472, -0.01673812137976377415 ) ) ;
#4400 = ORIENTED_EDGE ( 'NONE', *, *, #3068, .T. ) ;
#4401 = ORIENTED_EDGE ( 'NONE', *, *, #3241, .T. ) ;
#4402 = CIRCLE ( 'NONE', #3959, 1.500000000000000444 ) ;
#4403 = ORIENTED_EDGE ( 'NONE', *, *, #1516, .F. ) ;
#4404 = CYLINDRICAL_SURFACE ( 'NONE', #2744, 2.999999999999999112 ) ;
#4405 = AXIS2_PLACEMENT_3D ( 'NONE', #9, #4267, #1742 ) ;
#4406 = ORIENTED_EDGE ( 'NONE', *, *, #2878, .T. ) ;
#4407 = DIRECTION ( 'NONE',  ( -1.000000000000000000, 1.575895479354882178E-16, 3.491481338843133355E-15 ) ) ;
#4408 = EDGE_CURVE ( 'NONE', #2423, #2707, #5410, .T. ) ;
#4409 = DIRECTION ( 'NONE',  ( -0.000000000000000000, -0.000000000000000000, -1.000000000000000000 ) ) ;
#4410 = CARTESIAN_POINT ( 'NONE',  ( 26.38025943754288960, -24.31202148038462951, -0.6966670605010860662 ) ) ;
#4411 = CARTESIAN_POINT ( 'NONE',  ( 25.06894537116355792, -22.37685517251297895, -4.584481479333850196 ) ) ;
#4412 = CARTESIAN_POINT ( 'NONE',  ( 26.41519137586880461, 24.08066346698437599, -0.1691051198044605519 ) ) ;
#4413 = ORIENTED_EDGE ( 'NONE', *, *, #4733, .F. ) ;
#4414 = ADVANCED_FACE ( 'NONE', ( #3512 ), #4796, .F. ) ;
#4415 = CARTESIAN_POINT ( 'NONE',  ( 25.99999999999996803, 22.38817675479885949, -17.08288157416710362 ) ) ;
#4416 = CARTESIAN_POINT ( 'NONE',  ( 26.21176012206234063, 22.71581249508302847, -0.1234971682041033358 ) ) ;
#4417 = CARTESIAN_POINT ( 'NONE',  ( 25.57903971362068063, -24.73545419606104545, -5.184700609774677282 ) ) ;
#4418 = DIRECTION ( 'NONE',  ( -1.000000000000000000, 0.000000000000000000, 0.000000000000000000 ) ) ;
#4419 = CARTESIAN_POINT ( 'NONE',  ( 25.35301898909245466, 24.27356683423143480, -4.629710998025793778 ) ) ;
#4420 = CARTESIAN_POINT ( 'NONE',  ( 25.83474738668799020, -27.00000000000000355, -4.753726834970130710 ) ) ;
#4421 = CARTESIAN_POINT ( 'NONE',  ( 25.37948481891545427, 22.32891121115356370, -5.074738618988878791 ) ) ;
#4422 = EDGE_LOOP ( 'NONE', ( #3482, #3095 ) ) ;
#4423 = ADVANCED_FACE ( 'NONE', ( #5213 ), #3907, .T. ) ;
#4424 = DIRECTION ( 'NONE',  ( -4.476705744456278510E-15, 0.000000000000000000, -1.000000000000000000 ) ) ;
#4425 = ADVANCED_FACE ( 'NONE', ( #1802 ), #2627, .F. ) ;
#4426 = CYLINDRICAL_SURFACE ( 'NONE', #935, 8.000000000000000000 ) ;
#4427 = EDGE_LOOP ( 'NONE', ( #4461, #180, #3336, #3531, #3351, #2872, #1596, #899 ) ) ;
#4428 = EDGE_LOOP ( 'NONE', ( #1430, #4543, #1898, #1540 ) ) ;
#4429 = ORIENTED_EDGE ( 'NONE', *, *, #5347, .T. ) ;
#4430 = VECTOR ( 'NONE', #5418, 1000.000000000000000 ) ;
#4431 = DIRECTION ( 'NONE',  ( -3.469446951953615372E-15, 0.000000000000000000, -1.000000000000000000 ) ) ;
#4432 = ORIENTED_EDGE ( 'NONE', *, *, #456, .T. ) ;
#4433 = CYLINDRICAL_SURFACE ( 'NONE', #1955, 1.549999999999995826 ) ;
#4434 = AXIS2_PLACEMENT_3D ( 'NONE', #1434, #119, #1012 ) ;
#4435 = AXIS2_PLACEMENT_3D ( 'NONE', #2340, #1968, #4431 ) ;
#4436 = CARTESIAN_POINT ( 'NONE',  ( 30.49999999999983658, 15.96933128205093766, -53.89038961101655900 ) ) ;
#4437 = ADVANCED_FACE ( 'NONE', ( #1403 ), #2599, .F. ) ;
#4438 = CARTESIAN_POINT ( 'NONE',  ( 26.59504366562252642, -25.55924577997847891, -0.7601212139547984803 ) ) ;
#4439 = CIRCLE ( 'NONE', #5335, 1.999999999999989564 ) ;
#4440 = CARTESIAN_POINT ( 'NONE',  ( 25.10575566698593519, -22.57751604317108374, -4.586926861657803833 ) ) ;
#4441 = CARTESIAN_POINT ( 'NONE',  ( 26.75730186910819697, 25.08691591021499079, -0.2600731428246872978 ) ) ;
#4442 = ORIENTED_EDGE ( 'NONE', *, *, #61, .T. ) ;
#4443 = CONICAL_SURFACE ( 'NONE', #3466, 17.49999999999999645, 0.7853981633974500554 ) ;
#4444 = CARTESIAN_POINT ( 'NONE',  ( 24.75953374075047719, -20.76656219386734037, -4.602952808249894723 ) ) ;
#4445 = DIRECTION ( 'NONE',  ( 1.000000000000000000, 0.000000000000000000, 0.000000000000000000 ) ) ;
#4446 = CARTESIAN_POINT ( 'NONE',  ( 25.30052282299261890, -21.71611274292287419, -5.046203335145166058 ) ) ;
#4447 = DIRECTION ( 'NONE',  ( 1.000000000000000000, -1.575895479354882424E-16, -3.491481338843133355E-15 ) ) ;
#4448 = DIRECTION ( 'NONE',  ( -1.387778780781444413E-14, 0.000000000000000000, -1.000000000000000000 ) ) ;
#4449 = CARTESIAN_POINT ( 'NONE',  ( 25.00000000000000355, 27.00000000000000355, -6.000000000000000000 ) ) ;
#4450 = CARTESIAN_POINT ( 'NONE',  ( 25.32925502873126433, 21.93572389956964130, -5.055757914915760765 ) ) ;
#4451 = ORIENTED_EDGE ( 'NONE', *, *, #2982, .F. ) ;
#4452 = B_SPLINE_SURFACE_WITH_KNOTS ( 'NONE', 1, 3, ( 
 ( #940, #3918, #965, #2551, #2269, #3600, #2293, #5306, #4804, #2741, #1494, #4412, #653, #2797, #3185, #3546, #4468, #4441, #626, #2375 ),
 ( #1098, #179, #205, #3994, #5277, #2689, #1018, #1887, #4885, #1073, #1943, #598, #2348, #4385, #1410, #4496, #681, #2771, #2318, #574 ) ),
 .UNSPECIFIED., .F., .F., .F.,
 ( 2, 2 ),
 ( 4, 3, 3, 2, 2, 2, 2, 2, 4 ),
 ( 0.000000000000000000, 1.000000000000000000 ),
 ( -0.05030255949796521436, -0.03990352425541110470, 0.000000000000000000, 0.2500000000000000000, 0.3750000000000000000, 0.4375000000000000000, 0.4687500000000000000, 0.5000000000000000000, 1.000000000000000000 ),
 .UNSPECIFIED. ) ;
#4453 = CARTESIAN_POINT ( 'NONE',  ( 27.24214010772248784, -25.24224998014150145, -0.4346637228590873314 ) ) ;
#4454 = CARTESIAN_POINT ( 'NONE',  ( 30.99999999999999289, -15.96933128205095187, -9.114036101419142000 ) ) ;
#4455 = EDGE_CURVE ( 'NONE', #3902, #461, #2153, .T. ) ;
#4456 = CARTESIAN_POINT ( 'NONE',  ( 18.06274606680622696, 18.00000000000000355, -4.500000000000003553 ) ) ;
#4457 = EDGE_LOOP ( 'NONE', ( #2904, #1677, #757, #1397 ) ) ;
#4458 = ORIENTED_EDGE ( 'NONE', *, *, #1760, .F. ) ;
#4459 = VERTEX_POINT ( 'NONE', #3853 ) ;
#4460 = DIRECTION ( 'NONE',  ( -3.546545773108137984E-15, 0.000000000000000000, -1.000000000000000000 ) ) ;
#4461 = ORIENTED_EDGE ( 'NONE', *, *, #3830, .T. ) ;
#4462 = CARTESIAN_POINT ( 'NONE',  ( 25.99999999999986500, -22.38817675479887725, -45.92154413826855830 ) ) ;
#4463 = EDGE_CURVE ( 'NONE', #2145, #2726, #1329, .T. ) ;
#4464 = STYLED_ITEM ( 'NONE', ( #296 ), #3690 ) ;
#4465 = FACE_BOUND ( 'NONE', #3042, .T. ) ;
#4466 = CARTESIAN_POINT ( 'NONE',  ( 26.21669389247661996, -23.92079805948268145, -0.6550800905505848037 ) ) ;
#4467 = CARTESIAN_POINT ( 'NONE',  ( 25.40841493779662130, -26.52212632772054945, -4.646018814497839600 ) ) ;
#4468 = CARTESIAN_POINT ( 'NONE',  ( 26.56587221571692581, 24.46397033890586314, -0.2079208900684445804 ) ) ;
#4469 = AXIS2_PLACEMENT_3D ( 'NONE', #3087, #972, #2668 ) ;
#4470 = EDGE_CURVE ( 'NONE', #3879, #4151, #5158, .T. ) ;
#4471 = CARTESIAN_POINT ( 'NONE',  ( -10.52220865598093269, 6.074999999999997513, 1.310372075087664981E-15 ) ) ;
#4472 = CARTESIAN_POINT ( 'NONE',  ( 26.57764148020685369, 26.52785495684031147, -0.7548239491419559410 ) ) ;
#4473 = CARTESIAN_POINT ( 'NONE',  ( 25.39029261520982317, -22.42605856695089983, -5.079261377579825876 ) ) ;
#4474 = CARTESIAN_POINT ( 'NONE',  ( 25.00000000000000711, 22.01571739626976409, -0.5142843100067235884 ) ) ;
#4475 = CARTESIAN_POINT ( 'NONE',  ( 25.25548542515734596, 23.47041288506223111, -4.607051108429303099 ) ) ;
#4476 = DIRECTION ( 'NONE',  ( -3.469446951953619316E-15, 0.000000000000000000, -1.000000000000000000 ) ) ;
#4477 = B_SPLINE_CURVE_WITH_KNOTS ( 'NONE', 3,
 ( #5247, #2711, #4357, #546 ),
 .UNSPECIFIED., .F., .F.,
 ( 4, 4 ),
 ( 0.000000000000000000, 1.000000000000000000 ),
 .UNSPECIFIED. ) ;
#4478 = CARTESIAN_POINT ( 'NONE',  ( 25.55628758551901569, 24.21905296737722324, -5.169008928353263421 ) ) ;
#4479 = VERTEX_POINT ( 'NONE', #1880 ) ;
#4480 = CARTESIAN_POINT ( 'NONE',  ( 25.56838883948027075, -24.45446801128047198, -5.177239192405855839 ) ) ;
#4481 = CARTESIAN_POINT ( 'NONE',  ( 27.26789578809999881, -26.04424964646810992, -0.4451238519802037663 ) ) ;
#4482 = FACE_BOUND ( 'NONE', #4422, .T. ) ;
#4483 = CARTESIAN_POINT ( 'NONE',  ( 25.00000000000000000, -22.01571739626974988, -4.582547696720295605 ) ) ;
#4484 = ORIENTED_EDGE ( 'NONE', *, *, #5224, .T. ) ;
#4485 = ADVANCED_FACE ( 'NONE', ( #2763 ), #5270, .F. ) ;
#4486 = ORIENTED_EDGE ( 'NONE', *, *, #2396, .T. ) ;
#4487 = ADVANCED_FACE ( 'NONE', ( #5355 ), #4404, .F. ) ;
#4488 = VECTOR ( 'NONE', #4940, 1000.000000000000000 ) ;
#4489 = ORIENTED_EDGE ( 'NONE', *, *, #149, .F. ) ;
#4490 = CARTESIAN_POINT ( 'NONE',  ( 25.07312754079886119, -21.60794409799808591, -4.772579768971136893 ) ) ;
#4491 = EDGE_LOOP ( 'NONE', ( #4642, #1626, #5488, #342 ) ) ;
#4492 = DIRECTION ( 'NONE',  ( -1.387778780781445676E-14, -8.673617379884035472E-16, -1.000000000000000000 ) ) ;
#4493 = CARTESIAN_POINT ( 'NONE',  ( 26.50000000000000711, 27.00000000000000355, -6.000000000000003553 ) ) ;
#4494 = CARTESIAN_POINT ( 'NONE',  ( 26.58229626647839083, -26.52572185694254614, -0.7562052474261504731 ) ) ;
#4495 = CARTESIAN_POINT ( 'NONE',  ( 25.41667617595260964, -25.79428415581957168, -4.648570196667575871 ) ) ;
#4496 = CARTESIAN_POINT ( 'NONE',  ( 25.25859481719560051, 24.42074729212736983, -5.034010807471364757 ) ) ;
#4497 = EDGE_CURVE ( 'NONE', #3875, #5377, #2790, .T. ) ;
#4498 = CARTESIAN_POINT ( 'NONE',  ( 25.15061360903822418, -21.66099317617953446, -0.1894768962312297078 ) ) ;
#4499 = CARTESIAN_POINT ( 'NONE',  ( 27.22109523417894295, 25.09075353515383711, -0.4262308877641822757 ) ) ;
#4500 = DIRECTION ( 'NONE',  ( 1.000000000000000000, -0.000000000000000000, -3.491481338843133355E-15 ) ) ;
#4501 = DIRECTION ( 'NONE',  ( -0.000000000000000000, -0.000000000000000000, -1.000000000000000000 ) ) ;
#4502 = CARTESIAN_POINT ( 'NONE',  ( 25.33767495141906068, 24.11646264227359637, -4.625575643454849839 ) ) ;
#4503 = DIRECTION ( 'NONE',  ( -0.000000000000000000, -0.000000000000000000, 1.000000000000000000 ) ) ;
#4504 = PLANE ( 'NONE',  #5065 ) ;
#4505 = ORIENTED_EDGE ( 'NONE', *, *, #3913, .F. ) ;
#4506 = CARTESIAN_POINT ( 'NONE',  ( 25.58182066624896223, -24.82561378492761506, -5.186679106961160635 ) ) ;
#4507 = CARTESIAN_POINT ( 'NONE',  ( 24.75553940216057924, 21.69801396944259864, -0.5195896269858514271 ) ) ;
#4508 = CARTESIAN_POINT ( 'NONE',  ( 26.39015688359243583, -24.34027421128607571, -0.6993956919923093318 ) ) ;
#4509 = EDGE_CURVE ( 'NONE', #2933, #3270, #1010, .T. ) ;
#4510 = CARTESIAN_POINT ( 'NONE',  ( -6.664026670086804404E-31, 17.49999999999999645, 0.000000000000000000 ) ) ;
#4511 = DIRECTION ( 'NONE',  ( -0.7071067811865450192, -4.190823558986625216E-31, 0.7071067811865500152 ) ) ;
#4512 = VERTEX_POINT ( 'NONE', #3619 ) ;
#4513 = ORIENTED_EDGE ( 'NONE', *, *, #934, .T. ) ;
#4514 = DIRECTION ( 'NONE',  ( 1.000000000000000000, -0.000000000000000000, -3.491481338843133355E-15 ) ) ;
#4515 = CIRCLE ( 'NONE', #5227, 1.550000000000002709 ) ;
#4516 = ORIENTED_EDGE ( 'NONE', *, *, #5044, .F. ) ;
#4517 = DIRECTION ( 'NONE',  ( -0.000000000000000000, -0.000000000000000000, -1.000000000000000000 ) ) ;
#4518 = EDGE_CURVE ( 'NONE', #1712, #3229, #3540, .T. ) ;
#4519 = AXIS2_PLACEMENT_3D ( 'NONE', #963, #464, #3859 ) ;
#4520 = DIRECTION ( 'NONE',  ( 1.000000000000000000, -0.000000000000000000, -3.491481338843133355E-15 ) ) ;
#4521 = CARTESIAN_POINT ( 'NONE',  ( 26.45852729640327183, -24.56316562834070538, -0.7188727935162126936 ) ) ;
#4522 = CARTESIAN_POINT ( 'NONE',  ( 25.37239411278946832, -24.49927287431405531, -4.635133502003394135 ) ) ;
#4523 = CARTESIAN_POINT ( 'NONE',  ( 26.65620444145601908, 23.41248976472784449, -0.2329671471272588279 ) ) ;
#4524 = CONICAL_SURFACE ( 'NONE', #163, 8.499999999999996447, 0.7853981633974500554 ) ;
#4525 = ORIENTED_EDGE ( 'NONE', *, *, #4332, .T. ) ;
#4526 = EDGE_CURVE ( 'NONE', #63, #3509, #1935, .T. ) ;
#4527 = AXIS2_PLACEMENT_3D ( 'NONE', #1285, #528, #3 ) ;
#4528 = AXIS2_PLACEMENT_3D ( 'NONE', #3974, #3504, #508 ) ;
#4529 = CARTESIAN_POINT ( 'NONE',  ( 30.99999999999984013, 15.96933128205093766, -53.89038961101655900 ) ) ;
#4530 = DIRECTION ( 'NONE',  ( 1.000000000000000000, 0.000000000000000000, 0.000000000000000000 ) ) ;
#4531 = CARTESIAN_POINT ( 'NONE',  ( 25.11395500550057491, -20.30297250212840865, -5.006513503759451034 ) ) ;
#4532 = FILL_AREA_STYLE ('',( #4111 ) ) ;
#4533 = FACE_OUTER_BOUND ( 'NONE', #1260, .T. ) ;
#4534 = CARTESIAN_POINT ( 'NONE',  ( 27.89999999999983160, -13.22367297715326018, -55.09925704491752896 ) ) ;
#4535 = CIRCLE ( 'NONE', #4630, 2.999999999999995559 ) ;
#4536 = CARTESIAN_POINT ( 'NONE',  ( 25.37200769664455180, 24.50254496159248419, -4.635081168564745724 ) ) ;
#4537 = ORIENTED_EDGE ( 'NONE', *, *, #2290, .T. ) ;
#4538 = CARTESIAN_POINT ( 'NONE',  ( 25.59448270287814964, -26.06459134171488046, -5.195891477098166789 ) ) ;
#4539 = CARTESIAN_POINT ( 'NONE',  ( 25.00288037239523575, 22.01945742974139009, -0.5142877799320633159 ) ) ;
#4540 = CARTESIAN_POINT ( 'NONE',  ( 26.60119056491867440, -26.00555021562703573, -0.7620396941480021002 ) ) ;
#4541 = CARTESIAN_POINT ( 'NONE',  ( -11.69134295108992383, -6.749999999999997335, -5.000000000000000000 ) ) ;
#4542 = DIRECTION ( 'NONE',  ( -0.000000000000000000, -0.000000000000000000, -1.000000000000000000 ) ) ;
#4543 = ORIENTED_EDGE ( 'NONE', *, *, #1365, .T. ) ;
#4544 = EDGE_CURVE ( 'NONE', #900, #3069, #948, .T. ) ;
#4545 = VERTEX_POINT ( 'NONE', #4011 ) ;
#4546 = CARTESIAN_POINT ( 'NONE',  ( 25.99999999999999289, -15.96933128205095187, -9.114036101419124236 ) ) ;
#4547 = EDGE_LOOP ( 'NONE', ( #4795, #1216 ) ) ;
#4548 = CARTESIAN_POINT ( 'NONE',  ( 30.99999999999999289, 15.96933128205093055, -10.66403610141913205 ) ) ;
#4549 = B_SPLINE_CURVE_WITH_KNOTS ( 'NONE', 3,
 ( #633, #239, #1951, #4085, #3663, #3554, #685, #659, #158, #269, #2326, #5367, #4002, #2382, #5343, #4891, #4025, #187, #1529, #3218, #3139, #2776, #3973, #1921, #1024, #1557, #4419, #1105, #4502, #1982, #3246, #5259, #1893, #3579, #4946, #1446, #4475, #4838, #3608, #2723, #5285, #605, #2302, #1474, #5313, #3194, #3167, #1077 ),
 .UNSPECIFIED., .F., .F.,
 ( 4, 2, 2, 2, 1, 1, 1, 2, 2, 2, 2, 2, 2, 1, 2, 2, 2, 2, 2, 2, 2, 2, 1, 1, 2, 2, 4 ),
 ( 0.000000000000000000, 0.1250000000000018874, 0.1875000000000039968, 0.2187500000000050238, 0.2343750000000055234, 0.2421875000000039135, 0.2460937500000031086, 0.2480468750000027200, 0.2500000000000023315, 0.3749999999999734657, 0.4374999999999590328, 0.4687499999999518718, 0.4843749999999494293, 0.4921874999999493738, 0.4960937499999482636, 0.4999999999999471534, 0.5624999999999394928, 0.5937499999999344968, 0.6093749999999319433, 0.6249999999999293898, 0.6874999999999232836, 0.7187499999999202860, 0.7343749999999201750, 0.7421874999999213962, 0.7460937499999217293, 0.7499999999999221734, 1.000000000000000000 ),
 .UNSPECIFIED. ) ;
#4550 = DIRECTION ( 'NONE',  ( 1.000000000000000000, 0.000000000000000000, 0.000000000000000000 ) ) ;
#4551 = CARTESIAN_POINT ( 'NONE',  ( 24.83205283652396034, -21.79328780640697971, -0.5170282541439372714 ) ) ;
#4552 = CARTESIAN_POINT ( 'NONE',  ( 25.38958596072929197, -24.78382367123736429, -4.640250290797715671 ) ) ;
#4553 = EDGE_CURVE ( 'NONE', #1514, #4906, #258, .T. ) ;
#4554 = CARTESIAN_POINT ( 'NONE',  ( 26.55485652942835983, 23.24027145313188569, -0.2049613403682632451 ) ) ;
#4555 = ORIENTED_EDGE ( 'NONE', *, *, #389, .T. ) ;
#4556 = AXIS2_PLACEMENT_3D ( 'NONE', #5392, #658, #2060 ) ;
#4557 = ADVANCED_FACE ( 'NONE', ( #3650 ), #880, .F. ) ;
#4558 = DIRECTION ( 'NONE',  ( -3.469446951953619316E-15, 0.000000000000000000, -1.000000000000000000 ) ) ;
#4559 = DIRECTION ( 'NONE',  ( -1.000000000000000000, 0.000000000000000000, 3.491481338843133355E-15 ) ) ;
#4560 = CARTESIAN_POINT ( 'NONE',  ( 27.89999999999983160, 19.73497227324379466, -56.46837979882975844 ) ) ;
#4561 = CARTESIAN_POINT ( 'NONE',  ( 30.49999999999983302, 12.30845354218734755, -56.50221285621785938 ) ) ;
#4562 = DIRECTION ( 'NONE',  ( 0.000000000000000000, 0.000000000000000000, -1.000000000000000000 ) ) ;
#4563 = LINE ( 'NONE', #1502, #1681 ) ;
#4564 = CIRCLE ( 'NONE', #4203, 1.549999999999999378 ) ;
#4565 = CARTESIAN_POINT ( 'NONE',  ( 25.07855805055704224, 22.42127207452356075, -4.584868417565491683 ) ) ;
#4566 = ORIENTED_EDGE ( 'NONE', *, *, #3239, .F. ) ;
#4567 = CARTESIAN_POINT ( 'NONE',  ( 0.000000000000000000, 0.000000000000000000, 0.000000000000000000 ) ) ;
#4568 = DIRECTION ( 'NONE',  ( 1.000000000000000000, 0.000000000000000000, 0.000000000000000000 ) ) ;
#4569 = CARTESIAN_POINT ( 'NONE',  ( 27.26683931250976300, -26.09939968680694022, -0.4446926406560371414 ) ) ;
#4570 = CARTESIAN_POINT ( 'NONE',  ( 26.58736634132001342, -25.41576865564540455, -0.7577401145595541454 ) ) ;
#4571 = CARTESIAN_POINT ( 'NONE',  ( 30.99999999999985789, -22.38817675479887725, -47.47154413826857677 ) ) ;
#4572 = CIRCLE ( 'NONE', #4039, 2.999999999999995559 ) ;
#4573 = VERTEX_POINT ( 'NONE', #2815 ) ;
#4574 = ORIENTED_EDGE ( 'NONE', *, *, #592, .F. ) ;
#4575 = ORIENTED_EDGE ( 'NONE', *, *, #299, .T. ) ;
#4576 = EDGE_CURVE ( 'NONE', #2160, #1120, #282, .T. ) ;
#4577 = CIRCLE ( 'NONE', #3586, 17.49999999999999645 ) ;
#4578 = DIRECTION ( 'NONE',  ( -4.476705744456293499E-15, 0.000000000000000000, -1.000000000000000000 ) ) ;
#4579 = ORIENTED_EDGE ( 'NONE', *, *, #61, .F. ) ;
#4580 = CARTESIAN_POINT ( 'NONE',  ( 25.00000000000000355, 26.50000000000000355, -6.000000000000000000 ) ) ;
#4581 = CARTESIAN_POINT ( 'NONE',  ( 24.50479833299423049, -21.35771631021544437, -0.5363505501830113653 ) ) ;
#4582 = AXIS2_PLACEMENT_3D ( 'NONE', #829, #2861, #3277 ) ;
#4583 = LINE ( 'NONE', #2459, #2663 ) ;
#4584 = DIRECTION ( 'NONE',  ( 1.000000000000000000, 1.920774913804158804E-16, 0.000000000000000000 ) ) ;
#4585 = EDGE_CURVE ( 'NONE', #1877, #5024, #3372, .T. ) ;
#4586 = VERTEX_POINT ( 'NONE', #3150 ) ;
#4587 = AXIS2_PLACEMENT_3D ( 'NONE', #5170, #5194, #3541 ) ;
#4588 = DIRECTION ( 'NONE',  ( -0.8571673007021108903, 1.049727191138616847E-16, 0.5150380749100565980 ) ) ;
#4589 = CARTESIAN_POINT ( 'NONE',  ( 31.00000000000004619, -26.50000000000000711, 6.435041076975900332 ) ) ;
#4590 = CARTESIAN_POINT ( 'NONE',  ( 26.57764148020685369, 26.52785495684031147, -0.7548239491419559410 ) ) ;
#4591 = CARTESIAN_POINT ( 'NONE',  ( 11.69134295108992383, -6.749999999999999112, -1.899999999999999689 ) ) ;
#4592 = CARTESIAN_POINT ( 'NONE',  ( 0.000000000000000000, 0.000000000000000000, -5.000000000000000000 ) ) ;
#4593 = DIRECTION ( 'NONE',  ( -0.7071067811865487940, 0.000000000000000000, -0.7071067811865463515 ) ) ;
#4594 = VECTOR ( 'NONE', #611, 1000.000000000000000 ) ;
#4595 = CARTESIAN_POINT ( 'NONE',  ( 25.36290117171693481, 24.38519809766755841, -4.632459330393918329 ) ) ;
#4596 = ORIENTED_EDGE ( 'NONE', *, *, #5080, .T. ) ;
#4597 = DIRECTION ( 'NONE',  ( 1.000000000000000000, 0.000000000000000000, 0.000000000000000000 ) ) ;
#4598 = DIRECTION ( 'NONE',  ( -1.000000000000000000, 0.000000000000000000, 0.000000000000000000 ) ) ;
#4599 = CARTESIAN_POINT ( 'NONE',  ( 26.30154725938738025, 24.10343451472525800, -0.6759801778881020518 ) ) ;
#4600 = CARTESIAN_POINT ( 'NONE',  ( 26.55241689745517775, -25.04520980975440025, -0.7469224924334161297 ) ) ;
#4601 = DIRECTION ( 'NONE',  ( 1.000000000000000000, -0.000000000000000000, -3.491481338843133355E-15 ) ) ;
#4602 = EDGE_CURVE ( 'NONE', #1062, #4459, #1037, .T. ) ;
#4603 = ORIENTED_EDGE ( 'NONE', *, *, #3269, .T. ) ;
#4604 = B_SPLINE_CURVE_WITH_KNOTS ( 'NONE', 3,
 ( #2745, #3946, #4782, #1790 ),
 .UNSPECIFIED., .F., .F.,
 ( 4, 4 ),
 ( 0.000000000000000000, 1.000000000000000000 ),
 .UNSPECIFIED. ) ;
#4605 = ORIENTED_EDGE ( 'NONE', *, *, #4066, .F. ) ;
#4606 = CARTESIAN_POINT ( 'NONE',  ( 0.000000000000000000, 0.000000000000000000, -0.4999999999999865663 ) ) ;
#4607 = VERTEX_POINT ( 'NONE', #5298 ) ;
#4608 = DIRECTION ( 'NONE',  ( 0.000000000000000000, 0.000000000000000000, 1.000000000000000000 ) ) ;
#4609 = CARTESIAN_POINT ( 'NONE',  ( 27.07868174527484229, -24.36476079963422592, -0.3715800019347211269 ) ) ;
#4610 = CARTESIAN_POINT ( 'NONE',  ( 26.59086607467122931, 25.62241787680386551, -0.7588655596685514038 ) ) ;
#4611 = CARTESIAN_POINT ( 'NONE',  ( 26.91597046748149324, 23.92778665690770978, -0.3141112676806119830 ) ) ;
#4612 = VERTEX_POINT ( 'NONE', #1487 ) ;
#4613 = AXIS2_PLACEMENT_3D ( 'NONE', #4026, #215, #1922 ) ;
#4614 = ORIENTED_EDGE ( 'NONE', *, *, #2124, .F. ) ;
#4615 = EDGE_CURVE ( 'NONE', #1514, #2121, #3177, .T. ) ;
#4616 = DIRECTION ( 'NONE',  ( 0.000000000000000000, -1.000000000000000000, 0.000000000000000000 ) ) ;
#4617 = CARTESIAN_POINT ( 'NONE',  ( 0.000000000000000000, 13.50000000000000000, -5.000000000000000000 ) ) ;
#4618 = AXIS2_PLACEMENT_3D ( 'NONE', #5195, #4776, #4828 ) ;
#4619 = DIRECTION ( 'NONE',  ( 0.000000000000000000, 0.000000000000000000, -1.000000000000000000 ) ) ;
#4620 = CARTESIAN_POINT ( 'NONE',  ( 25.47427034585812677, -21.76181797872539647, -0.01874560143378632346 ) ) ;
#4621 = CARTESIAN_POINT ( 'NONE',  ( 25.28184285212220317, -27.00000000000000355, -5.040539418888082324 ) ) ;
#4622 = CARTESIAN_POINT ( 'NONE',  ( 24.98317726005627648, -21.93428240405576091, -4.525969550496433236 ) ) ;
#4623 = CARTESIAN_POINT ( 'NONE',  ( 25.00346186706855178, 22.03312311088964393, -4.582438982714069020 ) ) ;
#4624 = ORIENTED_EDGE ( 'NONE', *, *, #4328, .T. ) ;
#4625 = VECTOR ( 'NONE', #2103, 1000.000000000000000 ) ;
#4626 = VECTOR ( 'NONE', #619, 1000.000000000000000 ) ;
#4627 = CARTESIAN_POINT ( 'NONE',  ( 25.33597961401368792, -21.98805269737331614, -5.058126673336055035 ) ) ;
#4628 = CARTESIAN_POINT ( 'NONE',  ( 26.35650028374066878, 24.24416160415541910, -0.6903713716164067149 ) ) ;
#4629 = CARTESIAN_POINT ( 'NONE',  ( 26.36929622816806784, -24.28222023151181830, -0.6936976139931732011 ) ) ;
#4630 = AXIS2_PLACEMENT_3D ( 'NONE', #236, #2322, #4558 ) ;
#4631 = LINE ( 'NONE', #2927, #3680 ) ;
#4632 = EDGE_LOOP ( 'NONE', ( #200, #5189, #2911, #2652 ) ) ;
#4633 = AXIS2_PLACEMENT_3D ( 'NONE', #5446, #356, #2495 ) ;
#4634 = ORIENTED_EDGE ( 'NONE', *, *, #2087, .F. ) ;
#4635 = EDGE_CURVE ( 'NONE', #3790, #943, #2392, .T. ) ;
#4636 = ORIENTED_EDGE ( 'NONE', *, *, #764, .T. ) ;
#4637 = CARTESIAN_POINT ( 'NONE',  ( 24.98558029180953355, -21.99662950914931514, -0.5145000950933275030 ) ) ;
#4638 = CARTESIAN_POINT ( 'NONE',  ( 25.38135520921175114, 22.52922573112570603, -0.5283372766083757055 ) ) ;
#4639 = CARTESIAN_POINT ( 'NONE',  ( 27.22821640411249788, 25.17163688239917008, -0.4290886225633363527 ) ) ;
#4640 = ORIENTED_EDGE ( 'NONE', *, *, #3658, .F. ) ;
#4641 = CARTESIAN_POINT ( 'NONE',  ( 30.99999999999983658, -15.96933128205095187, -53.89038961101656611 ) ) ;
#4642 = ORIENTED_EDGE ( 'NONE', *, *, #4831, .T. ) ;
#4643 = DIRECTION ( 'NONE',  ( -4.476705744456278510E-15, 0.000000000000000000, -1.000000000000000000 ) ) ;
#4644 = CARTESIAN_POINT ( 'NONE',  ( 30.99999999999998579, 22.38817675479885949, -12.53288157416712956 ) ) ;
#4645 = DIRECTION ( 'NONE',  ( 0.7071067811865525687, 0.000000000000000000, 0.7071067811865425767 ) ) ;
#4646 = CARTESIAN_POINT ( 'NONE',  ( 25.45416155575149375, -21.73734178790783744, -0.01721323101089400689 ) ) ;
#4647 = DIRECTION ( 'NONE',  ( -1.358192966683922354E-16, 0.7071067811865451302, -0.7071067811865500152 ) ) ;
#4648 = CARTESIAN_POINT ( 'NONE',  ( 24.95256888974017428, -21.77260262960949078, -4.583349989862257168 ) ) ;
#4649 = EDGE_CURVE ( 'NONE', #3593, #3820, #799, .T. ) ;
#4650 = CARTESIAN_POINT ( 'NONE',  ( 25.58995396067065897, 25.26737462524570788, -5.192561324560893254 ) ) ;
#4651 = ORIENTED_EDGE ( 'NONE', *, *, #1142, .F. ) ;
#4652 = CARTESIAN_POINT ( 'NONE',  ( 25.37582678321473040, -24.55221726259324555, -4.636165237987153631 ) ) ;
#4653 = CARTESIAN_POINT ( 'NONE',  ( 26.59320611662148792, 26.15996718332149840, -0.7595972758065708819 ) ) ;
#4654 = DIRECTION ( 'NONE',  ( -1.000000000000000000, -1.920774913804158804E-16, 0.000000000000000000 ) ) ;
#4655 = CARTESIAN_POINT ( 'NONE',  ( 25.90498582896663038, -23.34018465784556540, -0.5919148987602818046 ) ) ;
#4656 = ADVANCED_FACE ( 'NONE', ( #1598 ), #2619, .F. ) ;
#4657 = ORIENTED_EDGE ( 'NONE', *, *, #4553, .F. ) ;
#4658 = ORIENTED_EDGE ( 'NONE', *, *, #4615, .T. ) ;
#4659 = CARTESIAN_POINT ( 'NONE',  ( 25.23358537577016847, 21.43611310339339227, -4.999999999999999112 ) ) ;
#4660 = ORIENTED_EDGE ( 'NONE', *, *, #2027, .T. ) ;
#4661 = EDGE_CURVE ( 'NONE', #1204, #3489, #3461, .T. ) ;
#4662 = EDGE_CURVE ( 'NONE', #1195, #3707, #4197, .T. ) ;
#4663 = CARTESIAN_POINT ( 'NONE',  ( 27.01264941158043698, -24.16975313958998584, -0.3476203430179804488 ) ) ;
#4664 = CARTESIAN_POINT ( 'NONE',  ( 26.42511487817510130, 24.44816275830037000, -0.7093296284488559422 ) ) ;
#4665 = CARTESIAN_POINT ( 'NONE',  ( 27.89999999999982450, -19.64310073908833232, -56.47260893100326484 ) ) ;
#4666 = VERTEX_POINT ( 'NONE', #5016 ) ;
#4667 = DIRECTION ( 'NONE',  ( -3.469446951953619316E-15, 0.000000000000000000, -1.000000000000000000 ) ) ;
#4668 = ORIENTED_EDGE ( 'NONE', *, *, #4576, .T. ) ;
#4669 = AXIS2_PLACEMENT_3D ( 'NONE', #4062, #223, #4095 ) ;
#4670 = CARTESIAN_POINT ( 'NONE',  ( 24.99999999999999289, -26.50000000000000355, -6.000000000000000000 ) ) ;
#4671 = FACE_OUTER_BOUND ( 'NONE', #3022, .T. ) ;
#4672 = CARTESIAN_POINT ( 'NONE',  ( 25.68155454581253139, 26.66661518354249694, -5.053125439041806111 ) ) ;
#4673 = CARTESIAN_POINT ( 'NONE',  ( 26.85825252614997538, -23.80963546264583641, -0.2950071081345047030 ) ) ;
#4674 = CYLINDRICAL_SURFACE ( 'NONE', #4395, 1.549999999999994049 ) ;
#4675 = CARTESIAN_POINT ( 'NONE',  ( 25.99999999999996803, -22.38817675479887725, -15.53288157416711535 ) ) ;
#4676 = CARTESIAN_POINT ( 'NONE',  ( 25.09560443747540859, 20.19549128610798761, -5.004558412815916846 ) ) ;
#4677 = ORIENTED_EDGE ( 'NONE', *, *, #3945, .F. ) ;
#4678 = DIRECTION ( 'NONE',  ( -0.000000000000000000, -0.000000000000000000, 1.000000000000000000 ) ) ;
#4679 = CARTESIAN_POINT ( 'NONE',  ( 25.40218755348631419, -25.08972303762221046, -4.644080257754788832 ) ) ;
#4680 = CARTESIAN_POINT ( 'NONE',  ( 26.39605166873268161, 24.35674850242338962, -0.7011569636808522299 ) ) ;
#4681 = CARTESIAN_POINT ( 'NONE',  ( 25.52922632994921059, 23.81286688024072973, -5.151518966657835819 ) ) ;
#4682 = DIRECTION ( 'NONE',  ( 1.000000000000000000, -0.000000000000000000, -3.491481338843133355E-15 ) ) ;
#4683 = ORIENTED_EDGE ( 'NONE', *, *, #5095, .F. ) ;
#4684 = ORIENTED_EDGE ( 'NONE', *, *, #3585, .T. ) ;
#4685 = EDGE_CURVE ( 'NONE', #5453, #5279, #141, .T. ) ;
#4686 = CARTESIAN_POINT ( 'NONE',  ( 26.65999195232673813, 26.99999999999999645, -2.121450388201577386 ) ) ;
#4687 = ORIENTED_EDGE ( 'NONE', *, *, #2982, .T. ) ;
#4688 = CARTESIAN_POINT ( 'NONE',  ( 11.69134295108992383, -6.749999999999999112, -5.000000000000000000 ) ) ;
#4689 = CARTESIAN_POINT ( 'NONE',  ( 25.43035607167252010, 22.59799396241901448, -0.5319002911738843764 ) ) ;
#4690 = CARTESIAN_POINT ( 'NONE',  ( 25.99999999999985079, -22.38817675479887725, -49.02154413826855262 ) ) ;
#4691 = ORIENTED_EDGE ( 'NONE', *, *, #3574, .F. ) ;
#4692 = LINE ( 'NONE', #69, #2926 ) ;
#4693 = ORIENTED_EDGE ( 'NONE', *, *, #3091, .T. ) ;
#4694 = DIRECTION ( 'NONE',  ( -1.000000000000000000, 0.000000000000000000, 3.491481338843133355E-15 ) ) ;
#4695 = DIRECTION ( 'NONE',  ( -4.476705744456288765E-15, 0.000000000000000000, -1.000000000000000000 ) ) ;
#4696 = DIRECTION ( 'NONE',  ( -1.000000000000000000, 0.000000000000000000, 0.000000000000000000 ) ) ;
#4697 = CARTESIAN_POINT ( 'NONE',  ( 25.42791218791242258, -21.70545986721700515, -0.01527120096879281547 ) ) ;
#4698 = FACE_OUTER_BOUND ( 'NONE', #1363, .T. ) ;
#4699 = DIRECTION ( 'NONE',  ( -1.387778780781445202E-14, 0.000000000000000000, -1.000000000000000000 ) ) ;
#4700 = VECTOR ( 'NONE', #914, 1000.000000000000000 ) ;
#4701 = CARTESIAN_POINT ( 'NONE',  ( 25.22115669509315339, 21.13116874971712278, -5.024754783923727430 ) ) ;
#4702 = ORIENTED_EDGE ( 'NONE', *, *, #4635, .F. ) ;
#4703 = CIRCLE ( 'NONE', #2294, 9.000000000000000000 ) ;
#4704 = CARTESIAN_POINT ( 'NONE',  ( 25.15665844168598397, -22.86369547177439188, -4.591652308060509391 ) ) ;
#4705 = CARTESIAN_POINT ( 'NONE',  ( 26.57698606282526299, 26.55156439057979867, -0.7546196389912451785 ) ) ;
#4706 = CARTESIAN_POINT ( 'NONE',  ( 25.52794201732170620, 23.79592782205539336, -5.150719246303560261 ) ) ;
#4707 = CARTESIAN_POINT ( 'NONE',  ( 25.09917647971001387, -22.14700351526191824, -0.5147543672591636810 ) ) ;
#4708 = CARTESIAN_POINT ( 'NONE',  ( 24.95544339463480554, -21.93887667907589289, -0.5044113012787840855 ) ) ;
#4709 = VECTOR ( 'NONE', #2484, 1000.000000000000000 ) ;
#4710 = AXIS2_PLACEMENT_3D ( 'NONE', #254, #1432, #3536 ) ;
#4711 = DIRECTION ( 'NONE',  ( 1.000000000000000000, 0.000000000000000000, 0.000000000000000000 ) ) ;
#4712 = EDGE_LOOP ( 'NONE', ( #4614, #4413, #368, #3533 ) ) ;
#4713 = EDGE_LOOP ( 'NONE', ( #4293, #1234, #1115, #759 ) ) ;
#4714 = AXIS2_PLACEMENT_3D ( 'NONE', #2779, #1028, #5315 ) ;
#4715 = CARTESIAN_POINT ( 'NONE',  ( 25.07737072737647210, 21.59902310452666896, -4.780914808524453719 ) ) ;
#4716 = VERTEX_POINT ( 'NONE', #895 ) ;
#4717 = EDGE_CURVE ( 'NONE', #461, #3618, #1945, .T. ) ;
#4718 = VECTOR ( 'NONE', #573, 1000.000000000000000 ) ;
#4719 = CARTESIAN_POINT ( 'NONE',  ( 25.39720439536359109, -21.66820124788748814, -0.01315159533146255041 ) ) ;
#4720 = CARTESIAN_POINT ( 'NONE',  ( 25.57543054111566505, 22.80826474210229549, -0.5457432738885825696 ) ) ;
#4721 = B_SPLINE_SURFACE_WITH_KNOTS ( 'NONE', 1, 3, ( 
 ( #2279, #2384, #5262, #241, #271, #2725, #687, #3197, #4004, #584, #2304, #635, #1503, #160, #1053, #1924, #3249, #4949, #4922, #3975, #4450, #1871, #2329, #5287, #1448, #2358, #4028, #4421, #3610, #4894, #3141, #1984, #4087, #3169, #189, #1079, #217, #4478, #3581, #4840, #3667, #2753, #663, #4054, #1953, #1477, #3639, #5345, #5369, #1560, #1897, #4866, #1533, #3221, #1108, #2806, #3804, #2442, #4650, #387, #3335, #778, #4141, #808, #2085, #1585 ),
 ( #5508, #4981, #1703, #2863, #3780, #2500, #4198, #4226, #2010, #329, #2035, #3360, #300, #1224, #2413, #361, #2919, #3725, #5481, #413, #4623, #1167, #1672, #2063, #3753, #3389, #2469, #4565, #5452, #1647, #5033, #5063, #3700, #1253, #5395, #5424, #2892, #832, #2949, #2526, #4170, #4595, #2113, #3279, #1136, #748, #723, #2831, #4536, #4115, #1617, #3308, #5007, #1194, #3864, #2247, #2613, #4309, #25, #2661, #2198, #5198, #4756, #1339, #3002, #1280 ) ),
 .UNSPECIFIED., .F., .F., .F.,
 ( 2, 2 ),
 ( 4, 2, 2, 2, 2, 2, 2, 2, 2, 2, 2, 2, 2, 2, 2, 2, 2, 2, 2, 2, 2, 2, 2, 2, 2, 2, 2, 2, 2, 2, 2, 2, 4 ),
 ( 0.000000000000000000, 1.000000000000000000 ),
 ( 0.002058888788351125737, 0.003047463169165380310, 0.003541750359572507813, 0.004036037549979634882, 0.004283181145183199284, 0.004530324740386762819, 0.004777468335590326354, 0.004839254234391217671, 0.004901040133192108121, 0.004931933082592553780, 0.004962826031992998571, 0.005024611930793889888, 0.005148183728395671656, 0.005271755525997453423, 0.005518899121201016958, 0.006013186311608144027, 0.006507473502015271097, 0.007001760692422399034, 0.007248904287625963436, 0.007310690186426854753, 0.007372476085227745203, 0.007434261984028635653, 0.007465154933429081312, 0.007496047882829526970, 0.007526940832229972629, 0.007557833781630418288, 0.007619619680431308738, 0.007743191478033090505, 0.007990335073236654040, 0.008484622263643781109, 0.008978909454050908179, 0.009473196644458035248, 0.009967483834865162318 ),
 .UNSPECIFIED. ) ;
#4722 = VERTEX_POINT ( 'NONE', #2455 ) ;
#4723 = DIRECTION ( 'NONE',  ( -3.469446951953619316E-15, 0.000000000000000000, -1.000000000000000000 ) ) ;
#4724 = ORIENTED_EDGE ( 'NONE', *, *, #2350, .T. ) ;
#4725 = CARTESIAN_POINT ( 'NONE',  ( 27.89999999999982805, -15.96933128205095187, -55.44038961101654905 ) ) ;
#4726 = LINE ( 'NONE', #1408, #1145 ) ;
#4727 = DIRECTION ( 'NONE',  ( -1.000000000000000000, 0.000000000000000000, 1.387778780781434789E-14 ) ) ;
#4728 = CARTESIAN_POINT ( 'NONE',  ( 25.49284869579077650, -21.78453065378364073, -0.02024588148063636087 ) ) ;
#4729 = DIRECTION ( 'NONE',  ( -0.000000000000000000, -0.000000000000000000, -1.000000000000000000 ) ) ;
#4730 = CARTESIAN_POINT ( 'NONE',  ( 27.03080581245128045, 27.00000000000000355, -0.8886569522175438163 ) ) ;
#4731 = CARTESIAN_POINT ( 'NONE',  ( 25.06384465716492826, 19.95329618233523661, -5.001995351809571666 ) ) ;
#4732 = ORIENTED_EDGE ( 'NONE', *, *, #4717, .T. ) ;
#4733 = EDGE_CURVE ( 'NONE', #153, #4904, #3019, .T. ) ;
#4734 = CARTESIAN_POINT ( 'NONE',  ( 25.35505563511149774, -24.29715754015317586, -4.630221439046527721 ) ) ;
#4735 = CARTESIAN_POINT ( 'NONE',  ( 27.02146891143738117, 24.19336783327064566, -0.3507812306510134093 ) ) ;
#4736 = CARTESIAN_POINT ( 'NONE',  ( 26.20098634800190851, -26.99999999999915801, -3.539510082859463669 ) ) ;
#4737 = CARTESIAN_POINT ( 'NONE',  ( 25.76658444255851066, -23.11381365483223860, -0.5700393159164328649 ) ) ;
#4738 = CARTESIAN_POINT ( 'NONE',  ( 25.99999999999986144, 27.00000000000001066, -48.50221285621783807 ) ) ;
#4739 = CARTESIAN_POINT ( 'NONE',  ( -8.522208655980945124, 6.074999999999997513, -3.000000000000002665 ) ) ;
#4740 = B_SPLINE_CURVE_WITH_KNOTS ( 'NONE', 1,
 ( #2292, #2634 ),
 .UNSPECIFIED., .F., .F.,
 ( 2, 2 ),
 ( 0.09999999999999939493, 0.8971431379986553045 ),
 .UNSPECIFIED. ) ;
#4741 = ORIENTED_EDGE ( 'NONE', *, *, #1896, .F. ) ;
#4742 = LINE ( 'NONE', #2986, #5123 ) ;
#4743 = ORIENTED_EDGE ( 'NONE', *, *, #5331, .F. ) ;
#4744 = VECTOR ( 'NONE', #1451, 1000.000000000000114 ) ;
#4745 = EDGE_CURVE ( 'NONE', #3710, #5207, #3631, .T. ) ;
#4746 = CARTESIAN_POINT ( 'NONE',  ( 31.00000000000000000, 15.96933128205093055, -9.114036101419138447 ) ) ;
#4747 = EDGE_LOOP ( 'NONE', ( #3764, #4208 ) ) ;
#4748 = DIRECTION ( 'NONE',  ( 0.000000000000000000, -0.7071067811865487940, -0.7071067811865463515 ) ) ;
#4749 = AXIS2_PLACEMENT_3D ( 'NONE', #2811, #4869, #694 ) ;
#4750 = CARTESIAN_POINT ( 'NONE',  ( 27.89999999999985647, 22.38817675479886660, -49.02154413826855262 ) ) ;
#4751 = EDGE_CURVE ( 'NONE', #1449, #1327, #5066, .T. ) ;
#4752 = DIRECTION ( 'NONE',  ( -1.000000000000000000, 1.575895479354882178E-16, 3.491481338843133355E-15 ) ) ;
#4753 = FACE_OUTER_BOUND ( 'NONE', #2807, .T. ) ;
#4754 = CARTESIAN_POINT ( 'NONE',  ( 26.99504547805726773, -24.12388294728766525, -0.3413937340632773321 ) ) ;
#4755 = CARTESIAN_POINT ( 'NONE',  ( 30.99999999999983302, 19.68903650616605816, -55.97049436491653296 ) ) ;
#4756 = CARTESIAN_POINT ( 'NONE',  ( 25.41076865082878555, 26.25142270431662794, -4.646748379299663334 ) ) ;
#4757 = ORIENTED_EDGE ( 'NONE', *, *, #5095, .T. ) ;
#4758 = CONICAL_SURFACE ( 'NONE', #2182, 22.50000000000000711, 0.7853981633974621568 ) ;
#4759 = CARTESIAN_POINT ( 'NONE',  ( 25.10253996227904949, -21.23315708206818542, -2.572044535185228179E-17 ) ) ;
#4760 = CARTESIAN_POINT ( 'NONE',  ( 26.98570267846799098, 24.09679999058458577, -0.3380966337898239082 ) ) ;
#4761 = CARTESIAN_POINT ( 'NONE',  ( 30.99999999999982947, 12.30845354218734755, -56.50221285621785938 ) ) ;
#4762 = CARTESIAN_POINT ( 'NONE',  ( 27.03080581250325665, 27.00000000000000355, -0.8886569520867235727 ) ) ;
#4763 = DIRECTION ( 'NONE',  ( -4.476705744456268255E-15, 0.000000000000000000, -1.000000000000000000 ) ) ;
#4764 = CONICAL_SURFACE ( 'NONE', #654, 7.499999999999992895, 0.7853981633974482790 ) ;
#4765 = CYLINDRICAL_SURFACE ( 'NONE', #4971, 1.549999999999992273 ) ;
#4766 = AXIS2_PLACEMENT_3D ( 'NONE', #1752, #2913, #4163 ) ;
#4767 = EDGE_LOOP ( 'NONE', ( #1915, #5461 ) ) ;
#4768 = CARTESIAN_POINT ( 'NONE',  ( 30.99999999999985434, -18.99999999999998934, -48.50221285621786649 ) ) ;
#4769 = EDGE_LOOP ( 'NONE', ( #4190, #1160, #2573, #5052 ) ) ;
#4770 = CIRCLE ( 'NONE', #3433, 3.000000000000002665 ) ;
#4771 = ORIENTED_EDGE ( 'NONE', *, *, #4962, .T. ) ;
#4772 = CARTESIAN_POINT ( 'NONE',  ( 25.46413274566846496, -21.74947234305501809, -0.01796813383274722606 ) ) ;
#4773 = EDGE_LOOP ( 'NONE', ( #1459, #4029, #3787, #1064 ) ) ;
#4774 = CARTESIAN_POINT ( 'NONE',  ( 27.89999999999984936, 15.96933128205093766, -52.34038961101654053 ) ) ;
#4775 = PLANE ( 'NONE',  #4936 ) ;
#4776 = DIRECTION ( 'NONE',  ( 0.000000000000000000, 0.000000000000000000, 1.000000000000000000 ) ) ;
#4777 = CARTESIAN_POINT ( 'NONE',  ( 25.27500493045781838, -23.62194862339192980, -4.610992989452404878 ) ) ;
#4778 = LINE ( 'NONE', #2142, #1380 ) ;
#4779 = CARTESIAN_POINT ( 'NONE',  ( 25.36720521589500166, 22.22815882258178632, -5.069617779213432485 ) ) ;
#4780 = VERTEX_POINT ( 'NONE', #2591 ) ;
#4781 = EDGE_CURVE ( 'NONE', #2704, #590, #1207, .T. ) ;
#4782 = CARTESIAN_POINT ( 'NONE',  ( 26.72340940775460538, -26.66810538375326800, -0.7970105538876597340 ) ) ;
#4783 = CARTESIAN_POINT ( 'NONE',  ( 26.44485028249270187, 23.06283222196024596, -0.1764398097545211985 ) ) ;
#4784 = CARTESIAN_POINT ( 'NONE',  ( 25.34555862960676365, -22.06296023898836367, -5.061599654453394770 ) ) ;
#4785 = CARTESIAN_POINT ( 'NONE',  ( 24.95124381171639882, 21.77059181913819330, -4.583272526766213772 ) ) ;
#4786 = CARTESIAN_POINT ( 'NONE',  ( 25.28775818204785253, -21.53548733761639511, -0.006904370138541574865 ) ) ;
#4787 = CARTESIAN_POINT ( 'NONE',  ( 25.40841493779662130, -26.52212632772054945, -4.646018814497839600 ) ) ;
#4788 = VECTOR ( 'NONE', #5092, 1000.000000000000000 ) ;
#4789 = EDGE_LOOP ( 'NONE', ( #514, #3573, #4693, #1007 ) ) ;
#4790 = LINE ( 'NONE', #1930, #3602 ) ;
#4791 = LINE ( 'NONE', #872, #128 ) ;
#4792 = ORIENTED_EDGE ( 'NONE', *, *, #796, .T. ) ;
#4793 = CIRCLE ( 'NONE', #5510, 23.00000000000022027 ) ;
#4794 = VECTOR ( 'NONE', #1052, 1000.000000000000000 ) ;
#4795 = ORIENTED_EDGE ( 'NONE', *, *, #3881, .T. ) ;
#4796 = CYLINDRICAL_SURFACE ( 'NONE', #3719, 1.549999999999999378 ) ;
#4797 = ORIENTED_EDGE ( 'NONE', *, *, #2234, .F. ) ;
#4798 = AXIS2_PLACEMENT_3D ( 'NONE', #3921, #3998, #2695 ) ;
#4799 = PLANE ( 'NONE',  #2479 ) ;
#4800 = AXIS2_PLACEMENT_3D ( 'NONE', #2549, #4249, #435 ) ;
#4801 = FACE_OUTER_BOUND ( 'NONE', #4789, .T. ) ;
#4802 = DIRECTION ( 'NONE',  ( 0.6291325023715177434, -0.7772980731095068263, 0.000000000000000000 ) ) ;
#4803 = CARTESIAN_POINT ( 'NONE',  ( 25.09228527028967548, -22.50333835416644135, -4.585913756865694246 ) ) ;
#4804 = CARTESIAN_POINT ( 'NONE',  ( 25.77850985600519351, 22.99062048586982598, -0.04477808496653776921 ) ) ;
#4805 = CARTESIAN_POINT ( 'NONE',  ( 25.50210345158516034, 23.48082567935745857, -5.135158438638368850 ) ) ;
#4806 = ORIENTED_EDGE ( 'NONE', *, *, #3397, .F. ) ;
#4807 = DIRECTION ( 'NONE',  ( -0.000000000000000000, -0.000000000000000000, -1.000000000000000000 ) ) ;
#4808 = CARTESIAN_POINT ( 'NONE',  ( 27.02719300267051139, 24.20957209471963978, -0.3528333828284506146 ) ) ;
#4809 = CARTESIAN_POINT ( 'NONE',  ( 25.59164367151452524, -26.50000000000000355, -5.193800418037316291 ) ) ;
#4810 = CARTESIAN_POINT ( 'NONE',  ( 27.89999999999999503, -15.96933128205095187, -9.114036101419131342 ) ) ;
#4811 = CARTESIAN_POINT ( 'NONE',  ( 30.99999999999996447, 22.38817675479885949, -18.53288157416712423 ) ) ;
#4812 = EDGE_CURVE ( 'NONE', #865, #111, #2482, .T. ) ;
#4813 = CARTESIAN_POINT ( 'NONE',  ( 30.99999999999996803, -22.38817675479887725, -15.53288157416713311 ) ) ;
#4814 = CARTESIAN_POINT ( 'NONE',  ( -3.306546357697853339E-15, -18.00000000000000000, -0.5000000000000022204 ) ) ;
#4815 = EDGE_CURVE ( 'NONE', #2726, #2145, #3988, .T. ) ;
#4816 = CARTESIAN_POINT ( 'NONE',  ( 26.59562697499206863, 25.99485978906950834, -0.7603468249612395091 ) ) ;
#4817 = CARTESIAN_POINT ( 'NONE',  ( 27.00425912065075096, -27.00000000000000355, -0.8781892481966678821 ) ) ;
#4818 = EDGE_LOOP ( 'NONE', ( #490, #2517, #480 ) ) ;
#4819 = VERTEX_POINT ( 'NONE', #4183 ) ;
#4820 = EDGE_LOOP ( 'NONE', ( #1300, #2151, #116 ) ) ;
#4821 = CARTESIAN_POINT ( 'NONE',  ( 25.06012136098428655, -21.62367979256514516, -4.753205746776583140 ) ) ;
#4822 = AXIS2_PLACEMENT_3D ( 'NONE', #879, #2548, #2579 ) ;
#4823 = ORIENTED_EDGE ( 'NONE', *, *, #628, .T. ) ;
#4824 = EDGE_CURVE ( 'NONE', #3428, #1254, #4080, .T. ) ;
#4825 = CARTESIAN_POINT ( 'NONE',  ( 25.99999999999999645, 15.96933128205093055, -9.114036101419120683 ) ) ;
#4826 = EDGE_CURVE ( 'NONE', #2336, #3456, #1346, .T. ) ;
#4827 = DIRECTION ( 'NONE',  ( -4.476705744456288765E-15, 0.000000000000000000, -1.000000000000000000 ) ) ;
#4828 = DIRECTION ( 'NONE',  ( 1.000000000000000000, 0.000000000000000000, 0.000000000000000000 ) ) ;
#4829 = FACE_OUTER_BOUND ( 'NONE', #5482, .T. ) ;
#4830 = CARTESIAN_POINT ( 'NONE',  ( 27.89999999999985647, -20.83817675479888010, -47.47154413826856256 ) ) ;
#4831 = EDGE_CURVE ( 'NONE', #4956, #730, #3038, .T. ) ;
#4832 = VERTEX_POINT ( 'NONE', #370 ) ;
#4833 = AXIS2_PLACEMENT_3D ( 'NONE', #785, #1539, #5013 ) ;
#4834 = CARTESIAN_POINT ( 'NONE',  ( 24.88330520051397698, -21.41598522447464958, -4.587320733326565758 ) ) ;
#4835 = CARTESIAN_POINT ( 'NONE',  ( 25.96510374971806812, 22.37654996921000006, -0.07749564899152738828 ) ) ;
#4836 = CARTESIAN_POINT ( 'NONE',  ( 25.32686439822257185, -21.91768030463666861, -5.054920386192415904 ) ) ;
#4837 = CARTESIAN_POINT ( 'NONE',  ( 26.49999999999985434, -26.99999999999998934, -48.50221285621784517 ) ) ;
#4838 = CARTESIAN_POINT ( 'NONE',  ( 25.23403593461919314, 23.32793712706993361, -4.603170126753641789 ) ) ;
#4839 = DIRECTION ( 'NONE',  ( -3.469446951953617344E-15, 0.000000000000000000, -1.000000000000000000 ) ) ;
#4840 = CARTESIAN_POINT ( 'NONE',  ( 25.55969913802887206, 24.28052364572618771, -5.171302999075773066 ) ) ;
#4841 = ORIENTED_EDGE ( 'NONE', *, *, #3288, .F. ) ;
#4842 = AXIS2_PLACEMENT_3D ( 'NONE', #5506, #1134, #2829 ) ;
#4843 = CARTESIAN_POINT ( 'NONE',  ( 27.89999999999999503, -15.96933128205095187, -9.114036101419131342 ) ) ;
#4844 = DIRECTION ( 'NONE',  ( -1.000000000000000000, 0.000000000000000000, 3.491481338843133355E-15 ) ) ;
#4845 = ORIENTED_EDGE ( 'NONE', *, *, #1641, .T. ) ;
#4846 = ORIENTED_EDGE ( 'NONE', *, *, #1879, .F. ) ;
#4847 = VECTOR ( 'NONE', #2856, 1000.000000000000000 ) ;
#4848 = ADVANCED_FACE ( 'NONE', ( #1737 ), #4153, .F. ) ;
#4849 = VERTEX_POINT ( 'NONE', #188 ) ;
#4850 = CARTESIAN_POINT ( 'NONE',  ( 24.97185582648149449, -21.74223046279636762, -4.615673073162051665 ) ) ;
#4851 = CONICAL_SURFACE ( 'NONE', #3161, 7.500000000000000000, 0.7853981633974457255 ) ;
#4852 = VERTEX_POINT ( 'NONE', #4420 ) ;
#4853 = DIRECTION ( 'NONE',  ( 0.000000000000000000, 0.000000000000000000, 1.000000000000000000 ) ) ;
#4854 = CARTESIAN_POINT ( 'NONE',  ( 25.40841493779662130, -26.52212632772054945, -4.646018814497839600 ) ) ;
#4855 = CARTESIAN_POINT ( 'NONE',  ( 25.31012250842890765, -22.43702258483292411, -0.5236856719846744168 ) ) ;
#4856 = CARTESIAN_POINT ( 'NONE',  ( 25.10392932744503369, -22.56741486019775067, -4.586782893964750585 ) ) ;
#4857 = CARTESIAN_POINT ( 'NONE',  ( 25.08325927206179529, -20.10085582924885728, -5.000000000000001776 ) ) ;
#4858 = ORIENTED_EDGE ( 'NONE', *, *, #127, .T. ) ;
#4859 = EDGE_CURVE ( 'NONE', #2036, #3522, #817, .T. ) ;
#4860 = DIRECTION ( 'NONE',  ( -1.000000000000000000, 0.000000000000000000, 1.387778780781425165E-14 ) ) ;
#4861 = CARTESIAN_POINT ( 'NONE',  ( 18.06274606680622696, -25.99999999999999645, 0.000000000000000000 ) ) ;
#4862 = CARTESIAN_POINT ( 'NONE',  ( 25.59198880498964002, -25.36359404238359616, -5.194052608649274205 ) ) ;
#4863 = DIRECTION ( 'NONE',  ( 0.000000000000000000, 0.000000000000000000, -1.000000000000000000 ) ) ;
#4864 = CARTESIAN_POINT ( 'NONE',  ( 30.49999999999981881, -19.64310073908833232, -55.47260893100327195 ) ) ;
#4865 = CARTESIAN_POINT ( 'NONE',  ( 30.99999999999985789, -22.38817675479887725, -47.47154413826857677 ) ) ;
#4866 = CARTESIAN_POINT ( 'NONE',  ( 25.57129565470616583, 24.52687599689363651, -5.179255009551117617 ) ) ;
#4867 = VERTEX_POINT ( 'NONE', #4786 ) ;
#4868 = CARTESIAN_POINT ( 'NONE',  ( 25.99999999999996092, -22.38817675479887725, -17.08288157416711073 ) ) ;
#4869 = DIRECTION ( 'NONE',  ( 1.000000000000000000, -0.000000000000000000, -3.491481338843133355E-15 ) ) ;
#4870 = ORIENTED_EDGE ( 'NONE', *, *, #1944, .F. ) ;
#4871 = CIRCLE ( 'NONE', #4959, 22.50000000000000711 ) ;
#4872 = ORIENTED_EDGE ( 'NONE', *, *, #2179, .F. ) ;
#4873 = VERTEX_POINT ( 'NONE', #4811 ) ;
#4874 = CIRCLE ( 'NONE', #2044, 1.549999999999995826 ) ;
#4875 = CARTESIAN_POINT ( 'NONE',  ( 24.95256888974017428, -21.77260262960949078, -4.583349989862257168 ) ) ;
#4876 = EDGE_CURVE ( 'NONE', #5442, #2961, #3906, .T. ) ;
#4877 = ORIENTED_EDGE ( 'NONE', *, *, #4094, .F. ) ;
#4878 = CARTESIAN_POINT ( 'NONE',  ( -8.691342951089923829, -6.749999999999997335, -5.000000000000000000 ) ) ;
#4879 = AXIS2_PLACEMENT_3D ( 'NONE', #5109, #1301, #3047 ) ;
#4880 = AXIS2_PLACEMENT_3D ( 'NONE', #4992, #1178, #5155 ) ;
#4881 = LINE ( 'NONE', #1520, #3699 ) ;
#4882 = CARTESIAN_POINT ( 'NONE',  ( 25.78600936491821827, -23.14445444968874810, -0.5727843068797373594 ) ) ;
#4883 = CONICAL_SURFACE ( 'NONE', #3293, 0.4999999999999935052, 0.7853981633974467247 ) ;
#4884 = CARTESIAN_POINT ( 'NONE',  ( 25.00000000000000000, -22.01571739626974988, -4.582547696720295605 ) ) ;
#4885 = CARTESIAN_POINT ( 'NONE',  ( 25.12975164266753580, 22.99062048586982598, -5.007463014161089632 ) ) ;
#4886 = CIRCLE ( 'NONE', #2053, 1.999999999999989564 ) ;
#4887 = CARTESIAN_POINT ( 'NONE',  ( 25.04219859699317752, -21.77087545982833916, -0.3392254753711217985 ) ) ;
#4888 = CARTESIAN_POINT ( 'NONE',  ( 27.10343311125209809, 24.45636376543275148, -0.3807838095232780606 ) ) ;
#4889 = CARTESIAN_POINT ( 'NONE',  ( 25.56540489144428463, -24.39015552907873996, -5.175180942893679692 ) ) ;
#4890 = DIRECTION ( 'NONE',  ( -3.469446951953613006E-15, 0.000000000000000000, -1.000000000000000000 ) ) ;
#4891 = CARTESIAN_POINT ( 'NONE',  ( 25.39905029084276222, 25.00719560676574105, -4.643126732260816070 ) ) ;
#4892 = CYLINDRICAL_SURFACE ( 'NONE', #521, 2.999999999999997335 ) ;
#4893 = EDGE_CURVE ( 'NONE', #5294, #4479, #3527, .T. ) ;
#4894 = CARTESIAN_POINT ( 'NONE',  ( 25.41805455781036471, 22.65220898382811043, -5.091337752750156653 ) ) ;
#4895 = ORIENTED_EDGE ( 'NONE', *, *, #2951, .T. ) ;
#4896 = ADVANCED_FACE ( 'NONE', ( #973 ), #3899, .F. ) ;
#4897 = CARTESIAN_POINT ( 'NONE',  ( 25.57107698682969854, -24.51630150350797877, -5.179102858285077993 ) ) ;
#4898 = CARTESIAN_POINT ( 'NONE',  ( 25.55112295498460639, 22.77139885323923352, -0.5427585620306536462 ) ) ;
#4899 = CARTESIAN_POINT ( 'NONE',  ( 30.99999999999982592, -25.99999999999998579, -56.00221285621785938 ) ) ;
#4900 = FACE_OUTER_BOUND ( 'NONE', #1902, .T. ) ;
#4901 = CARTESIAN_POINT ( 'NONE',  ( 10.52220865598093269, 6.074999999999998401, -3.000000000000002665 ) ) ;
#4902 = AXIS2_PLACEMENT_3D ( 'NONE', #756, #4121, #3761 ) ;
#4903 = ORIENTED_EDGE ( 'NONE', *, *, #1602, .T. ) ;
#4904 = VERTEX_POINT ( 'NONE', #4393 ) ;
#4905 = CARTESIAN_POINT ( 'NONE',  ( 30.49999999999985079, -26.99999999999998934, -48.50221285621785938 ) ) ;
#4906 = VERTEX_POINT ( 'NONE', #109 ) ;
#4907 = DIRECTION ( 'NONE',  ( -0.000000000000000000, -0.000000000000000000, 1.000000000000000000 ) ) ;
#4908 = ADVANCED_FACE ( 'NONE', ( #85 ), #2750, .T. ) ;
#4909 = VECTOR ( 'NONE', #2466, 1000.000000000000114 ) ;
#4910 = CARTESIAN_POINT ( 'NONE',  ( 26.19275173944507884, -26.50859379599113197, -2.047673279991900852 ) ) ;
#4911 = CARTESIAN_POINT ( 'NONE',  ( 26.31592891848604410, -24.14444367065296149, -0.6795468545531078153 ) ) ;
#4912 = CARTESIAN_POINT ( 'NONE',  ( 25.34968745888988551, -24.24204708728507285, -4.628761174692516356 ) ) ;
#4913 = CARTESIAN_POINT ( 'NONE',  ( 25.11766355916705606, -20.39795500954188157, -4.999999999999999112 ) ) ;
#4914 = AXIS2_PLACEMENT_3D ( 'NONE', #1500, #133, #4418 ) ;
#4915 = EDGE_CURVE ( 'NONE', #4607, #2395, #976, .T. ) ;
#4916 = DIRECTION ( 'NONE',  ( -1.000000000000000000, 1.920774913804158804E-16, 0.000000000000000000 ) ) ;
#4917 = CARTESIAN_POINT ( 'NONE',  ( 25.99999999999991473, -9.194348711522117606E-15, -31.50221285621783451 ) ) ;
#4918 = CARTESIAN_POINT ( 'NONE',  ( 27.89999999999982450, -12.30845354218735821, -56.50221285621785228 ) ) ;
#4919 = CARTESIAN_POINT ( 'NONE',  ( 0.000000000000000000, -12.15000000000000036, -3.000000000000002665 ) ) ;
#4920 = DIRECTION ( 'NONE',  ( -1.000000000000000000, 1.541001731203022325E-16, -0.000000000000000000 ) ) ;
#4921 = LINE ( 'NONE', #4947, #5051 ) ;
#4922 = CARTESIAN_POINT ( 'NONE',  ( 25.32524848473805079, 21.90551416421500974, -5.054370356583649304 ) ) ;
#4923 = EDGE_LOOP ( 'NONE', ( #3013, #3640, #790, #5017 ) ) ;
#4924 = CARTESIAN_POINT ( 'NONE',  ( 27.89999999999984226, 17.51933128205093837, -53.89038961101654479 ) ) ;
#4925 = CARTESIAN_POINT ( 'NONE',  ( 25.24517117470458061, 22.34100366385275649, -0.5201035705652957697 ) ) ;
#4926 = CARTESIAN_POINT ( 'NONE',  ( 26.33034447567425573, -24.18102637288721724, -0.6833410958610703911 ) ) ;
#4927 = FACE_OUTER_BOUND ( 'NONE', #5176, .T. ) ;
#4928 = ORIENTED_EDGE ( 'NONE', *, *, #984, .T. ) ;
#4929 = ORIENTED_EDGE ( 'NONE', *, *, #4662, .F. ) ;
#4930 = VECTOR ( 'NONE', #4844, 1000.000000000000000 ) ;
#4931 = EDGE_LOOP ( 'NONE', ( #1878, #1401 ) ) ;
#4932 = EDGE_CURVE ( 'NONE', #2213, #4607, #2669, .T. ) ;
#4933 = CARTESIAN_POINT ( 'NONE',  ( 30.99999999999996803, -22.38817675479887725, -15.53288157416713311 ) ) ;
#4934 = VERTEX_POINT ( 'NONE', #4370 ) ;
#4935 = DIRECTION ( 'NONE',  ( -1.000000000000000000, 0.000000000000000000, 0.000000000000000000 ) ) ;
#4936 = AXIS2_PLACEMENT_3D ( 'NONE', #4303, #595, #1779 ) ;
#4937 = LINE ( 'NONE', #202, #498 ) ;
#4938 = CARTESIAN_POINT ( 'NONE',  ( 26.54712314656120853, -25.00186548169325462, -0.7452968012887687399 ) ) ;
#4939 = CARTESIAN_POINT ( 'NONE',  ( 25.19286885186559388, 22.27049409103110733, -0.5180450795547103526 ) ) ;
#4940 = DIRECTION ( 'NONE',  ( 1.000000000000000000, -0.000000000000000000, -3.491481338843133355E-15 ) ) ;
#4941 = VERTEX_POINT ( 'NONE', #5230 ) ;
#4942 = CARTESIAN_POINT ( 'NONE',  ( 25.47314706105664328, 26.53081595120963954, -4.841985714434301258 ) ) ;
#4943 = CARTESIAN_POINT ( 'NONE',  ( 27.08974312578124355, 24.40665426204149213, -0.3756795933687133160 ) ) ;
#4944 = LINE ( 'NONE', #2409, #4352 ) ;
#4945 = CARTESIAN_POINT ( 'NONE',  ( 27.89999999999997371, 22.38817675479885949, -15.53288157416711712 ) ) ;
#4946 = CARTESIAN_POINT ( 'NONE',  ( 25.29268287255503012, 23.74032995212447616, -4.614803925206998336 ) ) ;
#4947 = CARTESIAN_POINT ( 'NONE',  ( 26.49999999999985434, -26.99999999999998934, -48.50221285621784517 ) ) ;
#4948 = EDGE_CURVE ( 'NONE', #4612, #242, #3555, .T. ) ;
#4949 = CARTESIAN_POINT ( 'NONE',  ( 25.32391117901115862, 21.89544447823925211, -5.053911446679478559 ) ) ;
#4950 = EDGE_LOOP ( 'NONE', ( #3353, #3464, #488, #3561, #8, #3726, #5388 ) ) ;
#4951 = DIRECTION ( 'NONE',  ( -1.000000000000000000, 1.575895479354882178E-16, 3.491481338843133355E-15 ) ) ;
#4952 = CARTESIAN_POINT ( 'NONE',  ( 27.26079977552028666, -25.52627536610997439, -0.4422309968919908019 ) ) ;
#4953 = CARTESIAN_POINT ( 'NONE',  ( 26.31464261508849845, -24.14247398641676767, -0.6792734851350482606 ) ) ;
#4954 = CYLINDRICAL_SURFACE ( 'NONE', #5465, 3.000000000000000888 ) ;
#4955 = CARTESIAN_POINT ( 'NONE',  ( 30.99999999999996803, -22.38817675479887725, -15.53288157416713311 ) ) ;
#4956 = VERTEX_POINT ( 'NONE', #5182 ) ;
#4957 = VERTEX_POINT ( 'NONE', #3168 ) ;
#4958 = DIRECTION ( 'NONE',  ( 0.000000000000000000, 0.000000000000000000, 1.000000000000000000 ) ) ;
#4959 = AXIS2_PLACEMENT_3D ( 'NONE', #2583, #3001, #4699 ) ;
#4960 = ORIENTED_EDGE ( 'NONE', *, *, #2087, .T. ) ;
#4961 = FACE_OUTER_BOUND ( 'NONE', #5379, .T. ) ;
#4962 = EDGE_CURVE ( 'NONE', #887, #4459, #2253, .T. ) ;
#4963 = CIRCLE ( 'NONE', #3813, 8.499999999999996447 ) ;
#4964 = FACE_BOUND ( 'NONE', #35, .T. ) ;
#4965 = CARTESIAN_POINT ( 'NONE',  ( 26.43074924302842632, -24.46502496841122465, -0.7108288293937712332 ) ) ;
#4966 = LINE ( 'NONE', #1072, #2485 ) ;
#4967 = CARTESIAN_POINT ( 'NONE',  ( 27.22711723544332685, 25.16066216336561467, -0.4286490202935072102 ) ) ;
#4968 = VECTOR ( 'NONE', #2736, 1000.000000000000000 ) ;
#4969 = EDGE_LOOP ( 'NONE', ( #1654, #2692 ) ) ;
#4970 = AXIS2_PLACEMENT_3D ( 'NONE', #3983, #4514, #172 ) ;
#4971 = AXIS2_PLACEMENT_3D ( 'NONE', #4813, #4345, #478 ) ;
#4972 = VECTOR ( 'NONE', #3307, 1000.000000000000114 ) ;
#4973 = CARTESIAN_POINT ( 'NONE',  ( 26.00000000000002132, 27.00000000000000355, -1.502212856217842507 ) ) ;
#4974 = CARTESIAN_POINT ( 'NONE',  ( 27.25530010785055879, 26.30908364121157561, -0.4399933922169987355 ) ) ;
#4975 = CARTESIAN_POINT ( 'NONE',  ( 25.22853301790004465, -21.17137594245068044, -5.026463590576486062 ) ) ;
#4976 = DIRECTION ( 'NONE',  ( -0.000000000000000000, -0.000000000000000000, -1.000000000000000000 ) ) ;
#4977 = CARTESIAN_POINT ( 'NONE',  ( -12.52220865598092026, 6.074999999999997513, -3.000000000000002665 ) ) ;
#4978 = DIRECTION ( 'NONE',  ( 1.000000000000000000, -1.575895479354882424E-16, -3.491481338843133355E-15 ) ) ;
#4979 = ADVANCED_FACE ( 'NONE', ( #1419 ), #2644, .F. ) ;
#4980 = AXIS2_PLACEMENT_3D ( 'NONE', #4529, #5309, #2407 ) ;
#4981 = CARTESIAN_POINT ( 'NONE',  ( 24.52881796666474301, 19.51157834623480625, -4.662600182793729786 ) ) ;
#4982 = ORIENTED_EDGE ( 'NONE', *, *, #2098, .F. ) ;
#4983 = CARTESIAN_POINT ( 'NONE',  ( 18.06274606680622696, -25.99999999999999645, -5.000000000000000000 ) ) ;
#4984 = CARTESIAN_POINT ( 'NONE',  ( 25.99999999999985434, -18.99999999999998934, -48.50221285621784517 ) ) ;
#4985 = CARTESIAN_POINT ( 'NONE',  ( 27.17719764262160709, -24.77155817004451066, -0.4089502280698636971 ) ) ;
#4986 = CARTESIAN_POINT ( 'NONE',  ( 26.57593399016767677, -25.26936268494462468, -0.7541862468504368922 ) ) ;
#4987 = DIRECTION ( 'NONE',  ( -0.000000000000000000, -0.000000000000000000, -1.000000000000000000 ) ) ;
#4988 = ORIENTED_EDGE ( 'NONE', *, *, #784, .F. ) ;
#4989 = ORIENTED_EDGE ( 'NONE', *, *, #3045, .T. ) ;
#4990 = EDGE_LOOP ( 'NONE', ( #3934, #4982, #3046, #2765, #1217, #2539 ) ) ;
#4991 = EDGE_CURVE ( 'NONE', #16, #1243, #4353, .T. ) ;
#4992 = CARTESIAN_POINT ( 'NONE',  ( 27.89999999999986358, 22.38817675479886660, -47.47154413826855546 ) ) ;
#4993 = ORIENTED_EDGE ( 'NONE', *, *, #2907, .T. ) ;
#4994 = DIRECTION ( 'NONE',  ( 1.000000000000000000, -0.000000000000000000, -3.491481338843133355E-15 ) ) ;
#4995 = CARTESIAN_POINT ( 'NONE',  ( 26.19584297292549380, -22.70590632276706344, -0.1202387049606322145 ) ) ;
#4996 = DIRECTION ( 'NONE',  ( 1.000000000000000000, 0.000000000000000000, 0.000000000000000000 ) ) ;
#4997 = CARTESIAN_POINT ( 'NONE',  ( 26.17217688659700414, 22.66016083429613914, -0.1156081276868281965 ) ) ;
#4998 = EDGE_LOOP ( 'NONE', ( #2597, #321, #4234, #1664 ) ) ;
#4999 = ADVANCED_FACE ( 'NONE', ( #134 ), #1842, .F. ) ;
#5000 = AXIS2_PLACEMENT_3D ( 'NONE', #4945, #3662, #4890 ) ;
#5001 = DIRECTION ( 'NONE',  ( -0.000000000000000000, -0.000000000000000000, 1.000000000000000000 ) ) ;
#5002 = PLANE ( 'NONE',  #3274 ) ;
#5003 = FACE_OUTER_BOUND ( 'NONE', #1625, .T. ) ;
#5004 = FACE_OUTER_BOUND ( 'NONE', #2638, .T. ) ;
#5005 = CARTESIAN_POINT ( 'NONE',  ( 31.00000000000001066, 15.96933128205093055, -6.114036101419140223 ) ) ;
#5006 = AXIS2_PLACEMENT_3D ( 'NONE', #2280, #5235, #1004 ) ;
#5007 = CARTESIAN_POINT ( 'NONE',  ( 25.37736399420965938, 24.58096895474469434, -4.636650371376703994 ) ) ;
#5008 = EDGE_LOOP ( 'NONE', ( #958, #2929, #2814, #4283, #2930, #1551 ) ) ;
#5009 =( NAMED_UNIT ( * ) PLANE_ANGLE_UNIT ( ) SI_UNIT ( $, .RADIAN. ) );
#5010 = CARTESIAN_POINT ( 'NONE',  ( 25.54240352926236568, -24.00245788728400598, -5.159852392689326273 ) ) ;
#5011 = CARTESIAN_POINT ( 'NONE',  ( 26.45817608052799486, 24.56790880718712344, -0.7188876922700115912 ) ) ;
#5012 = CARTESIAN_POINT ( 'NONE',  ( 26.41459854736244495, -24.41330094959787544, -0.7062304323308719045 ) ) ;
#5013 = DIRECTION ( 'NONE',  ( -4.476705744456278510E-15, 0.000000000000000000, -1.000000000000000000 ) ) ;
#5014 = ORIENTED_EDGE ( 'NONE', *, *, #3724, .F. ) ;
#5015 = ORIENTED_EDGE ( 'NONE', *, *, #628, .F. ) ;
#5016 = CARTESIAN_POINT ( 'NONE',  ( 27.89999999999982450, -18.99999999999998934, -56.50221285621785228 ) ) ;
#5017 = ORIENTED_EDGE ( 'NONE', *, *, #2192, .F. ) ;
#5018 = DIRECTION ( 'NONE',  ( -3.469446951953619316E-15, 0.000000000000000000, -1.000000000000000000 ) ) ;
#5019 = ADVANCED_FACE ( 'NONE', ( #1818 ), #5204, .F. ) ;
#5020 = CARTESIAN_POINT ( 'NONE',  ( 27.26135120776944021, -25.53668448620567233, -0.4424557727988550071 ) ) ;
#5021 = AXIS2_PLACEMENT_3D ( 'NONE', #192, #3705, #1143 ) ;
#5022 = CARTESIAN_POINT ( 'NONE',  ( 25.48472563942905822, 22.67534119273985027, -0.5364361816745376599 ) ) ;
#5023 = CARTESIAN_POINT ( 'NONE',  ( 27.16765398805306830, 24.73998596145376538, -0.4052359442577767590 ) ) ;
#5024 = VERTEX_POINT ( 'NONE', #1894 ) ;
#5025 = EDGE_LOOP ( 'NONE', ( #1860, #4020, #3170, #2178 ) ) ;
#5026 = AXIS2_PLACEMENT_3D ( 'NONE', #4670, #4616, #3829 ) ;
#5027 = LINE ( 'NONE', #3410, #3429 ) ;
#5028 = FACE_OUTER_BOUND ( 'NONE', #4769, .T. ) ;
#5029 = CARTESIAN_POINT ( 'NONE',  ( 25.25955126518082139, -21.40533742588556265, -5.034181686769406028 ) ) ;
#5030 = FACE_OUTER_BOUND ( 'NONE', #1066, .T. ) ;
#5031 = CARTESIAN_POINT ( 'NONE',  ( 25.21756889404235125, -23.83707775029020937, -5.022947473701846910 ) ) ;
#5032 = CARTESIAN_POINT ( 'NONE',  ( 25.99999999999998224, 22.38817675479885949, -13.98288157416711641 ) ) ;
#5033 = CARTESIAN_POINT ( 'NONE',  ( 25.16487389389656926, 22.89927490906262264, -4.592603749058497442 ) ) ;
#5034 = ORIENTED_EDGE ( 'NONE', *, *, #5127, .T. ) ;
#5035 = EDGE_CURVE ( 'NONE', #731, #3437, #170, .T. ) ;
#5036 = CARTESIAN_POINT ( 'NONE',  ( 27.90000000000000213, -15.96933128205095187, -7.564036101419131519 ) ) ;
#5037 = CARTESIAN_POINT ( 'NONE',  ( 25.32813141179492078, -21.92738613952916538, -5.055363807256947339 ) ) ;
#5038 = CARTESIAN_POINT ( 'NONE',  ( 26.54526060312081981, 25.02374729325359937, -0.7448228546824675611 ) ) ;
#5039 = CARTESIAN_POINT ( 'NONE',  ( 26.57853759017233841, -25.29951571762175888, -0.7549928985193052888 ) ) ;
#5040 = LINE ( 'NONE', #1230, #1196 ) ;
#5041 = VERTEX_POINT ( 'NONE', #1558 ) ;
#5042 = VERTEX_POINT ( 'NONE', #3723 ) ;
#5043 = ORIENTED_EDGE ( 'NONE', *, *, #4815, .F. ) ;
#5044 = EDGE_CURVE ( 'NONE', #4206, #3294, #1135, .T. ) ;
#5045 = EDGE_CURVE ( 'NONE', #1204, #730, #3247, .T. ) ;
#5046 = CARTESIAN_POINT ( 'NONE',  ( 27.15585150814178661, -24.66244171631660720, -0.4006627474644006703 ) ) ;
#5047 = CARTESIAN_POINT ( 'NONE',  ( 25.99167676836862029, 23.47611757632938989, -0.6075075727046292950 ) ) ;
#5048 = CARTESIAN_POINT ( 'NONE',  ( 30.99999999999983658, -9.964849577123676149E-15, -54.50221285621807965 ) ) ;
#5049 = ORIENTED_EDGE ( 'NONE', *, *, #1376, .T. ) ;
#5050 = CARTESIAN_POINT ( 'NONE',  ( 26.50000000000000711, 27.00000000000000355, -6.000000000000003553 ) ) ;
#5051 = VECTOR ( 'NONE', #2862, 1000.000000000000000 ) ;
#5052 = ORIENTED_EDGE ( 'NONE', *, *, #4328, .F. ) ;
#5053 = CARTESIAN_POINT ( 'NONE',  ( 25.69308577877984234, -26.84119198295363162, -4.717981960276864228 ) ) ;
#5054 = CIRCLE ( 'NONE', #3727, 3.499999999999996003 ) ;
#5055 = EDGE_CURVE ( 'NONE', #1312, #2121, #3289, .T. ) ;
#5056 = DIRECTION ( 'NONE',  ( 1.000000000000000000, -0.000000000000000000, -3.491481338843133355E-15 ) ) ;
#5057 = AXIS2_PLACEMENT_3D ( 'NONE', #4617, #2080, #3412 ) ;
#5058 = DIRECTION ( 'NONE',  ( 1.000000000000000000, -0.000000000000000000, -3.491481338843133355E-15 ) ) ;
#5059 = CARTESIAN_POINT ( 'NONE',  ( 25.39607010462276904, -21.66682648225109276, -0.01308563521609171741 ) ) ;
#5060 = CARTESIAN_POINT ( 'NONE',  ( 24.96652332338987534, -21.77261034693314201, -5.000000000000000000 ) ) ;
#5061 = CARTESIAN_POINT ( 'NONE',  ( 27.89999999999997371, 22.38817675479885949, -15.53288157416711712 ) ) ;
#5062 = B_SPLINE_CURVE_WITH_KNOTS ( 'NONE', 3,
 ( #1713, #1322, #3014, #5186, #64, #4322, #4715, #901, #3878, #4659 ),
 .UNSPECIFIED., .F., .F.,
 ( 4, 1, 1, 2, 2, 4 ),
 ( 0.000000000000000000, 0.2500000000000020539, 0.3750000000000118794, 0.4375000000000129896, 0.5000000000000140998, 1.000000000000000000 ),
 .UNSPECIFIED. ) ;
#5063 = CARTESIAN_POINT ( 'NONE',  ( 25.21741855425609558, 23.21790386129082151, -4.600108614401142049 ) ) ;
#5064 = ORIENTED_EDGE ( 'NONE', *, *, #2959, .T. ) ;
#5065 = AXIS2_PLACEMENT_3D ( 'NONE', #3556, #608, #4394 ) ;
#5066 = CIRCLE ( 'NONE', #5237, 1.999999999999989564 ) ;
#5067 = EDGE_CURVE ( 'NONE', #1712, #2423, #1583, .T. ) ;
#5068 = CARTESIAN_POINT ( 'NONE',  ( 25.22689514216246209, -21.15900966337555289, -5.026018190988580159 ) ) ;
#5069 = CARTESIAN_POINT ( 'NONE',  ( 26.41415564263894566, 24.41273913343446367, -0.7062293643224013540 ) ) ;
#5070 = CARTESIAN_POINT ( 'NONE',  ( 25.77023080348319439, -27.00000000000000000, -4.967617018996521416 ) ) ;
#5071 = CARTESIAN_POINT ( 'NONE',  ( 26.02854192254958932, -23.55544537166893804, -0.6145586766062531847 ) ) ;
#5072 = EDGE_CURVE ( 'NONE', #3708, #865, #4266, .T. ) ;
#5073 = CONICAL_SURFACE ( 'NONE', #5161, 1.000000000000000000, 0.7853981633974481680 ) ;
#5074 = ORIENTED_EDGE ( 'NONE', *, *, #4089, .T. ) ;
#5075 = CIRCLE ( 'NONE', #4633, 1.000000000000000888 ) ;
#5076 = ORIENTED_EDGE ( 'NONE', *, *, #3033, .T. ) ;
#5077 = DIRECTION ( 'NONE',  ( -3.491481338843133355E-15, 1.575895479354887848E-16, -1.000000000000000000 ) ) ;
#5078 = EDGE_CURVE ( 'NONE', #4097, #943, #3609, .T. ) ;
#5079 = EDGE_LOOP ( 'NONE', ( #173, #337 ) ) ;
#5080 = EDGE_CURVE ( 'NONE', #4545, #1319, #1324, .T. ) ;
#5081 = CARTESIAN_POINT ( 'NONE',  ( 27.04718297692174644, -24.26652580745404109, -0.3600379388756727583 ) ) ;
#5082 = CARTESIAN_POINT ( 'NONE',  ( 25.35756907735418153, 22.49594764973302219, -0.5266649656764627041 ) ) ;
#5083 = CARTESIAN_POINT ( 'NONE',  ( 25.37150730201751614, 21.63847310591128092, -0.01140197971977611330 ) ) ;
#5084 = EDGE_CURVE ( 'NONE', #3582, #63, #4140, .T. ) ;
#5085 = VERTEX_POINT ( 'NONE', #2412 ) ;
#5086 = DIRECTION ( 'NONE',  ( 3.469446951953611033E-15, 0.000000000000000000, 1.000000000000000000 ) ) ;
#5087 = DIRECTION ( 'NONE',  ( 1.000000000000000000, -1.575895479354882178E-16, -3.491481338843133355E-15 ) ) ;
#5088 = LINE ( 'NONE', #3718, #4430 ) ;
#5089 = CARTESIAN_POINT ( 'NONE',  ( 31.00000000000000000, 15.96933128205093055, -9.114036101419138447 ) ) ;
#5090 = CARTESIAN_POINT ( 'NONE',  ( 26.85344674603377513, -23.79965230137386101, -0.2934448431250268330 ) ) ;
#5091 = DIRECTION ( 'NONE',  ( -1.000000000000000000, 0.000000000000000000, 1.387778780781425165E-14 ) ) ;
#5092 = DIRECTION ( 'NONE',  ( -1.575895479354882178E-16, -1.000000000000000000, 0.000000000000000000 ) ) ;
#5093 = CARTESIAN_POINT ( 'NONE',  ( 25.44393150981491658, 22.88877520055753223, -5.103935100978955752 ) ) ;
#5094 = ORIENTED_EDGE ( 'NONE', *, *, #1710, .F. ) ;
#5095 = EDGE_CURVE ( 'NONE', #5346, #3582, #4921, .T. ) ;
#5096 = CARTESIAN_POINT ( 'NONE',  ( 25.55900580840902592, 26.69853724626846159, -4.688093228606962093 ) ) ;
#5097 = CARTESIAN_POINT ( 'NONE',  ( 25.40837060542378723, -25.33141287897455385, -4.645990463471439291 ) ) ;
#5098 = CARTESIAN_POINT ( 'NONE',  ( 26.43925749163312133, 24.49728771747095735, -0.7133927827766997076 ) ) ;
#5099 = CARTESIAN_POINT ( 'NONE',  ( 25.78052681502290966, -26.51558629804649314, -3.412647678168492682 ) ) ;
#5100 = CYLINDRICAL_SURFACE ( 'NONE', #2161, 1.000000000000000888 ) ;
#5101 = ORIENTED_EDGE ( 'NONE', *, *, #5080, .F. ) ;
#5102 = ORIENTED_EDGE ( 'NONE', *, *, #2512, .F. ) ;
#5103 = CARTESIAN_POINT ( 'NONE',  ( 27.08935422735050125, 27.00000000000000355, -0.6940050132186953435 ) ) ;
#5104 = ORIENTED_EDGE ( 'NONE', *, *, #5374, .T. ) ;
#5105 = CARTESIAN_POINT ( 'NONE',  ( 18.06274606680622696, -25.99999999999999645, -5.000000000000000000 ) ) ;
#5106 = CARTESIAN_POINT ( 'NONE',  ( 25.36902726133163810, 22.51196157815553889, -0.5274612728745767809 ) ) ;
#5107 = DIRECTION ( 'NONE',  ( 1.000000000000000000, -0.000000000000000000, -3.491481338843133355E-15 ) ) ;
#5108 = EDGE_LOOP ( 'NONE', ( #394, #4537, #397, #2729, #1723, #2950 ) ) ;
#5109 = CARTESIAN_POINT ( 'NONE',  ( 30.99999999999982947, -12.30845354218735821, -55.50221285621785228 ) ) ;
#5110 = ORIENTED_EDGE ( 'NONE', *, *, #1070, .F. ) ;
#5111 = CONICAL_SURFACE ( 'NONE', #2263, 23.00000000000000000, 0.7853981633974517207 ) ;
#5112 = CARTESIAN_POINT ( 'NONE',  ( 25.83474738668799020, -27.00000000000000355, -4.753726834970130710 ) ) ;
#5113 = LINE ( 'NONE', #408, #161 ) ;
#5114 = LINE ( 'NONE', #5172, #95 ) ;
#5115 = CARTESIAN_POINT ( 'NONE',  ( 25.45254530051286679, -21.73537631095793543, -0.01709058932540770057 ) ) ;
#5116 = DIRECTION ( 'NONE',  ( -4.476705744456293499E-15, 0.000000000000000000, -1.000000000000000000 ) ) ;
#5117 = CARTESIAN_POINT ( 'NONE',  ( 27.89999999999984226, 15.96933128205093766, -53.89038961101654479 ) ) ;
#5118 = VECTOR ( 'NONE', #682, 1000.000000000000000 ) ;
#5119 = CARTESIAN_POINT ( 'NONE',  ( 25.33069088615021158, 21.94661397587498897, -5.056260175672577795 ) ) ;
#5120 = ORIENTED_EDGE ( 'NONE', *, *, #4991, .F. ) ;
#5121 = CARTESIAN_POINT ( 'NONE',  ( 25.30259008717933256, -23.82219287433706256, -4.616863292069826485 ) ) ;
#5122 = CARTESIAN_POINT ( 'NONE',  ( 26.22773362375603057, 23.93477243724695569, -0.6577969365808403746 ) ) ;
#5123 = VECTOR ( 'NONE', #3458, 1000.000000000000000 ) ;
#5124 = FACE_OUTER_BOUND ( 'NONE', #1741, .T. ) ;
#5125 = CARTESIAN_POINT ( 'NONE',  ( 25.34859544466672077, -22.49113463747161745, -0.5261334827090561328 ) ) ;
#5126 = DIRECTION ( 'NONE',  ( 0.000000000000000000, 1.000000000000000000, 0.000000000000000000 ) ) ;
#5127 = EDGE_CURVE ( 'NONE', #1340, #2704, #696, .T. ) ;
#5128 = DIRECTION ( 'NONE',  ( -4.476705744456288765E-15, 0.000000000000000000, -1.000000000000000000 ) ) ;
#5129 = EDGE_LOOP ( 'NONE', ( #3475, #641, #2614, #423 ) ) ;
#5130 = EDGE_LOOP ( 'NONE', ( #4162, #255, #849, #4386 ) ) ;
#5131 = CYLINDRICAL_SURFACE ( 'NONE', #1927, 1.000000000000000888 ) ;
#5132 = EDGE_LOOP ( 'NONE', ( #3398, #4683, #814, #1849 ) ) ;
#5133 = CARTESIAN_POINT ( 'NONE',  ( 25.99999999999982592, -19.73497227324380887, -56.46837979882975134 ) ) ;
#5134 = CARTESIAN_POINT ( 'NONE',  ( 26.33731321978824624, 24.19298782824086302, -0.6852549921229077468 ) ) ;
#5135 = ORIENTED_EDGE ( 'NONE', *, *, #934, .F. ) ;
#5136 = ADVANCED_FACE ( 'NONE', ( #1983 ), #5323, .T. ) ;
#5137 = DIRECTION ( 'NONE',  ( -3.965082230804135347E-15, 0.000000000000000000, -1.000000000000000000 ) ) ;
#5138 = EDGE_LOOP ( 'NONE', ( #4640, #2681, #4792 ) ) ;
#5139 = B_SPLINE_CURVE_WITH_KNOTS ( 'NONE', 3,
 ( #3385, #2194, #4672, #1275 ),
 .UNSPECIFIED., .F., .F.,
 ( 4, 4 ),
 ( 0.000000000000000000, 0.0007075058426846477389 ),
 .UNSPECIFIED. ) ;
#5140 = DIRECTION ( 'NONE',  ( 3.491481338843133355E-15, 0.000000000000000000, 1.000000000000000000 ) ) ;
#5141 = FACE_OUTER_BOUND ( 'NONE', #1934, .T. ) ;
#5142 = DIRECTION ( 'NONE',  ( -3.469446951953611033E-15, 0.000000000000000000, -1.000000000000000000 ) ) ;
#5143 = CARTESIAN_POINT ( 'NONE',  ( 25.45514242206857602, -21.73853489834925057, -0.01728777078929895003 ) ) ;
#5144 = DIRECTION ( 'NONE',  ( 1.000000000000000000, -1.575895479354882178E-16, -3.491481338843133355E-15 ) ) ;
#5145 = CARTESIAN_POINT ( 'NONE',  ( 27.89999999999983160, 12.30845354218734755, -56.50221285621784517 ) ) ;
#5146 = CIRCLE ( 'NONE', #2737, 3.000000000000000000 ) ;
#5147 = CARTESIAN_POINT ( 'NONE',  ( 25.38571328711464403, 22.37826590333459365, -5.077190880180519450 ) ) ;
#5148 = VERTEX_POINT ( 'NONE', #3664 ) ;
#5149 = EDGE_CURVE ( 'NONE', #4012, #4934, #4563, .T. ) ;
#5150 = CONICAL_SURFACE ( 'NONE', #3186, 9.500000000000008882, 0.7853981633974569387 ) ;
#5151 = CARTESIAN_POINT ( 'NONE',  ( 25.38227110785482665, -24.65092778806045004, -4.638064874209639754 ) ) ;
#5152 = CARTESIAN_POINT ( 'NONE',  ( 25.42114709636966907, 21.69754027856325251, -0.01479797992523649783 ) ) ;
#5153 = DIRECTION ( 'NONE',  ( -1.575895479354892285E-16, -1.000000000000000000, -2.837512552792560177E-16 ) ) ;
#5154 = LINE ( 'NONE', #2090, #4296 ) ;
#5155 = DIRECTION ( 'NONE',  ( -4.476705744456288765E-15, 0.000000000000000000, -1.000000000000000000 ) ) ;
#5156 = EDGE_CURVE ( 'NONE', #1965, #5377, #5146, .T. ) ;
#5157 = VECTOR ( 'NONE', #1853, 1000.000000000000000 ) ;
#5158 = CIRCLE ( 'NONE', #1149, 2.999999999999999112 ) ;
#5159 = FACE_OUTER_BOUND ( 'NONE', #3147, .T. ) ;
#5160 = ORIENTED_EDGE ( 'NONE', *, *, #5233, .T. ) ;
#5161 = AXIS2_PLACEMENT_3D ( 'NONE', #4017, #992, #1438 ) ;
#5162 = DIRECTION ( 'NONE',  ( 0.000000000000000000, 0.000000000000000000, 1.000000000000000000 ) ) ;
#5163 = EDGE_LOOP ( 'NONE', ( #4403, #1954 ) ) ;
#5164 = CIRCLE ( 'NONE', #4181, 8.000000000000000000 ) ;
#5165 = ADVANCED_FACE ( 'NONE', ( #328 ), #4892, .F. ) ;
#5166 = CARTESIAN_POINT ( 'NONE',  ( 25.36370308158874920, -21.62757071664751152, -0.01102301951917469304 ) ) ;
#5167 = CARTESIAN_POINT ( 'NONE',  ( 26.59543396919534786, 25.88935113617674233, -0.7602867055456549172 ) ) ;
#5168 = ORIENTED_EDGE ( 'NONE', *, *, #1436, .F. ) ;
#5169 = DIRECTION ( 'NONE',  ( 0.7071067811865500152, -0.7071067811865451302, -2.453269466693387577E-15 ) ) ;
#5170 = CARTESIAN_POINT ( 'NONE',  ( 0.000000000000000000, -12.15000000000000036, -3.000000000000002665 ) ) ;
#5171 = CARTESIAN_POINT ( 'NONE',  ( 26.58298379572300618, -26.50217040795130430, -0.7564210425725775844 ) ) ;
#5172 = CARTESIAN_POINT ( 'NONE',  ( 27.89999999999982450, -26.99999999999998579, -56.50221285621785228 ) ) ;
#5173 = CARTESIAN_POINT ( 'NONE',  ( 27.04063220615868701, -24.24654514931101801, -0.3576454889776995993 ) ) ;
#5174 = CARTESIAN_POINT ( 'NONE',  ( 30.49999999999981881, -19.64310073908833232, -55.47260893100327195 ) ) ;
#5175 = CARTESIAN_POINT ( 'NONE',  ( 25.28401365673184031, 21.59691574107285206, -5.041178709856791507 ) ) ;
#5176 = EDGE_LOOP ( 'NONE', ( #4432, #2186, #4741, #4160 ) ) ;
#5177 = EDGE_CURVE ( 'NONE', #4904, #153, #3096, .T. ) ;
#5178 = DIRECTION ( 'NONE',  ( 1.387778780781463662E-14, 0.000000000000000000, 1.000000000000000000 ) ) ;
#5179 = CARTESIAN_POINT ( 'NONE',  ( 27.05202568575077038, 24.28292171930603516, -0.3618089082182998628 ) ) ;
#5180 = CYLINDRICAL_SURFACE ( 'NONE', #4079, 2.999999999999995559 ) ;
#5181 = CARTESIAN_POINT ( 'NONE',  ( 25.91034613806424503, -23.34923219752693058, -0.5928352675163556240 ) ) ;
#5182 = CARTESIAN_POINT ( 'NONE',  ( 30.49999999999985789, 27.00000000000001066, -48.50221285621785228 ) ) ;
#5183 = DIRECTION ( 'NONE',  ( 1.000000000000000000, -0.000000000000000000, -3.491481338843133355E-15 ) ) ;
#5184 = CIRCLE ( 'NONE', #5443, 1.000000000000000888 ) ;
#5185 = VERTEX_POINT ( 'NONE', #2034 ) ;
#5186 = CARTESIAN_POINT ( 'NONE',  ( 25.04074499405481902, 21.64368798583574005, -4.726168938481476012 ) ) ;
#5187 = EDGE_LOOP ( 'NONE', ( #5509, #2019, #1354, #5110 ) ) ;
#5188 = CIRCLE ( 'NONE', #2781, 22.50000000000000355 ) ;
#5189 = ORIENTED_EDGE ( 'NONE', *, *, #3548, .F. ) ;
#5190 = CARTESIAN_POINT ( 'NONE',  ( 24.98368327549809109, -21.16643197436616575, 0.0006441885672038827858 ) ) ;
#5191 = EDGE_CURVE ( 'NONE', #5279, #3745, #4161, .T. ) ;
#5192 = EDGE_LOOP ( 'NONE', ( #2483, #1748, #1118, #43 ) ) ;
#5193 = DIRECTION ( 'NONE',  ( 1.000000000000000000, -0.000000000000000000, -3.491481338843133355E-15 ) ) ;
#5194 = DIRECTION ( 'NONE',  ( -0.000000000000000000, -0.000000000000000000, 1.000000000000000000 ) ) ;
#5195 = CARTESIAN_POINT ( 'NONE',  ( 0.000000000000000000, 0.000000000000000000, 0.000000000000000000 ) ) ;
#5196 = FACE_OUTER_BOUND ( 'NONE', #4008, .T. ) ;
#5197 = CARTESIAN_POINT ( 'NONE',  ( 10.14134295108992490, -6.749999999999999112, -5.000000000000000000 ) ) ;
#5198 = CARTESIAN_POINT ( 'NONE',  ( 25.41188991412425935, 26.08861875752257120, -4.647096529436786305 ) ) ;
#5199 = VERTEX_POINT ( 'NONE', #4534 ) ;
#5200 = CARTESIAN_POINT ( 'NONE',  ( 24.97777536834190215, -21.90184589483040156, -4.582701355567559531 ) ) ;
#5201 = CARTESIAN_POINT ( 'NONE',  ( 25.41830834805459816, 21.69416205007076215, -0.01459890865874284918 ) ) ;
#5202 = CARTESIAN_POINT ( 'NONE',  ( 25.30871321455360956, -21.77858384481320186, -5.048823112156560100 ) ) ;
#5203 = DIRECTION ( 'NONE',  ( 0.8571673007021110013, 0.000000000000000000, 0.5150380749100563760 ) ) ;
#5204 = CYLINDRICAL_SURFACE ( 'NONE', #442, 9.000000000000000000 ) ;
#5205 = LINE ( 'NONE', #1318, #3105 ) ;
#5206 = CIRCLE ( 'NONE', #226, 1.549999999999995826 ) ;
#5207 = VERTEX_POINT ( 'NONE', #1106 ) ;
#5208 = CARTESIAN_POINT ( 'NONE',  ( 14.69134295108992561, -6.749999999999999112, -5.000000000000000000 ) ) ;
#5209 = LINE ( 'NONE', #3405, #4930 ) ;
#5210 = VERTEX_POINT ( 'NONE', #3195 ) ;
#5211 = ADVANCED_FACE ( 'NONE', ( #5344 ), #966, .F. ) ;
#5212 = ORIENTED_EDGE ( 'NONE', *, *, #1273, .T. ) ;
#5213 = FACE_OUTER_BOUND ( 'NONE', #2626, .T. ) ;
#5214 = ORIENTED_EDGE ( 'NONE', *, *, #3033, .F. ) ;
#5215 = CARTESIAN_POINT ( 'NONE',  ( 30.99999999999984013, 15.96933128205093766, -53.89038961101655900 ) ) ;
#5216 = EDGE_CURVE ( 'NONE', #4459, #1542, #3807, .T. ) ;
#5217 = EDGE_CURVE ( 'NONE', #3240, #1454, #789, .T. ) ;
#5218 = DIRECTION ( 'NONE',  ( -0.7132170229686736196, 0.6358226415357857153, -0.2950441435754287411 ) ) ;
#5219 = FACE_OUTER_BOUND ( 'NONE', #1750, .T. ) ;
#5220 = CARTESIAN_POINT ( 'NONE',  ( 25.23254223391271722, -23.33096893110658598, -4.602853915154981657 ) ) ;
#5221 = CARTESIAN_POINT ( 'NONE',  ( 25.15561630173244723, -20.72819160767868496, -5.000000000000000000 ) ) ;
#5222 = CARTESIAN_POINT ( 'NONE',  ( 25.48212053837469426, 23.26067571984470561, -5.123760879733215035 ) ) ;
#5223 = ORIENTED_EDGE ( 'NONE', *, *, #1909, .F. ) ;
#5224 = EDGE_CURVE ( 'NONE', #620, #4035, #1854, .T. ) ;
#5225 = FACE_OUTER_BOUND ( 'NONE', #2134, .T. ) ;
#5226 = CARTESIAN_POINT ( 'NONE',  ( 27.06770766285422170, 24.33222834540912416, -0.3675411639669455832 ) ) ;
#5227 = AXIS2_PLACEMENT_3D ( 'NONE', #5117, #5479, #2890 ) ;
#5228 = CARTESIAN_POINT ( 'NONE',  ( 25.52990899626936638, -23.83214799249721949, -5.151945036962095159 ) ) ;
#5229 = CARTESIAN_POINT ( 'NONE',  ( 25.99999999999997513, 22.38817675479885949, -15.53288157416711002 ) ) ;
#5230 = CARTESIAN_POINT ( 'NONE',  ( 25.59164367151452524, -26.50000000000000355, -5.193800418037316291 ) ) ;
#5231 = FACE_OUTER_BOUND ( 'NONE', #388, .T. ) ;
#5232 = AXIS2_PLACEMENT_3D ( 'NONE', #1856, #4304, #4752 ) ;
#5233 = EDGE_CURVE ( 'NONE', #1820, #900, #3264, .T. ) ;
#5234 = EDGE_CURVE ( 'NONE', #3345, #2544, #856, .T. ) ;
#5235 = DIRECTION ( 'NONE',  ( -0.000000000000000000, -0.000000000000000000, -1.000000000000000000 ) ) ;
#5236 = VECTOR ( 'NONE', #4517, 1000.000000000000000 ) ;
#5237 = AXIS2_PLACEMENT_3D ( 'NONE', #732, #60, #3295 ) ;
#5238 = EDGE_CURVE ( 'NONE', #4356, #2395, #5507, .T. ) ;
#5239 = CARTESIAN_POINT ( 'NONE',  ( 30.99999999999983302, 19.68903650616605816, -55.97049436491652585 ) ) ;
#5240 = ORIENTED_EDGE ( 'NONE', *, *, #1714, .T. ) ;
#5241 = VERTEX_POINT ( 'NONE', #2168 ) ;
#5242 = AXIS2_PLACEMENT_3D ( 'NONE', #530, #3117, #4763 ) ;
#5243 = ORIENTED_EDGE ( 'NONE', *, *, #2855, .T. ) ;
#5244 = CARTESIAN_POINT ( 'NONE',  ( 25.99999999999982592, -18.99999999999998934, -56.00221285621784517 ) ) ;
#5245 = VERTEX_POINT ( 'NONE', #385 ) ;
#5246 = AXIS2_PLACEMENT_3D ( 'NONE', #680, #3267, #5385 ) ;
#5247 = CARTESIAN_POINT ( 'NONE',  ( 27.00425912065075096, -27.00000000000000355, -0.8781892481966678821 ) ) ;
#5248 = EDGE_CURVE ( 'NONE', #2535, #5354, #3388, .T. ) ;
#5249 = CARTESIAN_POINT ( 'NONE',  ( 0.000000000000000000, -12.15000000000000036, 0.000000000000000000 ) ) ;
#5250 = DIRECTION ( 'NONE',  ( 0.000000000000000000, -0.000000000000000000, -1.000000000000000000 ) ) ;
#5251 = CARTESIAN_POINT ( 'NONE',  ( 30.99999999999985789, -22.38817675479887725, -47.47154413826857677 ) ) ;
#5252 = CARTESIAN_POINT ( 'NONE',  ( 25.11925616042328357, -20.41180288879020921, -5.000000000000000000 ) ) ;
#5253 = ORIENTED_EDGE ( 'NONE', *, *, #5191, .F. ) ;
#5254 = DIRECTION ( 'NONE',  ( 1.000000000000000000, 0.000000000000000000, 0.000000000000000000 ) ) ;
#5255 = CARTESIAN_POINT ( 'NONE',  ( 25.52847937345528351, 21.82619507843262241, -0.02330886688692715425 ) ) ;
#5256 = B_SPLINE_CURVE_WITH_KNOTS ( 'NONE', 3,
 ( #2016, #4119, #275, #4146, #1651, #2390, #4540, #306, #2067, #334, #5429, #5400, #1591, #4570, #1537, #5039, #693, #1960, #4986, #3732, #4600, #1172, #2869, #2810, #3341, #754, #2474, #2042, #1623, #1989, #3644, #366, #3314, #5350, #3760, #5012, #3225, #727, #3672, #1229, #4508, #2924, #2417, #1200, #4629, #5373, #2898, #2363, #4926, #1113, #1564, #3254, #4953, #4287, #3786, #3898, #447, #3479, #2119, #4315, #3366, #419, #3423, #813, #2505, #5071, #1764, #1258, #5486, #1316, #5181, #4655, #1370, #2533, #59, #2174, #3870, #84, #1676, #4737, #2149, #3060, #476, #3811, #4204, #2956, #3452, #1736, #392, #894, #837, #5125, #3007, #4, #3842, #31, #1709, #1793, #2981, #4707, #1286, #507 ),
 .UNSPECIFIED., .F., .F.,
 ( 4, 2, 2, 2, 1, 2, 2, 1, 1, 1, 2, 2, 2, 1, 1, 2, 2, 2, 2, 1, 1, 2, 2, 2, 2, 1, 2, 2, 2, 1, 2, 2, 1, 1, 2, 2, 1, 1, 2, 2, 2, 1, 1, 1, 2, 2, 2, 2, 1, 2, 2, 2, 1, 1, 2, 2, 1, 1, 1, 1, 2, 2, 4 ),
 ( 0.000000000000000000, 0.06249999999990872579, 0.09374999999986206867, 0.1015624999998515215, 0.1093749999998409883, 0.1249999999998217259, 0.1874999999997465916, 0.2187499999997090383, 0.2343749999996889988, 0.2421874999996790623, 0.2460937499996741218, 0.2499999999996691535, 0.3124999999995937139, 0.3437499999995569100, 0.3593749999995383138, 0.3671874999995289879, 0.3749999999995196620, 0.4062499999994759192, 0.4218749999994532152, 0.4296874999994422240, 0.4335937499994370614, 0.4355468749994333977, 0.4374999999994296784, 0.4531249999994357291, 0.4609374999994376720, 0.4648437499994386157, 0.4667968749994393929, 0.4687499999994401145, 0.4843749999994536592, 0.4921874999994608757, 0.4960937499994627076, 0.4999999999994645394, 0.5312499999994835242, 0.5468749999994939603, 0.5546874999994988453, 0.5624999999995036193, 0.5937499999995268229, 0.6093749999995369260, 0.6171874999995425881, 0.6249999999995481392, 0.6562499999995777822, 0.6718749999995922151, 0.6796874999995994315, 0.6835937499996030953, 0.6855468749996040945, 0.6874999999996052047, 0.7187499999996439515, 0.7343749999996638245, 0.7421874999996744826, 0.7460937499996791455, 0.7499999999996836975, 0.8124999999997704059, 0.8437499999998145928, 0.8593749999998361311, 0.8671874999998467892, 0.8749999999998574474, 0.9062499999998975264, 0.9218749999999178435, 0.9296874999999271694, 0.9335937499999327205, 0.9355468749999353850, 0.9374999999999380496, 1.000000000000000000 ),
 .UNSPECIFIED. ) ;
#5257 = CARTESIAN_POINT ( 'NONE',  ( 25.53358914798579349, -23.88101750942939105, -5.154253125005338276 ) ) ;
#5258 = FACE_OUTER_BOUND ( 'NONE', #1175, .T. ) ;
#5259 = CARTESIAN_POINT ( 'NONE',  ( 25.30659327770413825, 23.84938321912136416, -4.617969964516044357 ) ) ;
#5260 = DIRECTION ( 'NONE',  ( -4.476705744456293499E-15, 0.000000000000000000, -1.000000000000000000 ) ) ;
#5261 = EDGE_CURVE ( 'NONE', #3522, #2576, #3932, .T. ) ;
#5262 = CARTESIAN_POINT ( 'NONE',  ( 25.03685243411683814, 19.74769293516654045, -4.999776811533254595 ) ) ;
#5263 = CARTESIAN_POINT ( 'NONE',  ( 0.000000000000000000, 18.00000000000000000, -4.500000000000003553 ) ) ;
#5264 = DIRECTION ( 'NONE',  ( -4.476705744456288765E-15, 0.000000000000000000, -1.000000000000000000 ) ) ;
#5265 = ORIENTED_EDGE ( 'NONE', *, *, #1686, .T. ) ;
#5266 = ORIENTED_EDGE ( 'NONE', *, *, #3263, .T. ) ;
#5267 = AXIS2_PLACEMENT_3D ( 'NONE', #1947, #1471, #4530 ) ;
#5268 = B_SPLINE_CURVE_WITH_KNOTS ( 'NONE', 3,
 ( #293, #1578, #3604, #4498, #2029, #2885, #629, #5417, #1917, #1609, #4887, #3302, #3214, #1074, #2773, #1946 ),
 .UNSPECIFIED., .F., .F.,
 ( 4, 1, 1, 1, 2, 2, 1, 2, 2, 4 ),
 ( 0.000000000000000000, 0.2499999999999441558, 0.3749999999999236722, 0.4374999999999213407, 0.4687499999999201750, 0.4999999999999188427, 0.6249999999999416023, 0.6874999999999491518, 0.7499999999999565903, 1.000000000000000000 ),
 .UNSPECIFIED. ) ;
#5269 = EDGE_LOOP ( 'NONE', ( #377, #4872, #3886, #338 ) ) ;
#5270 = CYLINDRICAL_SURFACE ( 'NONE', #4174, 22.50000000000000711 ) ;
#5271 = CIRCLE ( 'NONE', #2873, 1.549999999999999156 ) ;
#5272 = ORIENTED_EDGE ( 'NONE', *, *, #4455, .T. ) ;
#5273 = DIRECTION ( 'NONE',  ( 1.000000000000000000, 0.000000000000000000, -0.000000000000000000 ) ) ;
#5274 = DIRECTION ( 'NONE',  ( 0.000000000000000000, -1.000000000000000000, 0.000000000000000000 ) ) ;
#5275 = CARTESIAN_POINT ( 'NONE',  ( 25.46217800947819043, -22.65259473483771657, -0.5343485923350951294 ) ) ;
#5276 = CARTESIAN_POINT ( 'NONE',  ( 25.28416056826517533, -23.68866393144205418, -4.612925042290377142 ) ) ;
#5277 = CARTESIAN_POINT ( 'NONE',  ( 24.97705853963533684, 21.85230601242006543, -5.000000000000000000 ) ) ;
#5278 = AXIS2_PLACEMENT_3D ( 'NONE', #3827, #1749, #3856 ) ;
#5279 = VERTEX_POINT ( 'NONE', #2468 ) ;
#5280 = CONICAL_SURFACE ( 'NONE', #2884, 23.00000000000000000, 0.7853981633974517207 ) ;
#5281 = CARTESIAN_POINT ( 'NONE',  ( 30.99999999999983658, 19.64310073908832166, -55.47260893100328616 ) ) ;
#5282 = CARTESIAN_POINT ( 'NONE',  ( 25.86290130219531136, 27.00000000000000355, -4.773052020592865041 ) ) ;
#5283 = CARTESIAN_POINT ( 'NONE',  ( 25.33302090860491163, -21.96514261706269622, -5.057080436886304931 ) ) ;
#5284 = DIRECTION ( 'NONE',  ( -1.000000000000000000, 0.000000000000000000, 0.000000000000000000 ) ) ;
#5285 = CARTESIAN_POINT ( 'NONE',  ( 25.21405198517490476, 23.20001080321071285, -4.599823596660137959 ) ) ;
#5286 = CARTESIAN_POINT ( 'NONE',  ( 24.96825319320006642, 21.85622098933489355, -4.582680448472941315 ) ) ;
#5287 = CARTESIAN_POINT ( 'NONE',  ( 25.34378430527270254, 22.04653243088393566, -5.060934729894470685 ) ) ;
#5288 = ORIENTED_EDGE ( 'NONE', *, *, #3558, .T. ) ;
#5289 = EDGE_CURVE ( 'NONE', #5377, #1965, #3455, .T. ) ;
#5290 = EDGE_CURVE ( 'NONE', #3361, #1567, #4071, .T. ) ;
#5291 = AXIS2_PLACEMENT_3D ( 'NONE', #3109, #993, #3133 ) ;
#5292 = CARTESIAN_POINT ( 'NONE',  ( -13.24134295108992276, -6.749999999999997335, -5.000000000000000000 ) ) ;
#5293 = CARTESIAN_POINT ( 'NONE',  ( 25.99999999999991473, -23.00000000000001066, -31.50221285621783451 ) ) ;
#5294 = VERTEX_POINT ( 'NONE', #5032 ) ;
#5295 = ORIENTED_EDGE ( 'NONE', *, *, #4094, .T. ) ;
#5296 = AXIS2_PLACEMENT_3D ( 'NONE', #1973, #3654, #1069 ) ;
#5297 = ORIENTED_EDGE ( 'NONE', *, *, #4302, .T. ) ;
#5298 = CARTESIAN_POINT ( 'NONE',  ( 8.522208655980943348, 6.074999999999998401, 1.310372075087664981E-15 ) ) ;
#5299 = AXIS2_PLACEMENT_3D ( 'NONE', #2154, #2180, #37 ) ;
#5300 = ORIENTED_EDGE ( 'NONE', *, *, #1516, .T. ) ;
#5301 = FACE_OUTER_BOUND ( 'NONE', #4950, .T. ) ;
#5302 = DIRECTION ( 'NONE',  ( -4.476705744456278510E-15, 0.000000000000000000, -1.000000000000000000 ) ) ;
#5303 = EDGE_CURVE ( 'NONE', #3781, #4573, #341, .T. ) ;
#5304 = CARTESIAN_POINT ( 'NONE',  ( 26.56244754197945923, -25.12325381096585630, -0.7500165340463135211 ) ) ;
#5305 = CARTESIAN_POINT ( 'NONE',  ( 25.10491796807716369, -22.57288051766047943, -4.586860479054467810 ) ) ;
#5306 = CARTESIAN_POINT ( 'NONE',  ( 25.43135862725002738, 22.52780997955174058, -7.096769104200931735E-16 ) ) ;
#5307 = EDGE_CURVE ( 'NONE', #1243, #16, #4515, .T. ) ;
#5308 = EDGE_LOOP ( 'NONE', ( #4179, #4757, #2730, #4624 ) ) ;
#5309 = DIRECTION ( 'NONE',  ( 1.000000000000000000, -0.000000000000000000, -3.491481338843133355E-15 ) ) ;
#5310 = CARTESIAN_POINT ( 'NONE',  ( 27.90000000000000213, 15.96933128205093055, -9.114036101419127789 ) ) ;
#5311 = CARTESIAN_POINT ( 'NONE',  ( 25.47495765288104153, -23.20273991797824564, -5.119915252538985051 ) ) ;
#5312 = CARTESIAN_POINT ( 'NONE',  ( 30.49999999999980460, -19.73497227324380887, -56.46837979882976555 ) ) ;
#5313 = CARTESIAN_POINT ( 'NONE',  ( 25.20615841898309029, 23.15070817183787000, -4.598585657633434742 ) ) ;
#5314 = DIRECTION ( 'NONE',  ( -0.000000000000000000, -0.000000000000000000, -1.000000000000000000 ) ) ;
#5315 = DIRECTION ( 'NONE',  ( 1.000000000000000000, 0.000000000000000000, 0.000000000000000000 ) ) ;
#5316 = ORIENTED_EDGE ( 'NONE', *, *, #2586, .F. ) ;
#5317 = CARTESIAN_POINT ( 'NONE',  ( 25.38392547367070406, -22.37269904815675048, -5.076577093933329010 ) ) ;
#5318 = CARTESIAN_POINT ( 'NONE',  ( 25.36178683280288837, 22.50159772089669019, -0.5268285219358522786 ) ) ;
#5319 = LINE ( 'NONE', #2784, #199 ) ;
#5320 = EDGE_CURVE ( 'NONE', #2603, #242, #1588, .T. ) ;
#5321 = CARTESIAN_POINT ( 'NONE',  ( 25.99999999999985434, -18.99999999999998934, -48.50221285621784517 ) ) ;
#5322 = ORIENTED_EDGE ( 'NONE', *, *, #3485, .F. ) ;
#5323 = CONICAL_SURFACE ( 'NONE', #3979, 5.499999999999996447, 0.7853981633974526089 ) ;
#5324 = ORIENTED_EDGE ( 'NONE', *, *, #502, .F. ) ;
#5325 = EDGE_LOOP ( 'NONE', ( #1517, #146, #3228, #2787 ) ) ;
#5326 = AXIS2_PLACEMENT_3D ( 'NONE', #4333, #517, #100 ) ;
#5327 = CARTESIAN_POINT ( 'NONE',  ( 25.03678799823916989, -21.65298222067393397, -4.717894940974188600 ) ) ;
#5328 = ORIENTED_EDGE ( 'NONE', *, *, #3368, .F. ) ;
#5329 = DIRECTION ( 'NONE',  ( 0.000000000000000000, 0.000000000000000000, -1.000000000000000000 ) ) ;
#5330 = AXIS2_PLACEMENT_3D ( 'NONE', #3297, #4155, #1121 ) ;
#5331 = EDGE_CURVE ( 'NONE', #2704, #1340, #4871, .T. ) ;
#5332 = VECTOR ( 'NONE', #582, 1000.000000000000000 ) ;
#5333 = CARTESIAN_POINT ( 'NONE',  ( 30.99999999999999645, -7.148161939084721988E-15, -8.502212856218111625 ) ) ;
#5334 = CARTESIAN_POINT ( 'NONE',  ( 26.59204935687660054, -25.49602073560962623, -0.7591881944398107818 ) ) ;
#5335 = AXIS2_PLACEMENT_3D ( 'NONE', #4471, #5001, #2351 ) ;
#5336 = CARTESIAN_POINT ( 'NONE',  ( 25.03603118054692089, 22.06251914959147697, -0.5143608297388463368 ) ) ;
#5337 = CARTESIAN_POINT ( 'NONE',  ( 25.04749009991715170, -19.79645185699212107, -4.999999999999999112 ) ) ;
#5338 = B_SPLINE_CURVE_WITH_KNOTS ( 'NONE', 3,
 ( #125, #3031, #1836, #4731, #2169, #4676, #942, #916, #3418, #499, #3893, #2976, #4364, #1388, #53, #4701, #1787, #78, #3474, #470, #439, #2637, #4337, #3836, #5175, #1758, #1362, #3054, #886, #2144, #3081, #1730, #2584, #857, #3447, #522, #2222, #5119, #3919, #1311, #103, #1810, #4282, #3496, #4779, #5147, #551, #967, #3943, #5093, #2553, #4254, #3110, #994, #5222, #4805, #3521, #1411, #1792, #4706, #4681, #1344, #862, #3365, #2532, #921, #4286, #3923, #3451, #1708, #475, #2173, #2980, #3006, #2589, #2558, #947, #30, #58, #3841 ),
 .UNSPECIFIED., .F., .F.,
 ( 4, 2, 1, 1, 1, 2, 2, 2, 1, 1, 1, 1, 2, 2, 1, 1, 1, 2, 2, 1, 1, 1, 1, 2, 2, 1, 1, 1, 2, 2, 2, 2, 1, 1, 1, 2, 2, 2, 1, 1, 1, 2, 2, 1, 1, 2, 2, 2, 1, 1, 1, 2, 2, 4 ),
 ( 0.000000000000000000, 0.06249999999989865052, 0.09374999999984724719, 0.1093749999998216288, 0.1171874999998096106, 0.1210937499998028105, 0.1249999999997960243, 0.1874999999996927735, 0.2187499999996418698, 0.2343749999996164179, 0.2421874999996037614, 0.2460937499995974609, 0.2480468749995949629, 0.2499999999995924649, 0.2812499999995708988, 0.2968749999995601296, 0.3046874999995539124, 0.3085937499995507483, 0.3124999999995475841, 0.3281249999995365929, 0.3359374999995319300, 0.3398437499995288213, 0.3417968749995272670, 0.3427734374995264344, 0.3437499999995255462, 0.3515624999995209388, 0.3554687499995187183, 0.3574218749995177191, 0.3583984374995184963, 0.3593749999995193289, 0.3749999999995313194, 0.4374999999995762834, 0.4687499999995995426, 0.4843749999996119771, 0.4921874999996181388, 0.4960937499996203592, 0.4999999999996226352, 0.5624999999996599387, 0.5937499999996785904, 0.6093749999996878053, 0.6171874999996916911, 0.6210937499996935784, 0.6249999999996954658, 0.6562499999997055689, 0.6718749999997113420, 0.6796874999997141176, 0.6874999999997170042, 0.7187499999997284394, 0.7343749999997348787, 0.7421874999997380984, 0.7460937499997389866, 0.7480468749997400968, 0.7499999999997412070, 1.000000000000000000 ),
 .UNSPECIFIED. ) ;
#5339 = CARTESIAN_POINT ( 'NONE',  ( -3.210507612007644117E-15, -17.49999999999999645, -5.000000000000000000 ) ) ;
#5340 = FACE_BOUND ( 'NONE', #1019, .T. ) ;
#5341 = DIRECTION ( 'NONE',  ( -1.575895479354887601E-16, -1.000000000000000000, -1.575895479354882424E-16 ) ) ;
#5342 = DIRECTION ( 'NONE',  ( -3.469446951953619316E-15, 0.000000000000000000, -1.000000000000000000 ) ) ;
#5343 = CARTESIAN_POINT ( 'NONE',  ( 25.40453771824317286, 25.19995423286560055, -4.644820839324292017 ) ) ;
#5344 = FACE_OUTER_BOUND ( 'NONE', #1011, .T. ) ;
#5345 = CARTESIAN_POINT ( 'NONE',  ( 25.56826017816938545, 24.45495038910278041, -5.177150874766161870 ) ) ;
#5346 = VERTEX_POINT ( 'NONE', #885 ) ;
#5347 = EDGE_CURVE ( 'NONE', #1270, #1454, #4281, .T. ) ;
#5348 = DIRECTION ( 'NONE',  ( -3.700743415417188731E-15, 0.000000000000000000, -1.000000000000000000 ) ) ;
#5349 = FACE_OUTER_BOUND ( 'NONE', #673, .T. ) ;
#5350 = CARTESIAN_POINT ( 'NONE',  ( 26.41917154050931416, -24.42761798775080351, -0.7075312400355823206 ) ) ;
#5351 = CARTESIAN_POINT ( 'NONE',  ( 26.00000000000000355, 26.50000000000000355, -6.000000000000000000 ) ) ;
#5352 = FACE_OUTER_BOUND ( 'NONE', #4998, .T. ) ;
#5353 = ORIENTED_EDGE ( 'NONE', *, *, #3426, .F. ) ;
#5354 = VERTEX_POINT ( 'NONE', #806 ) ;
#5355 = FACE_OUTER_BOUND ( 'NONE', #5192, .T. ) ;
#5356 = ORIENTED_EDGE ( 'NONE', *, *, #4745, .F. ) ;
#5357 = FACE_OUTER_BOUND ( 'NONE', #3537, .T. ) ;
#5358 = MECHANICAL_DESIGN_GEOMETRIC_PRESENTATION_REPRESENTATION (  '', ( #4464 ), #2778 ) ;
#5359 = CARTESIAN_POINT ( 'NONE',  ( 31.00000000000001066, 26.50000000000000355, -6.000000000000017764 ) ) ;
#5360 = EDGE_CURVE ( 'NONE', #3770, #2452, #1646, .T. ) ;
#5361 = CARTESIAN_POINT ( 'NONE',  ( 26.56284713545345610, -26.78680336693905417, -0.7503030573678676207 ) ) ;
#5362 = CARTESIAN_POINT ( 'NONE',  ( 25.39062591967215710, -24.80469335502261075, -4.640564064802372712 ) ) ;
#5363 = CARTESIAN_POINT ( 'NONE',  ( 27.21283637687600887, 25.02361654939656432, -0.4229450409532914956 ) ) ;
#5364 = CARTESIAN_POINT ( 'NONE',  ( 30.99999999999997513, 22.38817675479885949, -15.53288157416712778 ) ) ;
#5365 = CARTESIAN_POINT ( 'NONE',  ( 27.09896982724058034, 24.43978548942535767, -0.3791148626290246071 ) ) ;
#5366 = CARTESIAN_POINT ( 'NONE',  ( 25.23157181417619910, -21.19428292629189059, -5.027181100917795575 ) ) ;
#5367 = CARTESIAN_POINT ( 'NONE',  ( 25.40795638163930548, 25.40276332307852769, -4.645877742120563703 ) ) ;
#5368 = CARTESIAN_POINT ( 'NONE',  ( 0.000000000000000000, 0.000000000000000000, -0.4999999999999865663 ) ) ;
#5369 = CARTESIAN_POINT ( 'NONE',  ( 25.56871064901499935, 24.46522363062346628, -5.177462167682347349 ) ) ;
#5370 = VERTEX_POINT ( 'NONE', #5145 ) ;
#5371 = CARTESIAN_POINT ( 'NONE',  ( 25.54792360569276610, -24.08445543127877286, -5.163449857593822578 ) ) ;
#5372 = CARTESIAN_POINT ( 'NONE',  ( 24.71385488630440719, 21.64370980853000859, -0.5216146159957246731 ) ) ;
#5373 = CARTESIAN_POINT ( 'NONE',  ( 26.36712834274234751, -24.27635789473074013, -0.6931115708920725371 ) ) ;
#5374 = EDGE_CURVE ( 'NONE', #4255, #2933, #2650, .T. ) ;
#5375 = CARTESIAN_POINT ( 'NONE',  ( 25.83474738668799020, -27.00000000000000355, -4.753726834970130710 ) ) ;
#5376 = CARTESIAN_POINT ( 'NONE',  ( -10.52220865598093269, 6.074999999999997513, 0.000000000000000000 ) ) ;
#5377 = VERTEX_POINT ( 'NONE', #2062 ) ;
#5378 = AXIS2_PLACEMENT_3D ( 'NONE', #4076, #1044, #4018 ) ;
#5379 = EDGE_LOOP ( 'NONE', ( #4354, #4100, #2649, #142, #4268 ) ) ;
#5380 = CARTESIAN_POINT ( 'NONE',  ( 25.00000000000000711, 22.01571739626976409, -0.5142843100067235884 ) ) ;
#5381 = EDGE_LOOP ( 'NONE', ( #4691, #143, #2742, #714 ) ) ;
#5382 = CARTESIAN_POINT ( 'NONE',  ( 18.06274606680622696, 25.99999999999999645, 0.000000000000000000 ) ) ;
#5383 = DIRECTION ( 'NONE',  ( 1.000000000000000000, -1.575895479354882178E-16, -3.491481338843133355E-15 ) ) ;
#5384 = CARTESIAN_POINT ( 'NONE',  ( 26.46591486259615067, -24.59168517161026557, -0.7210301979228772584 ) ) ;
#5385 = DIRECTION ( 'NONE',  ( 1.000000000000000000, 0.000000000000000000, -0.000000000000000000 ) ) ;
#5386 = CARTESIAN_POINT ( 'NONE',  ( 30.99999999999987566, 22.38817675479886660, -44.47154413826856967 ) ) ;
#5387 = EDGE_CURVE ( 'NONE', #3128, #2603, #4196, .T. ) ;
#5388 = ORIENTED_EDGE ( 'NONE', *, *, #149, .T. ) ;
#5389 = LINE ( 'NONE', #3272, #2577 ) ;
#5390 = CARTESIAN_POINT ( 'NONE',  ( 27.89999999999985292, -18.99999999999998934, -48.50221285621785228 ) ) ;
#5391 = CARTESIAN_POINT ( 'NONE',  ( -3.306546357697853339E-15, -18.00000000000000000, -4.500000000000003553 ) ) ;
#5392 = CARTESIAN_POINT ( 'NONE',  ( -10.52220865598093269, 6.074999999999997513, -3.000000000000002665 ) ) ;
#5393 = CARTESIAN_POINT ( 'NONE',  ( 26.30541336425412169, -23.83707775029020937, -0.1376848422110811820 ) ) ;
#5394 = DIRECTION ( 'NONE',  ( 0.000000000000000000, 0.7071067811865525687, -0.7071067811865425767 ) ) ;
#5395 = CARTESIAN_POINT ( 'NONE',  ( 25.30789444699590618, 23.85319144209367792, -4.618139577162080123 ) ) ;
#5396 = ORIENTED_EDGE ( 'NONE', *, *, #5397, .F. ) ;
#5397 = EDGE_CURVE ( 'NONE', #3905, #3618, #4326, .T. ) ;
#5398 = CARTESIAN_POINT ( 'NONE',  ( 25.99999999999982592, -18.99999999999998934, -56.00221285621784517 ) ) ;
#5399 = CARTESIAN_POINT ( 'NONE',  ( 25.08617365251399889, 22.12843003056474700, -0.5151115582317553621 ) ) ;
#5400 = CARTESIAN_POINT ( 'NONE',  ( 26.59832726461891639, -25.63531927227358054, -0.7611689660744015429 ) ) ;
#5401 = CARTESIAN_POINT ( 'NONE',  ( 25.75344954249064244, -26.83316244812482765, -4.900077707925194481 ) ) ;
#5402 = CARTESIAN_POINT ( 'NONE',  ( 27.89999999999998437, -15.96933128205095187, -12.11403610141912957 ) ) ;
#5403 = ORIENTED_EDGE ( 'NONE', *, *, #5234, .T. ) ;
#5404 = ORIENTED_EDGE ( 'NONE', *, *, #2855, .F. ) ;
#5405 = DIRECTION ( 'NONE',  ( 1.000000000000000000, -1.575895479354882178E-16, -3.491481338843133355E-15 ) ) ;
#5406 = CONICAL_SURFACE ( 'NONE', #248, 18.00000000000000000, 0.7853981633974552734 ) ;
#5407 = ORIENTED_EDGE ( 'NONE', *, *, #5374, .F. ) ;
#5408 = FACE_OUTER_BOUND ( 'NONE', #5269, .T. ) ;
#5409 = ADVANCED_FACE ( 'NONE', ( #497 ), #77, .T. ) ;
#5410 = CIRCLE ( 'NONE', #1956, 2.999999999999995559 ) ;
#5411 = CARTESIAN_POINT ( 'NONE',  ( 26.27492420992416555, -22.82008428804445188, -0.1368779383780616699 ) ) ;
#5412 = CARTESIAN_POINT ( 'NONE',  ( 25.38836754398605677, -24.75982409187115252, -4.639882631630660725 ) ) ;
#5413 = CARTESIAN_POINT ( 'NONE',  ( 26.22652715107960475, 22.73717359158873208, -0.1266538113777442298 ) ) ;
#5414 = ORIENTED_EDGE ( 'NONE', *, *, #3101, .F. ) ;
#5415 = AXIS2_PLACEMENT_3D ( 'NONE', #760, #5405, #4578 ) ;
#5416 = CIRCLE ( 'NONE', #4714, 7.999999999999992895 ) ;
#5417 = CARTESIAN_POINT ( 'NONE',  ( 25.10649695841782503, -21.70430591634377748, -0.2497022788083465006 ) ) ;
#5418 = DIRECTION ( 'NONE',  ( -0.000000000000000000, -0.000000000000000000, -1.000000000000000000 ) ) ;
#5419 = CARTESIAN_POINT ( 'NONE',  ( 25.11609614856507022, -20.31939504594877022, -5.006761435616139622 ) ) ;
#5420 =( NAMED_UNIT ( * ) PLANE_ANGLE_UNIT ( ) SI_UNIT ( $, .RADIAN. ) );
#5421 = DIRECTION ( 'NONE',  ( -1.920774913804158804E-16, -1.000000000000000000, 0.000000000000000000 ) ) ;
#5422 = CARTESIAN_POINT ( 'NONE',  ( 25.99999999999985434, -26.99999999999998934, -48.50221285621784517 ) ) ;
#5423 = CIRCLE ( 'NONE', #4798, 8.000000000000000000 ) ;
#5424 = CARTESIAN_POINT ( 'NONE',  ( 25.33478610703973999, 24.09024109836865080, -4.624840868032491947 ) ) ;
#5425 = ORIENTED_EDGE ( 'NONE', *, *, #4826, .T. ) ;
#5426 =( LENGTH_UNIT ( ) NAMED_UNIT ( * ) SI_UNIT ( .MILLI., .METRE. ) );
#5427 = CARTESIAN_POINT ( 'NONE',  ( 25.59024825069411335, -25.23836295286063347, -5.192776442732371933 ) ) ;
#5428 = CARTESIAN_POINT ( 'NONE',  ( 27.25120458405362811, -25.35338251796898490, -0.4383342793422947414 ) ) ;
#5429 = CARTESIAN_POINT ( 'NONE',  ( 26.60118676092651668, -25.74196107956507262, -0.7620502264529556147 ) ) ;
#5430 = EDGE_CURVE ( 'NONE', #929, #1340, #1338, .T. ) ;
#5431 = CARTESIAN_POINT ( 'NONE',  ( 25.04982871748649487, 21.78300711962137726, -0.3389740441604225385 ) ) ;
#5432 = ORIENTED_EDGE ( 'NONE', *, *, #709, .F. ) ;
#5433 = VERTEX_POINT ( 'NONE', #5036 ) ;
#5434 = CARTESIAN_POINT ( 'NONE',  ( 25.99999999999986144, 19.00000000000000711, -48.50221285621783807 ) ) ;
#5435 = ORIENTED_EDGE ( 'NONE', *, *, #4048, .F. ) ;
#5436 = CARTESIAN_POINT ( 'NONE',  ( 30.99999999999985789, -22.38817675479887725, -47.47154413826857677 ) ) ;
#5437 = CARTESIAN_POINT ( 'NONE',  ( 24.95490803340680230, -21.95602274346500238, -0.5146646494403305239 ) ) ;
#5438 = CARTESIAN_POINT ( 'NONE',  ( 25.39459976144133435, -24.88672823740965256, -4.641761719225881322 ) ) ;
#5439 = CARTESIAN_POINT ( 'NONE',  ( 27.26237661866785089, 25.91463826181497865, -0.4428737624545806550 ) ) ;
#5440 = EDGE_LOOP ( 'NONE', ( #1116, #2780, #3292, #1330 ) ) ;
#5441 = ADVANCED_FACE ( 'NONE', ( #3838 ), #5406, .T. ) ;
#5442 = VERTEX_POINT ( 'NONE', #3310 ) ;
#5443 = AXIS2_PLACEMENT_3D ( 'NONE', #1755, #1669, #2166 ) ;
#5444 = DIRECTION ( 'NONE',  ( 1.000000000000000000, -0.000000000000000000, -3.491481338843133355E-15 ) ) ;
#5445 = DIRECTION ( 'NONE',  ( -1.000000000000000000, 1.575895479354882178E-16, 3.491481338843133355E-15 ) ) ;
#5446 = CARTESIAN_POINT ( 'NONE',  ( 30.49999999999983302, 19.64310073908832166, -55.47260893100327905 ) ) ;
#5447 = B_SPLINE_CURVE_WITH_KNOTS ( 'NONE', 3,
 ( #3756, #5096, #443, #2444 ),
 .UNSPECIFIED., .F., .F.,
 ( 4, 4 ),
 ( 0.000000000000000000, 1.000000000000000000 ),
 .UNSPECIFIED. ) ;
#5448 = FACE_OUTER_BOUND ( 'NONE', #1377, .T. ) ;
#5449 = CARTESIAN_POINT ( 'NONE',  ( 25.29440660299501431, -25.99251854011792418, -5.044314188869498672 ) ) ;
#5450 = CARTESIAN_POINT ( 'NONE',  ( 24.98270777513741336, 21.93361220208277729, -4.525896217741682825 ) ) ;
#5451 = AXIS2_PLACEMENT_3D ( 'NONE', #4261, #2618, #2203 ) ;
#5452 = CARTESIAN_POINT ( 'NONE',  ( 25.09341007135231649, 22.50092835461225249, -4.585849631651251812 ) ) ;
#5453 = VERTEX_POINT ( 'NONE', #3337 ) ;
#5454 = CARTESIAN_POINT ( 'NONE',  ( 25.01697960308532842, -22.10312639543147739, -4.582704756452645078 ) ) ;
#5455 = CARTESIAN_POINT ( 'NONE',  ( 26.48843271372731323, 24.69739543390304704, -0.7277813783622822941 ) ) ;
#5456 = CARTESIAN_POINT ( 'NONE',  ( 8.522208655980945124, 6.074999999999998401, -3.000000000000002665 ) ) ;
#5457 = CIRCLE ( 'NONE', #5021, 1.999999999999988232 ) ;
#5458 = CARTESIAN_POINT ( 'NONE',  ( 25.11391950233485559, 21.71659255721601767, -0.2497500459671010697 ) ) ;
#5459 = ORIENTED_EDGE ( 'NONE', *, *, #4859, .F. ) ;
#5460 = ADVANCED_FACE ( 'NONE', ( #1620 ), #2502, .F. ) ;
#5461 = ORIENTED_EDGE ( 'NONE', *, *, #4876, .T. ) ;
#5462 = ORIENTED_EDGE ( 'NONE', *, *, #2350, .F. ) ;
#5463 = AXIS2_PLACEMENT_3D ( 'NONE', #4830, #2716, #235 ) ;
#5464 = CARTESIAN_POINT ( 'NONE',  ( 27.25794132074074838, -25.46885774905710775, -0.4410680832347754210 ) ) ;
#5465 = AXIS2_PLACEMENT_3D ( 'NONE', #4541, #2449, #4148 ) ;
#5466 = CARTESIAN_POINT ( 'NONE',  ( 26.48663985474203741, 24.68956151735681459, -0.7272530173403165543 ) ) ;
#5467 = LINE ( 'NONE', #5386, #4488 ) ;
#5468 = ORIENTED_EDGE ( 'NONE', *, *, #3945, .T. ) ;
#5469 = EDGE_LOOP ( 'NONE', ( #2397, #589, #4575, #2646 ) ) ;
#5470 = CONICAL_SURFACE ( 'NONE', #3340, 17.49999999999999645, 0.7853981633974500554 ) ;
#5471 = EDGE_CURVE ( 'NONE', #982, #3905, #5447, .T. ) ;
#5472 = B_SPLINE_CURVE_WITH_KNOTS ( 'NONE', 3,
 ( #3653, #2817, #704, #2401, #4101, #285, #1422, #2592, #3845, #977, #1797, #88 ),
 .UNSPECIFIED., .F., .F.,
 ( 4, 1, 1, 1, 1, 2, 2, 4 ),
 ( 0.000000000000000000, 0.2499999999999981126, 0.3749999999999975020, 0.4374999999999998890, 0.4687500000000007772, 0.4843750000000012212, 0.5000000000000016653, 1.000000000000000000 ),
 .UNSPECIFIED. ) ;
#5473 = DIRECTION ( 'NONE',  ( -1.000000000000000000, 0.000000000000000000, 3.491481338843133355E-15 ) ) ;
#5474 = CYLINDRICAL_SURFACE ( 'NONE', #3982, 2.999999999999997335 ) ;
#5475 = ADVANCED_FACE ( 'NONE', ( #2555 ), #2211, .F. ) ;
#5476 = DIRECTION ( 'NONE',  ( -0.000000000000000000, -1.000000000000000000, -0.000000000000000000 ) ) ;
#5477 = CARTESIAN_POINT ( 'NONE',  ( 26.14198230288531022, -22.63007146506512512, -0.1096722163930147070 ) ) ;
#5478 = CARTESIAN_POINT ( 'NONE',  ( 24.98884110779662393, -21.93468171315754844, -5.000000000000000000 ) ) ;
#5479 = DIRECTION ( 'NONE',  ( 1.000000000000000000, -0.000000000000000000, -3.491481338843133355E-15 ) ) ;
#5480 = CIRCLE ( 'NONE', #4405, 1.000000000000000888 ) ;
#5481 = CARTESIAN_POINT ( 'NONE',  ( 24.99749719642843715, 22.00314390804129161, -4.582421508374367569 ) ) ;
#5482 = EDGE_LOOP ( 'NONE', ( #816, #4184, #4210, #1455 ) ) ;
#5483 = CARTESIAN_POINT ( 'NONE',  ( 0.000000000000000000, 18.00000000000000000, -4.500000000000003553 ) ) ;
#5484 = CARTESIAN_POINT ( 'NONE',  ( 25.34632292818292854, -22.06897026882324653, -5.061880662997944924 ) ) ;
#5485 = CARTESIAN_POINT ( 'NONE',  ( 26.43535246300074704, 24.48350097258317604, -0.7122574791260563032 ) ) ;
#5486 = CARTESIAN_POINT ( 'NONE',  ( 25.94684137321873507, -23.41141229804464530, -0.5992350772300591988 ) ) ;
#5487 = ORIENTED_EDGE ( 'NONE', *, *, #2772, .T. ) ;
#5488 = ORIENTED_EDGE ( 'NONE', *, *, #3771, .T. ) ;
#5489 = EDGE_CURVE ( 'NONE', #429, #1740, #1169, .T. ) ;
#5490 = DIRECTION ( 'NONE',  ( 1.000000000000000000, -1.575895479354882178E-16, -3.491481338843133355E-15 ) ) ;
#5491 = VERTEX_POINT ( 'NONE', #5483 ) ;
#5492 = CARTESIAN_POINT ( 'NONE',  ( 24.99594515087169100, -22.01034329931742306, -0.5144737615354550986 ) ) ;
#5493 = CARTESIAN_POINT ( 'NONE',  ( 26.24979110381411473, 23.98374939252127547, -0.6631490493191870561 ) ) ;
#5494 = CARTESIAN_POINT ( 'NONE',  ( 25.70678059468377441, 22.04526351073869606, -0.04166538103978145724 ) ) ;
#5495 = EDGE_CURVE ( 'NONE', #2601, #1243, #859, .T. ) ;
#5496 = ORIENTED_EDGE ( 'NONE', *, *, #372, .F. ) ;
#5497 = DIRECTION ( 'NONE',  ( 1.000000000000000000, 0.000000000000000000, 0.000000000000000000 ) ) ;
#5498 = VECTOR ( 'NONE', #1223, 1000.000000000000000 ) ;
#5499 = EDGE_LOOP ( 'NONE', ( #2679, #4238 ) ) ;
#5500 = CARTESIAN_POINT ( 'NONE',  ( 27.89999999999982805, -12.30845354218735821, -55.50221285621784517 ) ) ;
#5501 = CIRCLE ( 'NONE', #3100, 1.000000000000000888 ) ;
#5502 = CARTESIAN_POINT ( 'NONE',  ( 11.69134295108992383, -6.749999999999999112, -1.899999999999999689 ) ) ;
#5503 = VECTOR ( 'NONE', #651, 1000.000000000000000 ) ;
#5504 = DIRECTION ( 'NONE',  ( -0.7071067811865474617, 0.7071067811865474617, 0.000000000000000000 ) ) ;
#5505 = CARTESIAN_POINT ( 'NONE',  ( 18.06274606680622696, -25.99999999999999645, -4.500000000000003553 ) ) ;
#5506 = CARTESIAN_POINT ( 'NONE',  ( 25.99999999999999289, -15.96933128205095187, -9.114036101419124236 ) ) ;
#5507 = LINE ( 'NONE', #1701, #5498 ) ;
#5508 = CARTESIAN_POINT ( 'NONE',  ( 24.47683225850385114, 19.18548266009648273, -4.683435813612110366 ) ) ;
#5509 = ORIENTED_EDGE ( 'NONE', *, *, #3741, .F. ) ;
#5510 = AXIS2_PLACEMENT_3D ( 'NONE', #2148, #4314, #3422 ) ;
#5511 = AXIS2_PLACEMENT_3D ( 'NONE', #2072, #5126, #1628 ) ;
#5512 = EDGE_CURVE ( 'NONE', #3710, #4180, #2865, .T. ) ;
ENDSEC;
END-ISO-10303-21;
