ISO-10303-21;
HEADER;
FILE_DESCRIPTION (( 'STEP AP214' ),
    '1' );
FILE_NAME ('Ò¡±Û.step',
    '2026-07-27T08:33:17',
    ( '' ),
    ( '' ),
    'SwSTEP 2.0',
    'SolidWorks 2024',
    '' );
FILE_SCHEMA (( 'AUTOMOTIVE_DESIGN' ));
ENDSEC;

DATA;
#1 = CARTESIAN_POINT ( 'NONE',  ( -13.88464506172839563, 4.179309932252139426, 1.500000000000003109 ) ) ;
#2 = PRODUCT_CONTEXT ( 'NONE', #2176, 'mechanical' ) ;
#3 = VERTEX_POINT ( 'NONE', #915 ) ;
#4 = CYLINDRICAL_SURFACE ( 'NONE', #1960, 14.50000000000000000 ) ;
#5 = CARTESIAN_POINT ( 'NONE',  ( -10.29144984649132866, 12.16147795789694186, 0.0000000000000000000 ) ) ;
#6 = ORIENTED_EDGE ( 'NONE', *, *, #1994, .F. ) ;
#7 = EDGE_CURVE ( 'NONE', #1000, #2384, #841, .T. ) ;
#8 = CYLINDRICAL_SURFACE ( 'NONE', #2492, 1.850000000000001199 ) ;
#9 = DIRECTION ( 'NONE',  ( 0.0000000000000000000, 0.0000000000000000000, -1.000000000000000000 ) ) ;
#10 = APPLICATION_CONTEXT ( 'automotive_design' ) ;
#11 = EDGE_LOOP ( 'NONE', ( #1311, #1996, #1322, #316 ) ) ;
#12 = AXIS2_PLACEMENT_3D ( 'NONE', #1590, #1799, #977 ) ;
#13 = EDGE_CURVE ( 'NONE', #543, #1386, #1973, .T. ) ;
#14 = CARTESIAN_POINT ( 'NONE',  ( 7.599999999999998757, -10.39230484541326760, 0.0000000000000000000 ) ) ;
#15 = ORIENTED_EDGE ( 'NONE', *, *, #223, .T. ) ;
#16 = EDGE_CURVE ( 'NONE', #391, #1059, #347, .T. ) ;
#17 = ORIENTED_EDGE ( 'NONE', *, *, #1108, .F. ) ;
#18 = ORIENTED_EDGE ( 'NONE', *, *, #2031, .T. ) ;
#19 = CIRCLE ( 'NONE', #1501, 4.000000000000000000 ) ;
#20 = CARTESIAN_POINT ( 'NONE',  ( -14.50000000000000000, 0.0000000000000000000, 0.4999999999999987232 ) ) ;
#21 = VECTOR ( 'NONE', #200, 1000.000000000000000 ) ;
#22 = DIRECTION ( 'NONE',  ( -0.0000000000000000000, -0.0000000000000000000, -1.000000000000000000 ) ) ;
#23 = DIRECTION ( 'NONE',  ( -0.0000000000000000000, -0.0000000000000000000, -1.000000000000000000 ) ) ;
#24 = EDGE_CURVE ( 'NONE', #1560, #2431, #2368, .T. ) ;
#25 = LINE ( 'NONE', #221, #1295 ) ;
#26 = MECHANICAL_DESIGN_GEOMETRIC_PRESENTATION_REPRESENTATION (  '', ( #1756 ), #1288 ) ;
#27 = CIRCLE ( 'NONE', #1125, 13.99999999999999822 ) ;
#28 = AXIS2_PLACEMENT_3D ( 'NONE', #2167, #1119, #324 ) ;
#29 = CARTESIAN_POINT ( 'NONE',  ( 8.874987925009792278, -9.535307511083763288, 2.000000000000000000 ) ) ;
#30 = VECTOR ( 'NONE', #770, 999.9999999999998863 ) ;
#31 = ORIENTED_EDGE ( 'NONE', *, *, #1853, .T. ) ;
#32 = AXIS2_PLACEMENT_3D ( 'NONE', #108, #2366, #726 ) ;
#33 = CARTESIAN_POINT ( 'NONE',  ( 5.999999999999997335, -10.39230484541326760, 4.499999999999994671 ) ) ;
#34 = FACE_OUTER_BOUND ( 'NONE', #1335, .T. ) ;
#35 = AXIS2_PLACEMENT_3D ( 'NONE', #1956, #1717, #152 ) ;
#36 = AXIS2_PLACEMENT_3D ( 'NONE', #1851, #299, #2511 ) ;
#37 = CARTESIAN_POINT ( 'NONE',  ( 12.00000000000000000, 0.0000000000000000000, 3.000000000000000444 ) ) ;
#38 = CARTESIAN_POINT ( 'NONE',  ( 13.51376468411004872, 5.256250000000010303, 4.500000000000000000 ) ) ;
#39 = AXIS2_PLACEMENT_3D ( 'NONE', #1039, #1846, #2081 ) ;
#40 = CYLINDRICAL_SURFACE ( 'NONE', #259, 1.600000000000000755 ) ;
#41 = EDGE_CURVE ( 'NONE', #1919, #636, #2500, .T. ) ;
#42 = ORIENTED_EDGE ( 'NONE', *, *, #460, .T. ) ;
#43 = ORIENTED_EDGE ( 'NONE', *, *, #1320, .T. ) ;
#44 = ADVANCED_FACE ( 'NONE', ( #2539 ), #125, .T. ) ;
#45 = DIRECTION ( 'NONE',  ( 0.0000000000000000000, 0.0000000000000000000, -1.000000000000000000 ) ) ;
#46 = CARTESIAN_POINT ( 'NONE',  ( -12.92708333333333215, -3.891081661062335328, 4.499999999999994671 ) ) ;
#47 = CARTESIAN_POINT ( 'NONE',  ( 0.0000000000000000000, 23.00000000000000000, 0.4999999999999987232 ) ) ;
#48 = DIRECTION ( 'NONE',  ( -0.0000000000000000000, -0.0000000000000000000, -1.000000000000000000 ) ) ;
#49 = CARTESIAN_POINT ( 'NONE',  ( -12.00000000000000178, 0.0000000000000000000, 4.499999999999994671 ) ) ;
#50 = DIRECTION ( 'NONE',  ( -0.0000000000000000000, -0.0000000000000000000, -1.000000000000000000 ) ) ;
#51 = CIRCLE ( 'NONE', #1277, 2.000000000000000888 ) ;
#52 = ORIENTED_EDGE ( 'NONE', *, *, #886, .F. ) ;
#53 = ORIENTED_EDGE ( 'NONE', *, *, #853, .T. ) ;
#54 = VECTOR ( 'NONE', #1608, 1000.000000000000000 ) ;
#55 = EDGE_CURVE ( 'NONE', #2097, #2271, #1133, .T. ) ;
#56 = ORIENTED_EDGE ( 'NONE', *, *, #2205, .T. ) ;
#57 = CARTESIAN_POINT ( 'NONE',  ( 6.000000000000004441, 10.39230484541326227, 2.000000000000000000 ) ) ;
#58 = FACE_BOUND ( 'NONE', #1166, .T. ) ;
#59 = EDGE_CURVE ( 'NONE', #912, #2150, #2393, .T. ) ;
#60 = AXIS2_PLACEMENT_3D ( 'NONE', #1479, #2080, #481 ) ;
#61 = LINE ( 'NONE', #873, #1040 ) ;
#62 = FACE_OUTER_BOUND ( 'NONE', #2200, .T. ) ;
#63 = CARTESIAN_POINT ( 'NONE',  ( -13.88464506172839208, -4.179309932252137649, 4.500000000000000000 ) ) ;
#64 = DIRECTION ( 'NONE',  ( -0.0000000000000000000, -0.0000000000000000000, -1.000000000000000000 ) ) ;
#65 = ORIENTED_EDGE ( 'NONE', *, *, #1735, .F. ) ;
#66 = CIRCLE ( 'NONE', #750, 1.249999999999988898 ) ;
#67 = EDGE_CURVE ( 'NONE', #2349, #2163, #2556, .T. ) ;
#68 = CONICAL_SURFACE ( 'NONE', #2407, 3.499999999999999112, 0.7853981633974504994 ) ;
#69 = VERTEX_POINT ( 'NONE', #1972 ) ;
#70 = CARTESIAN_POINT ( 'NONE',  ( 4.060004904892535293, -13.39837154926854978, 2.000000000000000000 ) ) ;
#71 = FACE_BOUND ( 'NONE', #1732, .T. ) ;
#72 = ORIENTED_EDGE ( 'NONE', *, *, #582, .T. ) ;
#73 = CARTESIAN_POINT ( 'NONE',  ( 0.0000000000000000000, 0.0000000000000000000, 4.500000000000000000 ) ) ;
#74 = CARTESIAN_POINT ( 'NONE',  ( -4.749999999999999112, -10.39230484541326760, 3.000000000000000444 ) ) ;
#75 = CIRCLE ( 'NONE', #508, 0.4999999999999970024 ) ;
#76 = CARTESIAN_POINT ( 'NONE',  ( 11.99999999999999822, 0.0000000000000000000, 3.751075773784451339 ) ) ;
#77 = EDGE_CURVE ( 'NONE', #1863, #2384, #966, .T. ) ;
#78 = DIRECTION ( 'NONE',  ( -0.7071067811865451302, 0.0000000000000000000, -0.7071067811865500152 ) ) ;
#79 = ORIENTED_EDGE ( 'NONE', *, *, #554, .F. ) ;
#80 = ORIENTED_EDGE ( 'NONE', *, *, #995, .F. ) ;
#81 = AXIS2_PLACEMENT_3D ( 'NONE', #306, #2131, #1324 ) ;
#82 = VERTEX_POINT ( 'NONE', #2597 ) ;
#83 = DIRECTION ( 'NONE',  ( 0.0000000000000000000, 0.0000000000000000000, 1.000000000000000000 ) ) ;
#84 = CARTESIAN_POINT ( 'NONE',  ( -4.750000000000004441, 10.39230484541326582, 0.0000000000000000000 ) ) ;
#85 = CARTESIAN_POINT ( 'NONE',  ( -12.92708333333333215, 3.891081661062335328, 2.000000000000000000 ) ) ;
#86 = CARTESIAN_POINT ( 'NONE',  ( 6.000000000000004441, 10.39230484541326227, 2.000000000000000000 ) ) ;
#87 = EDGE_CURVE ( 'NONE', #1456, #1386, #139, .T. ) ;
#88 = PRESENTATION_STYLE_ASSIGNMENT (( #1896 ) ) ;
#89 = PLANE ( 'NONE',  #566 ) ;
#90 = EDGE_LOOP ( 'NONE', ( #2156, #539, #901, #2001 ) ) ;
#91 = ADVANCED_FACE ( 'NONE', ( #1544 ), #258, .F. ) ;
#92 = CIRCLE ( 'NONE', #1828, 1.249999999999988898 ) ;
#93 = VECTOR ( 'NONE', #738, 1000.000000000000114 ) ;
#94 = DIRECTION ( 'NONE',  ( -1.000000000000000000, -8.673617379884035472E-16, 0.0000000000000000000 ) ) ;
#95 = CARTESIAN_POINT ( 'NONE',  ( 0.0000000000000000000, 0.0000000000000000000, 2.000000000000000000 ) ) ;
#96 = EDGE_LOOP ( 'NONE', ( #352, #2329, #275, #1162 ) ) ;
#97 = ORIENTED_EDGE ( 'NONE', *, *, #2514, .T. ) ;
#98 = EDGE_CURVE ( 'NONE', #1035, #2234, #75, .T. ) ;
#99 = CARTESIAN_POINT ( 'NONE',  ( 8.000000000000000000, 9.797174393178825657E-16, 5.000000000000000000 ) ) ;
#100 = CARTESIAN_POINT ( 'NONE',  ( 0.0000000000000000000, 23.00000000000000000, 11.50000000000000000 ) ) ;
#101 = VECTOR ( 'NONE', #2146, 1000.000000000000114 ) ;
#102 = EDGE_CURVE ( 'NONE', #2618, #1076, #1195, .T. ) ;
#103 = DIRECTION ( 'NONE',  ( -0.3625000000000000444, 0.9319837713179344174, 0.0000000000000000000 ) ) ;
#104 = DIRECTION ( 'NONE',  ( -0.0000000000000000000, -0.0000000000000000000, -1.000000000000000000 ) ) ;
#105 = ORIENTED_EDGE ( 'NONE', *, *, #175, .T. ) ;
#106 = CIRCLE ( 'NONE', #2615, 1.000000000000000888 ) ;
#107 = ORIENTED_EDGE ( 'NONE', *, *, #1552, .F. ) ;
#108 = CARTESIAN_POINT ( 'NONE',  ( 0.0000000000000000000, 0.0000000000000000000, 0.4999999999999987232 ) ) ;
#109 = ORIENTED_EDGE ( 'NONE', *, *, #1298, .T. ) ;
#110 = AXIS2_PLACEMENT_3D ( 'NONE', #1134, #2565, #2519 ) ;
#111 = CARTESIAN_POINT ( 'NONE',  ( 9.000000000000005329, 10.39230484541326227, 2.000000000000000000 ) ) ;
#112 = ADVANCED_FACE ( 'NONE', ( #826, #1801 ), #993, .T. ) ;
#113 = DIRECTION ( 'NONE',  ( -0.0000000000000000000, -0.0000000000000000000, -1.000000000000000000 ) ) ;
#114 = ORIENTED_EDGE ( 'NONE', *, *, #1962, .T. ) ;
#115 = ORIENTED_EDGE ( 'NONE', *, *, #1696, .F. ) ;
#116 = ORIENTED_EDGE ( 'NONE', *, *, #253, .F. ) ;
#117 = VECTOR ( 'NONE', #2184, 1000.000000000000114 ) ;
#118 = CARTESIAN_POINT ( 'NONE',  ( 9.833317233346388520, -9.249641732973930885, 5.000000000000000000 ) ) ;
#119 = EDGE_CURVE ( 'NONE', #2088, #1668, #1213, .T. ) ;
#120 = DIRECTION ( 'NONE',  ( 0.0000000000000000000, 0.0000000000000000000, 1.000000000000000000 ) ) ;
#121 = FACE_BOUND ( 'NONE', #1411, .T. ) ;
#122 = FACE_OUTER_BOUND ( 'NONE', #208, .T. ) ;
#123 = EDGE_LOOP ( 'NONE', ( #441, #336, #151, #290 ) ) ;
#124 = VECTOR ( 'NONE', #1475, 1000.000000000000000 ) ;
#125 = CYLINDRICAL_SURFACE ( 'NONE', #2324, 14.50000000000000000 ) ;
#126 = ADVANCED_FACE ( 'NONE', ( #2011 ), #681, .F. ) ;
#127 = CIRCLE ( 'NONE', #605, 3.000000000000000888 ) ;
#128 = DIRECTION ( 'NONE',  ( 1.000000000000000000, 0.0000000000000000000, 0.0000000000000000000 ) ) ;
#129 = DIRECTION ( 'NONE',  ( -0.0000000000000000000, -0.0000000000000000000, -1.000000000000000000 ) ) ;
#130 = ORIENTED_EDGE ( 'NONE', *, *, #1158, .F. ) ;
#131 = VERTEX_POINT ( 'NONE', #579 ) ;
#132 = EDGE_CURVE ( 'NONE', #1791, #287, #2284, .T. ) ;
#133 = EDGE_LOOP ( 'NONE', ( #383, #1864, #1774, #765 ) ) ;
#134 = FACE_OUTER_BOUND ( 'NONE', #544, .T. ) ;
#135 = CARTESIAN_POINT ( 'NONE',  ( -12.92708333333333215, 3.891081661062335328, 2.000000000000000000 ) ) ;
#136 = CARTESIAN_POINT ( 'NONE',  ( -9.000000000000001776, 0.0000000000000000000, 2.000000000000000000 ) ) ;
#137 = DIRECTION ( 'NONE',  ( -0.0000000000000000000, -0.0000000000000000000, 1.000000000000000000 ) ) ;
#138 = ORIENTED_EDGE ( 'NONE', *, *, #1280, .F. ) ;
#139 = LINE ( 'NONE', #737, #1849 ) ;
#140 = ORIENTED_EDGE ( 'NONE', *, *, #1238, .F. ) ;
#141 = ADVANCED_FACE ( 'NONE', ( #2216 ), #550, .F. ) ;
#142 = DIRECTION ( 'NONE',  ( -0.8571673007021118895, 0.0000000000000000000, -0.5150380749100549327 ) ) ;
#143 = DIRECTION ( 'NONE',  ( -0.0000000000000000000, -0.0000000000000000000, -1.000000000000000000 ) ) ;
#144 = CIRCLE ( 'NONE', #897, 1.249999999999988898 ) ;
#145 = ORIENTED_EDGE ( 'NONE', *, *, #1338, .T. ) ;
#146 = VERTEX_POINT ( 'NONE', #443 ) ;
#147 = DIRECTION ( 'NONE',  ( 0.0000000000000000000, 0.0000000000000000000, 1.000000000000000000 ) ) ;
#148 = DIRECTION ( 'NONE',  ( 1.000000000000000000, 0.0000000000000000000, 0.0000000000000000000 ) ) ;
#149 = CARTESIAN_POINT ( 'NONE',  ( 10.29144984649132866, 12.16147795789694186, 0.0000000000000000000 ) ) ;
#150 = CYLINDRICAL_SURFACE ( 'NONE', #1993, 4.000000000000000000 ) ;
#151 = ORIENTED_EDGE ( 'NONE', *, *, #875, .T. ) ;
#152 = DIRECTION ( 'NONE',  ( -1.000000000000000000, -8.673617379884035472E-16, 0.0000000000000000000 ) ) ;
#153 = AXIS2_PLACEMENT_3D ( 'NONE', #2278, #641, #1027 ) ;
#154 = DIRECTION ( 'NONE',  ( -0.3625000000000000999, 0.9319837713179345284, 0.0000000000000000000 ) ) ;
#155 = CARTESIAN_POINT ( 'NONE',  ( -5.272129985158913179, 13.91954596842270853, 0.0000000000000000000 ) ) ;
#156 = EDGE_LOOP ( 'NONE', ( #228, #198, #1561, #1342, #2358, #1226, #2211, #1987, #504, #1069 ) ) ;
#157 = CARTESIAN_POINT ( 'NONE',  ( 5.021076176341821018, 14.35194854135496279, 3.000000000000000000 ) ) ;
#158 = DIRECTION ( 'NONE',  ( 1.000000000000000000, 0.0000000000000000000, 0.0000000000000000000 ) ) ;
#159 = VERTEX_POINT ( 'NONE', #14 ) ;
#160 = CARTESIAN_POINT ( 'NONE',  ( 5.999999999999997335, -10.39230484541326760, 2.000000000000000000 ) ) ;
#161 = CARTESIAN_POINT ( 'NONE',  ( 4.399999999999996803, -10.39230484541326760, 0.0000000000000000000 ) ) ;
#162 = EDGE_CURVE ( 'NONE', #1114, #1057, #1978, .T. ) ;
#163 = CARTESIAN_POINT ( 'NONE',  ( 0.0000000000000000000, 17.93103448275862632, 4.500000000000000000 ) ) ;
#164 = AXIS2_PLACEMENT_3D ( 'NONE', #625, #2408, #979 ) ;
#165 = ADVANCED_FACE ( 'NONE', ( #1186 ), #177, .F. ) ;
#166 = ORIENTED_EDGE ( 'NONE', *, *, #247, .F. ) ;
#167 = DIRECTION ( 'NONE',  ( 0.0000000000000000000, 0.0000000000000000000, 1.000000000000000000 ) ) ;
#168 = DIRECTION ( 'NONE',  ( 0.0000000000000000000, 0.0000000000000000000, -1.000000000000000000 ) ) ;
#169 = VERTEX_POINT ( 'NONE', #29 ) ;
#170 = CIRCLE ( 'NONE', #1641, 1.600000000000000755 ) ;
#171 = DIRECTION ( 'NONE',  ( -0.0000000000000000000, -0.0000000000000000000, -1.000000000000000000 ) ) ;
#172 = FACE_OUTER_BOUND ( 'NONE', #586, .T. ) ;
#173 = VERTEX_POINT ( 'NONE', #2626 ) ;
#174 = FACE_OUTER_BOUND ( 'NONE', #975, .T. ) ;
#175 = EDGE_CURVE ( 'NONE', #82, #1751, #1602, .T. ) ;
#176 = DIRECTION ( 'NONE',  ( 0.0000000000000000000, 0.0000000000000000000, -1.000000000000000000 ) ) ;
#177 = CYLINDRICAL_SURFACE ( 'NONE', #1089, 8.000000000000000000 ) ;
#178 = EDGE_CURVE ( 'NONE', #2578, #2005, #1033, .T. ) ;
#179 = LINE ( 'NONE', #408, #778 ) ;
#180 = DIRECTION ( 'NONE',  ( -1.000000000000000000, 0.0000000000000000000, 0.0000000000000000000 ) ) ;
#181 = EDGE_LOOP ( 'NONE', ( #2049, #628, #1549, #1807 ) ) ;
#182 = ORIENTED_EDGE ( 'NONE', *, *, #2350, .T. ) ;
#183 = EDGE_LOOP ( 'NONE', ( #1046, #56, #1909 ) ) ;
#184 = FACE_OUTER_BOUND ( 'NONE', #156, .T. ) ;
#185 = CARTESIAN_POINT ( 'NONE',  ( 12.00000000000000000, 0.0000000000000000000, 0.0000000000000000000 ) ) ;
#186 = EDGE_LOOP ( 'NONE', ( #251, #1954, #867 ) ) ;
#187 = ORIENTED_EDGE ( 'NONE', *, *, #1893, .T. ) ;
#188 = AXIS2_PLACEMENT_3D ( 'NONE', #1350, #998, #2423 ) ;
#189 = CARTESIAN_POINT ( 'NONE',  ( -1.850000000000001199, 23.00000000000000000, 11.89999999999999858 ) ) ;
#190 = CARTESIAN_POINT ( 'NONE',  ( 3.093766099986939633, -13.14072339403625200, 4.499999999999994671 ) ) ;
#191 = CARTESIAN_POINT ( 'NONE',  ( 5.272129985158913179, 13.91954596842270853, 0.0000000000000000000 ) ) ;
#192 = ADVANCED_FACE ( 'NONE', ( #1592 ), #2323, .F. ) ;
#193 = AXIS2_PLACEMENT_3D ( 'NONE', #2482, #665, #2237 ) ;
#194 = VERTEX_POINT ( 'NONE', #191 ) ;
#195 = DIRECTION ( 'NONE',  ( -0.9319837713179345284, -0.3625000000000000999, 0.0000000000000000000 ) ) ;
#196 = ORIENTED_EDGE ( 'NONE', *, *, #1280, .T. ) ;
#197 = CIRCLE ( 'NONE', #534, 8.500000000000000000 ) ;
#198 = ORIENTED_EDGE ( 'NONE', *, *, #1256, .T. ) ;
#199 = EDGE_CURVE ( 'NONE', #551, #1573, #1374, .T. ) ;
#200 = DIRECTION ( 'NONE',  ( -0.0000000000000000000, -0.0000000000000000000, -1.000000000000000000 ) ) ;
#201 = CARTESIAN_POINT ( 'NONE',  ( 10.75744173215029065, 12.34272795789694044, 3.499999999999960920 ) ) ;
#202 = ORIENTED_EDGE ( 'NONE', *, *, #1238, .T. ) ;
#203 = CIRCLE ( 'NONE', #377, 1.249999999999999334 ) ;
#204 = DIRECTION ( 'NONE',  ( -1.000000000000000000, 0.0000000000000000000, 0.0000000000000000000 ) ) ;
#205 = DIRECTION ( 'NONE',  ( 0.7071067811865487940, 0.0000000000000000000, 0.7071067811865463515 ) ) ;
#206 = VERTEX_POINT ( 'NONE', #635 ) ;
#207 = DIRECTION ( 'NONE',  ( 0.0000000000000000000, 0.0000000000000000000, 1.000000000000000000 ) ) ;
#208 = EDGE_LOOP ( 'NONE', ( #2461, #1179, #1678, #1327, #435 ) ) ;
#209 = DIRECTION ( 'NONE',  ( -0.6590120446547217403, -0.2563262081801209180, -0.7071067811865505703 ) ) ;
#210 = ADVANCED_FACE ( 'NONE', ( #1405 ), #2538, .F. ) ;
#211 = LINE ( 'NONE', #1379, #2107 ) ;
#212 = ORIENTED_EDGE ( 'NONE', *, *, #1457, .T. ) ;
#213 = VERTEX_POINT ( 'NONE', #2638 ) ;
#214 = VECTOR ( 'NONE', #2436, 1000.000000000000114 ) ;
#215 = LINE ( 'NONE', #1384, #1588 ) ;
#216 = DIRECTION ( 'NONE',  ( -1.000000000000000000, 0.0000000000000000000, 0.0000000000000000000 ) ) ;
#217 = ORIENTED_EDGE ( 'NONE', *, *, #1675, .T. ) ;
#218 = ADVANCED_FACE ( 'NONE', ( #2023 ), #1198, .F. ) ;
#219 = CIRCLE ( 'NONE', #1392, 3.000000000000000888 ) ;
#220 = FACE_OUTER_BOUND ( 'NONE', #1071, .T. ) ;
#221 = CARTESIAN_POINT ( 'NONE',  ( -13.99999999999999822, 0.0000000000000000000, 2.000000000000000000 ) ) ;
#222 = ORIENTED_EDGE ( 'NONE', *, *, #253, .T. ) ;
#223 = EDGE_CURVE ( 'NONE', #1262, #2326, #1812, .T. ) ;
#224 = CARTESIAN_POINT ( 'NONE',  ( 0.0000000000000000000, 0.0000000000000000000, 5.000000000000000000 ) ) ;
#225 = EDGE_LOOP ( 'NONE', ( #617, #2065, #1582, #1463 ) ) ;
#226 = EDGE_CURVE ( 'NONE', #1000, #2503, #2032, .T. ) ;
#227 = ORIENTED_EDGE ( 'NONE', *, *, #728, .T. ) ;
#228 = ORIENTED_EDGE ( 'NONE', *, *, #1032, .F. ) ;
#229 = ADVANCED_FACE ( 'NONE', ( #1458 ), #474, .T. ) ;
#230 = CARTESIAN_POINT ( 'NONE',  ( 1.850000000000001199, 23.00000000000000000, 11.89999999999999858 ) ) ;
#231 = FACE_OUTER_BOUND ( 'NONE', #1610, .T. ) ;
#232 = AXIS2_PLACEMENT_3D ( 'NONE', #478, #1676, #1885 ) ;
#233 = DIRECTION ( 'NONE',  ( -1.000000000000000000, 0.0000000000000000000, 0.0000000000000000000 ) ) ;
#234 = DIRECTION ( 'NONE',  ( 0.3625000000000000999, 0.9319837713179345284, 0.0000000000000000000 ) ) ;
#235 = CIRCLE ( 'NONE', #2515, 1.599999999999998979 ) ;
#236 = CARTESIAN_POINT ( 'NONE',  ( -7.455870170543476227, 20.83103448275862490, 5.000000000000000000 ) ) ;
#237 = ORIENTED_EDGE ( 'NONE', *, *, #1850, .F. ) ;
#238 = VERTEX_POINT ( 'NONE', #1081 ) ;
#239 = CIRCLE ( 'NONE', #60, 3.499999999999999556 ) ;
#240 = DIRECTION ( 'NONE',  ( -1.000000000000000000, 0.0000000000000000000, 0.0000000000000000000 ) ) ;
#241 = AXIS2_PLACEMENT_3D ( 'NONE', #1977, #171, #1989 ) ;
#242 = DIRECTION ( 'NONE',  ( -0.0000000000000000000, -0.0000000000000000000, -1.000000000000000000 ) ) ;
#243 = CARTESIAN_POINT ( 'NONE',  ( -12.00000000000000178, 0.0000000000000000000, 2.000000000000000000 ) ) ;
#244 = DIRECTION ( 'NONE',  ( 1.000000000000000000, 0.0000000000000000000, 0.0000000000000000000 ) ) ;
#245 = VECTOR ( 'NONE', #1952, 1000.000000000000114 ) ;
#246 = EDGE_LOOP ( 'NONE', ( #2454, #2562, #929, #1109, #53, #399, #2633, #2310 ) ) ;
#247 = EDGE_CURVE ( 'NONE', #1325, #2195, #393, .T. ) ;
#248 = AXIS2_PLACEMENT_3D ( 'NONE', #757, #2318, #2108 ) ;
#249 = CIRCLE ( 'NONE', #1880, 3.000000000000000000 ) ;
#250 = DIRECTION ( 'NONE',  ( 0.0000000000000000000, 0.0000000000000000000, 1.000000000000000000 ) ) ;
#251 = ORIENTED_EDGE ( 'NONE', *, *, #1595, .F. ) ;
#252 = AXIS2_PLACEMENT_3D ( 'NONE', #947, #2345, #923 ) ;
#253 = EDGE_CURVE ( 'NONE', #1889, #1815, #639, .T. ) ;
#254 = UNCERTAINTY_MEASURE_WITH_UNIT (LENGTH_MEASURE( 1.000000000000000082E-05 ), #453, 'distance_accuracy_value', 'NONE');
#255 = VERTEX_POINT ( 'NONE', #1270 ) ;
#256 = FACE_OUTER_BOUND ( 'NONE', #2465, .T. ) ;
#257 = LINE ( 'NONE', #294, #1187 ) ;
#258 = CONICAL_SURFACE ( 'NONE', #2587, 3.000000000000000888, 0.7853981633974447263 ) ;
#259 = AXIS2_PLACEMENT_3D ( 'NONE', #1093, #2085, #486 ) ;
#260 = DIRECTION ( 'NONE',  ( 0.0000000000000000000, 0.0000000000000000000, -1.000000000000000000 ) ) ;
#261 = CARTESIAN_POINT ( 'NONE',  ( -12.69531249999999822, -2.918311245796747500, 2.000000000000000000 ) ) ;
#262 = EDGE_CURVE ( 'NONE', #238, #1517, #2103, .T. ) ;
#263 = DIRECTION ( 'NONE',  ( 0.0000000000000000000, 0.0000000000000000000, 1.000000000000000000 ) ) ;
#264 = FACE_BOUND ( 'NONE', #1493, .T. ) ;
#265 = ORIENTED_EDGE ( 'NONE', *, *, #759, .F. ) ;
#266 = EDGE_CURVE ( 'NONE', #287, #1047, #686, .T. ) ;
#267 = ORIENTED_EDGE ( 'NONE', *, *, #2367, .T. ) ;
#268 = EDGE_LOOP ( 'NONE', ( #880, #1831 ) ) ;
#269 = DIRECTION ( 'NONE',  ( -1.000000000000000000, 0.0000000000000000000, 0.0000000000000000000 ) ) ;
#270 = CYLINDRICAL_SURFACE ( 'NONE', #1091, 1.850000000000001199 ) ;
#271 = DIRECTION ( 'NONE',  ( 0.0000000000000000000, 0.0000000000000000000, 1.000000000000000000 ) ) ;
#272 = DIRECTION ( 'NONE',  ( 1.000000000000000000, 0.0000000000000000000, 0.0000000000000000000 ) ) ;
#273 = CARTESIAN_POINT ( 'NONE',  ( -13.92708333333333215, 3.891081661062335328, 1.539565474486369823 ) ) ;
#274 = CONICAL_SURFACE ( 'NONE', #1576, 1.249999999999999334, 1.029744258676653423 ) ;
#275 = ORIENTED_EDGE ( 'NONE', *, *, #226, .F. ) ;
#276 = ORIENTED_EDGE ( 'NONE', *, *, #1868, .F. ) ;
#277 = FACE_OUTER_BOUND ( 'NONE', #1935, .T. ) ;
#278 = DIRECTION ( 'NONE',  ( 1.000000000000000000, 5.204170427930416550E-15, 0.0000000000000000000 ) ) ;
#279 = ORIENTED_EDGE ( 'NONE', *, *, #1625, .T. ) ;
#280 = EDGE_CURVE ( 'NONE', #1456, #1199, #2458, .T. ) ;
#281 = VECTOR ( 'NONE', #349, 1000.000000000000000 ) ;
#282 = DIRECTION ( 'NONE',  ( 1.000000000000000000, 0.0000000000000000000, 0.0000000000000000000 ) ) ;
#283 = LINE ( 'NONE', #1066, #2361 ) ;
#284 = EDGE_CURVE ( 'NONE', #1863, #213, #804, .T. ) ;
#285 = CARTESIAN_POINT ( 'NONE',  ( 3.457045337488572567, -12.79717107545837784, 5.000000000000000000 ) ) ;
#286 = CARTESIAN_POINT ( 'NONE',  ( 6.000000000000004441, 10.39230484541326227, 0.0000000000000000000 ) ) ;
#287 = VERTEX_POINT ( 'NONE', #2286 ) ;
#288 = AXIS2_PLACEMENT_3D ( 'NONE', #1042, #654, #2040 ) ;
#289 = AXIS2_PLACEMENT_3D ( 'NONE', #2580, #1950, #158 ) ;
#290 = ORIENTED_EDGE ( 'NONE', *, *, #2514, .F. ) ;
#291 = ORIENTED_EDGE ( 'NONE', *, *, #2236, .F. ) ;
#292 = ADVANCED_FACE ( 'NONE', ( #1446 ), #40, .F. ) ;
#293 = DIRECTION ( 'NONE',  ( -0.0000000000000000000, -0.0000000000000000000, 1.000000000000000000 ) ) ;
#294 = CARTESIAN_POINT ( 'NONE',  ( -2.000000000000000888, 23.00000000000000000, 12.50000000000000000 ) ) ;
#295 = ORIENTED_EDGE ( 'NONE', *, *, #472, .F. ) ;
#296 = DIRECTION ( 'NONE',  ( 1.000000000000000000, 8.673617379884027583E-16, 0.0000000000000000000 ) ) ;
#297 = LINE ( 'NONE', #1882, #955 ) ;
#298 = EDGE_CURVE ( 'NONE', #69, #1024, #600, .T. ) ;
#299 = DIRECTION ( 'NONE',  ( 0.0000000000000000000, 0.0000000000000000000, -1.000000000000000000 ) ) ;
#300 = CARTESIAN_POINT ( 'NONE',  ( 3.093766099986939633, -13.14072339403625200, 2.000000000000000000 ) ) ;
#301 = EDGE_CURVE ( 'NONE', #169, #2506, #394, .T. ) ;
#302 = AXIS2_PLACEMENT_3D ( 'NONE', #2470, #2483, #1063 ) ;
#303 = EDGE_CURVE ( 'NONE', #999, #2494, #898, .T. ) ;
#304 = AXIS2_PLACEMENT_3D ( 'NONE', #2014, #1819, #585 ) ;
#305 = CARTESIAN_POINT ( 'NONE',  ( 0.0000000000000000000, 23.00000000000000000, 11.89999999999999858 ) ) ;
#306 = CARTESIAN_POINT ( 'NONE',  ( 0.0000000000000000000, 23.00000000000000000, 11.89999999999999858 ) ) ;
#307 = ORIENTED_EDGE ( 'NONE', *, *, #1304, .T. ) ;
#308 = EDGE_LOOP ( 'NONE', ( #314, #182, #568, #813 ) ) ;
#309 = EDGE_CURVE ( 'NONE', #794, #238, #1067, .T. ) ;
#310 = CARTESIAN_POINT ( 'NONE',  ( 13.25000000000000000, 1.530808498934190831E-16, 3.000000000000000444 ) ) ;
#311 = DIRECTION ( 'NONE',  ( -0.0000000000000000000, -0.0000000000000000000, 1.000000000000000000 ) ) ;
#312 = DIRECTION ( 'NONE',  ( 0.0000000000000000000, 0.0000000000000000000, -1.000000000000000000 ) ) ;
#313 = LINE ( 'NONE', #1152, #736 ) ;
#314 = ORIENTED_EDGE ( 'NONE', *, *, #1552, .T. ) ;
#315 = CONICAL_SURFACE ( 'NONE', #2077, 1.249999999999999334, 1.029744258676653645 ) ;
#316 = ORIENTED_EDGE ( 'NONE', *, *, #2545, .T. ) ;
#317 = VERTEX_POINT ( 'NONE', #63 ) ;
#318 = CIRCLE ( 'NONE', #2119, 8.500000000000000000 ) ;
#319 = VERTEX_POINT ( 'NONE', #76 ) ;
#320 = DIRECTION ( 'NONE',  ( -0.0000000000000000000, -0.0000000000000000000, -1.000000000000000000 ) ) ;
#321 = CARTESIAN_POINT ( 'NONE',  ( -7.455870170543476227, 20.83103448275862490, 3.499999999999960476 ) ) ;
#322 = ORIENTED_EDGE ( 'NONE', *, *, #1687, .T. ) ;
#323 = LINE ( 'NONE', #2135, #1370 ) ;
#324 = DIRECTION ( 'NONE',  ( 1.000000000000000000, 0.0000000000000000000, 0.0000000000000000000 ) ) ;
#325 = VECTOR ( 'NONE', #1657, 1000.000000000000000 ) ;
#326 = CYLINDRICAL_SURFACE ( 'NONE', #953, 8.000000000000000000 ) ;
#327 = EDGE_CURVE ( 'NONE', #3, #1879, #1852, .T. ) ;
#328 = LINE ( 'NONE', #1926, #1784 ) ;
#329 = AXIS2_PLACEMENT_3D ( 'NONE', #973, #2414, #796 ) ;
#330 = EDGE_LOOP ( 'NONE', ( #970, #359, #2375, #2106 ) ) ;
#331 = CARTESIAN_POINT ( 'NONE',  ( 10.11280509500355684, 13.53036842941737383, 3.329728786708392452 ) ) ;
#332 = EDGE_CURVE ( 'NONE', #636, #1024, #1055, .T. ) ;
#333 = VECTOR ( 'NONE', #848, 1000.000000000000000 ) ;
#334 = DIRECTION ( 'NONE',  ( 1.000000000000000000, 0.0000000000000000000, 0.0000000000000000000 ) ) ;
#335 = DIRECTION ( 'NONE',  ( 1.000000000000000000, 0.0000000000000000000, 0.0000000000000000000 ) ) ;
#336 = ORIENTED_EDGE ( 'NONE', *, *, #825, .T. ) ;
#337 = MANIFOLD_SOLID_BREP ( 'µ¹½Ç2', #506 ) ;
#338 = VECTOR ( 'NONE', #507, 1000.000000000000114 ) ;
#339 = ORIENTED_EDGE ( 'NONE', *, *, #1793, .T. ) ;
#340 = DIRECTION ( 'NONE',  ( -0.0000000000000000000, -0.0000000000000000000, -1.000000000000000000 ) ) ;
#341 = FACE_OUTER_BOUND ( 'NONE', #2230, .T. ) ;
#342 = DIRECTION ( 'NONE',  ( -0.0000000000000000000, -0.0000000000000000000, -1.000000000000000000 ) ) ;
#343 = DIRECTION ( 'NONE',  ( 0.0000000000000000000, 0.0000000000000000000, -1.000000000000000000 ) ) ;
#344 = EDGE_LOOP ( 'NONE', ( #1206, #1205, #1839, #2611 ) ) ;
#345 = AXIS2_PLACEMENT_3D ( 'NONE', #1225, #1618, #2421 ) ;
#346 = ADVANCED_FACE ( 'NONE', ( #121, #2347 ), #1296, .T. ) ;
#347 = LINE ( 'NONE', #1578, #1718 ) ;
#348 = CONICAL_SURFACE ( 'NONE', #2289, 0.4999999999999987232, 0.7853981633974439491 ) ;
#349 = DIRECTION ( 'NONE',  ( -0.0000000000000000000, -0.0000000000000000000, -1.000000000000000000 ) ) ;
#350 = DIRECTION ( 'NONE',  ( 1.000000000000000000, 0.0000000000000000000, -0.0000000000000000000 ) ) ;
#351 = VERTEX_POINT ( 'NONE', #1743 ) ;
#352 = ORIENTED_EDGE ( 'NONE', *, *, #864, .F. ) ;
#353 = DIRECTION ( 'NONE',  ( 1.000000000000000000, 0.0000000000000000000, 0.0000000000000000000 ) ) ;
#354 = CARTESIAN_POINT ( 'NONE',  ( 0.0000000000000000000, 0.0000000000000000000, 0.4999999999999987232 ) ) ;
#355 = FACE_BOUND ( 'NONE', #932, .T. ) ;
#356 = DIRECTION ( 'NONE',  ( -0.0000000000000000000, -0.0000000000000000000, -1.000000000000000000 ) ) ;
#357 = ORIENTED_EDGE ( 'NONE', *, *, #1158, .T. ) ;
#358 = AXIS2_PLACEMENT_3D ( 'NONE', #1138, #1564, #1123 ) ;
#359 = ORIENTED_EDGE ( 'NONE', *, *, #1304, .F. ) ;
#360 = CARTESIAN_POINT ( 'NONE',  ( 10.75744173215029065, 12.34272795789694044, 0.4999999999999998890 ) ) ;
#361 = EDGE_CURVE ( 'NONE', #2630, #398, #1104, .T. ) ;
#362 = ORIENTED_EDGE ( 'NONE', *, *, #1617, .T. ) ;
#363 = ORIENTED_EDGE ( 'NONE', *, *, #2388, .T. ) ;
#364 = ORIENTED_EDGE ( 'NONE', *, *, #918, .T. ) ;
#365 = DIRECTION ( 'NONE',  ( -0.3625000000000000444, 0.9319837713179344174, 0.0000000000000000000 ) ) ;
#366 = LINE ( 'NONE', #2374, #713 ) ;
#367 = VERTEX_POINT ( 'NONE', #1169 ) ;
#368 = EDGE_CURVE ( 'NONE', #2234, #742, #1036, .T. ) ;
#369 = DIRECTION ( 'NONE',  ( 0.0000000000000000000, 0.0000000000000000000, 1.000000000000000000 ) ) ;
#370 = CARTESIAN_POINT ( 'NONE',  ( -4.749999999999999112, 10.39230484541326582, 3.000000000000000444 ) ) ;
#371 = CIRCLE ( 'NONE', #456, 3.000000000000000000 ) ;
#372 = EDGE_CURVE ( 'NONE', #2384, #1456, #709, .T. ) ;
#373 = DIRECTION ( 'NONE',  ( 0.0000000000000000000, 0.0000000000000000000, 1.000000000000000000 ) ) ;
#374 = CONICAL_SURFACE ( 'NONE', #2180, 3.000000000000000000, 0.7853981633974517207 ) ;
#375 = ADVANCED_FACE ( 'NONE', ( #1513, #355 ), #1137, .T. ) ;
#376 = VERTEX_POINT ( 'NONE', #2320 ) ;
#377 = AXIS2_PLACEMENT_3D ( 'NONE', #1018, #1182, #1589 ) ;
#378 = CARTESIAN_POINT ( 'NONE',  ( 6.000000000000004441, 10.39230484541326227, 12.50000000000000000 ) ) ;
#379 = ORIENTED_EDGE ( 'NONE', *, *, #598, .T. ) ;
#380 = ORIENTED_EDGE ( 'NONE', *, *, #944, .F. ) ;
#381 = AXIS2_PLACEMENT_3D ( 'NONE', #243, #1847, #1254 ) ;
#382 = ADVANCED_FACE ( 'NONE', ( #1925 ), #2133, .T. ) ;
#383 = ORIENTED_EDGE ( 'NONE', *, *, #1156, .F. ) ;
#384 = AXIS2_PLACEMENT_3D ( 'NONE', #354, #311, #707 ) ;
#385 = DIRECTION ( 'NONE',  ( -0.0000000000000000000, -0.0000000000000000000, -1.000000000000000000 ) ) ;
#386 = DIRECTION ( 'NONE',  ( 1.000000000000000000, 0.0000000000000000000, 0.0000000000000000000 ) ) ;
#387 = AXIS2_PLACEMENT_3D ( 'NONE', #1399, #620, #1413 ) ;
#388 = CARTESIAN_POINT ( 'NONE',  ( 0.0000000000000000000, 23.00000000000000000, 11.89999999999999858 ) ) ;
#389 = ADVANCED_FACE ( 'NONE', ( #910 ), #1714, .T. ) ;
#390 = FACE_OUTER_BOUND ( 'NONE', #2290, .T. ) ;
#391 = VERTEX_POINT ( 'NONE', #2170 ) ;
#392 = DIRECTION ( 'NONE',  ( -1.000000000000000000, 0.0000000000000000000, 0.0000000000000000000 ) ) ;
#393 = CIRCLE ( 'NONE', #1720, 7.500000000000041744 ) ;
#394 = CIRCLE ( 'NONE', #2198, 3.000000000000000000 ) ;
#395 = DIRECTION ( 'NONE',  ( 1.000000000000000000, 0.0000000000000000000, 0.0000000000000000000 ) ) ;
#396 = CYLINDRICAL_SURFACE ( 'NONE', #2068, 2.000000000000000888 ) ;
#397 = ORIENTED_EDGE ( 'NONE', *, *, #298, .T. ) ;
#398 = VERTEX_POINT ( 'NONE', #1730 ) ;
#399 = ORIENTED_EDGE ( 'NONE', *, *, #2481, .T. ) ;
#400 = CARTESIAN_POINT ( 'NONE',  ( -13.63333258345548415, 3.183118387507909208, 2.000000000000000000 ) ) ;
#401 = FACE_OUTER_BOUND ( 'NONE', #1916, .T. ) ;
#402 = ORIENTED_EDGE ( 'NONE', *, *, #16, .T. ) ;
#403 = AXIS2_PLACEMENT_3D ( 'NONE', #95, #527, #716 ) ;
#404 = DIRECTION ( 'NONE',  ( 0.3625000000000000999, -0.9319837713179345284, 0.0000000000000000000 ) ) ;
#405 = CARTESIAN_POINT ( 'NONE',  ( 14.50000000000000000, 0.0000000000000000000, 0.4999999999999987232 ) ) ;
#406 = DIRECTION ( 'NONE',  ( 1.000000000000000000, 0.0000000000000000000, 0.0000000000000000000 ) ) ;
#407 = EDGE_LOOP ( 'NONE', ( #1420, #166, #1449, #1020 ) ) ;
#408 = CARTESIAN_POINT ( 'NONE',  ( -12.92708333333333925, 3.891081661062337549, 5.500000000000001776 ) ) ;
#409 = ORIENTED_EDGE ( 'NONE', *, *, #1445, .F. ) ;
#410 = ORIENTED_EDGE ( 'NONE', *, *, #2031, .F. ) ;
#411 = CIRCLE ( 'NONE', #2033, 0.4999999999999987232 ) ;
#412 = FACE_OUTER_BOUND ( 'NONE', #344, .T. ) ;
#413 = CARTESIAN_POINT ( 'NONE',  ( 7.600000000000004086, 10.39230484541326227, 0.0000000000000000000 ) ) ;
#414 = ORIENTED_EDGE ( 'NONE', *, *, #67, .T. ) ;
#415 = DIRECTION ( 'NONE',  ( -1.000000000000000000, 0.0000000000000000000, 0.0000000000000000000 ) ) ;
#416 = CARTESIAN_POINT ( 'NONE',  ( 0.0000000000000000000, 23.00000000000000000, 0.0000000000000000000 ) ) ;
#417 = EDGE_CURVE ( 'NONE', #1677, #1889, #1305, .T. ) ;
#418 = DIRECTION ( 'NONE',  ( -0.0000000000000000000, -0.0000000000000000000, -1.000000000000000000 ) ) ;
#419 = EDGE_LOOP ( 'NONE', ( #2019, #1917, #2491, #1753 ) ) ;
#420 = CIRCLE ( 'NONE', #1873, 4.000000000000000000 ) ;
#421 = ORIENTED_EDGE ( 'NONE', *, *, #1061, .T. ) ;
#422 = FACE_OUTER_BOUND ( 'NONE', #2585, .T. ) ;
#423 = EDGE_CURVE ( 'NONE', #2150, #194, #2534, .T. ) ;
#424 = EDGE_LOOP ( 'NONE', ( #1594, #854, #1887, #2338, #107 ) ) ;
#425 = CARTESIAN_POINT ( 'NONE',  ( 0.0000000000000000000, 23.00000000000000000, 3.000000000000000000 ) ) ;
#426 = DIRECTION ( 'NONE',  ( 0.0000000000000000000, 0.0000000000000000000, 1.000000000000000000 ) ) ;
#427 = EDGE_LOOP ( 'NONE', ( #1447, #821, #1319, #1739 ) ) ;
#428 = VECTOR ( 'NONE', #949, 1000.000000000000000 ) ;
#429 = DIRECTION ( 'NONE',  ( -1.000000000000000000, 0.0000000000000000000, 0.0000000000000000000 ) ) ;
#430 = CARTESIAN_POINT ( 'NONE',  ( -6.989878284884547988, 20.64978448275864054, 3.000000000000000000 ) ) ;
#431 = VERTEX_POINT ( 'NONE', #937 ) ;
#432 = CARTESIAN_POINT ( 'NONE',  ( 8.500000000000000000, 1.040949779275250140E-15, 0.0000000000000000000 ) ) ;
#433 = EDGE_CURVE ( 'NONE', #1047, #2129, #1465, .T. ) ;
#434 = EDGE_LOOP ( 'NONE', ( #380, #2168, #6, #2149 ) ) ;
#435 = ORIENTED_EDGE ( 'NONE', *, *, #309, .F. ) ;
#436 = AXIS2_PLACEMENT_3D ( 'NONE', #1816, #599, #1606 ) ;
#437 = CARTESIAN_POINT ( 'NONE',  ( -13.51376468411005050, 5.256249999999999645, 0.4999999999999987232 ) ) ;
#438 = LINE ( 'NONE', #1428, #117 ) ;
#439 = DIRECTION ( 'NONE',  ( -0.0000000000000000000, -0.0000000000000000000, -1.000000000000000000 ) ) ;
#440 = CARTESIAN_POINT ( 'NONE',  ( 4.249999999999996447, -7.361215932167729292, 4.999999999999999112 ) ) ;
#441 = ORIENTED_EDGE ( 'NONE', *, *, #2089, .T. ) ;
#442 = PRODUCT_DEFINITION_FORMATION_WITH_SPECIFIED_SOURCE ( 'ä»', '', #1070, .NOT_KNOWN. ) ;
#443 = CARTESIAN_POINT ( 'NONE',  ( -13.88464506172839563, 4.179309932252139426, 1.500000000000003109 ) ) ;
#444 = ORIENTED_EDGE ( 'NONE', *, *, #978, .F. ) ;
#445 = ORIENTED_EDGE ( 'NONE', *, *, #266, .F. ) ;
#446 = CARTESIAN_POINT ( 'NONE',  ( -5.999999999999998224, -10.39230484541326760, 3.000000000000000444 ) ) ;
#447 = CARTESIAN_POINT ( 'NONE',  ( 7.455870170543476227, 20.83103448275862490, 4.500000000000000000 ) ) ;
#448 = VECTOR ( 'NONE', #710, 1000.000000000000000 ) ;
#449 = CARTESIAN_POINT ( 'NONE',  ( -5.999999999999998224, -10.39230484541326760, -1.402220585023716934E-15 ) ) ;
#450 = DIRECTION ( 'NONE',  ( -0.6590120446547185207, -0.2563262081801228054, 0.7071067811865530128 ) ) ;
#451 = ADVANCED_FACE ( 'NONE', ( #924 ), #326, .T. ) ;
#452 = CONICAL_SURFACE ( 'NONE', #657, 8.000000000000000000, 0.7853981633974482790 ) ;
#453 =( LENGTH_UNIT ( ) NAMED_UNIT ( * ) SI_UNIT ( .MILLI., .METRE. ) );
#454 = ORIENTED_EDGE ( 'NONE', *, *, #1272, .T. ) ;
#455 = VERTEX_POINT ( 'NONE', #532 ) ;
#456 = AXIS2_PLACEMENT_3D ( 'NONE', #33, #1037, #845 ) ;
#457 = LINE ( 'NONE', #1427, #325 ) ;
#458 = CIRCLE ( 'NONE', #2398, 3.499999999999999556 ) ;
#459 = DIRECTION ( 'NONE',  ( -0.0000000000000000000, -0.0000000000000000000, -1.000000000000000000 ) ) ;
#460 = EDGE_CURVE ( 'NONE', #173, #989, #2046, .T. ) ;
#461 = DIRECTION ( 'NONE',  ( -0.6590120446547260702, -0.2563262081801234160, -0.7071067811865456854 ) ) ;
#462 = CYLINDRICAL_SURFACE ( 'NONE', #2451, 8.000000000000000000 ) ;
#463 = ORIENTED_EDGE ( 'NONE', *, *, #1811, .F. ) ;
#464 = CIRCLE ( 'NONE', #2186, 9.999999999999998224 ) ;
#465 = EDGE_CURVE ( 'NONE', #2257, #647, #1591, .T. ) ;
#466 = CIRCLE ( 'NONE', #1631, 8.500000000000000000 ) ;
#467 = DIRECTION ( 'NONE',  ( 0.5137544246033624029, 0.4858563483175474818, -0.7071067811865517916 ) ) ;
#468 = DIRECTION ( 'NONE',  ( 1.000000000000000000, 6.938893903907231533E-15, 0.0000000000000000000 ) ) ;
#469 = AXIS2_PLACEMENT_3D ( 'NONE', #1613, #426, #386 ) ;
#470 = VERTEX_POINT ( 'NONE', #149 ) ;
#471 = CARTESIAN_POINT ( 'NONE',  ( -12.92708333333333215, -3.891081661062335328, 5.000000000000000000 ) ) ;
#472 = EDGE_CURVE ( 'NONE', #2016, #317, #2583, .T. ) ;
#473 = FACE_BOUND ( 'NONE', #2383, .T. ) ;
#474 = CONICAL_SURFACE ( 'NONE', #1767, 0.4999999999999970024, 0.7853981633974447263 ) ;
#475 = DIRECTION ( 'NONE',  ( 1.000000000000000000, 0.0000000000000000000, 0.0000000000000000000 ) ) ;
#476 = DIRECTION ( 'NONE',  ( 0.0000000000000000000, 0.0000000000000000000, -1.000000000000000000 ) ) ;
#477 = CARTESIAN_POINT ( 'NONE',  ( 0.0000000000000000000, 17.93103448275862632, 3.000000000000000000 ) ) ;
#478 = CARTESIAN_POINT ( 'NONE',  ( -13.04777279845109028, 5.075000000000003730, 5.000000000000000000 ) ) ;
#479 = EDGE_LOOP ( 'NONE', ( #1478, #1165, #1936, #1161 ) ) ;
#480 = ORIENTED_EDGE ( 'NONE', *, *, #673, .F. ) ;
#481 = DIRECTION ( 'NONE',  ( 1.000000000000000000, 0.0000000000000000000, 0.0000000000000000000 ) ) ;
#482 = DIRECTION ( 'NONE',  ( -1.000000000000000000, 0.0000000000000000000, 0.0000000000000000000 ) ) ;
#483 = ADVANCED_FACE ( 'NONE', ( #174 ), #1232, .T. ) ;
#484 = LINE ( 'NONE', #887, #1252 ) ;
#485 = DIRECTION ( 'NONE',  ( -1.000000000000000000, 0.0000000000000000000, 0.0000000000000000000 ) ) ;
#486 = DIRECTION ( 'NONE',  ( -1.000000000000000000, 0.0000000000000000000, 0.0000000000000000000 ) ) ;
#487 = FACE_OUTER_BOUND ( 'NONE', #1529, .T. ) ;
#488 = EDGE_CURVE ( 'NONE', #2218, #2005, #2090, .T. ) ;
#489 = EDGE_LOOP ( 'NONE', ( #265, #2134, #1438, #463 ) ) ;
#490 = EDGE_CURVE ( 'NONE', #575, #131, #2402, .T. ) ;
#491 = CARTESIAN_POINT ( 'NONE',  ( 8.000000000000000000, 0.0000000000000000000, 4.500000000000000000 ) ) ;
#492 = DIRECTION ( 'NONE',  ( 0.0000000000000000000, 0.0000000000000000000, 1.000000000000000000 ) ) ;
#493 = CIRCLE ( 'NONE', #828, 14.50000000000000000 ) ;
#494 = CARTESIAN_POINT ( 'NONE',  ( -10.11280509500355862, 13.53036842941737028, 3.329728786708392452 ) ) ;
#495 = DIRECTION ( 'NONE',  ( -0.0000000000000000000, -0.0000000000000000000, -1.000000000000000000 ) ) ;
#496 = VECTOR ( 'NONE', #2418, 1000.000000000000000 ) ;
#497 = CARTESIAN_POINT ( 'NONE',  ( -12.92708333333333215, 3.891081661062335328, 5.000000000000000000 ) ) ;
#498 = DIRECTION ( 'NONE',  ( -1.000000000000000000, 0.0000000000000000000, 0.0000000000000000000 ) ) ;
#499 = AXIS2_PLACEMENT_3D ( 'NONE', #706, #1562, #2373 ) ;
#500 = EDGE_CURVE ( 'NONE', #173, #2173, #622, .T. ) ;
#501 = VECTOR ( 'NONE', #2136, 1000.000000000000000 ) ;
#502 = FACE_OUTER_BOUND ( 'NONE', #885, .T. ) ;
#503 = LINE ( 'NONE', #2328, #2463 ) ;
#504 = ORIENTED_EDGE ( 'NONE', *, *, #748, .T. ) ;
#505 = DIRECTION ( 'NONE',  ( 1.000000000000000000, 0.0000000000000000000, 0.0000000000000000000 ) ) ;
#506 = CLOSED_SHELL ( 'NONE', ( #752, #91, #229, #1785, #1747, #2217, #1659, #690, #2059, #1094, #2273, #1699, #2599, #1862, #2111, #1883, #210, #192, #2466, #516, #165, #44, #1029, #838, #1269, #545, #1401, #112, #903, #565, #1431, #664, #292, #451, #2637, #2268, #2462, #1876, #2396, #1435, #2075, #714, #2251, #2403, #1932, #1021, #1583, #914, #570, #1666, #141, #1333, #389, #1841, #2153, #1388, #1001, #218, #793, #1951, #2639, #2434, #2419, #1821, #1565, #1102, #2333, #1146, #530, #1508, #2240, #1231, #1568, #2342, #346, #375, #1999, #2142, #2372, #483, #774, #2552, #382, #1418, #2346, #982, #2038, #936, #126, #1150 ) ) ;
#507 = DIRECTION ( 'NONE',  ( 0.5150522442413141277, -0.4844803254023648531, -0.7071067811865506814 ) ) ;
#508 = AXIS2_PLACEMENT_3D ( 'NONE', #537, #373, #2114 ) ;
#509 = DIRECTION ( 'NONE',  ( 0.6590120446547257371, 0.2563262081801241932, -0.7071067811865456854 ) ) ;
#510 = DIRECTION ( 'NONE',  ( -1.000000000000000000, 0.0000000000000000000, 0.0000000000000000000 ) ) ;
#511 = ORIENTED_EDGE ( 'NONE', *, *, #2164, .T. ) ;
#512 = PRODUCT_DEFINITION_CONTEXT ( 'detailed design', #10, 'design' ) ;
#513 = LINE ( 'NONE', #491, #101 ) ;
#514 = CARTESIAN_POINT ( 'NONE',  ( -5.999999999999999112, -10.39230484541326760, 3.751075773784451339 ) ) ;
#515 = ORIENTED_EDGE ( 'NONE', *, *, #763, .T. ) ;
#516 = ADVANCED_FACE ( 'NONE', ( #814 ), #8, .T. ) ;
#517 = DIRECTION ( 'NONE',  ( -0.0000000000000000000, -0.0000000000000000000, -1.000000000000000000 ) ) ;
#518 = CARTESIAN_POINT ( 'NONE',  ( -4.750000000000009770, 10.39230484541326582, -1.402220585023716934E-15 ) ) ;
#519 = DIRECTION ( 'NONE',  ( -0.0000000000000000000, -0.0000000000000000000, -1.000000000000000000 ) ) ;
#520 = EDGE_CURVE ( 'NONE', #2401, #82, #772, .T. ) ;
#521 = CYLINDRICAL_SURFACE ( 'NONE', #1026, 3.000000000000000000 ) ;
#522 = CONICAL_SURFACE ( 'NONE', #860, 13.99999999999999822, 0.7853981633974533860 ) ;
#523 = ORIENTED_EDGE ( 'NONE', *, *, #1023, .T. ) ;
#524 = AXIS2_PLACEMENT_3D ( 'NONE', #1998, #195, #2193 ) ;
#525 = ORIENTED_EDGE ( 'NONE', *, *, #1605, .T. ) ;
#526 = CARTESIAN_POINT ( 'NONE',  ( 9.648246195564855299, -10.23542486986152333, 1.934051527328088049 ) ) ;
#527 = DIRECTION ( 'NONE',  ( 0.0000000000000000000, 0.0000000000000000000, -1.000000000000000000 ) ) ;
#528 = DIRECTION ( 'NONE',  ( -0.0000000000000000000, -0.0000000000000000000, -1.000000000000000000 ) ) ;
#529 = LINE ( 'NONE', #2332, #1760 ) ;
#530 = ADVANCED_FACE ( 'NONE', ( #220 ), #2623, .F. ) ;
#531 = VECTOR ( 'NONE', #832, 1000.000000000000000 ) ;
#532 = CARTESIAN_POINT ( 'NONE',  ( 2.000000000000002220, 23.00000000000000000, 11.50000000000000000 ) ) ;
#533 = LINE ( 'NONE', #2335, #2602 ) ;
#534 = AXIS2_PLACEMENT_3D ( 'NONE', #1808, #1366, #619 ) ;
#535 = ORIENTED_EDGE ( 'NONE', *, *, #842, .T. ) ;
#536 = EDGE_CURVE ( 'NONE', #569, #2271, #2241, .T. ) ;
#537 = CARTESIAN_POINT ( 'NONE',  ( -12.92708333333333215, 3.891081661062335328, 5.000000000000000000 ) ) ;
#538 = CIRCLE ( 'NONE', #1840, 3.499999999999996891 ) ;
#539 = ORIENTED_EDGE ( 'NONE', *, *, #1032, .T. ) ;
#540 = AXIS2_PLACEMENT_3D ( 'NONE', #190, #1639, #2242 ) ;
#541 = CARTESIAN_POINT ( 'NONE',  ( 0.0000000000000000000, 0.0000000000000000000, 4.500000000000000000 ) ) ;
#542 = LINE ( 'NONE', #1915, #2590 ) ;
#543 = VERTEX_POINT ( 'NONE', #1615 ) ;
#544 = EDGE_LOOP ( 'NONE', ( #972, #761, #1716, #1287 ) ) ;
#545 = ADVANCED_FACE ( 'NONE', ( #963 ), #1771, .F. ) ;
#546 = DIRECTION ( 'NONE',  ( -0.0000000000000000000, -0.0000000000000000000, 1.000000000000000000 ) ) ;
#547 = CARTESIAN_POINT ( 'NONE',  ( -7.249999999999997335, -10.39230484541326760, 3.000000000000000444 ) ) ;
#548 = DIRECTION ( 'NONE',  ( 1.000000000000000000, 0.0000000000000000000, 0.0000000000000000000 ) ) ;
#549 = CARTESIAN_POINT ( 'NONE',  ( 6.000000000000004441, 10.39230484541326227, 5.000000000000000000 ) ) ;
#550 = CONICAL_SURFACE ( 'NONE', #2145, 8.500000000000000000, 0.7853981633974482790 ) ;
#551 = VERTEX_POINT ( 'NONE', #1782 ) ;
#552 = ORIENTED_EDGE ( 'NONE', *, *, #298, .F. ) ;
#553 = CARTESIAN_POINT ( 'NONE',  ( -13.60000000000000320, 0.0000000000000000000, 12.50000000000000000 ) ) ;
#554 = EDGE_CURVE ( 'NONE', #470, #2468, #2212, .T. ) ;
#555 = CARTESIAN_POINT ( 'NONE',  ( 3.820324574990202393, -12.45361875688050723, 4.499999999999994671 ) ) ;
#556 = ORIENTED_EDGE ( 'NONE', *, *, #1541, .F. ) ;
#557 = VECTOR ( 'NONE', #143, 1000.000000000000000 ) ;
#558 = ORIENTED_EDGE ( 'NONE', *, *, #1235, .T. ) ;
#559 = DIRECTION ( 'NONE',  ( -0.0000000000000000000, -0.0000000000000000000, -1.000000000000000000 ) ) ;
#560 = FACE_OUTER_BOUND ( 'NONE', #424, .T. ) ;
#561 = EDGE_LOOP ( 'NONE', ( #1191, #2537, #968, #1980 ) ) ;
#562 = DIRECTION ( 'NONE',  ( 0.3625000000000000999, -0.9319837713179345284, -0.0000000000000000000 ) ) ;
#563 = CARTESIAN_POINT ( 'NONE',  ( -12.69531249999999822, -2.918311245796747500, 4.499999999999994671 ) ) ;
#564 = DIRECTION ( 'NONE',  ( 1.000000000000000000, 0.0000000000000000000, 0.0000000000000000000 ) ) ;
#565 = ADVANCED_FACE ( 'NONE', ( #633 ), #831, .T. ) ;
#566 = AXIS2_PLACEMENT_3D ( 'NONE', #2523, #1068, #1872 ) ;
#567 = CARTESIAN_POINT ( 'NONE',  ( -13.71635844322419828, 3.265943236469362798, 1.900317110076718441 ) ) ;
#568 = ORIENTED_EDGE ( 'NONE', *, *, #2440, .T. ) ;
#569 = VERTEX_POINT ( 'NONE', #1210 ) ;
#570 = ADVANCED_FACE ( 'NONE', ( #1387 ), #2007, .T. ) ;
#571 = ORIENTED_EDGE ( 'NONE', *, *, #855, .F. ) ;
#572 = DIRECTION ( 'NONE',  ( 1.000000000000000000, 0.0000000000000000000, 0.0000000000000000000 ) ) ;
#573 = PLANE ( 'NONE',  #1005 ) ;
#574 = ORIENTED_EDGE ( 'NONE', *, *, #41, .T. ) ;
#575 = VERTEX_POINT ( 'NONE', #1415 ) ;
#576 = CARTESIAN_POINT ( 'NONE',  ( 6.000000000000004441, 10.39230484541326227, 5.000000000000000000 ) ) ;
#577 = FACE_OUTER_BOUND ( 'NONE', #419, .T. ) ;
#578 = EDGE_LOOP ( 'NONE', ( #480, #402, #2518, #1400 ) ) ;
#579 = CARTESIAN_POINT ( 'NONE',  ( 2.000000000000000888, 23.00000000000000000, 12.50000000000000000 ) ) ;
#580 = CIRCLE ( 'NONE', #1502, 4.000000000000000000 ) ;
#581 = EDGE_CURVE ( 'NONE', #2401, #784, #203, .T. ) ;
#582 = EDGE_CURVE ( 'NONE', #255, #238, #538, .T. ) ;
#583 = VECTOR ( 'NONE', #1223, 1000.000000000000114 ) ;
#584 = CARTESIAN_POINT ( 'NONE',  ( 13.51376468411004517, 5.256250000000008527, 0.4999999999999987232 ) ) ;
#585 = DIRECTION ( 'NONE',  ( 1.000000000000000000, 0.0000000000000000000, 0.0000000000000000000 ) ) ;
#586 = EDGE_LOOP ( 'NONE', ( #1376, #824, #1976, #2025 ) ) ;
#587 = AXIS2_PLACEMENT_3D ( 'NONE', #1471, #1835, #233 ) ;
#588 = ORIENTED_EDGE ( 'NONE', *, *, #1850, .T. ) ;
#589 = CIRCLE ( 'NONE', #2047, 0.4999999999999987232 ) ;
#590 = DIRECTION ( 'NONE',  ( 0.0000000000000000000, 0.0000000000000000000, -1.000000000000000000 ) ) ;
#591 = DIRECTION ( 'NONE',  ( -1.000000000000000000, 0.0000000000000000000, 0.0000000000000000000 ) ) ;
#592 = EDGE_LOOP ( 'NONE', ( #771, #2427, #97, #1597 ) ) ;
#593 = ORIENTED_EDGE ( 'NONE', *, *, #98, .F. ) ;
#594 = AXIS2_PLACEMENT_3D ( 'NONE', #1538, #758, #1551 ) ;
#595 = ORIENTED_EDGE ( 'NONE', *, *, #1536, .T. ) ;
#596 = DIRECTION ( 'NONE',  ( -1.000000000000000000, 0.0000000000000000000, 0.0000000000000000000 ) ) ;
#597 = DIRECTION ( 'NONE',  ( -0.0000000000000000000, -0.0000000000000000000, -1.000000000000000000 ) ) ;
#598 = EDGE_CURVE ( 'NONE', #2371, #780, #1553, .T. ) ;
#599 = DIRECTION ( 'NONE',  ( -0.0000000000000000000, -0.0000000000000000000, -1.000000000000000000 ) ) ;
#600 = CIRCLE ( 'NONE', #36, 1.000000000000000888 ) ;
#601 = EDGE_LOOP ( 'NONE', ( #741, #1961, #1487, #295 ) ) ;
#602 = DIRECTION ( 'NONE',  ( -1.000000000000000000, 0.0000000000000000000, 0.0000000000000000000 ) ) ;
#603 = ORIENTED_EDGE ( 'NONE', *, *, #2555, .T. ) ;
#604 = ORIENTED_EDGE ( 'NONE', *, *, #1994, .T. ) ;
#605 = AXIS2_PLACEMENT_3D ( 'NONE', #1658, #652, #642 ) ;
#606 = DIRECTION ( 'NONE',  ( 0.0000000000000000000, 0.0000000000000000000, 1.000000000000000000 ) ) ;
#607 = CARTESIAN_POINT ( 'NONE',  ( 0.0000000000000000000, 23.00000000000000000, 11.50000000000000000 ) ) ;
#608 = ORIENTED_EDGE ( 'NONE', *, *, #1263, .F. ) ;
#609 = EDGE_CURVE ( 'NONE', #2005, #1464, #1813, .T. ) ;
#610 = CARTESIAN_POINT ( 'NONE',  ( 13.04777279845109028, 5.075000000000002842, 0.0000000000000000000 ) ) ;
#611 = DIRECTION ( 'NONE',  ( 0.0000000000000000000, 0.0000000000000000000, 1.000000000000000000 ) ) ;
#612 = EDGE_CURVE ( 'NONE', #1057, #543, #2357, .T. ) ;
#613 = DIRECTION ( 'NONE',  ( -0.0000000000000000000, -0.0000000000000000000, -1.000000000000000000 ) ) ;
#614 = VERTEX_POINT ( 'NONE', #2459 ) ;
#615 = LINE ( 'NONE', #1775, #1656 ) ;
#616 = ORIENTED_EDGE ( 'NONE', *, *, #995, .T. ) ;
#617 = ORIENTED_EDGE ( 'NONE', *, *, #465, .F. ) ;
#618 = CIRCLE ( 'NONE', #358, 1.600000000000000755 ) ;
#619 = DIRECTION ( 'NONE',  ( 1.000000000000000000, 0.0000000000000000000, 0.0000000000000000000 ) ) ;
#620 = DIRECTION ( 'NONE',  ( -0.0000000000000000000, -0.0000000000000000000, 1.000000000000000000 ) ) ;
#621 = ORIENTED_EDGE ( 'NONE', *, *, #2297, .F. ) ;
#622 = LINE ( 'NONE', #189, #1249 ) ;
#623 = EDGE_CURVE ( 'NONE', #1948, #1464, #66, .T. ) ;
#624 = CARTESIAN_POINT ( 'NONE',  ( -13.63333258345548415, -3.183118387507909208, 2.000000000000000000 ) ) ;
#625 = CARTESIAN_POINT ( 'NONE',  ( -12.00000000000000178, 0.0000000000000000000, 4.499999999999994671 ) ) ;
#626 = ORIENTED_EDGE ( 'NONE', *, *, #2581, .F. ) ;
#627 = CIRCLE ( 'NONE', #2087, 0.4999999999999970024 ) ;
#628 = ORIENTED_EDGE ( 'NONE', *, *, #2363, .F. ) ;
#629 = ORIENTED_EDGE ( 'NONE', *, *, #536, .F. ) ;
#630 = CARTESIAN_POINT ( 'NONE',  ( 0.0000000000000000000, 0.0000000000000000000, 4.500000000000000000 ) ) ;
#631 = CYLINDRICAL_SURFACE ( 'NONE', #1128, 1.249999999999994227 ) ;
#632 = CIRCLE ( 'NONE', #712, 14.50000000000000000 ) ;
#633 = FACE_OUTER_BOUND ( 'NONE', #2629, .T. ) ;
#634 = DIRECTION ( 'NONE',  ( -0.0000000000000000000, -0.0000000000000000000, -1.000000000000000000 ) ) ;
#635 = CARTESIAN_POINT ( 'NONE',  ( -13.63333258345548415, -3.183118387507909208, 2.000000000000000000 ) ) ;
#636 = VERTEX_POINT ( 'NONE', #2485 ) ;
#637 = ORIENTED_EDGE ( 'NONE', *, *, #2259, .T. ) ;
#638 = ORIENTED_EDGE ( 'NONE', *, *, #2541, .F. ) ;
#639 = CIRCLE ( 'NONE', #2057, 3.000000000000000888 ) ;
#640 = EDGE_CURVE ( 'NONE', #431, #2392, #2228, .T. ) ;
#641 = DIRECTION ( 'NONE',  ( -0.0000000000000000000, -0.0000000000000000000, -1.000000000000000000 ) ) ;
#642 = DIRECTION ( 'NONE',  ( 1.000000000000000000, 0.0000000000000000000, 0.0000000000000000000 ) ) ;
#643 = CIRCLE ( 'NONE', #2504, 14.00000000000000000 ) ;
#644 = DIRECTION ( 'NONE',  ( 1.000000000000000000, 0.0000000000000000000, 0.0000000000000000000 ) ) ;
#645 = CARTESIAN_POINT ( 'NONE',  ( 0.0000000000000000000, 17.93103448275862632, 3.000000000000000000 ) ) ;
#646 = VERTEX_POINT ( 'NONE', #1638 ) ;
#647 = VERTEX_POINT ( 'NONE', #1030 ) ;
#648 = EDGE_CURVE ( 'NONE', #1620, #551, #1079, .T. ) ;
#649 = ORIENTED_EDGE ( 'NONE', *, *, #520, .F. ) ;
#650 = ORIENTED_EDGE ( 'NONE', *, *, #1853, .F. ) ;
#651 = FACE_OUTER_BOUND ( 'NONE', #1188, .T. ) ;
#652 = DIRECTION ( 'NONE',  ( 0.0000000000000000000, 0.0000000000000000000, 1.000000000000000000 ) ) ;
#653 = EDGE_CURVE ( 'NONE', #646, #1738, #1842, .T. ) ;
#654 = DIRECTION ( 'NONE',  ( 0.0000000000000000000, 0.0000000000000000000, -1.000000000000000000 ) ) ;
#655 = FACE_OUTER_BOUND ( 'NONE', #268, .T. ) ;
#656 = VERTEX_POINT ( 'NONE', #2069 ) ;
#657 = AXIS2_PLACEMENT_3D ( 'NONE', #1898, #1933, #2130 ) ;
#658 = DIRECTION ( 'NONE',  ( 1.000000000000000000, 0.0000000000000000000, 0.0000000000000000000 ) ) ;
#659 = DIRECTION ( 'NONE',  ( -0.7071067811865487940, 8.659560562354950115E-17, 0.7071067811865463515 ) ) ;
#660 = EDGE_LOOP ( 'NONE', ( #2315, #727, #31, #2558, #891, #637 ) ) ;
#661 = VERTEX_POINT ( 'NONE', #682 ) ;
#662 = ORIENTED_EDGE ( 'NONE', *, *, #1422, .F. ) ;
#663 = CIRCLE ( 'NONE', #1326, 1.600000000000000755 ) ;
#664 = ADVANCED_FACE ( 'NONE', ( #1442 ), #1242, .F. ) ;
#665 = DIRECTION ( 'NONE',  ( 0.0000000000000000000, 0.0000000000000000000, -1.000000000000000000 ) ) ;
#666 = AXIS2_PLACEMENT_3D ( 'NONE', #118, #1329, #907 ) ;
#667 = DIRECTION ( 'NONE',  ( 0.3625000000000000444, -0.9319837713179344174, 0.0000000000000000000 ) ) ;
#668 = EDGE_CURVE ( 'NONE', #1386, #2468, #2305, .T. ) ;
#669 = CARTESIAN_POINT ( 'NONE',  ( -12.00000000000000178, 0.0000000000000000000, 0.0000000000000000000 ) ) ;
#670 = DIRECTION ( 'NONE',  ( 1.000000000000000000, 0.0000000000000000000, 0.0000000000000000000 ) ) ;
#671 = VECTOR ( 'NONE', #562, 999.9999999999998863 ) ;
#672 = CARTESIAN_POINT ( 'NONE',  ( 6.000000000000004441, 10.39230484541326227, 5.000000000000000000 ) ) ;
#673 = EDGE_CURVE ( 'NONE', #391, #317, #632, .T. ) ;
#674 = CARTESIAN_POINT ( 'NONE',  ( 0.0000000000000000000, 0.0000000000000000000, 5.000000000000000000 ) ) ;
#675 = ORIENTED_EDGE ( 'NONE', *, *, #1382, .T. ) ;
#676 = ORIENTED_EDGE ( 'NONE', *, *, #859, .F. ) ;
#677 = AXIS2_PLACEMENT_3D ( 'NONE', #1979, #2592, #1780 ) ;
#678 = ORIENTED_EDGE ( 'NONE', *, *, #1298, .F. ) ;
#679 = CARTESIAN_POINT ( 'NONE',  ( 14.50000000000000000, 1.775737858763662015E-15, 4.500000000000000000 ) ) ;
#680 = FACE_BOUND ( 'NONE', #790, .T. ) ;
#681 = CONICAL_SURFACE ( 'NONE', #164, 3.000000000000000888, 0.7853981633974447263 ) ;
#682 = CARTESIAN_POINT ( 'NONE',  ( -2.000000000000000888, 23.00000000000000000, 5.000000000000000000 ) ) ;
#683 = CARTESIAN_POINT ( 'NONE',  ( -5.999999999999998224, 10.39230484541326582, 3.000000000000000444 ) ) ;
#684 = EDGE_CURVE ( 'NONE', #1927, #2431, #2429, .T. ) ;
#685 = AXIS2_PLACEMENT_3D ( 'NONE', #46, #2508, #278 ) ;
#686 = LINE ( 'NONE', #1688, #124 ) ;
#687 = LINE ( 'NONE', #1082, #1318 ) ;
#688 = ORIENTED_EDGE ( 'NONE', *, *, #653, .T. ) ;
#689 = ORIENTED_EDGE ( 'NONE', *, *, #2440, .F. ) ;
#690 = ADVANCED_FACE ( 'NONE', ( #1881 ), #1278, .F. ) ;
#691 = ORIENTED_EDGE ( 'NONE', *, *, #2246, .F. ) ;
#692 = ORIENTED_EDGE ( 'NONE', *, *, #433, .T. ) ;
#693 = DIRECTION ( 'NONE',  ( -1.000000000000000000, 0.0000000000000000000, 0.0000000000000000000 ) ) ;
#694 = FACE_BOUND ( 'NONE', #1276, .T. ) ;
#695 = CARTESIAN_POINT ( 'NONE',  ( 0.0000000000000000000, 0.0000000000000000000, 0.5000000000000004441 ) ) ;
#696 = LINE ( 'NONE', #1848, #333 ) ;
#697 = AXIS2_PLACEMENT_3D ( 'NONE', #1105, #1317, #2378 ) ;
#698 = EDGE_CURVE ( 'NONE', #784, #2401, #2526, .T. ) ;
#699 = DIRECTION ( 'NONE',  ( 1.000000000000000000, 0.0000000000000000000, 0.0000000000000000000 ) ) ;
#700 = DIRECTION ( 'NONE',  ( 1.000000000000000000, 0.0000000000000000000, 0.0000000000000000000 ) ) ;
#701 = VECTOR ( 'NONE', #2327, 1000.000000000000000 ) ;
#702 = DIRECTION ( 'NONE',  ( 1.000000000000000000, 0.0000000000000000000, 0.0000000000000000000 ) ) ;
#703 = CARTESIAN_POINT ( 'NONE',  ( 0.0000000000000000000, 0.0000000000000000000, 0.0000000000000000000 ) ) ;
#704 = AXIS2_PLACEMENT_3D ( 'NONE', #2428, #2603, #782 ) ;
#705 = AXIS2_PLACEMENT_3D ( 'NONE', #2197, #987, #2441 ) ;
#706 = CARTESIAN_POINT ( 'NONE',  ( 0.0000000000000000000, 0.0000000000000000000, 5.000000000000000000 ) ) ;
#707 = DIRECTION ( 'NONE',  ( 1.000000000000000000, 0.0000000000000000000, 0.0000000000000000000 ) ) ;
#708 = VECTOR ( 'NONE', #23, 1000.000000000000000 ) ;
#709 = LINE ( 'NONE', #2567, #671 ) ;
#710 = DIRECTION ( 'NONE',  ( -0.8571673007021118895, 0.0000000000000000000, -0.5150380749100549327 ) ) ;
#711 = ORIENTED_EDGE ( 'NONE', *, *, #944, .T. ) ;
#712 = AXIS2_PLACEMENT_3D ( 'NONE', #73, #260, #282 ) ;
#713 = VECTOR ( 'NONE', #1164, 1000.000000000000114 ) ;
#714 = ADVANCED_FACE ( 'NONE', ( #1645, #2280 ), #2471, .F. ) ;
#715 = LINE ( 'NONE', #2544, #701 ) ;
#716 = DIRECTION ( 'NONE',  ( -1.000000000000000000, 0.0000000000000000000, 0.0000000000000000000 ) ) ;
#717 = ORIENTED_EDGE ( 'NONE', *, *, #59, .F. ) ;
#718 = EDGE_CURVE ( 'NONE', #2150, #398, #464, .T. ) ;
#719 = CARTESIAN_POINT ( 'NONE',  ( 7.455870170543476227, 20.83103448275862490, 5.000000000000000000 ) ) ;
#720 = AXIS2_PLACEMENT_3D ( 'NONE', #224, #207, #2191 ) ;
#721 = DIRECTION ( 'NONE',  ( -1.000000000000000000, 0.0000000000000000000, 0.0000000000000000000 ) ) ;
#722 = VECTOR ( 'NONE', #467, 1000.000000000000000 ) ;
#723 = CARTESIAN_POINT ( 'NONE',  ( -5.272129985158913179, 13.91954596842270853, 0.0000000000000000000 ) ) ;
#724 = DIRECTION ( 'NONE',  ( -1.000000000000000000, 0.0000000000000000000, 0.0000000000000000000 ) ) ;
#725 = ORIENTED_EDGE ( 'NONE', *, *, #864, .T. ) ;
#726 = DIRECTION ( 'NONE',  ( 1.000000000000000000, 0.0000000000000000000, 0.0000000000000000000 ) ) ;
#727 = ORIENTED_EDGE ( 'NONE', *, *, #2012, .T. ) ;
#728 = EDGE_CURVE ( 'NONE', #213, #1000, #61, .T. ) ;
#729 = DIRECTION ( 'NONE',  ( -0.0000000000000000000, -0.0000000000000000000, 1.000000000000000000 ) ) ;
#730 = DIRECTION ( 'NONE',  ( 0.0000000000000000000, 0.0000000000000000000, 1.000000000000000000 ) ) ;
#731 = VERTEX_POINT ( 'NONE', #2498 ) ;
#732 = CARTESIAN_POINT ( 'NONE',  ( -12.92708333333333215, 3.891081661062335328, 4.499999999999994671 ) ) ;
#733 = CARTESIAN_POINT ( 'NONE',  ( -5.021076176341821906, 14.35194854135496101, 3.000000000000000000 ) ) ;
#734 = CARTESIAN_POINT ( 'NONE',  ( 5.277358105087843754, 25.05265625000001606, 3.000000000000000000 ) ) ;
#735 = DIRECTION ( 'NONE',  ( 1.000000000000000000, 0.0000000000000000000, 0.0000000000000000000 ) ) ;
#736 = VECTOR ( 'NONE', #1772, 1000.000000000000000 ) ;
#737 = CARTESIAN_POINT ( 'NONE',  ( 13.51376468411004517, 5.256250000000008527, 5.000000000000000000 ) ) ;
#738 = DIRECTION ( 'NONE',  ( -0.7071067811865474617, 8.659560562354932858E-17, 0.7071067811865474617 ) ) ;
#739 = DIRECTION ( 'NONE',  ( 0.0000000000000000000, 0.0000000000000000000, -1.000000000000000000 ) ) ;
#740 = ORIENTED_EDGE ( 'NONE', *, *, #2147, .T. ) ;
#741 = ORIENTED_EDGE ( 'NONE', *, *, #1893, .F. ) ;
#742 = VERTEX_POINT ( 'NONE', #2295 ) ;
#743 = DIRECTION ( 'NONE',  ( 0.0000000000000000000, 0.0000000000000000000, 1.000000000000000000 ) ) ;
#744 = LINE ( 'NONE', #1314, #338 ) ;
#745 = AXIS2_PLACEMENT_3D ( 'NONE', #1285, #320, #693 ) ;
#746 = DIRECTION ( 'NONE',  ( -1.000000000000000000, 0.0000000000000000000, 0.0000000000000000000 ) ) ;
#747 = CARTESIAN_POINT ( 'NONE',  ( -12.69531249999999822, -2.918311245796747500, 2.000000000000000000 ) ) ;
#748 = EDGE_CURVE ( 'NONE', #2235, #1057, #484, .T. ) ;
#749 = CARTESIAN_POINT ( 'NONE',  ( 3.696669497682306460, -13.95853003621916777, 1.561085031223102382 ) ) ;
#750 = AXIS2_PLACEMENT_3D ( 'NONE', #449, #1869, #835 ) ;
#751 = ORIENTED_EDGE ( 'NONE', *, *, #2376, .F. ) ;
#752 = ADVANCED_FACE ( 'NONE', ( #2509 ), #1468, .T. ) ;
#753 = CARTESIAN_POINT ( 'NONE',  ( 10.56171110248315692, -9.934800379860888597, 1.500000000000011546 ) ) ;
#754 = DIRECTION ( 'NONE',  ( -0.0000000000000000000, -0.0000000000000000000, -1.000000000000000000 ) ) ;
#755 = ORIENTED_EDGE ( 'NONE', *, *, #2438, .F. ) ;
#756 = VERTEX_POINT ( 'NONE', #1301 ) ;
#757 = CARTESIAN_POINT ( 'NONE',  ( 7.029506646878550313, 10.89272795789694470, 0.0000000000000000000 ) ) ;
#758 = DIRECTION ( 'NONE',  ( -0.0000000000000000000, -0.0000000000000000000, -1.000000000000000000 ) ) ;
#759 = EDGE_CURVE ( 'NONE', #367, #206, #27, .T. ) ;
#760 = FACE_OUTER_BOUND ( 'NONE', #489, .T. ) ;
#761 = ORIENTED_EDGE ( 'NONE', *, *, #2043, .T. ) ;
#762 = CARTESIAN_POINT ( 'NONE',  ( 10.75744173215029065, 12.34272795789694044, 3.499999999999960920 ) ) ;
#763 = EDGE_CURVE ( 'NONE', #1584, #2476, #1375, .T. ) ;
#764 = CARTESIAN_POINT ( 'NONE',  ( -13.92708333333333215, 3.891081661062335328, 1.539565474486369823 ) ) ;
#765 = ORIENTED_EDGE ( 'NONE', *, *, #2288, .T. ) ;
#766 = PRODUCT_RELATED_PRODUCT_CATEGORY ( 'part', '', ( #1070 ) ) ;
#767 = CIRCLE ( 'NONE', #1942, 14.00000000000000000 ) ;
#768 = ORIENTED_EDGE ( 'NONE', *, *, #1719, .F. ) ;
#769 = DIRECTION ( 'NONE',  ( -0.7071067811865474617, 0.0000000000000000000, -0.7071067811865474617 ) ) ;
#770 = DIRECTION ( 'NONE',  ( -0.3625000000000000999, 0.9319837713179345284, 0.0000000000000000000 ) ) ;
#771 = ORIENTED_EDGE ( 'NONE', *, *, #825, .F. ) ;
#772 = LINE ( 'NONE', #2444, #1629 ) ;
#773 = CARTESIAN_POINT ( 'NONE',  ( -9.000000000000001776, 0.0000000000000000000, 2.000000000000000000 ) ) ;
#774 = ADVANCED_FACE ( 'NONE', ( #1894 ), #1921, .T. ) ;
#775 = CARTESIAN_POINT ( 'NONE',  ( -12.00000000000000178, 0.0000000000000000000, 4.499999999999994671 ) ) ;
#776 = CIRCLE ( 'NONE', #1492, 0.9999999999999995559 ) ;
#777 = LINE ( 'NONE', #2013, #2256 ) ;
#778 = VECTOR ( 'NONE', #1985, 1000.000000000000114 ) ;
#779 = EDGE_LOOP ( 'NONE', ( #65, #2179, #1073 ) ) ;
#780 = VERTEX_POINT ( 'NONE', #1937 ) ;
#781 = EDGE_LOOP ( 'NONE', ( #1569, #2300, #1803, #2473 ) ) ;
#782 = DIRECTION ( 'NONE',  ( -1.000000000000000000, 0.0000000000000000000, 0.0000000000000000000 ) ) ;
#783 = DIRECTION ( 'NONE',  ( 1.000000000000000000, 0.0000000000000000000, 0.0000000000000000000 ) ) ;
#784 = VERTEX_POINT ( 'NONE', #310 ) ;
#785 = CARTESIAN_POINT ( 'NONE',  ( 0.0000000000000000000, 0.0000000000000000000, 5.000000000000000000 ) ) ;
#786 = FACE_OUTER_BOUND ( 'NONE', #407, .T. ) ;
#787 = CONICAL_SURFACE ( 'NONE', #1168, 0.4999999999999970024, 0.7853981633974447263 ) ;
#788 = DIRECTION ( 'NONE',  ( -1.000000000000000000, 0.0000000000000000000, 0.0000000000000000000 ) ) ;
#789 = AXIS2_PLACEMENT_3D ( 'NONE', #1148, #517, #1343 ) ;
#790 = EDGE_LOOP ( 'NONE', ( #1348, #1245 ) ) ;
#791 = AXIS2_PLACEMENT_3D ( 'NONE', #1574, #976, #2389 ) ;
#792 = DIRECTION ( 'NONE',  ( -1.000000000000000000, 0.0000000000000000000, 0.0000000000000000000 ) ) ;
#793 = ADVANCED_FACE ( 'NONE', ( #2531 ), #2094, .T. ) ;
#794 = VERTEX_POINT ( 'NONE', #1727 ) ;
#795 = AXIS2_PLACEMENT_3D ( 'NONE', #2520, #476, #1268 ) ;
#796 = DIRECTION ( 'NONE',  ( -1.000000000000000000, 0.0000000000000000000, 0.0000000000000000000 ) ) ;
#797 = DIRECTION ( 'NONE',  ( 0.3625000000000000999, 0.9319837713179345284, 0.0000000000000000000 ) ) ;
#798 = ORIENTED_EDGE ( 'NONE', *, *, #55, .T. ) ;
#799 = CIRCLE ( 'NONE', #2277, 2.000000000000002220 ) ;
#800 = EDGE_CURVE ( 'NONE', #1721, #756, #2274, .T. ) ;
#801 = CARTESIAN_POINT ( 'NONE',  ( 10.75744173215028887, 12.34272795789694044, 5.000000000000000000 ) ) ;
#802 = CARTESIAN_POINT ( 'NONE',  ( 6.989878284884515125, 20.64978448275862988, 5.000000000000000000 ) ) ;
#803 = CARTESIAN_POINT ( 'NONE',  ( 4.060004904892535293, -13.39837154926854978, 2.000000000000000000 ) ) ;
#804 = CIRCLE ( 'NONE', #1390, 7.500000000000007105 ) ;
#805 = ORIENTED_EDGE ( 'NONE', *, *, #1918, .F. ) ;
#806 = FACE_OUTER_BOUND ( 'NONE', #1424, .T. ) ;
#807 = VERTEX_POINT ( 'NONE', #2550 ) ;
#808 = VECTOR ( 'NONE', #459, 1000.000000000000000 ) ;
#809 = EDGE_CURVE ( 'NONE', #2129, #1047, #1967, .T. ) ;
#810 = PLANE ( 'NONE',  #2127 ) ;
#811 = B_SPLINE_CURVE_WITH_KNOTS ( 'NONE', 3,
 ( #930, #526, #1323, #2559, #1789, #981, #2612, #753 ),
 .UNSPECIFIED., .F., .F.,
 ( 4, 2, 2, 4 ),
 ( 0.0000000000000000000, 0.0003006648325850353864, 0.0006013296651700707728, 0.001202659330340141762 ),
 .UNSPECIFIED. ) ;
#812 = DIRECTION ( 'NONE',  ( 0.1638867279312549441, -0.6878525571719444898, -0.7071067811865501263 ) ) ;
#813 = ORIENTED_EDGE ( 'NONE', *, *, #301, .T. ) ;
#814 = FACE_OUTER_BOUND ( 'NONE', #1611, .T. ) ;
#815 = CARTESIAN_POINT ( 'NONE',  ( -12.92708333333333215, -3.891081661062335328, 5.000000000000000000 ) ) ;
#816 = CARTESIAN_POINT ( 'NONE',  ( 0.0000000000000000000, 40.00000000000000000, 0.4999999999999987232 ) ) ;
#817 = ORIENTED_EDGE ( 'NONE', *, *, #1651, .F. ) ;
#818 = ORIENTED_EDGE ( 'NONE', *, *, #2283, .T. ) ;
#819 = DIRECTION ( 'NONE',  ( -0.6590120446547264033, -0.2563262081801244707, 0.7071067811865451302 ) ) ;
#820 = CARTESIAN_POINT ( 'NONE',  ( 0.0000000000000000000, 0.0000000000000000000, 2.000000000000000000 ) ) ;
#821 = ORIENTED_EDGE ( 'NONE', *, *, #1579, .F. ) ;
#822 = DIRECTION ( 'NONE',  ( -1.000000000000000000, 0.0000000000000000000, 0.0000000000000000000 ) ) ;
#823 = CARTESIAN_POINT ( 'NONE',  ( -5.999999999999998224, -10.39230484541326760, 3.000000000000000444 ) ) ;
#824 = ORIENTED_EDGE ( 'NONE', *, *, #1201, .T. ) ;
#825 = EDGE_CURVE ( 'NONE', #1352, #551, #1904, .T. ) ;
#826 = FACE_BOUND ( 'NONE', #2422, .T. ) ;
#827 = ORIENTED_EDGE ( 'NONE', *, *, #1142, .T. ) ;
#828 = AXIS2_PLACEMENT_3D ( 'NONE', #541, #904, #2313 ) ;
#829 = ORIENTED_EDGE ( 'NONE', *, *, #24, .F. ) ;
#830 = ORIENTED_EDGE ( 'NONE', *, *, #2079, .T. ) ;
#831 = CONICAL_SURFACE ( 'NONE', #2309, 14.00000000000000888, 0.7853981633974396193 ) ;
#832 = DIRECTION ( 'NONE',  ( 0.0000000000000000000, 0.0000000000000000000, -1.000000000000000000 ) ) ;
#833 = CARTESIAN_POINT ( 'NONE',  ( -13.88464506172839208, 4.179309932252137649, 4.500000000000000000 ) ) ;
#834 = VECTOR ( 'NONE', #1895, 1000.000000000000000 ) ;
#835 = DIRECTION ( 'NONE',  ( -1.000000000000000000, 0.0000000000000000000, 0.0000000000000000000 ) ) ;
#836 = CARTESIAN_POINT ( 'NONE',  ( -13.93671126636144919, -3.776978263987065709, 1.561378059386379302 ) ) ;
#837 = VECTOR ( 'NONE', #797, 999.9999999999998863 ) ;
#838 = ADVANCED_FACE ( 'NONE', ( #134 ), #946, .T. ) ;
#839 = DIRECTION ( 'NONE',  ( 1.000000000000000000, 0.0000000000000000000, 0.0000000000000000000 ) ) ;
#840 = VERTEX_POINT ( 'NONE', #2331 ) ;
#841 = CIRCLE ( 'NONE', #2533, 8.000000000000000000 ) ;
#842 = EDGE_CURVE ( 'NONE', #636, #1721, #2524, .T. ) ;
#843 = ORIENTED_EDGE ( 'NONE', *, *, #859, .T. ) ;
#844 = ORIENTED_EDGE ( 'NONE', *, *, #490, .F. ) ;
#845 = DIRECTION ( 'NONE',  ( 1.000000000000000000, 0.0000000000000000000, 0.0000000000000000000 ) ) ;
#846 = DIRECTION ( 'NONE',  ( 0.0000000000000000000, 0.0000000000000000000, -1.000000000000000000 ) ) ;
#847 = DIRECTION ( 'NONE',  ( -0.0000000000000000000, -0.0000000000000000000, -1.000000000000000000 ) ) ;
#848 = DIRECTION ( 'NONE',  ( -0.0000000000000000000, -0.0000000000000000000, -1.000000000000000000 ) ) ;
#849 = CARTESIAN_POINT ( 'NONE',  ( 0.0000000000000000000, 0.0000000000000000000, 4.500000000000000000 ) ) ;
#850 = DIRECTION ( 'NONE',  ( -1.000000000000000000, 0.0000000000000000000, 0.0000000000000000000 ) ) ;
#851 = EDGE_LOOP ( 'NONE', ( #1248, #1124, #1406, #556, #768 ) ) ;
#852 = EDGE_LOOP ( 'NONE', ( #1381, #2576, #740, #130 ) ) ;
#853 = EDGE_CURVE ( 'NONE', #2468, #2467, #1462, .T. ) ;
#854 = ORIENTED_EDGE ( 'NONE', *, *, #1918, .T. ) ;
#855 = EDGE_CURVE ( 'NONE', #2349, #2630, #458, .T. ) ;
#856 = ORIENTED_EDGE ( 'NONE', *, *, #1598, .T. ) ;
#857 = DIRECTION ( 'NONE',  ( -0.3625000000000000999, -0.9319837713179345284, 0.0000000000000000000 ) ) ;
#858 = DIRECTION ( 'NONE',  ( 0.0000000000000000000, 0.0000000000000000000, 1.000000000000000000 ) ) ;
#859 = EDGE_CURVE ( 'NONE', #1815, #431, #106, .T. ) ;
#860 = AXIS2_PLACEMENT_3D ( 'NONE', #1731, #343, #2171 ) ;
#861 = DIRECTION ( 'NONE',  ( 0.0000000000000000000, 0.0000000000000000000, -1.000000000000000000 ) ) ;
#862 = DIRECTION ( 'NONE',  ( -0.3625000000000000999, -0.9319837713179345284, 0.0000000000000000000 ) ) ;
#863 = AXIS2_PLACEMENT_3D ( 'NONE', #1763, #2219, #1216 ) ;
#864 = EDGE_CURVE ( 'NONE', #2479, #2384, #934, .T. ) ;
#865 = DIRECTION ( 'NONE',  ( 0.8571673007021117785, 1.049727191138617956E-16, -0.5150380749100550437 ) ) ;
#866 = ORIENTED_EDGE ( 'NONE', *, *, #598, .F. ) ;
#867 = ORIENTED_EDGE ( 'NONE', *, *, #132, .T. ) ;
#868 = AXIS2_PLACEMENT_3D ( 'NONE', #630, #45, #1682 ) ;
#869 = EDGE_CURVE ( 'NONE', #2593, #794, #1246, .T. ) ;
#870 = DIRECTION ( 'NONE',  ( 0.0000000000000000000, 0.0000000000000000000, 1.000000000000000000 ) ) ;
#871 = VECTOR ( 'NONE', #546, 1000.000000000000000 ) ;
#872 = DIRECTION ( 'NONE',  ( 0.0000000000000000000, 0.0000000000000000000, -1.000000000000000000 ) ) ;
#873 = CARTESIAN_POINT ( 'NONE',  ( -6.989878284884515125, 20.64978448275862988, 5.000000000000000000 ) ) ;
#874 = DIRECTION ( 'NONE',  ( -0.0000000000000000000, -0.0000000000000000000, 1.000000000000000000 ) ) ;
#875 = EDGE_CURVE ( 'NONE', #551, #1620, #1034, .T. ) ;
#876 = CONICAL_SURFACE ( 'NONE', #1173, 14.50000000000000000, 0.7853981633974500554 ) ;
#877 = DIRECTION ( 'NONE',  ( 1.000000000000000000, 0.0000000000000000000, 0.0000000000000000000 ) ) ;
#878 = DIRECTION ( 'NONE',  ( 0.0000000000000000000, 0.0000000000000000000, 1.000000000000000000 ) ) ;
#879 = ORIENTED_EDGE ( 'NONE', *, *, #1407, .F. ) ;
#880 = ORIENTED_EDGE ( 'NONE', *, *, #490, .T. ) ;
#881 = ORIENTED_EDGE ( 'NONE', *, *, #262, .T. ) ;
#882 = VERTEX_POINT ( 'NONE', #922 ) ;
#883 = DIRECTION ( 'NONE',  ( -0.0000000000000000000, -0.0000000000000000000, -1.000000000000000000 ) ) ;
#884 = LINE ( 'NONE', #1241, #808 ) ;
#885 = EDGE_LOOP ( 'NONE', ( #1703, #1214, #454, #1139, #444 ) ) ;
#886 = EDGE_CURVE ( 'NONE', #317, #1364, #323, .T. ) ;
#887 = CARTESIAN_POINT ( 'NONE',  ( -14.50000000000000000, 0.0000000000000000000, 5.000000000000000000 ) ) ;
#888 = CARTESIAN_POINT ( 'NONE',  ( 12.00000000000000000, 0.0000000000000000000, 0.0000000000000000000 ) ) ;
#889 = DIRECTION ( 'NONE',  ( -0.0000000000000000000, -0.0000000000000000000, -1.000000000000000000 ) ) ;
#890 = FACE_OUTER_BOUND ( 'NONE', #2457, .T. ) ;
#891 = ORIENTED_EDGE ( 'NONE', *, *, #1675, .F. ) ;
#892 = CARTESIAN_POINT ( 'NONE',  ( -6.989878284884547099, 20.64978448275864409, 3.000000000000000000 ) ) ;
#893 = CARTESIAN_POINT ( 'NONE',  ( 4.399999999999996803, -10.39230484541326760, 12.50000000000000000 ) ) ;
#894 = EDGE_LOOP ( 'NONE', ( #588, #18 ) ) ;
#895 = DIRECTION ( 'NONE',  ( -1.000000000000000000, 0.0000000000000000000, 0.0000000000000000000 ) ) ;
#896 = CYLINDRICAL_SURFACE ( 'NONE', #2312, 1.249999999999994227 ) ;
#897 = AXIS2_PLACEMENT_3D ( 'NONE', #1514, #2321, #510 ) ;
#898 = LINE ( 'NONE', #285, #722 ) ;
#899 = LINE ( 'NONE', #1700, #448 ) ;
#900 = AXIS2_PLACEMENT_3D ( 'NONE', #1189, #2574, #395 ) ;
#901 = ORIENTED_EDGE ( 'NONE', *, *, #13, .T. ) ;
#902 = ORIENTED_EDGE ( 'NONE', *, *, #2122, .F. ) ;
#903 = ADVANCED_FACE ( 'NONE', ( #1090 ), #2266, .T. ) ;
#904 = DIRECTION ( 'NONE',  ( 0.0000000000000000000, 0.0000000000000000000, -1.000000000000000000 ) ) ;
#905 = CARTESIAN_POINT ( 'NONE',  ( 2.000000000000000888, 23.00000000000000000, 5.000000000000000000 ) ) ;
#906 = CIRCLE ( 'NONE', #2394, 2.000000000000002220 ) ;
#907 = DIRECTION ( 'NONE',  ( 1.000000000000000000, 0.0000000000000000000, 0.0000000000000000000 ) ) ;
#908 = CARTESIAN_POINT ( 'NONE',  ( -1.850000000000001199, 23.00000000000000000, 11.50000000000000000 ) ) ;
#909 = PRESENTATION_LAYER_ASSIGNMENT (  '', '', ( #1756 ) ) ;
#910 = FACE_OUTER_BOUND ( 'NONE', #1522, .T. ) ;
#911 = DIRECTION ( 'NONE',  ( 0.3625000000000000999, 0.9319837713179345284, 0.0000000000000000000 ) ) ;
#912 = VERTEX_POINT ( 'NONE', #157 ) ;
#913 = AXIS2_PLACEMENT_3D ( 'NONE', #37, #847, #2263 ) ;
#914 = ADVANCED_FACE ( 'NONE', ( #1964 ), #959, .T. ) ;
#915 = CARTESIAN_POINT ( 'NONE',  ( 7.599999999999998757, -10.39230484541326760, 2.000000000000000000 ) ) ;
#916 = AXIS2_PLACEMENT_3D ( 'NONE', #2386, #2018, #2238 ) ;
#917 = ORIENTED_EDGE ( 'NONE', *, *, #2497, .T. ) ;
#918 = EDGE_CURVE ( 'NONE', #2218, #1948, #1766, .T. ) ;
#919 = DIRECTION ( 'NONE',  ( 1.000000000000000000, 0.0000000000000000000, 0.0000000000000000000 ) ) ;
#920 = DIRECTION ( 'NONE',  ( -1.000000000000000000, 0.0000000000000000000, 0.0000000000000000000 ) ) ;
#921 = ORIENTED_EDGE ( 'NONE', *, *, #759, .T. ) ;
#922 = CARTESIAN_POINT ( 'NONE',  ( -12.69531249999999822, 2.918311245796747500, 2.000000000000000000 ) ) ;
#923 = DIRECTION ( 'NONE',  ( 1.000000000000000000, 0.0000000000000000000, 0.0000000000000000000 ) ) ;
#924 = FACE_OUTER_BOUND ( 'NONE', #96, .T. ) ;
#925 = CARTESIAN_POINT ( 'NONE',  ( 6.000000000000004441, 10.39230484541326227, 4.500000000000007105 ) ) ;
#926 = EDGE_CURVE ( 'NONE', #1620, #807, #215, .T. ) ;
#927 = ORIENTED_EDGE ( 'NONE', *, *, #87, .T. ) ;
#928 = DIRECTION ( 'NONE',  ( 1.000000000000000000, 0.0000000000000000000, 0.0000000000000000000 ) ) ;
#929 = ORIENTED_EDGE ( 'NONE', *, *, #1219, .T. ) ;
#930 = CARTESIAN_POINT ( 'NONE',  ( 9.573327678562955967, -10.21525316176064102, 2.000000000000000000 ) ) ;
#931 = CARTESIAN_POINT ( 'NONE',  ( 2.000000000000002220, 23.00000000000000000, 11.89999999999999858 ) ) ;
#932 = EDGE_LOOP ( 'NONE', ( #379, #2589 ) ) ;
#933 = EDGE_LOOP ( 'NONE', ( #2221, #1957, #650, #1153, #829 ) ) ;
#934 = LINE ( 'NONE', #719, #871 ) ;
#935 = LINE ( 'NONE', #1563, #501 ) ;
#936 = ADVANCED_FACE ( 'NONE', ( #1355 ), #994, .T. ) ;
#937 = CARTESIAN_POINT ( 'NONE',  ( -13.92708333333333215, 3.891081661062335328, 4.499999999999994671 ) ) ;
#938 = LINE ( 'NONE', #1715, #1654 ) ;
#939 = AXIS2_PLACEMENT_3D ( 'NONE', #991, #176, #2227 ) ;
#940 = ORIENTED_EDGE ( 'NONE', *, *, #1598, .F. ) ;
#941 = CARTESIAN_POINT ( 'NONE',  ( 7.029506646878550313, 10.89272795789694470, 0.4999999999999987232 ) ) ;
#942 = CARTESIAN_POINT ( 'NONE',  ( 3.000000000000003997, 10.39230484541326227, 4.500000000000007105 ) ) ;
#943 = ORIENTED_EDGE ( 'NONE', *, *, #1530, .T. ) ;
#944 = EDGE_CURVE ( 'NONE', #431, #656, #1779, .T. ) ;
#945 = ORIENTED_EDGE ( 'NONE', *, *, #1256, .F. ) ;
#946 = CYLINDRICAL_SURFACE ( 'NONE', #789, 2.000000000000000888 ) ;
#947 = CARTESIAN_POINT ( 'NONE',  ( 0.0000000000000000000, 0.0000000000000000000, 5.000000000000000000 ) ) ;
#948 = AXIS2_PLACEMENT_3D ( 'NONE', #1585, #590, #1822 ) ;
#949 = DIRECTION ( 'NONE',  ( 0.3550437013145545384, -0.6115095830458125992, -0.7071067811865459074 ) ) ;
#950 = EDGE_CURVE ( 'NONE', #954, #367, #1328, .T. ) ;
#951 = DIRECTION ( 'NONE',  ( 0.0000000000000000000, 0.0000000000000000000, -1.000000000000000000 ) ) ;
#952 = ORIENTED_EDGE ( 'NONE', *, *, #13, .F. ) ;
#953 = AXIS2_PLACEMENT_3D ( 'NONE', #1122, #2553, #1540 ) ;
#954 = VERTEX_POINT ( 'NONE', #400 ) ;
#955 = VECTOR ( 'NONE', #862, 999.9999999999998863 ) ;
#956 = CARTESIAN_POINT ( 'NONE',  ( 6.000000000000004441, 10.39230484541326227, 0.0000000000000000000 ) ) ;
#957 = SHAPE_DEFINITION_REPRESENTATION ( #2548, #2285 ) ;
#958 = ORIENTED_EDGE ( 'NONE', *, *, #199, .T. ) ;
#959 = PLANE ( 'NONE',  #1837 ) ;
#960 = CARTESIAN_POINT ( 'NONE',  ( -14.50000000000000000, 0.0000000000000000000, 1.500000000000003109 ) ) ;
#961 = ORIENTED_EDGE ( 'NONE', *, *, #2182, .F. ) ;
#962 = EDGE_CURVE ( 'NONE', #398, #2163, #580, .T. ) ;
#963 = FACE_OUTER_BOUND ( 'NONE', #2294, .T. ) ;
#964 = DIRECTION ( 'NONE',  ( -0.0000000000000000000, -0.0000000000000000000, -1.000000000000000000 ) ) ;
#965 = VECTOR ( 'NONE', #1838, 1000.000000000000000 ) ;
#966 = LINE ( 'NONE', #1746, #1010 ) ;
#967 = AXIS2_PLACEMENT_3D ( 'NONE', #1534, #129, #1891 ) ;
#968 = ORIENTED_EDGE ( 'NONE', *, *, #423, .F. ) ;
#969 = CARTESIAN_POINT ( 'NONE',  ( 0.0000000000000000000, 0.0000000000000000000, 0.4999999999999987232 ) ) ;
#970 = ORIENTED_EDGE ( 'NONE', *, *, #2055, .F. ) ;
#971 = CIRCLE ( 'NONE', #81, 1.850000000000001199 ) ;
#972 = ORIENTED_EDGE ( 'NONE', *, *, #1185, .F. ) ;
#973 = CARTESIAN_POINT ( 'NONE',  ( 0.0000000000000000000, 0.0000000000000000000, 5.000000000000000000 ) ) ;
#974 = CARTESIAN_POINT ( 'NONE',  ( 0.0000000000000000000, 0.0000000000000000000, 5.000000000000000000 ) ) ;
#975 = EDGE_LOOP ( 'NONE', ( #52, #267, #523, #1773, #1085, #1854 ) ) ;
#976 = DIRECTION ( 'NONE',  ( -0.0000000000000000000, -0.0000000000000000000, -1.000000000000000000 ) ) ;
#977 = DIRECTION ( 'NONE',  ( 1.000000000000000000, 0.0000000000000000000, 0.0000000000000000000 ) ) ;
#978 = EDGE_CURVE ( 'NONE', #742, #1517, #197, .T. ) ;
#979 = DIRECTION ( 'NONE',  ( 1.000000000000000000, 0.0000000000000000000, 0.0000000000000000000 ) ) ;
#980 = ORIENTED_EDGE ( 'NONE', *, *, #1805, .F. ) ;
#981 = CARTESIAN_POINT ( 'NONE',  ( 10.23931475933516388, -10.18105686988428715, 1.561378059386387518 ) ) ;
#982 = ADVANCED_FACE ( 'NONE', ( #412 ), #374, .F. ) ;
#983 = VECTOR ( 'NONE', #50, 1000.000000000000000 ) ;
#984 = ORIENTED_EDGE ( 'NONE', *, *, #98, .T. ) ;
#985 = ORIENTED_EDGE ( 'NONE', *, *, #2158, .F. ) ;
#986 = ORIENTED_EDGE ( 'NONE', *, *, #2413, .T. ) ;
#987 = DIRECTION ( 'NONE',  ( 0.0000000000000000000, 0.0000000000000000000, 1.000000000000000000 ) ) ;
#988 = FACE_OUTER_BOUND ( 'NONE', #2192, .T. ) ;
#989 = VERTEX_POINT ( 'NONE', #1207 ) ;
#990 = DIRECTION ( 'NONE',  ( 1.000000000000000000, 0.0000000000000000000, 0.0000000000000000000 ) ) ;
#991 = CARTESIAN_POINT ( 'NONE',  ( 0.0000000000000000000, 0.0000000000000000000, 5.000000000000000000 ) ) ;
#992 = CIRCLE ( 'NONE', #1284, 3.000000000000000000 ) ;
#993 = PLANE ( 'NONE',  #720 ) ;
#994 = CONICAL_SURFACE ( 'NONE', #2488, 0.4999999999999970024, 0.7853981633974447263 ) ;
#995 = EDGE_CURVE ( 'NONE', #2005, #2218, #2353, .T. ) ;
#996 = ORIENTED_EDGE ( 'NONE', *, *, #1312, .T. ) ;
#997 = AXIS2_PLACEMENT_3D ( 'NONE', #1991, #1624, #429 ) ;
#998 = DIRECTION ( 'NONE',  ( -0.0000000000000000000, -0.0000000000000000000, -1.000000000000000000 ) ) ;
#999 = VERTEX_POINT ( 'NONE', #1412 ) ;
#1000 = VERTEX_POINT ( 'NONE', #2222 ) ;
#1001 = ADVANCED_FACE ( 'NONE', ( #2399 ), #810, .F. ) ;
#1002 = DIRECTION ( 'NONE',  ( 0.0000000000000000000, 0.0000000000000000000, 1.000000000000000000 ) ) ;
#1003 = CYLINDRICAL_SURFACE ( 'NONE', #387, 3.000000000000000000 ) ;
#1004 = ORIENTED_EDGE ( 'NONE', *, *, #2363, .T. ) ;
#1005 = AXIS2_PLACEMENT_3D ( 'NONE', #607, #2632, #1809 ) ;
#1006 = DIRECTION ( 'NONE',  ( 1.000000000000000000, 0.0000000000000000000, 0.0000000000000000000 ) ) ;
#1007 = CARTESIAN_POINT ( 'NONE',  ( 0.0000000000000000000, 23.00000000000000000, 12.50000000000000000 ) ) ;
#1008 = DIRECTION ( 'NONE',  ( -1.000000000000000000, 0.0000000000000000000, 0.0000000000000000000 ) ) ;
#1009 = ORIENTED_EDGE ( 'NONE', *, *, #2064, .T. ) ;
#1010 = VECTOR ( 'NONE', #2351, 1000.000000000000000 ) ;
#1011 = DIRECTION ( 'NONE',  ( -1.000000000000000000, 0.0000000000000000000, 0.0000000000000000000 ) ) ;
#1012 =( NAMED_UNIT ( * ) PLANE_ANGLE_UNIT ( ) SI_UNIT ( $, .RADIAN. ) );
#1013 = ORIENTED_EDGE ( 'NONE', *, *, #1404, .F. ) ;
#1014 = ORIENTED_EDGE ( 'NONE', *, *, #162, .F. ) ;
#1015 = CARTESIAN_POINT ( 'NONE',  ( 0.0000000000000000000, 40.00000000000000000, 0.4999999999999987232 ) ) ;
#1016 = CARTESIAN_POINT ( 'NONE',  ( -10.40000000000000213, 1.959434878635764244E-16, 2.000000000000000000 ) ) ;
#1017 = ORIENTED_EDGE ( 'NONE', *, *, #2082, .T. ) ;
#1018 = CARTESIAN_POINT ( 'NONE',  ( 12.00000000000000000, 0.0000000000000000000, 3.000000000000000444 ) ) ;
#1019 = DIRECTION ( 'NONE',  ( -0.7071067811865512365, 0.0000000000000000000, -0.7071067811865439090 ) ) ;
#1020 = ORIENTED_EDGE ( 'NONE', *, *, #1469, .F. ) ;
#1021 = ADVANCED_FACE ( 'NONE', ( #1163 ), #1612, .T. ) ;
#1022 = DIRECTION ( 'NONE',  ( -0.0000000000000000000, -0.0000000000000000000, -1.000000000000000000 ) ) ;
#1023 = EDGE_CURVE ( 'NONE', #1902, #1668, #1115, .T. ) ;
#1024 = VERTEX_POINT ( 'NONE', #1192 ) ;
#1025 = ORIENTED_EDGE ( 'NONE', *, *, #1450, .T. ) ;
#1026 = AXIS2_PLACEMENT_3D ( 'NONE', #2124, #137, #2155 ) ;
#1027 = DIRECTION ( 'NONE',  ( -1.000000000000000000, 0.0000000000000000000, 0.0000000000000000000 ) ) ;
#1028 = DIRECTION ( 'NONE',  ( 0.0000000000000000000, 0.0000000000000000000, 1.000000000000000000 ) ) ;
#1029 = ADVANCED_FACE ( 'NONE', ( #184 ), #4, .T. ) ;
#1030 = CARTESIAN_POINT ( 'NONE',  ( -13.60000000000000320, 0.0000000000000000000, 2.000000000000000000 ) ) ;
#1031 = DIRECTION ( 'NONE',  ( 1.000000000000000000, 0.0000000000000000000, 0.0000000000000000000 ) ) ;
#1032 = EDGE_CURVE ( 'NONE', #1199, #543, #2619, .T. ) ;
#1033 = LINE ( 'NONE', #2609, #965 ) ;
#1034 = CIRCLE ( 'NONE', #1117, 8.000000000000000000 ) ;
#1035 = VERTEX_POINT ( 'NONE', #1229 ) ;
#1036 = CIRCLE ( 'NONE', #1800, 3.500000000000003109 ) ;
#1037 = DIRECTION ( 'NONE',  ( 0.0000000000000000000, 0.0000000000000000000, 1.000000000000000000 ) ) ;
#1038 = EDGE_CURVE ( 'NONE', #1879, #3, #663, .T. ) ;
#1039 = CARTESIAN_POINT ( 'NONE',  ( 0.0000000000000000000, 0.0000000000000000000, 5.000000000000000000 ) ) ;
#1040 = VECTOR ( 'NONE', #1672, 1000.000000000000000 ) ;
#1041 = VECTOR ( 'NONE', #450, 1000.000000000000000 ) ;
#1042 = CARTESIAN_POINT ( 'NONE',  ( -12.92708333333333215, 3.891081661062335328, 4.499999999999994671 ) ) ;
#1043 = FACE_OUTER_BOUND ( 'NONE', #851, .T. ) ;
#1044 = ORIENTED_EDGE ( 'NONE', *, *, #2536, .F. ) ;
#1045 = CARTESIAN_POINT ( 'NONE',  ( 0.0000000000000000000, 17.93103448275862632, 5.000000000000000000 ) ) ;
#1046 = ORIENTED_EDGE ( 'NONE', *, *, #1488, .F. ) ;
#1047 = VERTEX_POINT ( 'NONE', #2455 ) ;
#1048 = AXIS2_PLACEMENT_3D ( 'NONE', #1281, #889, #699 ) ;
#1049 = ORIENTED_EDGE ( 'NONE', *, *, #2055, .T. ) ;
#1050 = CARTESIAN_POINT ( 'NONE',  ( 7.600000000000003197, 10.39230484541326227, 12.50000000000000000 ) ) ;
#1051 = CARTESIAN_POINT ( 'NONE',  ( -9.589471614991293080, 13.96625677052186099, 3.000000000000000000 ) ) ;
#1052 = VECTOR ( 'NONE', #754, 1000.000000000000000 ) ;
#1053 = DIRECTION ( 'NONE',  ( 1.000000000000000000, 0.0000000000000000000, -0.0000000000000000000 ) ) ;
#1054 = CYLINDRICAL_SURFACE ( 'NONE', #1470, 3.000000000000000000 ) ;
#1055 = LINE ( 'NONE', #1498, #2540 ) ;
#1056 = CARTESIAN_POINT ( 'NONE',  ( 8.500000000000000000, 1.040949779275250140E-15, 0.0000000000000000000 ) ) ;
#1057 = VERTEX_POINT ( 'NONE', #20 ) ;
#1058 = EDGE_CURVE ( 'NONE', #376, #2618, #1212, .T. ) ;
#1059 = VERTEX_POINT ( 'NONE', #2291 ) ;
#1060 = VERTEX_POINT ( 'NONE', #2249 ) ;
#1061 = EDGE_CURVE ( 'NONE', #780, #2276, #1274, .T. ) ;
#1062 = CARTESIAN_POINT ( 'NONE',  ( 0.0000000000000000000, 23.00000000000000000, 11.50000000000000000 ) ) ;
#1063 = DIRECTION ( 'NONE',  ( 1.000000000000000000, 0.0000000000000000000, 0.0000000000000000000 ) ) ;
#1064 = VECTOR ( 'NONE', #234, 999.9999999999998863 ) ;
#1065 = CARTESIAN_POINT ( 'NONE',  ( 0.0000000000000000000, 23.00000000000000000, 11.89999999999999858 ) ) ;
#1066 = CARTESIAN_POINT ( 'NONE',  ( -13.42708333333332860, 3.891081661062335328, 5.000000000000000000 ) ) ;
#1067 = LINE ( 'NONE', #1871, #1725 ) ;
#1068 = DIRECTION ( 'NONE',  ( 0.0000000000000000000, 0.0000000000000000000, 1.000000000000000000 ) ) ;
#1069 = ORIENTED_EDGE ( 'NONE', *, *, #612, .T. ) ;
#1070 = PRODUCT ( '\X2\644781c2\X0\', '\X2\644781c2\X0\', '', ( #2 ) ) ;
#1071 = EDGE_LOOP ( 'NONE', ( #638, #2181, #1261, #692 ) ) ;
#1072 = AXIS2_PLACEMENT_3D ( 'NONE', #1062, #870, #2036 ) ;
#1073 = ORIENTED_EDGE ( 'NONE', *, *, #1955, .T. ) ;
#1074 = CYLINDRICAL_SURFACE ( 'NONE', #2262, 3.000000000000000888 ) ;
#1075 = CARTESIAN_POINT ( 'NONE',  ( 7.455870170543476227, 20.83103448275862490, 3.499999999999960920 ) ) ;
#1076 = VERTEX_POINT ( 'NONE', #70 ) ;
#1077 = CARTESIAN_POINT ( 'NONE',  ( -10.75744173215028887, 12.34272795789694044, 3.499999999999960920 ) ) ;
#1078 = DIRECTION ( 'NONE',  ( 0.0000000000000000000, 0.0000000000000000000, 1.000000000000000000 ) ) ;
#1079 = CIRCLE ( 'NONE', #1923, 8.000000000000000000 ) ;
#1080 = CIRCLE ( 'NONE', #28, 8.000000000000000000 ) ;
#1081 = CARTESIAN_POINT ( 'NONE',  ( 9.500000000000001776, 10.39230484541326227, 5.000000000000000000 ) ) ;
#1082 = CARTESIAN_POINT ( 'NONE',  ( -14.50000000000000000, 1.775737858763662015E-15, 0.4999999999999987232 ) ) ;
#1083 = ORIENTED_EDGE ( 'NONE', *, *, #1500, .F. ) ;
#1084 = ORIENTED_EDGE ( 'NONE', *, *, #809, .T. ) ;
#1085 = ORIENTED_EDGE ( 'NONE', *, *, #2527, .F. ) ;
#1086 = DIRECTION ( 'NONE',  ( 0.0000000000000000000, 0.0000000000000000000, 1.000000000000000000 ) ) ;
#1087 = CARTESIAN_POINT ( 'NONE',  ( 3.820324574990202837, -12.45361875688050723, 2.000000000000000000 ) ) ;
#1088 = VERTEX_POINT ( 'NONE', #1452 ) ;
#1089 = AXIS2_PLACEMENT_3D ( 'NONE', #1640, #418, #1008 ) ;
#1090 = FACE_OUTER_BOUND ( 'NONE', #578, .T. ) ;
#1091 = AXIS2_PLACEMENT_3D ( 'NONE', #1683, #872, #482 ) ;
#1092 = DIRECTION ( 'NONE',  ( -1.000000000000000000, 0.0000000000000000000, 0.0000000000000000000 ) ) ;
#1093 = CARTESIAN_POINT ( 'NONE',  ( -12.00000000000000178, 0.0000000000000000000, 12.50000000000000000 ) ) ;
#1094 = ADVANCED_FACE ( 'NONE', ( #256 ), #1367, .F. ) ;
#1095 = CYLINDRICAL_SURFACE ( 'NONE', #2561, 9.999999999999998224 ) ;
#1096 = CIRCLE ( 'NONE', #1397, 14.50000000000000000 ) ;
#1097 = DIRECTION ( 'NONE',  ( 1.000000000000000000, 0.0000000000000000000, 0.0000000000000000000 ) ) ;
#1098 = CARTESIAN_POINT ( 'NONE',  ( 1.850000000000001199, 23.00000000000000000, 11.50000000000000000 ) ) ;
#1099 = EDGE_LOOP ( 'NONE', ( #980, #2505, #1489, #1237 ) ) ;
#1100 = DIRECTION ( 'NONE',  ( -0.0000000000000000000, -0.0000000000000000000, -1.000000000000000000 ) ) ;
#1101 = PLANE ( 'NONE',  #2190 ) ;
#1102 = ADVANCED_FACE ( 'NONE', ( #651 ), #2610, .F. ) ;
#1103 = AXIS2_PLACEMENT_3D ( 'NONE', #286, #2073, #1011 ) ;
#1104 = LINE ( 'NONE', #723, #245 ) ;
#1105 = CARTESIAN_POINT ( 'NONE',  ( -12.00000000000000178, 0.0000000000000000000, 0.0000000000000000000 ) ) ;
#1106 = CONICAL_SURFACE ( 'NONE', #1204, 3.000000000000000000, 0.7853981633974445042 ) ;
#1107 = ORIENTED_EDGE ( 'NONE', *, *, #2438, .T. ) ;
#1108 = EDGE_CURVE ( 'NONE', #2392, #2225, #1460, .T. ) ;
#1109 = ORIENTED_EDGE ( 'NONE', *, *, #554, .T. ) ;
#1110 = ORIENTED_EDGE ( 'NONE', *, *, #162, .T. ) ;
#1111 = ORIENTED_EDGE ( 'NONE', *, *, #368, .T. ) ;
#1112 = CARTESIAN_POINT ( 'NONE',  ( -13.88464506172839208, -4.179309932252138537, 1.500000000000003109 ) ) ;
#1113 = CARTESIAN_POINT ( 'NONE',  ( 14.00000000000000178, 0.0000000000000000000, 0.0000000000000000000 ) ) ;
#1114 = VERTEX_POINT ( 'NONE', #437 ) ;
#1115 = CIRCLE ( 'NONE', #948, 1.000000000000000888 ) ;
#1116 = ORIENTED_EDGE ( 'NONE', *, *, #1404, .T. ) ;
#1117 = AXIS2_PLACEMENT_3D ( 'NONE', #2579, #1524, #2120 ) ;
#1118 = CARTESIAN_POINT ( 'NONE',  ( 0.0000000000000000000, 0.0000000000000000000, 2.000000000000000000 ) ) ;
#1119 = DIRECTION ( 'NONE',  ( 0.0000000000000000000, 0.0000000000000000000, 1.000000000000000000 ) ) ;
#1120 = EDGE_CURVE ( 'NONE', #2618, #391, #457, .T. ) ;
#1121 = AXIS2_PLACEMENT_3D ( 'NONE', #1982, #2021, #596 ) ;
#1122 = CARTESIAN_POINT ( 'NONE',  ( 0.0000000000000000000, 17.93103448275862632, 5.000000000000000000 ) ) ;
#1123 = DIRECTION ( 'NONE',  ( -1.000000000000000000, 0.0000000000000000000, 0.0000000000000000000 ) ) ;
#1124 = ORIENTED_EDGE ( 'NONE', *, *, #950, .F. ) ;
#1125 = AXIS2_PLACEMENT_3D ( 'NONE', #1118, #743, #505 ) ;
#1126 = CONICAL_SURFACE ( 'NONE', #1253, 1.249999999999999334, 1.029744258676653645 ) ;
#1127 = CARTESIAN_POINT ( 'NONE',  ( 10.51054847287750604, 12.97748798793839597, 3.499999999999960476 ) ) ;
#1128 = AXIS2_PLACEMENT_3D ( 'NONE', #185, #2400, #591 ) ;
#1129 = CARTESIAN_POINT ( 'NONE',  ( -8.000000000000000000, 9.797174393178825657E-16, 4.500000000000000000 ) ) ;
#1130 = EDGE_CURVE ( 'NONE', #213, #1262, #1466, .T. ) ;
#1131 = DIRECTION ( 'NONE',  ( -0.0000000000000000000, -0.0000000000000000000, -1.000000000000000000 ) ) ;
#1132 = EDGE_LOOP ( 'NONE', ( #80, #1765, #856, #2616 ) ) ;
#1133 =( BOUNDED_CURVE ( )  B_SPLINE_CURVE ( 3, ( #1171, #331, #1127, #762 ),
 .UNSPECIFIED., .F., .F. ) 
 B_SPLINE_CURVE_WITH_KNOTS ( ( 4, 4 ),
 ( 2.636232143305657694, 3.141592653589794448 ),
 .UNSPECIFIED. ) 
 CURVE ( )  GEOMETRIC_REPRESENTATION_ITEM ( )  RATIONAL_B_SPLINE_CURVE ( ( 1.000000000000000000, 0.9788305577012377245, 0.9788305577012377245, 1.000000000000000000 ) ) 
 REPRESENTATION_ITEM ( '' )  );
#1134 = CARTESIAN_POINT ( 'NONE',  ( -12.92708333333333215, -3.891081661062335328, 5.000000000000000000 ) ) ;
#1135 = VECTOR ( 'NONE', #1566, 1000.000000000000000 ) ;
#1136 = CYLINDRICAL_SURFACE ( 'NONE', #1971, 1.000000000000000888 ) ;
#1137 = PLANE ( 'NONE',  #1331 ) ;
#1138 = CARTESIAN_POINT ( 'NONE',  ( 5.999999999999997335, -10.39230484541326760, 0.0000000000000000000 ) ) ;
#1139 = ORIENTED_EDGE ( 'NONE', *, *, #1625, .F. ) ;
#1140 = CIRCLE ( 'NONE', #685, 1.000000000000000888 ) ;
#1141 = DIRECTION ( 'NONE',  ( -0.0000000000000000000, -0.0000000000000000000, -1.000000000000000000 ) ) ;
#1142 = EDGE_CURVE ( 'NONE', #2477, #1437, #992, .T. ) ;
#1143 = CARTESIAN_POINT ( 'NONE',  ( -13.04777279845109028, 5.075000000000001954, 5.000000000000000000 ) ) ;
#1144 = DIRECTION ( 'NONE',  ( 1.000000000000000000, 5.329070518200752183E-15, 0.0000000000000000000 ) ) ;
#1145 = ORIENTED_EDGE ( 'NONE', *, *, #1108, .T. ) ;
#1146 = ADVANCED_FACE ( 'NONE', ( #1250 ), #1663, .F. ) ;
#1147 = ORIENTED_EDGE ( 'NONE', *, *, #1494, .T. ) ;
#1148 = CARTESIAN_POINT ( 'NONE',  ( 0.0000000000000000000, 23.00000000000000000, 12.50000000000000000 ) ) ;
#1149 = DIRECTION ( 'NONE',  ( 1.000000000000000000, 0.0000000000000000000, 0.0000000000000000000 ) ) ;
#1150 = ADVANCED_FACE ( 'NONE', ( #2469 ), #787, .T. ) ;
#1151 = CARTESIAN_POINT ( 'NONE',  ( 3.093766099986939633, -13.14072339403625200, 5.000000000000000000 ) ) ;
#1152 = CARTESIAN_POINT ( 'NONE',  ( 3.000000000000003997, 10.39230484541326227, 2.000000000000000000 ) ) ;
#1153 = ORIENTED_EDGE ( 'NONE', *, *, #684, .T. ) ;
#1154 = AXIS2_PLACEMENT_3D ( 'NONE', #645, #611, #1031 ) ;
#1155 = ORIENTED_EDGE ( 'NONE', *, *, #2182, .T. ) ;
#1156 = EDGE_CURVE ( 'NONE', #989, #2557, #2495, .T. ) ;
#1157 = ORIENTED_EDGE ( 'NONE', *, *, #763, .F. ) ;
#1158 = EDGE_CURVE ( 'NONE', #912, #1560, #2521, .T. ) ;
#1159 = DIRECTION ( 'NONE',  ( 1.000000000000000000, 0.0000000000000000000, 0.0000000000000000000 ) ) ;
#1160 = ORIENTED_EDGE ( 'NONE', *, *, #2205, .F. ) ;
#1161 = ORIENTED_EDGE ( 'NONE', *, *, #1726, .F. ) ;
#1162 = ORIENTED_EDGE ( 'NONE', *, *, #7, .T. ) ;
#1163 = FACE_OUTER_BOUND ( 'NONE', #1547, .T. ) ;
#1164 = DIRECTION ( 'NONE',  ( -0.7071067811865500152, 8.659560562354963673E-17, 0.7071067811865451302 ) ) ;
#1165 = ORIENTED_EDGE ( 'NONE', *, *, #1742, .F. ) ;
#1166 = EDGE_LOOP ( 'NONE', ( #2078, #1013 ) ) ;
#1167 = B_SPLINE_CURVE_WITH_KNOTS ( 'NONE', 3,
 ( #624, #1616, #1183, #2624, #2608, #836, #2460, #2420 ),
 .UNSPECIFIED., .F., .F.,
 ( 4, 2, 2, 4 ),
 ( 0.0000000000000000000, 0.0003006648325850407532, 0.0006013296651700815064, 0.001202659330340161712 ),
 .UNSPECIFIED. ) ;
#1168 = AXIS2_PLACEMENT_3D ( 'NONE', #471, #1264, #240 ) ;
#1169 = CARTESIAN_POINT ( 'NONE',  ( -13.99999999999999822, 0.0000000000000000000, 2.000000000000000000 ) ) ;
#1170 = DIRECTION ( 'NONE',  ( 1.000000000000000000, 0.0000000000000000000, 0.0000000000000000000 ) ) ;
#1171 = CARTESIAN_POINT ( 'NONE',  ( 9.589471614991293080, 13.96625677052186099, 3.000000000000000000 ) ) ;
#1172 = VECTOR ( 'NONE', #2344, 1000.000000000000000 ) ;
#1173 = AXIS2_PLACEMENT_3D ( 'NONE', #2008, #2204, #1416 ) ;
#1174 = EDGE_LOOP ( 'NONE', ( #629, #1650, #717, #1349, #798 ) ) ;
#1175 = VECTOR ( 'NONE', #1796, 1000.000000000000114 ) ;
#1176 = CARTESIAN_POINT ( 'NONE',  ( -13.63333258345548415, 3.183118387507909208, 2.000000000000000000 ) ) ;
#1177 = FACE_OUTER_BOUND ( 'NONE', #2035, .T. ) ;
#1178 = ORIENTED_EDGE ( 'NONE', *, *, #488, .T. ) ;
#1179 = ORIENTED_EDGE ( 'NONE', *, *, #2213, .T. ) ;
#1180 = DIRECTION ( 'NONE',  ( 1.000000000000000000, 0.0000000000000000000, 0.0000000000000000000 ) ) ;
#1181 = CARTESIAN_POINT ( 'NONE',  ( 7.455870170543477116, 20.83103448275862135, 3.499999999999960920 ) ) ;
#1182 = DIRECTION ( 'NONE',  ( -0.0000000000000000000, -0.0000000000000000000, -1.000000000000000000 ) ) ;
#1183 = CARTESIAN_POINT ( 'NONE',  ( -13.73757152854724772, -3.299645741129868526, 1.871829162383658263 ) ) ;
#1184 = AXIS2_PLACEMENT_3D ( 'NONE', #1419, #2229, #788 ) ;
#1185 = EDGE_CURVE ( 'NONE', #455, #1088, #2039, .T. ) ;
#1186 = FACE_OUTER_BOUND ( 'NONE', #123, .T. ) ;
#1187 = VECTOR ( 'NONE', #242, 1000.000000000000000 ) ;
#1188 = EDGE_LOOP ( 'NONE', ( #1724, #109, #1178 ) ) ;
#1189 = CARTESIAN_POINT ( 'NONE',  ( 6.000000000000004441, 10.39230484541326227, 2.000000000000000000 ) ) ;
#1190 = CARTESIAN_POINT ( 'NONE',  ( -5.999999999999998224, -10.39230484541326760, 0.0000000000000000000 ) ) ;
#1191 = ORIENTED_EDGE ( 'NONE', *, *, #1422, .T. ) ;
#1192 = CARTESIAN_POINT ( 'NONE',  ( 8.874987925009792278, -9.535307511083763288, 4.499999999999994671 ) ) ;
#1193 = FACE_BOUND ( 'NONE', #1228, .T. ) ;
#1194 = EDGE_LOOP ( 'NONE', ( #42, #603 ) ) ;
#1195 = B_SPLINE_CURVE_WITH_KNOTS ( 'NONE', 3,
 ( #2571, #1337, #749, #1556, #1361, #803 ),
 .UNSPECIFIED., .F., .F.,
 ( 4, 2, 4 ),
 ( 0.0000000000000000000, 0.0006037864588344756585, 0.001207572917668951317 ),
 .UNSPECIFIED. ) ;
#1196 = CARTESIAN_POINT ( 'NONE',  ( -12.92708333333333215, -3.891081661062335328, 2.000000000000000000 ) ) ;
#1197 = DIRECTION ( 'NONE',  ( 0.0000000000000000000, 0.0000000000000000000, 1.000000000000000000 ) ) ;
#1198 = PLANE ( 'NONE',  #1434 ) ;
#1199 = VERTEX_POINT ( 'NONE', #679 ) ;
#1200 = ORIENTED_EDGE ( 'NONE', *, *, #2043, .F. ) ;
#1201 = EDGE_CURVE ( 'NONE', #1024, #2494, #371, .T. ) ;
#1202 = CIRCLE ( 'NONE', #1900, 3.499999999999996891 ) ;
#1203 = LINE ( 'NONE', #360, #1239 ) ;
#1204 = AXIS2_PLACEMENT_3D ( 'NONE', #2369, #2410, #1159 ) ;
#1205 = ORIENTED_EDGE ( 'NONE', *, *, #2525, .F. ) ;
#1206 = ORIENTED_EDGE ( 'NONE', *, *, #2213, .F. ) ;
#1207 = CARTESIAN_POINT ( 'NONE',  ( 1.850000000000001199, 23.00000000000000000, 11.89999999999999858 ) ) ;
#1208 = CYLINDRICAL_SURFACE ( 'NONE', #677, 1.249999999999994227 ) ;
#1209 = EDGE_LOOP ( 'NONE', ( #2336, #2439, #1535, #2144, #902 ) ) ;
#1210 = CARTESIAN_POINT ( 'NONE',  ( 10.75744173215028887, 12.34272795789694044, 0.4999999999999995559 ) ) ;
#1211 = CARTESIAN_POINT ( 'NONE',  ( 0.0000000000000000000, 40.00000000000000000, 5.000000000000000000 ) ) ;
#1212 = CIRCLE ( 'NONE', #193, 14.50000000000000000 ) ;
#1213 = LINE ( 'NONE', #1984, #214 ) ;
#1214 = ORIENTED_EDGE ( 'NONE', *, *, #2175, .F. ) ;
#1215 = AXIS2_PLACEMENT_3D ( 'NONE', #1267, #2252, #475 ) ;
#1216 = DIRECTION ( 'NONE',  ( -1.000000000000000000, 0.0000000000000000000, 0.0000000000000000000 ) ) ;
#1217 = ORIENTED_EDGE ( 'NONE', *, *, #1369, .T. ) ;
#1218 = ORIENTED_EDGE ( 'NONE', *, *, #1294, .F. ) ;
#1219 = EDGE_CURVE ( 'NONE', #194, #470, #239, .T. ) ;
#1220 = DIRECTION ( 'NONE',  ( -1.000000000000000000, 0.0000000000000000000, -0.0000000000000000000 ) ) ;
#1221 = PLANE ( 'NONE',  #2316 ) ;
#1222 = ORIENTED_EDGE ( 'NONE', *, *, #728, .F. ) ;
#1223 = DIRECTION ( 'NONE',  ( -0.6770983915528566710, -0.2038081650879838835, -0.7071067811865500152 ) ) ;
#1224 = CARTESIAN_POINT ( 'NONE',  ( -9.000000000000001776, 0.0000000000000000000, 4.499999999999994671 ) ) ;
#1225 = CARTESIAN_POINT ( 'NONE',  ( 0.0000000000000000000, 0.0000000000000000000, 4.500000000000000000 ) ) ;
#1226 = ORIENTED_EDGE ( 'NONE', *, *, #673, .T. ) ;
#1227 = EDGE_LOOP ( 'NONE', ( #1843, #397, #1044, #689, #675 ) ) ;
#1228 = EDGE_LOOP ( 'NONE', ( #1797, #138 ) ) ;
#1229 = CARTESIAN_POINT ( 'NONE',  ( -13.42708333333332860, 3.891081661062335328, 5.000000000000000000 ) ) ;
#1230 = DIRECTION ( 'NONE',  ( 0.0000000000000000000, 0.0000000000000000000, -1.000000000000000000 ) ) ;
#1231 = ADVANCED_FACE ( 'NONE', ( #277 ), #1074, .F. ) ;
#1232 = CYLINDRICAL_SURFACE ( 'NONE', #2446, 1.000000000000000888 ) ;
#1233 = CARTESIAN_POINT ( 'NONE',  ( -10.75744173215028887, 12.34272795789694044, 5.000000000000000000 ) ) ;
#1234 = CARTESIAN_POINT ( 'NONE',  ( 0.0000000000000000000, 0.0000000000000000000, 5.000000000000000000 ) ) ;
#1235 = EDGE_CURVE ( 'NONE', #2097, #912, #19, .T. ) ;
#1236 = EDGE_LOOP ( 'NONE', ( #1681, #1930, #222, #2382 ) ) ;
#1237 = ORIENTED_EDGE ( 'NONE', *, *, #2413, .F. ) ;
#1238 = EDGE_CURVE ( 'NONE', #661, #2563, #2352, .T. ) ;
#1239 = VECTOR ( 'NONE', #209, 1000.000000000000000 ) ;
#1240 = DIRECTION ( 'NONE',  ( -0.0000000000000000000, -0.0000000000000000000, -1.000000000000000000 ) ) ;
#1241 = CARTESIAN_POINT ( 'NONE',  ( 13.24999999999999467, 1.530808498934184175E-16, 0.0000000000000000000 ) ) ;
#1242 = CYLINDRICAL_SURFACE ( 'NONE', #587, 1.600000000000000755 ) ;
#1243 = PLANE ( 'NONE',  #2528 ) ;
#1244 = SURFACE_STYLE_FILL_AREA ( #2101 ) ;
#1245 = ORIENTED_EDGE ( 'NONE', *, *, #1605, .F. ) ;
#1246 = CIRCLE ( 'NONE', #1913, 3.000000000000000000 ) ;
#1247 = ORIENTED_EDGE ( 'NONE', *, *, #1061, .F. ) ;
#1248 = ORIENTED_EDGE ( 'NONE', *, *, #1912, .F. ) ;
#1249 = VECTOR ( 'NONE', #2595, 1000.000000000000000 ) ;
#1250 = FACE_OUTER_BOUND ( 'NONE', #779, .T. ) ;
#1251 = CYLINDRICAL_SURFACE ( 'NONE', #39, 14.50000000000000000 ) ;
#1252 = VECTOR ( 'NONE', #1685, 1000.000000000000000 ) ;
#1253 = AXIS2_PLACEMENT_3D ( 'NONE', #823, #597, #1430 ) ;
#1254 = DIRECTION ( 'NONE',  ( 1.000000000000000000, 0.0000000000000000000, 0.0000000000000000000 ) ) ;
#1255 = CARTESIAN_POINT ( 'NONE',  ( 0.0000000000000000000, 0.0000000000000000000, 5.000000000000000000 ) ) ;
#1256 = EDGE_CURVE ( 'NONE', #1199, #69, #493, .T. ) ;
#1257 = FILL_AREA_STYLE_COLOUR ( '', #2185 ) ;
#1258 = PLANE ( 'NONE',  #232 ) ;
#1259 = EDGE_CURVE ( 'NONE', #569, #2150, #420, .T. ) ;
#1260 = AXIS2_PLACEMENT_3D ( 'NONE', #672, #1884, #658 ) ;
#1261 = ORIENTED_EDGE ( 'NONE', *, *, #266, .T. ) ;
#1262 = VERTEX_POINT ( 'NONE', #1143 ) ;
#1263 = EDGE_CURVE ( 'NONE', #2476, #1584, #906, .T. ) ;
#1264 = DIRECTION ( 'NONE',  ( 0.0000000000000000000, 0.0000000000000000000, -1.000000000000000000 ) ) ;
#1265 = FACE_BOUND ( 'NONE', #2573, .T. ) ;
#1266 = AXIS2_PLACEMENT_3D ( 'NONE', #1878, #22, #1857 ) ;
#1267 = CARTESIAN_POINT ( 'NONE',  ( 0.0000000000000000000, 0.0000000000000000000, 0.4999999999999987232 ) ) ;
#1268 = DIRECTION ( 'NONE',  ( -1.000000000000000000, 0.0000000000000000000, 0.0000000000000000000 ) ) ;
#1269 = ADVANCED_FACE ( 'NONE', ( #2516 ), #1339, .F. ) ;
#1270 = CARTESIAN_POINT ( 'NONE',  ( 2.500000000000007994, 10.39230484541326227, 5.000000000000000000 ) ) ;
#1271 = LINE ( 'NONE', #1897, #983 ) ;
#1272 = EDGE_CURVE ( 'NONE', #1352, #1745, #513, .T. ) ;
#1273 = EDGE_LOOP ( 'NONE', ( #827, #1017 ) ) ;
#1274 = LINE ( 'NONE', #1050, #2484 ) ;
#1275 = DIRECTION ( 'NONE',  ( -1.000000000000000000, 0.0000000000000000000, 0.0000000000000000000 ) ) ;
#1276 = EDGE_LOOP ( 'NONE', ( #1832, #940 ) ) ;
#1277 = AXIS2_PLACEMENT_3D ( 'NONE', #1007, #1826, #1783 ) ;
#1278 = CYLINDRICAL_SURFACE ( 'NONE', #381, 3.000000000000000888 ) ;
#1279 = DIRECTION ( 'NONE',  ( 1.000000000000000000, 0.0000000000000000000, -0.0000000000000000000 ) ) ;
#1280 = EDGE_CURVE ( 'NONE', #2557, #2173, #1911, .T. ) ;
#1281 = CARTESIAN_POINT ( 'NONE',  ( 5.999999999999997335, -10.39230484541326760, 2.000000000000000000 ) ) ;
#1282 = LINE ( 'NONE', #2060, #1451 ) ;
#1283 = ORIENTED_EDGE ( 'NONE', *, *, #1928, .F. ) ;
#1284 = AXIS2_PLACEMENT_3D ( 'NONE', #57, #1439, #2027 ) ;
#1285 = CARTESIAN_POINT ( 'NONE',  ( -12.00000000000000178, 0.0000000000000000000, 12.50000000000000000 ) ) ;
#1286 = FACE_OUTER_BOUND ( 'NONE', #1227, .T. ) ;
#1287 = ORIENTED_EDGE ( 'NONE', *, *, #1338, .F. ) ;
#1288 =( GEOMETRIC_REPRESENTATION_CONTEXT ( 3 ) GLOBAL_UNCERTAINTY_ASSIGNED_CONTEXT ( ( #254 ) ) GLOBAL_UNIT_ASSIGNED_CONTEXT ( ( #453, #2489, #2377 ) ) REPRESENTATION_CONTEXT ( 'NONE', 'WORKASPACE' ) );
#1289 = EDGE_CURVE ( 'NONE', #742, #2088, #2572, .T. ) ;
#1290 = DIRECTION ( 'NONE',  ( 0.0000000000000000000, 0.0000000000000000000, -1.000000000000000000 ) ) ;
#1291 = DIRECTION ( 'NONE',  ( -0.0000000000000000000, -0.0000000000000000000, -1.000000000000000000 ) ) ;
#1292 = AXIS2_PLACEMENT_3D ( 'NONE', #1537, #147, #353 ) ;
#1293 = VECTOR ( 'NONE', #634, 1000.000000000000000 ) ;
#1294 = EDGE_CURVE ( 'NONE', #2371, #1060, #1309, .T. ) ;
#1295 = VECTOR ( 'NONE', #1019, 1000.000000000000000 ) ;
#1296 = PLANE ( 'NONE',  #2622 ) ;
#1297 = LINE ( 'NONE', #1818, #1619 ) ;
#1298 = EDGE_CURVE ( 'NONE', #2578, #2218, #2303, .T. ) ;
#1299 = LINE ( 'NONE', #1129, #93 ) ;
#1300 = LINE ( 'NONE', #84, #1981 ) ;
#1301 = CARTESIAN_POINT ( 'NONE',  ( 13.04777279845108851, 5.075000000000011724, 5.000000000000000000 ) ) ;
#1302 = CIRCLE ( 'NONE', #302, 1.600000000000000755 ) ;
#1303 = DIRECTION ( 'NONE',  ( 1.000000000000000000, 0.0000000000000000000, 0.0000000000000000000 ) ) ;
#1304 = EDGE_CURVE ( 'NONE', #2326, #1035, #627, .T. ) ;
#1305 = LINE ( 'NONE', #136, #1373 ) ;
#1306 = CARTESIAN_POINT ( 'NONE',  ( 12.00000000000000000, 0.0000000000000000000, -1.402220585023716934E-15 ) ) ;
#1307 = CARTESIAN_POINT ( 'NONE',  ( -10.29144984649132866, 12.16147795789694186, 0.0000000000000000000 ) ) ;
#1308 = ORIENTED_EDGE ( 'NONE', *, *, #433, .F. ) ;
#1309 = LINE ( 'NONE', #1890, #281 ) ;
#1310 = CARTESIAN_POINT ( 'NONE',  ( 7.455870170543476227, 20.83103448275862490, 3.499999999999960476 ) ) ;
#1311 = ORIENTED_EDGE ( 'NONE', *, *, #2125, .F. ) ;
#1312 = EDGE_CURVE ( 'NONE', #840, #742, #1299, .T. ) ;
#1313 = DIRECTION ( 'NONE',  ( 1.000000000000000000, 0.0000000000000000000, 0.0000000000000000000 ) ) ;
#1314 = CARTESIAN_POINT ( 'NONE',  ( 9.833317233346393849, -9.249641732973934438, 5.500000000000003553 ) ) ;
#1315 = CIRCLE ( 'NONE', #2165, 8.500000000000000000 ) ;
#1316 = CARTESIAN_POINT ( 'NONE',  ( 6.000000000000004441, 10.39230484541326227, 2.000000000000000000 ) ) ;
#1317 = DIRECTION ( 'NONE',  ( 0.0000000000000000000, 0.0000000000000000000, -1.000000000000000000 ) ) ;
#1318 = VECTOR ( 'NONE', #659, 1000.000000000000000 ) ;
#1319 = ORIENTED_EDGE ( 'NONE', *, *, #119, .T. ) ;
#1320 = EDGE_CURVE ( 'NONE', #1677, #882, #1695, .T. ) ;
#1321 = DIRECTION ( 'NONE',  ( 1.000000000000000000, 0.0000000000000000000, 0.0000000000000000000 ) ) ;
#1322 = ORIENTED_EDGE ( 'NONE', *, *, #2581, .T. ) ;
#1323 = CARTESIAN_POINT ( 'NONE',  ( 9.726362799581224294, -10.24726305946281890, 1.871829162383660483 ) ) ;
#1324 = DIRECTION ( 'NONE',  ( 1.000000000000000000, 0.0000000000000000000, 0.0000000000000000000 ) ) ;
#1325 = VERTEX_POINT ( 'NONE', #892 ) ;
#1326 = AXIS2_PLACEMENT_3D ( 'NONE', #2260, #2052, #1833 ) ;
#1327 = ORIENTED_EDGE ( 'NONE', *, *, #262, .F. ) ;
#1328 = CIRCLE ( 'NONE', #705, 13.99999999999999822 ) ;
#1329 = DIRECTION ( 'NONE',  ( 0.0000000000000000000, 0.0000000000000000000, 1.000000000000000000 ) ) ;
#1330 = CARTESIAN_POINT ( 'NONE',  ( 3.093766099986939633, -13.14072339403625200, 2.000000000000000000 ) ) ;
#1331 = AXIS2_PLACEMENT_3D ( 'NONE', #1316, #1940, #1527 ) ;
#1332 = DIRECTION ( 'NONE',  ( 0.0000000000000000000, 0.0000000000000000000, 1.000000000000000000 ) ) ;
#1333 = ADVANCED_FACE ( 'NONE', ( #502 ), #452, .F. ) ;
#1334 = CARTESIAN_POINT ( 'NONE',  ( 7.029506646878550313, 10.89272795789694470, 3.000000000000000000 ) ) ;
#1335 = EDGE_LOOP ( 'NONE', ( #2245, #1506, #1222, #1383 ) ) ;
#1336 = CIRCLE ( 'NONE', #2625, 1.249999999999999334 ) ;
#1337 = CARTESIAN_POINT ( 'NONE',  ( 3.522184044329447428, -14.06720017328969341, 1.500000000000011102 ) ) ;
#1338 = EDGE_CURVE ( 'NONE', #1088, #661, #715, .T. ) ;
#1339 = CYLINDRICAL_SURFACE ( 'NONE', #745, 1.600000000000000755 ) ;
#1340 = CARTESIAN_POINT ( 'NONE',  ( 5.999999999999997335, -10.39230484541326760, 0.0000000000000000000 ) ) ;
#1341 = ORIENTED_EDGE ( 'NONE', *, *, #327, .T. ) ;
#1342 = ORIENTED_EDGE ( 'NONE', *, *, #1058, .T. ) ;
#1343 = DIRECTION ( 'NONE',  ( -1.000000000000000000, 0.0000000000000000000, 0.0000000000000000000 ) ) ;
#1344 = VECTOR ( 'NONE', #1141, 1000.000000000000000 ) ;
#1345 = CARTESIAN_POINT ( 'NONE',  ( -13.51376468411005050, 5.256249999999999645, 4.500000000000000000 ) ) ;
#1346 = DIRECTION ( 'NONE',  ( 0.8571673007021118895, 1.049727191138618079E-16, -0.5150380749100549327 ) ) ;
#1347 = AXIS2_PLACEMENT_3D ( 'NONE', #2496, #858, #1467 ) ;
#1348 = ORIENTED_EDGE ( 'NONE', *, *, #175, .F. ) ;
#1349 = ORIENTED_EDGE ( 'NONE', *, *, #1235, .F. ) ;
#1350 = CARTESIAN_POINT ( 'NONE',  ( 6.000000000000004441, 10.39230484541326227, 12.50000000000000000 ) ) ;
#1351 = CARTESIAN_POINT ( 'NONE',  ( -12.00000000000000178, 0.0000000000000000000, 2.000000000000000000 ) ) ;
#1352 = VERTEX_POINT ( 'NONE', #1736 ) ;
#1353 = ORIENTED_EDGE ( 'NONE', *, *, #465, .T. ) ;
#1354 = EDGE_LOOP ( 'NONE', ( #1433, #339, #1680, #2453, #558, #357 ) ) ;
#1355 = FACE_OUTER_BOUND ( 'NONE', #330, .T. ) ;
#1356 = DIRECTION ( 'NONE',  ( -0.3625000000000000444, -0.9319837713179344174, 0.0000000000000000000 ) ) ;
#1357 = ORIENTED_EDGE ( 'NONE', *, *, #2012, .F. ) ;
#1358 = CARTESIAN_POINT ( 'NONE',  ( 5.021076176341821018, 14.35194854135496101, 0.4999999999999986122 ) ) ;
#1359 = CARTESIAN_POINT ( 'NONE',  ( 8.500000000000000000, 0.0000000000000000000, 5.000000000000000000 ) ) ;
#1360 = AXIS2_PLACEMENT_3D ( 'NONE', #378, #2395, #602 ) ;
#1361 = CARTESIAN_POINT ( 'NONE',  ( 4.020061728938024714, -13.54816748537226978, 1.868224848700298590 ) ) ;
#1362 = DIRECTION ( 'NONE',  ( 1.000000000000000000, 0.0000000000000000000, 0.0000000000000000000 ) ) ;
#1363 = CARTESIAN_POINT ( 'NONE',  ( -13.42708333333333037, -3.891081661062335328, 5.000000000000000000 ) ) ;
#1364 = VERTEX_POINT ( 'NONE', #1112 ) ;
#1365 = EDGE_LOOP ( 'NONE', ( #2231, #552, #2480, #2092 ) ) ;
#1366 = DIRECTION ( 'NONE',  ( -0.0000000000000000000, -0.0000000000000000000, -1.000000000000000000 ) ) ;
#1367 = CONICAL_SURFACE ( 'NONE', #1548, 1.249999999999999334, 1.029744258676653423 ) ;
#1368 = DIRECTION ( 'NONE',  ( -0.0000000000000000000, -0.0000000000000000000, -1.000000000000000000 ) ) ;
#1369 = EDGE_CURVE ( 'NONE', #2477, #794, #1914, .T. ) ;
#1370 = VECTOR ( 'NONE', #340, 1000.000000000000000 ) ;
#1371 = DIRECTION ( 'NONE',  ( 1.000000000000000000, 0.0000000000000000000, 0.0000000000000000000 ) ) ;
#1372 = DIRECTION ( 'NONE',  ( -1.000000000000000000, 0.0000000000000000000, 0.0000000000000000000 ) ) ;
#1373 = VECTOR ( 'NONE', #2362, 1000.000000000000000 ) ;
#1374 = LINE ( 'NONE', #432, #1519 ) ;
#1375 = CIRCLE ( 'NONE', #1292, 2.000000000000002220 ) ;
#1376 = ORIENTED_EDGE ( 'NONE', *, *, #2536, .T. ) ;
#1377 = AXIS2_PLACEMENT_3D ( 'NONE', #1965, #120, #148 ) ;
#1378 = DIRECTION ( 'NONE',  ( -0.0000000000000000000, -0.0000000000000000000, 1.000000000000000000 ) ) ;
#1379 = CARTESIAN_POINT ( 'NONE',  ( 3.820324574990202393, -12.45361875688050723, 2.000000000000000000 ) ) ;
#1380 = ORIENTED_EDGE ( 'NONE', *, *, #978, .T. ) ;
#1381 = ORIENTED_EDGE ( 'NONE', *, *, #59, .T. ) ;
#1382 = EDGE_CURVE ( 'NONE', #614, #376, #811, .T. ) ;
#1383 = ORIENTED_EDGE ( 'NONE', *, *, #284, .F. ) ;
#1384 = CARTESIAN_POINT ( 'NONE',  ( -8.500000000000000000, 0.0000000000000000000, 0.0000000000000000000 ) ) ;
#1385 = CARTESIAN_POINT ( 'NONE',  ( -5.999999999999998224, 10.39230484541326582, 0.0000000000000000000 ) ) ;
#1386 = VERTEX_POINT ( 'NONE', #584 ) ;
#1387 = FACE_OUTER_BOUND ( 'NONE', #933, .T. ) ;
#1388 = ADVANCED_FACE ( 'NONE', ( #1394 ), #1903, .T. ) ;
#1389 = CARTESIAN_POINT ( 'NONE',  ( 4.399999999999995914, -10.39230484541326760, 2.000000000000000000 ) ) ;
#1390 = AXIS2_PLACEMENT_3D ( 'NONE', #1045, #263, #1485 ) ;
#1391 = DIRECTION ( 'NONE',  ( -0.3625000000000000444, -0.9319837713179344174, 0.0000000000000000000 ) ) ;
#1392 = AXIS2_PLACEMENT_3D ( 'NONE', #1351, #2116, #2355 ) ;
#1393 = ORIENTED_EDGE ( 'NONE', *, *, #668, .T. ) ;
#1394 = FACE_OUTER_BOUND ( 'NONE', #2045, .T. ) ;
#1395 = ORIENTED_EDGE ( 'NONE', *, *, #1382, .F. ) ;
#1396 = EDGE_CURVE ( 'NONE', #2392, #2326, #179, .T. ) ;
#1397 = AXIS2_PLACEMENT_3D ( 'NONE', #2530, #1521, #1144 ) ;
#1398 = DIRECTION ( 'NONE',  ( -1.000000000000000000, 0.0000000000000000000, 0.0000000000000000000 ) ) ;
#1399 = CARTESIAN_POINT ( 'NONE',  ( 5.999999999999997335, -10.39230484541326760, 2.000000000000000000 ) ) ;
#1400 = ORIENTED_EDGE ( 'NONE', *, *, #472, .T. ) ;
#1401 = ADVANCED_FACE ( 'NONE', ( #2177 ), #2207, .F. ) ;
#1402 = DIRECTION ( 'NONE',  ( 0.0000000000000000000, 0.0000000000000000000, -1.000000000000000000 ) ) ;
#1403 = DIRECTION ( 'NONE',  ( 0.0000000000000000000, 0.0000000000000000000, 1.000000000000000000 ) ) ;
#1404 = EDGE_CURVE ( 'NONE', #2276, #1060, #235, .T. ) ;
#1405 = FACE_OUTER_BOUND ( 'NONE', #1601, .T. ) ;
#1406 = ORIENTED_EDGE ( 'NONE', *, *, #1474, .F. ) ;
#1407 = EDGE_CURVE ( 'NONE', #1815, #882, #777, .T. ) ;
#1408 = AXIS2_PLACEMENT_3D ( 'NONE', #925, #2348, #2584 ) ;
#1409 = CARTESIAN_POINT ( 'NONE',  ( -4.750000000000009770, -10.39230484541326760, -1.402220585023716934E-15 ) ) ;
#1410 = ORIENTED_EDGE ( 'NONE', *, *, #2541, .T. ) ;
#1411 = EDGE_LOOP ( 'NONE', ( #1664, #1341 ) ) ;
#1412 = CARTESIAN_POINT ( 'NONE',  ( 3.457045337488569459, -12.79717107545838140, 5.000000000000000000 ) ) ;
#1413 = DIRECTION ( 'NONE',  ( 1.000000000000000000, 0.0000000000000000000, 0.0000000000000000000 ) ) ;
#1414 = ORIENTED_EDGE ( 'NONE', *, *, #2246, .T. ) ;
#1415 = CARTESIAN_POINT ( 'NONE',  ( -2.000000000000000888, 23.00000000000000000, 12.50000000000000000 ) ) ;
#1416 = DIRECTION ( 'NONE',  ( 1.000000000000000000, 0.0000000000000000000, 0.0000000000000000000 ) ) ;
#1417 = AXIS2_PLACEMENT_3D ( 'NONE', #2339, #2529, #2104 ) ;
#1418 = ADVANCED_FACE ( 'NONE', ( #1749 ), #1106, .F. ) ;
#1419 = CARTESIAN_POINT ( 'NONE',  ( 12.00000000000000000, 0.0000000000000000000, -1.402220585023716934E-15 ) ) ;
#1420 = ORIENTED_EDGE ( 'NONE', *, *, #2426, .T. ) ;
#1421 = AXIS2_PLACEMENT_3D ( 'NONE', #2334, #519, #746 ) ;
#1422 = EDGE_CURVE ( 'NONE', #569, #470, #1203, .T. ) ;
#1423 = DIRECTION ( 'NONE',  ( 0.0000000000000000000, 0.0000000000000000000, -1.000000000000000000 ) ) ;
#1424 = EDGE_LOOP ( 'NONE', ( #1247, #866, #2322, #595 ) ) ;
#1425 = EDGE_LOOP ( 'NONE', ( #1778, #276, #1559, #1910 ) ) ;
#1426 = CIRCLE ( 'NONE', #289, 3.500000000000002220 ) ;
#1427 = CARTESIAN_POINT ( 'NONE',  ( 3.322933959245231605, -14.11411031211301115, 5.000000000000000000 ) ) ;
#1428 = CARTESIAN_POINT ( 'NONE',  ( -9.000000000000001776, 0.0000000000000000000, 4.499999999999994671 ) ) ;
#1429 = CARTESIAN_POINT ( 'NONE',  ( -7.029506646878550313, 10.89272795789694470, 3.000000000000000000 ) ) ;
#1430 = DIRECTION ( 'NONE',  ( -1.000000000000000000, 0.0000000000000000000, 0.0000000000000000000 ) ) ;
#1431 = ADVANCED_FACE ( 'NONE', ( #806 ), #2160, .F. ) ;
#1432 = DIRECTION ( 'NONE',  ( 0.6590120446547251820, -0.2563262081801239711, 0.7071067811865462405 ) ) ;
#1433 = ORIENTED_EDGE ( 'NONE', *, *, #24, .T. ) ;
#1434 = AXIS2_PLACEMENT_3D ( 'NONE', #816, #1432, #1391 ) ;
#1435 = ADVANCED_FACE ( 'NONE', ( #422 ), #1557, .F. ) ;
#1436 = AXIS2_PLACEMENT_3D ( 'NONE', #2546, #730, #2314 ) ;
#1437 = VERTEX_POINT ( 'NONE', #1804 ) ;
#1438 = ORIENTED_EDGE ( 'NONE', *, *, #2568, .F. ) ;
#1439 = DIRECTION ( 'NONE',  ( 0.0000000000000000000, 0.0000000000000000000, 1.000000000000000000 ) ) ;
#1440 = DIRECTION ( 'NONE',  ( 0.3625000000000000999, -0.9319837713179345284, 0.0000000000000000000 ) ) ;
#1441 =( GEOMETRIC_REPRESENTATION_CONTEXT ( 3 ) GLOBAL_UNCERTAINTY_ASSIGNED_CONTEXT ( ( #1518 ) ) GLOBAL_UNIT_ASSIGNED_CONTEXT ( ( #2220, #1012, #2424 ) ) REPRESENTATION_CONTEXT ( 'NONE', 'WORKASPACE' ) );
#1442 = FACE_OUTER_BOUND ( 'NONE', #11, .T. ) ;
#1443 = DIRECTION ( 'NONE',  ( -0.7071067811865451302, 0.0000000000000000000, -0.7071067811865500152 ) ) ;
#1444 = ORIENTED_EDGE ( 'NONE', *, *, #668, .F. ) ;
#1445 = EDGE_CURVE ( 'NONE', #780, #2371, #1830, .T. ) ;
#1446 = FACE_OUTER_BOUND ( 'NONE', #2425, .T. ) ;
#1447 = ORIENTED_EDGE ( 'NONE', *, *, #1516, .F. ) ;
#1448 = EDGE_LOOP ( 'NONE', ( #1570, #1357, #943, #2412 ) ) ;
#1449 = ORIENTED_EDGE ( 'NONE', *, *, #1530, .F. ) ;
#1450 = EDGE_CURVE ( 'NONE', #647, #646, #2628, .T. ) ;
#1451 = VECTOR ( 'NONE', #865, 1000.000000000000000 ) ;
#1452 = CARTESIAN_POINT ( 'NONE',  ( -2.000000000000002220, 23.00000000000000000, 11.50000000000000000 ) ) ;
#1453 = CARTESIAN_POINT ( 'NONE',  ( 10.29144984649136063, 12.16147795789695962, 3.000000000000000000 ) ) ;
#1454 = CARTESIAN_POINT ( 'NONE',  ( -9.589471614991293080, 13.96625677052186099, 3.000000000000000000 ) ) ;
#1455 = DIRECTION ( 'NONE',  ( 0.6590120446547185207, -0.2563262081801215841, 0.7071067811865532349 ) ) ;
#1456 = VERTEX_POINT ( 'NONE', #1958 ) ;
#1457 = EDGE_CURVE ( 'NONE', #756, #1863, #615, .T. ) ;
#1458 = FACE_OUTER_BOUND ( 'NONE', #1975, .T. ) ;
#1459 = LINE ( 'NONE', #2287, #1693 ) ;
#1460 = CIRCLE ( 'NONE', #868, 14.50000000000000000 ) ;
#1461 = ORIENTED_EDGE ( 'NONE', *, *, #2201, .T. ) ;
#1462 = CIRCLE ( 'NONE', #1665, 14.00000000000000000 ) ;
#1463 = ORIENTED_EDGE ( 'NONE', *, *, #1450, .F. ) ;
#1464 = VERTEX_POINT ( 'NONE', #1409 ) ;
#1465 = CIRCLE ( 'NONE', #1421, 1.249999999999988898 ) ;
#1466 = LINE ( 'NONE', #1866, #1795 ) ;
#1467 = DIRECTION ( 'NONE',  ( 1.000000000000000000, 0.0000000000000000000, 0.0000000000000000000 ) ) ;
#1468 = CONICAL_SURFACE ( 'NONE', #110, 0.4999999999999970024, 0.7853981633974447263 ) ;
#1469 = EDGE_CURVE ( 'NONE', #2479, #2503, #2478, .T. ) ;
#1470 = AXIS2_PLACEMENT_3D ( 'NONE', #2296, #874, #244 ) ;
#1471 = CARTESIAN_POINT ( 'NONE',  ( 5.999999999999997335, -10.39230484541326760, 12.50000000000000000 ) ) ;
#1472 = CARTESIAN_POINT ( 'NONE',  ( 0.0000000000000000000, 0.0000000000000000000, 0.0000000000000000000 ) ) ;
#1473 = CIRCLE ( 'NONE', #594, 1.000000000000000888 ) ;
#1474 = EDGE_CURVE ( 'NONE', #656, #954, #2070, .T. ) ;
#1475 = DIRECTION ( 'NONE',  ( -0.0000000000000000000, -0.0000000000000000000, -1.000000000000000000 ) ) ;
#1476 = CARTESIAN_POINT ( 'NONE',  ( 12.00000000000000000, 0.0000000000000000000, 3.000000000000000444 ) ) ;
#1477 = AXIS2_PLACEMENT_3D ( 'NONE', #1628, #1787, #406 ) ;
#1478 = ORIENTED_EDGE ( 'NONE', *, *, #2297, .T. ) ;
#1479 = CARTESIAN_POINT ( 'NONE',  ( 7.029506646878550313, 10.89272795789694470, 0.0000000000000000000 ) ) ;
#1480 = EDGE_CURVE ( 'NONE', #2016, #1059, #2606, .T. ) ;
#1481 = DIRECTION ( 'NONE',  ( -0.6590120446547229616, -0.2563262081801208625, -0.7071067811865493491 ) ) ;
#1482 = CIRCLE ( 'NONE', #2542, 14.00000000000001599 ) ;
#1483 = CARTESIAN_POINT ( 'NONE',  ( -10.51054847287750604, 12.97748798793839597, 3.499999999999960476 ) ) ;
#1484 = FACE_OUTER_BOUND ( 'NONE', #2605, .T. ) ;
#1485 = DIRECTION ( 'NONE',  ( 1.000000000000000000, 0.0000000000000000000, 0.0000000000000000000 ) ) ;
#1486 = CARTESIAN_POINT ( 'NONE',  ( -5.021076176341821018, 14.35194854135496279, 3.000000000000000000 ) ) ;
#1487 = ORIENTED_EDGE ( 'NONE', *, *, #2367, .F. ) ;
#1488 = EDGE_CURVE ( 'NONE', #319, #784, #1282, .T. ) ;
#1489 = ORIENTED_EDGE ( 'NONE', *, *, #1263, .T. ) ;
#1490 = DIRECTION ( 'NONE',  ( 0.0000000000000000000, 0.0000000000000000000, 1.000000000000000000 ) ) ;
#1491 = FACE_BOUND ( 'NONE', #894, .T. ) ;
#1492 = AXIS2_PLACEMENT_3D ( 'NONE', #300, #1499, #468 ) ;
#1493 = EDGE_LOOP ( 'NONE', ( #1107, #1353 ) ) ;
#1494 = EDGE_CURVE ( 'NONE', #1745, #1919, #318, .T. ) ;
#1495 = VECTOR ( 'NONE', #9, 1000.000000000000000 ) ;
#1496 = DIRECTION ( 'NONE',  ( -1.000000000000000000, 0.0000000000000000000, 0.0000000000000000000 ) ) ;
#1497 = CARTESIAN_POINT ( 'NONE',  ( 0.0000000000000000000, 40.00000000000000000, 0.4999999999999995559 ) ) ;
#1498 = CARTESIAN_POINT ( 'NONE',  ( 9.354152579178093063, -9.392474622028844422, 5.000000000000000000 ) ) ;
#1499 = DIRECTION ( 'NONE',  ( -0.0000000000000000000, -0.0000000000000000000, -1.000000000000000000 ) ) ;
#1500 = EDGE_CURVE ( 'NONE', #131, #2476, #1271, .T. ) ;
#1501 = AXIS2_PLACEMENT_3D ( 'NONE', #1545, #293, #94 ) ;
#1502 = AXIS2_PLACEMENT_3D ( 'NONE', #2631, #1002, #572 ) ;
#1503 = EDGE_CURVE ( 'NONE', #731, #1057, #687, .T. ) ;
#1504 = CARTESIAN_POINT ( 'NONE',  ( -7.249999999999997335, -10.39230484541326760, 3.000000000000000444 ) ) ;
#1505 = DIRECTION ( 'NONE',  ( -0.0000000000000000000, -0.0000000000000000000, -1.000000000000000000 ) ) ;
#1506 = ORIENTED_EDGE ( 'NONE', *, *, #7, .F. ) ;
#1507 = AXIS2_PLACEMENT_3D ( 'NONE', #1758, #1332, #2139 ) ;
#1508 = ADVANCED_FACE ( 'NONE', ( #2086 ), #274, .F. ) ;
#1509 = DIRECTION ( 'NONE',  ( -1.000000000000000000, 0.0000000000000000000, 0.0000000000000000000 ) ) ;
#1510 = CARTESIAN_POINT ( 'NONE',  ( -5.277358105087843754, 25.05265625000001606, 3.000000000000000000 ) ) ;
#1511 = VECTOR ( 'NONE', #1526, 1000.000000000000000 ) ;
#1512 = CIRCLE ( 'NONE', #252, 8.500000000000000000 ) ;
#1513 = FACE_OUTER_BOUND ( 'NONE', #1273, .T. ) ;
#1514 = CARTESIAN_POINT ( 'NONE',  ( -5.999999999999998224, -10.39230484541326760, -1.402220585023716934E-15 ) ) ;
#1515 = EDGE_LOOP ( 'NONE', ( #2118, #1461, #945, #2601, #2113 ) ) ;
#1516 = EDGE_CURVE ( 'NONE', #2614, #1902, #1459, .T. ) ;
#1517 = VERTEX_POINT ( 'NONE', #1689 ) ;
#1518 = UNCERTAINTY_MEASURE_WITH_UNIT (LENGTH_MEASURE( 1.000000000000000082E-05 ), #2220, 'distance_accuracy_value', 'NONE');
#1519 = VECTOR ( 'NONE', #2244, 1000.000000000000114 ) ;
#1520 = CARTESIAN_POINT ( 'NONE',  ( -12.92708333333333215, 3.891081661062335328, 5.000000000000000000 ) ) ;
#1521 = DIRECTION ( 'NONE',  ( 0.0000000000000000000, 0.0000000000000000000, -1.000000000000000000 ) ) ;
#1522 = EDGE_LOOP ( 'NONE', ( #2208, #751, #2301, #1806 ) ) ;
#1523 = ORIENTED_EDGE ( 'NONE', *, *, #653, .F. ) ;
#1524 = DIRECTION ( 'NONE',  ( -0.0000000000000000000, -0.0000000000000000000, -1.000000000000000000 ) ) ;
#1525 = CONICAL_SURFACE ( 'NONE', #1607, 7.500000000000007105, 0.7853981633974415066 ) ;
#1526 = DIRECTION ( 'NONE',  ( 0.0000000000000000000, 0.0000000000000000000, 1.000000000000000000 ) ) ;
#1527 = DIRECTION ( 'NONE',  ( 1.000000000000000000, 0.0000000000000000000, -0.0000000000000000000 ) ) ;
#1528 = DIRECTION ( 'NONE',  ( -0.0000000000000000000, -0.0000000000000000000, -1.000000000000000000 ) ) ;
#1529 = EDGE_LOOP ( 'NONE', ( #511, #2387, #921, #1874, #917, #43 ) ) ;
#1530 = EDGE_CURVE ( 'NONE', #2503, #1325, #1297, .T. ) ;
#1531 = CARTESIAN_POINT ( 'NONE',  ( 0.0000000000000000000, 0.0000000000000000000, 5.000000000000000000 ) ) ;
#1532 = ORIENTED_EDGE ( 'NONE', *, *, #2259, .F. ) ;
#1533 = DIRECTION ( 'NONE',  ( 0.0000000000000000000, 0.0000000000000000000, 1.000000000000000000 ) ) ;
#1534 = CARTESIAN_POINT ( 'NONE',  ( -12.92708333333333215, -3.891081661062335328, 2.000000000000000000 ) ) ;
#1535 = ORIENTED_EDGE ( 'NONE', *, *, #332, .F. ) ;
#1536 = EDGE_CURVE ( 'NONE', #1060, #2276, #2513, .T. ) ;
#1537 = CARTESIAN_POINT ( 'NONE',  ( 0.0000000000000000000, 23.00000000000000000, 11.89999999999999858 ) ) ;
#1538 = CARTESIAN_POINT ( 'NONE',  ( -12.92708333333333215, 3.891081661062335328, 2.000000000000000000 ) ) ;
#1539 = CONICAL_SURFACE ( 'NONE', #939, 14.00000000000000888, 0.7853981633974396193 ) ;
#1540 = DIRECTION ( 'NONE',  ( -1.000000000000000000, 0.0000000000000000000, 0.0000000000000000000 ) ) ;
#1541 = EDGE_CURVE ( 'NONE', #146, #656, #1634, .T. ) ;
#1542 = CARTESIAN_POINT ( 'NONE',  ( 0.0000000000000000000, 0.0000000000000000000, 1.500000000000003109 ) ) ;
#1543 = ORIENTED_EDGE ( 'NONE', *, *, #361, .F. ) ;
#1544 = FACE_OUTER_BOUND ( 'NONE', #1621, .T. ) ;
#1545 = CARTESIAN_POINT ( 'NONE',  ( 7.029506646878550313, 10.89272795789694470, 3.000000000000000000 ) ) ;
#1546 = DIRECTION ( 'NONE',  ( 1.000000000000000000, 0.0000000000000000000, 0.0000000000000000000 ) ) ;
#1547 = EDGE_LOOP ( 'NONE', ( #1083, #844, #986, #515 ) ) ;
#1548 = AXIS2_PLACEMENT_3D ( 'NONE', #1636, #883, #1856 ) ;
#1549 = ORIENTED_EDGE ( 'NONE', *, *, #119, .F. ) ;
#1550 = CARTESIAN_POINT ( 'NONE',  ( -5.999999999999998224, 10.39230484541326582, -1.402220585023716934E-15 ) ) ;
#1551 = DIRECTION ( 'NONE',  ( 1.000000000000000000, 8.673617379884027583E-16, 0.0000000000000000000 ) ) ;
#1552 = EDGE_CURVE ( 'NONE', #2506, #1076, #776, .T. ) ;
#1553 = CIRCLE ( 'NONE', #1875, 1.599999999999998979 ) ;
#1554 = CARTESIAN_POINT ( 'NONE',  ( -12.00000000000000178, 0.0000000000000000000, 2.000000000000000000 ) ) ;
#1555 = DIRECTION ( 'NONE',  ( -0.3625000000000000999, -0.9319837713179345284, 0.0000000000000000000 ) ) ;
#1556 = CARTESIAN_POINT ( 'NONE',  ( 3.943699234186226033, -13.69742248541442642, 1.746983276439337374 ) ) ;
#1557 = PLANE ( 'NONE',  #524 ) ;
#1558 = PLANE ( 'NONE',  #1770 ) ;
#1559 = ORIENTED_EDGE ( 'NONE', *, *, #361, .T. ) ;
#1560 = VERTEX_POINT ( 'NONE', #1486 ) ;
#1561 = ORIENTED_EDGE ( 'NONE', *, *, #1907, .T. ) ;
#1562 = DIRECTION ( 'NONE',  ( 0.0000000000000000000, 0.0000000000000000000, 1.000000000000000000 ) ) ;
#1563 = CARTESIAN_POINT ( 'NONE',  ( 10.75000000000000000, 0.0000000000000000000, 3.000000000000000444 ) ) ;
#1564 = DIRECTION ( 'NONE',  ( 0.0000000000000000000, 0.0000000000000000000, -1.000000000000000000 ) ) ;
#1565 = ADVANCED_FACE ( 'NONE', ( #890 ), #1258, .T. ) ;
#1566 = DIRECTION ( 'NONE',  ( -0.6590120446547215183, 0.2563262081801208625, 0.7071067811865507924 ) ) ;
#1567 = CARTESIAN_POINT ( 'NONE',  ( -13.89373449343599987, 3.604068805346944515, 1.646785749910259167 ) ) ;
#1568 = ADVANCED_FACE ( 'NONE', ( #264, #487 ), #89, .T. ) ;
#1569 = ORIENTED_EDGE ( 'NONE', *, *, #1503, .F. ) ;
#1570 = ORIENTED_EDGE ( 'NONE', *, *, #684, .F. ) ;
#1571 = DIRECTION ( 'NONE',  ( 0.0000000000000000000, 0.0000000000000000000, -1.000000000000000000 ) ) ;
#1572 = CARTESIAN_POINT ( 'NONE',  ( -12.81119791666666607, 3.404696453429546743, 5.000000000000000000 ) ) ;
#1573 = VERTEX_POINT ( 'NONE', #1056 ) ;
#1574 = CARTESIAN_POINT ( 'NONE',  ( -5.999999999999998224, 10.39230484541326582, 0.0000000000000000000 ) ) ;
#1575 = LINE ( 'NONE', #430, #1064 ) ;
#1576 = AXIS2_PLACEMENT_3D ( 'NONE', #1476, #64, #498 ) ;
#1577 = AXIS2_PLACEMENT_3D ( 'NONE', #969, #1378, #1362 ) ;
#1578 = CARTESIAN_POINT ( 'NONE',  ( 3.093766099986941409, -13.14072339403625911, 5.500000000000005329 ) ) ;
#1579 = EDGE_CURVE ( 'NONE', #2088, #2614, #411, .T. ) ;
#1580 = DIRECTION ( 'NONE',  ( 0.0000000000000000000, 0.0000000000000000000, -1.000000000000000000 ) ) ;
#1581 = ORIENTED_EDGE ( 'NONE', *, *, #748, .F. ) ;
#1582 = ORIENTED_EDGE ( 'NONE', *, *, #1651, .T. ) ;
#1583 = ADVANCED_FACE ( 'NONE', ( #2512 ), #1095, .F. ) ;
#1584 = VERTEX_POINT ( 'NONE', #2299 ) ;
#1585 = CARTESIAN_POINT ( 'NONE',  ( -12.92708333333333215, -3.891081661062335328, 4.499999999999994671 ) ) ;
#1586 = LINE ( 'NONE', #1572, #1713 ) ;
#1587 = ORIENTED_EDGE ( 'NONE', *, *, #1457, .F. ) ;
#1588 = VECTOR ( 'NONE', #769, 1000.000000000000114 ) ;
#1589 = DIRECTION ( 'NONE',  ( -1.000000000000000000, 0.0000000000000000000, 0.0000000000000000000 ) ) ;
#1590 = CARTESIAN_POINT ( 'NONE',  ( 0.0000000000000000000, 0.0000000000000000000, 0.0000000000000000000 ) ) ;
#1591 = CIRCLE ( 'NONE', #1708, 1.600000000000000755 ) ;
#1592 = FACE_OUTER_BOUND ( 'NONE', #2356, .T. ) ;
#1593 = VECTOR ( 'NONE', #1455, 1000.000000000000114 ) ;
#1594 = ORIENTED_EDGE ( 'NONE', *, *, #2617, .F. ) ;
#1595 = EDGE_CURVE ( 'NONE', #1652, #287, #899, .T. ) ;
#1596 = DIRECTION ( 'NONE',  ( 0.0000000000000000000, 0.0000000000000000000, -1.000000000000000000 ) ) ;
#1597 = ORIENTED_EDGE ( 'NONE', *, *, #648, .T. ) ;
#1598 = EDGE_CURVE ( 'NONE', #1464, #1948, #144, .T. ) ;
#1599 = CARTESIAN_POINT ( 'NONE',  ( -12.92708333333333215, 3.891081661062335328, 5.000000000000000000 ) ) ;
#1600 = LINE ( 'NONE', #1181, #30 ) ;
#1601 = EDGE_LOOP ( 'NONE', ( #2547, #996, #961, #2074, #2282 ) ) ;
#1602 = CIRCLE ( 'NONE', #1184, 1.249999999999988898 ) ;
#1603 = CARTESIAN_POINT ( 'NONE',  ( 0.0000000000000000000, 23.00000000000000000, 12.50000000000000000 ) ) ;
#1604 = FACE_OUTER_BOUND ( 'NONE', #660, .T. ) ;
#1605 = EDGE_CURVE ( 'NONE', #1751, #82, #92, .T. ) ;
#1606 = DIRECTION ( 'NONE',  ( -1.000000000000000000, 0.0000000000000000000, 0.0000000000000000000 ) ) ;
#1607 = AXIS2_PLACEMENT_3D ( 'NONE', #2067, #846, #1275 ) ;
#1608 = DIRECTION ( 'NONE',  ( -0.0000000000000000000, -0.0000000000000000000, -1.000000000000000000 ) ) ;
#1609 = DIRECTION ( 'NONE',  ( -1.000000000000000000, 0.0000000000000000000, 0.0000000000000000000 ) ) ;
#1610 = EDGE_LOOP ( 'NONE', ( #2437, #1410, #1084, #445 ) ) ;
#1611 = EDGE_LOOP ( 'NONE', ( #2391, #2002, #196, #2627 ) ) ;
#1612 = CYLINDRICAL_SURFACE ( 'NONE', #704, 2.000000000000000888 ) ;
#1613 = CARTESIAN_POINT ( 'NONE',  ( 3.093766099986939633, -13.14072339403625200, 5.000000000000000000 ) ) ;
#1614 = ORIENTED_EDGE ( 'NONE', *, *, #2452, .F. ) ;
#1615 = CARTESIAN_POINT ( 'NONE',  ( 14.50000000000000000, 1.775737858763662015E-15, 0.4999999999999987232 ) ) ;
#1616 = CARTESIAN_POINT ( 'NONE',  ( -13.68826105360952106, -3.237913872394969861, 1.934051527328087605 ) ) ;
#1617 = EDGE_CURVE ( 'NONE', #159, #1788, #618, .T. ) ;
#1618 = DIRECTION ( 'NONE',  ( 0.0000000000000000000, 0.0000000000000000000, 1.000000000000000000 ) ) ;
#1619 = VECTOR ( 'NONE', #2102, 1000.000000000000114 ) ;
#1620 = VERTEX_POINT ( 'NONE', #1908 ) ;
#1621 = EDGE_LOOP ( 'NONE', ( #116, #818, #2093, #2048 ) ) ;
#1622 = CARTESIAN_POINT ( 'NONE',  ( 0.0000000000000000000, 0.0000000000000000000, 5.000000000000000000 ) ) ;
#1623 = FACE_OUTER_BOUND ( 'NONE', #2172, .T. ) ;
#1624 = DIRECTION ( 'NONE',  ( -0.0000000000000000000, -0.0000000000000000000, -1.000000000000000000 ) ) ;
#1625 = EDGE_CURVE ( 'NONE', #1517, #1745, #1315, .T. ) ;
#1626 = DIRECTION ( 'NONE',  ( 0.9319837713179345284, -0.3625000000000000999, 0.0000000000000000000 ) ) ;
#1627 = ORIENTED_EDGE ( 'NONE', *, *, #417, .F. ) ;
#1628 = CARTESIAN_POINT ( 'NONE',  ( 0.0000000000000000000, 0.0000000000000000000, 0.4999999999999987232 ) ) ;
#1629 = VECTOR ( 'NONE', #2635, 1000.000000000000000 ) ;
#1630 = AXIS2_PLACEMENT_3D ( 'NONE', #85, #528, #1509 ) ;
#1631 = AXIS2_PLACEMENT_3D ( 'NONE', #1472, #1698, #2281 ) ;
#1632 = ORIENTED_EDGE ( 'NONE', *, *, #2497, .F. ) ;
#1633 = ORIENTED_EDGE ( 'NONE', *, *, #2122, .T. ) ;
#1634 = B_SPLINE_CURVE_WITH_KNOTS ( 'NONE', 3,
 ( #1, #2475, #2269, #273 ),
 .UNSPECIFIED., .F., .F.,
 ( 4, 4 ),
 ( 0.0000000000000000000, 0.0002940899351865076429 ),
 .UNSPECIFIED. ) ;
#1635 = CIRCLE ( 'NONE', #1377, 8.000000000000000000 ) ;
#1636 = CARTESIAN_POINT ( 'NONE',  ( 12.00000000000000000, 0.0000000000000000000, 3.000000000000000444 ) ) ;
#1637 = CARTESIAN_POINT ( 'NONE',  ( 13.04777279845109028, 5.075000000000003730, 5.000000000000000000 ) ) ;
#1638 = CARTESIAN_POINT ( 'NONE',  ( -13.60000000000000320, 0.0000000000000000000, 0.0000000000000000000 ) ) ;
#1639 = DIRECTION ( 'NONE',  ( 0.0000000000000000000, 0.0000000000000000000, -1.000000000000000000 ) ) ;
#1640 = CARTESIAN_POINT ( 'NONE',  ( 0.0000000000000000000, 0.0000000000000000000, 5.000000000000000000 ) ) ;
#1641 = AXIS2_PLACEMENT_3D ( 'NONE', #1340, #739, #2340 ) ;
#1642 = EDGE_LOOP ( 'NONE', ( #2621, #1947, #1395, #2447 ) ) ;
#1643 = DIRECTION ( 'NONE',  ( -0.0000000000000000000, -0.0000000000000000000, -1.000000000000000000 ) ) ;
#1644 = FACE_OUTER_BOUND ( 'NONE', #1706, .T. ) ;
#1645 = FACE_OUTER_BOUND ( 'NONE', #2091, .T. ) ;
#1646 = DIRECTION ( 'NONE',  ( -1.000000000000000000, 0.0000000000000000000, 0.0000000000000000000 ) ) ;
#1647 = DIRECTION ( 'NONE',  ( 0.0000000000000000000, 0.0000000000000000000, 1.000000000000000000 ) ) ;
#1648 = DIRECTION ( 'NONE',  ( 1.000000000000000000, 0.0000000000000000000, 0.0000000000000000000 ) ) ;
#1649 = ORIENTED_EDGE ( 'NONE', *, *, #2125, .T. ) ;
#1650 = ORIENTED_EDGE ( 'NONE', *, *, #1259, .T. ) ;
#1651 = EDGE_CURVE ( 'NONE', #1738, #646, #1865, .T. ) ;
#1652 = VERTEX_POINT ( 'NONE', #2535 ) ;
#1653 = ORIENTED_EDGE ( 'NONE', *, *, #1185, .T. ) ;
#1654 = VECTOR ( 'NONE', #356, 1000.000000000000000 ) ;
#1655 = ORIENTED_EDGE ( 'NONE', *, *, #2158, .T. ) ;
#1656 = VECTOR ( 'NONE', #154, 999.9999999999998863 ) ;
#1657 = DIRECTION ( 'NONE',  ( 0.0000000000000000000, 0.0000000000000000000, 1.000000000000000000 ) ) ;
#1658 = CARTESIAN_POINT ( 'NONE',  ( -12.00000000000000178, 0.0000000000000000000, 4.499999999999994671 ) ) ;
#1659 = ADVANCED_FACE ( 'NONE', ( #577 ), #521, .F. ) ;
#1660 = DIRECTION ( 'NONE',  ( 1.000000000000000000, 0.0000000000000000000, 0.0000000000000000000 ) ) ;
#1661 = CARTESIAN_POINT ( 'NONE',  ( 0.0000000000000000000, 23.00000000000000000, 12.50000000000000000 ) ) ;
#1662 = CARTESIAN_POINT ( 'NONE',  ( 0.0000000000000000000, 23.00000000000000000, 3.000000000000000000 ) ) ;
#1663 = CONICAL_SURFACE ( 'NONE', #153, 1.249999999999999334, 1.029744258676653645 ) ;
#1664 = ORIENTED_EDGE ( 'NONE', *, *, #1038, .T. ) ;
#1665 = AXIS2_PLACEMENT_3D ( 'NONE', #1709, #559, #1740 ) ;
#1666 = ADVANCED_FACE ( 'NONE', ( #1953 ), #150, .T. ) ;
#1667 = ORIENTED_EDGE ( 'NONE', *, *, #1142, .F. ) ;
#1668 = VERTEX_POINT ( 'NONE', #563 ) ;
#1669 = DIRECTION ( 'NONE',  ( -1.000000000000000000, 0.0000000000000000000, 0.0000000000000000000 ) ) ;
#1670 = LINE ( 'NONE', #1453, #1938 ) ;
#1671 = AXIS2_PLACEMENT_3D ( 'NONE', #1211, #1626, #2445 ) ;
#1672 = DIRECTION ( 'NONE',  ( -0.6590120446547192978, 0.2563262081801214731, -0.7071067811865526798 ) ) ;
#1673 = CARTESIAN_POINT ( 'NONE',  ( -13.40586419753087100, -4.035195796657238709, 5.000000000000000000 ) ) ;
#1674 = DIRECTION ( 'NONE',  ( -1.000000000000000000, 0.0000000000000000000, 0.0000000000000000000 ) ) ;
#1675 = EDGE_CURVE ( 'NONE', #2225, #1114, #938, .T. ) ;
#1676 = DIRECTION ( 'NONE',  ( -0.6590120446547287347, 0.2563262081801253589, 0.7071067811865425767 ) ) ;
#1677 = VERTEX_POINT ( 'NONE', #773 ) ;
#1678 = ORIENTED_EDGE ( 'NONE', *, *, #1687, .F. ) ;
#1679 = VECTOR ( 'NONE', #2307, 1000.000000000000000 ) ;
#1680 = ORIENTED_EDGE ( 'NONE', *, *, #247, .T. ) ;
#1681 = ORIENTED_EDGE ( 'NONE', *, *, #1320, .F. ) ;
#1682 = DIRECTION ( 'NONE',  ( 1.000000000000000000, 0.0000000000000000000, 0.0000000000000000000 ) ) ;
#1683 = CARTESIAN_POINT ( 'NONE',  ( 0.0000000000000000000, 23.00000000000000000, 11.89999999999999858 ) ) ;
#1684 = ORIENTED_EDGE ( 'NONE', *, *, #488, .F. ) ;
#1685 = DIRECTION ( 'NONE',  ( -0.0000000000000000000, -0.0000000000000000000, -1.000000000000000000 ) ) ;
#1686 = CARTESIAN_POINT ( 'NONE',  ( -7.029506646878550313, 10.89272795789694470, 0.0000000000000000000 ) ) ;
#1687 = EDGE_CURVE ( 'NONE', #1517, #255, #1202, .T. ) ;
#1688 = CARTESIAN_POINT ( 'NONE',  ( -7.249999999999992895, 10.39230484541326582, 0.0000000000000000000 ) ) ;
#1689 = CARTESIAN_POINT ( 'NONE',  ( 4.250000000000004441, 7.361215932167730180, 5.000000000000000888 ) ) ;
#1690 = ORIENTED_EDGE ( 'NONE', *, *, #372, .T. ) ;
#1691 = DIRECTION ( 'NONE',  ( -0.0000000000000000000, -0.0000000000000000000, 1.000000000000000000 ) ) ;
#1692 = CARTESIAN_POINT ( 'NONE',  ( 13.04777279845107785, 5.075000000000008171, 0.0000000000000000000 ) ) ;
#1693 = VECTOR ( 'NONE', #78, 1000.000000000000114 ) ;
#1694 = EDGE_LOOP ( 'NONE', ( #1581, #1707, #604, #1145, #217, #1110 ) ) ;
#1695 = CIRCLE ( 'NONE', #2169, 3.000000000000000888 ) ;
#1696 = EDGE_CURVE ( 'NONE', #1437, #2593, #313, .T. ) ;
#1697 = DIRECTION ( 'NONE',  ( -0.0000000000000000000, -0.0000000000000000000, -1.000000000000000000 ) ) ;
#1698 = DIRECTION ( 'NONE',  ( 0.0000000000000000000, 0.0000000000000000000, 1.000000000000000000 ) ) ;
#1699 = ADVANCED_FACE ( 'NONE', ( #2569 ), #315, .F. ) ;
#1700 = CARTESIAN_POINT ( 'NONE',  ( -7.249999999999997335, 10.39230484541326582, 3.000000000000000444 ) ) ;
#1701 = ORIENTED_EDGE ( 'NONE', *, *, #223, .F. ) ;
#1702 = AXIS2_PLACEMENT_3D ( 'NONE', #2354, #1533, #334 ) ;
#1703 = ORIENTED_EDGE ( 'NONE', *, *, #1312, .F. ) ;
#1704 = DIRECTION ( 'NONE',  ( 0.0000000000000000000, 0.0000000000000000000, 1.000000000000000000 ) ) ;
#1705 = DIRECTION ( 'NONE',  ( -0.0000000000000000000, -0.0000000000000000000, -1.000000000000000000 ) ) ;
#1706 = EDGE_LOOP ( 'NONE', ( #1283, #2009, #2248, #1587 ) ) ;
#1707 = ORIENTED_EDGE ( 'NONE', *, *, #1719, .T. ) ;
#1708 = AXIS2_PLACEMENT_3D ( 'NONE', #1554, #342, #548 ) ;
#1709 = CARTESIAN_POINT ( 'NONE',  ( 0.0000000000000000000, 0.0000000000000000000, 0.0000000000000000000 ) ) ;
#1710 = CARTESIAN_POINT ( 'NONE',  ( 6.989878284884547099, 20.64978448275864409, 3.000000000000000000 ) ) ;
#1711 = AXIS2_PLACEMENT_3D ( 'NONE', #669, #1290, #1496 ) ;
#1712 = CONICAL_SURFACE ( 'NONE', #795, 13.99999999999999822, 0.7853981633974533860 ) ;
#1713 = VECTOR ( 'NONE', #812, 1000.000000000000114 ) ;
#1714 = PLANE ( 'NONE',  #2577 ) ;
#1715 = CARTESIAN_POINT ( 'NONE',  ( -13.51376468411005050, 5.256249999999999645, 5.000000000000000000 ) ) ;
#1716 = ORIENTED_EDGE ( 'NONE', *, *, #2452, .T. ) ;
#1717 = DIRECTION ( 'NONE',  ( -0.0000000000000000000, -0.0000000000000000000, 1.000000000000000000 ) ) ;
#1718 = VECTOR ( 'NONE', #2157, 1000.000000000000000 ) ;
#1719 = EDGE_CURVE ( 'NONE', #2235, #146, #2215, .T. ) ;
#1720 = AXIS2_PLACEMENT_3D ( 'NONE', #477, #2501, #1674 ) ;
#1721 = VERTEX_POINT ( 'NONE', #1759 ) ;
#1722 = CARTESIAN_POINT ( 'NONE',  ( 0.0000000000000000000, 23.00000000000000000, 11.50000000000000000 ) ) ;
#1723 = CARTESIAN_POINT ( 'NONE',  ( 0.0000000000000000000, 0.0000000000000000000, 0.0000000000000000000 ) ) ;
#1724 = ORIENTED_EDGE ( 'NONE', *, *, #178, .F. ) ;
#1725 = VECTOR ( 'NONE', #2298, 1000.000000000000114 ) ;
#1726 = EDGE_CURVE ( 'NONE', #351, #2349, #1941, .T. ) ;
#1727 = CARTESIAN_POINT ( 'NONE',  ( 9.000000000000005329, 10.39230484541326227, 4.500000000000007105 ) ) ;
#1728 = CIRCLE ( 'NONE', #967, 1.000000000000000888 ) ;
#1729 = DIRECTION ( 'NONE',  ( -0.6590120446547257371, 0.2563262081801241932, -0.7071067811865456854 ) ) ;
#1730 = CARTESIAN_POINT ( 'NONE',  ( -5.021076176341821906, 14.35194854135496101, 0.4999999999999987232 ) ) ;
#1731 = CARTESIAN_POINT ( 'NONE',  ( 0.0000000000000000000, 0.0000000000000000000, 2.000000000000000000 ) ) ;
#1732 = EDGE_LOOP ( 'NONE', ( #1308, #2416 ) ) ;
#1733 = DIRECTION ( 'NONE',  ( 0.0000000000000000000, 0.0000000000000000000, -1.000000000000000000 ) ) ;
#1734 = ORIENTED_EDGE ( 'NONE', *, *, #178, .T. ) ;
#1735 = EDGE_CURVE ( 'NONE', #1652, #1791, #533, .T. ) ;
#1736 = CARTESIAN_POINT ( 'NONE',  ( 8.000000000000000000, 9.797174393178825657E-16, 4.500000000000000000 ) ) ;
#1737 = DIRECTION ( 'NONE',  ( -0.0000000000000000000, -0.0000000000000000000, 1.000000000000000000 ) ) ;
#1738 = VERTEX_POINT ( 'NONE', #2390 ) ;
#1739 = ORIENTED_EDGE ( 'NONE', *, *, #1023, .F. ) ;
#1740 = DIRECTION ( 'NONE',  ( 1.000000000000000000, 7.105427357601001859E-15, 0.0000000000000000000 ) ) ;
#1741 = DIRECTION ( 'NONE',  ( -0.0000000000000000000, -0.0000000000000000000, -1.000000000000000000 ) ) ;
#1742 = EDGE_CURVE ( 'NONE', #2163, #1114, #328, .T. ) ;
#1743 = CARTESIAN_POINT ( 'NONE',  ( -13.04777279845108140, 5.074999999999997513, 0.0000000000000000000 ) ) ;
#1744 = CARTESIAN_POINT ( 'NONE',  ( -5.999999999999998224, 10.39230484541326582, 3.000000000000000444 ) ) ;
#1745 = VERTEX_POINT ( 'NONE', #1359 ) ;
#1746 = CARTESIAN_POINT ( 'NONE',  ( 6.989878284884515125, 20.64978448275862988, 5.000000000000000000 ) ) ;
#1747 = ADVANCED_FACE ( 'NONE', ( #122 ), #2117, .F. ) ;
#1748 = VERTEX_POINT ( 'NONE', #747 ) ;
#1749 = FACE_OUTER_BOUND ( 'NONE', #1209, .T. ) ;
#1750 = FACE_OUTER_BOUND ( 'NONE', #1099, .T. ) ;
#1751 = VERTEX_POINT ( 'NONE', #2596 ) ;
#1752 = VECTOR ( 'NONE', #142, 1000.000000000000000 ) ;
#1753 = ORIENTED_EDGE ( 'NONE', *, *, #1369, .F. ) ;
#1754 = DIRECTION ( 'NONE',  ( 0.0000000000000000000, 0.0000000000000000000, 1.000000000000000000 ) ) ;
#1755 = CARTESIAN_POINT ( 'NONE',  ( -12.81119791666666430, -3.404696453429540082, 5.000000000000000000 ) ) ;
#1756 = STYLED_ITEM ( 'NONE', ( #88 ), #337 ) ;
#1757 = AXIS2_PLACEMENT_3D ( 'NONE', #1151, #312, #1906 ) ;
#1758 = CARTESIAN_POINT ( 'NONE',  ( 0.0000000000000000000, 23.00000000000000000, 11.89999999999999858 ) ) ;
#1759 = CARTESIAN_POINT ( 'NONE',  ( 10.19751416791477894, -9.592221056417415070, 5.000000000000000000 ) ) ;
#1760 = VECTOR ( 'NONE', #2109, 1000.000000000000000 ) ;
#1761 = DIRECTION ( 'NONE',  ( -0.0000000000000000000, -0.0000000000000000000, -1.000000000000000000 ) ) ;
#1762 = ORIENTED_EDGE ( 'NONE', *, *, #536, .T. ) ;
#1763 = CARTESIAN_POINT ( 'NONE',  ( 0.0000000000000000000, 17.93103448275862632, 3.499999999999960476 ) ) ;
#1764 = CARTESIAN_POINT ( 'NONE',  ( 0.0000000000000000000, 23.00000000000000000, 0.4999999999999987232 ) ) ;
#1765 = ORIENTED_EDGE ( 'NONE', *, *, #609, .T. ) ;
#1766 = LINE ( 'NONE', #2591, #2006 ) ;
#1767 = AXIS2_PLACEMENT_3D ( 'NONE', #497, #2044, #2267 ) ;
#1768 = FACE_OUTER_BOUND ( 'NONE', #2162, .T. ) ;
#1769 = ORIENTED_EDGE ( 'NONE', *, *, #199, .F. ) ;
#1770 = AXIS2_PLACEMENT_3D ( 'NONE', #703, #2370, #350 ) ;
#1771 = CYLINDRICAL_SURFACE ( 'NONE', #1121, 1.600000000000000755 ) ;
#1772 = DIRECTION ( 'NONE',  ( -0.0000000000000000000, -0.0000000000000000000, 1.000000000000000000 ) ) ;
#1773 = ORIENTED_EDGE ( 'NONE', *, *, #2079, .F. ) ;
#1774 = ORIENTED_EDGE ( 'NONE', *, *, #500, .T. ) ;
#1775 = CARTESIAN_POINT ( 'NONE',  ( 6.989878284884516901, 20.64978448275862632, 5.000000000000000000 ) ) ;
#1776 = APPLICATION_PROTOCOL_DEFINITION ( 'draft international standard', 'automotive_design', 1998, #10 ) ;
#1777 = ORIENTED_EDGE ( 'NONE', *, *, #1503, .T. ) ;
#1778 = ORIENTED_EDGE ( 'NONE', *, *, #423, .T. ) ;
#1779 = LINE ( 'NONE', #2003, #2128 ) ;
#1780 = DIRECTION ( 'NONE',  ( -1.000000000000000000, 0.0000000000000000000, 0.0000000000000000000 ) ) ;
#1781 = ORIENTED_EDGE ( 'NONE', *, *, #2564, .F. ) ;
#1782 = CARTESIAN_POINT ( 'NONE',  ( 8.000000000000000000, 9.797174393178825657E-16, 0.5000000000000004441 ) ) ;
#1783 = DIRECTION ( 'NONE',  ( 1.000000000000000000, 0.0000000000000000000, 0.0000000000000000000 ) ) ;
#1784 = VECTOR ( 'NONE', #1555, 999.9999999999998863 ) ;
#1785 = ADVANCED_FACE ( 'NONE', ( #760 ), #522, .T. ) ;
#1786 = VECTOR ( 'NONE', #729, 1000.000000000000000 ) ;
#1787 = DIRECTION ( 'NONE',  ( -0.0000000000000000000, -0.0000000000000000000, 1.000000000000000000 ) ) ;
#1788 = VERTEX_POINT ( 'NONE', #161 ) ;
#1789 = CARTESIAN_POINT ( 'NONE',  ( 9.976743188930834449, -10.24338266116316198, 1.701175836637922156 ) ) ;
#1790 = FACE_OUTER_BOUND ( 'NONE', #1132, .T. ) ;
#1791 = VERTEX_POINT ( 'NONE', #370 ) ;
#1792 = ORIENTED_EDGE ( 'NONE', *, *, #581, .F. ) ;
#1793 = EDGE_CURVE ( 'NONE', #2431, #1325, #1575, .T. ) ;
#1794 = DIRECTION ( 'NONE',  ( -0.0000000000000000000, -0.0000000000000000000, -1.000000000000000000 ) ) ;
#1795 = VECTOR ( 'NONE', #857, 999.9999999999998863 ) ;
#1796 = DIRECTION ( 'NONE',  ( -0.6590120446547256261, 0.2563262081801257475, 0.7071067811865452413 ) ) ;
#1797 = ORIENTED_EDGE ( 'NONE', *, *, #2288, .F. ) ;
#1798 = DIRECTION ( 'NONE',  ( 0.0000000000000000000, 0.0000000000000000000, -1.000000000000000000 ) ) ;
#1799 = DIRECTION ( 'NONE',  ( 0.0000000000000000000, 0.0000000000000000000, 1.000000000000000000 ) ) ;
#1800 = AXIS2_PLACEMENT_3D ( 'NONE', #2110, #1968, #2522 ) ;
#1801 = FACE_OUTER_BOUND ( 'NONE', #1959, .T. ) ;
#1802 = VECTOR ( 'NONE', #2472, 999.9999999999998863 ) ;
#1803 = ORIENTED_EDGE ( 'NONE', *, *, #1888, .T. ) ;
#1804 = CARTESIAN_POINT ( 'NONE',  ( 3.000000000000003997, 10.39230484541326227, 2.000000000000000000 ) ) ;
#1805 = EDGE_CURVE ( 'NONE', #131, #575, #51, .T. ) ;
#1806 = ORIENTED_EDGE ( 'NONE', *, *, #2317, .F. ) ;
#1807 = ORIENTED_EDGE ( 'NONE', *, *, #1289, .F. ) ;
#1808 = CARTESIAN_POINT ( 'NONE',  ( 0.0000000000000000000, 0.0000000000000000000, 5.000000000000000000 ) ) ;
#1809 = DIRECTION ( 'NONE',  ( 1.000000000000000000, 0.0000000000000000000, -0.0000000000000000000 ) ) ;
#1810 = ORIENTED_EDGE ( 'NONE', *, *, #1488, .T. ) ;
#1811 = EDGE_CURVE ( 'NONE', #206, #1364, #1167, .T. ) ;
#1812 = CIRCLE ( 'NONE', #2239, 14.00000000000000888 ) ;
#1813 = LINE ( 'NONE', #2029, #708 ) ;
#1814 = DIRECTION ( 'NONE',  ( 1.000000000000000000, 0.0000000000000000000, 0.0000000000000000000 ) ) ;
#1815 = VERTEX_POINT ( 'NONE', #1983 ) ;
#1816 = CARTESIAN_POINT ( 'NONE',  ( 0.0000000000000000000, 0.0000000000000000000, 0.0000000000000000000 ) ) ;
#1817 = CIRCLE ( 'NONE', #1266, 1.000000000000000888 ) ;
#1818 = CARTESIAN_POINT ( 'NONE',  ( -7.455870170543476227, 20.83103448275862490, 3.499999999999960476 ) ) ;
#1819 = DIRECTION ( 'NONE',  ( 0.0000000000000000000, 0.0000000000000000000, 1.000000000000000000 ) ) ;
#1820 = ORIENTED_EDGE ( 'NONE', *, *, #1474, .T. ) ;
#1821 = ADVANCED_FACE ( 'NONE', ( #2188 ), #1539, .T. ) ;
#1822 = DIRECTION ( 'NONE',  ( 1.000000000000000000, 8.673617379884027583E-16, 0.0000000000000000000 ) ) ;
#1823 = CARTESIAN_POINT ( 'NONE',  ( -7.455870170543475339, 20.83103448275862490, 4.500000000000001776 ) ) ;
#1824 = ORIENTED_EDGE ( 'NONE', *, *, #1888, .F. ) ;
#1825 = DIRECTION ( 'NONE',  ( -0.0000000000000000000, -0.0000000000000000000, -1.000000000000000000 ) ) ;
#1826 = DIRECTION ( 'NONE',  ( 0.0000000000000000000, 0.0000000000000000000, 1.000000000000000000 ) ) ;
#1827 = CARTESIAN_POINT ( 'NONE',  ( -5.999999999999998224, 10.39230484541326582, 3.000000000000000444 ) ) ;
#1828 = AXIS2_PLACEMENT_3D ( 'NONE', #1306, #2112, #850 ) ;
#1829 = EDGE_LOOP ( 'NONE', ( #1988, #805, #2243, #691 ) ) ;
#1830 = CIRCLE ( 'NONE', #900, 1.599999999999998979 ) ;
#1831 = ORIENTED_EDGE ( 'NONE', *, *, #1805, .T. ) ;
#1832 = ORIENTED_EDGE ( 'NONE', *, *, #623, .F. ) ;
#1833 = DIRECTION ( 'NONE',  ( 1.000000000000000000, 0.0000000000000000000, 0.0000000000000000000 ) ) ;
#1834 = FACE_OUTER_BOUND ( 'NONE', #1694, .T. ) ;
#1835 = DIRECTION ( 'NONE',  ( -0.0000000000000000000, -0.0000000000000000000, -1.000000000000000000 ) ) ;
#1836 = CARTESIAN_POINT ( 'NONE',  ( -13.92708333333333037, -3.891081661062335328, 4.499999999999994671 ) ) ;
#1837 = AXIS2_PLACEMENT_3D ( 'NONE', #425, #2166, #1220 ) ;
#1838 = DIRECTION ( 'NONE',  ( 0.8571673007021118895, 1.049727191138618079E-16, -0.5150380749100549327 ) ) ;
#1839 = ORIENTED_EDGE ( 'NONE', *, *, #309, .T. ) ;
#1840 = AXIS2_PLACEMENT_3D ( 'NONE', #576, #2203, #2405 ) ;
#1841 = ADVANCED_FACE ( 'NONE', ( #786 ), #2302, .T. ) ;
#1842 = CIRCLE ( 'NONE', #1711, 1.600000000000000755 ) ;
#1843 = ORIENTED_EDGE ( 'NONE', *, *, #1907, .F. ) ;
#1844 = PRODUCT_DEFINITION ( 'æœ', '', #442, #512 ) ;
#1845 = CARTESIAN_POINT ( 'NONE',  ( 0.0000000000000000000, 23.00000000000000000, 3.000000000000000000 ) ) ;
#1846 = DIRECTION ( 'NONE',  ( -0.0000000000000000000, -0.0000000000000000000, -1.000000000000000000 ) ) ;
#1847 = DIRECTION ( 'NONE',  ( -0.0000000000000000000, -0.0000000000000000000, 1.000000000000000000 ) ) ;
#1848 = CARTESIAN_POINT ( 'NONE',  ( 2.000000000000000888, 23.00000000000000000, 12.50000000000000000 ) ) ;
#1849 = VECTOR ( 'NONE', #2143, 1000.000000000000000 ) ;
#1850 = EDGE_CURVE ( 'NONE', #807, #1573, #2435, .T. ) ;
#1851 = CARTESIAN_POINT ( 'NONE',  ( 9.833317233346388520, -9.249641732973930885, 4.499999999999994671 ) ) ;
#1852 = CIRCLE ( 'NONE', #1048, 1.600000000000000755 ) ;
#1853 = EDGE_CURVE ( 'NONE', #1927, #2163, #2406, .T. ) ;
#1854 = ORIENTED_EDGE ( 'NONE', *, *, #1811, .T. ) ;
#1855 = ORIENTED_EDGE ( 'NONE', *, *, #609, .F. ) ;
#1856 = DIRECTION ( 'NONE',  ( -1.000000000000000000, 0.0000000000000000000, 0.0000000000000000000 ) ) ;
#1857 = DIRECTION ( 'NONE',  ( 1.000000000000000000, -1.734723475976805517E-15, 0.0000000000000000000 ) ) ;
#1858 = AXIS2_PLACEMENT_3D ( 'NONE', #1190, #2194, #2613 ) ;
#1859 = CARTESIAN_POINT ( 'NONE',  ( 13.51376468411004694, 5.256250000000008527, 0.4999999999999987232 ) ) ;
#1860 = CARTESIAN_POINT ( 'NONE',  ( -13.51376468411005050, 5.256249999999999645, 4.500000000000000000 ) ) ;
#1861 = CARTESIAN_POINT ( 'NONE',  ( -12.92708333333333215, -3.891081661062335328, 5.000000000000000000 ) ) ;
#1862 = ADVANCED_FACE ( 'NONE', ( #390 ), #1126, .F. ) ;
#1863 = VERTEX_POINT ( 'NONE', #802 ) ;
#1864 = ORIENTED_EDGE ( 'NONE', *, *, #460, .F. ) ;
#1865 = CIRCLE ( 'NONE', #697, 1.600000000000000755 ) ;
#1866 = CARTESIAN_POINT ( 'NONE',  ( -13.04777279845109028, 5.075000000000001954, 5.000000000000000000 ) ) ;
#1867 = LINE ( 'NONE', #1075, #2634 ) ;
#1868 = EDGE_CURVE ( 'NONE', #2630, #194, #2189, .T. ) ;
#1869 = DIRECTION ( 'NONE',  ( -0.0000000000000000000, -0.0000000000000000000, -1.000000000000000000 ) ) ;
#1870 = DIRECTION ( 'NONE',  ( 0.0000000000000000000, 0.0000000000000000000, 1.000000000000000000 ) ) ;
#1871 = CARTESIAN_POINT ( 'NONE',  ( 9.000000000000005329, 10.39230484541326227, 4.500000000000007105 ) ) ;
#1872 = DIRECTION ( 'NONE',  ( 1.000000000000000000, 0.0000000000000000000, -0.0000000000000000000 ) ) ;
#1873 = AXIS2_PLACEMENT_3D ( 'NONE', #941, #2115, #702 ) ;
#1874 = ORIENTED_EDGE ( 'NONE', *, *, #2527, .T. ) ;
#1875 = AXIS2_PLACEMENT_3D ( 'NONE', #2432, #1825, #1006 ) ;
#1876 = ADVANCED_FACE ( 'NONE', ( #1604 ), #2214, .F. ) ;
#1877 = CARTESIAN_POINT ( 'NONE',  ( -12.00000000000000178, 0.0000000000000000000, 2.000000000000000000 ) ) ;
#1878 = CARTESIAN_POINT ( 'NONE',  ( 9.833317233346388520, -9.249641732973930885, 2.000000000000000000 ) ) ;
#1879 = VERTEX_POINT ( 'NONE', #1389 ) ;
#1880 = AXIS2_PLACEMENT_3D ( 'NONE', #86, #2253, #1149 ) ;
#1881 = FACE_OUTER_BOUND ( 'NONE', #1236, .T. ) ;
#1882 = CARTESIAN_POINT ( 'NONE',  ( -10.75744173215028709, 12.34272795789694932, 3.499999999999960920 ) ) ;
#1883 = ADVANCED_FACE ( 'NONE', ( #2030 ), #876, .T. ) ;
#1884 = DIRECTION ( 'NONE',  ( -0.0000000000000000000, -0.0000000000000000000, -1.000000000000000000 ) ) ;
#1885 = DIRECTION ( 'NONE',  ( 0.3625000000000000444, 0.9319837713179344174, -0.0000000000000000000 ) ) ;
#1886 = EDGE_LOOP ( 'NONE', ( #409, #421, #1116, #1218 ) ) ;
#1887 = ORIENTED_EDGE ( 'NONE', *, *, #1120, .F. ) ;
#1888 = EDGE_CURVE ( 'NONE', #2467, #543, #2636, .T. ) ;
#1889 = VERTEX_POINT ( 'NONE', #1224 ) ;
#1890 = CARTESIAN_POINT ( 'NONE',  ( 4.400000000000005684, 10.39230484541326227, 12.50000000000000000 ) ) ;
#1891 = DIRECTION ( 'NONE',  ( 1.000000000000000000, 2.602085213965208275E-15, 0.0000000000000000000 ) ) ;
#1892 = ORIENTED_EDGE ( 'NONE', *, *, #1617, .F. ) ;
#1893 = EDGE_CURVE ( 'NONE', #2614, #2016, #589, .T. ) ;
#1894 = FACE_OUTER_BOUND ( 'NONE', #434, .T. ) ;
#1895 = DIRECTION ( 'NONE',  ( -0.0000000000000000000, -0.0000000000000000000, 1.000000000000000000 ) ) ;
#1896 = SURFACE_STYLE_USAGE ( .BOTH. , #2254 ) ;
#1897 = CARTESIAN_POINT ( 'NONE',  ( 2.000000000000000888, 23.00000000000000000, 12.50000000000000000 ) ) ;
#1898 = CARTESIAN_POINT ( 'NONE',  ( 0.0000000000000000000, 0.0000000000000000000, 4.500000000000000000 ) ) ;
#1899 = CARTESIAN_POINT ( 'NONE',  ( 9.000000000000005329, 10.39230484541326227, 2.000000000000000000 ) ) ;
#1900 = AXIS2_PLACEMENT_3D ( 'NONE', #549, #104, #735 ) ;
#1901 = ORIENTED_EDGE ( 'NONE', *, *, #962, .F. ) ;
#1902 = VERTEX_POINT ( 'NONE', #1836 ) ;
#1903 = CONICAL_SURFACE ( 'NONE', #1577, 14.50000000000000000, 0.7853981633974500554 ) ;
#1904 = LINE ( 'NONE', #99, #1172 ) ;
#1905 = CARTESIAN_POINT ( 'NONE',  ( -10.75744173215028887, 12.34272795789694044, 0.5000000000000004441 ) ) ;
#1906 = DIRECTION ( 'NONE',  ( -1.000000000000000000, 0.0000000000000000000, 0.0000000000000000000 ) ) ;
#1907 = EDGE_CURVE ( 'NONE', #69, #376, #1992, .T. ) ;
#1908 = CARTESIAN_POINT ( 'NONE',  ( -8.000000000000000000, 0.0000000000000000000, 0.5000000000000004441 ) ) ;
#1909 = ORIENTED_EDGE ( 'NONE', *, *, #581, .T. ) ;
#1910 = ORIENTED_EDGE ( 'NONE', *, *, #718, .F. ) ;
#1911 = CIRCLE ( 'NONE', #2223, 1.850000000000001199 ) ;
#1912 = EDGE_CURVE ( 'NONE', #367, #2235, #25, .T. ) ;
#1913 = AXIS2_PLACEMENT_3D ( 'NONE', #1949, #1754, #1313 ) ;
#1914 = LINE ( 'NONE', #111, #1786 ) ;
#1915 = CARTESIAN_POINT ( 'NONE',  ( -8.000000000000000000, 0.0000000000000000000, 5.000000000000000000 ) ) ;
#1916 = EDGE_LOOP ( 'NONE', ( #1963, #1792, #2258, #105 ) ) ;
#1917 = ORIENTED_EDGE ( 'NONE', *, *, #1696, .T. ) ;
#1918 = EDGE_CURVE ( 'NONE', #2494, #391, #2137, .T. ) ;
#1919 = VERTEX_POINT ( 'NONE', #440 ) ;
#1920 = VECTOR ( 'NONE', #404, 999.9999999999998863 ) ;
#1921 = CYLINDRICAL_SURFACE ( 'NONE', #1630, 1.000000000000000888 ) ;
#1922 = FACE_OUTER_BOUND ( 'NONE', #1448, .T. ) ;
#1923 = AXIS2_PLACEMENT_3D ( 'NONE', #695, #2083, #644 ) ;
#1924 = CIRCLE ( 'NONE', #916, 1.850000000000001199 ) ;
#1925 = FACE_OUTER_BOUND ( 'NONE', #1829, .T. ) ;
#1926 = CARTESIAN_POINT ( 'NONE',  ( 0.0000000000000000000, 40.00000000000000000, 0.5000000000000004441 ) ) ;
#1927 = VERTEX_POINT ( 'NONE', #2486 ) ;
#1928 = EDGE_CURVE ( 'NONE', #1456, #756, #2499, .T. ) ;
#1929 = CARTESIAN_POINT ( 'NONE',  ( 5.021076176341821906, 14.35194854135496101, 3.000000000000000000 ) ) ;
#1930 = ORIENTED_EDGE ( 'NONE', *, *, #417, .T. ) ;
#1931 = AXIS2_PLACEMENT_3D ( 'NONE', #849, #2072, #2058 ) ;
#1932 = ADVANCED_FACE ( 'NONE', ( #655 ), #1243, .T. ) ;
#1933 = DIRECTION ( 'NONE',  ( 0.0000000000000000000, 0.0000000000000000000, 1.000000000000000000 ) ) ;
#1934 = DIRECTION ( 'NONE',  ( -0.0000000000000000000, -0.0000000000000000000, -1.000000000000000000 ) ) ;
#1935 = EDGE_LOOP ( 'NONE', ( #1627, #1632, #830, #1004 ) ) ;
#1936 = ORIENTED_EDGE ( 'NONE', *, *, #67, .F. ) ;
#1937 = CARTESIAN_POINT ( 'NONE',  ( 7.600000000000004086, 10.39230484541326227, 2.000000000000000000 ) ) ;
#1938 = VECTOR ( 'NONE', #1440, 999.9999999999998863 ) ;
#1939 = CARTESIAN_POINT ( 'NONE',  ( 9.589471614991293080, 13.96625677052186099, 3.000000000000000000 ) ) ;
#1940 = DIRECTION ( 'NONE',  ( 0.0000000000000000000, 0.0000000000000000000, 1.000000000000000000 ) ) ;
#1941 = LINE ( 'NONE', #1969, #2341 ) ;
#1942 = AXIS2_PLACEMENT_3D ( 'NONE', #2560, #1705, #1546 ) ;
#1943 = ORIENTED_EDGE ( 'NONE', *, *, #1396, .T. ) ;
#1944 = EDGE_LOOP ( 'NONE', ( #115, #1667, #1217, #2570 ) ) ;
#1945 = DIRECTION ( 'NONE',  ( 1.000000000000000000, 0.0000000000000000000, 0.0000000000000000000 ) ) ;
#1946 = LINE ( 'NONE', #893, #557 ) ;
#1947 = ORIENTED_EDGE ( 'NONE', *, *, #1058, .F. ) ;
#1948 = VERTEX_POINT ( 'NONE', #2071 ) ;
#1949 = CARTESIAN_POINT ( 'NONE',  ( 6.000000000000004441, 10.39230484541326227, 4.500000000000007105 ) ) ;
#1950 = DIRECTION ( 'NONE',  ( -0.0000000000000000000, -0.0000000000000000000, -1.000000000000000000 ) ) ;
#1951 = ADVANCED_FACE ( 'NONE', ( #1484 ), #68, .T. ) ;
#1952 = DIRECTION ( 'NONE',  ( 0.3550437013145544829, 0.6115095830458125992, 0.7071067811865460184 ) ) ;
#1953 = FACE_OUTER_BOUND ( 'NONE', #1174, .T. ) ;
#1954 = ORIENTED_EDGE ( 'NONE', *, *, #1735, .T. ) ;
#1955 = EDGE_CURVE ( 'NONE', #287, #1791, #1336, .T. ) ;
#1956 = CARTESIAN_POINT ( 'NONE',  ( -7.029506646878550313, 10.89272795789694470, 3.000000000000000000 ) ) ;
#1957 = ORIENTED_EDGE ( 'NONE', *, *, #962, .T. ) ;
#1958 = CARTESIAN_POINT ( 'NONE',  ( 13.51376468411004517, 5.256250000000008527, 4.500000000000000000 ) ) ;
#1959 = EDGE_LOOP ( 'NONE', ( #574, #535, #2232, #212, #2034, #1966, #15, #307, #984, #1111, #1380, #322, #72, #881, #279, #1147 ) ) ;
#1960 = AXIS2_PLACEMENT_3D ( 'NONE', #1622, #1794, #1398 ) ;
#1961 = ORIENTED_EDGE ( 'NONE', *, *, #1516, .T. ) ;
#1962 = EDGE_CURVE ( 'NONE', #2225, #1262, #2264, .T. ) ;
#1963 = ORIENTED_EDGE ( 'NONE', *, *, #2388, .F. ) ;
#1964 = FACE_OUTER_BOUND ( 'NONE', #1354, .T. ) ;
#1965 = CARTESIAN_POINT ( 'NONE',  ( 0.0000000000000000000, 0.0000000000000000000, 4.500000000000000000 ) ) ;
#1966 = ORIENTED_EDGE ( 'NONE', *, *, #1130, .T. ) ;
#1967 = CIRCLE ( 'NONE', #2311, 1.249999999999988898 ) ;
#1968 = DIRECTION ( 'NONE',  ( -0.0000000000000000000, -0.0000000000000000000, -1.000000000000000000 ) ) ;
#1969 = CARTESIAN_POINT ( 'NONE',  ( -13.04777279845109028, 5.075000000000003730, 0.0000000000000000000 ) ) ;
#1970 = VECTOR ( 'NONE', #205, 1000.000000000000000 ) ;
#1971 = AXIS2_PLACEMENT_3D ( 'NONE', #135, #1741, #2360 ) ;
#1972 = CARTESIAN_POINT ( 'NONE',  ( 10.56171110248315692, -9.934800379860888597, 4.500000000000000000 ) ) ;
#1973 = CIRCLE ( 'NONE', #32, 14.50000000000000000 ) ;
#1974 = CARTESIAN_POINT ( 'NONE',  ( 0.0000000000000000000, 0.0000000000000000000, 5.000000000000000000 ) ) ;
#1975 = EDGE_LOOP ( 'NONE', ( #593, #1049, #676, #291 ) ) ;
#1976 = ORIENTED_EDGE ( 'NONE', *, *, #2617, .T. ) ;
#1977 = CARTESIAN_POINT ( 'NONE',  ( -5.999999999999998224, -10.39230484541326760, 3.000000000000000444 ) ) ;
#1978 = CIRCLE ( 'NONE', #1477, 14.50000000000000000 ) ;
#1979 = CARTESIAN_POINT ( 'NONE',  ( -5.999999999999998224, -10.39230484541326760, 0.0000000000000000000 ) ) ;
#1980 = ORIENTED_EDGE ( 'NONE', *, *, #1259, .F. ) ;
#1981 = VECTOR ( 'NONE', #1934, 1000.000000000000000 ) ;
#1982 = CARTESIAN_POINT ( 'NONE',  ( 5.999999999999997335, -10.39230484541326760, 12.50000000000000000 ) ) ;
#1983 = CARTESIAN_POINT ( 'NONE',  ( -12.69531249999999822, 2.918311245796747500, 4.499999999999994671 ) ) ;
#1984 = CARTESIAN_POINT ( 'NONE',  ( -12.81119791666666430, -3.404696453429540082, 5.000000000000000000 ) ) ;
#1985 = DIRECTION ( 'NONE',  ( 0.6770983915528566710, -0.2038081650879838835, 0.7071067811865500152 ) ) ;
#1986 = CARTESIAN_POINT ( 'NONE',  ( 0.0000000000000000000, 23.00000000000000000, 12.50000000000000000 ) ) ;
#1987 = ORIENTED_EDGE ( 'NONE', *, *, #2568, .T. ) ;
#1988 = ORIENTED_EDGE ( 'NONE', *, *, #16, .F. ) ;
#1989 = DIRECTION ( 'NONE',  ( -1.000000000000000000, 0.0000000000000000000, 0.0000000000000000000 ) ) ;
#1990 = CARTESIAN_POINT ( 'NONE',  ( -13.04777279845108140, 5.074999999999997513, 0.0000000000000000000 ) ) ;
#1991 = CARTESIAN_POINT ( 'NONE',  ( -5.999999999999998224, -10.39230484541326760, 3.000000000000000444 ) ) ;
#1992 = LINE ( 'NONE', #2022, #1293 ) ;
#1993 = AXIS2_PLACEMENT_3D ( 'NONE', #1334, #2554, #1372 ) ;
#1994 = EDGE_CURVE ( 'NONE', #146, #2392, #2041, .T. ) ;
#1995 = DIRECTION ( 'NONE',  ( 0.0000000000000000000, 0.0000000000000000000, 1.000000000000000000 ) ) ;
#1996 = ORIENTED_EDGE ( 'NONE', *, *, #1038, .F. ) ;
#1997 = ORIENTED_EDGE ( 'NONE', *, *, #623, .T. ) ;
#1998 = CARTESIAN_POINT ( 'NONE',  ( 0.0000000000000000000, 40.00000000000000000, 5.000000000000000000 ) ) ;
#1999 = ADVANCED_FACE ( 'NONE', ( #2084 ), #1054, .F. ) ;
#2000 = APPLICATION_PROTOCOL_DEFINITION ( 'draft international standard', 'automotive_design', 1998, #2176 ) ;
#2001 = ORIENTED_EDGE ( 'NONE', *, *, #87, .F. ) ;
#2002 = ORIENTED_EDGE ( 'NONE', *, *, #1156, .T. ) ;
#2003 = CARTESIAN_POINT ( 'NONE',  ( -13.92708333333333215, 3.891081661062335328, 2.000000000000000000 ) ) ;
#2004 = LINE ( 'NONE', #1990, #1175 ) ;
#2005 = VERTEX_POINT ( 'NONE', #74 ) ;
#2006 = VECTOR ( 'NONE', #2017, 1000.000000000000000 ) ;
#2007 = CYLINDRICAL_SURFACE ( 'NONE', #2272, 4.000000000000000000 ) ;
#2008 = CARTESIAN_POINT ( 'NONE',  ( 0.0000000000000000000, 0.0000000000000000000, 0.4999999999999987232 ) ) ;
#2009 = ORIENTED_EDGE ( 'NONE', *, *, #372, .F. ) ;
#2010 = AXIS2_PLACEMENT_3D ( 'NONE', #1603, #2187, #1371 ) ;
#2011 = FACE_OUTER_BOUND ( 'NONE', #181, .T. ) ;
#2012 = EDGE_CURVE ( 'NONE', #2503, #1927, #297, .T. ) ;
#2013 = CARTESIAN_POINT ( 'NONE',  ( -12.69531249999999822, 2.918311245796747500, 2.000000000000000000 ) ) ;
#2014 = CARTESIAN_POINT ( 'NONE',  ( 0.0000000000000000000, 0.0000000000000000000, 0.0000000000000000000 ) ) ;
#2015 = ORIENTED_EDGE ( 'NONE', *, *, #327, .F. ) ;
#2016 = VERTEX_POINT ( 'NONE', #1673 ) ;
#2017 = DIRECTION ( 'NONE',  ( -0.0000000000000000000, -0.0000000000000000000, -1.000000000000000000 ) ) ;
#2018 = DIRECTION ( 'NONE',  ( 0.0000000000000000000, 0.0000000000000000000, 1.000000000000000000 ) ) ;
#2019 = ORIENTED_EDGE ( 'NONE', *, *, #2082, .F. ) ;
#2020 = AXIS2_PLACEMENT_3D ( 'NONE', #1827, #613, #2449 ) ;
#2021 = DIRECTION ( 'NONE',  ( -0.0000000000000000000, -0.0000000000000000000, -1.000000000000000000 ) ) ;
#2022 = CARTESIAN_POINT ( 'NONE',  ( 10.56171110248315692, -9.934800379860888597, 5.000000000000000000 ) ) ;
#2023 = FACE_OUTER_BOUND ( 'NONE', #479, .T. ) ;
#2024 = ORIENTED_EDGE ( 'NONE', *, *, #875, .F. ) ;
#2025 = ORIENTED_EDGE ( 'NONE', *, *, #301, .F. ) ;
#2026 = ORIENTED_EDGE ( 'NONE', *, *, #1579, .T. ) ;
#2027 = DIRECTION ( 'NONE',  ( 1.000000000000000000, 0.0000000000000000000, 0.0000000000000000000 ) ) ;
#2028 = CARTESIAN_POINT ( 'NONE',  ( -13.40586419753087100, 4.035195796657238709, 5.000000000000000000 ) ) ;
#2029 = CARTESIAN_POINT ( 'NONE',  ( -4.750000000000004441, -10.39230484541326760, 0.0000000000000000000 ) ) ;
#2030 = FACE_OUTER_BOUND ( 'NONE', #781, .T. ) ;
#2031 = EDGE_CURVE ( 'NONE', #1573, #807, #466, .T. ) ;
#2032 = LINE ( 'NONE', #236, #1679 ) ;
#2033 = AXIS2_PLACEMENT_3D ( 'NONE', #1861, #878, #1648 ) ;
#2034 = ORIENTED_EDGE ( 'NONE', *, *, #284, .T. ) ;
#2035 = EDGE_LOOP ( 'NONE', ( #1200, #985, #145, #202 ) ) ;
#2036 = DIRECTION ( 'NONE',  ( 1.000000000000000000, 0.0000000000000000000, 0.0000000000000000000 ) ) ;
#2037 = FACE_OUTER_BOUND ( 'NONE', #133, .T. ) ;
#2038 = ADVANCED_FACE ( 'NONE', ( #1043 ), #1712, .T. ) ;
#2039 = CIRCLE ( 'NONE', #1072, 2.000000000000002220 ) ;
#2040 = DIRECTION ( 'NONE',  ( 1.000000000000000000, 0.0000000000000000000, 0.0000000000000000000 ) ) ;
#2041 = LINE ( 'NONE', #2100, #2233 ) ;
#2042 = ORIENTED_EDGE ( 'NONE', *, *, #698, .T. ) ;
#2043 = EDGE_CURVE ( 'NONE', #455, #2563, #696, .T. ) ;
#2044 = DIRECTION ( 'NONE',  ( 0.0000000000000000000, 0.0000000000000000000, -1.000000000000000000 ) ) ;
#2045 = EDGE_LOOP ( 'NONE', ( #1824, #2159, #1444, #952 ) ) ;
#2046 = CIRCLE ( 'NONE', #1507, 1.850000000000001199 ) ;
#2047 = AXIS2_PLACEMENT_3D ( 'NONE', #815, #1197, #2433 ) ;
#2048 = ORIENTED_EDGE ( 'NONE', *, *, #2236, .T. ) ;
#2049 = ORIENTED_EDGE ( 'NONE', *, *, #2283, .F. ) ;
#2050 = ORIENTED_EDGE ( 'NONE', *, *, #1289, .T. ) ;
#2051 = AXIS2_PLACEMENT_3D ( 'NONE', #1385, #1368, #2443 ) ;
#2052 = DIRECTION ( 'NONE',  ( -0.0000000000000000000, -0.0000000000000000000, -1.000000000000000000 ) ) ;
#2053 = CARTESIAN_POINT ( 'NONE',  ( 10.75000000000000000, 0.0000000000000000000, 3.000000000000000444 ) ) ;
#2054 = DIRECTION ( 'NONE',  ( 0.0000000000000000000, 0.0000000000000000000, 1.000000000000000000 ) ) ;
#2055 = EDGE_CURVE ( 'NONE', #1035, #431, #283, .T. ) ;
#2056 = LINE ( 'NONE', #261, #834 ) ;
#2057 = AXIS2_PLACEMENT_3D ( 'NONE', #49, #250, #877 ) ;
#2058 = DIRECTION ( 'NONE',  ( 1.000000000000000000, 5.329070518200752183E-15, 0.0000000000000000000 ) ) ;
#2059 = ADVANCED_FACE ( 'NONE', ( #62 ), #896, .F. ) ;
#2060 = CARTESIAN_POINT ( 'NONE',  ( 13.25000000000000000, 1.530808498934190831E-16, 3.000000000000000444 ) ) ;
#2061 = EDGE_LOOP ( 'NONE', ( #1393, #79, #662, #2247 ) ) ;
#2062 = AXIS2_PLACEMENT_3D ( 'NONE', #1637, #2279, #667 ) ;
#2063 = ORIENTED_EDGE ( 'NONE', *, *, #926, .T. ) ;
#2064 = EDGE_CURVE ( 'NONE', #1386, #569, #2510, .T. ) ;
#2065 = ORIENTED_EDGE ( 'NONE', *, *, #2487, .T. ) ;
#2066 = DIRECTION ( 'NONE',  ( 0.0000000000000000000, 0.0000000000000000000, -1.000000000000000000 ) ) ;
#2067 = CARTESIAN_POINT ( 'NONE',  ( 0.0000000000000000000, 17.93103448275862632, 5.000000000000000000 ) ) ;
#2068 = AXIS2_PLACEMENT_3D ( 'NONE', #1986, #2381, #1609 ) ;
#2069 = CARTESIAN_POINT ( 'NONE',  ( -13.92708333333333215, 3.891081661062335328, 1.539565474486369823 ) ) ;
#2070 = B_SPLINE_CURVE_WITH_KNOTS ( 'NONE', 3,
 ( #764, #2588, #1567, #2380, #567, #1176 ),
 .UNSPECIFIED., .F., .F.,
 ( 4, 2, 4 ),
 ( 0.0002940899351865076429, 0.0007508314264277401052, 0.001207572917668972567 ),
 .UNSPECIFIED. ) ;
#2071 = CARTESIAN_POINT ( 'NONE',  ( -7.249999999999987566, -10.39230484541326760, -1.402220585023716934E-15 ) ) ;
#2072 = DIRECTION ( 'NONE',  ( 0.0000000000000000000, 0.0000000000000000000, -1.000000000000000000 ) ) ;
#2073 = DIRECTION ( 'NONE',  ( 0.0000000000000000000, 0.0000000000000000000, -1.000000000000000000 ) ) ;
#2074 = ORIENTED_EDGE ( 'NONE', *, *, #1494, .F. ) ;
#2075 = ADVANCED_FACE ( 'NONE', ( #2306 ), #462, .F. ) ;
#2076 = ORIENTED_EDGE ( 'NONE', *, *, #2487, .F. ) ;
#2077 = AXIS2_PLACEMENT_3D ( 'NONE', #1744, #1528, #724 ) ;
#2078 = ORIENTED_EDGE ( 'NONE', *, *, #1536, .F. ) ;
#2079 = EDGE_CURVE ( 'NONE', #1748, #1668, #2056, .T. ) ;
#2080 = DIRECTION ( 'NONE',  ( -0.0000000000000000000, -0.0000000000000000000, -1.000000000000000000 ) ) ;
#2081 = DIRECTION ( 'NONE',  ( -1.000000000000000000, 0.0000000000000000000, 0.0000000000000000000 ) ) ;
#2082 = EDGE_CURVE ( 'NONE', #1437, #2477, #249, .T. ) ;
#2083 = DIRECTION ( 'NONE',  ( -0.0000000000000000000, -0.0000000000000000000, -1.000000000000000000 ) ) ;
#2084 = FACE_OUTER_BOUND ( 'NONE', #1944, .T. ) ;
#2085 = DIRECTION ( 'NONE',  ( -0.0000000000000000000, -0.0000000000000000000, -1.000000000000000000 ) ) ;
#2086 = FACE_OUTER_BOUND ( 'NONE', #183, .T. ) ;
#2087 = AXIS2_PLACEMENT_3D ( 'NONE', #1520, #83, #919 ) ;
#2088 = VERTEX_POINT ( 'NONE', #1755 ) ;
#2089 = EDGE_CURVE ( 'NONE', #840, #1352, #1080, .T. ) ;
#2090 = CIRCLE ( 'NONE', #997, 1.249999999999999334 ) ;
#2091 = EDGE_LOOP ( 'NONE', ( #1157, #608 ) ) ;
#2092 = ORIENTED_EDGE ( 'NONE', *, *, #842, .F. ) ;
#2093 = ORIENTED_EDGE ( 'NONE', *, *, #368, .F. ) ;
#2094 = CONICAL_SURFACE ( 'NONE', #248, 3.499999999999999556, 0.7853981633974496113 ) ;
#2095 = DIRECTION ( 'NONE',  ( 1.000000000000000000, 0.0000000000000000000, 0.0000000000000000000 ) ) ;
#2096 = DIRECTION ( 'NONE',  ( 1.000000000000000000, 0.0000000000000000000, 0.0000000000000000000 ) ) ;
#2097 = VERTEX_POINT ( 'NONE', #1939 ) ;
#2098 = AXIS2_PLACEMENT_3D ( 'NONE', #1330, #2566, #721 ) ;
#2099 = DIRECTION ( 'NONE',  ( 0.0000000000000000000, 0.0000000000000000000, -1.000000000000000000 ) ) ;
#2100 = CARTESIAN_POINT ( 'NONE',  ( -13.88464506172839563, 4.179309932252139426, 5.000000000000000000 ) ) ;
#2101 = FILL_AREA_STYLE ('',( #1257 ) ) ;
#2102 = DIRECTION ( 'NONE',  ( 0.6590120446547231836, -0.2563262081801210290, -0.7071067811865491270 ) ) ;
#2103 = CIRCLE ( 'NONE', #1260, 3.499999999999996891 ) ;
#2104 = DIRECTION ( 'NONE',  ( 1.000000000000000000, 0.0000000000000000000, 0.0000000000000000000 ) ) ;
#2105 = FACE_OUTER_BOUND ( 'NONE', #1642, .T. ) ;
#2106 = ORIENTED_EDGE ( 'NONE', *, *, #640, .F. ) ;
#2107 = VECTOR ( 'NONE', #168, 1000.000000000000000 ) ;
#2108 = DIRECTION ( 'NONE',  ( 1.000000000000000000, 0.0000000000000000000, 0.0000000000000000000 ) ) ;
#2109 = DIRECTION ( 'NONE',  ( -0.0000000000000000000, -0.0000000000000000000, -1.000000000000000000 ) ) ;
#2110 = CARTESIAN_POINT ( 'NONE',  ( -12.00000000000000178, 0.0000000000000000000, 5.000000000000000000 ) ) ;
#2111 = ADVANCED_FACE ( 'NONE', ( #1768 ), #2582, .T. ) ;
#2112 = DIRECTION ( 'NONE',  ( -0.0000000000000000000, -0.0000000000000000000, -1.000000000000000000 ) ) ;
#2113 = ORIENTED_EDGE ( 'NONE', *, *, #1928, .T. ) ;
#2114 = DIRECTION ( 'NONE',  ( 1.000000000000000000, 0.0000000000000000000, 0.0000000000000000000 ) ) ;
#2115 = DIRECTION ( 'NONE',  ( 0.0000000000000000000, 0.0000000000000000000, 1.000000000000000000 ) ) ;
#2116 = DIRECTION ( 'NONE',  ( 0.0000000000000000000, 0.0000000000000000000, 1.000000000000000000 ) ) ;
#2117 = CONICAL_SURFACE ( 'NONE', #1408, 3.000000000000000000, 0.7853981633974517207 ) ;
#2118 = ORIENTED_EDGE ( 'NONE', *, *, #800, .F. ) ;
#2119 = AXIS2_PLACEMENT_3D ( 'NONE', #674, #2308, #700 ) ;
#2120 = DIRECTION ( 'NONE',  ( 1.000000000000000000, 0.0000000000000000000, 0.0000000000000000000 ) ) ;
#2121 = DIRECTION ( 'NONE',  ( 0.0000000000000000000, 0.0000000000000000000, 1.000000000000000000 ) ) ;
#2122 = EDGE_CURVE ( 'NONE', #999, #1919, #1426, .T. ) ;
#2123 = DIRECTION ( 'NONE',  ( 1.000000000000000000, 0.0000000000000000000, -0.0000000000000000000 ) ) ;
#2124 = CARTESIAN_POINT ( 'NONE',  ( 6.000000000000004441, 10.39230484541326227, 2.000000000000000000 ) ) ;
#2125 = EDGE_CURVE ( 'NONE', #3, #159, #529, .T. ) ;
#2126 = CARTESIAN_POINT ( 'NONE',  ( 5.999999999999997335, -10.39230484541326760, 5.000000000000000000 ) ) ;
#2127 = AXIS2_PLACEMENT_3D ( 'NONE', #1015, #819, #365 ) ;
#2128 = VECTOR ( 'NONE', #385, 1000.000000000000000 ) ;
#2129 = VERTEX_POINT ( 'NONE', #518 ) ;
#2130 = DIRECTION ( 'NONE',  ( 1.000000000000000000, 0.0000000000000000000, 0.0000000000000000000 ) ) ;
#2131 = DIRECTION ( 'NONE',  ( 0.0000000000000000000, 0.0000000000000000000, 1.000000000000000000 ) ) ;
#2132 = ORIENTED_EDGE ( 'NONE', *, *, #2164, .F. ) ;
#2133 = CONICAL_SURFACE ( 'NONE', #1757, 0.4999999999999995559, 0.7853981633974430610 ) ;
#2134 = ORIENTED_EDGE ( 'NONE', *, *, #1912, .T. ) ;
#2135 = CARTESIAN_POINT ( 'NONE',  ( -13.88464506172839563, -4.179309932252139426, 5.000000000000000000 ) ) ;
#2136 = DIRECTION ( 'NONE',  ( -0.8571673007021117785, 0.0000000000000000000, -0.5150380749100550437 ) ) ;
#2137 = CIRCLE ( 'NONE', #540, 0.9999999999999995559 ) ;
#2138 = CIRCLE ( 'NONE', #469, 0.4999999999999995559 ) ;
#2139 = DIRECTION ( 'NONE',  ( 1.000000000000000000, 0.0000000000000000000, 0.0000000000000000000 ) ) ;
#2140 = DIRECTION ( 'NONE',  ( 1.000000000000000000, 0.0000000000000000000, 0.0000000000000000000 ) ) ;
#2141 = ORIENTED_EDGE ( 'NONE', *, *, #1962, .F. ) ;
#2142 = ADVANCED_FACE ( 'NONE', ( #560 ), #2532, .T. ) ;
#2143 = DIRECTION ( 'NONE',  ( -0.0000000000000000000, -0.0000000000000000000, -1.000000000000000000 ) ) ;
#2144 = ORIENTED_EDGE ( 'NONE', *, *, #41, .F. ) ;
#2145 = AXIS2_PLACEMENT_3D ( 'NONE', #2206, #1022, #392 ) ;
#2146 = DIRECTION ( 'NONE',  ( 0.7071067811865474617, 0.0000000000000000000, 0.7071067811865474617 ) ) ;
#2147 = EDGE_CURVE ( 'NONE', #398, #1560, #2551, .T. ) ;
#2148 = LINE ( 'NONE', #2575, #1052 ) ;
#2149 = ORIENTED_EDGE ( 'NONE', *, *, #1541, .T. ) ;
#2150 = VERTEX_POINT ( 'NONE', #2319 ) ;
#2151 = DIRECTION ( 'NONE',  ( 1.000000000000000000, 0.0000000000000000000, 0.0000000000000000000 ) ) ;
#2152 = AXIS2_PLACEMENT_3D ( 'NONE', #2161, #113, #920 ) ;
#2153 = ADVANCED_FACE ( 'NONE', ( #1922 ), #1101, .T. ) ;
#2154 = CARTESIAN_POINT ( 'NONE',  ( -12.81119791666666430, 3.404696453429540082, 5.000000000000000000 ) ) ;
#2155 = DIRECTION ( 'NONE',  ( 1.000000000000000000, 0.0000000000000000000, 0.0000000000000000000 ) ) ;
#2156 = ORIENTED_EDGE ( 'NONE', *, *, #280, .T. ) ;
#2157 = DIRECTION ( 'NONE',  ( -0.1620461473115416273, 0.6882884904903473489, 0.7071067811865512365 ) ) ;
#2158 = EDGE_CURVE ( 'NONE', #1088, #455, #799, .T. ) ;
#2159 = ORIENTED_EDGE ( 'NONE', *, *, #853, .F. ) ;
#2160 = CYLINDRICAL_SURFACE ( 'NONE', #1360, 1.599999999999998979 ) ;
#2161 = CARTESIAN_POINT ( 'NONE',  ( 0.0000000000000000000, 23.00000000000000000, 12.50000000000000000 ) ) ;
#2162 = EDGE_LOOP ( 'NONE', ( #1781, #1777, #1014, #621 ) ) ;
#2163 = VERTEX_POINT ( 'NONE', #1905 ) ;
#2164 = EDGE_CURVE ( 'NONE', #882, #954, #1473, .T. ) ;
#2165 = AXIS2_PLACEMENT_3D ( 'NONE', #2364, #964, #1170 ) ;
#2166 = DIRECTION ( 'NONE',  ( 0.0000000000000000000, 0.0000000000000000000, -1.000000000000000000 ) ) ;
#2167 = CARTESIAN_POINT ( 'NONE',  ( 0.0000000000000000000, 0.0000000000000000000, 4.500000000000000000 ) ) ;
#2168 = ORIENTED_EDGE ( 'NONE', *, *, #640, .T. ) ;
#2169 = AXIS2_PLACEMENT_3D ( 'NONE', #2507, #1490, #1097 ) ;
#2170 = CARTESIAN_POINT ( 'NONE',  ( 3.322933959245232050, -14.11411031211301115, 4.500000000000000000 ) ) ;
#2171 = DIRECTION ( 'NONE',  ( -1.000000000000000000, 0.0000000000000000000, 0.0000000000000000000 ) ) ;
#2172 = EDGE_LOOP ( 'NONE', ( #2397, #1414, #1633, #1155, #2050, #2026, #187 ) ) ;
#2173 = VERTEX_POINT ( 'NONE', #908 ) ;
#2174 = AXIS2_PLACEMENT_3D ( 'NONE', #1845, #2066, #269 ) ;
#2175 = EDGE_CURVE ( 'NONE', #1352, #840, #1635, .T. ) ;
#2176 = APPLICATION_CONTEXT ( 'automotive_design' ) ;
#2177 = FACE_OUTER_BOUND ( 'NONE', #1886, .T. ) ;
#2178 = CYLINDRICAL_SURFACE ( 'NONE', #1858, 1.249999999999994227 ) ;
#2179 = ORIENTED_EDGE ( 'NONE', *, *, #1595, .T. ) ;
#2180 = AXIS2_PLACEMENT_3D ( 'NONE', #2183, #606, #1180 ) ;
#2181 = ORIENTED_EDGE ( 'NONE', *, *, #1955, .F. ) ;
#2182 = EDGE_CURVE ( 'NONE', #1919, #742, #1512, .T. ) ;
#2183 = CARTESIAN_POINT ( 'NONE',  ( 6.000000000000004441, 10.39230484541326227, 4.500000000000007105 ) ) ;
#2184 = DIRECTION ( 'NONE',  ( 0.7071067811865451302, 0.0000000000000000000, 0.7071067811865500152 ) ) ;
#2185 = COLOUR_RGB ( '',0.7921568627450980005, 0.8196078431372548767, 0.9333333333333333481 ) ;
#2186 = AXIS2_PLACEMENT_3D ( 'NONE', #47, #861, #1660 ) ;
#2187 = DIRECTION ( 'NONE',  ( 0.0000000000000000000, 0.0000000000000000000, 1.000000000000000000 ) ) ;
#2188 = FACE_OUTER_BOUND ( 'NONE', #1515, .T. ) ;
#2189 = CIRCLE ( 'NONE', #2493, 10.49999999999999645 ) ;
#2190 = AXIS2_PLACEMENT_3D ( 'NONE', #1510, #1729, #1356 ) ;
#2191 = DIRECTION ( 'NONE',  ( 1.000000000000000000, 0.0000000000000000000, -0.0000000000000000000 ) ) ;
#2192 = EDGE_LOOP ( 'NONE', ( #1655, #1653 ) ) ;
#2193 = DIRECTION ( 'NONE',  ( 0.3625000000000000444, -0.9319837713179344174, 0.0000000000000000000 ) ) ;
#2194 = DIRECTION ( 'NONE',  ( -0.0000000000000000000, -0.0000000000000000000, -1.000000000000000000 ) ) ;
#2195 = VERTEX_POINT ( 'NONE', #1710 ) ;
#2196 = AXIS2_PLACEMENT_3D ( 'NONE', #2126, #1761, #1321 ) ;
#2197 = CARTESIAN_POINT ( 'NONE',  ( 0.0000000000000000000, 0.0000000000000000000, 2.000000000000000000 ) ) ;
#2198 = AXIS2_PLACEMENT_3D ( 'NONE', #2464, #1647, #272 ) ;
#2199 = DIRECTION ( 'NONE',  ( 1.000000000000000000, 0.0000000000000000000, -0.0000000000000000000 ) ) ;
#2200 = EDGE_LOOP ( 'NONE', ( #2543, #363, #525, #649 ) ) ;
#2201 = EDGE_CURVE ( 'NONE', #1721, #69, #744, .T. ) ;
#2202 = CIRCLE ( 'NONE', #1347, 2.000000000000000888 ) ;
#2203 = DIRECTION ( 'NONE',  ( -0.0000000000000000000, -0.0000000000000000000, -1.000000000000000000 ) ) ;
#2204 = DIRECTION ( 'NONE',  ( -0.0000000000000000000, -0.0000000000000000000, 1.000000000000000000 ) ) ;
#2205 = EDGE_CURVE ( 'NONE', #319, #2401, #935, .T. ) ;
#2206 = CARTESIAN_POINT ( 'NONE',  ( 0.0000000000000000000, 0.0000000000000000000, 0.0000000000000000000 ) ) ;
#2207 = CYLINDRICAL_SURFACE ( 'NONE', #188, 1.599999999999998979 ) ;
#2208 = ORIENTED_EDGE ( 'NONE', *, *, #55, .F. ) ;
#2209 = CARTESIAN_POINT ( 'NONE',  ( 14.50000000000000000, 1.775737858763662015E-15, 5.000000000000000000 ) ) ;
#2210 = DIRECTION ( 'NONE',  ( 0.0000000000000000000, 0.0000000000000000000, 1.000000000000000000 ) ) ;
#2211 = ORIENTED_EDGE ( 'NONE', *, *, #886, .T. ) ;
#2212 = LINE ( 'NONE', #610, #1920 ) ;
#2213 = EDGE_CURVE ( 'NONE', #2593, #255, #366, .T. ) ;
#2214 = PLANE ( 'NONE',  #1671 ) ;
#2215 = CIRCLE ( 'NONE', #2255, 14.50000000000000000 ) ;
#2216 = FACE_OUTER_BOUND ( 'NONE', #2409, .T. ) ;
#2217 = ADVANCED_FACE ( 'NONE', ( #341 ), #1136, .T. ) ;
#2218 = VERTEX_POINT ( 'NONE', #547 ) ;
#2219 = DIRECTION ( 'NONE',  ( 0.0000000000000000000, 0.0000000000000000000, 1.000000000000000000 ) ) ;
#2220 =( LENGTH_UNIT ( ) NAMED_UNIT ( * ) SI_UNIT ( .MILLI., .METRE. ) );
#2221 = ORIENTED_EDGE ( 'NONE', *, *, #2147, .F. ) ;
#2222 = CARTESIAN_POINT ( 'NONE',  ( -7.455870170543476227, 20.83103448275862490, 4.500000000000000000 ) ) ;
#2223 = AXIS2_PLACEMENT_3D ( 'NONE', #1722, #1704, #2095 ) ;
#2224 = FACE_OUTER_BOUND ( 'NONE', #1365, .T. ) ;
#2225 = VERTEX_POINT ( 'NONE', #1345 ) ;
#2226 = DIRECTION ( 'NONE',  ( 0.0000000000000000000, 0.0000000000000000000, 1.000000000000000000 ) ) ;
#2227 = DIRECTION ( 'NONE',  ( -1.000000000000000000, 0.0000000000000000000, 0.0000000000000000000 ) ) ;
#2228 = CIRCLE ( 'NONE', #288, 1.000000000000000888 ) ;
#2229 = DIRECTION ( 'NONE',  ( -0.0000000000000000000, -0.0000000000000000000, -1.000000000000000000 ) ) ;
#2230 = EDGE_LOOP ( 'NONE', ( #843, #711, #1820, #2132, #879 ) ) ;
#2231 = ORIENTED_EDGE ( 'NONE', *, *, #332, .T. ) ;
#2232 = ORIENTED_EDGE ( 'NONE', *, *, #800, .T. ) ;
#2233 = VECTOR ( 'NONE', #271, 1000.000000000000000 ) ;
#2234 = VERTEX_POINT ( 'NONE', #2154 ) ;
#2235 = VERTEX_POINT ( 'NONE', #960 ) ;
#2236 = EDGE_CURVE ( 'NONE', #2234, #1815, #1586, .T. ) ;
#2237 = DIRECTION ( 'NONE',  ( 1.000000000000000000, 0.0000000000000000000, 0.0000000000000000000 ) ) ;
#2238 = DIRECTION ( 'NONE',  ( 1.000000000000000000, 0.0000000000000000000, 0.0000000000000000000 ) ) ;
#2239 = AXIS2_PLACEMENT_3D ( 'NONE', #1234, #1995, #839 ) ;
#2240 = ADVANCED_FACE ( 'NONE', ( #401 ), #631, .F. ) ;
#2241 = LINE ( 'NONE', #801, #496 ) ;
#2242 = DIRECTION ( 'NONE',  ( 1.000000000000000000, 3.469446951953615767E-15, 0.0000000000000000000 ) ) ;
#2243 = ORIENTED_EDGE ( 'NONE', *, *, #303, .F. ) ;
#2244 = DIRECTION ( 'NONE',  ( 0.7071067811865474617, 8.659560562354932858E-17, -0.7071067811865474617 ) ) ;
#2245 = ORIENTED_EDGE ( 'NONE', *, *, #77, .T. ) ;
#2246 = EDGE_CURVE ( 'NONE', #1059, #999, #2138, .T. ) ;
#2247 = ORIENTED_EDGE ( 'NONE', *, *, #2064, .F. ) ;
#2248 = ORIENTED_EDGE ( 'NONE', *, *, #77, .F. ) ;
#2249 = CARTESIAN_POINT ( 'NONE',  ( 4.400000000000005684, 10.39230484541326227, 0.0000000000000000000 ) ) ;
#2250 = CARTESIAN_POINT ( 'NONE',  ( 9.833317233346388520, -9.249641732973930885, 2.000000000000000000 ) ) ;
#2251 = ADVANCED_FACE ( 'NONE', ( #988, #1193 ), #573, .T. ) ;
#2252 = DIRECTION ( 'NONE',  ( -0.0000000000000000000, -0.0000000000000000000, 1.000000000000000000 ) ) ;
#2253 = DIRECTION ( 'NONE',  ( 0.0000000000000000000, 0.0000000000000000000, 1.000000000000000000 ) ) ;
#2254 = SURFACE_SIDE_STYLE ('',( #1244 ) ) ;
#2255 = AXIS2_PLACEMENT_3D ( 'NONE', #1542, #951, #2140 ) ;
#2256 = VECTOR ( 'NONE', #1596, 1000.000000000000000 ) ;
#2257 = VERTEX_POINT ( 'NONE', #1016 ) ;
#2258 = ORIENTED_EDGE ( 'NONE', *, *, #520, .T. ) ;
#2259 = EDGE_CURVE ( 'NONE', #2225, #1000, #2430, .T. ) ;
#2260 = CARTESIAN_POINT ( 'NONE',  ( 5.999999999999997335, -10.39230484541326760, 2.000000000000000000 ) ) ;
#2261 = CYLINDRICAL_SURFACE ( 'NONE', #2417, 1.000000000000000888 ) ;
#2262 = AXIS2_PLACEMENT_3D ( 'NONE', #1877, #1691, #128 ) ;
#2263 = DIRECTION ( 'NONE',  ( -1.000000000000000000, 0.0000000000000000000, 0.0000000000000000000 ) ) ;
#2264 = LINE ( 'NONE', #1860, #1593 ) ;
#2265 = ORIENTED_EDGE ( 'NONE', *, *, #2317, .T. ) ;
#2266 = CONICAL_SURFACE ( 'NONE', #329, 14.00000000000000888, 0.7853981633974396193 ) ;
#2267 = DIRECTION ( 'NONE',  ( -1.000000000000000000, 0.0000000000000000000, 0.0000000000000000000 ) ) ;
#2268 = ADVANCED_FACE ( 'NONE', ( #1623 ), #1221, .T. ) ;
#2269 = CARTESIAN_POINT ( 'NONE',  ( -13.92708333333334636, 3.986860151485606352, 1.513792948290641815 ) ) ;
#2270 = ORIENTED_EDGE ( 'NONE', *, *, #926, .F. ) ;
#2271 = VERTEX_POINT ( 'NONE', #201 ) ;
#2272 = AXIS2_PLACEMENT_3D ( 'NONE', #1429, #439, #204 ) ;
#2273 = ADVANCED_FACE ( 'NONE', ( #231 ), #2415, .F. ) ;
#2274 = CIRCLE ( 'NONE', #499, 14.00000000000000888 ) ;
#2275 = EDGE_LOOP ( 'NONE', ( #1855, #1684, #364, #1997 ) ) ;
#2276 = VERTEX_POINT ( 'NONE', #413 ) ;
#2277 = AXIS2_PLACEMENT_3D ( 'NONE', #100, #2121, #1303 ) ;
#2278 = CARTESIAN_POINT ( 'NONE',  ( -5.999999999999998224, 10.39230484541326582, 3.000000000000000444 ) ) ;
#2279 = DIRECTION ( 'NONE',  ( 0.6590120446547287347, 0.2563262081801253589, 0.7071067811865425767 ) ) ;
#2280 = FACE_BOUND ( 'NONE', #1194, .T. ) ;
#2281 = DIRECTION ( 'NONE',  ( 1.000000000000000000, 0.0000000000000000000, 0.0000000000000000000 ) ) ;
#2282 = ORIENTED_EDGE ( 'NONE', *, *, #1272, .F. ) ;
#2283 = EDGE_CURVE ( 'NONE', #1889, #742, #438, .T. ) ;
#2284 = CIRCLE ( 'NONE', #2020, 1.249999999999999334 ) ;
#2285 = ADVANCED_BREP_SHAPE_REPRESENTATION ( '\X2\644781c2\X0\', ( #337, #304 ), #1441 ) ;
#2286 = CARTESIAN_POINT ( 'NONE',  ( -7.249999999999997335, 10.39230484541326582, 3.000000000000000444 ) ) ;
#2287 = CARTESIAN_POINT ( 'NONE',  ( -13.42708333333332860, -3.891081661062335328, 5.000000000000000000 ) ) ;
#2288 = EDGE_CURVE ( 'NONE', #2173, #2557, #1924, .T. ) ;
#2289 = AXIS2_PLACEMENT_3D ( 'NONE', #2604, #1230, #216 ) ;
#2290 = EDGE_LOOP ( 'NONE', ( #678, #1734, #616 ) ) ;
#2291 = CARTESIAN_POINT ( 'NONE',  ( 3.208350029616086729, -13.62741685307463690, 5.000000000000000000 ) ) ;
#2292 = CARTESIAN_POINT ( 'NONE',  ( 4.400000000000004796, 10.39230484541326227, 2.000000000000000000 ) ) ;
#2293 = CONICAL_SURFACE ( 'NONE', #2330, 9.999999999999998224, 0.7853981633974500554 ) ;
#2294 = EDGE_LOOP ( 'NONE', ( #2015, #1649, #362, #626 ) ) ;
#2295 = CARTESIAN_POINT ( 'NONE',  ( -8.499999999999998224, 0.0000000000000000000, 5.000000000000000000 ) ) ;
#2296 = CARTESIAN_POINT ( 'NONE',  ( 6.000000000000004441, 10.39230484541326227, 2.000000000000000000 ) ) ;
#2297 = EDGE_CURVE ( 'NONE', #351, #1114, #2004, .T. ) ;
#2298 = DIRECTION ( 'NONE',  ( 0.7071067811865500152, 0.0000000000000000000, 0.7071067811865451302 ) ) ;
#2299 = CARTESIAN_POINT ( 'NONE',  ( -2.000000000000002220, 23.00000000000000000, 11.89999999999999858 ) ) ;
#2300 = ORIENTED_EDGE ( 'NONE', *, *, #2481, .F. ) ;
#2301 = ORIENTED_EDGE ( 'NONE', *, *, #2426, .F. ) ;
#2302 = CONICAL_SURFACE ( 'NONE', #1154, 7.500000000000041744, 0.7853981633974466137 ) ;
#2303 = LINE ( 'NONE', #1504, #1752 ) ;
#2304 = FACE_OUTER_BOUND ( 'NONE', #246, .T. ) ;
#2305 = LINE ( 'NONE', #1859, #2448 ) ;
#2306 = FACE_OUTER_BOUND ( 'NONE', #592, .T. ) ;
#2307 = DIRECTION ( 'NONE',  ( 0.0000000000000000000, 0.0000000000000000000, -1.000000000000000000 ) ) ;
#2308 = DIRECTION ( 'NONE',  ( -0.0000000000000000000, -0.0000000000000000000, -1.000000000000000000 ) ) ;
#2309 = AXIS2_PLACEMENT_3D ( 'NONE', #785, #1402, #415 ) ;
#2310 = ORIENTED_EDGE ( 'NONE', *, *, #1726, .T. ) ;
#2311 = AXIS2_PLACEMENT_3D ( 'NONE', #1550, #1100, #895 ) ;
#2312 = AXIS2_PLACEMENT_3D ( 'NONE', #888, #1291, #1646 ) ;
#2313 = DIRECTION ( 'NONE',  ( 1.000000000000000000, 0.0000000000000000000, 0.0000000000000000000 ) ) ;
#2314 = DIRECTION ( 'NONE',  ( 1.000000000000000000, 0.0000000000000000000, 0.0000000000000000000 ) ) ;
#2315 = ORIENTED_EDGE ( 'NONE', *, *, #226, .T. ) ;
#2316 = AXIS2_PLACEMENT_3D ( 'NONE', #974, #2210, #2199 ) ;
#2317 = EDGE_CURVE ( 'NONE', #2271, #2479, #1600, .T. ) ;
#2318 = DIRECTION ( 'NONE',  ( 0.0000000000000000000, 0.0000000000000000000, 1.000000000000000000 ) ) ;
#2319 = CARTESIAN_POINT ( 'NONE',  ( 5.021076176341821906, 14.35194854135496101, 0.4999999999999987232 ) ) ;
#2320 = CARTESIAN_POINT ( 'NONE',  ( 10.56171110248315692, -9.934800379860888597, 1.500000000000011546 ) ) ;
#2321 = DIRECTION ( 'NONE',  ( -0.0000000000000000000, -0.0000000000000000000, -1.000000000000000000 ) ) ;
#2322 = ORIENTED_EDGE ( 'NONE', *, *, #1294, .T. ) ;
#2323 = CONICAL_SURFACE ( 'NONE', #436, 8.500000000000000000, 0.7853981633974482790 ) ;
#2324 = AXIS2_PLACEMENT_3D ( 'NONE', #1531, #2586, #2337 ) ;
#2325 = CIRCLE ( 'NONE', #1436, 3.000000000000000000 ) ;
#2326 = VERTEX_POINT ( 'NONE', #2028 ) ;
#2327 = DIRECTION ( 'NONE',  ( -0.0000000000000000000, -0.0000000000000000000, -1.000000000000000000 ) ) ;
#2328 = CARTESIAN_POINT ( 'NONE',  ( 8.874987925009792278, -9.535307511083763288, 2.000000000000000000 ) ) ;
#2329 = ORIENTED_EDGE ( 'NONE', *, *, #1469, .T. ) ;
#2330 = AXIS2_PLACEMENT_3D ( 'NONE', #1764, #1423, #180 ) ;
#2331 = CARTESIAN_POINT ( 'NONE',  ( -8.000000000000000000, 0.0000000000000000000, 4.500000000000000000 ) ) ;
#2332 = CARTESIAN_POINT ( 'NONE',  ( 7.599999999999997868, -10.39230484541326760, 12.50000000000000000 ) ) ;
#2333 = ADVANCED_FACE ( 'NONE', ( #2620 ), #1208, .F. ) ;
#2334 = CARTESIAN_POINT ( 'NONE',  ( -5.999999999999998224, 10.39230484541326582, -1.402220585023716934E-15 ) ) ;
#2335 = CARTESIAN_POINT ( 'NONE',  ( -4.749999999999999112, 10.39230484541326582, 3.000000000000000444 ) ) ;
#2336 = ORIENTED_EDGE ( 'NONE', *, *, #303, .T. ) ;
#2337 = DIRECTION ( 'NONE',  ( -1.000000000000000000, 0.0000000000000000000, 0.0000000000000000000 ) ) ;
#2338 = ORIENTED_EDGE ( 'NONE', *, *, #102, .T. ) ;
#2339 = CARTESIAN_POINT ( 'NONE',  ( -12.00000000000000178, 0.0000000000000000000, 5.000000000000000000 ) ) ;
#2340 = DIRECTION ( 'NONE',  ( -1.000000000000000000, 0.0000000000000000000, 0.0000000000000000000 ) ) ;
#2341 = VECTOR ( 'NONE', #911, 999.9999999999998863 ) ;
#2342 = ADVANCED_FACE ( 'NONE', ( #172 ), #1003, .F. ) ;
#2343 = AXIS2_PLACEMENT_3D ( 'NONE', #1974, #167, #2598 ) ;
#2344 = DIRECTION ( 'NONE',  ( -0.0000000000000000000, -0.0000000000000000000, -1.000000000000000000 ) ) ;
#2345 = DIRECTION ( 'NONE',  ( -0.0000000000000000000, -0.0000000000000000000, -1.000000000000000000 ) ) ;
#2346 = ADVANCED_FACE ( 'NONE', ( #2224 ), #348, .T. ) ;
#2347 = FACE_OUTER_BOUND ( 'NONE', #308, .T. ) ;
#2348 = DIRECTION ( 'NONE',  ( 0.0000000000000000000, 0.0000000000000000000, 1.000000000000000000 ) ) ;
#2349 = VERTEX_POINT ( 'NONE', #5 ) ;
#2350 = EDGE_CURVE ( 'NONE', #1076, #614, #1482, .T. ) ;
#2351 = DIRECTION ( 'NONE',  ( 0.6590120446547192978, 0.2563262081801214731, -0.7071067811865526798 ) ) ;
#2352 = CIRCLE ( 'NONE', #1702, 2.000000000000000888 ) ;
#2353 = CIRCLE ( 'NONE', #241, 1.249999999999999334 ) ;
#2354 = CARTESIAN_POINT ( 'NONE',  ( 0.0000000000000000000, 23.00000000000000000, 5.000000000000000000 ) ) ;
#2355 = DIRECTION ( 'NONE',  ( 1.000000000000000000, 0.0000000000000000000, 0.0000000000000000000 ) ) ;
#2356 = EDGE_LOOP ( 'NONE', ( #2024, #958, #237, #2270 ) ) ;
#2357 = CIRCLE ( 'NONE', #1215, 14.50000000000000000 ) ;
#2358 = ORIENTED_EDGE ( 'NONE', *, *, #1120, .T. ) ;
#2359 = CARTESIAN_POINT ( 'NONE',  ( -7.029506646878550313, 10.89272795789694470, 0.0000000000000000000 ) ) ;
#2360 = DIRECTION ( 'NONE',  ( -1.000000000000000000, 0.0000000000000000000, 0.0000000000000000000 ) ) ;
#2361 = VECTOR ( 'NONE', #1443, 1000.000000000000114 ) ;
#2362 = DIRECTION ( 'NONE',  ( -0.0000000000000000000, -0.0000000000000000000, 1.000000000000000000 ) ) ;
#2363 = EDGE_CURVE ( 'NONE', #1668, #1889, #127, .T. ) ;
#2364 = CARTESIAN_POINT ( 'NONE',  ( 0.0000000000000000000, 0.0000000000000000000, 5.000000000000000000 ) ) ;
#2365 = ORIENTED_EDGE ( 'NONE', *, *, #648, .F. ) ;
#2366 = DIRECTION ( 'NONE',  ( -0.0000000000000000000, -0.0000000000000000000, 1.000000000000000000 ) ) ;
#2367 = EDGE_CURVE ( 'NONE', #317, #1902, #1140, .T. ) ;
#2368 = CIRCLE ( 'NONE', #35, 4.000000000000000000 ) ;
#2369 = CARTESIAN_POINT ( 'NONE',  ( 5.999999999999997335, -10.39230484541326760, 4.499999999999994671 ) ) ;
#2370 = DIRECTION ( 'NONE',  ( 0.0000000000000000000, 0.0000000000000000000, 1.000000000000000000 ) ) ;
#2371 = VERTEX_POINT ( 'NONE', #2292 ) ;
#2372 = ADVANCED_FACE ( 'NONE', ( #1286 ), #2261, .T. ) ;
#2373 = DIRECTION ( 'NONE',  ( 1.000000000000000000, 0.0000000000000000000, 0.0000000000000000000 ) ) ;
#2374 = CARTESIAN_POINT ( 'NONE',  ( 3.000000000000003997, 10.39230484541326227, 4.500000000000007105 ) ) ;
#2375 = ORIENTED_EDGE ( 'NONE', *, *, #1396, .F. ) ;
#2376 = EDGE_CURVE ( 'NONE', #2195, #2097, #1670, .T. ) ;
#2377 =( NAMED_UNIT ( * ) SI_UNIT ( $, .STERADIAN. ) SOLID_ANGLE_UNIT ( ) );
#2378 = DIRECTION ( 'NONE',  ( -1.000000000000000000, 0.0000000000000000000, 0.0000000000000000000 ) ) ;
#2379 = DIRECTION ( 'NONE',  ( 0.0000000000000000000, 0.0000000000000000000, 1.000000000000000000 ) ) ;
#2380 = CARTESIAN_POINT ( 'NONE',  ( -13.78865512588903997, 3.367168604395410991, 1.806535878357838687 ) ) ;
#2381 = DIRECTION ( 'NONE',  ( -0.0000000000000000000, -0.0000000000000000000, -1.000000000000000000 ) ) ;
#2382 = ORIENTED_EDGE ( 'NONE', *, *, #1407, .T. ) ;
#2383 = EDGE_LOOP ( 'NONE', ( #1523, #817 ) ) ;
#2384 = VERTEX_POINT ( 'NONE', #447 ) ;
#2385 = DIRECTION ( 'NONE',  ( -1.000000000000000000, 0.0000000000000000000, 0.0000000000000000000 ) ) ;
#2386 = CARTESIAN_POINT ( 'NONE',  ( 0.0000000000000000000, 23.00000000000000000, 11.50000000000000000 ) ) ;
#2387 = ORIENTED_EDGE ( 'NONE', *, *, #950, .T. ) ;
#2388 = EDGE_CURVE ( 'NONE', #784, #1751, #884, .T. ) ;
#2389 = DIRECTION ( 'NONE',  ( -1.000000000000000000, 0.0000000000000000000, 0.0000000000000000000 ) ) ;
#2390 = CARTESIAN_POINT ( 'NONE',  ( -10.40000000000000213, 1.959434878635764244E-16, 0.0000000000000000000 ) ) ;
#2391 = ORIENTED_EDGE ( 'NONE', *, *, #2555, .F. ) ;
#2392 = VERTEX_POINT ( 'NONE', #833 ) ;
#2393 = LINE ( 'NONE', #1929, #1344 ) ;
#2394 = AXIS2_PLACEMENT_3D ( 'NONE', #305, #1086, #1945 ) ;
#2395 = DIRECTION ( 'NONE',  ( -0.0000000000000000000, -0.0000000000000000000, -1.000000000000000000 ) ) ;
#2396 = ADVANCED_FACE ( 'NONE', ( #1834 ), #1251, .T. ) ;
#2397 = ORIENTED_EDGE ( 'NONE', *, *, #1480, .T. ) ;
#2398 = AXIS2_PLACEMENT_3D ( 'NONE', #2359, #1697, #2151 ) ;
#2399 = FACE_OUTER_BOUND ( 'NONE', #2061, .T. ) ;
#2400 = DIRECTION ( 'NONE',  ( -0.0000000000000000000, -0.0000000000000000000, -1.000000000000000000 ) ) ;
#2401 = VERTEX_POINT ( 'NONE', #2053 ) ;
#2402 = CIRCLE ( 'NONE', #2010, 2.000000000000000888 ) ;
#2403 = ADVANCED_FACE ( 'NONE', ( #2037 ), #270, .T. ) ;
#2404 = AXIS2_PLACEMENT_3D ( 'NONE', #1065, #2054, #1053 ) ;
#2405 = DIRECTION ( 'NONE',  ( 1.000000000000000000, 0.0000000000000000000, 0.0000000000000000000 ) ) ;
#2406 = LINE ( 'NONE', #1233, #1495 ) ;
#2407 = AXIS2_PLACEMENT_3D ( 'NONE', #1686, #1078, #670 ) ;
#2408 = DIRECTION ( 'NONE',  ( 0.0000000000000000000, 0.0000000000000000000, 1.000000000000000000 ) ) ;
#2409 = EDGE_LOOP ( 'NONE', ( #1769, #2365, #2063, #410 ) ) ;
#2410 = DIRECTION ( 'NONE',  ( 0.0000000000000000000, 0.0000000000000000000, 1.000000000000000000 ) ) ;
#2411 = FACE_OUTER_BOUND ( 'NONE', #1425, .T. ) ;
#2412 = ORIENTED_EDGE ( 'NONE', *, *, #1793, .F. ) ;
#2413 = EDGE_CURVE ( 'NONE', #575, #1584, #257, .T. ) ;
#2414 = DIRECTION ( 'NONE',  ( 0.0000000000000000000, 0.0000000000000000000, -1.000000000000000000 ) ) ;
#2415 = CYLINDRICAL_SURFACE ( 'NONE', #2051, 1.249999999999994227 ) ;
#2416 = ORIENTED_EDGE ( 'NONE', *, *, #809, .F. ) ;
#2417 = AXIS2_PLACEMENT_3D ( 'NONE', #2250, #492, #2096 ) ;
#2418 = DIRECTION ( 'NONE',  ( -0.0000000000000000000, -0.0000000000000000000, 1.000000000000000000 ) ) ;
#2419 = ADVANCED_FACE ( 'NONE', ( #34 ), #1525, .T. ) ;
#2420 = CARTESIAN_POINT ( 'NONE',  ( -13.88464506172839208, -4.179309932252138537, 1.500000000000003109 ) ) ;
#2421 = DIRECTION ( 'NONE',  ( 1.000000000000000000, 0.0000000000000000000, 0.0000000000000000000 ) ) ;
#2422 = EDGE_LOOP ( 'NONE', ( #140, #1614 ) ) ;
#2423 = DIRECTION ( 'NONE',  ( -1.000000000000000000, 0.0000000000000000000, 0.0000000000000000000 ) ) ;
#2424 =( NAMED_UNIT ( * ) SI_UNIT ( $, .STERADIAN. ) SOLID_ANGLE_UNIT ( ) );
#2425 = EDGE_LOOP ( 'NONE', ( #2076, #755, #1025, #688 ) ) ;
#2426 = EDGE_CURVE ( 'NONE', #2479, #2195, #1867, .T. ) ;
#2427 = ORIENTED_EDGE ( 'NONE', *, *, #2175, .T. ) ;
#2428 = CARTESIAN_POINT ( 'NONE',  ( 0.0000000000000000000, 23.00000000000000000, 12.50000000000000000 ) ) ;
#2429 =( BOUNDED_CURVE ( )  B_SPLINE_CURVE ( 3, ( #1077, #1483, #494, #1454 ),
 .UNSPECIFIED., .F., .F. ) 
 B_SPLINE_CURVE_WITH_KNOTS ( ( 4, 4 ),
 ( 3.141592653589791784, 3.646953163873928538 ),
 .UNSPECIFIED. ) 
 CURVE ( )  GEOMETRIC_REPRESENTATION_ITEM ( )  RATIONAL_B_SPLINE_CURVE ( ( 1.000000000000000000, 0.9788305577012377245, 0.9788305577012377245, 1.000000000000000000 ) ) 
 REPRESENTATION_ITEM ( '' )  );
#2430 = LINE ( 'NONE', #1823, #837 ) ;
#2431 = VERTEX_POINT ( 'NONE', #1051 ) ;
#2432 = CARTESIAN_POINT ( 'NONE',  ( 6.000000000000004441, 10.39230484541326227, 2.000000000000000000 ) ) ;
#2433 = DIRECTION ( 'NONE',  ( 1.000000000000000000, 0.0000000000000000000, 0.0000000000000000000 ) ) ;
#2434 = ADVANCED_FACE ( 'NONE', ( #1644 ), #2456, .T. ) ;
#2435 = CIRCLE ( 'NONE', #12, 8.500000000000000000 ) ;
#2436 = DIRECTION ( 'NONE',  ( 0.1638867279312549441, 0.6878525571719444898, -0.7071067811865501263 ) ) ;
#2437 = ORIENTED_EDGE ( 'NONE', *, *, #132, .F. ) ;
#2438 = EDGE_CURVE ( 'NONE', #647, #2257, #1302, .T. ) ;
#2439 = ORIENTED_EDGE ( 'NONE', *, *, #1201, .F. ) ;
#2440 = EDGE_CURVE ( 'NONE', #614, #169, #1817, .T. ) ;
#2441 = DIRECTION ( 'NONE',  ( 1.000000000000000000, 0.0000000000000000000, 0.0000000000000000000 ) ) ;
#2442 = AXIS2_PLACEMENT_3D ( 'NONE', #446, #1240, #1669 ) ;
#2443 = DIRECTION ( 'NONE',  ( -1.000000000000000000, 0.0000000000000000000, 0.0000000000000000000 ) ) ;
#2444 = CARTESIAN_POINT ( 'NONE',  ( 10.75000000000000533, 0.0000000000000000000, 0.0000000000000000000 ) ) ;
#2445 = DIRECTION ( 'NONE',  ( 0.3625000000000000444, 0.9319837713179344174, 0.0000000000000000000 ) ) ;
#2446 = AXIS2_PLACEMENT_3D ( 'NONE', #1196, #2226, #990 ) ;
#2447 = ORIENTED_EDGE ( 'NONE', *, *, #2350, .F. ) ;
#2448 = VECTOR ( 'NONE', #461, 1000.000000000000114 ) ;
#2449 = DIRECTION ( 'NONE',  ( -1.000000000000000000, 0.0000000000000000000, 0.0000000000000000000 ) ) ;
#2450 = ORIENTED_EDGE ( 'NONE', *, *, #2545, .F. ) ;
#2451 = AXIS2_PLACEMENT_3D ( 'NONE', #1255, #495, #1092 ) ;
#2452 = EDGE_CURVE ( 'NONE', #2563, #661, #2202, .T. ) ;
#2453 = ORIENTED_EDGE ( 'NONE', *, *, #2376, .T. ) ;
#2454 = ORIENTED_EDGE ( 'NONE', *, *, #855, .T. ) ;
#2455 = CARTESIAN_POINT ( 'NONE',  ( -7.249999999999987566, 10.39230484541326582, -1.402220585023716934E-15 ) ) ;
#2456 = PLANE ( 'NONE',  #2062 ) ;
#2457 = EDGE_LOOP ( 'NONE', ( #227, #1532, #114, #2549 ) ) ;
#2458 = CIRCLE ( 'NONE', #1931, 14.50000000000000000 ) ;
#2459 = CARTESIAN_POINT ( 'NONE',  ( 9.573327678562955967, -10.21525316176064102, 2.000000000000000000 ) ) ;
#2460 = CARTESIAN_POINT ( 'NONE',  ( -13.94386310923711392, -3.982573728372651889, 1.500000000000001776 ) ) ;
#2461 = ORIENTED_EDGE ( 'NONE', *, *, #869, .F. ) ;
#2462 = ADVANCED_FACE ( 'NONE', ( #473, #1265, #58, #680, #71, #694, #1491, #2304 ), #1558, .F. ) ;
#2463 = VECTOR ( 'NONE', #1737, 1000.000000000000000 ) ;
#2464 = CARTESIAN_POINT ( 'NONE',  ( 5.999999999999997335, -10.39230484541326760, 2.000000000000000000 ) ) ;
#2465 = EDGE_LOOP ( 'NONE', ( #1160, #1810, #2042 ) ) ;
#2466 = ADVANCED_FACE ( 'NONE', ( #1750 ), #2517, .T. ) ;
#2467 = VERTEX_POINT ( 'NONE', #1113 ) ;
#2468 = VERTEX_POINT ( 'NONE', #1692 ) ;
#2469 = FACE_OUTER_BOUND ( 'NONE', #427, .T. ) ;
#2470 = CARTESIAN_POINT ( 'NONE',  ( -12.00000000000000178, 0.0000000000000000000, 2.000000000000000000 ) ) ;
#2471 = PLANE ( 'NONE',  #2404 ) ;
#2472 = DIRECTION ( 'NONE',  ( -0.3625000000000000999, 0.9319837713179345284, 0.0000000000000000000 ) ) ;
#2473 = ORIENTED_EDGE ( 'NONE', *, *, #612, .F. ) ;
#2474 = DIRECTION ( 'NONE',  ( -0.6776411525346203168, -0.2019962088543962309, -0.7071067811865493491 ) ) ;
#2475 = CARTESIAN_POINT ( 'NONE',  ( -13.91338238939873762, 4.083837808577811757, 1.500000000000003109 ) ) ;
#2476 = VERTEX_POINT ( 'NONE', #931 ) ;
#2477 = VERTEX_POINT ( 'NONE', #1899 ) ;
#2478 = CIRCLE ( 'NONE', #863, 8.000000000000000000 ) ;
#2479 = VERTEX_POINT ( 'NONE', #1310 ) ;
#2480 = ORIENTED_EDGE ( 'NONE', *, *, #2201, .F. ) ;
#2481 = EDGE_CURVE ( 'NONE', #2467, #731, #643, .T. ) ;
#2482 = CARTESIAN_POINT ( 'NONE',  ( 0.0000000000000000000, 0.0000000000000000000, 1.500000000000011768 ) ) ;
#2483 = DIRECTION ( 'NONE',  ( -0.0000000000000000000, -0.0000000000000000000, -1.000000000000000000 ) ) ;
#2484 = VECTOR ( 'NONE', #1643, 1000.000000000000000 ) ;
#2485 = CARTESIAN_POINT ( 'NONE',  ( 9.354152579178093063, -9.392474622028844422, 5.000000000000000000 ) ) ;
#2486 = CARTESIAN_POINT ( 'NONE',  ( -10.75744173215028887, 12.34272795789694044, 3.499999999999960920 ) ) ;
#2487 = EDGE_CURVE ( 'NONE', #2257, #1738, #2148, .T. ) ;
#2488 = AXIS2_PLACEMENT_3D ( 'NONE', #1599, #1571, #2385 ) ;
#2489 =( NAMED_UNIT ( * ) PLANE_ANGLE_UNIT ( ) SI_UNIT ( $, .RADIAN. ) );
#2490 = DIRECTION ( 'NONE',  ( -0.0000000000000000000, -0.0000000000000000000, -1.000000000000000000 ) ) ;
#2491 = ORIENTED_EDGE ( 'NONE', *, *, #869, .T. ) ;
#2492 = AXIS2_PLACEMENT_3D ( 'NONE', #388, #1798, #822 ) ;
#2493 = AXIS2_PLACEMENT_3D ( 'NONE', #416, #1403, #1814 ) ;
#2494 = VERTEX_POINT ( 'NONE', #555 ) ;
#2495 = LINE ( 'NONE', #230, #531 ) ;
#2496 = CARTESIAN_POINT ( 'NONE',  ( 0.0000000000000000000, 23.00000000000000000, 5.000000000000000000 ) ) ;
#2497 = EDGE_CURVE ( 'NONE', #1748, #1677, #219, .T. ) ;
#2498 = CARTESIAN_POINT ( 'NONE',  ( -14.00000000000000178, 1.745121688784978622E-15, 0.0000000000000000000 ) ) ;
#2499 = LINE ( 'NONE', #38, #1041 ) ;
#2500 = CIRCLE ( 'NONE', #2196, 3.500000000000002220 ) ;
#2501 = DIRECTION ( 'NONE',  ( 0.0000000000000000000, 0.0000000000000000000, -1.000000000000000000 ) ) ;
#2502 = DIRECTION ( 'NONE',  ( -1.000000000000000000, 0.0000000000000000000, 0.0000000000000000000 ) ) ;
#2503 = VERTEX_POINT ( 'NONE', #321 ) ;
#2504 = AXIS2_PLACEMENT_3D ( 'NONE', #1723, #1131, #335 ) ;
#2505 = ORIENTED_EDGE ( 'NONE', *, *, #1500, .T. ) ;
#2506 = VERTEX_POINT ( 'NONE', #1087 ) ;
#2507 = CARTESIAN_POINT ( 'NONE',  ( -12.00000000000000178, 0.0000000000000000000, 2.000000000000000000 ) ) ;
#2508 = DIRECTION ( 'NONE',  ( 0.0000000000000000000, 0.0000000000000000000, -1.000000000000000000 ) ) ;
#2509 = FACE_OUTER_BOUND ( 'NONE', #601, .T. ) ;
#2510 = LINE ( 'NONE', #1497, #1802 ) ;
#2511 = DIRECTION ( 'NONE',  ( 1.000000000000000000, 1.734723475976805517E-15, 0.0000000000000000000 ) ) ;
#2512 = FACE_OUTER_BOUND ( 'NONE', #852, .T. ) ;
#2513 = CIRCLE ( 'NONE', #1103, 1.599999999999998979 ) ;
#2514 = EDGE_CURVE ( 'NONE', #840, #1620, #542, .T. ) ;
#2515 = AXIS2_PLACEMENT_3D ( 'NONE', #956, #1580, #792 ) ;
#2516 = FACE_OUTER_BOUND ( 'NONE', #225, .T. ) ;
#2517 = CYLINDRICAL_SURFACE ( 'NONE', #2152, 2.000000000000000888 ) ;
#2518 = ORIENTED_EDGE ( 'NONE', *, *, #1480, .F. ) ;
#2519 = DIRECTION ( 'NONE',  ( -1.000000000000000000, 0.0000000000000000000, 0.0000000000000000000 ) ) ;
#2520 = CARTESIAN_POINT ( 'NONE',  ( 0.0000000000000000000, 0.0000000000000000000, 2.000000000000000000 ) ) ;
#2521 = CIRCLE ( 'NONE', #2174, 9.999999999999998224 ) ;
#2522 = DIRECTION ( 'NONE',  ( 1.000000000000000000, 1.776356839400250859E-15, 0.0000000000000000000 ) ) ;
#2523 = CARTESIAN_POINT ( 'NONE',  ( -12.00000000000000178, 0.0000000000000000000, 2.000000000000000000 ) ) ;
#2524 = CIRCLE ( 'NONE', #666, 0.4999999999999987232 ) ;
#2525 = EDGE_CURVE ( 'NONE', #794, #2593, #2325, .T. ) ;
#2526 = CIRCLE ( 'NONE', #913, 1.249999999999999334 ) ;
#2527 = EDGE_CURVE ( 'NONE', #206, #1748, #1728, .T. ) ;
#2528 = AXIS2_PLACEMENT_3D ( 'NONE', #1661, #1870, #1279 ) ;
#2529 = DIRECTION ( 'NONE',  ( -0.0000000000000000000, -0.0000000000000000000, -1.000000000000000000 ) ) ;
#2530 = CARTESIAN_POINT ( 'NONE',  ( 0.0000000000000000000, 0.0000000000000000000, 1.500000000000003109 ) ) ;
#2531 = FACE_OUTER_BOUND ( 'NONE', #561, .T. ) ;
#2532 = CYLINDRICAL_SURFACE ( 'NONE', #2098, 1.000000000000000000 ) ;
#2533 = AXIS2_PLACEMENT_3D ( 'NONE', #163, #1733, #928 ) ;
#2534 = LINE ( 'NONE', #1358, #428 ) ;
#2535 = CARTESIAN_POINT ( 'NONE',  ( -5.999999999999999112, 10.39230484541326582, 3.751075773784451339 ) ) ;
#2536 = EDGE_CURVE ( 'NONE', #169, #1024, #503, .T. ) ;
#2537 = ORIENTED_EDGE ( 'NONE', *, *, #1219, .F. ) ;
#2538 = CONICAL_SURFACE ( 'NONE', #345, 8.000000000000000000, 0.7853981633974482790 ) ;
#2539 = FACE_OUTER_BOUND ( 'NONE', #90, .T. ) ;
#2540 = VECTOR ( 'NONE', #2474, 1000.000000000000000 ) ;
#2541 = EDGE_CURVE ( 'NONE', #1791, #2129, #1300, .T. ) ;
#2542 = AXIS2_PLACEMENT_3D ( 'NONE', #820, #1028, #783 ) ;
#2543 = ORIENTED_EDGE ( 'NONE', *, *, #698, .F. ) ;
#2544 = CARTESIAN_POINT ( 'NONE',  ( -2.000000000000000888, 23.00000000000000000, 12.50000000000000000 ) ) ;
#2545 = EDGE_CURVE ( 'NONE', #1788, #159, #170, .T. ) ;
#2546 = CARTESIAN_POINT ( 'NONE',  ( 6.000000000000004441, 10.39230484541326227, 4.500000000000007105 ) ) ;
#2547 = ORIENTED_EDGE ( 'NONE', *, *, #2089, .F. ) ;
#2548 = PRODUCT_DEFINITION_SHAPE ( 'NONE', 'NONE',  #1844 ) ;
#2549 = ORIENTED_EDGE ( 'NONE', *, *, #1130, .F. ) ;
#2550 = CARTESIAN_POINT ( 'NONE',  ( -8.500000000000000000, 0.0000000000000000000, 0.0000000000000000000 ) ) ;
#2551 = LINE ( 'NONE', #733, #1511 ) ;
#2552 = ADVANCED_FACE ( 'NONE', ( #2105 ), #2594, .T. ) ;
#2553 = DIRECTION ( 'NONE',  ( 0.0000000000000000000, 0.0000000000000000000, -1.000000000000000000 ) ) ;
#2554 = DIRECTION ( 'NONE',  ( -0.0000000000000000000, -0.0000000000000000000, -1.000000000000000000 ) ) ;
#2555 = EDGE_CURVE ( 'NONE', #989, #173, #971, .T. ) ;
#2556 = LINE ( 'NONE', #1307, #1135 ) ;
#2557 = VERTEX_POINT ( 'NONE', #1098 ) ;
#2558 = ORIENTED_EDGE ( 'NONE', *, *, #1742, .T. ) ;
#2559 = CARTESIAN_POINT ( 'NONE',  ( 9.889865877501620162, -10.25138511968116539, 1.755807441453362872 ) ) ;
#2560 = CARTESIAN_POINT ( 'NONE',  ( 0.0000000000000000000, 0.0000000000000000000, 0.0000000000000000000 ) ) ;
#2561 = AXIS2_PLACEMENT_3D ( 'NONE', #1662, #2490, #2502 ) ;
#2562 = ORIENTED_EDGE ( 'NONE', *, *, #1868, .T. ) ;
#2563 = VERTEX_POINT ( 'NONE', #905 ) ;
#2564 = EDGE_CURVE ( 'NONE', #731, #351, #767, .T. ) ;
#2565 = DIRECTION ( 'NONE',  ( 0.0000000000000000000, 0.0000000000000000000, -1.000000000000000000 ) ) ;
#2566 = DIRECTION ( 'NONE',  ( -0.0000000000000000000, -0.0000000000000000000, -1.000000000000000000 ) ) ;
#2567 = CARTESIAN_POINT ( 'NONE',  ( 13.51376468411004872, 5.256250000000010303, 4.500000000000000000 ) ) ;
#2568 = EDGE_CURVE ( 'NONE', #1364, #2235, #1096, .T. ) ;
#2569 = FACE_OUTER_BOUND ( 'NONE', #186, .T. ) ;
#2570 = ORIENTED_EDGE ( 'NONE', *, *, #2525, .T. ) ;
#2571 = CARTESIAN_POINT ( 'NONE',  ( 3.322933959245231605, -14.11411031211301115, 1.500000000000011768 ) ) ;
#2572 = CIRCLE ( 'NONE', #1417, 3.500000000000003109 ) ;
#2573 = EDGE_LOOP ( 'NONE', ( #2450, #1892 ) ) ;
#2574 = DIRECTION ( 'NONE',  ( -0.0000000000000000000, -0.0000000000000000000, -1.000000000000000000 ) ) ;
#2575 = CARTESIAN_POINT ( 'NONE',  ( -10.40000000000000213, 1.959434878635765230E-16, 12.50000000000000000 ) ) ;
#2576 = ORIENTED_EDGE ( 'NONE', *, *, #718, .T. ) ;
#2577 = AXIS2_PLACEMENT_3D ( 'NONE', #734, #509, #103 ) ;
#2578 = VERTEX_POINT ( 'NONE', #514 ) ;
#2579 = CARTESIAN_POINT ( 'NONE',  ( 0.0000000000000000000, 0.0000000000000000000, 0.5000000000000004441 ) ) ;
#2580 = CARTESIAN_POINT ( 'NONE',  ( 5.999999999999997335, -10.39230484541326760, 5.000000000000000000 ) ) ;
#2581 = EDGE_CURVE ( 'NONE', #1879, #1788, #1946, .T. ) ;
#2582 = CONICAL_SURFACE ( 'NONE', #384, 14.50000000000000000, 0.7853981633974500554 ) ;
#2583 = LINE ( 'NONE', #2607, #583 ) ;
#2584 = DIRECTION ( 'NONE',  ( 1.000000000000000000, 0.0000000000000000000, 0.0000000000000000000 ) ) ;
#2585 = EDGE_LOOP ( 'NONE', ( #1762, #2265, #725, #1690, #927, #1009 ) ) ;
#2586 = DIRECTION ( 'NONE',  ( -0.0000000000000000000, -0.0000000000000000000, -1.000000000000000000 ) ) ;
#2587 = AXIS2_PLACEMENT_3D ( 'NONE', #775, #2379, #564 ) ;
#2588 = CARTESIAN_POINT ( 'NONE',  ( -13.92708333333334281, 3.742331209888207333, 1.579591944757162691 ) ) ;
#2589 = ORIENTED_EDGE ( 'NONE', *, *, #1445, .T. ) ;
#2590 = VECTOR ( 'NONE', #1505, 1000.000000000000000 ) ;
#2591 = CARTESIAN_POINT ( 'NONE',  ( -7.249999999999992895, -10.39230484541326760, 0.0000000000000000000 ) ) ;
#2592 = DIRECTION ( 'NONE',  ( -0.0000000000000000000, -0.0000000000000000000, -1.000000000000000000 ) ) ;
#2593 = VERTEX_POINT ( 'NONE', #942 ) ;
#2594 = CONICAL_SURFACE ( 'NONE', #403, 14.00000000000001599, 0.7853981633974447263 ) ;
#2595 = DIRECTION ( 'NONE',  ( 0.0000000000000000000, 0.0000000000000000000, -1.000000000000000000 ) ) ;
#2596 = CARTESIAN_POINT ( 'NONE',  ( 13.24999999999998934, 1.530808498934182203E-16, -1.402220585023716934E-15 ) ) ;
#2597 = CARTESIAN_POINT ( 'NONE',  ( 10.75000000000001066, 0.0000000000000000000, -1.402220585023716934E-15 ) ) ;
#2598 = DIRECTION ( 'NONE',  ( 1.000000000000000000, 0.0000000000000000000, 0.0000000000000000000 ) ) ;
#2599 = ADVANCED_FACE ( 'NONE', ( #1790 ), #2178, .F. ) ;
#2600 = CARTESIAN_POINT ( 'NONE',  ( 3.322933959245231605, -14.11411031211301115, 1.500000000000011768 ) ) ;
#2601 = ORIENTED_EDGE ( 'NONE', *, *, #280, .F. ) ;
#2602 = VECTOR ( 'NONE', #1346, 1000.000000000000000 ) ;
#2603 = DIRECTION ( 'NONE',  ( -0.0000000000000000000, -0.0000000000000000000, -1.000000000000000000 ) ) ;
#2604 = CARTESIAN_POINT ( 'NONE',  ( 9.833317233346388520, -9.249641732973930885, 5.000000000000000000 ) ) ;
#2605 = EDGE_LOOP ( 'NONE', ( #414, #1901, #1543, #571 ) ) ;
#2606 = CIRCLE ( 'NONE', #2343, 14.00000000000000888 ) ;
#2607 = CARTESIAN_POINT ( 'NONE',  ( -12.92708333333333925, -3.891081661062337549, 5.500000000000001776 ) ) ;
#2608 = CARTESIAN_POINT ( 'NONE',  ( -13.85940119971775530, -3.518421718065902759, 1.701175836637916605 ) ) ;
#2609 = CARTESIAN_POINT ( 'NONE',  ( -4.749999999999999112, -10.39230484541326760, 3.000000000000000444 ) ) ;
#2610 = CONICAL_SURFACE ( 'NONE', #2442, 1.249999999999999334, 1.029744258676653645 ) ;
#2611 = ORIENTED_EDGE ( 'NONE', *, *, #582, .F. ) ;
#2612 = CARTESIAN_POINT ( 'NONE',  ( 10.42094157583376912, -10.08445281530569027, 1.500000000000010436 ) ) ;
#2613 = DIRECTION ( 'NONE',  ( -1.000000000000000000, 0.0000000000000000000, 0.0000000000000000000 ) ) ;
#2614 = VERTEX_POINT ( 'NONE', #1363 ) ;
#2615 = AXIS2_PLACEMENT_3D ( 'NONE', #732, #2099, #296 ) ;
#2616 = ORIENTED_EDGE ( 'NONE', *, *, #918, .F. ) ;
#2617 = EDGE_CURVE ( 'NONE', #2494, #2506, #211, .T. ) ;
#2618 = VERTEX_POINT ( 'NONE', #2600 ) ;
#2619 = LINE ( 'NONE', #2209, #21 ) ;
#2620 = FACE_OUTER_BOUND ( 'NONE', #2275, .T. ) ;
#2621 = ORIENTED_EDGE ( 'NONE', *, *, #102, .F. ) ;
#2622 = AXIS2_PLACEMENT_3D ( 'NONE', #160, #369, #2123 ) ;
#2623 = CYLINDRICAL_SURFACE ( 'NONE', #791, 1.249999999999994227 ) ;
#2624 = CARTESIAN_POINT ( 'NONE',  ( -13.82289287637246744, -3.439182530096707158, 1.755807441453359319 ) ) ;
#2625 = AXIS2_PLACEMENT_3D ( 'NONE', #683, #48, #485 ) ;
#2626 = CARTESIAN_POINT ( 'NONE',  ( -1.850000000000001199, 23.00000000000000000, 11.89999999999999858 ) ) ;
#2627 = ORIENTED_EDGE ( 'NONE', *, *, #500, .F. ) ;
#2628 = LINE ( 'NONE', #553, #54 ) ;
#2629 = EDGE_LOOP ( 'NONE', ( #17, #1943, #1701, #2141 ) ) ;
#2630 = VERTEX_POINT ( 'NONE', #155 ) ;
#2631 = CARTESIAN_POINT ( 'NONE',  ( -7.029506646878550313, 10.89272795789694470, 0.4999999999999987232 ) ) ;
#2632 = DIRECTION ( 'NONE',  ( 0.0000000000000000000, 0.0000000000000000000, 1.000000000000000000 ) ) ;
#2633 = ORIENTED_EDGE ( 'NONE', *, *, #2564, .T. ) ;
#2634 = VECTOR ( 'NONE', #1481, 1000.000000000000114 ) ;
#2635 = DIRECTION ( 'NONE',  ( -0.0000000000000000000, -0.0000000000000000000, -1.000000000000000000 ) ) ;
#2636 = LINE ( 'NONE', #405, #1970 ) ;
#2637 = ADVANCED_FACE ( 'NONE', ( #1177 ), #396, .T. ) ;
#2638 = CARTESIAN_POINT ( 'NONE',  ( -6.989878284884515125, 20.64978448275862988, 5.000000000000000000 ) ) ;
#2639 = ADVANCED_FACE ( 'NONE', ( #2411 ), #2293, .F. ) ;
ENDSEC;
END-ISO-10303-21;
