ISO-10303-21;
HEADER;
FILE_DESCRIPTION (( 'STEP AP214' ),
    '1' );
FILE_NAME ('îÓ½ð¿ì²ð.step',
    '2026-09-01T11:02:58',
    ( '' ),
    ( '' ),
    'SwSTEP 2.0',
    'SolidWorks 2024',
    '' );
FILE_SCHEMA (( 'AUTOMOTIVE_DESIGN' ));
ENDSEC;

DATA;
#1 = ORIENTED_EDGE ( 'NONE', *, *, #86, .T. ) ;
#2 = ORIENTED_EDGE ( 'NONE', *, *, #5078, .T. ) ;
#3 = DIRECTION ( 'NONE',  ( 0.0000000000000000000, 0.0000000000000000000, 1.000000000000000000 ) ) ;
#4 = DIRECTION ( 'NONE',  ( -3.942553354492771634E-17, 1.000000000000000000, 1.375941746847399406E-31 ) ) ;
#5 = CARTESIAN_POINT ( 'NONE',  ( -9.500000000000017764, 3.999999999999999112, 4.500000000000054179 ) ) ;
#6 = CIRCLE ( 'NONE', #2506, 2.100000000000001865 ) ;
#7 = EDGE_LOOP ( 'NONE', ( #3880, #1913, #178, #4883 ) ) ;
#8 = FACE_OUTER_BOUND ( 'NONE', #1622, .T. ) ;
#9 = EDGE_CURVE ( 'NONE', #3641, #3721, #2627, .T. ) ;
#10 = LINE ( 'NONE', #3983, #662 ) ;
#11 = LINE ( 'NONE', #1682, #1941 ) ;
#12 = FACE_OUTER_BOUND ( 'NONE', #2591, .T. ) ;
#13 = ORIENTED_EDGE ( 'NONE', *, *, #5144, .F. ) ;
#14 = DIRECTION ( 'NONE',  ( -1.000000000000000000, 0.0000000000000000000, 9.599093154917612719E-18 ) ) ;
#15 = ORIENTED_EDGE ( 'NONE', *, *, #4850, .F. ) ;
#16 = CARTESIAN_POINT ( 'NONE',  ( -6.999999999999994671, -21.50000000000000000, 0.0000000000000000000 ) ) ;
#17 = CARTESIAN_POINT ( 'NONE',  ( -24.50000000000009948, 21.50000000000000000, 27.89999999999999147 ) ) ;
#18 = AXIS2_PLACEMENT_3D ( 'NONE', #552, #1309, #3288 ) ;
#19 = CARTESIAN_POINT ( 'NONE',  ( 9.500000000000001776, -21.50000000000000000, -3.135613839750379111E-14 ) ) ;
#20 = CIRCLE ( 'NONE', #3454, 1.000000000000000000 ) ;
#21 = ORIENTED_EDGE ( 'NONE', *, *, #1558, .F. ) ;
#22 = FACE_OUTER_BOUND ( 'NONE', #1772, .T. ) ;
#23 = VERTEX_POINT ( 'NONE', #2953 ) ;
#24 = AXIS2_PLACEMENT_3D ( 'NONE', #2820, #584, #1600 ) ;
#25 = CARTESIAN_POINT ( 'NONE',  ( 9.500000000000001776, -21.50000000000000000, -3.135613839750379111E-14 ) ) ;
#26 = ORIENTED_EDGE ( 'NONE', *, *, #4690, .T. ) ;
#27 = ORIENTED_EDGE ( 'NONE', *, *, #307, .F. ) ;
#28 = CARTESIAN_POINT ( 'NONE',  ( -7.000000000000002665, -21.50000000000000000, 0.5000000000000004441 ) ) ;
#29 = LINE ( 'NONE', #4062, #2686 ) ;
#30 = EDGE_CURVE ( 'NONE', #4920, #4186, #2955, .T. ) ;
#31 = CARTESIAN_POINT ( 'NONE',  ( 7.500000000000053291, 23.00000000000004263, 14.90916258126163285 ) ) ;
#32 = ADVANCED_FACE ( 'NONE', ( #4157 ), #582, .F. ) ;
#33 = CARTESIAN_POINT ( 'NONE',  ( 10.00000000000009948, 21.50000000000000000, 27.39999999999999503 ) ) ;
#34 = AXIS2_PLACEMENT_3D ( 'NONE', #2170, #3770, #2905 ) ;
#35 = DIRECTION ( 'NONE',  ( 1.000000000000000000, 6.938893903907150280E-15, 0.0000000000000000000 ) ) ;
#36 = DIRECTION ( 'NONE',  ( -1.000000000000000000, 0.0000000000000000000, -3.469446951953614189E-15 ) ) ;
#37 = CARTESIAN_POINT ( 'NONE',  ( -9.500000000000083489, -16.49999999999999645, 23.40000000000005542 ) ) ;
#38 = EDGE_CURVE ( 'NONE', #815, #1047, #2311, .T. ) ;
#39 = VERTEX_POINT ( 'NONE', #335 ) ;
#40 = CARTESIAN_POINT ( 'NONE',  ( 9.500000000000097700, -22.00000000000000000, 27.39999999999999503 ) ) ;
#41 = ORIENTED_EDGE ( 'NONE', *, *, #3057, .T. ) ;
#42 = LINE ( 'NONE', #2969, #4249 ) ;
#43 = LINE ( 'NONE', #17, #4119 ) ;
#44 = DIRECTION ( 'NONE',  ( -1.000000000000000000, 0.0000000000000000000, -9.599093154917612719E-18 ) ) ;
#45 = ORIENTED_EDGE ( 'NONE', *, *, #933, .F. ) ;
#46 = CARTESIAN_POINT ( 'NONE',  ( 6.499999999999997335, 23.50000000000000000, -2.499999999999998668 ) ) ;
#47 = ORIENTED_EDGE ( 'NONE', *, *, #4729, .F. ) ;
#48 = ADVANCED_FACE ( 'NONE', ( #4335 ), #2290, .F. ) ;
#49 = EDGE_LOOP ( 'NONE', ( #1443, #3218, #1727 ) ) ;
#50 = ORIENTED_EDGE ( 'NONE', *, *, #3550, .F. ) ;
#51 = VERTEX_POINT ( 'NONE', #386 ) ;
#52 = DIRECTION ( 'NONE',  ( -0.0000000000000000000, -0.0000000000000000000, 1.000000000000000000 ) ) ;
#53 = CARTESIAN_POINT ( 'NONE',  ( 9.500000000000049738, -2.999999999999999556, 22.39999999999999147 ) ) ;
#54 = DIRECTION ( 'NONE',  ( 0.0000000000000000000, 1.000000000000000000, 0.0000000000000000000 ) ) ;
#55 = DIRECTION ( 'NONE',  ( -1.000000000000000000, 0.0000000000000000000, 3.481882245688216137E-15 ) ) ;
#56 = CARTESIAN_POINT ( 'NONE',  ( -24.50000000000018119, -3.000000000000000888, 5.500000000000105693 ) ) ;
#57 = CARTESIAN_POINT ( 'NONE',  ( -9.500000000000017764, -16.49999999999999645, 4.500000000000050626 ) ) ;
#58 = DIRECTION ( 'NONE',  ( 3.481882245688215743E-15, 2.748692399616089423E-31, -1.000000000000000000 ) ) ;
#59 = DIRECTION ( 'NONE',  ( 3.469446951953611033E-15, 0.0000000000000000000, -1.000000000000000000 ) ) ;
#60 = VECTOR ( 'NONE', #1213, 1000.000000000000000 ) ;
#61 = EDGE_CURVE ( 'NONE', #2629, #315, #5067, .T. ) ;
#62 = VECTOR ( 'NONE', #3640, 1000.000000000000000 ) ;
#63 = ORIENTED_EDGE ( 'NONE', *, *, #299, .F. ) ;
#64 = CARTESIAN_POINT ( 'NONE',  ( 10.00000000000009237, 21.50000000000000000, 14.90916258126162397 ) ) ;
#65 = ORIENTED_EDGE ( 'NONE', *, *, #2280, .F. ) ;
#66 = PLANE ( 'NONE',  #2914 ) ;
#67 = DIRECTION ( 'NONE',  ( -1.000000000000000000, 0.0000000000000000000, 0.0000000000000000000 ) ) ;
#68 = CARTESIAN_POINT ( 'NONE',  ( -6.499999999999998224, 25.50000000000003553, -11.99999999999999289 ) ) ;
#69 = LINE ( 'NONE', #2864, #5048 ) ;
#70 = AXIS2_PLACEMENT_3D ( 'NONE', #4901, #4452, #2102 ) ;
#71 = AXIS2_PLACEMENT_3D ( 'NONE', #600, #2210, #217 ) ;
#72 = AXIS2_PLACEMENT_3D ( 'NONE', #2005, #4412, #2411 ) ;
#73 = ORIENTED_EDGE ( 'NONE', *, *, #3017, .F. ) ;
#74 = DIRECTION ( 'NONE',  ( 0.0000000000000000000, 3.491481338843134144E-15, 1.000000000000000000 ) ) ;
#75 = ORIENTED_EDGE ( 'NONE', *, *, #1259, .T. ) ;
#76 = EDGE_CURVE ( 'NONE', #4911, #1671, #4290, .T. ) ;
#77 = AXIS2_PLACEMENT_3D ( 'NONE', #2021, #3223, #4847 ) ;
#78 = ORIENTED_EDGE ( 'NONE', *, *, #1304, .T. ) ;
#79 = ORIENTED_EDGE ( 'NONE', *, *, #1255, .F. ) ;
#80 = VERTEX_POINT ( 'NONE', #3130 ) ;
#81 = PLANE ( 'NONE',  #4668 ) ;
#82 = FACE_OUTER_BOUND ( 'NONE', #4725, .T. ) ;
#83 = LINE ( 'NONE', #927, #4841 ) ;
#84 = DIRECTION ( 'NONE',  ( -1.000000000000000000, 1.208020574436438142E-29, 3.481882245688216137E-15 ) ) ;
#85 = CARTESIAN_POINT ( 'NONE',  ( -24.50000000000011724, -16.49999999999999645, 23.40000000000010871 ) ) ;
#86 = EDGE_CURVE ( 'NONE', #2842, #1350, #1199, .T. ) ;
#87 = CARTESIAN_POINT ( 'NONE',  ( -9.500000000000083489, 16.49999999999999645, 23.40000000000005898 ) ) ;
#88 = DIRECTION ( 'NONE',  ( -0.0000000000000000000, -0.0000000000000000000, 1.000000000000000000 ) ) ;
#89 = ORIENTED_EDGE ( 'NONE', *, *, #224, .T. ) ;
#90 = SURFACE_SIDE_STYLE ('',( #1684 ) ) ;
#91 = CIRCLE ( 'NONE', #3438, 1.000000000000000000 ) ;
#92 = VERTEX_POINT ( 'NONE', #4727 ) ;
#93 = ORIENTED_EDGE ( 'NONE', *, *, #3551, .F. ) ;
#94 = DIRECTION ( 'NONE',  ( 0.0000000000000000000, -1.000000000000000000, -3.469446951953612611E-15 ) ) ;
#95 = ORIENTED_EDGE ( 'NONE', *, *, #9, .T. ) ;
#96 = LINE ( 'NONE', #2802, #994 ) ;
#97 = CARTESIAN_POINT ( 'NONE',  ( -9.500000000000003553, 21.50000000000000000, 0.4999999999999917843 ) ) ;
#98 = CARTESIAN_POINT ( 'NONE',  ( -7.500000000000047962, 2.999999999999999112, 5.500000000000047962 ) ) ;
#99 = CARTESIAN_POINT ( 'NONE',  ( -9.500000000000049738, -17.49999999999999645, 5.500000000000051514 ) ) ;
#100 = VERTEX_POINT ( 'NONE', #1123 ) ;
#101 = EDGE_CURVE ( 'NONE', #3169, #1805, #2034, .T. ) ;
#102 = ORIENTED_EDGE ( 'NONE', *, *, #359, .F. ) ;
#103 = CARTESIAN_POINT ( 'NONE',  ( -24.50000000000009948, 21.50000000000000000, 29.89999999999998792 ) ) ;
#104 = VERTEX_POINT ( 'NONE', #1143 ) ;
#105 = VECTOR ( 'NONE', #3936, 1000.000000000000000 ) ;
#106 = ADVANCED_FACE ( 'NONE', ( #1977 ), #2724, .T. ) ;
#107 = ORIENTED_EDGE ( 'NONE', *, *, #1792, .F. ) ;
#108 = ORIENTED_EDGE ( 'NONE', *, *, #369, .T. ) ;
#109 = ORIENTED_EDGE ( 'NONE', *, *, #4815, .T. ) ;
#110 = AXIS2_PLACEMENT_3D ( 'NONE', #4068, #88, #487 ) ;
#111 = FACE_OUTER_BOUND ( 'NONE', #2201, .T. ) ;
#112 = EDGE_CURVE ( 'NONE', #1671, #2063, #2338, .T. ) ;
#113 = CARTESIAN_POINT ( 'NONE',  ( 9.500000000000078160, 16.49999999999999645, 22.39999999999999147 ) ) ;
#114 = DIRECTION ( 'NONE',  ( 1.000000000000000000, 0.0000000000000000000, 0.0000000000000000000 ) ) ;
#115 = DIRECTION ( 'NONE',  ( -1.000000000000000000, 2.017120320903264257E-17, 3.481882245688215743E-15 ) ) ;
#116 = DIRECTION ( 'NONE',  ( 1.000000000000000000, 3.942553354492771634E-17, -3.480674935616895651E-15 ) ) ;
#117 = ORIENTED_EDGE ( 'NONE', *, *, #2047, .T. ) ;
#118 = FACE_OUTER_BOUND ( 'NONE', #4474, .T. ) ;
#119 = AXIS2_PLACEMENT_3D ( 'NONE', #2120, #3717, #2413 ) ;
#120 = ORIENTED_EDGE ( 'NONE', *, *, #1918, .F. ) ;
#121 = CARTESIAN_POINT ( 'NONE',  ( -10.00000000000009948, 21.50000000000000000, 27.39999999999999503 ) ) ;
#122 = EDGE_LOOP ( 'NONE', ( #2605, #1316, #4393, #2656 ) ) ;
#123 = DIRECTION ( 'NONE',  ( 0.0000000000000000000, -1.000000000000000000, 6.938893903907222067E-15 ) ) ;
#124 = DIRECTION ( 'NONE',  ( 1.000000000000000000, -6.938893903907294642E-15, -0.0000000000000000000 ) ) ;
#125 = CARTESIAN_POINT ( 'NONE',  ( 7.500000000225623076, -23.99999999977426768, 27.62932646513406709 ) ) ;
#126 = LINE ( 'NONE', #4918, #1706 ) ;
#127 = ORIENTED_EDGE ( 'NONE', *, *, #3638, .T. ) ;
#128 = LINE ( 'NONE', #1726, #824 ) ;
#129 = ORIENTED_EDGE ( 'NONE', *, *, #1478, .F. ) ;
#130 = ORIENTED_EDGE ( 'NONE', *, *, #1327, .T. ) ;
#131 = ORIENTED_EDGE ( 'NONE', *, *, #673, .F. ) ;
#132 = ORIENTED_EDGE ( 'NONE', *, *, #2421, .T. ) ;
#133 = CARTESIAN_POINT ( 'NONE',  ( 9.500000000000099476, 21.50000000000000000, 27.89999999999999147 ) ) ;
#134 = ADVANCED_FACE ( 'NONE', ( #4754 ), #361, .F. ) ;
#135 = DIRECTION ( 'NONE',  ( 0.0000000000000000000, 0.0000000000000000000, -1.000000000000000000 ) ) ;
#136 = CARTESIAN_POINT ( 'NONE',  ( -9.500000000000101252, -22.00000000000000000, 27.39999999999999858 ) ) ;
#137 = DIRECTION ( 'NONE',  ( 1.000000000000000000, 0.0000000000000000000, 0.0000000000000000000 ) ) ;
#138 = PLANE ( 'NONE',  #985 ) ;
#139 = DIRECTION ( 'NONE',  ( 1.000000000000000000, 0.0000000000000000000, 0.0000000000000000000 ) ) ;
#140 = CARTESIAN_POINT ( 'NONE',  ( 6.500000000000000000, -23.50000000000000000, -2.000000000000000000 ) ) ;
#141 = ADVANCED_FACE ( 'NONE', ( #4704 ), #5141, .F. ) ;
#142 = EDGE_CURVE ( 'NONE', #4001, #4028, #3991, .T. ) ;
#143 = CARTESIAN_POINT ( 'NONE',  ( -24.50000000000012434, -17.49999999999999645, 22.40000000000011227 ) ) ;
#144 = EDGE_LOOP ( 'NONE', ( #2980, #1291, #1261, #4780, #1450 ) ) ;
#145 = CARTESIAN_POINT ( 'NONE',  ( -10.00000000000009948, -21.50000000000000000, 27.39999999999999503 ) ) ;
#146 = FACE_OUTER_BOUND ( 'NONE', #688, .T. ) ;
#147 = CARTESIAN_POINT ( 'NONE',  ( 8.807338558540470430, -23.48776906909935391, 28.92497447201975547 ) ) ;
#148 = DIRECTION ( 'NONE',  ( 0.0000000000000000000, 1.000000000000000000, 0.0000000000000000000 ) ) ;
#149 = VECTOR ( 'NONE', #3677, 1000.000000000000000 ) ;
#150 = VECTOR ( 'NONE', #4851, 1000.000000000000000 ) ;
#151 = ADVANCED_FACE ( 'NONE', ( #5176 ), #4681, .F. ) ;
#152 = VERTEX_POINT ( 'NONE', #3555 ) ;
#154 = CARTESIAN_POINT ( 'NONE',  ( -7.627684742571391396, -22.92338915445733605, 28.20553915567286651 ) ) ;
#153 = VECTOR ( 'NONE', #264, 1000.000000000000000 ) ;
#155 = ORIENTED_EDGE ( 'NONE', *, *, #1127, .T. ) ;
#156 = AXIS2_PLACEMENT_3D ( 'NONE', #4626, #525, #4986 ) ;
#157 = AXIS2_PLACEMENT_3D ( 'NONE', #2569, #3317, #4915 ) ;
#158 = ORIENTED_EDGE ( 'NONE', *, *, #5145, .F. ) ;
#159 = ORIENTED_EDGE ( 'NONE', *, *, #1802, .T. ) ;
#160 = ORIENTED_EDGE ( 'NONE', *, *, #3818, .T. ) ;
#161 = VERTEX_POINT ( 'NONE', #3921 ) ;
#162 = CARTESIAN_POINT ( 'NONE',  ( 7.627684742571391396, 22.92338915445733605, 28.20553915567286651 ) ) ;
#163 = VECTOR ( 'NONE', #728, 1000.000000000000000 ) ;
#164 = FACE_OUTER_BOUND ( 'NONE', #925, .T. ) ;
#165 = LINE ( 'NONE', #2105, #631 ) ;
#166 = ADVANCED_FACE ( 'NONE', ( #413 ), #2006, .T. ) ;
#167 = CARTESIAN_POINT ( 'NONE',  ( -7.500000000000001776, 21.50000000000000000, -2.437317571981751809E-14 ) ) ;
#168 = LINE ( 'NONE', #3362, #440 ) ;
#169 = DIRECTION ( 'NONE',  ( 1.000000000000000000, -0.0000000000000000000, -0.0000000000000000000 ) ) ;
#170 = DIRECTION ( 'NONE',  ( 3.481882245688215743E-15, 6.270870922116162168E-34, 1.000000000000000000 ) ) ;
#171 = ORIENTED_EDGE ( 'NONE', *, *, #5024, .T. ) ;
#172 = PLANE ( 'NONE',  #4671 ) ;
#173 = DIRECTION ( 'NONE',  ( -1.000000000000000000, 0.0000000000000000000, 0.0000000000000000000 ) ) ;
#174 = CARTESIAN_POINT ( 'NONE',  ( -10.00000000000009948, 23.99999999999999645, 27.89999999999999858 ) ) ;
#175 = DIRECTION ( 'NONE',  ( 0.0000000000000000000, 0.0000000000000000000, -1.000000000000000000 ) ) ;
#176 = ORIENTED_EDGE ( 'NONE', *, *, #4364, .T. ) ;
#177 = CARTESIAN_POINT ( 'NONE',  ( -9.607378166211711701, -22.15436972298097373, 29.83493168666593220 ) ) ;
#178 = ORIENTED_EDGE ( 'NONE', *, *, #1069, .T. ) ;
#179 = LINE ( 'NONE', #4605, #539 ) ;
#180 = EDGE_CURVE ( 'NONE', #4201, #1923, #4282, .T. ) ;
#181 = ADVANCED_FACE ( 'NONE', ( #2920 ), #1340, .F. ) ;
#182 = VERTEX_POINT ( 'NONE', #3609 ) ;
#183 = VERTEX_POINT ( 'NONE', #2117 ) ;
#184 = ORIENTED_EDGE ( 'NONE', *, *, #1888, .T. ) ;
#185 = CARTESIAN_POINT ( 'NONE',  ( 8.740952561155424405, 22.25542846330665370, 29.58446597589039939 ) ) ;
#186 = VECTOR ( 'NONE', #3050, 1000.000000000000000 ) ;
#187 = DIRECTION ( 'NONE',  ( -0.0000000000000000000, -0.0000000000000000000, 1.000000000000000000 ) ) ;
#188 = ADVANCED_FACE ( 'NONE', ( #3688 ), #914, .F. ) ;
#189 = ORIENTED_EDGE ( 'NONE', *, *, #986, .F. ) ;
#190 = VECTOR ( 'NONE', #3094, 1000.000000000000000 ) ;
#191 = ORIENTED_EDGE ( 'NONE', *, *, #343, .T. ) ;
#192 = CARTESIAN_POINT ( 'NONE',  ( 7.500000000000076383, 3.999999999999999112, 22.39999999999999858 ) ) ;
#193 = DIRECTION ( 'NONE',  ( -6.938893903907307264E-15, 1.000000000000000000, 0.0000000000000000000 ) ) ;
#194 = CARTESIAN_POINT ( 'NONE',  ( 10.00000000000009948, -21.50000000000000000, 27.39999999999999503 ) ) ;
#195 = AXIS2_PLACEMENT_3D ( 'NONE', #1803, #280, #1075 ) ;
#196 = AXIS2_PLACEMENT_3D ( 'NONE', #787, #1926, #2361 ) ;
#197 = EDGE_CURVE ( 'NONE', #2389, #2004, #3037, .T. ) ;
#198 = DIRECTION ( 'NONE',  ( 1.000000000000000000, -6.938893903907294642E-15, 0.0000000000000000000 ) ) ;
#199 = VERTEX_POINT ( 'NONE', #97 ) ;
#200 = VECTOR ( 'NONE', #2994, 1000.000000000000000 ) ;
#201 = FACE_OUTER_BOUND ( 'NONE', #3291, .T. ) ;
#202 = PLANE ( 'NONE',  #1773 ) ;
#203 = CARTESIAN_POINT ( 'NONE',  ( 24.50000000000009948, 21.50000000000000000, 29.89999999999998792 ) ) ;
#204 = DIRECTION ( 'NONE',  ( -9.599093154917612719E-18, 0.0000000000000000000, 1.000000000000000000 ) ) ;
#205 = AXIS2_PLACEMENT_3D ( 'NONE', #5172, #2830, #2779 ) ;
#206 = ORIENTED_EDGE ( 'NONE', *, *, #2416, .T. ) ;
#207 = DIRECTION ( 'NONE',  ( 0.0000000000000000000, 0.0000000000000000000, 1.000000000000000000 ) ) ;
#208 = EDGE_LOOP ( 'NONE', ( #2009, #3928, #1548, #2755, #13, #4387, #2790, #3583 ) ) ;
#209 = DIRECTION ( 'NONE',  ( -0.0000000000000000000, -0.0000000000000000000, 1.000000000000000000 ) ) ;
#210 = ORIENTED_EDGE ( 'NONE', *, *, #1239, .F. ) ;
#211 = ORIENTED_EDGE ( 'NONE', *, *, #2803, .T. ) ;
#212 = DIRECTION ( 'NONE',  ( -1.000000000000000000, 0.0000000000000000000, -3.481882245688216531E-15 ) ) ;
#213 = DIRECTION ( 'NONE',  ( -0.0000000000000000000, -1.000000000000000000, -0.0000000000000000000 ) ) ;
#214 = ORIENTED_EDGE ( 'NONE', *, *, #3133, .T. ) ;
#215 = PLANE ( 'NONE',  #4242 ) ;
#216 = DIRECTION ( 'NONE',  ( -1.000000000000000000, 0.0000000000000000000, -0.0000000000000000000 ) ) ;
#217 = DIRECTION ( 'NONE',  ( 0.0000000000000000000, 0.0000000000000000000, 1.000000000000000000 ) ) ;
#218 = VERTEX_POINT ( 'NONE', #4526 ) ;
#219 = DIRECTION ( 'NONE',  ( 0.0000000000000000000, 1.000000000000000000, 3.391901413832837590E-15 ) ) ;
#220 = ORIENTED_EDGE ( 'NONE', *, *, #2975, .T. ) ;
#221 = FACE_OUTER_BOUND ( 'NONE', #4069, .T. ) ;
#222 = LINE ( 'NONE', #3419, #870 ) ;
#223 = CARTESIAN_POINT ( 'NONE',  ( 8.576610845542790074, -23.87231525742872051, 28.20553915567283454 ) ) ;
#224 = EDGE_CURVE ( 'NONE', #3904, #3509, #4374, .T. ) ;
#225 = DIRECTION ( 'NONE',  ( 0.0000000000000000000, 1.000000000000000000, 0.0000000000000000000 ) ) ;
#226 = EDGE_LOOP ( 'NONE', ( #4991, #4357, #1, #1858 ) ) ;
#227 = CARTESIAN_POINT ( 'NONE',  ( -9.803615063309807809, -21.82730822782123781, 29.89999999999999147 ) ) ;
#228 = ORIENTED_EDGE ( 'NONE', *, *, #3892, .T. ) ;
#229 = LINE ( 'NONE', #4972, #2128 ) ;
#230 = VECTOR ( 'NONE', #430, 1000.000000000000000 ) ;
#231 = VECTOR ( 'NONE', #2440, 1000.000000000000000 ) ;
#232 = VECTOR ( 'NONE', #1543, 1000.000000000000000 ) ;
#233 = ORIENTED_EDGE ( 'NONE', *, *, #3032, .F. ) ;
#234 = EDGE_CURVE ( 'NONE', #610, #2883, #43, .T. ) ;
#235 = DIRECTION ( 'NONE',  ( -1.000000000000000000, 2.017120320903264257E-17, 3.481882245688215743E-15 ) ) ;
#236 = ORIENTED_EDGE ( 'NONE', *, *, #426, .T. ) ;
#237 = CARTESIAN_POINT ( 'NONE',  ( 8.500000000000101252, -24.00000000000000000, 27.40000000000000213 ) ) ;
#238 = DIRECTION ( 'NONE',  ( -3.481882245688215743E-15, -2.748692399616089423E-31, 1.000000000000000000 ) ) ;
#239 = AXIS2_PLACEMENT_3D ( 'NONE', #3965, #2852, #2828 ) ;
#240 = ORIENTED_EDGE ( 'NONE', *, *, #1381, .F. ) ;
#241 = ORIENTED_EDGE ( 'NONE', *, *, #1632, .T. ) ;
#242 = EDGE_CURVE ( 'NONE', #1575, #4099, #2428, .T. ) ;
#243 = AXIS2_PLACEMENT_3D ( 'NONE', #1795, #4962, #2215 ) ;
#244 =( BOUNDED_CURVE ( )  B_SPLINE_CURVE ( 3, ( #2301, #3907, #319, #1916 ),
 .UNSPECIFIED., .F., .F. ) 
 B_SPLINE_CURVE_WITH_KNOTS ( ( 4, 4 ),
 ( 4.712388980384689674, 6.283185307179583567 ),
 .UNSPECIFIED. ) 
 CURVE ( )  GEOMETRIC_REPRESENTATION_ITEM ( )  RATIONAL_B_SPLINE_CURVE ( ( 1.000000000000000000, 0.8047378541243649375, 0.8047378541243649375, 1.000000000000000000 ) ) 
 REPRESENTATION_ITEM ( '' )  );
#245 = LINE ( 'NONE', #2230, #4997 ) ;
#246 = LINE ( 'NONE', #3782, #4702 ) ;
#247 = DIRECTION ( 'NONE',  ( 1.000000000000000000, 0.0000000000000000000, 0.0000000000000000000 ) ) ;
#248 = FACE_OUTER_BOUND ( 'NONE', #2930, .T. ) ;
#249 = ORIENTED_EDGE ( 'NONE', *, *, #180, .T. ) ;
#250 = CARTESIAN_POINT ( 'NONE',  ( -7.752917594872404727, 22.84824944307654704, 28.50787800615263734 ) ) ;
#251 = CARTESIAN_POINT ( 'NONE',  ( 7.500000000000098588, 21.50000000000000000, 27.89999999999999858 ) ) ;
#252 = DIRECTION ( 'NONE',  ( -1.000000000000000000, 0.0000000000000000000, 0.0000000000000000000 ) ) ;
#253 = FACE_OUTER_BOUND ( 'NONE', #3273, .T. ) ;
#254 = EDGE_CURVE ( 'NONE', #182, #2096, #856, .T. ) ;
#255 = VERTEX_POINT ( 'NONE', #3658 ) ;
#256 = DIRECTION ( 'NONE',  ( -0.0000000000000000000, 1.000000000000000000, 3.469446951953613006E-15 ) ) ;
#257 = ORIENTED_EDGE ( 'NONE', *, *, #3574, .F. ) ;
#258 = CARTESIAN_POINT ( 'NONE',  ( 9.500000000000023093, -16.49999999999999645, 5.499999999999985789 ) ) ;
#259 = AXIS2_PLACEMENT_3D ( 'NONE', #3562, #4812, #4761 ) ;
#260 = ADVANCED_FACE ( 'NONE', ( #437 ), #4439, .F. ) ;
#261 = ORIENTED_EDGE ( 'NONE', *, *, #4194, .F. ) ;
#262 = DIRECTION ( 'NONE',  ( -0.0000000000000000000, -0.0000000000000000000, 1.000000000000000000 ) ) ;
#263 = EDGE_LOOP ( 'NONE', ( #4295, #2565, #2190 ) ) ;
#264 = DIRECTION ( 'NONE',  ( -0.0000000000000000000, 3.469446951953614189E-15, -1.000000000000000000 ) ) ;
#265 = DIRECTION ( 'NONE',  ( -3.481882245688215743E-15, 3.191094078709388170E-34, -1.000000000000000000 ) ) ;
#266 = ORIENTED_EDGE ( 'NONE', *, *, #3853, .F. ) ;
#267 = DIRECTION ( 'NONE',  ( -3.481882245688216531E-15, 0.0000000000000000000, 1.000000000000000000 ) ) ;
#268 = DIRECTION ( 'NONE',  ( -1.000000000000000000, 2.017120320903264257E-17, 3.481882245688215743E-15 ) ) ;
#269 = FACE_OUTER_BOUND ( 'NONE', #4149, .T. ) ;
#270 = AXIS2_PLACEMENT_3D ( 'NONE', #297, #2775, #3915 ) ;
#271 = CARTESIAN_POINT ( 'NONE',  ( -24.50000000000012434, 2.999999999999998668, 22.40000000000011227 ) ) ;
#272 = ORIENTED_EDGE ( 'NONE', *, *, #2534, .T. ) ;
#273 = CARTESIAN_POINT ( 'NONE',  ( -8.740952561155820533, 22.25542846330665370, 29.58446597589056637 ) ) ;
#274 = CARTESIAN_POINT ( 'NONE',  ( 10.00000000000061284, -24.00000000000009592, 2.657236411330076761E-13 ) ) ;
#275 = PLANE ( 'NONE',  #754 ) ;
#276 = VECTOR ( 'NONE', #1144, 1000.000000000000000 ) ;
#277 = ORIENTED_EDGE ( 'NONE', *, *, #1696, .F. ) ;
#278 = DIRECTION ( 'NONE',  ( 1.000000000000000000, 0.0000000000000000000, 0.0000000000000000000 ) ) ;
#279 = ORIENTED_EDGE ( 'NONE', *, *, #76, .T. ) ;
#280 = DIRECTION ( 'NONE',  ( -0.0000000000000000000, -1.000000000000000000, -0.0000000000000000000 ) ) ;
#281 = EDGE_CURVE ( 'NONE', #1351, #5070, #1689, .T. ) ;
#282 = ORIENTED_EDGE ( 'NONE', *, *, #4475, .F. ) ;
#283 = CIRCLE ( 'NONE', #2784, 0.9999999999999985567 ) ;
#284 = CARTESIAN_POINT ( 'NONE',  ( -7.500000000000001776, 2.999999999999999556, -2.437317571981751809E-14 ) ) ;
#285 = ORIENTED_EDGE ( 'NONE', *, *, #4259, .T. ) ;
#286 = PLANE ( 'NONE',  #1492 ) ;
#287 = EDGE_CURVE ( 'NONE', #3748, #3272, #2740, .T. ) ;
#288 = DIRECTION ( 'NONE',  ( -3.469446951953614189E-15, 0.0000000000000000000, -1.000000000000000000 ) ) ;
#289 = ORIENTED_EDGE ( 'NONE', *, *, #4285, .F. ) ;
#290 = EDGE_LOOP ( 'NONE', ( #3945, #2419, #3437, #476 ) ) ;
#291 = EDGE_CURVE ( 'NONE', #1080, #4263, #524, .T. ) ;
#292 = LINE ( 'NONE', #3065, #4408 ) ;
#293 = CARTESIAN_POINT ( 'NONE',  ( 7.500000000000016875, -1.088034701095225089E-15, 4.499999999999994671 ) ) ;
#294 = CARTESIAN_POINT ( 'NONE',  ( -9.500000000000001776, 2.999999999999999112, -3.135613839750379111E-14 ) ) ;
#295 = FACE_OUTER_BOUND ( 'NONE', #473, .T. ) ;
#296 = CARTESIAN_POINT ( 'NONE',  ( -9.607378166211484327, 22.15436972298097373, 29.83493168666593220 ) ) ;
#297 = CARTESIAN_POINT ( 'NONE',  ( 7.000000000000002665, -21.50000000000000000, 0.5000000000000004441 ) ) ;
#298 = FACE_OUTER_BOUND ( 'NONE', #868, .T. ) ;
#299 = EDGE_CURVE ( 'NONE', #4634, #520, #2465, .T. ) ;
#300 = EDGE_LOOP ( 'NONE', ( #5056, #4562, #1702, #2977 ) ) ;
#301 = ADVANCED_FACE ( 'NONE', ( #3264 ), #4132, .T. ) ;
#302 = FACE_OUTER_BOUND ( 'NONE', #2799, .T. ) ;
#303 = CARTESIAN_POINT ( 'NONE',  ( 24.50000000000009948, 21.50000000000000000, 29.89999999999998792 ) ) ;
#304 = DIRECTION ( 'NONE',  ( 1.000000000000000000, 3.942553354492771634E-17, -3.480674935616895651E-15 ) ) ;
#305 = ADVANCED_FACE ( 'NONE', ( #4076 ), #2091, .F. ) ;
#306 = ORIENTED_EDGE ( 'NONE', *, *, #4795, .T. ) ;
#307 = EDGE_CURVE ( 'NONE', #3741, #2179, #3318, .T. ) ;
#308 = CARTESIAN_POINT ( 'NONE',  ( 10.00000000000061284, -24.00000000000009592, 2.657236411330076761E-13 ) ) ;
#309 = VERTEX_POINT ( 'NONE', #938 ) ;
#310 = CARTESIAN_POINT ( 'NONE',  ( 9.345630277019315812, 21.89262183378861337, 29.83493168666601036 ) ) ;
#311 = CARTESIAN_POINT ( 'NONE',  ( 10.00000000000033928, -24.00000000000003908, 14.89999999999999147 ) ) ;
#312 = EDGE_CURVE ( 'NONE', #100, #3158, #3365, .T. ) ;
#313 = AXIS2_PLACEMENT_3D ( 'NONE', #3472, #1065, #704 ) ;
#314 = AXIS2_PLACEMENT_3D ( 'NONE', #4215, #4482, #638 ) ;
#315 = VERTEX_POINT ( 'NONE', #2145 ) ;
#316 = ADVANCED_FACE ( 'NONE', ( #4151 ), #3738, .T. ) ;
#317 = LINE ( 'NONE', #3516, #5075 ) ;
#318 = AXIS2_PLACEMENT_3D ( 'NONE', #562, #2932, #1704 ) ;
#319 = CARTESIAN_POINT ( 'NONE',  ( -8.500000000000101252, 24.00000000000000000, 28.86446609406726083 ) ) ;
#320 = EDGE_CURVE ( 'NONE', #433, #4604, #4550, .T. ) ;
#321 = FACE_OUTER_BOUND ( 'NONE', #1837, .T. ) ;
#322 = EDGE_LOOP ( 'NONE', ( #3586, #2367, #4317, #1963 ) ) ;
#323 = AXIS2_PLACEMENT_3D ( 'NONE', #1763, #1006, #1359 ) ;
#324 = CIRCLE ( 'NONE', #1344, 1.000000000000000888 ) ;
#325 = EDGE_CURVE ( 'NONE', #3918, #104, #4180, .T. ) ;
#326 = ADVANCED_FACE ( 'NONE', ( #146 ), #3392, .T. ) ;
#327 = DIRECTION ( 'NONE',  ( 1.000000000000000000, 3.942553354492771634E-17, -3.480674935616895651E-15 ) ) ;
#328 = CYLINDRICAL_SURFACE ( 'NONE', #3326, 0.9999999999999974465 ) ;
#329 = FACE_OUTER_BOUND ( 'NONE', #5005, .T. ) ;
#330 = CARTESIAN_POINT ( 'NONE',  ( -8.500000000000103029, -23.99999999999999289, 28.86446609406726793 ) ) ;
#331 = AXIS2_PLACEMENT_3D ( 'NONE', #538, #512, #2104 ) ;
#332 = ORIENTED_EDGE ( 'NONE', *, *, #3757, .F. ) ;
#333 = ORIENTED_EDGE ( 'NONE', *, *, #1855, .F. ) ;
#334 = DIRECTION ( 'NONE',  ( 1.000000000000000000, -2.017120320903264257E-17, -3.481882245688215743E-15 ) ) ;
#335 = CARTESIAN_POINT ( 'NONE',  ( 10.00000000000010836, -22.00000000000000000, 27.39999999999999858 ) ) ;
#336 = DIRECTION ( 'NONE',  ( 1.000000000000000000, 3.942553354492771634E-17, -3.480674935616895651E-15 ) ) ;
#337 = UNCERTAINTY_MEASURE_WITH_UNIT (LENGTH_MEASURE( 1.000000000000000082E-05 ), #2813, 'distance_accuracy_value', 'NONE');
#338 = EDGE_LOOP ( 'NONE', ( #1496, #4708, #4127, #555 ) ) ;
#339 = DIRECTION ( 'NONE',  ( 1.841475689883071491E-14, -3.469446951953612611E-15, -1.000000000000000000 ) ) ;
#340 = VERTEX_POINT ( 'NONE', #4941 ) ;
#341 = DIRECTION ( 'NONE',  ( -1.000000000000000000, 0.0000000000000000000, 0.0000000000000000000 ) ) ;
#342 = CARTESIAN_POINT ( 'NONE',  ( -6.499999999999997335, -23.50000000000003553, -11.99999999999983658 ) ) ;
#343 = EDGE_CURVE ( 'NONE', #782, #1196, #3788, .T. ) ;
#344 = ORIENTED_EDGE ( 'NONE', *, *, #3551, .T. ) ;
#345 = EDGE_LOOP ( 'NONE', ( #3219, #4511, #3385, #4973 ) ) ;
#346 = CARTESIAN_POINT ( 'NONE',  ( -10.00000000000009948, 21.50000000000000000, 27.39999999999999503 ) ) ;
#347 = LINE ( 'NONE', #3143, #3949 ) ;
#348 = DIRECTION ( 'NONE',  ( 1.000000000000000000, -1.734723475976808672E-15, 0.0000000000000000000 ) ) ;
#349 = EDGE_CURVE ( 'NONE', #1425, #2255, #1066, .T. ) ;
#350 = CYLINDRICAL_SURFACE ( 'NONE', #656, 0.4999999999999970024 ) ;
#351 = CARTESIAN_POINT ( 'NONE',  ( 10.00000000000010836, -21.50000000000000000, 29.89999999999999503 ) ) ;
#352 = CARTESIAN_POINT ( 'NONE',  ( 0.0000000000000000000, 25.49999999999999645, 8.851496604859618753E-14 ) ) ;
#353 = LINE ( 'NONE', #4277, #1499 ) ;
#354 = ADVANCED_FACE ( 'NONE', ( #4573 ), #202, .T. ) ;
#355 = VECTOR ( 'NONE', #573, 1000.000000000000000 ) ;
#356 = CARTESIAN_POINT ( 'NONE',  ( -2.000000000000002220, -13.99999999999999822, -12.00000000000000000 ) ) ;
#357 = ORIENTED_EDGE ( 'NONE', *, *, #1240, .T. ) ;
#358 = VECTOR ( 'NONE', #2078, 1000.000000000000000 ) ;
#359 = EDGE_CURVE ( 'NONE', #3813, #3186, #2216, .T. ) ;
#360 = DIRECTION ( 'NONE',  ( -1.000000000000000000, 0.0000000000000000000, -0.0000000000000000000 ) ) ;
#361 = PLANE ( 'NONE',  #2860 ) ;
#362 = FACE_OUTER_BOUND ( 'NONE', #1246, .T. ) ;
#363 = EDGE_CURVE ( 'NONE', #2247, #152, #1860, .T. ) ;
#364 = AXIS2_PLACEMENT_3D ( 'NONE', #1396, #3478, #2978 ) ;
#365 = VECTOR ( 'NONE', #1100, 1000.000000000000000 ) ;
#366 = VERTEX_POINT ( 'NONE', #1365 ) ;
#367 = CARTESIAN_POINT ( 'NONE',  ( 7.000000000000002665, 21.50000000000000000, 0.5000000000000004441 ) ) ;
#368 = VERTEX_POINT ( 'NONE', #3347 ) ;
#369 = EDGE_CURVE ( 'NONE', #2018, #4912, #3021, .T. ) ;
#370 = CARTESIAN_POINT ( 'NONE',  ( 7.000000000000002665, 21.50000000000000000, -2.000000000000000000 ) ) ;
#371 = CARTESIAN_POINT ( 'NONE',  ( 0.0000000000000000000, -17.50000000000000000, -2.000000000000000000 ) ) ;
#372 = VECTOR ( 'NONE', #2972, 1000.000000000000000 ) ;
#373 = VERTEX_POINT ( 'NONE', #2238 ) ;
#374 = ORIENTED_EDGE ( 'NONE', *, *, #2016, .F. ) ;
#375 = DIRECTION ( 'NONE',  ( -1.000000000000000000, -0.0000000000000000000, -0.0000000000000000000 ) ) ;
#376 = DIRECTION ( 'NONE',  ( -0.0000000000000000000, -1.000000000000000000, -0.0000000000000000000 ) ) ;
#377 = DIRECTION ( 'NONE',  ( 0.0000000000000000000, -1.000000000000000000, -3.469446951953614189E-15 ) ) ;
#378 = CARTESIAN_POINT ( 'NONE',  ( -2.000000000000002220, 13.00000000000000000, -12.00000000000000000 ) ) ;
#379 = DIRECTION ( 'NONE',  ( 5.337610695313251385E-16, 0.0000000000000000000, -1.000000000000000000 ) ) ;
#380 = DIRECTION ( 'NONE',  ( 0.0000000000000000000, -1.000000000000000000, -3.469446951953612611E-15 ) ) ;
#381 = DIRECTION ( 'NONE',  ( 0.0000000000000000000, 1.000000000000000000, 0.0000000000000000000 ) ) ;
#382 = CARTESIAN_POINT ( 'NONE',  ( -9.500000000000101252, 21.50000000000000000, 27.89999999999999147 ) ) ;
#383 = ORIENTED_EDGE ( 'NONE', *, *, #2691, .T. ) ;
#384 = EDGE_CURVE ( 'NONE', #100, #4790, #3842, .T. ) ;
#385 = DIRECTION ( 'NONE',  ( 0.0000000000000000000, -1.000000000000000000, 0.0000000000000000000 ) ) ;
#386 = CARTESIAN_POINT ( 'NONE',  ( -24.50000000000009948, -22.00000000000003908, 14.89999999999998437 ) ) ;
#387 = CARTESIAN_POINT ( 'NONE',  ( -7.500000000000001776, 21.50000000000000000, -2.437317571981751809E-14 ) ) ;
#388 = ADVANCED_FACE ( 'NONE', ( #4624 ), #604, .F. ) ;
#389 = ORIENTED_EDGE ( 'NONE', *, *, #986, .T. ) ;
#390 = ORIENTED_EDGE ( 'NONE', *, *, #918, .T. ) ;
#391 = CARTESIAN_POINT ( 'NONE',  ( 10.00000000000033928, -24.00000000000004263, 14.89999999999999147 ) ) ;
#392 = EDGE_CURVE ( 'NONE', #905, #1560, #4619, .T. ) ;
#393 = ORIENTED_EDGE ( 'NONE', *, *, #1952, .T. ) ;
#394 = VERTEX_POINT ( 'NONE', #2970 ) ;
#395 = CARTESIAN_POINT ( 'NONE',  ( 7.500000000000020428, 3.999999999999999112, 4.499999999999995559 ) ) ;
#396 = DIRECTION ( 'NONE',  ( 0.0000000000000000000, 1.000000000000000000, 0.0000000000000000000 ) ) ;
#397 = DIRECTION ( 'NONE',  ( 0.0000000000000000000, -3.469446951953613006E-15, 1.000000000000000000 ) ) ;
#398 = AXIS2_PLACEMENT_3D ( 'NONE', #4226, #3914, #2260 ) ;
#399 = AXIS2_PLACEMENT_3D ( 'NONE', #1470, #1567, #4660 ) ;
#400 = VECTOR ( 'NONE', #2154, 1000.000000000000000 ) ;
#402 = LINE ( 'NONE', #3651, #3746 ) ;
#401 = VECTOR ( 'NONE', #1983, 1000.000000000000000 ) ;
#403 = CARTESIAN_POINT ( 'NONE',  ( -10.00000000000009948, 23.99999999999999645, 27.89999999999999858 ) ) ;
#404 = CARTESIAN_POINT ( 'NONE',  ( 0.0000000000000000000, 17.50000000000000000, 0.0000000000000000000 ) ) ;
#405 = CARTESIAN_POINT ( 'NONE',  ( -7.500000000000099476, -22.99999999999999645, 28.86446609406726083 ) ) ;
#406 = AXIS2_PLACEMENT_3D ( 'NONE', #3281, #2798, #4015 ) ;
#407 = VECTOR ( 'NONE', #1011, 1000.000000000000000 ) ;
#408 = EDGE_CURVE ( 'NONE', #2222, #1685, #1012, .T. ) ;
#409 = LINE ( 'NONE', #2754, #794 ) ;
#410 = ORIENTED_EDGE ( 'NONE', *, *, #3616, .F. ) ;
#412 = CYLINDRICAL_SURFACE ( 'NONE', #72, 2.100000000000001865 ) ;
#411 = VECTOR ( 'NONE', #4931, 1000.000000000000000 ) ;
#413 = FACE_OUTER_BOUND ( 'NONE', #3463, .T. ) ;
#414 = CARTESIAN_POINT ( 'NONE',  ( -2.000000000000002220, -13.00000000000000000, -2.000000000000000000 ) ) ;
#415 = ORIENTED_EDGE ( 'NONE', *, *, #693, .T. ) ;
#416 = ORIENTED_EDGE ( 'NONE', *, *, #2610, .F. ) ;
#417 = DIRECTION ( 'NONE',  ( 2.335204679199547974E-16, -1.000000000000000000, 0.0000000000000000000 ) ) ;
#418 = ORIENTED_EDGE ( 'NONE', *, *, #3804, .F. ) ;
#419 = DIRECTION ( 'NONE',  ( -1.000000000000000000, 2.017120320903264257E-17, 3.481882245688215743E-15 ) ) ;
#420 = EDGE_CURVE ( 'NONE', #3721, #3682, #222, .T. ) ;
#421 = EDGE_CURVE ( 'NONE', #4911, #4028, #3823, .T. ) ;
#422 = ORIENTED_EDGE ( 'NONE', *, *, #3107, .F. ) ;
#423 = ORIENTED_EDGE ( 'NONE', *, *, #1228, .F. ) ;
#424 = AXIS2_PLACEMENT_3D ( 'NONE', #5103, #698, #1055 ) ;
#425 = CARTESIAN_POINT ( 'NONE',  ( -10.00000000000009237, 24.00000000000004263, 14.89999999999999147 ) ) ;
#426 = EDGE_CURVE ( 'NONE', #550, #1514, #3446, .T. ) ;
#427 = CARTESIAN_POINT ( 'NONE',  ( 6.499999999999996447, 21.50000000000000000, -2.000000000000000000 ) ) ;
#428 = CARTESIAN_POINT ( 'NONE',  ( 7.500000000000053291, -23.00000000000004263, 14.91977001746919917 ) ) ;
#429 = DIRECTION ( 'NONE',  ( 0.0000000000000000000, 1.734723475976805517E-14, -1.000000000000000000 ) ) ;
#430 = DIRECTION ( 'NONE',  ( -0.0000000000000000000, -3.469446951953612611E-15, 1.000000000000000000 ) ) ;
#431 = DIRECTION ( 'NONE',  ( 3.469446951953617344E-15, -3.469446951953611428E-15, -1.000000000000000000 ) ) ;
#432 = CARTESIAN_POINT ( 'NONE',  ( -7.500000000000082601, -16.49999999999999645, 23.40000000000004832 ) ) ;
#433 = VERTEX_POINT ( 'NONE', #3473 ) ;
#434 = LINE ( 'NONE', #3577, #4641 ) ;
#435 = ORIENTED_EDGE ( 'NONE', *, *, #3165, .T. ) ;
#436 = PLANE ( 'NONE',  #675 ) ;
#437 = FACE_OUTER_BOUND ( 'NONE', #4161, .T. ) ;
#438 = EDGE_CURVE ( 'NONE', #3634, #433, #705, .T. ) ;
#439 = DIRECTION ( 'NONE',  ( 1.000000000000000000, 3.942553354492771634E-17, -3.480674935616895651E-15 ) ) ;
#440 = VECTOR ( 'NONE', #1810, 1000.000000000000000 ) ;
#441 = ORIENTED_EDGE ( 'NONE', *, *, #4622, .F. ) ;
#442 = ORIENTED_EDGE ( 'NONE', *, *, #4500, .T. ) ;
#443 = FACE_OUTER_BOUND ( 'NONE', #3457, .T. ) ;
#444 = ORIENTED_EDGE ( 'NONE', *, *, #1219, .T. ) ;
#445 = VECTOR ( 'NONE', #1880, 1000.000000000000000 ) ;
#446 = AXIS2_PLACEMENT_3D ( 'NONE', #4913, #1362, #1337 ) ;
#447 = VERTEX_POINT ( 'NONE', #3890 ) ;
#448 = ADVANCED_FACE ( 'NONE', ( #329 ), #1873, .F. ) ;
#449 = ORIENTED_EDGE ( 'NONE', *, *, #3599, .T. ) ;
#450 = DIRECTION ( 'NONE',  ( 1.000000000000000000, -0.0000000000000000000, -0.0000000000000000000 ) ) ;
#451 = CARTESIAN_POINT ( 'NONE',  ( -24.50000000000018119, 16.49999999999999645, 5.500000000000107470 ) ) ;
#452 = PLANE ( 'NONE',  #2402 ) ;
#453 = ADVANCED_FACE ( 'NONE', ( #3548 ), #1511, .F. ) ;
#454 = CIRCLE ( 'NONE', #4967, 2.500000000000003997 ) ;
#455 = DIRECTION ( 'NONE',  ( 9.599093154917612719E-18, -0.0000000000000000000, -1.000000000000000000 ) ) ;
#456 = CYLINDRICAL_SURFACE ( 'NONE', #5153, 2.500000000000000444 ) ;
#457 = EDGE_CURVE ( 'NONE', #1597, #3682, #3450, .T. ) ;
#458 = AXIS2_PLACEMENT_3D ( 'NONE', #2967, #3366, #3710 ) ;
#459 = DIRECTION ( 'NONE',  ( -3.469446951953614189E-15, 0.0000000000000000000, -1.000000000000000000 ) ) ;
#460 = CARTESIAN_POINT ( 'NONE',  ( -24.50000000000009948, -22.00000000000000000, 27.39999999999999858 ) ) ;
#461 = EDGE_CURVE ( 'NONE', #3108, #4427, #2305, .T. ) ;
#462 = ORIENTED_EDGE ( 'NONE', *, *, #689, .T. ) ;
#463 = DIRECTION ( 'NONE',  ( -1.000000000000000000, 0.0000000000000000000, 0.0000000000000000000 ) ) ;
#464 = ORIENTED_EDGE ( 'NONE', *, *, #4832, .F. ) ;
#465 = CARTESIAN_POINT ( 'NONE',  ( 6.499999999999998224, -23.00000000000000000, -1.999999999999996669 ) ) ;
#466 = DIRECTION ( 'NONE',  ( 0.0000000000000000000, 0.0000000000000000000, 1.000000000000000000 ) ) ;
#467 = FACE_OUTER_BOUND ( 'NONE', #1148, .T. ) ;
#468 = CARTESIAN_POINT ( 'NONE',  ( 9.500000000000028422, -2.999999999999999556, 5.499999999999987566 ) ) ;
#469 = EDGE_LOOP ( 'NONE', ( #2584, #4437, #5055, #3086 ) ) ;
#470 = EDGE_CURVE ( 'NONE', #2760, #1248, #1921, .T. ) ;
#471 = ORIENTED_EDGE ( 'NONE', *, *, #2726, .T. ) ;
#472 = CARTESIAN_POINT ( 'NONE',  ( -7.500000000000097700, -22.99999999999999645, 27.39999999999999503 ) ) ;
#473 = EDGE_LOOP ( 'NONE', ( #4826, #2500, #3668, #4555 ) ) ;
#474 = PRODUCT_CONTEXT ( 'NONE', #664, 'mechanical' ) ;
#475 = ADVANCED_FACE ( 'NONE', ( #731 ), #758, .T. ) ;
#476 = ORIENTED_EDGE ( 'NONE', *, *, #2468, .F. ) ;
#477 = ORIENTED_EDGE ( 'NONE', *, *, #3625, .F. ) ;
#478 = ORIENTED_EDGE ( 'NONE', *, *, #1070, .T. ) ;
#479 = CARTESIAN_POINT ( 'NONE',  ( -2.000000000000002220, -13.99999999999999822, -12.00000000000000000 ) ) ;
#480 = DIRECTION ( 'NONE',  ( -3.481882245688216531E-15, 0.0000000000000000000, 1.000000000000000000 ) ) ;
#481 = DIRECTION ( 'NONE',  ( 1.000000000000000000, -0.0000000000000000000, -0.0000000000000000000 ) ) ;
#482 = EDGE_CURVE ( 'NONE', #5105, #366, #4773, .T. ) ;
#483 = DIRECTION ( 'NONE',  ( -5.337610695313251385E-16, 0.0000000000000000000, -1.000000000000000000 ) ) ;
#484 = LINE ( 'NONE', #3007, #4825 ) ;
#485 = CARTESIAN_POINT ( 'NONE',  ( -9.094437853096300373, -21.50000000000000000, 14.91634972440323637 ) ) ;
#486 = CIRCLE ( 'NONE', #3405, 0.9999999999999991118 ) ;
#487 = DIRECTION ( 'NONE',  ( 1.000000000000000000, 0.0000000000000000000, 0.0000000000000000000 ) ) ;
#488 = AXIS2_PLACEMENT_3D ( 'NONE', #778, #3174, #4379 ) ;
#489 = EDGE_LOOP ( 'NONE', ( #26, #4678, #4784, #2841 ) ) ;
#490 = EDGE_CURVE ( 'NONE', #773, #4476, #3178, .T. ) ;
#491 = AXIS2_PLACEMENT_3D ( 'NONE', #1428, #3010, #1931 ) ;
#492 = AXIS2_PLACEMENT_3D ( 'NONE', #4120, #1025, #3676 ) ;
#493 = ORIENTED_EDGE ( 'NONE', *, *, #254, .F. ) ;
#494 = LINE ( 'NONE', #3315, #2447 ) ;
#495 = ORIENTED_EDGE ( 'NONE', *, *, #3541, .T. ) ;
#496 = DIRECTION ( 'NONE',  ( -0.0000000000000000000, -1.000000000000000000, -0.0000000000000000000 ) ) ;
#497 = CARTESIAN_POINT ( 'NONE',  ( 2.000000000000008438, -13.00000000000000000, -12.00000000000000000 ) ) ;
#498 = FACE_OUTER_BOUND ( 'NONE', #5045, .T. ) ;
#499 = CARTESIAN_POINT ( 'NONE',  ( 9.500000000000001776, -22.00000000000009592, 2.605256883519466910E-13 ) ) ;
#500 = CIRCLE ( 'NONE', #3498, 0.4999999999999970024 ) ;
#501 = EDGE_CURVE ( 'NONE', #2143, #2222, #1192, .T. ) ;
#502 =( GEOMETRIC_REPRESENTATION_CONTEXT ( 3 ) GLOBAL_UNCERTAINTY_ASSIGNED_CONTEXT ( ( #3994 ) ) GLOBAL_UNIT_ASSIGNED_CONTEXT ( ( #4070, #3205, #4406 ) ) REPRESENTATION_CONTEXT ( 'NONE', 'WORKASPACE' ) );
#503 = AXIS2_PLACEMENT_3D ( 'NONE', #603, #4150, #551 ) ;
#504 = ORIENTED_EDGE ( 'NONE', *, *, #5069, .F. ) ;
#505 = FACE_OUTER_BOUND ( 'NONE', #4759, .T. ) ;
#506 = VERTEX_POINT ( 'NONE', #780 ) ;
#507 = CIRCLE ( 'NONE', #4004, 1.000000000000000888 ) ;
#508 = ORIENTED_EDGE ( 'NONE', *, *, #3259, .F. ) ;
#509 = ORIENTED_EDGE ( 'NONE', *, *, #1707, .F. ) ;
#510 = CARTESIAN_POINT ( 'NONE',  ( 6.499999999999997335, 23.00000000000000000, 0.0000000000000000000 ) ) ;
#511 = ADVANCED_FACE ( 'NONE', ( #1139 ), #2332, .F. ) ;
#512 = DIRECTION ( 'NONE',  ( 0.0000000000000000000, 0.0000000000000000000, -1.000000000000000000 ) ) ;
#513 = CARTESIAN_POINT ( 'NONE',  ( -24.50000000000009948, 21.50000000000000000, 29.89999999999998792 ) ) ;
#514 = CARTESIAN_POINT ( 'NONE',  ( 24.50000000000009948, -21.50000000000000000, 27.39999999999999503 ) ) ;
#515 = PLANE ( 'NONE',  #1812 ) ;
#516 = DIRECTION ( 'NONE',  ( 0.0000000000000000000, 1.000000000000000000, 0.0000000000000000000 ) ) ;
#517 = VERTEX_POINT ( 'NONE', #1482 ) ;
#518 = DIRECTION ( 'NONE',  ( -0.0000000000000000000, -0.0000000000000000000, 1.000000000000000000 ) ) ;
#519 = AXIS2_PLACEMENT_3D ( 'NONE', #4712, #2634, #1132 ) ;
#520 = VERTEX_POINT ( 'NONE', #1944 ) ;
#521 = CARTESIAN_POINT ( 'NONE',  ( -10.00000000000009948, -24.00000000000000000, 27.40000000000001279 ) ) ;
#522 = ORIENTED_EDGE ( 'NONE', *, *, #4402, .F. ) ;
#523 = FACE_OUTER_BOUND ( 'NONE', #2472, .T. ) ;
#524 = LINE ( 'NONE', #4466, #2118 ) ;
#525 = DIRECTION ( 'NONE',  ( 1.000000000000000000, 0.0000000000000000000, 0.0000000000000000000 ) ) ;
#526 = CYLINDRICAL_SURFACE ( 'NONE', #3629, 2.499999999999995115 ) ;
#527 = EDGE_CURVE ( 'NONE', #2951, #3748, #4893, .T. ) ;
#528 = ORIENTED_EDGE ( 'NONE', *, *, #2876, .T. ) ;
#529 = CARTESIAN_POINT ( 'NONE',  ( -8.651750556923483160, -23.74708240512767077, 28.50787800615269774 ) ) ;
#530 = ORIENTED_EDGE ( 'NONE', *, *, #1007, .F. ) ;
#531 = ORIENTED_EDGE ( 'NONE', *, *, #4352, .T. ) ;
#532 = ADVANCED_FACE ( 'NONE', ( #1556 ), #1094, .F. ) ;
#533 = ORIENTED_EDGE ( 'NONE', *, *, #1602, .F. ) ;
#534 = ORIENTED_EDGE ( 'NONE', *, *, #1002, .T. ) ;
#535 = VECTOR ( 'NONE', #1737, 1000.000000000000000 ) ;
#536 = CARTESIAN_POINT ( 'NONE',  ( -9.500000000000079936, -16.49999999999999645, 22.40000000000005898 ) ) ;
#537 = EDGE_CURVE ( 'NONE', #3283, #4306, #2668, .T. ) ;
#538 = CARTESIAN_POINT ( 'NONE',  ( 0.0000000000000000000, 0.0000000000000000000, 27.89999999999999147 ) ) ;
#539 = VECTOR ( 'NONE', #1776, 1000.000000000000000 ) ;
#540 = EDGE_CURVE ( 'NONE', #255, #4476, #2122, .T. ) ;
#541 = DIRECTION ( 'NONE',  ( -1.000000000000000000, 0.0000000000000000000, 0.0000000000000000000 ) ) ;
#542 = EDGE_CURVE ( 'NONE', #1145, #1121, #827, .T. ) ;
#543 = DIRECTION ( 'NONE',  ( 1.000000000000000000, -0.0000000000000000000, -0.0000000000000000000 ) ) ;
#544 = DIRECTION ( 'NONE',  ( -3.481882245688215743E-15, 6.270870922116162168E-34, 1.000000000000000000 ) ) ;
#545 = DIRECTION ( 'NONE',  ( -0.0000000000000000000, 0.0000000000000000000, 1.000000000000000000 ) ) ;
#546 = CARTESIAN_POINT ( 'NONE',  ( 10.00000000000009237, 24.00000000000003908, 14.89999999999999147 ) ) ;
#547 = AXIS2_PLACEMENT_3D ( 'NONE', #2033, #44, #204 ) ;
#548 = VERTEX_POINT ( 'NONE', #1242 ) ;
#549 = CARTESIAN_POINT ( 'NONE',  ( -9.500000000000101252, -21.50000000000000000, 27.39999999999999503 ) ) ;
#550 = VERTEX_POINT ( 'NONE', #2458 ) ;
#551 = DIRECTION ( 'NONE',  ( -1.841475689883071491E-14, 0.0000000000000000000, -1.000000000000000000 ) ) ;
#552 = CARTESIAN_POINT ( 'NONE',  ( 7.000000000000002665, 21.50000000000000000, 0.5000000000000004441 ) ) ;
#553 = CARTESIAN_POINT ( 'NONE',  ( 37.00000000000000000, 0.0000000000000000000, 27.89999999999998792 ) ) ;
#554 = PLANE ( 'NONE',  #547 ) ;
#555 = ORIENTED_EDGE ( 'NONE', *, *, #1765, .T. ) ;
#556 = CARTESIAN_POINT ( 'NONE',  ( -24.50000000000018829, -4.000000000000001776, 4.500000000000105693 ) ) ;
#557 = VERTEX_POINT ( 'NONE', #460 ) ;
#558 = EDGE_CURVE ( 'NONE', #5031, #199, #3280, .T. ) ;
#559 = EDGE_LOOP ( 'NONE', ( #211, #4072, #508, #2346 ) ) ;
#560 = ORIENTED_EDGE ( 'NONE', *, *, #3005, .T. ) ;
#561 = ORIENTED_EDGE ( 'NONE', *, *, #2454, .T. ) ;
#562 = CARTESIAN_POINT ( 'NONE',  ( -6.499999999999997335, -23.00000000000000000, -2.500000000000000444 ) ) ;
#563 = DIRECTION ( 'NONE',  ( 0.0000000000000000000, 0.0000000000000000000, 1.000000000000000000 ) ) ;
#564 = EDGE_CURVE ( 'NONE', #4751, #773, #4041, .T. ) ;
#565 = CARTESIAN_POINT ( 'NONE',  ( 10.00000000000009948, 23.99999999999999645, 27.89999999999999858 ) ) ;
#566 = CARTESIAN_POINT ( 'NONE',  ( 10.00000000000009948, 21.50000000000000000, 27.39999999999999503 ) ) ;
#567 = DIRECTION ( 'NONE',  ( -3.480674935616895651E-15, 2.081668171172169253E-16, -1.000000000000000000 ) ) ;
#568 = CYLINDRICAL_SURFACE ( 'NONE', #3837, 2.500000000000002220 ) ;
#570 = PLANE ( 'NONE',  #1986 ) ;
#569 = AXIS2_PLACEMENT_3D ( 'NONE', #4620, #327, #3494 ) ;
#571 = ORIENTED_EDGE ( 'NONE', *, *, #3189, .T. ) ;
#572 = DIRECTION ( 'NONE',  ( 1.000000000000000000, 3.942553354492771634E-17, -3.480674935616895651E-15 ) ) ;
#573 = DIRECTION ( 'NONE',  ( 1.000000000000000000, -0.0000000000000000000, -0.0000000000000000000 ) ) ;
#574 = ADVANCED_BREP_SHAPE_REPRESENTATION ( '\X2\94a391d15feb62c6\X0\', ( #4392, #3933 ), #1439 ) ;
#575 = CARTESIAN_POINT ( 'NONE',  ( 2.100000000000001865, 17.50000000000000000, 0.0000000000000000000 ) ) ;
#576 = CARTESIAN_POINT ( 'NONE',  ( 2.000000000000009326, -13.99999999999999822, -2.000000000000000000 ) ) ;
#577 = ADVANCED_FACE ( 'NONE', ( #3678 ), #2827, .F. ) ;
#578 = AXIS2_PLACEMENT_3D ( 'NONE', #367, #1907, #3900 ) ;
#579 = EDGE_LOOP ( 'NONE', ( #2417, #4347, #1288, #4261 ) ) ;
#581 = CARTESIAN_POINT ( 'NONE',  ( -7.529084228532950895, -23.97091577146700558, 27.85503846485440249 ) ) ;
#580 = AXIS2_PLACEMENT_3D ( 'NONE', #2682, #3434, #4264 ) ;
#582 = CYLINDRICAL_SURFACE ( 'NONE', #196, 0.5000000000000004441 ) ;
#583 = AXIS2_PLACEMENT_3D ( 'NONE', #838, #4082, #5180 ) ;
#584 = DIRECTION ( 'NONE',  ( -3.469446951953610639E-15, 3.469446951953610639E-15, -1.000000000000000000 ) ) ;
#585 = AXIS2_PLACEMENT_3D ( 'NONE', #781, #3227, #4822 ) ;
#586 = AXIS2_PLACEMENT_3D ( 'NONE', #1561, #360, #1099 ) ;
#587 = ORIENTED_EDGE ( 'NONE', *, *, #30, .F. ) ;
#588 = ORIENTED_EDGE ( 'NONE', *, *, #4416, .T. ) ;
#589 = CARTESIAN_POINT ( 'NONE',  ( 8.500000000000097700, 23.99999999999999645, 27.39999999999999503 ) ) ;
#590 = AXIS2_PLACEMENT_3D ( 'NONE', #4272, #1112, #3045 ) ;
#591 = ADVANCED_FACE ( 'NONE', ( #2850 ), #2487, .F. ) ;
#592 = EDGE_CURVE ( 'NONE', #1576, #1475, #3653, .T. ) ;
#593 = DIRECTION ( 'NONE',  ( 0.0000000000000000000, -1.000000000000000000, 3.469446951953611033E-15 ) ) ;
#594 = ORIENTED_EDGE ( 'NONE', *, *, #2909, .T. ) ;
#595 = EDGE_CURVE ( 'NONE', #4018, #948, #4433, .T. ) ;
#596 = EDGE_CURVE ( 'NONE', #4186, #4920, #3282, .T. ) ;
#597 = APPLICATION_CONTEXT ( 'automotive_design' ) ;
#598 = FACE_OUTER_BOUND ( 'NONE', #1174, .T. ) ;
#599 = LINE ( 'NONE', #2537, #2602 ) ;
#600 = CARTESIAN_POINT ( 'NONE',  ( -7.000000000000002665, -21.50000000000000000, 0.5000000000000004441 ) ) ;
#601 = CARTESIAN_POINT ( 'NONE',  ( 9.500000000000085265, 3.000000000000000000, 22.39999999999999147 ) ) ;
#602 = ORIENTED_EDGE ( 'NONE', *, *, #1778, .T. ) ;
#603 = CARTESIAN_POINT ( 'NONE',  ( -10.00000000000033928, -24.00000000000003908, 14.89999999999999147 ) ) ;
#604 = CYLINDRICAL_SURFACE ( 'NONE', #4781, 0.5000000000000004441 ) ;
#605 = CARTESIAN_POINT ( 'NONE',  ( 8.509669133186026357, -23.98388477802351559, 27.72724520025963102 ) ) ;
#606 = VECTOR ( 'NONE', #265, 1000.000000000000000 ) ;
#607 = CARTESIAN_POINT ( 'NONE',  ( -9.500000000000083489, -1.714552272767808376E-16, 23.40000000000005898 ) ) ;
#608 = EDGE_CURVE ( 'NONE', #1248, #51, #11, .T. ) ;
#609 = ORIENTED_EDGE ( 'NONE', *, *, #3874, .T. ) ;
#610 = VERTEX_POINT ( 'NONE', #2882 ) ;
#611 = CARTESIAN_POINT ( 'NONE',  ( -8.226599280126263736, -23.27340071987354619, 29.20515419966114834 ) ) ;
#612 = ORIENTED_EDGE ( 'NONE', *, *, #978, .F. ) ;
#613 = CYLINDRICAL_SURFACE ( 'NONE', #195, 0.4999999999999970024 ) ;
#614 = EDGE_LOOP ( 'NONE', ( #3040, #839, #4837 ) ) ;
#615 = ORIENTED_EDGE ( 'NONE', *, *, #952, .F. ) ;
#616 = CARTESIAN_POINT ( 'NONE',  ( 9.672691772180721514, 21.69638493669345536, 29.89999999999999147 ) ) ;
#617 = CARTESIAN_POINT ( 'NONE',  ( -9.500000000000079936, 3.999999999999999112, 22.40000000000005898 ) ) ;
#618 = ORIENTED_EDGE ( 'NONE', *, *, #592, .T. ) ;
#619 = FACE_BOUND ( 'NONE', #3929, .T. ) ;
#620 = FACE_OUTER_BOUND ( 'NONE', #2066, .T. ) ;
#621 = DIRECTION ( 'NONE',  ( -0.0000000000000000000, -1.000000000000000000, -0.0000000000000000000 ) ) ;
#622 = VECTOR ( 'NONE', #396, 1000.000000000000000 ) ;
#623 = AXIS2_PLACEMENT_3D ( 'NONE', #2782, #4308, #4361 ) ;
#624 = EDGE_CURVE ( 'NONE', #4219, #309, #4485, .T. ) ;
#625 = DIRECTION ( 'NONE',  ( -1.000000000000000000, 1.208020574436438142E-29, 3.481882245688216137E-15 ) ) ;
#626 = VERTEX_POINT ( 'NONE', #3256 ) ;
#627 = CARTESIAN_POINT ( 'NONE',  ( -10.00000000000009948, 24.00000000000000000, 27.40000000000000213 ) ) ;
#628 = DIRECTION ( 'NONE',  ( -3.481882245688215743E-15, 3.191094078709388170E-34, -1.000000000000000000 ) ) ;
#629 = DIRECTION ( 'NONE',  ( 0.0000000000000000000, 0.0000000000000000000, -1.000000000000000000 ) ) ;
#630 = DIRECTION ( 'NONE',  ( 1.000000000000000000, 3.942553354492771634E-17, -3.480674935616895651E-15 ) ) ;
#631 = VECTOR ( 'NONE', #84, 1000.000000000000000 ) ;
#632 = EDGE_LOOP ( 'NONE', ( #1201, #3213, #2981, #1049 ) ) ;
#633 = LINE ( 'NONE', #3427, #3335 ) ;
#634 = ORIENTED_EDGE ( 'NONE', *, *, #3995, .F. ) ;
#635 = DIRECTION ( 'NONE',  ( -1.000000000000000000, -0.0000000000000000000, -0.0000000000000000000 ) ) ;
#636 = EDGE_CURVE ( 'NONE', #3976, #2710, #3112, .T. ) ;
#637 = ORIENTED_EDGE ( 'NONE', *, *, #4724, .F. ) ;
#638 = DIRECTION ( 'NONE',  ( 0.0000000000000000000, -1.000000000000000000, 6.938893903907222067E-15 ) ) ;
#639 = ORIENTED_EDGE ( 'NONE', *, *, #3681, .T. ) ;
#640 = LINE ( 'NONE', #669, #3993 ) ;
#641 = DIRECTION ( 'NONE',  ( 1.841475689883071491E-14, 0.0000000000000000000, -1.000000000000000000 ) ) ;
#642 = ADVANCED_FACE ( 'NONE', ( #1605 ), #2109, .F. ) ;
#643 = VERTEX_POINT ( 'NONE', #1630 ) ;
#644 = EDGE_CURVE ( 'NONE', #2099, #2632, #3226, .T. ) ;
#645 = CARTESIAN_POINT ( 'NONE',  ( -6.499999999999998224, 23.50000000000000000, -2.499999999999998668 ) ) ;
#646 = FACE_OUTER_BOUND ( 'NONE', #1693, .T. ) ;
#647 = CARTESIAN_POINT ( 'NONE',  ( -6.500000000000000000, -21.50000000000000000, 0.0000000000000000000 ) ) ;
#648 = ORIENTED_EDGE ( 'NONE', *, *, #3408, .T. ) ;
#649 = CARTESIAN_POINT ( 'NONE',  ( -24.50000000000009948, -21.50000000000000000, 27.39999999999999503 ) ) ;
#650 = ORIENTED_EDGE ( 'NONE', *, *, #4154, .F. ) ;
#651 = CARTESIAN_POINT ( 'NONE',  ( -8.547975025604483079, 23.92004162399262768, 28.04820640982099178 ) ) ;
#652 = DIRECTION ( 'NONE',  ( 0.0000000000000000000, 0.0000000000000000000, 1.000000000000000000 ) ) ;
#653 = FACE_OUTER_BOUND ( 'NONE', #559, .T. ) ;
#654 = DIRECTION ( 'NONE',  ( 0.0000000000000000000, -1.000000000000000000, -3.469446951953613400E-15 ) ) ;
#655 = ADVANCED_FACE ( 'NONE', ( #4853, #4382, #3306, #1330 ), #803, .T. ) ;
#656 = AXIS2_PLACEMENT_3D ( 'NONE', #33, #5165, #3146 ) ;
#657 = EDGE_LOOP ( 'NONE', ( #2885, #4426, #4115, #4535 ) ) ;
#658 = CARTESIAN_POINT ( 'NONE',  ( -9.282958538796760806, 21.50000000000000000, 14.92922943124998980 ) ) ;
#659 = ORIENTED_EDGE ( 'NONE', *, *, #2369, .T. ) ;
#660 = ADVANCED_FACE ( 'NONE', ( #4799 ), #2160, .F. ) ;
#661 = CARTESIAN_POINT ( 'NONE',  ( -24.50000000000012434, 17.49999999999999645, 22.40000000000011227 ) ) ;
#662 = VECTOR ( 'NONE', #2796, 1000.000000000000000 ) ;
#663 = AXIS2_PLACEMENT_3D ( 'NONE', #1177, #1147, #2734 ) ;
#664 = APPLICATION_CONTEXT ( 'automotive_design' ) ;
#665 = VECTOR ( 'NONE', #1054, 1000.000000000000000 ) ;
#666 = VERTEX_POINT ( 'NONE', #2561 ) ;
#667 = FACE_OUTER_BOUND ( 'NONE', #3479, .T. ) ;
#668 = ORIENTED_EDGE ( 'NONE', *, *, #3162, .F. ) ;
#669 = CARTESIAN_POINT ( 'NONE',  ( 10.00000000000033928, -22.00000000000003908, 14.89999999999998437 ) ) ;
#670 = LINE ( 'NONE', #3828, #1360 ) ;
#671 = VECTOR ( 'NONE', #4600, 1000.000000000000000 ) ;
#672 = ORIENTED_EDGE ( 'NONE', *, *, #636, .T. ) ;
#673 = EDGE_CURVE ( 'NONE', #1962, #4258, #4625, .T. ) ;
#674 = AXIS2_PLACEMENT_3D ( 'NONE', #4670, #2689, #752 ) ;
#675 = AXIS2_PLACEMENT_3D ( 'NONE', #3990, #3608, #2756 ) ;
#676 = CARTESIAN_POINT ( 'NONE',  ( 7.500000000000082601, -1.512840240677448208E-16, 23.40000000000000213 ) ) ;
#677 = LINE ( 'NONE', #2257, #1607 ) ;
#678 = FACE_BOUND ( 'NONE', #2564, .T. ) ;
#679 = LINE ( 'NONE', #2259, #1230 ) ;
#680 = CARTESIAN_POINT ( 'NONE',  ( -8.576610845542790074, 23.87231525742872051, 28.20553915567283454 ) ) ;
#681 = CARTESIAN_POINT ( 'NONE',  ( -6.499999999999998224, 23.00000000000000000, -2.000000000000000000 ) ) ;
#682 = LINE ( 'NONE', #2262, #4505 ) ;
#683 = ADVANCED_FACE ( 'NONE', ( #646 ), #955, .T. ) ;
#684 = ORIENTED_EDGE ( 'NONE', *, *, #2803, .F. ) ;
#685 = EDGE_CURVE ( 'NONE', #3058, #5181, #599, .T. ) ;
#686 = EDGE_CURVE ( 'NONE', #309, #4168, #1031, .T. ) ;
#687 = DIRECTION ( 'NONE',  ( -0.0000000000000000000, -1.000000000000000000, 3.391901413832837590E-15 ) ) ;
#688 = EDGE_LOOP ( 'NONE', ( #1594, #3699, #924 ) ) ;
#689 = EDGE_CURVE ( 'NONE', #4306, #3379, #246, .T. ) ;
#690 = LINE ( 'NONE', #3056, #445 ) ;
#691 = VECTOR ( 'NONE', #213, 1000.000000000000000 ) ;
#692 = ADVANCED_FACE ( 'NONE', ( #4958 ), #2965, .F. ) ;
#693 = EDGE_CURVE ( 'NONE', #2179, #852, #1865, .T. ) ;
#694 = ORIENTED_EDGE ( 'NONE', *, *, #4300, .F. ) ;
#695 = DIRECTION ( 'NONE',  ( 3.469446951953611033E-15, 0.0000000000000000000, 1.000000000000000000 ) ) ;
#696 = EDGE_LOOP ( 'NONE', ( #2552, #2067, #4396, #2504 ) ) ;
#697 = CARTESIAN_POINT ( 'NONE',  ( 10.00000000000009948, 21.49999999999999645, 29.89999999999999147 ) ) ;
#698 = DIRECTION ( 'NONE',  ( -0.0000000000000000000, -0.0000000000000000000, 1.000000000000000000 ) ) ;
#699 = VERTEX_POINT ( 'NONE', #976 ) ;
#700 = LINE ( 'NONE', #3883, #3575 ) ;
#701 = CYLINDRICAL_SURFACE ( 'NONE', #4338, 0.5000000000000004441 ) ;
#702 = VECTOR ( 'NONE', #2261, 1000.000000000000000 ) ;
#703 = PLANE ( 'NONE',  #2307 ) ;
#704 = DIRECTION ( 'NONE',  ( 1.000000000000000000, 2.017120320903264257E-17, 0.0000000000000000000 ) ) ;
#705 = LINE ( 'NONE', #2717, #3026 ) ;
#706 = VECTOR ( 'NONE', #5047, 1000.000000000000000 ) ;
#707 = CARTESIAN_POINT ( 'NONE',  ( 8.116532976232717189, -22.63008021426036720, 29.05206688216534516 ) ) ;
#708 = CIRCLE ( 'NONE', #1377, 2.100000000000001865 ) ;
#709 = ORIENTED_EDGE ( 'NONE', *, *, #1633, .T. ) ;
#710 = EDGE_LOOP ( 'NONE', ( #1930, #89, #4375, #4016, #3417, #3774, #1469, #2791 ) ) ;
#711 = DIRECTION ( 'NONE',  ( 1.000000000000000000, 2.017120320903264257E-17, 3.481882245688215743E-15 ) ) ;
#712 = CARTESIAN_POINT ( 'NONE',  ( 7.500000000000016875, -1.088034701095225286E-15, 4.499999999999995559 ) ) ;
#713 = DIRECTION ( 'NONE',  ( -3.480674935616895651E-15, 2.081668171172169253E-16, -1.000000000000000000 ) ) ;
#714 = ADVANCED_FACE ( 'NONE', ( #2587 ), #4172, .T. ) ;
#715 = CIRCLE ( 'NONE', #3631, 21.89999999999999503 ) ;
#716 = EDGE_CURVE ( 'NONE', #3354, #2528, #931, .T. ) ;
#717 = ORIENTED_EDGE ( 'NONE', *, *, #1032, .T. ) ;
#718 = VECTOR ( 'NONE', #4456, 1000.000000000000000 ) ;
#719 = DIRECTION ( 'NONE',  ( 1.000000000000000000, 3.942553354492771634E-17, -3.480674935616895651E-15 ) ) ;
#720 = ORIENTED_EDGE ( 'NONE', *, *, #1855, .T. ) ;
#721 = CARTESIAN_POINT ( 'NONE',  ( 10.00000000000009237, 22.00000000000003908, 14.89999999999998437 ) ) ;
#722 = DIRECTION ( 'NONE',  ( 1.000000000000000000, 0.0000000000000000000, 0.0000000000000000000 ) ) ;
#723 = EDGE_CURVE ( 'NONE', #4201, #666, #4617, .T. ) ;
#724 = VECTOR ( 'NONE', #170, 1000.000000000000000 ) ;
#725 = ORIENTED_EDGE ( 'NONE', *, *, #964, .T. ) ;
#726 = CARTESIAN_POINT ( 'NONE',  ( -2.100000000000001865, -17.50000000000000000, -2.000000000000000000 ) ) ;
#727 = CYLINDRICAL_SURFACE ( 'NONE', #3873, 1.000000000000000888 ) ;
#728 = DIRECTION ( 'NONE',  ( -0.0000000000000000000, 3.469446951953614189E-15, -1.000000000000000000 ) ) ;
#729 = LINE ( 'NONE', #5013, #3830 ) ;
#730 = FACE_OUTER_BOUND ( 'NONE', #1826, .T. ) ;
#731 = FACE_OUTER_BOUND ( 'NONE', #4087, .T. ) ;
#732 = DIRECTION ( 'NONE',  ( 1.000000000000000000, -6.938893903907294642E-15, -0.0000000000000000000 ) ) ;
#733 = ORIENTED_EDGE ( 'NONE', *, *, #1633, .F. ) ;
#734 = EDGE_CURVE ( 'NONE', #4621, #1008, #168, .T. ) ;
#735 = CARTESIAN_POINT ( 'NONE',  ( 24.50000000000009948, -23.99999999999999645, 27.40000000000000213 ) ) ;
#736 = DIRECTION ( 'NONE',  ( -1.000000000000000000, 0.0000000000000000000, 0.0000000000000000000 ) ) ;
#737 = DIRECTION ( 'NONE',  ( -0.0000000000000000000, -0.0000000000000000000, 1.000000000000000000 ) ) ;
#738 = ORIENTED_EDGE ( 'NONE', *, *, #540, .F. ) ;
#739 = CYLINDRICAL_SURFACE ( 'NONE', #2897, 1.000000000000000888 ) ;
#740 = ORIENTED_EDGE ( 'NONE', *, *, #2662, .T. ) ;
#741 = AXIS2_PLACEMENT_3D ( 'NONE', #649, #2235, #2590 ) ;
#742 = PLANE ( 'NONE',  #4921 ) ;
#743 = CYLINDRICAL_SURFACE ( 'NONE', #3607, 0.5000000000000004441 ) ;
#744 = AXIS2_PLACEMENT_3D ( 'NONE', #5112, #1531, #4302 ) ;
#745 = CIRCLE ( 'NONE', #2161, 1.000000000000000888 ) ;
#746 = ORIENTED_EDGE ( 'NONE', *, *, #4690, .F. ) ;
#747 = ADVANCED_FACE ( 'NONE', ( #620 ), #2208, .T. ) ;
#748 = ORIENTED_EDGE ( 'NONE', *, *, #2551, .F. ) ;
#749 = CARTESIAN_POINT ( 'NONE',  ( 8.500000000000053291, -24.00000000000004263, 14.91977001746919562 ) ) ;
#750 = AXIS2_PLACEMENT_3D ( 'NONE', #536, #4090, #3700 ) ;
#751 = CARTESIAN_POINT ( 'NONE',  ( 7.500000000000096811, -21.50000000000000000, 27.39999999999999503 ) ) ;
#752 = DIRECTION ( 'NONE',  ( -3.481882245688215743E-15, 0.0000000000000000000, 1.000000000000000000 ) ) ;
#753 = EDGE_CURVE ( 'NONE', #3064, #1058, #3410, .T. ) ;
#754 = AXIS2_PLACEMENT_3D ( 'NONE', #4227, #3126, #2306 ) ;
#755 = AXIS2_PLACEMENT_3D ( 'NONE', #913, #2993, #2496 ) ;
#756 = DIRECTION ( 'NONE',  ( -2.017120320903336672E-17, -1.000000000000000000, -2.081668171172168513E-16 ) ) ;
#757 = CARTESIAN_POINT ( 'NONE',  ( -24.50000000000012434, -16.49999999999999645, 22.40000000000011227 ) ) ;
#758 = CYLINDRICAL_SURFACE ( 'NONE', #785, 2.500000000000002220 ) ;
#759 = DIRECTION ( 'NONE',  ( 0.0000000000000000000, 1.000000000000000000, 0.0000000000000000000 ) ) ;
#760 = VECTOR ( 'NONE', #4117, 1000.000000000000000 ) ;
#761 = EDGE_LOOP ( 'NONE', ( #3084, #4486, #5072, #4776 ) ) ;
#762 = CARTESIAN_POINT ( 'NONE',  ( 0.0000000000000000000, 22.00000000000009237, 7.459310946700299536E-14 ) ) ;
#763 = CARTESIAN_POINT ( 'NONE',  ( -24.50000000000012434, 17.49999999999999645, 22.40000000000011227 ) ) ;
#764 = CARTESIAN_POINT ( 'NONE',  ( -24.50000000000018119, 2.999999999999998224, 5.500000000000107470 ) ) ;
#765 = EDGE_CURVE ( 'NONE', #5070, #5130, #1762, .T. ) ;
#766 = ORIENTED_EDGE ( 'NONE', *, *, #4508, .T. ) ;
#767 = LINE ( 'NONE', #3510, #1904 ) ;
#768 = ORIENTED_EDGE ( 'NONE', *, *, #3068, .F. ) ;
#769 = DIRECTION ( 'NONE',  ( -0.0000000000000000000, 3.469446951953612611E-15, -1.000000000000000000 ) ) ;
#770 = LINE ( 'NONE', #4345, #2101 ) ;
#771 = AXIS2_PLACEMENT_3D ( 'NONE', #1932, #419, #3950 ) ;
#772 = ADVANCED_FACE ( 'NONE', ( #3387 ), #4979, .F. ) ;
#773 = VERTEX_POINT ( 'NONE', #4519 ) ;
#774 = EDGE_LOOP ( 'NONE', ( #1490, #3709, #416, #3245, #4659, #2677 ) ) ;
#775 = LINE ( 'NONE', #1134, #1418 ) ;
#776 = DIRECTION ( 'NONE',  ( -1.000000000000000000, 0.0000000000000000000, 3.481882245688216531E-15 ) ) ;
#777 = CARTESIAN_POINT ( 'NONE',  ( -15.10000000000000142, 0.0000000000000000000, 29.89999999999998792 ) ) ;
#778 = CARTESIAN_POINT ( 'NONE',  ( 24.50000000000009948, -21.50000000000000000, 27.39999999999999503 ) ) ;
#779 = DIRECTION ( 'NONE',  ( 1.000000000000000000, -1.863616813669573477E-30, 5.337610695313251385E-16 ) ) ;
#780 = CARTESIAN_POINT ( 'NONE',  ( -6.500000000000000000, 21.50000000000000000, -2.000000000000000000 ) ) ;
#781 = CARTESIAN_POINT ( 'NONE',  ( 10.00000000000009948, -21.50000000000000000, 27.39999999999999503 ) ) ;
#782 = VERTEX_POINT ( 'NONE', #1358 ) ;
#783 = FACE_OUTER_BOUND ( 'NONE', #2364, .T. ) ;
#784 = EDGE_LOOP ( 'NONE', ( #3329, #3824, #4489, #3152 ) ) ;
#785 = AXIS2_PLACEMENT_3D ( 'NONE', #4303, #3525, #4722 ) ;
#786 = CARTESIAN_POINT ( 'NONE',  ( 10.00000000000009948, -21.50000000000000000, 27.39999999999999503 ) ) ;
#787 = CARTESIAN_POINT ( 'NONE',  ( 10.00000000000009948, 21.50000000000000000, 27.39999999999999503 ) ) ;
#788 = PLANE ( 'NONE',  #3960 ) ;
#789 = EDGE_CURVE ( 'NONE', #815, #4885, #4544, .T. ) ;
#790 = ORIENTED_EDGE ( 'NONE', *, *, #716, .T. ) ;
#791 = CARTESIAN_POINT ( 'NONE',  ( -8.535533905932839005, 22.37867965644035451, 29.89999999999999147 ) ) ;
#792 = ORIENTED_EDGE ( 'NONE', *, *, #4109, .F. ) ;
#793 = LINE ( 'NONE', #25, #4768 ) ;
#794 = VECTOR ( 'NONE', #2003, 1000.000000000000000 ) ;
#795 = EDGE_LOOP ( 'NONE', ( #3324, #2100, #4561, #449, #3947, #1804, #1756, #3206 ) ) ;
#796 = ORIENTED_EDGE ( 'NONE', *, *, #3247, .T. ) ;
#797 = LINE ( 'NONE', #2374, #3492 ) ;
#798 = FACE_OUTER_BOUND ( 'NONE', #4104, .T. ) ;
#799 = LINE ( 'NONE', #3251, #919 ) ;
#800 = EDGE_CURVE ( 'NONE', #182, #3110, #347, .T. ) ;
#801 = DIRECTION ( 'NONE',  ( -3.481882245688216926E-15, 3.469446951953613400E-15, 1.000000000000000000 ) ) ;
#802 = FACE_OUTER_BOUND ( 'NONE', #4448, .T. ) ;
#803 = PLANE ( 'NONE',  #3620 ) ;
#804 = LINE ( 'NONE', #2563, #3503 ) ;
#805 = DIRECTION ( 'NONE',  ( -5.337610695313251385E-16, -3.469446951953612611E-15, 1.000000000000000000 ) ) ;
#806 = ORIENTED_EDGE ( 'NONE', *, *, #4364, .F. ) ;
#807 = LINE ( 'NONE', #1613, #3592 ) ;
#808 = EDGE_CURVE ( 'NONE', #3381, #626, #2200, .T. ) ;
#809 = DIRECTION ( 'NONE',  ( -0.0000000000000000000, -1.000000000000000000, -0.0000000000000000000 ) ) ;
#810 = DIRECTION ( 'NONE',  ( -1.000000000000000000, 1.208020574436438142E-29, -3.481882245688215743E-15 ) ) ;
#811 = ORIENTED_EDGE ( 'NONE', *, *, #3029, .T. ) ;
#812 = LINE ( 'NONE', #2095, #2988 ) ;
#813 = ORIENTED_EDGE ( 'NONE', *, *, #3430, .T. ) ;
#814 = ORIENTED_EDGE ( 'NONE', *, *, #4771, .F. ) ;
#815 = VERTEX_POINT ( 'NONE', #4644 ) ;
#816 = DIRECTION ( 'NONE',  ( -0.0000000000000000000, -0.0000000000000000000, 1.000000000000000000 ) ) ;
#817 = DIRECTION ( 'NONE',  ( -1.863616813669573477E-30, -1.000000000000000000, -6.488894296282131882E-45 ) ) ;
#818 = EDGE_LOOP ( 'NONE', ( #3055, #1537, #5146, #2658 ) ) ;
#819 = DIRECTION ( 'NONE',  ( 0.0000000000000000000, 1.000000000000000000, 0.0000000000000000000 ) ) ;
#820 = CIRCLE ( 'NONE', #1329, 2.499999999999995115 ) ;
#821 = AXIS2_PLACEMENT_3D ( 'NONE', #3269, #74, #1203 ) ;
#822 = VECTOR ( 'NONE', #1186, 1000.000000000000000 ) ;
#823 = ORIENTED_EDGE ( 'NONE', *, *, #4135, .T. ) ;
#825 = DIRECTION ( 'NONE',  ( -3.469446951953611033E-15, 0.0000000000000000000, -1.000000000000000000 ) ) ;
#824 = VECTOR ( 'NONE', #942, 1000.000000000000000 ) ;
#826 = CYLINDRICAL_SURFACE ( 'NONE', #2560, 1.000000000000000888 ) ;
#827 = LINE ( 'NONE', #4404, #358 ) ;
#828 = LINE ( 'NONE', #2381, #5171 ) ;
#829 = AXIS2_PLACEMENT_3D ( 'NONE', #5064, #1483, #4675 ) ;
#830 = ORIENTED_EDGE ( 'NONE', *, *, #4443, .F. ) ;
#831 = ORIENTED_EDGE ( 'NONE', *, *, #5057, .F. ) ;
#832 = DIRECTION ( 'NONE',  ( -1.000000000000000000, -2.017120320903264257E-17, 0.0000000000000000000 ) ) ;
#833 = ORIENTED_EDGE ( 'NONE', *, *, #1940, .F. ) ;
#834 = CARTESIAN_POINT ( 'NONE',  ( 0.0000000000000000000, -13.99999999999999822, 0.0000000000000000000 ) ) ;
#835 = DIRECTION ( 'NONE',  ( 1.000000000000000000, 3.942553354492771634E-17, -3.480674935616895651E-15 ) ) ;
#836 = CYLINDRICAL_SURFACE ( 'NONE', #119, 2.500000000000002220 ) ;
#837 = ORIENTED_EDGE ( 'NONE', *, *, #1668, .T. ) ;
#838 = CARTESIAN_POINT ( 'NONE',  ( -24.50000000000011724, 16.49999999999999645, 23.40000000000011227 ) ) ;
#839 = ORIENTED_EDGE ( 'NONE', *, *, #421, .T. ) ;
#840 = EDGE_CURVE ( 'NONE', #2063, #1785, #3066, .T. ) ;
#841 = ORIENTED_EDGE ( 'NONE', *, *, #438, .F. ) ;
#842 = ORIENTED_EDGE ( 'NONE', *, *, #2103, .T. ) ;
#843 = DIRECTION ( 'NONE',  ( 0.0000000000000000000, -1.000000000000000000, 3.469446951953613400E-15 ) ) ;
#844 = CARTESIAN_POINT ( 'NONE',  ( 7.500000000000001776, -2.999999999999999556, -2.437317571981751809E-14 ) ) ;
#845 = CARTESIAN_POINT ( 'NONE',  ( 9.500000000000101252, 21.50000000000000000, 27.39999999999999503 ) ) ;
#846 = FACE_OUTER_BOUND ( 'NONE', #4590, .T. ) ;
#847 = LINE ( 'NONE', #1269, #60 ) ;
#848 = CARTESIAN_POINT ( 'NONE',  ( -24.50000000000009948, -23.99999999999999645, 27.89999999999999858 ) ) ;
#849 = PLANE ( 'NONE',  #239 ) ;
#850 = EDGE_CURVE ( 'NONE', #1667, #626, #1937, .T. ) ;
#851 = EDGE_CURVE ( 'NONE', #1447, #4885, #20, .T. ) ;
#852 = VERTEX_POINT ( 'NONE', #3931 ) ;
#853 = CARTESIAN_POINT ( 'NONE',  ( 2.100000000000001865, 17.50000000000000000, -2.000000000000000000 ) ) ;
#854 = ORIENTED_EDGE ( 'NONE', *, *, #4421, .T. ) ;
#855 = LINE ( 'NONE', #1171, #2322 ) ;
#856 = LINE ( 'NONE', #2439, #2598 ) ;
#857 = CARTESIAN_POINT ( 'NONE',  ( 6.499999999999998224, -23.00000000000000000, -2.500000000000000444 ) ) ;
#858 = FACE_OUTER_BOUND ( 'NONE', #2252, .T. ) ;
#859 = ADVANCED_FACE ( 'NONE', ( #5059 ), #1867, .F. ) ;
#860 = VECTOR ( 'NONE', #2747, 1000.000000000000000 ) ;
#861 = ORIENTED_EDGE ( 'NONE', *, *, #2876, .F. ) ;
#862 = ADVANCED_FACE ( 'NONE', ( #4693 ), #3884, .T. ) ;
#863 = CARTESIAN_POINT ( 'NONE',  ( 24.50000000000009948, -22.00000000000003908, 14.89999999999998437 ) ) ;
#864 = ORIENTED_EDGE ( 'NONE', *, *, #2635, .F. ) ;
#865 = VECTOR ( 'NONE', #817, 1000.000000000000000 ) ;
#866 = VECTOR ( 'NONE', #2757, 1000.000000000000000 ) ;
#867 = EDGE_CURVE ( 'NONE', #1080, #1597, #1158, .T. ) ;
#868 = EDGE_LOOP ( 'NONE', ( #1262, #1290, #2269, #1010 ) ) ;
#869 = ORIENTED_EDGE ( 'NONE', *, *, #3698, .T. ) ;
#870 = VECTOR ( 'NONE', #2620, 1000.000000000000000 ) ;
#871 = ORIENTED_EDGE ( 'NONE', *, *, #5091, .F. ) ;
#872 = CARTESIAN_POINT ( 'NONE',  ( 8.955976963262239465, 22.54402303673667873, 29.70124951836958971 ) ) ;
#873 = CARTESIAN_POINT ( 'NONE',  ( -10.00000000000009237, 21.50000000000000000, 14.92922943124998802 ) ) ;
#874 = FACE_OUTER_BOUND ( 'NONE', #2925, .T. ) ;
#875 = VECTOR ( 'NONE', #3691, 1000.000000000000000 ) ;
#876 = CARTESIAN_POINT ( 'NONE',  ( -24.50000000000009948, -22.00000000000000355, 27.39999999999999503 ) ) ;
#877 = LINE ( 'NONE', #85, #1738 ) ;
#878 = CARTESIAN_POINT ( 'NONE',  ( 8.500000000000101252, -24.00000000000000711, 28.86446609406726438 ) ) ;
#879 = DIRECTION ( 'NONE',  ( -0.0000000000000000000, -1.000000000000000000, -0.0000000000000000000 ) ) ;
#880 = ORIENTED_EDGE ( 'NONE', *, *, #2350, .F. ) ;
#881 = ORIENTED_EDGE ( 'NONE', *, *, #685, .T. ) ;
#882 = LINE ( 'NONE', #2514, #1391 ) ;
#883 = ORIENTED_EDGE ( 'NONE', *, *, #2280, .T. ) ;
#884 = FACE_OUTER_BOUND ( 'NONE', #4802, .T. ) ;
#885 = CARTESIAN_POINT ( 'NONE',  ( -9.500000000000079936, 16.49999999999999645, 22.40000000000005898 ) ) ;
#886 = CARTESIAN_POINT ( 'NONE',  ( -8.500000000000101252, -23.00000000000000000, 27.39999999999999503 ) ) ;
#887 = LINE ( 'NONE', #1252, #4553 ) ;
#888 = ORIENTED_EDGE ( 'NONE', *, *, #4515, .T. ) ;
#889 = PLANE ( 'NONE',  #3987 ) ;
#890 = ORIENTED_EDGE ( 'NONE', *, *, #608, .F. ) ;
#891 = DIRECTION ( 'NONE',  ( 0.0000000000000000000, 0.0000000000000000000, 1.000000000000000000 ) ) ;
#892 = ORIENTED_EDGE ( 'NONE', *, *, #392, .F. ) ;
#893 = ORIENTED_EDGE ( 'NONE', *, *, #1153, .T. ) ;
#894 = EDGE_LOOP ( 'NONE', ( #3871, #3356, #2299, #3285 ) ) ;
#895 = CARTESIAN_POINT ( 'NONE',  ( 7.637600735771107097, 23.86239926422911495, 28.27689272740077442 ) ) ;
#896 = CARTESIAN_POINT ( 'NONE',  ( 9.500000000000053291, 21.50000000000000000, 14.90916258126162575 ) ) ;
#897 = CARTESIAN_POINT ( 'NONE',  ( -24.50000000000018829, -16.49999999999999645, 4.500000000000103029 ) ) ;
#898 = ADVANCED_FACE ( 'NONE', ( #2348 ), #727, .T. ) ;
#899 = CARTESIAN_POINT ( 'NONE',  ( 3.000000000000006217, -13.00000000000000178, 0.0000000000000000000 ) ) ;
#900 = EDGE_CURVE ( 'NONE', #2388, #3725, #1890, .T. ) ;
#901 = CARTESIAN_POINT ( 'NONE',  ( 2.000000000000002220, 13.99999999999999822, -2.000000000000000000 ) ) ;
#902 = DIRECTION ( 'NONE',  ( -1.000000000000000000, 2.017120320903264257E-17, 3.481882245688215743E-15 ) ) ;
#903 = VECTOR ( 'NONE', #3361, 1000.000000000000000 ) ;
#904 = CARTESIAN_POINT ( 'NONE',  ( -9.500000000000005329, 21.50000000000000000, 0.4999999999999900080 ) ) ;
#905 = VERTEX_POINT ( 'NONE', #1061 ) ;
#906 = DIRECTION ( 'NONE',  ( 3.469446951953611033E-15, 0.0000000000000000000, -1.000000000000000000 ) ) ;
#907 = EDGE_CURVE ( 'NONE', #3924, #2710, #2688, .T. ) ;
#908 = VECTOR ( 'NONE', #1550, 1000.000000000000000 ) ;
#909 = VECTOR ( 'NONE', #756, 1000.000000000000000 ) ;
#910 = ORIENTED_EDGE ( 'NONE', *, *, #5151, .F. ) ;
#911 = CARTESIAN_POINT ( 'NONE',  ( -9.282958538796760806, 21.50000000000000000, 14.92922943124998980 ) ) ;
#912 = ORIENTED_EDGE ( 'NONE', *, *, #9, .F. ) ;
#913 = CARTESIAN_POINT ( 'NONE',  ( -24.50000000000009948, -21.50000000000000000, 27.39999999999999503 ) ) ;
#914 = CYLINDRICAL_SURFACE ( 'NONE', #2356, 0.9999999999999986677 ) ;
#915 = DIRECTION ( 'NONE',  ( 0.0000000000000000000, -3.491481338843134144E-15, 1.000000000000000000 ) ) ;
#916 = LINE ( 'NONE', #2834, #1046 ) ;
#917 = AXIS2_PLACEMENT_3D ( 'NONE', #1406, #1811, #4100 ) ;
#918 = EDGE_CURVE ( 'NONE', #2148, #1560, #4717, .T. ) ;
#919 = VECTOR ( 'NONE', #2349, 1000.000000000000000 ) ;
#920 = EDGE_LOOP ( 'NONE', ( #1338, #3553, #1975, #1568, #1305, #2152, #2423, #2815, #1522, #471, #2811, #3723 ) ) ;
#921 = FACE_OUTER_BOUND ( 'NONE', #263, .T. ) ;
#922 = ORIENTED_EDGE ( 'NONE', *, *, #1183, .F. ) ;
#923 = ORIENTED_EDGE ( 'NONE', *, *, #1293, .F. ) ;
#924 = ORIENTED_EDGE ( 'NONE', *, *, #1841, .F. ) ;
#925 = EDGE_LOOP ( 'NONE', ( #1544, #107, #220, #1598 ) ) ;
#926 = LINE ( 'NONE', #2900, #2814 ) ;
#927 = CARTESIAN_POINT ( 'NONE',  ( -6.500000000000000000, -21.50000000000000000, -2.000000000000000000 ) ) ;
#928 = DIRECTION ( 'NONE',  ( -3.481882245688216137E-15, -3.469446951953612611E-15, -1.000000000000000000 ) ) ;
#929 = CARTESIAN_POINT ( 'NONE',  ( 0.0000000000000000000, -17.50000000000000000, -12.00000000000000000 ) ) ;
#930 = CARTESIAN_POINT ( 'NONE',  ( 9.500000000000099476, 21.50000000000000000, 27.89999999999999147 ) ) ;
#931 = LINE ( 'NONE', #2911, #4126 ) ;
#932 = CARTESIAN_POINT ( 'NONE',  ( 7.500000000000003553, -21.50000000000000000, 0.4999999999999987232 ) ) ;
#933 = EDGE_CURVE ( 'NONE', #1575, #3840, #5132, .T. ) ;
#934 = ORIENTED_EDGE ( 'NONE', *, *, #4371, .F. ) ;
#935 = DIRECTION ( 'NONE',  ( 0.0000000000000000000, 1.000000000000000000, 0.0000000000000000000 ) ) ;
#936 = EDGE_LOOP ( 'NONE', ( #3187, #4577, #2685, #2271 ) ) ;
#937 = PLANE ( 'NONE',  #503 ) ;
#938 = CARTESIAN_POINT ( 'NONE',  ( -10.00000000000009948, 21.50000000000000000, 29.89999999999999503 ) ) ;
#939 = DIRECTION ( 'NONE',  ( 2.017120320903264257E-17, 1.000000000000000000, -0.0000000000000000000 ) ) ;
#940 = CARTESIAN_POINT ( 'NONE',  ( -9.500000000000053291, -21.50000000000000000, 14.91634972440323459 ) ) ;
#941 = VERTEX_POINT ( 'NONE', #2639 ) ;
#942 = DIRECTION ( 'NONE',  ( 0.0000000000000000000, 0.0000000000000000000, 1.000000000000000000 ) ) ;
#943 = EDGE_LOOP ( 'NONE', ( #4743, #3352, #837, #3996, #2836, #717, #3614 ) ) ;
#944 = DIRECTION ( 'NONE',  ( 1.000000000000000000, 0.0000000000000000000, 0.0000000000000000000 ) ) ;
#945 = VECTOR ( 'NONE', #376, 1000.000000000000000 ) ;
#946 = EDGE_LOOP ( 'NONE', ( #3293, #3606, #1674, #3035 ) ) ;
#947 = ORIENTED_EDGE ( 'NONE', *, *, #1407, .T. ) ;
#948 = VERTEX_POINT ( 'NONE', #4246 ) ;
#949 = VECTOR ( 'NONE', #4698, 1000.000000000000000 ) ;
#950 = PLANE ( 'NONE',  #70 ) ;
#951 = CARTESIAN_POINT ( 'NONE',  ( 9.500000000000101252, -21.99999999999999289, 27.69289321881344534 ) ) ;
#952 = EDGE_CURVE ( 'NONE', #3345, #2247, #677, .T. ) ;
#953 = CARTESIAN_POINT ( 'NONE',  ( 8.500000000000000000, -23.00000000000009237, 1.703089995932695720E-15 ) ) ;
#954 = CARTESIAN_POINT ( 'NONE',  ( -9.500000000000083489, -4.000000000000000888, 23.40000000000005898 ) ) ;
#955 = PLANE ( 'NONE',  #4872 ) ;
#956 = DIRECTION ( 'NONE',  ( 0.0000000000000000000, -1.000000000000000000, 2.775557561562888984E-15 ) ) ;
#957 = AXIS2_PLACEMENT_3D ( 'NONE', #1440, #963, #2546 ) ;
#958 = DIRECTION ( 'NONE',  ( 0.0000000000000000000, 0.0000000000000000000, -1.000000000000000000 ) ) ;
#959 = ORIENTED_EDGE ( 'NONE', *, *, #1356, .T. ) ;
#960 = CARTESIAN_POINT ( 'NONE',  ( -24.50000000000018829, 3.999999999999998224, 4.500000000000106581 ) ) ;
#961 = DIRECTION ( 'NONE',  ( 1.000000000000000000, 0.0000000000000000000, 0.0000000000000000000 ) ) ;
#962 = CARTESIAN_POINT ( 'NONE',  ( 8.500000000000101252, -23.99999999999999645, 27.39999999999999503 ) ) ;
#963 = DIRECTION ( 'NONE',  ( -1.000000000000000000, 0.0000000000000000000, 0.0000000000000000000 ) ) ;
#964 = EDGE_CURVE ( 'NONE', #309, #3295, #244, .T. ) ;
#965 = VERTEX_POINT ( 'NONE', #2278 ) ;
#966 = CARTESIAN_POINT ( 'NONE',  ( -8.500000000007334577, -23.99999999999999645, 27.56362646489818147 ) ) ;
#967 = DIRECTION ( 'NONE',  ( 0.0000000000000000000, 0.0000000000000000000, 1.000000000000000000 ) ) ;
#968 = EDGE_CURVE ( 'NONE', #3158, #3924, #2859, .T. ) ;
#969 = ORIENTED_EDGE ( 'NONE', *, *, #2387, .F. ) ;
#970 = EDGE_LOOP ( 'NONE', ( #2061, #2679, #3444, #3092 ) ) ;
#971 = CARTESIAN_POINT ( 'NONE',  ( 8.869919785739734053, 23.38346702376727393, 29.05206688216545530 ) ) ;
#972 = DIRECTION ( 'NONE',  ( 0.0000000000000000000, 0.0000000000000000000, -1.000000000000000000 ) ) ;
#973 = ADVANCED_FACE ( 'NONE', ( #798 ), #4874, .F. ) ;
#974 = CARTESIAN_POINT ( 'NONE',  ( 24.50000000000009948, 22.00000000000000000, 27.39999999999999858 ) ) ;
#975 = DIRECTION ( 'NONE',  ( 3.481882245688215743E-15, 0.0000000000000000000, -1.000000000000000000 ) ) ;
#976 = CARTESIAN_POINT ( 'NONE',  ( 9.500000000000049738, 17.49999999999999645, 22.39999999999999147 ) ) ;
#977 = CARTESIAN_POINT ( 'NONE',  ( 0.0000000000000000000, 24.00000000000004263, 14.89999999999999147 ) ) ;
#978 = EDGE_CURVE ( 'NONE', #3295, #1700, #1869, .T. ) ;
#979 = CARTESIAN_POINT ( 'NONE',  ( -7.500000000000082601, 16.49999999999999645, 23.40000000000005187 ) ) ;
#980 = ORIENTED_EDGE ( 'NONE', *, *, #490, .F. ) ;
#981 = CARTESIAN_POINT ( 'NONE',  ( -2.000000000000002220, 13.99999999999999822, -12.00000000000000000 ) ) ;
#982 = CARTESIAN_POINT ( 'NONE',  ( -6.500000000000000000, 23.50000000000000000, 0.0000000000000000000 ) ) ;
#983 = CARTESIAN_POINT ( 'NONE',  ( -24.50000000000009948, 22.00000000000000000, 27.39999999999999858 ) ) ;
#984 = FACE_OUTER_BOUND ( 'NONE', #1053, .T. ) ;
#985 = AXIS2_PLACEMENT_3D ( 'NONE', #4935, #3386, #2881 ) ;
#986 = EDGE_CURVE ( 'NONE', #3924, #4604, #3222, .T. ) ;
#987 = ORIENTED_EDGE ( 'NONE', *, *, #2155, .F. ) ;
#989 = DIRECTION ( 'NONE',  ( 3.481882245688215743E-15, 2.748692399616089423E-31, -1.000000000000000000 ) ) ;
#988 = CIRCLE ( 'NONE', #3076, 0.5000000000000004441 ) ;
#990 = ORIENTED_EDGE ( 'NONE', *, *, #4483, .T. ) ;
#991 = FACE_OUTER_BOUND ( 'NONE', #3314, .T. ) ;
#992 = PRODUCT_DEFINITION ( 'æœ', '', #2670, #4779 ) ;
#993 = CIRCLE ( 'NONE', #3248, 0.5000000000000004441 ) ;
#994 = VECTOR ( 'NONE', #3579, 1000.000000000000000 ) ;
#995 = ADVANCED_FACE ( 'NONE', ( #1647 ), #2452, .T. ) ;
#996 = ORIENTED_EDGE ( 'NONE', *, *, #1765, .F. ) ;
#997 = ORIENTED_EDGE ( 'NONE', *, *, #3258, .F. ) ;
#998 = CARTESIAN_POINT ( 'NONE',  ( 6.499999999999998224, 25.50000000000003553, -11.99999999999999289 ) ) ;
#999 = AXIS2_PLACEMENT_3D ( 'NONE', #2556, #3753, #1000 ) ;
#1000 = DIRECTION ( 'NONE',  ( 3.469446951953611033E-15, 0.0000000000000000000, 1.000000000000000000 ) ) ;
#1001 = EDGE_CURVE ( 'NONE', #4657, #4102, #29, .T. ) ;
#1002 = EDGE_CURVE ( 'NONE', #948, #2004, #2426, .T. ) ;
#1003 = ORIENTED_EDGE ( 'NONE', *, *, #564, .F. ) ;
#1004 = LINE ( 'NONE', #167, #3986 ) ;
#1005 = CARTESIAN_POINT ( 'NONE',  ( -6.500000000000000000, 21.50000000000000000, -2.000000000000000000 ) ) ;
#1006 = DIRECTION ( 'NONE',  ( 0.0000000000000000000, 0.0000000000000000000, 1.000000000000000000 ) ) ;
#1007 = EDGE_CURVE ( 'NONE', #2513, #1703, #3196, .T. ) ;
#1008 = VERTEX_POINT ( 'NONE', #53 ) ;
#1009 = CARTESIAN_POINT ( 'NONE',  ( 10.00000000000066436, -24.00000000000004263, 14.91977001746919029 ) ) ;
#1010 = ORIENTED_EDGE ( 'NONE', *, *, #2454, .F. ) ;
#1011 = DIRECTION ( 'NONE',  ( 0.0000000000000000000, 1.000000000000000000, 0.0000000000000000000 ) ) ;
#1012 = LINE ( 'NONE', #982, #1028 ) ;
#1013 = FACE_OUTER_BOUND ( 'NONE', #49, .T. ) ;
#1014 = VECTOR ( 'NONE', #3538, 1000.000000000000000 ) ;
#1015 = DIRECTION ( 'NONE',  ( 0.0000000000000000000, 0.0000000000000000000, 1.000000000000000000 ) ) ;
#1016 = ADVANCED_FACE ( 'NONE', ( #82 ), #2479, .F. ) ;
#1017 = ADVANCED_FACE ( 'NONE', ( #1677 ), #4399, .F. ) ;
#1018 = EDGE_LOOP ( 'NONE', ( #171, #725, #2525 ) ) ;
#1019 = CARTESIAN_POINT ( 'NONE',  ( -10.00000000000009948, -21.49999999999999645, 29.89999999999999147 ) ) ;
#1020 = EDGE_LOOP ( 'NONE', ( #3268, #3244, #560, #1641 ) ) ;
#1021 = EDGE_CURVE ( 'NONE', #4621, #4089, #1993, .T. ) ;
#1022 = CARTESIAN_POINT ( 'NONE',  ( -24.50000000000009948, 24.00000000000000000, 27.40000000000000213 ) ) ;
#1023 = ADVANCED_FACE ( 'NONE', ( #2793 ), #3646, .F. ) ;
#1024 = ORIENTED_EDGE ( 'NONE', *, *, #4576, .F. ) ;
#1025 = DIRECTION ( 'NONE',  ( 0.0000000000000000000, 1.000000000000000000, -3.469446951953612611E-15 ) ) ;
#1026 = VERTEX_POINT ( 'NONE', #3596 ) ;
#1027 = CARTESIAN_POINT ( 'NONE',  ( 10.00000000000009948, 21.49999999999999289, 29.89999999999999147 ) ) ;
#1028 = VECTOR ( 'NONE', #2593, 1000.000000000000000 ) ;
#1029 = DIRECTION ( 'NONE',  ( 3.469446951953611033E-15, 0.0000000000000000000, -1.000000000000000000 ) ) ;
#1030 = ORIENTED_EDGE ( 'NONE', *, *, #1572, .F. ) ;
#1031 = CIRCLE ( 'NONE', #4280, 2.499999999999995115 ) ;
#1032 = EDGE_CURVE ( 'NONE', #4533, #3634, #2875, .T. ) ;
#1033 = CARTESIAN_POINT ( 'NONE',  ( 10.00000000000009592, 22.00000000000000000, 27.39999999999999503 ) ) ;
#1034 = CARTESIAN_POINT ( 'NONE',  ( 6.499999999999998224, -23.00000000000000000, -1.999999999999996669 ) ) ;
#1035 = DIRECTION ( 'NONE',  ( 1.000000000000000000, 0.0000000000000000000, 0.0000000000000000000 ) ) ;
#1036 = VECTOR ( 'NONE', #2844, 1000.000000000000000 ) ;
#1037 = AXIS2_PLACEMENT_3D ( 'NONE', #1562, #1172, #2674 ) ;
#1038 = ADVANCED_FACE ( 'NONE', ( #2044 ), #4846, .F. ) ;
#1039 = DIRECTION ( 'NONE',  ( 1.000000000000000000, 3.942553354492771634E-17, -3.480674935616895651E-15 ) ) ;
#1040 = ORIENTED_EDGE ( 'NONE', *, *, #3464, .F. ) ;
#1041 = AXIS2_PLACEMENT_3D ( 'NONE', #1173, #2758, #4337 ) ;
#1042 = CARTESIAN_POINT ( 'NONE',  ( -8.500000000007084111, 23.99999999999999645, 27.56362646489801449 ) ) ;
#1043 = DIRECTION ( 'NONE',  ( -0.0000000000000000000, -1.000000000000000000, -3.491481338843134144E-15 ) ) ;
#1044 = CARTESIAN_POINT ( 'NONE',  ( 10.00000000000010836, -21.50000000000000000, 29.89999999999999503 ) ) ;
#1045 = LINE ( 'NONE', #3844, #372 ) ;
#1046 = VECTOR ( 'NONE', #3740, 1000.000000000000000 ) ;
#1047 = VERTEX_POINT ( 'NONE', #1579 ) ;
#1048 = CARTESIAN_POINT ( 'NONE',  ( 9.092543153246101184, -21.50000000000000000, 14.91977001746919385 ) ) ;
#1049 = ORIENTED_EDGE ( 'NONE', *, *, #3499, .F. ) ;
#1050 = DIRECTION ( 'NONE',  ( -3.481882245688216137E-15, 3.469446951953613006E-15, 1.000000000000000000 ) ) ;
#1051 = ORIENTED_EDGE ( 'NONE', *, *, #686, .T. ) ;
#1052 = LINE ( 'NONE', #2631, #1821 ) ;
#1053 = EDGE_LOOP ( 'NONE', ( #4459, #738, #4710, #2449 ) ) ;
#1054 = DIRECTION ( 'NONE',  ( -0.0000000000000000000, 1.000000000000000000, -0.0000000000000000000 ) ) ;
#1055 = DIRECTION ( 'NONE',  ( -1.000000000000000000, 1.776356839400250465E-15, 0.0000000000000000000 ) ) ;
#1056 = EDGE_CURVE ( 'NONE', #1350, #23, #3171, .T. ) ;
#1057 = ORIENTED_EDGE ( 'NONE', *, *, #3075, .T. ) ;
#1058 = VERTEX_POINT ( 'NONE', #1187 ) ;
#1059 = EDGE_CURVE ( 'NONE', #373, #4634, #1234, .T. ) ;
#1060 = FACE_OUTER_BOUND ( 'NONE', #4510, .T. ) ;
#1061 = CARTESIAN_POINT ( 'NONE',  ( -7.500000000000016875, 16.49999999999999645, 4.500000000000048850 ) ) ;
#1062 = FACE_OUTER_BOUND ( 'NONE', #4348, .T. ) ;
#1063 = CARTESIAN_POINT ( 'NONE',  ( 24.50000000000009948, 17.98221343439128361, 27.89999999999999147 ) ) ;
#1064 = EDGE_LOOP ( 'NONE', ( #3619, #4844, #3048, #684, #2733 ) ) ;
#1065 = DIRECTION ( 'NONE',  ( 2.017120320903264257E-17, -1.000000000000000000, 7.023375432769992151E-32 ) ) ;
#1066 = LINE ( 'NONE', #2646, #2940 ) ;
#1067 = DIRECTION ( 'NONE',  ( 0.0000000000000000000, 3.469446951953612611E-15, -1.000000000000000000 ) ) ;
#1068 = DIRECTION ( 'NONE',  ( 0.0000000000000000000, 0.0000000000000000000, 1.000000000000000000 ) ) ;
#1069 = EDGE_CURVE ( 'NONE', #1823, #5105, #4009, .T. ) ;
#1070 = EDGE_CURVE ( 'NONE', #3168, #2829, #4283, .T. ) ;
#1071 = AXIS2_PLACEMENT_3D ( 'NONE', #378, #4012, #3600 ) ;
#1072 = VERTEX_POINT ( 'NONE', #4632 ) ;
#1073 = DIRECTION ( 'NONE',  ( 0.0000000000000000000, -3.469446951953613006E-15, 1.000000000000000000 ) ) ;
#1074 = EDGE_LOOP ( 'NONE', ( #3726, #3235, #2943, #3313 ) ) ;
#1075 = DIRECTION ( 'NONE',  ( 0.0000000000000000000, 0.0000000000000000000, -1.000000000000000000 ) ) ;
#1076 = AXIS2_PLACEMENT_3D ( 'NONE', #403, #779, #379 ) ;
#1077 = VECTOR ( 'NONE', #1882, 1000.000000000000000 ) ;
#1078 = EDGE_CURVE ( 'NONE', #340, #1639, #1444, .T. ) ;
#1079 = VECTOR ( 'NONE', #3246, 1000.000000000000000 ) ;
#1080 = VERTEX_POINT ( 'NONE', #3822 ) ;
#1081 = FACE_OUTER_BOUND ( 'NONE', #4898, .T. ) ;
#1082 = ORIENTED_EDGE ( 'NONE', *, *, #4823, .T. ) ;
#1083 = LINE ( 'NONE', #5052, #2314 ) ;
#1084 = EDGE_CURVE ( 'NONE', #2513, #1935, #229, .T. ) ;
#1085 = CARTESIAN_POINT ( 'NONE',  ( -7.500000000000102141, 21.50000000000000000, 27.39999999999999503 ) ) ;
#1086 = CIRCLE ( 'NONE', #3997, 21.89999999999999503 ) ;
#1087 = ORIENTED_EDGE ( 'NONE', *, *, #4506, .T. ) ;
#1088 = AXIS2_PLACEMENT_3D ( 'NONE', #1434, #1035, #2616 ) ;
#1089 = DIRECTION ( 'NONE',  ( 3.503246160812042677E-46, -1.000000000000000000, -3.491481338843133355E-15 ) ) ;
#1090 = DIRECTION ( 'NONE',  ( 0.0000000000000000000, 0.0000000000000000000, 1.000000000000000000 ) ) ;
#1091 = CARTESIAN_POINT ( 'NONE',  ( -24.50000000000009948, -24.00000000000003908, 14.89999999999999147 ) ) ;
#1092 = CARTESIAN_POINT ( 'NONE',  ( 7.500000000000096811, 21.50000000000000000, 27.39999999999999503 ) ) ;
#1093 = CARTESIAN_POINT ( 'NONE',  ( -10.00000000000009948, -22.00000000000000000, 27.39999999999999858 ) ) ;
#1094 = PLANE ( 'NONE',  #4369 ) ;
#1095 = CARTESIAN_POINT ( 'NONE',  ( 9.500000000000001776, 3.000000000000000000, -3.135613839750379111E-14 ) ) ;
#1096 = EDGE_CURVE ( 'NONE', #1008, #1447, #2223, .T. ) ;
#1097 = EDGE_LOOP ( 'NONE', ( #236, #5022, #1815, #3019 ) ) ;
#1098 = VECTOR ( 'NONE', #2013, 1000.000000000000000 ) ;
#1099 = DIRECTION ( 'NONE',  ( -0.0000000000000000000, 0.0000000000000000000, 1.000000000000000000 ) ) ;
#1100 = DIRECTION ( 'NONE',  ( -3.481882245688216531E-15, -3.469446951953613400E-15, 1.000000000000000000 ) ) ;
#1101 = CARTESIAN_POINT ( 'NONE',  ( 9.707106781186647382, 21.79289321881345032, 27.89999999999998437 ) ) ;
#1102 = ORIENTED_EDGE ( 'NONE', *, *, #4121, .F. ) ;
#1103 = LINE ( 'NONE', #5147, #232 ) ;
#1104 = ORIENTED_EDGE ( 'NONE', *, *, #1126, .T. ) ;
#1105 = CARTESIAN_POINT ( 'NONE',  ( 9.738211819403012726, 21.76178818060237319, 29.89999999999132285 ) ) ;
#1106 = LINE ( 'NONE', #1085, #1760 ) ;
#1107 = ORIENTED_EDGE ( 'NONE', *, *, #3032, .T. ) ;
#1108 = EDGE_CURVE ( 'NONE', #4762, #4216, #1697, .T. ) ;
#1109 = VECTOR ( 'NONE', #628, 1000.000000000000000 ) ;
#1110 = DIRECTION ( 'NONE',  ( -3.469446951953622866E-15, 0.0000000000000000000, -1.000000000000000000 ) ) ;
#1111 = DIRECTION ( 'NONE',  ( 1.000000000000000000, 0.0000000000000000000, 0.0000000000000000000 ) ) ;
#1112 = DIRECTION ( 'NONE',  ( -1.000000000000000000, 0.0000000000000000000, 3.481882245688216531E-15 ) ) ;
#1113 = AXIS2_PLACEMENT_3D ( 'NONE', #1005, #193, #3808 ) ;
#1114 = ADVANCED_FACE ( 'NONE', ( #991 ), #3429, .T. ) ;
#1115 = CARTESIAN_POINT ( 'NONE',  ( -9.500000000000001776, 17.49999999999999645, -3.135613839750378480E-14 ) ) ;
#1116 = CARTESIAN_POINT ( 'NONE',  ( -8.807338558540470430, 23.48776906909935391, 28.92497447201975547 ) ) ;
#1117 = CARTESIAN_POINT ( 'NONE',  ( -9.500000000000101252, 21.99999999999999645, 27.69289321881344534 ) ) ;
#1118 = CARTESIAN_POINT ( 'NONE',  ( 10.00000000000010303, -21.49999999999999645, 29.89999999999999147 ) ) ;
#1119 =( BOUNDED_SURFACE ( )  B_SPLINE_SURFACE ( 3, 2, ( 
 ( #962, #1366, #4181 ),
 ( #2519, #125, #4205 ),
 ( #605, #2193, #1818 ),
 ( #2146, #3816, #3790 ),
 ( #223, #3022, #2621 ),
 ( #2119, #4133, #3739 ),
 ( #3716, #1722, #3319 ),
 ( #147, #4748, #3549 ),
 ( #5137, #4329, #707 ),
 ( #3526, #1557, #3149 ),
 ( #5114, #3891, #3497 ),
 ( #5041, #1874, #4723 ),
 ( #5090, #3474, #3074 ),
 ( #3867, #4253, #1118 ) ),
 .UNSPECIFIED., .F., .F., .F. ) 
 B_SPLINE_SURFACE_WITH_KNOTS ( ( 4, 2, 2, 2, 2, 2, 4 ),
 ( 3, 3 ),
 ( 6.283185307179586232, 6.479534848028948524, 6.675884388878310816, 6.872233929727672219, 7.068583470577034511, 7.461282552275758206, 7.853981633974482790 ),
 ( 0.0000000000000000000, 1.000000000000000000 ),
 .UNSPECIFIED. ) 
 GEOMETRIC_REPRESENTATION_ITEM ( )  RATIONAL_B_SPLINE_SURFACE ( (
 ( 1.000000000000000000, 0.7071067811865475727, 1.000000000000000000),
 ( 1.000000000000000000, 0.7070717253461208385, 1.000000000000000000),
 ( 1.000000000000000000, 0.7117460065651318724, 1.000000000000000000),
 ( 1.000000000000000000, 0.7291288899781845911, 1.000000000000000000),
 ( 1.000000000000000000, 0.7418334233299086478, 1.000000000000000000),
 ( 1.000000000000000000, 0.7723968163672952914, 1.000000000000000000),
 ( 1.000000000000000000, 0.7902180133723549771, 1.000000000000000000),
 ( 1.000000000000000000, 0.8275942648709877503, 1.000000000000000000),
 ( 1.000000000000000000, 0.8471316638280894651, 1.000000000000000000),
 ( 1.000000000000000000, 0.9038128836971348612, 1.000000000000000000),
 ( 1.000000000000000000, 0.9386556535315784267, 1.000000000000000000),
 ( 1.000000000000000000, 0.9867291862307344674, 1.000000000000000000),
 ( 1.000000000000000000, 1.000158583040924754, 1.000000000000000000),
 ( 1.000000000000000000, 1.000000000000000000, 1.000000000000000000) ) ) 
 REPRESENTATION_ITEM ( '' )  SURFACE ( )  );
#1120 = ORIENTED_EDGE ( 'NONE', *, *, #4771, .T. ) ;
#1121 = VERTEX_POINT ( 'NONE', #2654 ) ;
#1122 = DIRECTION ( 'NONE',  ( 3.481882245688216531E-15, -3.469446951953613794E-15, -1.000000000000000000 ) ) ;
#1123 = CARTESIAN_POINT ( 'NONE',  ( 10.00000000000010836, -24.00000000000000000, 27.40000000000000213 ) ) ;
#1124 = DIRECTION ( 'NONE',  ( -3.481882245688215743E-15, 6.270870922116162168E-34, 1.000000000000000000 ) ) ;
#1125 = VECTOR ( 'NONE', #1378, 1000.000000000000000 ) ;
#1126 = EDGE_CURVE ( 'NONE', #3231, #1425, #4233, .T. ) ;
#1127 = EDGE_CURVE ( 'NONE', #3904, #3522, #4212, .T. ) ;
#1128 = ORIENTED_EDGE ( 'NONE', *, *, #4300, .T. ) ;
#1129 = FACE_OUTER_BOUND ( 'NONE', #226, .T. ) ;
#1130 = VERTEX_POINT ( 'NONE', #2248 ) ;
#1131 = CARTESIAN_POINT ( 'NONE',  ( -37.00000000000000000, 0.0000000000000000000, 29.89999999999998792 ) ) ;
#1132 = DIRECTION ( 'NONE',  ( 0.0000000000000000000, 0.0000000000000000000, -1.000000000000000000 ) ) ;
#1133 = ORIENTED_EDGE ( 'NONE', *, *, #1356, .F. ) ;
#1134 = CARTESIAN_POINT ( 'NONE',  ( -6.499999999999998224, 23.50000000000003553, -12.00000000000000000 ) ) ;
#1135 = DIRECTION ( 'NONE',  ( -0.0000000000000000000, -1.000000000000000000, -0.0000000000000000000 ) ) ;
#1136 = CARTESIAN_POINT ( 'NONE',  ( 6.499999999999998224, 25.50000000000003553, -11.99999999999999289 ) ) ;
#1137 = DIRECTION ( 'NONE',  ( 0.0000000000000000000, -1.000000000000000000, 0.0000000000000000000 ) ) ;
#1138 = CARTESIAN_POINT ( 'NONE',  ( -8.500000000000101252, 23.99999999999999645, 27.39999999999999503 ) ) ;
#1139 = FACE_OUTER_BOUND ( 'NONE', #3777, .T. ) ;
#1140 = LINE ( 'NONE', #2239, #1422 ) ;
#1141 = ORIENTED_EDGE ( 'NONE', *, *, #2557, .T. ) ;
#1142 = DIRECTION ( 'NONE',  ( 3.481882245688215743E-15, 0.0000000000000000000, -1.000000000000000000 ) ) ;
#1143 = CARTESIAN_POINT ( 'NONE',  ( 6.499999999999998224, 23.50000000000003553, -12.00000000000000000 ) ) ;
#1144 = DIRECTION ( 'NONE',  ( 0.0000000000000000000, -1.000000000000000000, -3.491481338843133355E-15 ) ) ;
#1145 = VERTEX_POINT ( 'NONE', #4188 ) ;
#1147 = DIRECTION ( 'NONE',  ( 1.000000000000000000, 2.017120320903264257E-17, 3.481882245688215743E-15 ) ) ;
#1146 = VECTOR ( 'NONE', #3279, 1000.000000000000000 ) ;
#1148 = EDGE_LOOP ( 'NONE', ( #1459, #3407, #694, #4642 ) ) ;
#1149 = VECTOR ( 'NONE', #801, 1000.000000000000000 ) ;
#1150 = FACE_OUTER_BOUND ( 'NONE', #4155, .T. ) ;
#1151 = FACE_OUTER_BOUND ( 'NONE', #1794, .T. ) ;
#1152 = VECTOR ( 'NONE', #1400, 1000.000000000000000 ) ;
#1153 = EDGE_CURVE ( 'NONE', #4871, #1575, #1322, .T. ) ;
#1154 = VECTOR ( 'NONE', #4877, 1000.000000000000000 ) ;
#1155 = ORIENTED_EDGE ( 'NONE', *, *, #2387, .T. ) ;
#1156 = ORIENTED_EDGE ( 'NONE', *, *, #2973, .T. ) ;
#1157 = LINE ( 'NONE', #1991, #1905 ) ;
#1158 = LINE ( 'NONE', #1506, #1197 ) ;
#1159 = PLANE ( 'NONE',  #77 ) ;
#1160 = STYLED_ITEM ( 'NONE', ( #3573 ), #4392 ) ;
#1161 = CIRCLE ( 'NONE', #4419, 2.500000000000000444 ) ;
#1162 = LINE ( 'NONE', #2825, #2394 ) ;
#1163 = CARTESIAN_POINT ( 'NONE',  ( -10.00000000000010303, 21.49999999999999289, 29.89999999999999147 ) ) ;
#1164 = CARTESIAN_POINT ( 'NONE',  ( -10.00000000000009948, 21.50000000000000000, 27.39999999999999503 ) ) ;
#1165 = DIRECTION ( 'NONE',  ( -1.734723475976808475E-15, 1.000000000000000000, 0.0000000000000000000 ) ) ;
#1166 = CIRCLE ( 'NONE', #4929, 0.5000000000000004441 ) ;
#1167 = ORIENTED_EDGE ( 'NONE', *, *, #1403, .F. ) ;
#1168 = CARTESIAN_POINT ( 'NONE',  ( 10.00000000000010836, -24.00000000000000000, 27.40000000000000213 ) ) ;
#1169 = ORIENTED_EDGE ( 'NONE', *, *, #1787, .T. ) ;
#1170 = ADVANCED_FACE ( 'NONE', ( #4658 ), #613, .F. ) ;
#1171 = CARTESIAN_POINT ( 'NONE',  ( 24.50000000000009948, -22.00000000000000000, 27.39999999999999503 ) ) ;
#1172 = DIRECTION ( 'NONE',  ( 0.0000000000000000000, 1.000000000000000000, -3.469446951953670987E-15 ) ) ;
#1173 = CARTESIAN_POINT ( 'NONE',  ( 9.500000000000078160, -4.000000000000000000, 22.39999999999999147 ) ) ;
#1174 = EDGE_LOOP ( 'NONE', ( #602, #1887, #3355, #228 ) ) ;
#1175 = EDGE_CURVE ( 'NONE', #3426, #1844, #3115, .T. ) ;
#1176 =( BOUNDED_SURFACE ( )  B_SPLINE_SURFACE ( 3, 2, ( 
 ( #472, #3973, #4866 ),
 ( #3587, #4156, #966 ),
 ( #2175, #581, #4630 ),
 ( #2976, #4922, #3323 ),
 ( #154, #3002, #2952 ),
 ( #1753, #1369, #529 ),
 ( #2524, #4578, #4603 ),
 ( #1442, #611, #3773 ),
 ( #1825, #3397, #1800 ),
 ( #1348, #1774, #4992 ),
 ( #4556, #4532, #2549 ),
 ( #2149, #2501, #177 ),
 ( #4209, #2926, #227 ),
 ( #1019, #1419, #3351 ) ),
 .UNSPECIFIED., .F., .F., .T. ) 
 B_SPLINE_SURFACE_WITH_KNOTS ( ( 4, 2, 2, 2, 2, 2, 4 ),
 ( 3, 3 ),
 ( 3.141592653589793116, 3.337942194439155408, 3.534291735288517255, 3.730641276137879103, 3.926990816987241395, 4.319689898685965090, 4.712388980384689674 ),
 ( 0.0000000000000000000, 1.000000000000000000 ),
 .UNSPECIFIED. ) 
 GEOMETRIC_REPRESENTATION_ITEM ( )  RATIONAL_B_SPLINE_SURFACE ( (
 ( 1.000000000000000000, 0.7071067811865475727, 1.000000000000000000),
 ( 1.000000000000000000, 0.7070717253461166196, 1.000000000000000000),
 ( 1.000000000000000000, 0.7117460065651378676, 1.000000000000000000),
 ( 1.000000000000000000, 0.7291288899781785959, 1.000000000000000000),
 ( 1.000000000000000000, 0.7418334233299210823, 1.000000000000000000),
 ( 1.000000000000000000, 0.7723968163672829679, 1.000000000000000000),
 ( 1.000000000000000000, 0.7902180133723291089, 1.000000000000000000),
 ( 1.000000000000000000, 0.8275942648710118421, 1.000000000000000000),
 ( 1.000000000000000000, 0.8471316638281768396, 1.000000000000000000),
 ( 1.000000000000000000, 0.9038128836969619995, 1.000000000000000000),
 ( 1.000000000000000000, 0.9386556535315634386, 1.000000000000000000),
 ( 1.000000000000000000, 0.9867291862307491224, 1.000000000000000000),
 ( 1.000000000000000000, 1.000158583040913429, 1.000000000000000000),
 ( 1.000000000000000000, 1.000000000000000000, 1.000000000000000000) ) ) 
 REPRESENTATION_ITEM ( '' )  SURFACE ( )  );
#1177 = CARTESIAN_POINT ( 'NONE',  ( -9.500000000000021316, -16.49999999999999645, 5.500000000000051514 ) ) ;
#1178 = EDGE_LOOP ( 'NONE', ( #2325, #78, #1786, #3661 ) ) ;
#1179 = CARTESIAN_POINT ( 'NONE',  ( -7.000000000000002665, 21.50000000000000000, 0.5000000000000004441 ) ) ;
#1180 = DIRECTION ( 'NONE',  ( -2.017120320903336672E-17, 1.000000000000000000, 2.081668171172169992E-16 ) ) ;
#1181 = CIRCLE ( 'NONE', #424, 21.89999999999999503 ) ;
#1182 = EDGE_CURVE ( 'NONE', #3169, #4920, #3453, .T. ) ;
#1183 = EDGE_CURVE ( 'NONE', #4420, #218, #1468, .T. ) ;
#1184 = ORIENTED_EDGE ( 'NONE', *, *, #4027, .F. ) ;
#1185 = EDGE_LOOP ( 'NONE', ( #495, #1672, #1285, #4213 ) ) ;
#1186 = DIRECTION ( 'NONE',  ( -9.599093154917612719E-18, -0.0000000000000000000, -1.000000000000000000 ) ) ;
#1187 = CARTESIAN_POINT ( 'NONE',  ( 6.499999999999998224, -23.00000000000000000, 0.0000000000000000000 ) ) ;
#1188 = DIRECTION ( 'NONE',  ( 3.480674935616895651E-15, 0.0000000000000000000, 1.000000000000000000 ) ) ;
#1189 = EDGE_CURVE ( 'NONE', #447, #548, #690, .T. ) ;
#1190 = DIRECTION ( 'NONE',  ( 1.000000000000000000, 3.942553354492771634E-17, -3.480674935616895651E-15 ) ) ;
#1191 = CARTESIAN_POINT ( 'NONE',  ( 24.50000000000009948, 21.50000000000000000, 27.39999999999999503 ) ) ;
#1192 = LINE ( 'NONE', #681, #702 ) ;
#1193 = FACE_OUTER_BOUND ( 'NONE', #4880, .T. ) ;
#1194 = AXIS2_PLACEMENT_3D ( 'NONE', #3369, #4985, #1412 ) ;
#1195 = CARTESIAN_POINT ( 'NONE',  ( -9.500000000000017764, 16.49999999999999645, 4.500000000000055955 ) ) ;
#1196 = VERTEX_POINT ( 'NONE', #2675 ) ;
#1197 = VECTOR ( 'NONE', #3466, 1000.000000000000000 ) ;
#1198 = CARTESIAN_POINT ( 'NONE',  ( -7.000000000000002665, -21.50000000000000000, 0.5000000000000004441 ) ) ;
#1199 = LINE ( 'NONE', #4390, #2607 ) ;
#1200 = DIRECTION ( 'NONE',  ( 0.0000000000000000000, 0.0000000000000000000, 1.000000000000000000 ) ) ;
#1201 = ORIENTED_EDGE ( 'NONE', *, *, #2865, .F. ) ;
#1202 = ORIENTED_EDGE ( 'NONE', *, *, #1968, .T. ) ;
#1203 = DIRECTION ( 'NONE',  ( 0.0000000000000000000, -1.000000000000000000, 3.491481338843134144E-15 ) ) ;
#1204 = ORIENTED_EDGE ( 'NONE', *, *, #359, .T. ) ;
#1205 = ADVANCED_FACE ( 'NONE', ( #3775 ), #5068, .F. ) ;
#1206 = VECTOR ( 'NONE', #1849, 1000.000000000000000 ) ;
#1207 = ORIENTED_EDGE ( 'NONE', *, *, #4187, .F. ) ;
#1208 = ORIENTED_EDGE ( 'NONE', *, *, #2473, .T. ) ;
#1209 = CARTESIAN_POINT ( 'NONE',  ( 2.000000000000009326, -13.99999999999999822, -12.00000000000000000 ) ) ;
#1210 = DIRECTION ( 'NONE',  ( 0.0000000000000000000, -1.000000000000000000, 0.0000000000000000000 ) ) ;
#1211 = LINE ( 'NONE', #3647, #3763 ) ;
#1212 = CARTESIAN_POINT ( 'NONE',  ( -8.500000000000095923, -23.99999999999999645, 27.40000000000000924 ) ) ;
#1213 = DIRECTION ( 'NONE',  ( 1.734723475976808475E-15, 1.000000000000000000, -0.0000000000000000000 ) ) ;
#1214 = DIRECTION ( 'NONE',  ( -3.469446951953611033E-15, 0.0000000000000000000, -1.000000000000000000 ) ) ;
#1215 = FILL_AREA_STYLE_COLOUR ( '', #4418 ) ;
#1216 = EDGE_LOOP ( 'NONE', ( #3481, #1232, #4842, #864 ) ) ;
#1217 = CARTESIAN_POINT ( 'NONE',  ( 7.000000000000002665, 21.50000000000000000, -2.000000000000000000 ) ) ;
#1218 = ORIENTED_EDGE ( 'NONE', *, *, #3905, .F. ) ;
#1219 = EDGE_CURVE ( 'NONE', #1752, #315, #179, .T. ) ;
#1220 = FACE_OUTER_BOUND ( 'NONE', #1020, .T. ) ;
#1221 = CARTESIAN_POINT ( 'NONE',  ( -6.499999999999997335, -25.50000000000003553, -11.99999999999982947 ) ) ;
#1222 = CARTESIAN_POINT ( 'NONE',  ( -10.00000000000033928, -22.00000000000003908, 14.89999999999998437 ) ) ;
#1223 = ORIENTED_EDGE ( 'NONE', *, *, #3625, .T. ) ;
#1224 = EDGE_LOOP ( 'NONE', ( #4914, #1395, #746, #1227 ) ) ;
#1225 = VERTEX_POINT ( 'NONE', #3377 ) ;
#1226 = CARTESIAN_POINT ( 'NONE',  ( -7.500000000000016875, -3.000000000000000000, 5.500000000000046185 ) ) ;
#1227 = ORIENTED_EDGE ( 'NONE', *, *, #1862, .F. ) ;
#1228 = EDGE_CURVE ( 'NONE', #2927, #2817, #4581, .T. ) ;
#1229 = LINE ( 'NONE', #3927, #2336 ) ;
#1230 = VECTOR ( 'NONE', #1870, 1000.000000000000000 ) ;
#1231 = ORIENTED_EDGE ( 'NONE', *, *, #3557, .T. ) ;
#1232 = ORIENTED_EDGE ( 'NONE', *, *, #4475, .T. ) ;
#1233 = CYLINDRICAL_SURFACE ( 'NONE', #4330, 0.9999999999999985567 ) ;
#1234 = LINE ( 'NONE', #873, #865 ) ;
#1235 = DIRECTION ( 'NONE',  ( 1.000000000000000000, 0.0000000000000000000, -3.480674935616895651E-15 ) ) ;
#1236 = CIRCLE ( 'NONE', #4824, 0.4999999999999970024 ) ;
#1237 = VECTOR ( 'NONE', #450, 1000.000000000000000 ) ;
#1238 = PLANE ( 'NONE',  #3493 ) ;
#1239 = EDGE_CURVE ( 'NONE', #4191, #1883, #2806, .T. ) ;
#1240 = EDGE_CURVE ( 'NONE', #2554, #4790, #3119, .T. ) ;
#1241 = CYLINDRICAL_SURFACE ( 'NONE', #4919, 2.500000000000002220 ) ;
#1242 = CARTESIAN_POINT ( 'NONE',  ( -8.500000000000053291, -24.00000000000004263, 14.91634972440323814 ) ) ;
#1243 = FACE_OUTER_BOUND ( 'NONE', #1224, .T. ) ;
#1244 = AXIS2_PLACEMENT_3D ( 'NONE', #3363, #1791, #2966 ) ;
#1245 = CIRCLE ( 'NONE', #398, 1.000000000000000888 ) ;
#1246 = EDGE_LOOP ( 'NONE', ( #1397, #1956, #2589, #1831, #883, #1743, #4814 ) ) ;
#1247 = DIRECTION ( 'NONE',  ( -5.337610695313251385E-16, -3.469446951953612611E-15, 1.000000000000000000 ) ) ;
#1248 = VERTEX_POINT ( 'NONE', #1222 ) ;
#1250 = CARTESIAN_POINT ( 'NONE',  ( -24.50000000000012434, -3.000000000000000888, 22.40000000000011227 ) ) ;
#1249 = AXIS2_PLACEMENT_3D ( 'NONE', #1705, #4587, #972 ) ;
#1251 = DIRECTION ( 'NONE',  ( 0.0000000000000000000, 0.0000000000000000000, 1.000000000000000000 ) ) ;
#1252 = CARTESIAN_POINT ( 'NONE',  ( 7.500000000000003553, -21.50000000000000000, 0.4999999999999987232 ) ) ;
#1253 = EDGE_CURVE ( 'NONE', #1785, #394, #2015, .T. ) ;
#1254 = ORIENTED_EDGE ( 'NONE', *, *, #1478, .T. ) ;
#1255 = EDGE_CURVE ( 'NONE', #2198, #4168, #5143, .T. ) ;
#1256 = LINE ( 'NONE', #4000, #2732 ) ;
#1257 = ORIENTED_EDGE ( 'NONE', *, *, #3729, .T. ) ;
#1258 = DIRECTION ( 'NONE',  ( 0.0000000000000000000, 0.0000000000000000000, 1.000000000000000000 ) ) ;
#1259 = EDGE_CURVE ( 'NONE', #3894, #1008, #1948, .T. ) ;
#1260 = VERTEX_POINT ( 'NONE', #3898 ) ;
#1261 = ORIENTED_EDGE ( 'NONE', *, *, #4421, .F. ) ;
#1262 = ORIENTED_EDGE ( 'NONE', *, *, #850, .T. ) ;
#1263 = AXIS2_PLACEMENT_3D ( 'NONE', #4241, #722, #3113 ) ;
#1264 = CARTESIAN_POINT ( 'NONE',  ( 7.500000000000097700, 22.99999999999999645, 27.39999999999999503 ) ) ;
#1265 = DIRECTION ( 'NONE',  ( -1.000000000000000000, 0.0000000000000000000, 0.0000000000000000000 ) ) ;
#1266 = CARTESIAN_POINT ( 'NONE',  ( 10.00000000000009948, 21.50000000000000000, 27.39999999999999503 ) ) ;
#1267 = DIRECTION ( 'NONE',  ( 0.0000000000000000000, 0.0000000000000000000, 1.000000000000000000 ) ) ;
#1268 = CARTESIAN_POINT ( 'NONE',  ( -6.499999999999997335, -25.50000000000003553, -11.99999999999982947 ) ) ;
#1269 = CARTESIAN_POINT ( 'NONE',  ( 6.500000000000000000, 23.50000000000000000, 0.0000000000000000000 ) ) ;
#1270 = CARTESIAN_POINT ( 'NONE',  ( -9.500000000000001776, -17.49999999999999645, -3.135613839750379742E-14 ) ) ;
#1271 = PRODUCT ( '\X2\94a391d15feb62c6\X0\', '\X2\94a391d15feb62c6\X0\', '', ( #474 ) ) ;
#1272 = ORIENTED_EDGE ( 'NONE', *, *, #3804, .T. ) ;
#1273 = DIRECTION ( 'NONE',  ( -0.0000000000000000000, -0.0000000000000000000, 1.000000000000000000 ) ) ;
#1274 = ADVANCED_FACE ( 'NONE', ( #362 ), #2702, .T. ) ;
#1275 = ORIENTED_EDGE ( 'NONE', *, *, #1175, .F. ) ;
#1276 = LINE ( 'NONE', #3939, #2870 ) ;
#1277 = ORIENTED_EDGE ( 'NONE', *, *, #3172, .F. ) ;
#1278 = DIRECTION ( 'NONE',  ( 0.0000000000000000000, 0.0000000000000000000, 1.000000000000000000 ) ) ;
#1279 = DIRECTION ( 'NONE',  ( 1.000000000000000000, 0.0000000000000000000, -3.469446951953611033E-15 ) ) ;
#1280 = CARTESIAN_POINT ( 'NONE',  ( -6.499999999999997335, -23.00000000000000000, 3.469446951953614189E-15 ) ) ;
#1281 = CARTESIAN_POINT ( 'NONE',  ( -24.50000000000009948, 24.00000000000000000, 27.40000000000001279 ) ) ;
#1282 = EDGE_CURVE ( 'NONE', #2132, #2345, #5120, .T. ) ;
#1283 = ORIENTED_EDGE ( 'NONE', *, *, #112, .T. ) ;
#1284 = PLANE ( 'NONE',  #821 ) ;
#1285 = ORIENTED_EDGE ( 'NONE', *, *, #3648, .T. ) ;
#1286 = EDGE_CURVE ( 'NONE', #2094, #340, #2131, .T. ) ;
#1287 = ADVANCED_FACE ( 'NONE', ( #1902 ), #788, .T. ) ;
#1288 = ORIENTED_EDGE ( 'NONE', *, *, #384, .T. ) ;
#1289 = AXIS2_PLACEMENT_3D ( 'NONE', #3581, #3131, #4728 ) ;
#1290 = ORIENTED_EDGE ( 'NONE', *, *, #2759, .T. ) ;
#1291 = ORIENTED_EDGE ( 'NONE', *, *, #595, .F. ) ;
#1292 = CARTESIAN_POINT ( 'NONE',  ( 7.579958376007514431, 22.95202497439553824, 28.04820640982123336 ) ) ;
#1293 = EDGE_CURVE ( 'NONE', #152, #3741, #1954, .T. ) ;
#1294 = CARTESIAN_POINT ( 'NONE',  ( -7.500000000000001776, 21.50000000000000000, -2.437317571981751809E-14 ) ) ;
#1295 = PLANE ( 'NONE',  #331 ) ;
#1296 = VECTOR ( 'NONE', #2240, 1000.000000000000000 ) ;
#1297 = LINE ( 'NONE', #4849, #1382 ) ;
#1298 = DIRECTION ( 'NONE',  ( -1.000000000000000000, 0.0000000000000000000, 3.469446951953614189E-15 ) ) ;
#1299 = ORIENTED_EDGE ( 'NONE', *, *, #3702, .T. ) ;
#1300 = FACE_OUTER_BOUND ( 'NONE', #784, .T. ) ;
#1301 = DIRECTION ( 'NONE',  ( -1.000000000000000000, 0.0000000000000000000, 0.0000000000000000000 ) ) ;
#1302 = ORIENTED_EDGE ( 'NONE', *, *, #4443, .T. ) ;
#1303 = LINE ( 'NONE', #977, #2245 ) ;
#1304 = EDGE_CURVE ( 'NONE', #1856, #1725, #2386, .T. ) ;
#1305 = ORIENTED_EDGE ( 'NONE', *, *, #3162, .T. ) ;
#1306 = FACE_OUTER_BOUND ( 'NONE', #2503, .T. ) ;
#1307 = ORIENTED_EDGE ( 'NONE', *, *, #2771, .F. ) ;
#1308 = DIRECTION ( 'NONE',  ( 1.000000000000000000, 0.0000000000000000000, 0.0000000000000000000 ) ) ;
#1309 = DIRECTION ( 'NONE',  ( 0.0000000000000000000, 1.000000000000000000, 0.0000000000000000000 ) ) ;
#1310 = DIRECTION ( 'NONE',  ( -3.469446951953611033E-15, 0.0000000000000000000, -1.000000000000000000 ) ) ;
#1311 = CARTESIAN_POINT ( 'NONE',  ( -24.50000000000018829, 3.999999999999998224, 4.500000000000106581 ) ) ;
#1312 = VERTEX_POINT ( 'NONE', #1563 ) ;
#1313 = LINE ( 'NONE', #2418, #3414 ) ;
#1314 = ORIENTED_EDGE ( 'NONE', *, *, #1699, .F. ) ;
#1315 = APPLICATION_PROTOCOL_DEFINITION ( 'draft international standard', 'automotive_design', 1998, #597 ) ;
#1316 = ORIENTED_EDGE ( 'NONE', *, *, #4507, .T. ) ;
#1317 = ORIENTED_EDGE ( 'NONE', *, *, #1392, .T. ) ;
#1318 = VERTEX_POINT ( 'NONE', #2312 ) ;
#1319 = CARTESIAN_POINT ( 'NONE',  ( 7.500000000000097700, 22.99999999999301181, 27.56362646489820989 ) ) ;
#1320 = ADVANCED_FACE ( 'NONE', ( #3922 ), #2007, .F. ) ;
#1321 = CARTESIAN_POINT ( 'NONE',  ( 3.000000000000006217, -13.00000000000000178, -12.00000000000000000 ) ) ;
#1322 =( BOUNDED_CURVE ( )  B_SPLINE_CURVE ( 3, ( #2578, #3872, #1101, #3850 ),
 .UNSPECIFIED., .F., .F. ) 
 B_SPLINE_CURVE_WITH_KNOTS ( ( 4, 4 ),
 ( 0.0000000000000000000, 1.570796326794896558 ),
 .UNSPECIFIED. ) 
 CURVE ( )  GEOMETRIC_REPRESENTATION_ITEM ( )  RATIONAL_B_SPLINE_CURVE ( ( 1.000000000000000000, 0.8047378541243649375, 0.8047378541243649375, 1.000000000000000000 ) ) 
 REPRESENTATION_ITEM ( '' )  );
#1323 = ADVANCED_FACE ( 'NONE', ( #1540 ), #1592, .T. ) ;
#1324 = AXIS2_PLACEMENT_3D ( 'NONE', #2429, #4770, #825 ) ;
#1325 = CARTESIAN_POINT ( 'NONE',  ( -2.000000000000002220, 13.99999999999999822, -2.000000000000000000 ) ) ;
#1326 = CARTESIAN_POINT ( 'NONE',  ( 10.00000000000061284, -22.00000000000000355, 27.39999999999999503 ) ) ;
#1327 = EDGE_CURVE ( 'NONE', #2222, #2829, #4042, .T. ) ;
#1328 = LINE ( 'NONE', #4978, #4079 ) ;
#1329 = AXIS2_PLACEMENT_3D ( 'NONE', #566, #4643, #1526 ) ;
#1330 = FACE_OUTER_BOUND ( 'NONE', #920, .T. ) ;
#1331 = CYLINDRICAL_SURFACE ( 'NONE', #1244, 1.000000000000001332 ) ;
#1332 = VECTOR ( 'NONE', #2253, 1000.000000000000000 ) ;
#1333 = AXIS2_PLACEMENT_3D ( 'NONE', #2810, #2392, #3695 ) ;
#1334 = EDGE_CURVE ( 'NONE', #4968, #3682, #1978, .T. ) ;
#1335 = ORIENTED_EDGE ( 'NONE', *, *, #1084, .T. ) ;
#1336 = EDGE_CURVE ( 'NONE', #1130, #373, #3185, .T. ) ;
#1337 = DIRECTION ( 'NONE',  ( 1.000000000000000000, 0.0000000000000000000, 0.0000000000000000000 ) ) ;
#1338 = ORIENTED_EDGE ( 'NONE', *, *, #1001, .T. ) ;
#1339 = CARTESIAN_POINT ( 'NONE',  ( 24.50000000000009948, -21.50000000000000000, 27.89999999999999503 ) ) ;
#1340 = PLANE ( 'NONE',  #1698 ) ;
#1341 = CARTESIAN_POINT ( 'NONE',  ( 6.499999999999996447, -21.50000000000000000, 0.0000000000000000000 ) ) ;
#1342 = DIRECTION ( 'NONE',  ( -1.000000000000000000, -0.0000000000000000000, -0.0000000000000000000 ) ) ;
#1343 = VECTOR ( 'NONE', #2669, 1000.000000000000000 ) ;
#1344 = AXIS2_PLACEMENT_3D ( 'NONE', #2626, #3451, #1516 ) ;
#1345 = VECTOR ( 'NONE', #3016, 1000.000000000000000 ) ;
#1346 = VECTOR ( 'NONE', #711, 1000.000000000000000 ) ;
#1347 = VERTEX_POINT ( 'NONE', #3320 ) ;
#1348 = CARTESIAN_POINT ( 'NONE',  ( -8.463633188635540705, -22.42182008681873029, 29.39916709456817401 ) ) ;
#1349 = ORIENTED_EDGE ( 'NONE', *, *, #2016, .T. ) ;
#1350 = VERTEX_POINT ( 'NONE', #1638 ) ;
#1351 = VERTEX_POINT ( 'NONE', #2467 ) ;
#1352 = ORIENTED_EDGE ( 'NONE', *, *, #4628, .F. ) ;
#1353 = CARTESIAN_POINT ( 'NONE',  ( 7.752917594872369200, 22.84824944307652572, 28.50787800615255918 ) ) ;
#1354 = CARTESIAN_POINT ( 'NONE',  ( -6.499999999999998224, -23.00000000000000000, -2.500000000000000444 ) ) ;
#1355 = FACE_OUTER_BOUND ( 'NONE', #1715, .T. ) ;
#1356 = EDGE_CURVE ( 'NONE', #4476, #3641, #887, .T. ) ;
#1357 = FACE_OUTER_BOUND ( 'NONE', #2488, .T. ) ;
#1358 = CARTESIAN_POINT ( 'NONE',  ( 7.500000000000047962, 17.49999999999999645, 22.39999999999999858 ) ) ;
#1359 = DIRECTION ( 'NONE',  ( 1.000000000000000000, 0.0000000000000000000, 0.0000000000000000000 ) ) ;
#1360 = VECTOR ( 'NONE', #238, 1000.000000000000000 ) ;
#1361 = EDGE_CURVE ( 'NONE', #1026, #1906, #2060, .T. ) ;
#1362 = DIRECTION ( 'NONE',  ( 0.0000000000000000000, 0.0000000000000000000, 1.000000000000000000 ) ) ;
#1363 = ORIENTED_EDGE ( 'NONE', *, *, #2614, .F. ) ;
#1364 = CARTESIAN_POINT ( 'NONE',  ( 6.499999999999997335, 25.50000000000000355, -2.499999999999992006 ) ) ;
#1365 = CARTESIAN_POINT ( 'NONE',  ( 6.499999999999996447, 21.50000000000000000, 0.0000000000000000000 ) ) ;
#1366 = CARTESIAN_POINT ( 'NONE',  ( 7.500000000000101252, -23.99999999999999645, 27.39999999999999503 ) ) ;
#1367 = DIRECTION ( 'NONE',  ( 1.000000000000000000, 2.017120320903264257E-17, 3.481882245688215743E-15 ) ) ;
#1368 = ORIENTED_EDGE ( 'NONE', *, *, #1841, .T. ) ;
#1369 = CARTESIAN_POINT ( 'NONE',  ( -7.898446230092891263, -23.60155376990711318, 28.80751515912746541 ) ) ;
#1370 = DIRECTION ( 'NONE',  ( 1.000000000000000000, -2.017120320903264257E-17, -3.491481338843133355E-15 ) ) ;
#1371 = VECTOR ( 'NONE', #4908, 1000.000000000000000 ) ;
#1372 = EDGE_LOOP ( 'NONE', ( #2869, #2968, #3376, #4225 ) ) ;
#1373 = ORIENTED_EDGE ( 'NONE', *, *, #2924, .F. ) ;
#1374 = CARTESIAN_POINT ( 'NONE',  ( 8.807338558540468654, 23.48776906909936102, 28.92497447201975547 ) ) ;
#1375 = ADVANCED_FACE ( 'NONE', ( #858 ), #526, .T. ) ;
#1376 = CARTESIAN_POINT ( 'NONE',  ( -9.500000000000001776, -21.50000000000000000, -6.982962677686268288E-15 ) ) ;
#1377 = AXIS2_PLACEMENT_3D ( 'NONE', #4078, #2441, #2093 ) ;
#1378 = DIRECTION ( 'NONE',  ( 1.000000000000000000, -0.0000000000000000000, -0.0000000000000000000 ) ) ;
#1379 = CARTESIAN_POINT ( 'NONE',  ( -8.500000000000103029, -23.99999999999999645, 27.40000000000001279 ) ) ;
#1380 = DIRECTION ( 'NONE',  ( 1.000000000000000000, 1.208020574436438282E-29, 3.481882245688216137E-15 ) ) ;
#1381 = EDGE_CURVE ( 'NONE', #1863, #3644, #708, .T. ) ;
#1382 = VECTOR ( 'NONE', #1734, 1000.000000000000000 ) ;
#1383 = CARTESIAN_POINT ( 'NONE',  ( -6.999999999999993783, 21.50000000000000000, -2.000000000000000000 ) ) ;
#1384 = AXIS2_PLACEMENT_3D ( 'NONE', #121, #935, #1686 ) ;
#1385 = DIRECTION ( 'NONE',  ( -1.000000000000000000, 2.017120320903264257E-17, 3.481882245688215743E-15 ) ) ;
#1386 = ORIENTED_EDGE ( 'NONE', *, *, #281, .F. ) ;
#1387 = CARTESIAN_POINT ( 'NONE',  ( 0.0000000000000000000, -17.50000000000000000, 0.0000000000000000000 ) ) ;
#1388 = DIRECTION ( 'NONE',  ( 1.000000000000000000, 2.017120320903264257E-17, 3.481882245688215743E-15 ) ) ;
#1389 = LINE ( 'NONE', #5017, #1992 ) ;
#1390 = DIRECTION ( 'NONE',  ( 1.000000000000000000, 0.0000000000000000000, 0.0000000000000000000 ) ) ;
#1391 = VECTOR ( 'NONE', #1793, 1000.000000000000000 ) ;
#1392 = EDGE_CURVE ( 'NONE', #2132, #517, #3266, .T. ) ;
#1393 = ORIENTED_EDGE ( 'NONE', *, *, #4795, .F. ) ;
#1394 = FACE_BOUND ( 'NONE', #4970, .T. ) ;
#1395 = ORIENTED_EDGE ( 'NONE', *, *, #5104, .T. ) ;
#1396 = CARTESIAN_POINT ( 'NONE',  ( 8.500000000000053291, 23.00000000000004263, 14.90916258126162930 ) ) ;
#1397 = ORIENTED_EDGE ( 'NONE', *, *, #2267, .T. ) ;
#1398 = EDGE_LOOP ( 'NONE', ( #1775, #2396, #3925, #1208 ) ) ;
#1399 = ORIENTED_EDGE ( 'NONE', *, *, #2187, .F. ) ;
#1400 = DIRECTION ( 'NONE',  ( -0.0000000000000000000, -0.0000000000000000000, 1.000000000000000000 ) ) ;
#1401 = CARTESIAN_POINT ( 'NONE',  ( -6.499999999999998224, 23.50000000000000000, -2.000000000000000000 ) ) ;
#1402 = VERTEX_POINT ( 'NONE', #1747 ) ;
#1403 = EDGE_CURVE ( 'NONE', #2042, #368, #69, .T. ) ;
#1404 = PLANE ( 'NONE',  #2642 ) ;
#1405 = CARTESIAN_POINT ( 'NONE',  ( -24.50000000000012434, 17.49999999999999645, 22.40000000000011227 ) ) ;
#1406 = CARTESIAN_POINT ( 'NONE',  ( -6.499999999999997335, -23.00000000000000000, -2.500000000000000444 ) ) ;
#1407 = EDGE_CURVE ( 'NONE', #3967, #183, #916, .T. ) ;
#1409 = PLANE ( 'NONE',  #5054 ) ;
#1408 = VECTOR ( 'NONE', #3470, 1000.000000000000000 ) ;
#1410 = ORIENTED_EDGE ( 'NONE', *, *, #2805, .F. ) ;
#1411 = CARTESIAN_POINT ( 'NONE',  ( 10.00000000000009948, -21.50000000000000000, 27.39999999999999503 ) ) ;
#1412 = DIRECTION ( 'NONE',  ( 3.469446951953614189E-15, 0.0000000000000000000, -1.000000000000000000 ) ) ;
#1413 = DIRECTION ( 'NONE',  ( 0.0000000000000000000, 0.0000000000000000000, -1.000000000000000000 ) ) ;
#1414 = CARTESIAN_POINT ( 'NONE',  ( 10.00000000000009948, 21.50000000000000000, 27.89999999999999503 ) ) ;
#1415 = AXIS2_PLACEMENT_3D ( 'NONE', #4772, #4820, #1971 ) ;
#1416 = AXIS2_PLACEMENT_3D ( 'NONE', #514, #2908, #4517 ) ;
#1417 = ORIENTED_EDGE ( 'NONE', *, *, #4654, .T. ) ;
#1419 = CARTESIAN_POINT ( 'NONE',  ( -10.00000000000009948, -21.49999999999999289, 29.89999999999999147 ) ) ;
#1418 = VECTOR ( 'NONE', #375, 1000.000000000000000 ) ;
#1420 = VERTEX_POINT ( 'NONE', #3234 ) ;
#1421 = DIRECTION ( 'NONE',  ( 5.337610695313251385E-16, -3.469446951953612611E-15, 1.000000000000000000 ) ) ;
#1422 = VECTOR ( 'NONE', #1512, 1000.000000000000000 ) ;
#1423 = EDGE_CURVE ( 'NONE', #4244, #182, #4051, .T. ) ;
#1424 = VECTOR ( 'NONE', #1466, 1000.000000000000000 ) ;
#1425 = VERTEX_POINT ( 'NONE', #1281 ) ;
#1426 = DIRECTION ( 'NONE',  ( 2.017120320903264257E-17, -1.000000000000000000, 7.042737958635019892E-32 ) ) ;
#1427 = EDGE_LOOP ( 'NONE', ( #210, #3618, #947, #2263 ) ) ;
#1428 = CARTESIAN_POINT ( 'NONE',  ( 0.0000000000000000000, -17.50000000000000000, -12.00000000000000000 ) ) ;
#1429 = AXIS2_PLACEMENT_3D ( 'NONE', #617, #2254, #1029 ) ;
#1430 = CARTESIAN_POINT ( 'NONE',  ( -24.50000000000018119, -4.000000000000001776, 5.500000000000105693 ) ) ;
#1431 = ORIENTED_EDGE ( 'NONE', *, *, #2219, .F. ) ;
#1432 = CARTESIAN_POINT ( 'NONE',  ( 9.500000000000003553, -21.50000000000000000, 0.4999999999999917843 ) ) ;
#1433 = CARTESIAN_POINT ( 'NONE',  ( -24.50000000000009948, 21.50000000000000000, 27.39999999999999503 ) ) ;
#1434 = CARTESIAN_POINT ( 'NONE',  ( 6.499999999999997335, 23.00000000000000000, -2.500000000000000444 ) ) ;
#1435 = CARTESIAN_POINT ( 'NONE',  ( -9.500000000000053291, -22.00000000000004263, 14.89999999999998614 ) ) ;
#1436 = ORIENTED_EDGE ( 'NONE', *, *, #2125, .T. ) ;
#1437 = DIRECTION ( 'NONE',  ( 1.000000000000000000, 3.942553354492771634E-17, -3.480674935616895651E-15 ) ) ;
#1438 = DIRECTION ( 'NONE',  ( 0.0000000000000000000, 3.469446951953612611E-15, 1.000000000000000000 ) ) ;
#1439 =( GEOMETRIC_REPRESENTATION_CONTEXT ( 3 ) GLOBAL_UNCERTAINTY_ASSIGNED_CONTEXT ( ( #337 ) ) GLOBAL_UNIT_ASSIGNED_CONTEXT ( ( #2813, #3589, #5182 ) ) REPRESENTATION_CONTEXT ( 'NONE', 'WORKASPACE' ) );
#1440 = CARTESIAN_POINT ( 'NONE',  ( -24.50000000000009948, -21.50000000000000000, 27.39999999999999503 ) ) ;
#1441 = ORIENTED_EDGE ( 'NONE', *, *, #1822, .F. ) ;
#1442 = CARTESIAN_POINT ( 'NONE',  ( -8.012230930900798853, -22.69266144145962727, 28.92497447201984428 ) ) ;
#1443 = ORIENTED_EDGE ( 'NONE', *, *, #3353, .F. ) ;
#1444 = LINE ( 'NONE', #2628, #2606 ) ;
#1445 = EDGE_LOOP ( 'NONE', ( #2722, #4733, #4462, #2856 ) ) ;
#1446 = DIRECTION ( 'NONE',  ( 1.000000000000000000, 3.942553354492771634E-17, -3.480674935616895651E-15 ) ) ;
#1447 = VERTEX_POINT ( 'NONE', #468 ) ;
#1448 = CARTESIAN_POINT ( 'NONE',  ( 9.470214414521814561, 22.02978558547940935, 29.86016900714753675 ) ) ;
#1449 = CARTESIAN_POINT ( 'NONE',  ( -10.00000000000033928, -24.00000000000004263, 14.89999999999999147 ) ) ;
#1450 = ORIENTED_EDGE ( 'NONE', *, *, #5098, .F. ) ;
#1451 = VECTOR ( 'NONE', #2024, 1000.000000000000000 ) ;
#1452 = EDGE_CURVE ( 'NONE', #2036, #4912, #1723, .T. ) ;
#1453 = DIRECTION ( 'NONE',  ( -3.481882245688215743E-15, -2.748692399616089423E-31, 1.000000000000000000 ) ) ;
#1454 = CARTESIAN_POINT ( 'NONE',  ( 9.500000000000001776, -21.50000000000000000, -6.982962677686268288E-15 ) ) ;
#1455 = DIRECTION ( 'NONE',  ( 0.0000000000000000000, -1.000000000000000000, -3.491481338843133355E-15 ) ) ;
#1456 = AXIS2_PLACEMENT_3D ( 'NONE', #4429, #2399, #3980 ) ;
#1457 = AXIS2_PLACEMENT_3D ( 'NONE', #2412, #1614, #466 ) ;
#1458 = CARTESIAN_POINT ( 'NONE',  ( 10.00000000000033928, -22.00000000000003908, 14.91977001746916365 ) ) ;
#1459 = ORIENTED_EDGE ( 'NONE', *, *, #3798, .T. ) ;
#1460 = DIRECTION ( 'NONE',  ( -1.000000000000000000, 0.0000000000000000000, 0.0000000000000000000 ) ) ;
#1461 = DIRECTION ( 'NONE',  ( 1.000000000000000000, 3.942553354492771634E-17, -3.480674935616895651E-15 ) ) ;
#1462 = CARTESIAN_POINT ( 'NONE',  ( -24.50000000000018119, -17.49999999999999645, 5.500000000000103917 ) ) ;
#1463 = VECTOR ( 'NONE', #3230, 1000.000000000000000 ) ;
#1464 = EDGE_CURVE ( 'NONE', #4912, #3186, #3885, .T. ) ;
#1465 = ORIENTED_EDGE ( 'NONE', *, *, #5024, .F. ) ;
#1466 = DIRECTION ( 'NONE',  ( -1.841475689883071491E-14, -3.469446951953612611E-15, -1.000000000000000000 ) ) ;
#1467 = ORIENTED_EDGE ( 'NONE', *, *, #4003, .T. ) ;
#1468 = LINE ( 'NONE', #4260, #2030 ) ;
#1469 = ORIENTED_EDGE ( 'NONE', *, *, #1862, .T. ) ;
#1470 = CARTESIAN_POINT ( 'NONE',  ( -7.000000000000002665, -21.50000000000000000, 0.5000000000000004441 ) ) ;
#1471 = ORIENTED_EDGE ( 'NONE', *, *, #307, .T. ) ;
#1472 = FACE_OUTER_BOUND ( 'NONE', #2436, .T. ) ;
#1473 = LINE ( 'NONE', #2228, #1848 ) ;
#1474 = ORIENTED_EDGE ( 'NONE', *, *, #4031, .T. ) ;
#1475 = VERTEX_POINT ( 'NONE', #99 ) ;
#1476 = LINE ( 'NONE', #5032, #5159 ) ;
#1477 = CARTESIAN_POINT ( 'NONE',  ( -9.500000000000097700, -21.50000000000000000, 27.39999999999998792 ) ) ;
#1478 = EDGE_CURVE ( 'NONE', #4168, #1700, #1691, .T. ) ;
#1479 = CARTESIAN_POINT ( 'NONE',  ( -6.499999999999998224, 25.50000000000000355, -1.999999999999993117 ) ) ;
#1480 = CARTESIAN_POINT ( 'NONE',  ( -6.500000000000000000, 23.00000000000000000, 0.0000000000000000000 ) ) ;
#1481 = CARTESIAN_POINT ( 'NONE',  ( -8.500000000000103029, 23.99999999999999645, 27.40000000000000213 ) ) ;
#1482 = CARTESIAN_POINT ( 'NONE',  ( 7.500000000000082601, 3.000000000000000000, 22.39999999999999858 ) ) ;
#1483 = DIRECTION ( 'NONE',  ( -1.000000000000000000, -2.335204679199547974E-16, 0.0000000000000000000 ) ) ;
#1484 = EDGE_CURVE ( 'NONE', #4701, #3128, #4889, .T. ) ;
#1485 = ORIENTED_EDGE ( 'NONE', *, *, #3121, .T. ) ;
#1486 = LINE ( 'NONE', #3080, #2400 ) ;
#1487 = CARTESIAN_POINT ( 'NONE',  ( 3.000000000000003553, 13.00000000000000178, -12.00000000000000000 ) ) ;
#1488 = CARTESIAN_POINT ( 'NONE',  ( -24.50000000000018829, 16.49999999999999645, 4.500000000000109246 ) ) ;
#1489 = VECTOR ( 'NONE', #1680, 1000.000000000000000 ) ;
#1490 = ORIENTED_EDGE ( 'NONE', *, *, #112, .F. ) ;
#1491 = ADVANCED_FACE ( 'NONE', ( #4108 ), #2891, .T. ) ;
#1492 = AXIS2_PLACEMENT_3D ( 'NONE', #5073, #1497, #3089 ) ;
#1493 = CIRCLE ( 'NONE', #2164, 1.000000000000000888 ) ;
#1494 = ORIENTED_EDGE ( 'NONE', *, *, #4576, .T. ) ;
#1495 = CARTESIAN_POINT ( 'NONE',  ( 7.500000000000076383, 16.49999999999999645, 22.39999999999999858 ) ) ;
#1496 = ORIENTED_EDGE ( 'NONE', *, *, #1952, .F. ) ;
#1497 = DIRECTION ( 'NONE',  ( 1.000000000000000000, 1.734723475976808672E-15, -0.0000000000000000000 ) ) ;
#1498 = FACE_OUTER_BOUND ( 'NONE', #2809, .T. ) ;
#1499 = VECTOR ( 'NONE', #1067, 1000.000000000000000 ) ;
#1500 = VECTOR ( 'NONE', #1308, 1000.000000000000000 ) ;
#1501 = ORIENTED_EDGE ( 'NONE', *, *, #2219, .T. ) ;
#1502 = EDGE_LOOP ( 'NONE', ( #4944, #766, #1717, #5124 ) ) ;
#1503 = AXIS2_PLACEMENT_3D ( 'NONE', #3958, #377, #1967 ) ;
#1504 = DIRECTION ( 'NONE',  ( 3.481882245688215743E-15, -3.191094078709388170E-34, 1.000000000000000000 ) ) ;
#1505 = ADVANCED_FACE ( 'NONE', ( #2499 ), #836, .T. ) ;
#1506 = CARTESIAN_POINT ( 'NONE',  ( 6.499999999999996447, -21.50000000000000000, -2.000000000000000000 ) ) ;
#1507 = CARTESIAN_POINT ( 'NONE',  ( 6.499999999999998224, 23.00000000000000000, -2.500000000000000444 ) ) ;
#1508 = EDGE_LOOP ( 'NONE', ( #2342, #5122, #4267, #3485, #3588 ) ) ;
#1509 = CARTESIAN_POINT ( 'NONE',  ( -24.50000000000011724, -4.000000000000001776, 23.40000000000011227 ) ) ;
#1510 = CARTESIAN_POINT ( 'NONE',  ( -7.529084228532960665, 23.97091577146705177, 27.85503846485460144 ) ) ;
#1511 = CYLINDRICAL_SURFACE ( 'NONE', #2518, 0.4999999999999970024 ) ;
#1512 = DIRECTION ( 'NONE',  ( -1.000000000000000000, -0.0000000000000000000, -0.0000000000000000000 ) ) ;
#1513 = EDGE_CURVE ( 'NONE', #80, #3748, #126, .T. ) ;
#1514 = VERTEX_POINT ( 'NONE', #940 ) ;
#1515 = ADVANCED_FACE ( 'NONE', ( #4134 ), #554, .F. ) ;
#1516 = DIRECTION ( 'NONE',  ( 3.469446951953611033E-15, 0.0000000000000000000, -1.000000000000000000 ) ) ;
#1517 = DIRECTION ( 'NONE',  ( 0.0000000000000000000, 1.000000000000000000, 0.0000000000000000000 ) ) ;
#1518 = DIRECTION ( 'NONE',  ( -3.481882245688215743E-15, -2.748692399616089423E-31, 1.000000000000000000 ) ) ;
#1519 = EDGE_CURVE ( 'NONE', #4764, #3110, #1045, .T. ) ;
#1520 = ORIENTED_EDGE ( 'NONE', *, *, #3057, .F. ) ;
#1521 = LINE ( 'NONE', #308, #3327 ) ;
#1522 = ORIENTED_EDGE ( 'NONE', *, *, #408, .T. ) ;
#1523 = DIRECTION ( 'NONE',  ( 3.469446951953617344E-15, 0.0000000000000000000, -1.000000000000000000 ) ) ;
#1524 = CARTESIAN_POINT ( 'NONE',  ( 2.000000000000009326, -13.99999999999999822, 0.0000000000000000000 ) ) ;
#1525 = ORIENTED_EDGE ( 'NONE', *, *, #3598, .T. ) ;
#1526 = DIRECTION ( 'NONE',  ( 0.0000000000000000000, 0.0000000000000000000, -1.000000000000000000 ) ) ;
#1527 = CARTESIAN_POINT ( 'NONE',  ( -3.000000000000006217, 13.00000000000000178, -12.00000000000000000 ) ) ;
#1528 = DIRECTION ( 'NONE',  ( 6.938893903907150280E-15, -1.000000000000000000, 0.0000000000000000000 ) ) ;
#1529 = AXIS2_PLACEMENT_3D ( 'NONE', #3706, #116, #1214 ) ;
#1530 = LINE ( 'NONE', #1092, #1569 ) ;
#1531 = DIRECTION ( 'NONE',  ( -1.000000000000000000, 2.017120320903264257E-17, 3.481882245688215743E-15 ) ) ;
#1532 = DIRECTION ( 'NONE',  ( 0.0000000000000000000, 0.0000000000000000000, 1.000000000000000000 ) ) ;
#1533 = AXIS2_PLACEMENT_3D ( 'NONE', #1488, #713, #3796 ) ;
#1534 = LINE ( 'NONE', #3051, #3670 ) ;
#1535 = VECTOR ( 'NONE', #1124, 1000.000000000000000 ) ;
#1536 = VECTOR ( 'NONE', #1585, 1000.000000000000000 ) ;
#1537 = ORIENTED_EDGE ( 'NONE', *, *, #765, .T. ) ;
#1538 = FACE_OUTER_BOUND ( 'NONE', #1018, .T. ) ;
#1539 = DIRECTION ( 'NONE',  ( 0.0000000000000000000, 0.0000000000000000000, 1.000000000000000000 ) ) ;
#1540 = FACE_OUTER_BOUND ( 'NONE', #696, .T. ) ;
#1541 = EDGE_CURVE ( 'NONE', #3721, #1823, #2363, .T. ) ;
#1542 = EDGE_LOOP ( 'NONE', ( #4138, #2295, #2017, #383, #888, #2403 ) ) ;
#1543 = DIRECTION ( 'NONE',  ( 0.0000000000000000000, 0.0000000000000000000, 1.000000000000000000 ) ) ;
#1544 = ORIENTED_EDGE ( 'NONE', *, *, #4740, .F. ) ;
#1545 = FACE_OUTER_BOUND ( 'NONE', #2597, .T. ) ;
#1546 = PLANE ( 'NONE',  #4606 ) ;
#1547 = EDGE_CURVE ( 'NONE', #3748, #368, #3296, .T. ) ;
#1548 = ORIENTED_EDGE ( 'NONE', *, *, #3484, .F. ) ;
#1549 = ORIENTED_EDGE ( 'NONE', *, *, #2924, .T. ) ;
#1550 = DIRECTION ( 'NONE',  ( 3.481882245688215743E-15, -3.191094078709388170E-34, 1.000000000000000000 ) ) ;
#1551 = DIRECTION ( 'NONE',  ( -2.017120320903336672E-17, -1.000000000000000000, -2.081668171172168513E-16 ) ) ;
#1552 = DIRECTION ( 'NONE',  ( 0.0000000000000000000, 0.0000000000000000000, 1.000000000000000000 ) ) ;
#1553 = ADVANCED_FACE ( 'NONE', ( #253 ), #4206, .T. ) ;
#1554 = DIRECTION ( 'NONE',  ( 1.000000000000000000, 3.942553354492771634E-17, -3.480674935616895651E-15 ) ) ;
#1555 = PLANE ( 'NONE',  #1903 ) ;
#1556 = FACE_OUTER_BOUND ( 'NONE', #3194, .T. ) ;
#1557 = CARTESIAN_POINT ( 'NONE',  ( 8.699515318754764692, -22.80048468124573446, 29.57592244086761823 ) ) ;
#1558 = EDGE_CURVE ( 'NONE', #1475, #4974, #3791, .T. ) ;
#1559 = FACE_OUTER_BOUND ( 'NONE', #338, .T. ) ;
#1560 = VERTEX_POINT ( 'NONE', #3372 ) ;
#1561 = CARTESIAN_POINT ( 'NONE',  ( 24.50000000000009948, 21.50000000000000000, 27.39999999999999503 ) ) ;
#1562 = CARTESIAN_POINT ( 'NONE',  ( 0.0000000000000000000, -23.49999999999999289, 8.153200337091124610E-14 ) ) ;
#1563 = CARTESIAN_POINT ( 'NONE',  ( 24.50000000000009948, -22.00000000000000000, 27.39999999999999858 ) ) ;
#1564 = EDGE_CURVE ( 'NONE', #4751, #2710, #3421, .T. ) ;
#1565 = EDGE_LOOP ( 'NONE', ( #1003, #2443, #2672, #1467 ) ) ;
#1567 = DIRECTION ( 'NONE',  ( 0.0000000000000000000, -1.000000000000000000, 0.0000000000000000000 ) ) ;
#1566 = AXIS2_PLACEMENT_3D ( 'NONE', #4220, #4667, #1110 ) ;
#1568 = ORIENTED_EDGE ( 'NONE', *, *, #3424, .T. ) ;
#1569 = VECTOR ( 'NONE', #3018, 1000.000000000000000 ) ;
#1570 = CARTESIAN_POINT ( 'NONE',  ( 6.499999999999998224, 23.00000000000000000, 0.0000000000000000000 ) ) ;
#1571 = LINE ( 'NONE', #5127, #1098 ) ;
#1572 = EDGE_CURVE ( 'NONE', #4871, #4533, #3023, .T. ) ;
#1573 = VECTOR ( 'NONE', #769, 1000.000000000000000 ) ;
#1574 = AXIS2_PLACEMENT_3D ( 'NONE', #3339, #3854, #4934 ) ;
#1575 = VERTEX_POINT ( 'NONE', #1414 ) ;
#1576 = VERTEX_POINT ( 'NONE', #4965 ) ;
#1577 = CARTESIAN_POINT ( 'NONE',  ( -24.50000000000009948, -21.50000000000000000, 29.89999999999998792 ) ) ;
#1578 = CIRCLE ( 'NONE', #323, 1.000000000000001554 ) ;
#1579 = CARTESIAN_POINT ( 'NONE',  ( 7.500000000000020428, -16.49999999999999645, 4.499999999999992006 ) ) ;
#1580 = CARTESIAN_POINT ( 'NONE',  ( -10.00000000000009948, 21.50000000000000000, 27.39999999999999503 ) ) ;
#1581 = CIRCLE ( 'NONE', #4513, 0.4999999999999970024 ) ;
#1582 = AXIS2_PLACEMENT_3D ( 'NONE', #786, #4465, #3263 ) ;
#1583 = CARTESIAN_POINT ( 'NONE',  ( 9.500000000000049738, 2.999999999999999556, 5.499999999999989342 ) ) ;
#1584 = CARTESIAN_POINT ( 'NONE',  ( -9.672691772180748160, 21.69638493669300416, 29.89999999999999147 ) ) ;
#1585 = DIRECTION ( 'NONE',  ( 1.121038771459853657E-44, 1.000000000000000000, -3.491481338843133355E-15 ) ) ;
#1586 = DIRECTION ( 'NONE',  ( -1.000000000000000000, -0.0000000000000000000, -0.0000000000000000000 ) ) ;
#1587 = DIRECTION ( 'NONE',  ( 0.0000000000000000000, 1.000000000000000000, 0.0000000000000000000 ) ) ;
#1588 = EDGE_LOOP ( 'NONE', ( #4731, #3611, #1314, #357 ) ) ;
#1589 = FACE_OUTER_BOUND ( 'NONE', #3028, .T. ) ;
#1590 = DIRECTION ( 'NONE',  ( 0.0000000000000000000, 0.0000000000000000000, 1.000000000000000000 ) ) ;
#1591 = EDGE_CURVE ( 'NONE', #1196, #3666, #3448, .T. ) ;
#1592 = CYLINDRICAL_SURFACE ( 'NONE', #1289, 2.500000000000002220 ) ;
#1593 = ORIENTED_EDGE ( 'NONE', *, *, #2726, .F. ) ;
#1594 = ORIENTED_EDGE ( 'NONE', *, *, #312, .T. ) ;
#1595 = PLANE ( 'NONE',  #2907 ) ;
#1596 = ORIENTED_EDGE ( 'NONE', *, *, #142, .T. ) ;
#1597 = VERTEX_POINT ( 'NONE', #2996 ) ;
#1598 = ORIENTED_EDGE ( 'NONE', *, *, #4031, .F. ) ;
#1599 = LINE ( 'NONE', #3170, #908 ) ;
#1600 = DIRECTION ( 'NONE',  ( -1.000000000000000000, 0.0000000000000000000, 3.469446951953617344E-15 ) ) ;
#1601 = CARTESIAN_POINT ( 'NONE',  ( 6.500000000000000000, 23.50000000000000000, -2.000000000000000000 ) ) ;
#1602 = EDGE_CURVE ( 'NONE', #315, #1935, #4797, .T. ) ;
#1603 = PLANE ( 'NONE',  #4324 ) ;
#1604 = CARTESIAN_POINT ( 'NONE',  ( -9.803615063309857547, 21.82730822782115965, 29.89999999999999147 ) ) ;
#1605 = FACE_OUTER_BOUND ( 'NONE', #1502, .T. ) ;
#1606 = SURFACE_STYLE_USAGE ( .BOTH. , #90 ) ;
#1607 = VECTOR ( 'NONE', #4271, 1000.000000000000000 ) ;
#1608 = ORIENTED_EDGE ( 'NONE', *, *, #1751, .T. ) ;
#1609 = DIRECTION ( 'NONE',  ( -2.017120320903336672E-17, 1.000000000000000000, 2.081668171172169992E-16 ) ) ;
#1610 = ORIENTED_EDGE ( 'NONE', *, *, #4724, .T. ) ;
#1611 = AXIS2_PLACEMENT_3D ( 'NONE', #258, #1854, #2199 ) ;
#1612 = EDGE_CURVE ( 'NONE', #3656, #4610, #283, .T. ) ;
#1613 = CARTESIAN_POINT ( 'NONE',  ( -7.500000000000053291, -21.50000000000000000, 14.91634972440324169 ) ) ;
#1614 = DIRECTION ( 'NONE',  ( 1.000000000000000000, -0.0000000000000000000, -0.0000000000000000000 ) ) ;
#1615 = DIRECTION ( 'NONE',  ( -3.481882245688215743E-15, 0.0000000000000000000, -1.000000000000000000 ) ) ;
#1616 = ADVANCED_FACE ( 'NONE', ( #984 ), #2218, .T. ) ;
#1617 = ORIENTED_EDGE ( 'NONE', *, *, #4906, .T. ) ;
#1618 = PLANE ( 'NONE',  #3838 ) ;
#1619 = ORIENTED_EDGE ( 'NONE', *, *, #2854, .F. ) ;
#1620 = LINE ( 'NONE', #2420, #1014 ) ;
#1621 = CIRCLE ( 'NONE', #34, 1.000000000000000000 ) ;
#1622 = EDGE_LOOP ( 'NONE', ( #3831, #4011, #423, #504 ) ) ;
#1623 = ORIENTED_EDGE ( 'NONE', *, *, #1381, .T. ) ;
#1624 = DIRECTION ( 'NONE',  ( 1.000000000000000000, 3.942553354492771634E-17, -3.480674935616895651E-15 ) ) ;
#1625 = DIRECTION ( 'NONE',  ( 1.000000000000000000, 3.942553354492771634E-17, -3.480674935616895651E-15 ) ) ;
#1626 = DIRECTION ( 'NONE',  ( 0.0000000000000000000, 1.000000000000000000, 3.469446951953611033E-15 ) ) ;
#1627 = EDGE_CURVE ( 'NONE', #3509, #2018, #4552, .T. ) ;
#1628 = FACE_OUTER_BOUND ( 'NONE', #946, .T. ) ;
#1629 = CARTESIAN_POINT ( 'NONE',  ( 7.500000000000047962, -17.49999999999999645, 5.499999999999992895 ) ) ;
#1630 = CARTESIAN_POINT ( 'NONE',  ( 8.500000000000053291, -24.00000000000004263, 14.91977001746919562 ) ) ;
#1631 = DIRECTION ( 'NONE',  ( 1.000000000000000000, 2.017120320903264257E-17, 3.481882245688215743E-15 ) ) ;
#1632 = EDGE_CURVE ( 'NONE', #3801, #92, #4153, .T. ) ;
#1633 = EDGE_CURVE ( 'NONE', #557, #610, #3212, .T. ) ;
#1634 = ORIENTED_EDGE ( 'NONE', *, *, #5161, .T. ) ;
#1635 = LINE ( 'NONE', #3988, #2209 ) ;
#1636 = ORIENTED_EDGE ( 'NONE', *, *, #2375, .F. ) ;
#1637 = FACE_OUTER_BOUND ( 'NONE', #3696, .T. ) ;
#1638 = CARTESIAN_POINT ( 'NONE',  ( 9.500000000000085265, 4.000000000000000000, 23.39999999999999503 ) ) ;
#1639 = VERTEX_POINT ( 'NONE', #576 ) ;
#1640 = DIRECTION ( 'NONE',  ( 0.0000000000000000000, 3.469446951953613400E-15, -1.000000000000000000 ) ) ;
#1641 = ORIENTED_EDGE ( 'NONE', *, *, #4125, .F. ) ;
#1642 = DIRECTION ( 'NONE',  ( 1.000000000000000000, 0.0000000000000000000, 0.0000000000000000000 ) ) ;
#1643 = ORIENTED_EDGE ( 'NONE', *, *, #3541, .F. ) ;
#1644 = ORIENTED_EDGE ( 'NONE', *, *, #1189, .T. ) ;
#1645 = ORIENTED_EDGE ( 'NONE', *, *, #3301, .T. ) ;
#1646 = DIRECTION ( 'NONE',  ( 1.000000000000000000, 3.942553354492771634E-17, -3.480674935616895651E-15 ) ) ;
#1647 = FACE_OUTER_BOUND ( 'NONE', #3390, .T. ) ;
#1648 = DIRECTION ( 'NONE',  ( 1.000000000000000000, 2.017120320903264257E-17, 3.481882245688215743E-15 ) ) ;
#1649 = CIRCLE ( 'NONE', #4664, 0.9999999999999974465 ) ;
#1650 = VECTOR ( 'NONE', #2706, 1000.000000000000000 ) ;
#1651 = DIRECTION ( 'NONE',  ( 0.0000000000000000000, 0.0000000000000000000, 1.000000000000000000 ) ) ;
#1652 = VECTOR ( 'NONE', #4760, 1000.000000000000000 ) ;
#1653 = DIRECTION ( 'NONE',  ( -3.481882245688215743E-15, 0.0000000000000000000, -1.000000000000000000 ) ) ;
#1654 = DIRECTION ( 'NONE',  ( 0.0000000000000000000, 0.0000000000000000000, -1.000000000000000000 ) ) ;
#1655 = DIRECTION ( 'NONE',  ( 0.0000000000000000000, 0.0000000000000000000, 1.000000000000000000 ) ) ;
#1656 = MECHANICAL_DESIGN_GEOMETRIC_PRESENTATION_REPRESENTATION (  '', ( #1160 ), #502 ) ;
#1657 = AXIS2_PLACEMENT_3D ( 'NONE', #3183, #496, #1278 ) ;
#1658 = ORIENTED_EDGE ( 'NONE', *, *, #2973, .F. ) ;
#1659 = LINE ( 'NONE', #4046, #4461 ) ;
#1660 = ORIENTED_EDGE ( 'NONE', *, *, #3408, .F. ) ;
#1662 = LINE ( 'NONE', #4360, #4592 ) ;
#1661 = AXIS2_PLACEMENT_3D ( 'NONE', #3518, #348, #1939 ) ;
#1663 = EDGE_CURVE ( 'NONE', #5181, #2705, #1621, .T. ) ;
#1664 = CARTESIAN_POINT ( 'NONE',  ( 10.00000000000009948, 21.50000000000000000, 29.89999999999998792 ) ) ;
#1665 = DIRECTION ( 'NONE',  ( 0.0000000000000000000, -1.000000000000000000, -3.491481338843134144E-15 ) ) ;
#1666 = CARTESIAN_POINT ( 'NONE',  ( -6.999999999999993783, 21.50000000000000000, -2.000000000000000000 ) ) ;
#1667 = VERTEX_POINT ( 'NONE', #3703 ) ;
#1668 = EDGE_CURVE ( 'NONE', #4216, #92, #1297, .T. ) ;
#1669 = ORIENTED_EDGE ( 'NONE', *, *, #5144, .T. ) ;
#1670 = FACE_OUTER_BOUND ( 'NONE', #122, .T. ) ;
#1671 = VERTEX_POINT ( 'NONE', #2484 ) ;
#1672 = ORIENTED_EDGE ( 'NONE', *, *, #242, .T. ) ;
#1673 = ORIENTED_EDGE ( 'NONE', *, *, #1032, .F. ) ;
#1674 = ORIENTED_EDGE ( 'NONE', *, *, #420, .T. ) ;
#1675 = CIRCLE ( 'NONE', #259, 1.000000000000000888 ) ;
#1676 = DIRECTION ( 'NONE',  ( 0.0000000000000000000, -1.000000000000000000, 0.0000000000000000000 ) ) ;
#1677 = FACE_OUTER_BOUND ( 'NONE', #936, .T. ) ;
#1678 = CARTESIAN_POINT ( 'NONE',  ( -37.00000000000000000, 0.0000000000000000000, 27.89999999999998792 ) ) ;
#1679 = CARTESIAN_POINT ( 'NONE',  ( -6.499999999999997335, -23.00000000000000000, -2.500000000000000444 ) ) ;
#1680 = DIRECTION ( 'NONE',  ( -0.0000000000000000000, 1.000000000000000000, -3.491481338843134144E-15 ) ) ;
#1681 = PLANE ( 'NONE',  #3069 ) ;
#1682 = CARTESIAN_POINT ( 'NONE',  ( 0.0000000000000000000, -22.00000000000003908, 14.89999999999998437 ) ) ;
#1683 = ORIENTED_EDGE ( 'NONE', *, *, #900, .F. ) ;
#1684 = SURFACE_STYLE_FILL_AREA ( #3985 ) ;
#1685 = VERTEX_POINT ( 'NONE', #4541 ) ;
#1686 = DIRECTION ( 'NONE',  ( 0.0000000000000000000, 0.0000000000000000000, 1.000000000000000000 ) ) ;
#1687 = EDGE_LOOP ( 'NONE', ( #4631, #2867, #1842 ) ) ;
#1688 = DIRECTION ( 'NONE',  ( -1.000000000000000000, 0.0000000000000000000, -3.469446951953613400E-15 ) ) ;
#1689 = LINE ( 'NONE', #4020, #4365 ) ;
#1690 = DIRECTION ( 'NONE',  ( 0.0000000000000000000, 0.0000000000000000000, 1.000000000000000000 ) ) ;
#1691 = LINE ( 'NONE', #3290, #1955 ) ;
#1692 = AXIS2_PLACEMENT_3D ( 'NONE', #352, #4674, #2354 ) ;
#1693 = EDGE_LOOP ( 'NONE', ( #4949, #131, #996, #3398 ) ) ;
#1694 = DIRECTION ( 'NONE',  ( 1.000000000000000000, -0.0000000000000000000, -0.0000000000000000000 ) ) ;
#1695 = EDGE_LOOP ( 'NONE', ( #2558, #4870, #4843, #393, #2788, #2393, #2202 ) ) ;
#1696 = EDGE_CURVE ( 'NONE', #23, #699, #3722, .T. ) ;
#1697 = CIRCLE ( 'NONE', #364, 1.000000000000000000 ) ;
#1698 = AXIS2_PLACEMENT_3D ( 'NONE', #1221, #2862, #3715 ) ;
#1699 = EDGE_CURVE ( 'NONE', #2554, #3243, #1709, .T. ) ;
#1700 = VERTEX_POINT ( 'NONE', #3303 ) ;
#1701 = VECTOR ( 'NONE', #810, 1000.000000000000000 ) ;
#1702 = ORIENTED_EDGE ( 'NONE', *, *, #2648, .F. ) ;
#1703 = VERTEX_POINT ( 'NONE', #1325 ) ;
#1704 = DIRECTION ( 'NONE',  ( 0.0000000000000000000, 0.0000000000000000000, 1.000000000000000000 ) ) ;
#1705 = CARTESIAN_POINT ( 'NONE',  ( -24.50000000000009948, 21.50000000000000000, 27.39999999999999503 ) ) ;
#1706 = VECTOR ( 'NONE', #1342, 1000.000000000000000 ) ;
#1707 = EDGE_CURVE ( 'NONE', #3840, #3243, #4954, .T. ) ;
#1708 = EDGE_CURVE ( 'NONE', #3801, #4420, #2048, .T. ) ;
#1709 = LINE ( 'NONE', #4065, #2961 ) ;
#1710 = LINE ( 'NONE', #4066, #1154 ) ;
#1711 = AXIS2_PLACEMENT_3D ( 'NONE', #382, #2334, #832 ) ;
#1712 =( BOUNDED_CURVE ( )  B_SPLINE_CURVE ( 3, ( #351, #2353, #878, #2050 ),
 .UNSPECIFIED., .F., .F. ) 
 B_SPLINE_CURVE_WITH_KNOTS ( ( 4, 4 ),
 ( 4.712388980384687898, 6.283185307179583567 ),
 .UNSPECIFIED. ) 
 CURVE ( )  GEOMETRIC_REPRESENTATION_ITEM ( )  RATIONAL_B_SPLINE_CURVE ( ( 1.000000000000000000, 0.8047378541243646044, 0.8047378541243646044, 1.000000000000000000 ) ) 
 REPRESENTATION_ITEM ( '' )  );
#1713 = LINE ( 'NONE', #3305, #2072 ) ;
#1714 = DIRECTION ( 'NONE',  ( -0.0000000000000000000, -0.0000000000000000000, 1.000000000000000000 ) ) ;
#1715 = EDGE_LOOP ( 'NONE', ( #4411, #418, #672, #4230 ) ) ;
#1716 = CARTESIAN_POINT ( 'NONE',  ( -7.500000000000001776, -21.50000000000000000, -2.437317571981751809E-14 ) ) ;
#1717 = ORIENTED_EDGE ( 'NONE', *, *, #1484, .F. ) ;
#1718 = DIRECTION ( 'NONE',  ( 3.942553354492771634E-17, -1.000000000000000000, -1.375941746847399406E-31 ) ) ;
#1719 = ORIENTED_EDGE ( 'NONE', *, *, #4240, .F. ) ;
#1720 = PLANE ( 'NONE',  #157 ) ;
#1721 = CARTESIAN_POINT ( 'NONE',  ( 7.500000000000099476, 22.99999999999999645, 28.86446609406726083 ) ) ;
#1722 = CARTESIAN_POINT ( 'NONE',  ( 8.003107827632518934, -23.49689217236768002, 28.95388842466242707 ) ) ;
#1723 = LINE ( 'NONE', #2147, #875 ) ;
#1724 = ADVANCED_FACE ( 'NONE', ( #1355 ), #2935, .T. ) ;
#1725 = VERTEX_POINT ( 'NONE', #2962 ) ;
#1726 = CARTESIAN_POINT ( 'NONE',  ( -6.500000000000000000, 21.50000000000000000, -2.000000000000000000 ) ) ;
#1727 = ORIENTED_EDGE ( 'NONE', *, *, #636, .F. ) ;
#1728 = VERTEX_POINT ( 'NONE', #4565 ) ;
#1729 = ORIENTED_EDGE ( 'NONE', *, *, #1751, .F. ) ;
#1730 = VERTEX_POINT ( 'NONE', #974 ) ;
#1731 = CARTESIAN_POINT ( 'NONE',  ( 8.547975025604555910, 23.92004162399258149, 28.04820640982121915 ) ) ;
#1732 = ADVANCED_FACE ( 'NONE', ( #4144 ), #3649, .F. ) ;
#1733 = LINE ( 'NONE', #2532, #4676 ) ;
#1734 = DIRECTION ( 'NONE',  ( 1.000000000000000000, 1.208020574436438282E-29, -3.481882245688216137E-15 ) ) ;
#1735 = CARTESIAN_POINT ( 'NONE',  ( -7.500000000000004441, 21.50000000000000000, 0.4999999999999987232 ) ) ;
#1736 = CARTESIAN_POINT ( 'NONE',  ( -7.500000000000047962, 17.49999999999999645, 22.40000000000005187 ) ) ;
#1737 = DIRECTION ( 'NONE',  ( -0.0000000000000000000, 1.000000000000000000, -3.491481338843134144E-15 ) ) ;
#1738 = VECTOR ( 'NONE', #1446, 1000.000000000000000 ) ;
#1739 = DIRECTION ( 'NONE',  ( -1.000000000000000000, 0.0000000000000000000, 0.0000000000000000000 ) ) ;
#1740 = VECTOR ( 'NONE', #1965, 1000.000000000000000 ) ;
#1741 = AXIS2_PLACEMENT_3D ( 'NONE', #4945, #207, #4185 ) ;
#1742 = DIRECTION ( 'NONE',  ( 1.000000000000000000, 3.942553354492771634E-17, 0.0000000000000000000 ) ) ;
#1743 = ORIENTED_EDGE ( 'NONE', *, *, #1778, .F. ) ;
#1744 = CARTESIAN_POINT ( 'NONE',  ( -2.100000000000001865, 17.50000000000000000, -2.000000000000000000 ) ) ;
#1745 = CARTESIAN_POINT ( 'NONE',  ( 7.500000000000001776, 17.49999999999999645, -2.437317571981751809E-14 ) ) ;
#1746 = DIRECTION ( 'NONE',  ( -1.000000000000000000, 0.0000000000000000000, 3.480674935616895651E-15 ) ) ;
#1747 = CARTESIAN_POINT ( 'NONE',  ( -24.50000000000009948, 22.00000000000003908, 14.89999999999998437 ) ) ;
#1748 = AXIS2_PLACEMENT_3D ( 'NONE', #2921, #3420, #629 ) ;
#1749 = AXIS2_PLACEMENT_3D ( 'NONE', #2310, #3896, #3476 ) ;
#1750 = VECTOR ( 'NONE', #481, 1000.000000000000000 ) ;
#1751 = EDGE_CURVE ( 'NONE', #3780, #1725, #715, .T. ) ;
#1752 = VERTEX_POINT ( 'NONE', #899 ) ;
#1753 = CARTESIAN_POINT ( 'NONE',  ( -7.752917594872369200, -22.84824944307652572, 28.50787800615255918 ) ) ;
#1754 = ORIENTED_EDGE ( 'NONE', *, *, #1069, .F. ) ;
#1755 = ORIENTED_EDGE ( 'NONE', *, *, #4286, .F. ) ;
#1756 = ORIENTED_EDGE ( 'NONE', *, *, #4286, .T. ) ;
#1757 = CARTESIAN_POINT ( 'NONE',  ( 8.003107827632510052, 23.49689217236788963, 28.95388842466222457 ) ) ;
#1758 = CARTESIAN_POINT ( 'NONE',  ( -10.00000000000009948, 21.50000000000000000, 27.89999999999999147 ) ) ;
#1759 = DIRECTION ( 'NONE',  ( -1.000000000000000000, 0.0000000000000000000, 0.0000000000000000000 ) ) ;
#1760 = VECTOR ( 'NONE', #3039, 1000.000000000000000 ) ;
#1761 = LINE ( 'NONE', #2184, #149 ) ;
#1762 = LINE ( 'NONE', #3341, #2273 ) ;
#1763 = CARTESIAN_POINT ( 'NONE',  ( -2.000000000000002220, 13.00000000000000000, -2.000000000000000000 ) ) ;
#1764 = ADVANCED_FACE ( 'NONE', ( #4095 ), #2508, .F. ) ;
#1765 = EDGE_CURVE ( 'NONE', #4219, #1962, #3252, .T. ) ;
#1766 = CARTESIAN_POINT ( 'NONE',  ( 9.500000000000001776, -21.50000000000000000, -6.982962677686269866E-15 ) ) ;
#1767 = ORIENTED_EDGE ( 'NONE', *, *, #4769, .F. ) ;
#1768 = DIRECTION ( 'NONE',  ( -1.000000000000000000, 2.017120320903264257E-17, 3.481882245688215743E-15 ) ) ;
#1769 = CARTESIAN_POINT ( 'NONE',  ( 10.00000000000010836, -21.50000000000000000, 27.39999999999999503 ) ) ;
#1770 = CARTESIAN_POINT ( 'NONE',  ( 8.500000000000053291, 24.00000000000004263, 14.90916258126162930 ) ) ;
#1771 = DIRECTION ( 'NONE',  ( 0.0000000000000000000, 3.469446951953613400E-15, -1.000000000000000000 ) ) ;
#1772 = EDGE_LOOP ( 'NONE', ( #3821, #594, #3262, #1410 ) ) ;
#1773 = AXIS2_PLACEMENT_3D ( 'NONE', #3768, #1796, #1438 ) ;
#1774 = CARTESIAN_POINT ( 'NONE',  ( -8.699515318754212245, -22.80048468124568473, 29.57592244086805522 ) ) ;
#1775 = ORIENTED_EDGE ( 'NONE', *, *, #4384, .T. ) ;
#1776 = DIRECTION ( 'NONE',  ( 0.0000000000000000000, 1.000000000000000000, 0.0000000000000000000 ) ) ;
#1777 = VECTOR ( 'NONE', #1551, 1000.000000000000000 ) ;
#1778 = EDGE_CURVE ( 'NONE', #2151, #1026, #165, .T. ) ;
#1779 = EDGE_LOOP ( 'NONE', ( #4749, #2600, #1989 ) ) ;
#1780 = ORIENTED_EDGE ( 'NONE', *, *, #2805, .T. ) ;
#1781 = CARTESIAN_POINT ( 'NONE',  ( 7.529084228532950895, 23.97091577146700558, 27.85503846485440249 ) ) ;
#1782 = DIRECTION ( 'NONE',  ( -1.000000000000000000, -1.776356839400250465E-15, 0.0000000000000000000 ) ) ;
#1783 = ADVANCED_FACE ( 'NONE', ( #4118 ), #2073, .T. ) ;
#1784 = VECTOR ( 'NONE', #5178, 1000.000000000000000 ) ;
#1785 = VERTEX_POINT ( 'NONE', #136 ) ;
#1786 = ORIENTED_EDGE ( 'NONE', *, *, #4255, .F. ) ;
#1787 = EDGE_CURVE ( 'NONE', #557, #948, #2846, .T. ) ;
#1788 = FACE_OUTER_BOUND ( 'NONE', #2958, .T. ) ;
#1789 = DIRECTION ( 'NONE',  ( 0.0000000000000000000, 0.0000000000000000000, 1.000000000000000000 ) ) ;
#1790 = CIRCLE ( 'NONE', #205, 2.100000000000001865 ) ;
#1791 = DIRECTION ( 'NONE',  ( -0.0000000000000000000, -0.0000000000000000000, 1.000000000000000000 ) ) ;
#1792 = EDGE_CURVE ( 'NONE', #1145, #4102, #454, .T. ) ;
#1793 = DIRECTION ( 'NONE',  ( 1.000000000000000000, -0.0000000000000000000, -0.0000000000000000000 ) ) ;
#1794 = EDGE_LOOP ( 'NONE', ( #410, #374, #2461, #130 ) ) ;
#1795 = CARTESIAN_POINT ( 'NONE',  ( 0.0000000000000000000, 17.50000000000000000, -2.000000000000000000 ) ) ;
#1796 = DIRECTION ( 'NONE',  ( 0.0000000000000000000, 1.000000000000000000, -3.469446951953612611E-15 ) ) ;
#1797 = LINE ( 'NONE', #174, #2171 ) ;
#1798 = CARTESIAN_POINT ( 'NONE',  ( 10.00000000000008349, 22.00000000000009592, 6.929956754546874129E-14 ) ) ;
#1799 = ORIENTED_EDGE ( 'NONE', *, *, #2691, .F. ) ;
#1800 = CARTESIAN_POINT ( 'NONE',  ( -8.869919785739734053, -23.38346702376727393, 29.05206688216545530 ) ) ;
#1801 = ORIENTED_EDGE ( 'NONE', *, *, #4447, .F. ) ;
#1802 = EDGE_CURVE ( 'NONE', #1863, #4655, #2137, .T. ) ;
#1803 = CARTESIAN_POINT ( 'NONE',  ( -10.00000000000009948, -21.50000000000000000, 27.39999999999999503 ) ) ;
#1804 = ORIENTED_EDGE ( 'NONE', *, *, #2468, .T. ) ;
#1805 = VERTEX_POINT ( 'NONE', #853 ) ;
#1806 = CARTESIAN_POINT ( 'NONE',  ( -24.50000000000009948, -24.00000000000004263, 14.89999999999999147 ) ) ;
#1807 = CARTESIAN_POINT ( 'NONE',  ( 24.50000000000009948, 24.00000000000009592, 8.157607214468926207E-14 ) ) ;
#1808 = ORIENTED_EDGE ( 'NONE', *, *, #3254, .F. ) ;
#1809 = DIRECTION ( 'NONE',  ( 1.000000000000000000, 2.017120320903264257E-17, 3.481882245688215743E-15 ) ) ;
#1810 = DIRECTION ( 'NONE',  ( 1.000000000000000000, 3.942553354492771634E-17, -3.480674935616895651E-15 ) ) ;
#1811 = DIRECTION ( 'NONE',  ( 1.000000000000000000, 0.0000000000000000000, -0.0000000000000000000 ) ) ;
#1812 = AXIS2_PLACEMENT_3D ( 'NONE', #2158, #2536, #4518 ) ;
#1814 = LINE ( 'NONE', #1435, #4322 ) ;
#1813 = VECTOR ( 'NONE', #625, 1000.000000000000000 ) ;
#1815 = ORIENTED_EDGE ( 'NONE', *, *, #3521, .F. ) ;
#1816 = CARTESIAN_POINT ( 'NONE',  ( -7.898446230092961429, 23.60155376990700304, 28.80751515912752581 ) ) ;
#1817 = CARTESIAN_POINT ( 'NONE',  ( 10.00000000000009948, -21.50000000000000000, 27.39999999999999503 ) ) ;
#1818 = CARTESIAN_POINT ( 'NONE',  ( 7.516115221976576777, -22.99033086681415838, 27.72724520025962036 ) ) ;
#1819 = DIRECTION ( 'NONE',  ( 0.0000000000000000000, -1.000000000000000000, -0.0000000000000000000 ) ) ;
#1820 = VECTOR ( 'NONE', #2326, 1000.000000000000000 ) ;
#1821 = VECTOR ( 'NONE', #4237, 1000.000000000000000 ) ;
#1822 = EDGE_CURVE ( 'NONE', #92, #218, #2382, .T. ) ;
#1823 = VERTEX_POINT ( 'NONE', #1217 ) ;
#1825 = CARTESIAN_POINT ( 'NONE',  ( -8.116532976232823771, -22.63008021426036365, 29.05206688216545530 ) ) ;
#1824 = PRESENTATION_LAYER_ASSIGNMENT (  '', '', ( #1160 ) ) ;
#1826 = EDGE_LOOP ( 'NONE', ( #3977, #1363, #612 ) ) ;
#1827 = VECTOR ( 'NONE', #3613, 1000.000000000000000 ) ;
#1828 = DIRECTION ( 'NONE',  ( -3.481882245688215743E-15, 3.191094078709388170E-34, -1.000000000000000000 ) ) ;
#1829 = VECTOR ( 'NONE', #3358, 1000.000000000000000 ) ;
#1830 = VECTOR ( 'NONE', #4984, 1000.000000000000000 ) ;
#1831 = ORIENTED_EDGE ( 'NONE', *, *, #2904, .T. ) ;
#1832 = DIRECTION ( 'NONE',  ( -0.0000000000000000000, -0.0000000000000000000, 1.000000000000000000 ) ) ;
#1833 = ORIENTED_EDGE ( 'NONE', *, *, #1423, .F. ) ;
#1834 = CARTESIAN_POINT ( 'NONE',  ( -2.100000000000001865, -17.50000000000000000, -12.00000000000000000 ) ) ;
#1835 = CARTESIAN_POINT ( 'NONE',  ( 9.500000000000101252, -21.50000000000000000, 27.39999999999999503 ) ) ;
#1836 = ORIENTED_EDGE ( 'NONE', *, *, #1096, .T. ) ;
#1837 = EDGE_LOOP ( 'NONE', ( #1610, #823, #2786, #4074 ) ) ;
#1838 = DIRECTION ( 'NONE',  ( -1.000000000000000000, 0.0000000000000000000, -3.481882245688216531E-15 ) ) ;
#1839 = CARTESIAN_POINT ( 'NONE',  ( 6.499999999999998224, -25.50000000000003553, -11.99999999999982947 ) ) ;
#1840 = DIRECTION ( 'NONE',  ( -1.000000000000000000, 0.0000000000000000000, -0.0000000000000000000 ) ) ;
#1841 = EDGE_CURVE ( 'NONE', #100, #3976, #1949, .T. ) ;
#1842 = ORIENTED_EDGE ( 'NONE', *, *, #5086, .F. ) ;
#1843 = CYLINDRICAL_SURFACE ( 'NONE', #2807, 1.000000000000000888 ) ;
#1844 = VERTEX_POINT ( 'NONE', #3261 ) ;
#1845 = CARTESIAN_POINT ( 'NONE',  ( -8.869919785739627471, 23.38346702376727748, 29.05206688216544819 ) ) ;
#1846 = CARTESIAN_POINT ( 'NONE',  ( -7.500000000000020428, 16.49999999999999645, 5.500000000000047962 ) ) ;
#1847 = CARTESIAN_POINT ( 'NONE',  ( -10.00000000000033928, -22.00000000000003908, 14.91634972440320617 ) ) ;
#1848 = VECTOR ( 'NONE', #4663, 1000.000000000000000 ) ;
#1849 = DIRECTION ( 'NONE',  ( 1.000000000000000000, 3.942553354492771634E-17, -3.480674935616895651E-15 ) ) ;
#1850 =( BOUNDED_SURFACE ( )  B_SPLINE_SURFACE ( 3, 2, ( 
 ( #1138, #1872, #3124 ),
 ( #1042, #2667, #2716 ),
 ( #2694, #1510, #4251 ),
 ( #651, #2237, #4326 ),
 ( #680, #2331, #3841 ),
 ( #3935, #1816, #250 ),
 ( #1894, #3495, #3418 ),
 ( #1116, #3445, #5015 ),
 ( #1845, #5038, #3097 ),
 ( #4673, #3889, #3049 ),
 ( #4650, #3865, #273 ),
 ( #296, #4697, #4354 ),
 ( #1604, #2774, #1584 ),
 ( #2849, #1163, #5136 ) ),
 .UNSPECIFIED., .F., .F., .F. ) 
 B_SPLINE_SURFACE_WITH_KNOTS ( ( 4, 2, 2, 2, 2, 2, 4 ),
 ( 3, 3 ),
 ( 6.283185307179586232, 6.479534848028948524, 6.675884388878310816, 6.872233929727672219, 7.068583470577034511, 7.461282552275758206, 7.853981633974482790 ),
 ( 0.0000000000000000000, 1.000000000000000000 ),
 .UNSPECIFIED. ) 
 GEOMETRIC_REPRESENTATION_ITEM ( )  RATIONAL_B_SPLINE_SURFACE ( (
 ( 1.000000000000000000, 0.7071067811865475727, 1.000000000000000000),
 ( 1.000000000000000000, 0.7070717253461208385, 1.000000000000000000),
 ( 1.000000000000000000, 0.7117460065651318724, 1.000000000000000000),
 ( 1.000000000000000000, 0.7291288899781845911, 1.000000000000000000),
 ( 1.000000000000000000, 0.7418334233299086478, 1.000000000000000000),
 ( 1.000000000000000000, 0.7723968163672952914, 1.000000000000000000),
 ( 1.000000000000000000, 0.7902180133723549771, 1.000000000000000000),
 ( 1.000000000000000000, 0.8275942648709877503, 1.000000000000000000),
 ( 1.000000000000000000, 0.8471316638280894651, 1.000000000000000000),
 ( 1.000000000000000000, 0.9038128836971348612, 1.000000000000000000),
 ( 1.000000000000000000, 0.9386556535315784267, 1.000000000000000000),
 ( 1.000000000000000000, 0.9867291862307344674, 1.000000000000000000),
 ( 1.000000000000000000, 1.000158583040924754, 1.000000000000000000),
 ( 1.000000000000000000, 1.000000000000000000, 1.000000000000000000) ) ) 
 REPRESENTATION_ITEM ( '' )  SURFACE ( )  );
#1851 = EDGE_LOOP ( 'NONE', ( #5173, #1596, #441, #63 ) ) ;
#1852 = DIRECTION ( 'NONE',  ( -2.017120320903264257E-17, 1.000000000000000000, -7.042737958635019892E-32 ) ) ;
#1853 = VERTEX_POINT ( 'NONE', #1195 ) ;
#1854 = DIRECTION ( 'NONE',  ( -1.000000000000000000, 2.017120320903264257E-17, 3.481882245688215743E-15 ) ) ;
#1855 = EDGE_CURVE ( 'NONE', #4655, #4737, #1790, .T. ) ;
#1856 = VERTEX_POINT ( 'NONE', #3151 ) ;
#1857 = DIRECTION ( 'NONE',  ( 1.000000000000000000, 0.0000000000000000000, 0.0000000000000000000 ) ) ;
#1858 = ORIENTED_EDGE ( 'NONE', *, *, #5170, .F. ) ;
#1859 = CARTESIAN_POINT ( 'NONE',  ( 7.500000000000082601, -16.49999999999999645, 23.39999999999999858 ) ) ;
#1860 = CIRCLE ( 'NONE', #1194, 1.000000000000000000 ) ;
#1861 = CARTESIAN_POINT ( 'NONE',  ( 9.500000000000053291, -21.50000000000000000, 14.91977001746919207 ) ) ;
#1862 = EDGE_CURVE ( 'NONE', #4701, #1853, #1659, .T. ) ;
#1863 = VERTEX_POINT ( 'NONE', #3605 ) ;
#1864 = ORIENTED_EDGE ( 'NONE', *, *, #61, .T. ) ;
#1865 = CIRCLE ( 'NONE', #2683, 1.000000000000000888 ) ;
#1866 = DIRECTION ( 'NONE',  ( 1.841475689883071491E-14, -3.469446951953612611E-15, -1.000000000000000000 ) ) ;
#1867 = PLANE ( 'NONE',  #3370 ) ;
#1868 = CARTESIAN_POINT ( 'NONE',  ( 9.500000000000053291, 22.00000000000004263, 14.90916258126162575 ) ) ;
#1869 = CIRCLE ( 'NONE', #24, 0.9999999999999991118 ) ;
#1870 = DIRECTION ( 'NONE',  ( -1.000000000000000000, -0.0000000000000000000, -0.0000000000000000000 ) ) ;
#1871 = AXIS2_PLACEMENT_3D ( 'NONE', #3992, #1615, #3943 ) ;
#1872 = CARTESIAN_POINT ( 'NONE',  ( -7.500000000000101252, 23.99999999999999645, 27.39999999999999503 ) ) ;
#1873 = PLANE ( 'NONE',  #2766 ) ;
#1874 = CARTESIAN_POINT ( 'NONE',  ( 9.470214414521361590, -22.02978558547895460, 29.86016900714753675 ) ) ;
#1875 = AXIS2_PLACEMENT_3D ( 'NONE', #1798, #654, #1771 ) ;
#1876 = EDGE_CURVE ( 'NONE', #2801, #1886, #1635, .T. ) ;
#1877 = ORIENTED_EDGE ( 'NONE', *, *, #3107, .T. ) ;
#1878 = CARTESIAN_POINT ( 'NONE',  ( 0.0000000000000000000, -25.50000000000000355, -2.499999999999992006 ) ) ;
#1879 = EDGE_LOOP ( 'NONE', ( #4318, #4163, #3316, #910 ) ) ;
#1880 = DIRECTION ( 'NONE',  ( 1.000000000000000000, 1.208020574436438282E-29, 3.481882245688216137E-15 ) ) ;
#1881 = EDGE_LOOP ( 'NONE', ( #3229, #1441, #2037, #2236 ) ) ;
#1882 = DIRECTION ( 'NONE',  ( 3.481882245688215743E-15, 2.748692399616089423E-31, -1.000000000000000000 ) ) ;
#1883 = VERTEX_POINT ( 'NONE', #2357 ) ;
#1884 = CARTESIAN_POINT ( 'NONE',  ( 9.500000000000078160, -16.49999999999999645, 22.39999999999999147 ) ) ;
#1885 = LINE ( 'NONE', #1910, #2835 ) ;
#1886 = VERTEX_POINT ( 'NONE', #2055 ) ;
#1887 = ORIENTED_EDGE ( 'NONE', *, *, #1361, .T. ) ;
#1888 = EDGE_CURVE ( 'NONE', #1260, #4634, #3655, .T. ) ;
#1889 = LINE ( 'NONE', #4245, #4930 ) ;
#1890 = LINE ( 'NONE', #293, #1777 ) ;
#1891 = DIRECTION ( 'NONE',  ( 3.481882245688215743E-15, 2.748692399616089423E-31, -1.000000000000000000 ) ) ;
#1892 = EDGE_CURVE ( 'NONE', #4258, #520, #1276, .T. ) ;
#1893 = LINE ( 'NONE', #1115, #1897 ) ;
#1894 = CARTESIAN_POINT ( 'NONE',  ( -8.698252604552093814, 23.66957899241335994, 28.65287669307824103 ) ) ;
#1895 = DIRECTION ( 'NONE',  ( 0.0000000000000000000, 1.000000000000000000, -3.469446951953613006E-15 ) ) ;
#1896 = CARTESIAN_POINT ( 'NONE',  ( -8.500000000000103029, -23.99999999999999645, 27.40000000000001279 ) ) ;
#1897 = VECTOR ( 'NONE', #5087, 1000.000000000000000 ) ;
#1898 = EDGE_LOOP ( 'NONE', ( #2929, #4058, #4569, #2542 ) ) ;
#1899 = EDGE_LOOP ( 'NONE', ( #880, #1767, #2580, #1474 ) ) ;
#1900 = CARTESIAN_POINT ( 'NONE',  ( 37.00000000000000000, 0.0000000000000000000, -12.00000000000000355 ) ) ;
#1901 = CARTESIAN_POINT ( 'NONE',  ( 0.0000000000000000000, 17.50000000000000000, -2.000000000000000000 ) ) ;
#1902 = FACE_OUTER_BOUND ( 'NONE', #4178, .T. ) ;
#1903 = AXIS2_PLACEMENT_3D ( 'NONE', #3601, #5166, #4746 ) ;
#1904 = VECTOR ( 'NONE', #1957, 1000.000000000000000 ) ;
#1905 = VECTOR ( 'NONE', #1624, 1000.000000000000000 ) ;
#1906 = VERTEX_POINT ( 'NONE', #40 ) ;
#1907 = DIRECTION ( 'NONE',  ( 0.0000000000000000000, 1.000000000000000000, 0.0000000000000000000 ) ) ;
#1908 = ORIENTED_EDGE ( 'NONE', *, *, #851, .F. ) ;
#1909 = CYLINDRICAL_SURFACE ( 'NONE', #3917, 1.000000000000000888 ) ;
#1910 = CARTESIAN_POINT ( 'NONE',  ( -9.500000000000001776, 21.50000000000000000, -3.133694021119395273E-14 ) ) ;
#1911 = VECTOR ( 'NONE', #2989, 1000.000000000000000 ) ;
#1912 = VECTOR ( 'NONE', #1122, 1000.000000000000000 ) ;
#1913 = ORIENTED_EDGE ( 'NONE', *, *, #4053, .F. ) ;
#1914 = VECTOR ( 'NONE', #3673, 1000.000000000000000 ) ;
#1915 = LINE ( 'NONE', #2256, #3745 ) ;
#1916 = CARTESIAN_POINT ( 'NONE',  ( -8.500000000000103029, 23.99999999999999645, 27.40000000000000213 ) ) ;
#1917 = DIRECTION ( 'NONE',  ( 1.000000000000000000, 0.0000000000000000000, 0.0000000000000000000 ) ) ;
#1918 = EDGE_CURVE ( 'NONE', #3511, #4395, #409, .T. ) ;
#1919 = LINE ( 'NONE', #5036, #3909 ) ;
#1920 = DIRECTION ( 'NONE',  ( -0.0000000000000000000, -1.000000000000000000, -0.0000000000000000000 ) ) ;
#1921 = LINE ( 'NONE', #4327, #1536 ) ;
#1922 = CARTESIAN_POINT ( 'NONE',  ( -15.10000000000000142, 0.0000000000000000000, 27.89999999999998792 ) ) ;
#1923 = VERTEX_POINT ( 'NONE', #4386 ) ;
#1924 = AXIS2_PLACEMENT_3D ( 'NONE', #311, #5002, #641 ) ;
#1925 = CARTESIAN_POINT ( 'NONE',  ( 8.500000000000095923, 24.00000000000000000, 27.39999999999999147 ) ) ;
#1926 = DIRECTION ( 'NONE',  ( -1.000000000000000000, -0.0000000000000000000, -0.0000000000000000000 ) ) ;
#1927 = DIRECTION ( 'NONE',  ( -3.469446951953611033E-15, 0.0000000000000000000, -1.000000000000000000 ) ) ;
#1928 = EDGE_LOOP ( 'NONE', ( #4811, #240, #159, #720 ) ) ;
#1929 = FACE_OUTER_BOUND ( 'NONE', #4939, .T. ) ;
#1930 = ORIENTED_EDGE ( 'NONE', *, *, #2187, .T. ) ;
#1931 = DIRECTION ( 'NONE',  ( 1.000000000000000000, 0.0000000000000000000, 0.0000000000000000000 ) ) ;
#1932 = CARTESIAN_POINT ( 'NONE',  ( 7.500000000000020428, -16.49999999999999645, 5.499999999999992895 ) ) ;
#1933 = EDGE_CURVE ( 'NONE', #340, #4610, #4750, .T. ) ;
#1934 = EDGE_LOOP ( 'NONE', ( #1283, #2233, #2250, #279 ) ) ;
#1935 = VERTEX_POINT ( 'NONE', #3552 ) ;
#1936 = DIRECTION ( 'NONE',  ( 0.0000000000000000000, 1.000000000000000000, 0.0000000000000000000 ) ) ;
#1937 = LINE ( 'NONE', #1527, #190 ) ;
#1938 = ADVANCED_FACE ( 'NONE', ( #1559 ), #4358, .T. ) ;
#1939 = DIRECTION ( 'NONE',  ( 1.734723475976808672E-15, 1.000000000000000000, 0.0000000000000000000 ) ) ;
#1940 = EDGE_CURVE ( 'NONE', #941, #373, #5138, .T. ) ;
#1941 = VECTOR ( 'NONE', #1301, 1000.000000000000000 ) ;
#1942 = PLANE ( 'NONE',  #488 ) ;
#1943 = PLANE ( 'NONE',  #1415 ) ;
#1944 = CARTESIAN_POINT ( 'NONE',  ( -10.00000000000009948, 22.00000000000000000, 27.39999999999999858 ) ) ;
#1945 = VECTOR ( 'NONE', #2768, 1000.000000000000000 ) ;
#1946 = LINE ( 'NONE', #3447, #1343 ) ;
#1947 = AXIS2_PLACEMENT_3D ( 'NONE', #5119, #1517, #1590 ) ;
#1948 = CIRCLE ( 'NONE', #1041, 1.000000000000000888 ) ;
#1949 = LINE ( 'NONE', #1168, #2446 ) ;
#1950 = ORIENTED_EDGE ( 'NONE', *, *, #3863, .F. ) ;
#1951 = LINE ( 'NONE', #1048, #2573 ) ;
#1952 = EDGE_CURVE ( 'NONE', #2099, #1962, #4803, .T. ) ;
#1953 = CARTESIAN_POINT ( 'NONE',  ( 6.499999999999998224, 25.50000000000003553, -11.99999999999999289 ) ) ;
#1954 = LINE ( 'NONE', #4362, #4794 ) ;
#1955 = VECTOR ( 'NONE', #148, 1000.000000000000000 ) ;
#1956 = ORIENTED_EDGE ( 'NONE', *, *, #2540, .T. ) ;
#1957 = DIRECTION ( 'NONE',  ( -3.481882245688215743E-15, 6.270870922116162168E-34, 1.000000000000000000 ) ) ;
#1958 = ORIENTED_EDGE ( 'NONE', *, *, #2098, .F. ) ;
#1959 = ADVANCED_FACE ( 'NONE', ( #783 ), #4410, .T. ) ;
#1960 = LINE ( 'NONE', #3926, #2729 ) ;
#1961 = DIRECTION ( 'NONE',  ( 0.0000000000000000000, 3.469446951953612611E-15, 1.000000000000000000 ) ) ;
#1962 = VERTEX_POINT ( 'NONE', #1974 ) ;
#1963 = ORIENTED_EDGE ( 'NONE', *, *, #4187, .T. ) ;
#1964 = ORIENTED_EDGE ( 'NONE', *, *, #5091, .T. ) ;
#1965 = DIRECTION ( 'NONE',  ( -3.481882245688216926E-15, -3.469446951953613006E-15, -1.000000000000000000 ) ) ;
#1966 = DIRECTION ( 'NONE',  ( 3.481882245688216531E-15, 0.0000000000000000000, 1.000000000000000000 ) ) ;
#1967 = DIRECTION ( 'NONE',  ( 0.0000000000000000000, 3.469446951953614189E-15, -1.000000000000000000 ) ) ;
#1968 = EDGE_CURVE ( 'NONE', #506, #4244, #2409, .T. ) ;
#1969 = EDGE_CURVE ( 'NONE', #5093, #4689, #434, .T. ) ;
#1970 = CARTESIAN_POINT ( 'NONE',  ( -24.50000000000012434, 2.999999999999998668, 22.40000000000011227 ) ) ;
#1971 = DIRECTION ( 'NONE',  ( 0.0000000000000000000, 3.469446951953612611E-15, -1.000000000000000000 ) ) ;
#1972 = CARTESIAN_POINT ( 'NONE',  ( -10.00000000000009948, 21.50000000000000000, 27.89999999999999147 ) ) ;
#1973 = CARTESIAN_POINT ( 'NONE',  ( -24.50000000000009948, -24.00000000000004263, 14.89999999999999147 ) ) ;
#1974 = CARTESIAN_POINT ( 'NONE',  ( -24.50000000000009948, 21.50000000000000000, 27.89999999999999147 ) ) ;
#1975 = ORIENTED_EDGE ( 'NONE', *, *, #4285, .T. ) ;
#1976 = DIRECTION ( 'NONE',  ( 0.0000000000000000000, -1.000000000000000000, 0.0000000000000000000 ) ) ;
#1977 = FACE_OUTER_BOUND ( 'NONE', #2992, .T. ) ;
#1978 = LINE ( 'NONE', #19, #1784 ) ;
#1979 = CIRCLE ( 'NONE', #2641, 0.5000000000000004441 ) ;
#1980 = ORIENTED_EDGE ( 'NONE', *, *, #363, .T. ) ;
#1981 = EDGE_CURVE ( 'NONE', #2096, #965, #3180, .T. ) ;
#1982 = ORIENTED_EDGE ( 'NONE', *, *, #1286, .T. ) ;
#1983 = DIRECTION ( 'NONE',  ( 5.337610695313251385E-16, -3.469446951953612611E-15, 1.000000000000000000 ) ) ;
#1984 = ORIENTED_EDGE ( 'NONE', *, *, #1056, .F. ) ;
#1985 = VECTOR ( 'NONE', #5050, 1000.000000000000000 ) ;
#1986 = AXIS2_PLACEMENT_3D ( 'NONE', #1766, #4148, #4938 ) ;
#1987 = CARTESIAN_POINT ( 'NONE',  ( -7.500000000000016875, -4.000000000000000888, 4.500000000000046185 ) ) ;
#1988 = CIRCLE ( 'NONE', #3242, 0.9999999999999974465 ) ;
#1989 = ORIENTED_EDGE ( 'NONE', *, *, #1547, .T. ) ;
#1990 = ORIENTED_EDGE ( 'NONE', *, *, #343, .F. ) ;
#1991 = CARTESIAN_POINT ( 'NONE',  ( -24.50000000000018119, -17.49999999999999645, 5.500000000000103917 ) ) ;
#1992 = VECTOR ( 'NONE', #939, 1000.000000000000000 ) ;
#1993 = LINE ( 'NONE', #844, #3792 ) ;
#1994 = VECTOR ( 'NONE', #3635, 1000.000000000000000 ) ;
#1995 = LINE ( 'NONE', #2427, #2490 ) ;
#1996 = ADVANCED_FACE ( 'NONE', ( #2142 ), #1409, .T. ) ;
#1997 = VECTOR ( 'NONE', #3568, 1000.000000000000000 ) ;
#1998 = VECTOR ( 'NONE', #2638, 1000.000000000000000 ) ;
#1999 = EDGE_LOOP ( 'NONE', ( #2644, #881, #3952, #615 ) ) ;
#2000 = DIRECTION ( 'NONE',  ( -0.0000000000000000000, 3.469446951953612611E-15, 1.000000000000000000 ) ) ;
#2001 = CARTESIAN_POINT ( 'NONE',  ( 10.00000000000009948, -21.50000000000000000, 27.39999999999999503 ) ) ;
#2002 = DIRECTION ( 'NONE',  ( 0.0000000000000000000, 0.0000000000000000000, 1.000000000000000000 ) ) ;
#2003 = DIRECTION ( 'NONE',  ( 2.017120320903361015E-17, -1.000000000000000000, -2.775557561562892337E-16 ) ) ;
#2004 = VERTEX_POINT ( 'NONE', #521 ) ;
#2005 = CARTESIAN_POINT ( 'NONE',  ( 0.0000000000000000000, 17.50000000000000000, -12.00000000000000000 ) ) ;
#2006 = PLANE ( 'NONE',  #1037 ) ;
#2007 = CYLINDRICAL_SURFACE ( 'NONE', #2954, 1.000000000000000888 ) ;
#2008 = ORIENTED_EDGE ( 'NONE', *, *, #753, .F. ) ;
#2009 = ORIENTED_EDGE ( 'NONE', *, *, #3308, .F. ) ;
#2010 = DIRECTION ( 'NONE',  ( 1.000000000000000000, 0.0000000000000000000, -0.0000000000000000000 ) ) ;
#2011 = ORIENTED_EDGE ( 'NONE', *, *, #907, .T. ) ;
#2012 = ADVANCED_FACE ( 'NONE', ( #4570, #2494, #4981 ), #4103, .T. ) ;
#2013 = DIRECTION ( 'NONE',  ( -1.000000000000000000, 6.938893903907137659E-15, -0.0000000000000000000 ) ) ;
#2014 = VECTOR ( 'NONE', #1961, 1000.000000000000000 ) ;
#2015 =( BOUNDED_CURVE ( )  B_SPLINE_CURVE ( 3, ( #4756, #4414, #3610, #2292 ),
 .UNSPECIFIED., .F., .F. ) 
 B_SPLINE_CURVE_WITH_KNOTS ( ( 4, 4 ),
 ( 0.0000000000000000000, 1.570796326794896558 ),
 .UNSPECIFIED. ) 
 CURVE ( )  GEOMETRIC_REPRESENTATION_ITEM ( )  RATIONAL_B_SPLINE_CURVE ( ( 1.000000000000000000, 0.8047378541243649375, 0.8047378541243649375, 1.000000000000000000 ) ) 
 REPRESENTATION_ITEM ( '' )  );
#2016 = EDGE_CURVE ( 'NONE', #2143, #3354, #2963, .T. ) ;
#2017 = ORIENTED_EDGE ( 'NONE', *, *, #4956, .T. ) ;
#2018 = VERTEX_POINT ( 'NONE', #2114 ) ;
#2019 = LINE ( 'NONE', #4765, #1079 ) ;
#2020 = DIRECTION ( 'NONE',  ( 1.000000000000000000, -2.017120320903264257E-17, 0.0000000000000000000 ) ) ;
#2021 = CARTESIAN_POINT ( 'NONE',  ( 1.919818630983522544E-17, 0.0000000000000000000, 29.89999999999998792 ) ) ;
#2022 = DIRECTION ( 'NONE',  ( 1.000000000000000000, 0.0000000000000000000, -3.469446951953613400E-15 ) ) ;
#2023 = LINE ( 'NONE', #3627, #2474 ) ;
#2024 = DIRECTION ( 'NONE',  ( -0.0000000000000000000, 3.469446951953612611E-15, 1.000000000000000000 ) ) ;
#2025 = LINE ( 'NONE', #3680, #2738 ) ;
#2026 = AXIS2_PLACEMENT_3D ( 'NONE', #4741, #1090, #1111 ) ;
#2027 = ORIENTED_EDGE ( 'NONE', *, *, #4332, .T. ) ;
#2028 = CARTESIAN_POINT ( 'NONE',  ( -6.500000000000000000, -23.50000000000000000, -2.000000000000000000 ) ) ;
#2029 = ORIENTED_EDGE ( 'NONE', *, *, #2287, .F. ) ;
#2030 = VECTOR ( 'NONE', #1421, 1000.000000000000000 ) ;
#2031 = FACE_OUTER_BOUND ( 'NONE', #4235, .T. ) ;
#2032 = DIRECTION ( 'NONE',  ( 1.000000000000000000, 0.0000000000000000000, 0.0000000000000000000 ) ) ;
#2033 = CARTESIAN_POINT ( 'NONE',  ( 24.50000000000009948, 21.50000000000000000, 29.89999999999998792 ) ) ;
#2034 = CIRCLE ( 'NONE', #2777, 2.100000000000001865 ) ;
#2035 = EDGE_CURVE ( 'NONE', #3721, #3634, #2917, .T. ) ;
#2036 = VERTEX_POINT ( 'NONE', #979 ) ;
#2037 = ORIENTED_EDGE ( 'NONE', *, *, #1632, .F. ) ;
#2038 = DIRECTION ( 'NONE',  ( 0.0000000000000000000, 0.0000000000000000000, 1.000000000000000000 ) ) ;
#2039 = ORIENTED_EDGE ( 'NONE', *, *, #5134, .T. ) ;
#2040 = AXIS2_PLACEMENT_3D ( 'NONE', #2194, #4228, #175 ) ;
#2041 = EDGE_LOOP ( 'NONE', ( #4787, #2523, #15, #1958 ) ) ;
#2042 = VERTEX_POINT ( 'NONE', #4523 ) ;
#2043 = CARTESIAN_POINT ( 'NONE',  ( -9.500000000000049738, -3.000000000000000444, 22.40000000000005898 ) ) ;
#2044 = FACE_OUTER_BOUND ( 'NONE', #3533, .T. ) ;
#2045 = ADVANCED_FACE ( 'NONE', ( #1306 ), #2886, .T. ) ;
#2046 = CARTESIAN_POINT ( 'NONE',  ( -7.500000000000076383, -16.49999999999999645, 22.40000000000005187 ) ) ;
#2047 = EDGE_CURVE ( 'NONE', #965, #3064, #882, .T. ) ;
#2048 = LINE ( 'NONE', #4932, #718 ) ;
#2049 = DIRECTION ( 'NONE',  ( 3.480674935616895651E-15, -2.775557561562891844E-16, 1.000000000000000000 ) ) ;
#2050 = CARTESIAN_POINT ( 'NONE',  ( 8.500000000000101252, -24.00000000000000000, 27.40000000000000213 ) ) ;
#2051 = DIRECTION ( 'NONE',  ( 1.000000000000000000, -0.0000000000000000000, 0.0000000000000000000 ) ) ;
#2052 = PLANE ( 'NONE',  #3919 ) ;
#2053 = ADVANCED_FACE ( 'NONE', ( #3389 ), #2462, .T. ) ;
#2054 = ORIENTED_EDGE ( 'NONE', *, *, #2704, .F. ) ;
#2055 = CARTESIAN_POINT ( 'NONE',  ( -6.499999999999998224, 23.50000000000003553, -12.00000000000000000 ) ) ;
#2056 = ORIENTED_EDGE ( 'NONE', *, *, #673, .T. ) ;
#2057 = CARTESIAN_POINT ( 'NONE',  ( 9.500000000000015987, 16.49999999999999645, 4.499999999999990230 ) ) ;
#2058 = DIRECTION ( 'NONE',  ( 1.000000000000000000, 2.017120320903264257E-17, 3.481882245688215743E-15 ) ) ;
#2059 = LINE ( 'NONE', #4107, #231 ) ;
#2060 = LINE ( 'NONE', #499, #2442 ) ;
#2061 = ORIENTED_EDGE ( 'NONE', *, *, #3693, .F. ) ;
#2062 = PLANE ( 'NONE',  #583 ) ;
#2063 = VERTEX_POINT ( 'NONE', #549 ) ;
#2064 = CARTESIAN_POINT ( 'NONE',  ( 0.0000000000000000000, 0.0000000000000000000, 0.0000000000000000000 ) ) ;
#2065 = AXIS2_PLACEMENT_3D ( 'NONE', #4596, #2617, #4224 ) ;
#2066 = EDGE_LOOP ( 'NONE', ( #1593, #1619, #1202, #442 ) ) ;
#2067 = ORIENTED_EDGE ( 'NONE', *, *, #5046, .F. ) ;
#2068 = ORIENTED_EDGE ( 'NONE', *, *, #2614, .T. ) ;
#2069 = CARTESIAN_POINT ( 'NONE',  ( 10.00000000000010836, -21.50000000000000000, 27.89999999999999503 ) ) ;
#2070 = DIRECTION ( 'NONE',  ( 1.000000000000000000, -0.0000000000000000000, -0.0000000000000000000 ) ) ;
#2071 = CARTESIAN_POINT ( 'NONE',  ( 24.50000000000009948, -21.50000000000000000, 29.89999999999998792 ) ) ;
#2072 = VECTOR ( 'NONE', #2077, 1000.000000000000000 ) ;
#2073 = PLANE ( 'NONE',  #4713 ) ;
#2074 = AXIS2_PLACEMENT_3D ( 'NONE', #68, #915, #1665 ) ;
#2076 = DIRECTION ( 'NONE',  ( 2.335204679199547974E-16, -1.000000000000000000, 0.0000000000000000000 ) ) ;
#2075 = CIRCLE ( 'NONE', #5004, 0.5000000000000004441 ) ;
#2077 = DIRECTION ( 'NONE',  ( 0.0000000000000000000, -1.000000000000000000, 0.0000000000000000000 ) ) ;
#2078 = DIRECTION ( 'NONE',  ( 8.673617379884177221E-17, -3.469446951953670987E-15, -1.000000000000000000 ) ) ;
#2079 = ORIENTED_EDGE ( 'NONE', *, *, #2975, .F. ) ;
#2080 = CARTESIAN_POINT ( 'NONE',  ( -8.535533905932837229, -22.37867965644035451, 29.89999999999999147 ) ) ;
#2081 = ADVANCED_FACE ( 'NONE', ( #2567 ), #3735, .F. ) ;
#2082 = CIRCLE ( 'NONE', #156, 0.5000000000000004441 ) ;
#2083 = ORIENTED_EDGE ( 'NONE', *, *, #808, .F. ) ;
#2084 = VECTOR ( 'NONE', #5175, 1000.000000000000000 ) ;
#2085 = EDGE_CURVE ( 'NONE', #4001, #4634, #494, .T. ) ;
#2086 = VERTEX_POINT ( 'NONE', #601 ) ;
#2087 = PLANE ( 'NONE',  #2721 ) ;
#2088 = ORIENTED_EDGE ( 'NONE', *, *, #1153, .F. ) ;
#2090 = DIRECTION ( 'NONE',  ( 0.0000000000000000000, 1.000000000000000000, 0.0000000000000000000 ) ) ;
#2089 = AXIS2_PLACEMENT_3D ( 'NONE', #5010, #1840, #2328 ) ;
#2091 = CYLINDRICAL_SURFACE ( 'NONE', #18, 0.5000000000000004441 ) ;
#2092 = DIRECTION ( 'NONE',  ( 0.0000000000000000000, 0.0000000000000000000, -1.000000000000000000 ) ) ;
#2093 = DIRECTION ( 'NONE',  ( 1.000000000000000000, 0.0000000000000000000, 0.0000000000000000000 ) ) ;
#2094 = VERTEX_POINT ( 'NONE', #4073 ) ;
#2095 = CARTESIAN_POINT ( 'NONE',  ( -6.500000000000000000, 21.50000000000000000, 0.0000000000000000000 ) ) ;
#2096 = VERTEX_POINT ( 'NONE', #2991 ) ;
#2097 = ADVANCED_FACE ( 'NONE', ( #3344 ), #570, .F. ) ;
#2098 = EDGE_CURVE ( 'NONE', #1639, #4473, #5083, .T. ) ;
#2099 = VERTEX_POINT ( 'NONE', #4960 ) ;
#2100 = ORIENTED_EDGE ( 'NONE', *, *, #1696, .T. ) ;
#2101 = VECTOR ( 'NONE', #3216, 1000.000000000000000 ) ;
#2102 = DIRECTION ( 'NONE',  ( 0.0000000000000000000, 3.469446951953670987E-15, 1.000000000000000000 ) ) ;
#2103 = EDGE_CURVE ( 'NONE', #2528, #1347, #1979, .T. ) ;
#2104 = DIRECTION ( 'NONE',  ( -1.000000000000000000, 0.0000000000000000000, -0.0000000000000000000 ) ) ;
#2105 = CARTESIAN_POINT ( 'NONE',  ( 10.00000000000066436, -22.00000000000004263, 14.91977001746919029 ) ) ;
#2106 = CARTESIAN_POINT ( 'NONE',  ( -10.00000000000009948, -21.50000000000000000, 29.89999999999998792 ) ) ;
#2107 = ADVANCED_FACE ( 'NONE', ( #3785 ), #2087, .T. ) ;
#2108 = LINE ( 'NONE', #930, #4582 ) ;
#2109 = CYLINDRICAL_SURFACE ( 'NONE', #1529, 1.000000000000000888 ) ;
#2110 = VERTEX_POINT ( 'NONE', #3839 ) ;
#2111 = DIRECTION ( 'NONE',  ( 1.000000000000000000, 0.0000000000000000000, 0.0000000000000000000 ) ) ;
#2112 = EDGE_CURVE ( 'NONE', #2410, #3894, #2692, .T. ) ;
#2113 = ORIENTED_EDGE ( 'NONE', *, *, #1663, .F. ) ;
#2114 = CARTESIAN_POINT ( 'NONE',  ( -9.500000000000083489, 3.999999999999998224, 23.40000000000005898 ) ) ;
#2115 = ORIENTED_EDGE ( 'NONE', *, *, #4135, .F. ) ;
#2116 = FACE_OUTER_BOUND ( 'NONE', #4054, .T. ) ;
#2117 = CARTESIAN_POINT ( 'NONE',  ( 9.500000000000085265, -16.49999999999999645, 23.39999999999999147 ) ) ;
#2118 = VECTOR ( 'NONE', #1251, 1000.000000000000000 ) ;
#2119 = CARTESIAN_POINT ( 'NONE',  ( 8.651750556923548885, -23.74708240512771695, 28.50787800615258760 ) ) ;
#2120 = CARTESIAN_POINT ( 'NONE',  ( -24.50000000000009948, -21.50000000000000000, 27.39999999999999503 ) ) ;
#2121 = ADVANCED_FACE ( 'NONE', ( #248 ), #1843, .F. ) ;
#2122 = CIRCLE ( 'NONE', #2433, 0.5000000000000004441 ) ;
#2123 = ADVANCED_FACE ( 'NONE', ( #295 ), #3416, .F. ) ;
#2124 = VERTEX_POINT ( 'NONE', #1063 ) ;
#2125 = EDGE_CURVE ( 'NONE', #1730, #2042, #1919, .T. ) ;
#2126 = CARTESIAN_POINT ( 'NONE',  ( -6.499999999999998224, 25.50000000000000355, -2.499999999999992006 ) ) ;
#2127 = ORIENTED_EDGE ( 'NONE', *, *, #789, .T. ) ;
#2128 = VECTOR ( 'NONE', #209, 1000.000000000000000 ) ;
#2129 = AXIS2_PLACEMENT_3D ( 'NONE', #885, #2058, #2517 ) ;
#2130 = ORIENTED_EDGE ( 'NONE', *, *, #3784, .F. ) ;
#2131 = CIRCLE ( 'NONE', #2866, 0.9999999999999985567 ) ;
#2132 = VERTEX_POINT ( 'NONE', #4672 ) ;
#2133 = ORIENTED_EDGE ( 'NONE', *, *, #5145, .T. ) ;
#2134 = DIRECTION ( 'NONE',  ( 0.0000000000000000000, 0.0000000000000000000, 1.000000000000000000 ) ) ;
#2135 = LINE ( 'NONE', #897, #1914 ) ;
#2136 = AXIS2_PLACEMENT_3D ( 'NONE', #2622, #225, #3052 ) ;
#2137 = LINE ( 'NONE', #4876, #4635 ) ;
#2138 = LINE ( 'NONE', #1735, #3239 ) ;
#2139 = DIRECTION ( 'NONE',  ( 3.469446951953622866E-15, 0.0000000000000000000, 1.000000000000000000 ) ) ;
#2140 = DIRECTION ( 'NONE',  ( 1.000000000000000000, 2.017120320903264257E-17, 3.481882245688215743E-15 ) ) ;
#2141 = DIRECTION ( 'NONE',  ( 0.0000000000000000000, -3.491481338843133355E-15, 1.000000000000000000 ) ) ;
#2142 = FACE_OUTER_BOUND ( 'NONE', #4083, .T. ) ;
#2143 = VERTEX_POINT ( 'NONE', #4696 ) ;
#2144 = DIRECTION ( 'NONE',  ( 1.000000000000000000, 0.0000000000000000000, 0.0000000000000000000 ) ) ;
#2145 = CARTESIAN_POINT ( 'NONE',  ( 3.000000000000003553, 13.00000000000000178, 0.0000000000000000000 ) ) ;
#2146 = CARTESIAN_POINT ( 'NONE',  ( 8.547975025604483079, -23.92004162399262768, 28.04820640982099178 ) ) ;
#2147 = CARTESIAN_POINT ( 'NONE',  ( -7.500000000000082601, -1.311128208587155586E-16, 23.40000000000005187 ) ) ;
#2148 = VERTEX_POINT ( 'NONE', #3443 ) ;
#2149 = CARTESIAN_POINT ( 'NONE',  ( -9.345630277019315812, -21.89262183378861337, 29.83493168666601036 ) ) ;
#2150 = ORIENTED_EDGE ( 'NONE', *, *, #867, .T. ) ;
#2151 = VERTEX_POINT ( 'NONE', #1458 ) ;
#2152 = ORIENTED_EDGE ( 'NONE', *, *, #5109, .T. ) ;
#2153 = ORIENTED_EDGE ( 'NONE', *, *, #1558, .T. ) ;
#2154 = DIRECTION ( 'NONE',  ( 3.481882245688216531E-15, 0.0000000000000000000, 1.000000000000000000 ) ) ;
#2155 = EDGE_CURVE ( 'NONE', #4099, #4871, #679, .T. ) ;
#2156 = PLANE ( 'NONE',  #4091 ) ;
#2157 = DIRECTION ( 'NONE',  ( -9.599093154917612719E-18, -0.0000000000000000000, -1.000000000000000000 ) ) ;
#2158 = CARTESIAN_POINT ( 'NONE',  ( 6.499999999999996447, 21.50000000000000000, -2.000000000000000000 ) ) ;
#2159 = VECTOR ( 'NONE', #1504, 1000.000000000000000 ) ;
#2160 = CYLINDRICAL_SURFACE ( 'NONE', #4785, 0.5000000000000038858 ) ;
#2161 = AXIS2_PLACEMENT_3D ( 'NONE', #4096, #235, #2848 ) ;
#2162 = DIRECTION ( 'NONE',  ( 0.0000000000000000000, 0.0000000000000000000, 1.000000000000000000 ) ) ;
#2163 = AXIS2_PLACEMENT_3D ( 'NONE', #857, #4440, #3948 ) ;
#2164 = AXIS2_PLACEMENT_3D ( 'NONE', #3742, #1142, #3941 ) ;
#2165 = DIRECTION ( 'NONE',  ( -1.000000000000000000, 0.0000000000000000000, -3.481882245688215743E-15 ) ) ;
#2166 = EDGE_LOOP ( 'NONE', ( #2707, #2, #4738, #120 ) ) ;
#2167 = FACE_BOUND ( 'NONE', #795, .T. ) ;
#2168 = DIRECTION ( 'NONE',  ( 3.469446951953617344E-15, 0.0000000000000000000, -1.000000000000000000 ) ) ;
#2169 = DIRECTION ( 'NONE',  ( 0.0000000000000000000, 0.0000000000000000000, -1.000000000000000000 ) ) ;
#2170 = CARTESIAN_POINT ( 'NONE',  ( -7.500000000000020428, -4.000000000000000888, 5.500000000000046185 ) ) ;
#2171 = VECTOR ( 'NONE', #2947, 1000.000000000000000 ) ;
#2172 = AXIS2_PLACEMENT_3D ( 'NONE', #2919, #4131, #2144 ) ;
#2173 = VECTOR ( 'NONE', #2877, 1000.000000000000000 ) ;
#2174 = ORIENTED_EDGE ( 'NONE', *, *, #1969, .F. ) ;
#2175 = CARTESIAN_POINT ( 'NONE',  ( -7.516115221976529703, -22.99033086681414417, 27.72724520025938588 ) ) ;
#2176 = ORIENTED_EDGE ( 'NONE', *, *, #851, .T. ) ;
#2177 = DIRECTION ( 'NONE',  ( -1.000000000000000000, 0.0000000000000000000, -3.481882245688216531E-15 ) ) ;
#2178 = EDGE_LOOP ( 'NONE', ( #3160, #93, #2229, #3940, #3793, #1683, #2340, #1990 ) ) ;
#2179 = VERTEX_POINT ( 'NONE', #4200 ) ;
#2180 = CARTESIAN_POINT ( 'NONE',  ( 8.699515318754212245, 22.80048468124568473, 29.57592244086805522 ) ) ;
#2181 = CARTESIAN_POINT ( 'NONE',  ( 9.500000000000099476, 22.00000000000000000, 27.39999999999999858 ) ) ;
#2182 = ADVANCED_FACE ( 'NONE', ( #5111 ), #3812, .T. ) ;
#2183 = ORIENTED_EDGE ( 'NONE', *, *, #3798, .F. ) ;
#2184 = CARTESIAN_POINT ( 'NONE',  ( -9.500000000000001776, -21.50000000000000000, -6.982962677686268288E-15 ) ) ;
#2185 = DIRECTION ( 'NONE',  ( -3.481882245688215743E-15, 0.0000000000000000000, -1.000000000000000000 ) ) ;
#2186 = CARTESIAN_POINT ( 'NONE',  ( 24.50000000000009948, 17.98221343439128361, -12.00000000000000355 ) ) ;
#2187 = EDGE_CURVE ( 'NONE', #2148, #3904, #1893, .T. ) ;
#2188 = ADVANCED_FACE ( 'NONE', ( #3864 ), #703, .F. ) ;
#2189 = CARTESIAN_POINT ( 'NONE',  ( 6.499999999999997335, 23.00000000000000000, -2.500000000000000444 ) ) ;
#2190 = ORIENTED_EDGE ( 'NONE', *, *, #4071, .F. ) ;
#2191 = DIRECTION ( 'NONE',  ( -1.000000000000000000, 0.0000000000000000000, 0.0000000000000000000 ) ) ;
#2192 = DIRECTION ( 'NONE',  ( 0.0000000000000000000, -1.000000000000000000, 2.775557561562888984E-15 ) ) ;
#2193 = CARTESIAN_POINT ( 'NONE',  ( 7.529084228532960665, -23.97091577146705177, 27.85503846485460144 ) ) ;
#2194 = CARTESIAN_POINT ( 'NONE',  ( 10.00000000000009948, 21.50000000000000000, 27.39999999999999503 ) ) ;
#2195 = ORIENTED_EDGE ( 'NONE', *, *, #2375, .T. ) ;
#2196 = AXIS2_PLACEMENT_3D ( 'NONE', #4049, #835, #2497 ) ;
#2197 = PLANE ( 'NONE',  #3755 ) ;
#2198 = VERTEX_POINT ( 'NONE', #4301 ) ;
#2199 = DIRECTION ( 'NONE',  ( 3.469446951953611033E-15, 0.0000000000000000000, 1.000000000000000000 ) ) ;
#2200 = CIRCLE ( 'NONE', #2026, 1.000000000000001554 ) ;
#2201 = EDGE_LOOP ( 'NONE', ( #3360, #811, #4828, #4266 ) ) ;
#2202 = ORIENTED_EDGE ( 'NONE', *, *, #4305, .T. ) ;
#2203 = PLANE ( 'NONE',  #3156 ) ;
#2204 = LINE ( 'NONE', #3803, #691 ) ;
#2205 = ORIENTED_EDGE ( 'NONE', *, *, #1182, .F. ) ;
#2206 = EDGE_CURVE ( 'NONE', #3967, #2410, #2643, .T. ) ;
#2207 = CARTESIAN_POINT ( 'NONE',  ( 9.500000000000023093, 16.49999999999999645, 5.499999999999989342 ) ) ;
#2208 = PLANE ( 'NONE',  #1113 ) ;
#2209 = VECTOR ( 'NONE', #4436, 1000.000000000000000 ) ;
#2210 = DIRECTION ( 'NONE',  ( -0.0000000000000000000, 1.000000000000000000, 0.0000000000000000000 ) ) ;
#2211 = EDGE_CURVE ( 'NONE', #4258, #1425, #729, .T. ) ;
#2212 = VECTOR ( 'NONE', #4017, 1000.000000000000000 ) ;
#2213 = FACE_OUTER_BOUND ( 'NONE', #4977, .T. ) ;
#2214 = ORIENTED_EDGE ( 'NONE', *, *, #1452, .T. ) ;
#2215 = DIRECTION ( 'NONE',  ( 1.000000000000000000, 0.0000000000000000000, 0.0000000000000000000 ) ) ;
#2216 = LINE ( 'NONE', #5039, #186 ) ;
#2217 = CYLINDRICAL_SURFACE ( 'NONE', #1748, 2.499999999999995115 ) ;
#2218 = PLANE ( 'NONE',  #3380 ) ;
#2219 = EDGE_CURVE ( 'NONE', #1785, #3379, #1814, .T. ) ;
#2220 = ORIENTED_EDGE ( 'NONE', *, *, #789, .F. ) ;
#2221 = DIRECTION ( 'NONE',  ( 0.0000000000000000000, 1.000000000000000000, 3.491481338843133355E-15 ) ) ;
#2222 = VERTEX_POINT ( 'NONE', #1480 ) ;
#2223 = LINE ( 'NONE', #2601, #2950 ) ;
#2224 = ORIENTED_EDGE ( 'NONE', *, *, #596, .T. ) ;
#2225 = CYLINDRICAL_SURFACE ( 'NONE', #314, 0.5000000000000004441 ) ;
#2226 = ORIENTED_EDGE ( 'NONE', *, *, #2743, .F. ) ;
#2227 = DIRECTION ( 'NONE',  ( 1.000000000000000000, 0.0000000000000000000, -3.480674935616895651E-15 ) ) ;
#2228 = CARTESIAN_POINT ( 'NONE',  ( -7.500000000000082601, -6.625917514915903334E-15, 23.40000000000005187 ) ) ;
#2229 = ORIENTED_EDGE ( 'NONE', *, *, #3436, .F. ) ;
#2230 = CARTESIAN_POINT ( 'NONE',  ( -24.50000000000009948, -21.50000000000000000, 29.89999999999998792 ) ) ;
#2231 = DIRECTION ( 'NONE',  ( 0.0000000000000000000, 1.000000000000000000, 0.0000000000000000000 ) ) ;
#2232 = FACE_OUTER_BOUND ( 'NONE', #3502, .T. ) ;
#2233 = ORIENTED_EDGE ( 'NONE', *, *, #4109, .T. ) ;
#2234 = VECTOR ( 'NONE', #4270, 1000.000000000000000 ) ;
#2235 = DIRECTION ( 'NONE',  ( -1.000000000000000000, 0.0000000000000000000, 0.0000000000000000000 ) ) ;
#2236 = ORIENTED_EDGE ( 'NONE', *, *, #1708, .T. ) ;
#2237 = CARTESIAN_POINT ( 'NONE',  ( -7.637600735771100879, 23.86239926422907942, 28.27689272740057191 ) ) ;
#2238 = CARTESIAN_POINT ( 'NONE',  ( -10.00000000000009237, 24.00000000000004263, 14.92922943124996138 ) ) ;
#2239 = CARTESIAN_POINT ( 'NONE',  ( -6.499999999999998224, 25.50000000000003553, -11.99999999999999289 ) ) ;
#2240 = DIRECTION ( 'NONE',  ( -3.481882245688216137E-15, 3.469446951953613006E-15, -1.000000000000000000 ) ) ;
#2241 = CIRCLE ( 'NONE', #5163, 0.9999999999999991118 ) ;
#2242 = EDGE_CURVE ( 'NONE', #4604, #3272, #1530, .T. ) ;
#2243 = CIRCLE ( 'NONE', #2812, 1.000000000000000000 ) ;
#2244 = VERTEX_POINT ( 'NONE', #3071 ) ;
#2246 = LINE ( 'NONE', #1878, #3506 ) ;
#2245 = VECTOR ( 'NONE', #1739, 1000.000000000000000 ) ;
#2247 = VERTEX_POINT ( 'NONE', #3913 ) ;
#2248 = CARTESIAN_POINT ( 'NONE',  ( -8.500000000000053291, 24.00000000000004263, 14.92922943124999335 ) ) ;
#2249 = CIRCLE ( 'NONE', #2742, 1.000000000000000888 ) ;
#2250 = ORIENTED_EDGE ( 'NONE', *, *, #2719, .T. ) ;
#2251 = LINE ( 'NONE', #4905, #4160 ) ;
#2252 = EDGE_LOOP ( 'NONE', ( #1254, #2068, #1051 ) ) ;
#2253 = DIRECTION ( 'NONE',  ( -3.481882245688215743E-15, -0.0000000000000000000, -1.000000000000000000 ) ) ;
#2254 = DIRECTION ( 'NONE',  ( 1.000000000000000000, 2.017120320903264257E-17, 3.481882245688215743E-15 ) ) ;
#2255 = VERTEX_POINT ( 'NONE', #2666 ) ;
#2256 = CARTESIAN_POINT ( 'NONE',  ( 9.500000000000003553, -21.50000000000000000, 0.4999999999999917843 ) ) ;
#2257 = CARTESIAN_POINT ( 'NONE',  ( -9.500000000000017764, -1.108205904304272076E-15, 4.500000000000054179 ) ) ;
#2258 = CARTESIAN_POINT ( 'NONE',  ( -10.00000000000009948, 21.50000000000000000, 27.39999999999999503 ) ) ;
#2259 = CARTESIAN_POINT ( 'NONE',  ( 10.00000000000009948, 22.00000000000000000, 27.39999999999999858 ) ) ;
#2260 = DIRECTION ( 'NONE',  ( -1.000000000000000000, 0.0000000000000000000, -3.469446951953611033E-15 ) ) ;
#2261 = DIRECTION ( 'NONE',  ( 0.0000000000000000000, 0.0000000000000000000, 1.000000000000000000 ) ) ;
#2262 = CARTESIAN_POINT ( 'NONE',  ( 6.500000000000000000, -23.50000000000000000, 0.0000000000000000000 ) ) ;
#2263 = ORIENTED_EDGE ( 'NONE', *, *, #3959, .F. ) ;
#2264 = LINE ( 'NONE', #2289, #1424 ) ;
#2265 = ORIENTED_EDGE ( 'NONE', *, *, #2275, .T. ) ;
#2266 = ADVANCED_FACE ( 'NONE', ( #2213 ), #4274, .F. ) ;
#2267 = EDGE_CURVE ( 'NONE', #2110, #643, #2282, .T. ) ;
#2268 = VECTOR ( 'NONE', #5113, 1000.000000000000000 ) ;
#2269 = ORIENTED_EDGE ( 'NONE', *, *, #5019, .F. ) ;
#2270 = CARTESIAN_POINT ( 'NONE',  ( -7.500000000000001776, -21.50000000000000000, -2.437317571981751809E-14 ) ) ;
#2271 = ORIENTED_EDGE ( 'NONE', *, *, #3599, .F. ) ;
#2272 = CARTESIAN_POINT ( 'NONE',  ( 10.00000000000009948, 21.49999999999999289, 29.89999999999999147 ) ) ;
#2273 = VECTOR ( 'NONE', #2613, 1000.000000000000000 ) ;
#2274 = LINE ( 'NONE', #1807, #4688 ) ;
#2275 = EDGE_CURVE ( 'NONE', #517, #2086, #3570, .T. ) ;
#2276 = ORIENTED_EDGE ( 'NONE', *, *, #527, .F. ) ;
#2277 = FACE_OUTER_BOUND ( 'NONE', #1542, .T. ) ;
#2278 = CARTESIAN_POINT ( 'NONE',  ( -6.499999999999997335, -23.00000000000000000, -1.999999999999996669 ) ) ;
#2279 = FACE_OUTER_BOUND ( 'NONE', #3697, .T. ) ;
#2280 = EDGE_CURVE ( 'NONE', #4968, #1026, #4353, .T. ) ;
#2281 = VECTOR ( 'NONE', #737, 1000.000000000000000 ) ;
#2282 = LINE ( 'NONE', #1009, #1813 ) ;
#2283 = DIRECTION ( 'NONE',  ( -6.429478007160029845E-29, -1.000000000000000000, -2.238668532217335879E-43 ) ) ;
#2284 = CARTESIAN_POINT ( 'NONE',  ( -9.707106781186647382, 21.79289321881345032, 27.89999999999999503 ) ) ;
#2285 = LINE ( 'NONE', #3916, #5006 ) ;
#2286 = ADVANCED_FACE ( 'NONE', ( #2795 ), #1942, .T. ) ;
#2287 = EDGE_CURVE ( 'NONE', #3272, #2951, #4490, .T. ) ;
#2288 = ORIENTED_EDGE ( 'NONE', *, *, #4316, .F. ) ;
#2289 = CARTESIAN_POINT ( 'NONE',  ( -10.00000000000061284, -22.00000000000009237, 2.587406784553214346E-13 ) ) ;
#2290 = PLANE ( 'NONE',  #5121 ) ;
#2291 = VECTOR ( 'NONE', #2800, 1000.000000000000000 ) ;
#2292 = CARTESIAN_POINT ( 'NONE',  ( -10.00000000000009948, -21.50000000000000000, 27.89999999999999147 ) ) ;
#2293 = EDGE_LOOP ( 'NONE', ( #4998, #1207, #833, #2611, #3350 ) ) ;
#2294 = DIRECTION ( 'NONE',  ( -1.000000000000000000, 2.017120320903264257E-17, 3.481882245688215743E-15 ) ) ;
#2295 = ORIENTED_EDGE ( 'NONE', *, *, #1255, .T. ) ;
#2296 = LINE ( 'NONE', #4192, #665 ) ;
#2297 = CARTESIAN_POINT ( 'NONE',  ( -7.500000000000047962, -17.49999999999999645, 5.500000000000044409 ) ) ;
#2298 = EDGE_CURVE ( 'NONE', #548, #3462, #2749, .T. ) ;
#2299 = ORIENTED_EDGE ( 'NONE', *, *, #723, .T. ) ;
#2300 = CARTESIAN_POINT ( 'NONE',  ( -7.500000000000001776, -1.311128208587122553E-16, -2.437317571981751809E-14 ) ) ;
#2301 = CARTESIAN_POINT ( 'NONE',  ( -10.00000000000009948, 21.50000000000000000, 29.89999999999999503 ) ) ;
#2302 = CARTESIAN_POINT ( 'NONE',  ( 6.499999999999996447, -21.50000000000000000, -2.000000000000000000 ) ) ;
#2303 = DIRECTION ( 'NONE',  ( -3.469446951953611033E-15, 0.0000000000000000000, -1.000000000000000000 ) ) ;
#2304 = DIRECTION ( 'NONE',  ( 1.000000000000000000, -0.0000000000000000000, 0.0000000000000000000 ) ) ;
#2305 = LINE ( 'NONE', #3098, #3120 ) ;
#2306 = DIRECTION ( 'NONE',  ( 0.0000000000000000000, -1.000000000000000000, 3.491481338843133355E-15 ) ) ;
#2307 = AXIS2_PLACEMENT_3D ( 'NONE', #271, #3047, #4648 ) ;
#2308 = ORIENTED_EDGE ( 'NONE', *, *, #4736, .T. ) ;
#2309 = ADVANCED_FACE ( 'NONE', ( #1628 ), #456, .T. ) ;
#2310 = CARTESIAN_POINT ( 'NONE',  ( -10.00000000000009948, 21.50000000000000000, 27.39999999999999503 ) ) ;
#2311 = LINE ( 'NONE', #712, #866 ) ;
#2312 = CARTESIAN_POINT ( 'NONE',  ( -7.500000000000003553, -21.50000000000000000, 0.4999999999999987232 ) ) ;
#2313 = AXIS2_PLACEMENT_3D ( 'NONE', #2366, #262, #1857 ) ;
#2314 = VECTOR ( 'NONE', #3856, 1000.000000000000000 ) ;
#2315 = ORIENTED_EDGE ( 'NONE', *, *, #4121, .T. ) ;
#2316 = ADVANCED_FACE ( 'NONE', ( #2352 ), #350, .F. ) ;
#2317 = DIRECTION ( 'NONE',  ( 0.0000000000000000000, 1.000000000000000000, 0.0000000000000000000 ) ) ;
#2318 = ORIENTED_EDGE ( 'NONE', *, *, #3491, .T. ) ;
#2319 = DIRECTION ( 'NONE',  ( 1.000000000000000000, 3.942553354492771634E-17, -3.480674935616895651E-15 ) ) ;
#2320 = DIRECTION ( 'NONE',  ( -1.841475689883071491E-14, -3.469446951953612611E-15, -1.000000000000000000 ) ) ;
#2321 = AXIS2_PLACEMENT_3D ( 'NONE', #2545, #2594, #1746 ) ;
#2322 = VECTOR ( 'NONE', #3232, 1000.000000000000000 ) ;
#2323 = ORIENTED_EDGE ( 'NONE', *, *, #2103, .F. ) ;
#2324 = AXIS2_PLACEMENT_3D ( 'NONE', #1507, #1917, #4695 ) ;
#2325 = ORIENTED_EDGE ( 'NONE', *, *, #2771, .T. ) ;
#2326 = DIRECTION ( 'NONE',  ( 1.000000000000000000, 3.942553354492771634E-17, -3.480674935616895651E-15 ) ) ;
#2327 = CARTESIAN_POINT ( 'NONE',  ( -8.500000000000000000, 23.00000000000009237, -2.265088753757498911E-14 ) ) ;
#2328 = DIRECTION ( 'NONE',  ( -0.0000000000000000000, 0.0000000000000000000, 1.000000000000000000 ) ) ;
#2329 = ADVANCED_FACE ( 'NONE', ( #846 ), #4819, .F. ) ;
#2330 = CARTESIAN_POINT ( 'NONE',  ( 7.500000000000020428, 16.49999999999999645, 4.499999999999997335 ) ) ;
#2331 = CARTESIAN_POINT ( 'NONE',  ( -7.714474775435641085, 23.78552522456459783, 28.46889891408261164 ) ) ;
#2332 = PLANE ( 'NONE',  #1692 ) ;
#2333 = ADVANCED_FACE ( 'NONE', ( #4745 ), #2378, .F. ) ;
#2334 = DIRECTION ( 'NONE',  ( -2.017120320903264257E-17, 1.000000000000000000, -7.086084141991153773E-32 ) ) ;
#2335 = ORIENTED_EDGE ( 'NONE', *, *, #4310, .F. ) ;
#2336 = VECTOR ( 'NONE', #1180, 1000.000000000000000 ) ;
#2337 = LINE ( 'NONE', #834, #2084 ) ;
#2338 = LINE ( 'NONE', #3942, #2690 ) ;
#2339 = DIRECTION ( 'NONE',  ( -3.481882245688216531E-15, 0.0000000000000000000, 1.000000000000000000 ) ) ;
#2340 = ORIENTED_EDGE ( 'NONE', *, *, #4165, .F. ) ;
#2341 = CARTESIAN_POINT ( 'NONE',  ( 10.00000000000013500, 22.00000000000004263, 14.90916258126162397 ) ) ;
#2342 = ORIENTED_EDGE ( 'NONE', *, *, #384, .F. ) ;
#2343 = DIRECTION ( 'NONE',  ( -1.000000000000000000, 2.017120320903264257E-17, 3.481882245688215743E-15 ) ) ;
#2344 = DIRECTION ( 'NONE',  ( -3.469446951953617344E-15, 0.0000000000000000000, -1.000000000000000000 ) ) ;
#2345 = VERTEX_POINT ( 'NONE', #1583 ) ;
#2346 = ORIENTED_EDGE ( 'NONE', *, *, #3068, .T. ) ;
#2347 = CARTESIAN_POINT ( 'NONE',  ( 24.50000000000009948, 17.98221343439128361, 29.89999999999998792 ) ) ;
#2348 = FACE_OUTER_BOUND ( 'NONE', #632, .T. ) ;
#2349 = DIRECTION ( 'NONE',  ( -1.000000000000000000, -0.0000000000000000000, -0.0000000000000000000 ) ) ;
#2350 = EDGE_CURVE ( 'NONE', #1351, #1923, #3982, .T. ) ;
#2351 = VECTOR ( 'NONE', #4320, 1000.000000000000000 ) ;
#2352 = FACE_OUTER_BOUND ( 'NONE', #4210, .T. ) ;
#2353 = CARTESIAN_POINT ( 'NONE',  ( 9.121320343559746746, -22.96446609406726225, 29.90000000000000213 ) ) ;
#2354 = DIRECTION ( 'NONE',  ( 0.0000000000000000000, 3.469446951953614189E-15, -1.000000000000000000 ) ) ;
#2355 = CARTESIAN_POINT ( 'NONE',  ( -15.10000000000000142, 0.0000000000000000000, -12.00000000000000355 ) ) ;
#2356 = AXIS2_PLACEMENT_3D ( 'NONE', #497, #4806, #2032 ) ;
#2357 = CARTESIAN_POINT ( 'NONE',  ( 9.500000000000085265, -17.49999999999999645, 22.39999999999999147 ) ) ;
#2358 = ORIENTED_EDGE ( 'NONE', *, *, #542, .T. ) ;
#2359 = ADVANCED_FACE ( 'NONE', ( #3961 ), #1238, .F. ) ;
#2360 = DIRECTION ( 'NONE',  ( 0.0000000000000000000, -1.000000000000000000, 0.0000000000000000000 ) ) ;
#2361 = DIRECTION ( 'NONE',  ( 0.0000000000000000000, 0.0000000000000000000, 1.000000000000000000 ) ) ;
#2362 = DIRECTION ( 'NONE',  ( -1.000000000000000000, -0.0000000000000000000, -0.0000000000000000000 ) ) ;
#2363 = CIRCLE ( 'NONE', #2136, 2.500000000000000444 ) ;
#2364 = EDGE_LOOP ( 'NONE', ( #1156, #1040, #5020, #4130 ) ) ;
#2365 = VECTOR ( 'NONE', #3633, 1000.000000000000000 ) ;
#2366 = CARTESIAN_POINT ( 'NONE',  ( 0.0000000000000000000, 17.50000000000000000, -12.00000000000000000 ) ) ;
#2367 = ORIENTED_EDGE ( 'NONE', *, *, #4848, .T. ) ;
#2368 = EDGE_CURVE ( 'NONE', #1047, #3426, #402, .T. ) ;
#2369 = EDGE_CURVE ( 'NONE', #3749, #1312, #1162, .T. ) ;
#2370 = DIRECTION ( 'NONE',  ( 1.000000000000000000, 0.0000000000000000000, 0.0000000000000000000 ) ) ;
#2371 = ORIENTED_EDGE ( 'NONE', *, *, #4863, .F. ) ;
#2372 = ORIENTED_EDGE ( 'NONE', *, *, #2941, .T. ) ;
#2373 = ADVANCED_FACE ( 'NONE', ( #8 ), #1603, .F. ) ;
#2374 = CARTESIAN_POINT ( 'NONE',  ( 7.500000000000053291, 23.00000000000004263, 14.90916258126162930 ) ) ;
#2375 = EDGE_CURVE ( 'NONE', #152, #2705, #4401, .T. ) ;
#2376 = CARTESIAN_POINT ( 'NONE',  ( 9.500000000000101252, 21.50000000000000000, 27.89999999999999147 ) ) ;
#2377 = DIRECTION ( 'NONE',  ( 1.000000000000000000, 3.942553354492771634E-17, -3.480674935616895651E-15 ) ) ;
#2378 = CYLINDRICAL_SURFACE ( 'NONE', #1071, 1.000000000000001554 ) ;
#2379 = CARTESIAN_POINT ( 'NONE',  ( 10.00000000000009237, 22.00000000000009592, 7.463717824078203369E-14 ) ) ;
#2380 = CARTESIAN_POINT ( 'NONE',  ( 8.500000000000101252, -23.00000000000000000, 27.39999999999999858 ) ) ;
#2381 = CARTESIAN_POINT ( 'NONE',  ( 10.00000000000009948, 0.0000000000000000000, 29.89999999999998792 ) ) ;
#2382 = LINE ( 'NONE', #64, #4044 ) ;
#2383 = ORIENTED_EDGE ( 'NONE', *, *, #2368, .T. ) ;
#2384 = CARTESIAN_POINT ( 'NONE',  ( -10.00000000000021849, -22.00000000000000000, 27.39999999999999503 ) ) ;
#2385 = DIRECTION ( 'NONE',  ( -1.000000000000000000, 0.0000000000000000000, -9.599093154917612719E-18 ) ) ;
#2386 = LINE ( 'NONE', #4391, #2281 ) ;
#2387 = EDGE_CURVE ( 'NONE', #4885, #3426, #3122, .T. ) ;
#2388 = VERTEX_POINT ( 'NONE', #2330 ) ;
#2389 = VERTEX_POINT ( 'NONE', #2106 ) ;
#2390 = ADVANCED_FACE ( 'NONE', ( #2509 ), #4457, .F. ) ;
#2392 = DIRECTION ( 'NONE',  ( 0.0000000000000000000, 1.000000000000000000, 0.0000000000000000000 ) ) ;
#2391 = AXIS2_PLACEMENT_3D ( 'NONE', #485, #975, #3732 ) ;
#2393 = ORIENTED_EDGE ( 'NONE', *, *, #2719, .F. ) ;
#2394 = VECTOR ( 'NONE', #2000, 1000.000000000000000 ) ;
#2395 = VECTOR ( 'NONE', #3, 1000.000000000000000 ) ;
#2396 = ORIENTED_EDGE ( 'NONE', *, *, #723, .F. ) ;
#2397 = ORIENTED_EDGE ( 'NONE', *, *, #2662, .F. ) ;
#2398 = CARTESIAN_POINT ( 'NONE',  ( 7.000000000000001776, -21.50000000000000000, -2.000000000000000000 ) ) ;
#2399 = DIRECTION ( 'NONE',  ( -1.000000000000000000, 0.0000000000000000000, 0.0000000000000000000 ) ) ;
#2400 = VECTOR ( 'NONE', #1852, 1000.000000000000000 ) ;
#2401 = CARTESIAN_POINT ( 'NONE',  ( -6.499999999999998224, -23.00000000000000000, 3.469446951953614189E-15 ) ) ;
#2402 = AXIS2_PLACEMENT_3D ( 'NONE', #4455, #1188, #1235 ) ;
#2403 = ORIENTED_EDGE ( 'NONE', *, *, #2582, .F. ) ;
#2404 = DIRECTION ( 'NONE',  ( 0.0000000000000000000, 1.000000000000000000, 1.734723475976805517E-14 ) ) ;
#2405 = DIRECTION ( 'NONE',  ( 1.000000000000000000, 3.942553354492771634E-17, -3.480674935616895651E-15 ) ) ;
#2406 = DIRECTION ( 'NONE',  ( -1.000000000000000000, -2.017120320903264257E-17, -3.491481338843133355E-15 ) ) ;
#2407 = DIRECTION ( 'NONE',  ( 0.0000000000000000000, 1.000000000000000000, 0.0000000000000000000 ) ) ;
#2408 = ORIENTED_EDGE ( 'NONE', *, *, #1918, .T. ) ;
#2409 = LINE ( 'NONE', #4775, #2212 ) ;
#2410 = VERTEX_POINT ( 'NONE', #2604 ) ;
#2411 = DIRECTION ( 'NONE',  ( 1.000000000000000000, 0.0000000000000000000, 0.0000000000000000000 ) ) ;
#2412 = CARTESIAN_POINT ( 'NONE',  ( -10.00000000000009948, -21.50000000000000000, 27.39999999999999503 ) ) ;
#2413 = DIRECTION ( 'NONE',  ( 0.0000000000000000000, -1.000000000000000000, 2.775557561562888984E-15 ) ) ;
#2414 = VECTOR ( 'NONE', #2320, 1000.000000000000000 ) ;
#2415 = ORIENTED_EDGE ( 'NONE', *, *, #2999, .T. ) ;
#2416 = EDGE_CURVE ( 'NONE', #1121, #4201, #484, .T. ) ;
#2417 = ORIENTED_EDGE ( 'NONE', *, *, #4896, .F. ) ;
#2418 = CARTESIAN_POINT ( 'NONE',  ( 24.50000000000009948, 21.50000000000000000, 27.89999999999999147 ) ) ;
#2419 = ORIENTED_EDGE ( 'NONE', *, *, #4830, .T. ) ;
#2420 = CARTESIAN_POINT ( 'NONE',  ( -24.50000000000018119, -3.000000000000000888, 5.500000000000105693 ) ) ;
#2421 = EDGE_CURVE ( 'NONE', #3283, #1785, #1052, .T. ) ;
#2422 = ORIENTED_EDGE ( 'NONE', *, *, #142, .F. ) ;
#2423 = ORIENTED_EDGE ( 'NONE', *, *, #3321, .T. ) ;
#2424 = DIRECTION ( 'NONE',  ( 0.0000000000000000000, -3.469446951953613400E-15, -1.000000000000000000 ) ) ;
#2425 = ADVANCED_FACE ( 'NONE', ( #667 ), #2225, .F. ) ;
#2426 = LINE ( 'NONE', #3671, #4548 ) ;
#2427 = CARTESIAN_POINT ( 'NONE',  ( -24.50000000000018829, 16.49999999999999645, 4.500000000000108358 ) ) ;
#2428 = CIRCLE ( 'NONE', #3797, 0.5000000000000004441 ) ;
#2429 = CARTESIAN_POINT ( 'NONE',  ( -24.50000000000012434, 16.49999999999999645, 22.40000000000011227 ) ) ;
#2430 = CARTESIAN_POINT ( 'NONE',  ( -24.50000000000018119, -16.49999999999999645, 5.500000000000103917 ) ) ;
#2431 = CARTESIAN_POINT ( 'NONE',  ( 7.000000000000002665, -21.50000000000000000, 0.5000000000000004441 ) ) ;
#2432 = DIRECTION ( 'NONE',  ( 1.000000000000000000, 3.942553354492771634E-17, 0.0000000000000000000 ) ) ;
#2433 = AXIS2_PLACEMENT_3D ( 'NONE', #2431, #879, #1655 ) ;
#2434 = ORIENTED_EDGE ( 'NONE', *, *, #3810, .F. ) ;
#2435 = DIRECTION ( 'NONE',  ( 1.863616813669573477E-30, -1.000000000000000000, -6.488894296282131882E-45 ) ) ;
#2436 = EDGE_LOOP ( 'NONE', ( #2008, #4080, #3664, #289 ) ) ;
#2437 = VECTOR ( 'NONE', #635, 1000.000000000000000 ) ;
#2438 = CARTESIAN_POINT ( 'NONE',  ( -7.500000000000016875, 3.999999999999999112, 4.500000000000047073 ) ) ;
#2439 = CARTESIAN_POINT ( 'NONE',  ( -6.500000000000000000, -21.50000000000000000, -2.000000000000000000 ) ) ;
#2440 = DIRECTION ( 'NONE',  ( 0.0000000000000000000, 0.0000000000000000000, 1.000000000000000000 ) ) ;
#2441 = DIRECTION ( 'NONE',  ( 0.0000000000000000000, 0.0000000000000000000, 1.000000000000000000 ) ) ;
#2442 = VECTOR ( 'NONE', #4021, 1000.000000000000000 ) ;
#2443 = ORIENTED_EDGE ( 'NONE', *, *, #1564, .T. ) ;
#2444 = LINE ( 'NONE', #4055, #401 ) ;
#2445 = ORIENTED_EDGE ( 'NONE', *, *, #3681, .F. ) ;
#2446 = VECTOR ( 'NONE', #463, 1000.000000000000000 ) ;
#2447 = VECTOR ( 'NONE', #4177, 1000.000000000000000 ) ;
#2448 = ORIENTED_EDGE ( 'NONE', *, *, #3751, .T. ) ;
#2449 = ORIENTED_EDGE ( 'NONE', *, *, #457, .T. ) ;
#2450 = ORIENTED_EDGE ( 'NONE', *, *, #2624, .F. ) ;
#2451 = CARTESIAN_POINT ( 'NONE',  ( 9.244571536693209524, 22.75904743884447257, 29.58446597589048821 ) ) ;
#2452 = PLANE ( 'NONE',  #1456 ) ;
#2453 = LINE ( 'NONE', #2401, #1750 ) ;
#2454 = EDGE_CURVE ( 'NONE', #1667, #2094, #2251, .T. ) ;
#2455 = DIRECTION ( 'NONE',  ( 0.0000000000000000000, -1.000000000000000000, 3.391901413832837590E-15 ) ) ;
#2456 = DIRECTION ( 'NONE',  ( -0.0000000000000000000, -0.0000000000000000000, -1.000000000000000000 ) ) ;
#2457 = FACE_OUTER_BOUND ( 'NONE', #2293, .T. ) ;
#2458 = CARTESIAN_POINT ( 'NONE',  ( -7.500000000000053291, -21.50000000000000000, 14.91634972440324169 ) ) ;
#2459 = ORIENTED_EDGE ( 'NONE', *, *, #4339, .F. ) ;
#2460 = LINE ( 'NONE', #1973, #2819 ) ;
#2461 = ORIENTED_EDGE ( 'NONE', *, *, #501, .T. ) ;
#2462 = PLANE ( 'NONE',  #4298 ) ;
#2463 = ORIENTED_EDGE ( 'NONE', *, *, #2698, .T. ) ;
#2464 = CARTESIAN_POINT ( 'NONE',  ( -9.500000000000053291, -21.50000000000000000, 14.91634972440323459 ) ) ;
#2465 = LINE ( 'NONE', #4831, #5115 ) ;
#2466 = PLANE ( 'NONE',  #2074 ) ;
#2467 = CARTESIAN_POINT ( 'NONE',  ( 6.499999999999998224, -23.50000000000000355, -2.499999999999998668 ) ) ;
#2468 = EDGE_CURVE ( 'NONE', #4427, #2345, #745, .T. ) ;
#2469 = EDGE_CURVE ( 'NONE', #4689, #4871, #1710, .T. ) ;
#2470 = ORIENTED_EDGE ( 'NONE', *, *, #1612, .F. ) ;
#2471 = DIRECTION ( 'NONE',  ( -0.0000000000000000000, 0.0000000000000000000, -1.000000000000000000 ) ) ;
#2472 = EDGE_LOOP ( 'NONE', ( #1471, #415, #2434, #4782 ) ) ;
#2473 = EDGE_CURVE ( 'NONE', #1121, #5130, #3825, .T. ) ;
#2474 = VECTOR ( 'NONE', #35, 1000.000000000000000 ) ;
#2475 = ORIENTED_EDGE ( 'NONE', *, *, #3460, .T. ) ;
#2476 = ORIENTED_EDGE ( 'NONE', *, *, #287, .F. ) ;
#2477 = EDGE_LOOP ( 'NONE', ( #3003, #95, #4208, #2855 ) ) ;
#2478 = DIRECTION ( 'NONE',  ( 0.0000000000000000000, -0.0000000000000000000, -1.000000000000000000 ) ) ;
#2479 = PLANE ( 'NONE',  #4373 ) ;
#2480 = CARTESIAN_POINT ( 'NONE',  ( -7.500000000000082601, 3.999999999999999112, 23.40000000000005187 ) ) ;
#2481 = EDGE_CURVE ( 'NONE', #39, #1906, #2879, .T. ) ;
#2482 = AXIS2_PLACEMENT_3D ( 'NONE', #1179, #2763, #2863 ) ;
#2483 = VECTOR ( 'NONE', #3480, 1000.000000000000000 ) ;
#2484 = CARTESIAN_POINT ( 'NONE',  ( -9.500000000000101252, 21.50000000000000000, 27.39999999999999503 ) ) ;
#2485 = DIRECTION ( 'NONE',  ( 0.0000000000000000000, 0.0000000000000000000, 1.000000000000000000 ) ) ;
#2486 = CARTESIAN_POINT ( 'NONE',  ( -24.50000000000012434, -17.49999999999999645, 22.40000000000011227 ) ) ;
#2487 = PLANE ( 'NONE',  #5040 ) ;
#2488 = EDGE_LOOP ( 'NONE', ( #3974, #2448, #2785, #2445 ) ) ;
#2489 = DIRECTION ( 'NONE',  ( 0.0000000000000000000, 0.0000000000000000000, -1.000000000000000000 ) ) ;
#2490 = VECTOR ( 'NONE', #4767, 1000.000000000000000 ) ;
#2491 = ADVANCED_FACE ( 'NONE', ( #4637 ), #3432, .T. ) ;
#2492 = CIRCLE ( 'NONE', #243, 2.100000000000001865 ) ;
#2493 = ORIENTED_EDGE ( 'NONE', *, *, #1084, .F. ) ;
#2494 = FACE_BOUND ( 'NONE', #208, .T. ) ;
#2495 = EDGE_LOOP ( 'NONE', ( #2372, #4435, #1057, #659 ) ) ;
#2496 = DIRECTION ( 'NONE',  ( 0.0000000000000000000, 0.0000000000000000000, 1.000000000000000000 ) ) ;
#2497 = DIRECTION ( 'NONE',  ( -3.469446951953611033E-15, 0.0000000000000000000, -1.000000000000000000 ) ) ;
#2498 = DIRECTION ( 'NONE',  ( 1.000000000000000000, 3.942553354492771634E-17, -3.480674935616895651E-15 ) ) ;
#2499 = FACE_OUTER_BOUND ( 'NONE', #2831, .T. ) ;
#2500 = ORIENTED_EDGE ( 'NONE', *, *, #3308, .T. ) ;
#2501 = CARTESIAN_POINT ( 'NONE',  ( -9.470214414521814561, -22.02978558547940935, 29.86016900714753675 ) ) ;
#2502 = ORIENTED_EDGE ( 'NONE', *, *, #4255, .T. ) ;
#2503 = EDGE_LOOP ( 'NONE', ( #2625, #3322, #3012, #1808 ) ) ;
#2504 = ORIENTED_EDGE ( 'NONE', *, *, #1547, .F. ) ;
#2505 = ORIENTED_EDGE ( 'NONE', *, *, #3995, .T. ) ;
#2506 = AXIS2_PLACEMENT_3D ( 'NONE', #371, #1258, #2370 ) ;
#2507 = CARTESIAN_POINT ( 'NONE',  ( -2.100000000000001865, 17.50000000000000000, 0.0000000000000000000 ) ) ;
#2508 = PLANE ( 'NONE',  #2693 ) ;
#2509 = FACE_OUTER_BOUND ( 'NONE', #1928, .T. ) ;
#2510 = FACE_OUTER_BOUND ( 'NONE', #2477, .T. ) ;
#2511 = DIRECTION ( 'NONE',  ( -1.000000000000000000, 0.0000000000000000000, 0.0000000000000000000 ) ) ;
#2512 = DIRECTION ( 'NONE',  ( -1.734723475976808475E-15, 1.000000000000000000, 0.0000000000000000000 ) ) ;
#2513 = VERTEX_POINT ( 'NONE', #901 ) ;
#2514 = CARTESIAN_POINT ( 'NONE',  ( -6.499999999999998224, -23.00000000000000000, -1.999999999999996669 ) ) ;
#2515 = EDGE_LOOP ( 'NONE', ( #571, #4867 ) ) ;
#2516 = CARTESIAN_POINT ( 'NONE',  ( -24.50000000000012434, -4.000000000000001776, 22.40000000000011227 ) ) ;
#2517 = DIRECTION ( 'NONE',  ( 3.469446951953611033E-15, 0.0000000000000000000, -1.000000000000000000 ) ) ;
#2518 = AXIS2_PLACEMENT_3D ( 'NONE', #1164, #2695, #1532 ) ;
#2519 = CARTESIAN_POINT ( 'NONE',  ( 8.500000000007084111, -23.99999999999999645, 27.56362646489801449 ) ) ;
#2520 = CARTESIAN_POINT ( 'NONE',  ( -10.00000000000009948, -21.50000000000000000, 27.39999999999999503 ) ) ;
#2521 = VECTOR ( 'NONE', #4350, 1000.000000000000000 ) ;
#2522 = ADVANCED_FACE ( 'NONE', ( #5026 ), #3304, .F. ) ;
#2523 = ORIENTED_EDGE ( 'NONE', *, *, #2551, .T. ) ;
#2524 = CARTESIAN_POINT ( 'NONE',  ( -7.830421007586671145, -22.80174739544800389, 28.65287669307815221 ) ) ;
#2525 = ORIENTED_EDGE ( 'NONE', *, *, #3163, .F. ) ;
#2526 = AXIS2_PLACEMENT_3D ( 'NONE', #1294, #2177, #480 ) ;
#2527 = AXIS2_PLACEMENT_3D ( 'NONE', #4557, #967, #2550 ) ;
#2528 = VERTEX_POINT ( 'NONE', #4609 ) ;
#2529 = VECTOR ( 'NONE', #2922, 1000.000000000000000 ) ;
#2530 = ORIENTED_EDGE ( 'NONE', *, *, #2854, .T. ) ;
#2531 = CARTESIAN_POINT ( 'NONE',  ( 7.830421007586671145, 22.80174739544800389, 28.65287669307815221 ) ) ;
#2532 = CARTESIAN_POINT ( 'NONE',  ( 6.499999999999998224, 23.00000000000000000, -2.000000000000000000 ) ) ;
#2533 = VECTOR ( 'NONE', #3394, 1000.000000000000000 ) ;
#2534 = EDGE_CURVE ( 'NONE', #4395, #4366, #877, .T. ) ;
#2535 = CARTESIAN_POINT ( 'NONE',  ( 0.0000000000000000000, -24.00000000000009592, 8.157607214468926207E-14 ) ) ;
#2536 = DIRECTION ( 'NONE',  ( 6.938893903907137659E-15, 1.000000000000000000, -0.0000000000000000000 ) ) ;
#2537 = CARTESIAN_POINT ( 'NONE',  ( -7.500000000000016875, -1.067863497886203937E-15, 4.500000000000047073 ) ) ;
#2538 = LINE ( 'NONE', #4545, #4169 ) ;
#2539 = ORIENTED_EDGE ( 'NONE', *, *, #1304, .F. ) ;
#2540 = EDGE_CURVE ( 'NONE', #643, #4751, #2243, .T. ) ;
#2541 = DIRECTION ( 'NONE',  ( 3.481882245688215743E-15, 0.0000000000000000000, 1.000000000000000000 ) ) ;
#2542 = ORIENTED_EDGE ( 'NONE', *, *, #4483, .F. ) ;
#2543 = DIRECTION ( 'NONE',  ( 1.000000000000000000, 0.0000000000000000000, 0.0000000000000000000 ) ) ;
#2544 = DIRECTION ( 'NONE',  ( 0.0000000000000000000, 0.0000000000000000000, -1.000000000000000000 ) ) ;
#2545 = CARTESIAN_POINT ( 'NONE',  ( -24.50000000000018829, -4.000000000000001776, 4.500000000000105693 ) ) ;
#2546 = DIRECTION ( 'NONE',  ( 0.0000000000000000000, 0.0000000000000000000, 1.000000000000000000 ) ) ;
#2547 = EDGE_CURVE ( 'NONE', #4683, #4927, #2562, .T. ) ;
#2548 = ORIENTED_EDGE ( 'NONE', *, *, #3460, .F. ) ;
#2549 = CARTESIAN_POINT ( 'NONE',  ( -9.244571536693209524, -22.75904743884447257, 29.58446597589048821 ) ) ;
#2550 = DIRECTION ( 'NONE',  ( 1.000000000000000000, 0.0000000000000000000, 0.0000000000000000000 ) ) ;
#2551 = EDGE_CURVE ( 'NONE', #4946, #1752, #5076, .T. ) ;
#2552 = ORIENTED_EDGE ( 'NONE', *, *, #1513, .F. ) ;
#2553 = ORIENTED_EDGE ( 'NONE', *, *, #2267, .F. ) ;
#2554 = VERTEX_POINT ( 'NONE', #3731 ) ;
#2555 = CARTESIAN_POINT ( 'NONE',  ( 8.463633188635540705, 22.42182008681873029, 29.39916709456817401 ) ) ;
#2556 = CARTESIAN_POINT ( 'NONE',  ( 7.500000000000020428, 3.999999999999999112, 5.499999999999996447 ) ) ;
#2557 = EDGE_CURVE ( 'NONE', #3243, #1312, #2730, .T. ) ;
#2558 = ORIENTED_EDGE ( 'NONE', *, *, #234, .T. ) ;
#2559 = LINE ( 'NONE', #4543, #1146 ) ;
#2560 = AXIS2_PLACEMENT_3D ( 'NONE', #2430, #2405, #4013 ) ;
#2561 = CARTESIAN_POINT ( 'NONE',  ( 6.499999999999998224, -23.50000000000003553, -11.99999999999983658 ) ) ;
#2562 = CIRCLE ( 'NONE', #4243, 21.89999999999999503 ) ;
#2563 = CARTESIAN_POINT ( 'NONE',  ( -9.500000000000099476, 21.50000000000000000, 27.89999999999999147 ) ) ;
#2564 = EDGE_LOOP ( 'NONE', ( #3667, #2873, #2408, #3140, #618, #740, #4923, #1980 ) ) ;
#2565 = ORIENTED_EDGE ( 'NONE', *, *, #4332, .F. ) ;
#2566 = AXIS2_PLACEMENT_3D ( 'NONE', #4512, #3727, #2134 ) ;
#2567 = FACE_OUTER_BOUND ( 'NONE', #3455, .T. ) ;
#2568 = ORIENTED_EDGE ( 'NONE', *, *, #3832, .T. ) ;
#2569 = CARTESIAN_POINT ( 'NONE',  ( -7.000000000000002665, 21.50000000000000000, 0.5000000000000004441 ) ) ;
#2570 = DIRECTION ( 'NONE',  ( 3.481882245688215743E-15, 6.270870922116162168E-34, 1.000000000000000000 ) ) ;
#2571 = CARTESIAN_POINT ( 'NONE',  ( 7.000000000000002665, -21.50000000000000000, 0.5000000000000004441 ) ) ;
#2572 = VECTOR ( 'NONE', #1273, 1000.000000000000000 ) ;
#2573 = VECTOR ( 'NONE', #334, 1000.000000000000000 ) ;
#2574 = AXIS2_PLACEMENT_3D ( 'NONE', #4818, #4037, #1626 ) ;
#2575 = EDGE_LOOP ( 'NONE', ( #261, #1436, #3191, #3805 ) ) ;
#2576 = PLANE ( 'NONE',  #1741 ) ;
#2577 = ORIENTED_EDGE ( 'NONE', *, *, #1591, .T. ) ;
#2578 = CARTESIAN_POINT ( 'NONE',  ( 9.500000000000099476, 22.00000000000000000, 27.39999999999999858 ) ) ;
#2579 = ORIENTED_EDGE ( 'NONE', *, *, #3258, .T. ) ;
#2580 = ORIENTED_EDGE ( 'NONE', *, *, #753, .T. ) ;
#2581 = CARTESIAN_POINT ( 'NONE',  ( 9.500000000000083489, -3.999999999999999112, 23.39999999999999503 ) ) ;
#2582 = EDGE_CURVE ( 'NONE', #5031, #1318, #2138, .T. ) ;
#2583 = DIRECTION ( 'NONE',  ( -0.0000000000000000000, -3.469446951953614189E-15, 1.000000000000000000 ) ) ;
#2584 = ORIENTED_EDGE ( 'NONE', *, *, #5161, .F. ) ;
#2585 = EDGE_CURVE ( 'NONE', #3641, #4854, #5164, .T. ) ;
#2586 = DIRECTION ( 'NONE',  ( -1.000000000000000000, 0.0000000000000000000, 0.0000000000000000000 ) ) ;
#2587 = FACE_OUTER_BOUND ( 'NONE', #943, .T. ) ;
#2588 = LINE ( 'NONE', #140, #3413 ) ;
#2589 = ORIENTED_EDGE ( 'NONE', *, *, #564, .T. ) ;
#2590 = DIRECTION ( 'NONE',  ( 0.0000000000000000000, -1.000000000000000000, 2.775557561562888984E-15 ) ) ;
#2591 = EDGE_LOOP ( 'NONE', ( #1204, #4638, #5035, #1352 ) ) ;
#2592 = CARTESIAN_POINT ( 'NONE',  ( 9.500000000000001776, -1.916264304858101244E-16, -3.135613839750379111E-14 ) ) ;
#2593 = DIRECTION ( 'NONE',  ( 0.0000000000000000000, -1.000000000000000000, 0.0000000000000000000 ) ) ;
#2594 = DIRECTION ( 'NONE',  ( -3.480674935616895651E-15, 2.081668171172169253E-16, -1.000000000000000000 ) ) ;
#2595 = DIRECTION ( 'NONE',  ( 1.000000000000000000, 0.0000000000000000000, 0.0000000000000000000 ) ) ;
#2596 = EDGE_CURVE ( 'NONE', #161, #782, #4084, .T. ) ;
#2597 = EDGE_LOOP ( 'NONE', ( #2220, #4112, #2383, #969 ) ) ;
#2598 = VECTOR ( 'NONE', #124, 1000.000000000000000 ) ;
#2599 = LINE ( 'NONE', #556, #3077 ) ;
#2600 = ORIENTED_EDGE ( 'NONE', *, *, #527, .T. ) ;
#2601 = CARTESIAN_POINT ( 'NONE',  ( 9.500000000000001776, -2.999999999999999556, -3.135613839750379111E-14 ) ) ;
#2602 = VECTOR ( 'NONE', #2938, 1000.000000000000000 ) ;
#2603 = VERTEX_POINT ( 'NONE', #4312 ) ;
#2604 = CARTESIAN_POINT ( 'NONE',  ( 7.500000000000082601, -4.000000000000000888, 23.40000000000000213 ) ) ;
#2605 = ORIENTED_EDGE ( 'NONE', *, *, #4328, .T. ) ;
#2606 = VECTOR ( 'NONE', #4994, 1000.000000000000000 ) ;
#2607 = VECTOR ( 'NONE', #3154, 1000.000000000000000 ) ;
#2608 = LINE ( 'NONE', #1834, #1152 ) ;
#2609 = CARTESIAN_POINT ( 'NONE',  ( 9.500000000000001776, 17.49999999999999645, -3.135613839750379111E-14 ) ) ;
#2610 = EDGE_CURVE ( 'NONE', #199, #3776, #767, .T. ) ;
#2611 = ORIENTED_EDGE ( 'NONE', *, *, #3698, .F. ) ;
#2612 = DIRECTION ( 'NONE',  ( -3.481882245688215743E-15, 0.0000000000000000000, 1.000000000000000000 ) ) ;
#2613 = DIRECTION ( 'NONE',  ( 8.673617379884177221E-17, -3.469446951953670987E-15, -1.000000000000000000 ) ) ;
#2614 = EDGE_CURVE ( 'NONE', #1700, #309, #4531, .T. ) ;
#2615 = AXIS2_PLACEMENT_3D ( 'NONE', #3637, #1367, #4441 ) ;
#2616 = DIRECTION ( 'NONE',  ( 0.0000000000000000000, 0.0000000000000000000, -1.000000000000000000 ) ) ;
#2617 = DIRECTION ( 'NONE',  ( -0.0000000000000000000, 1.000000000000000000, 0.0000000000000000000 ) ) ;
#2618 = ORIENTED_EDGE ( 'NONE', *, *, #4316, .T. ) ;
#2619 = CARTESIAN_POINT ( 'NONE',  ( -10.00000000000033928, -21.50000000000000000, 14.91634972440323281 ) ) ;
#2620 = DIRECTION ( 'NONE',  ( -2.017120320903264257E-17, -1.000000000000000000, 7.042737958635019892E-32 ) ) ;
#2621 = CARTESIAN_POINT ( 'NONE',  ( 7.627684742571359422, -22.92338915445731118, 28.20553915567278480 ) ) ;
#2622 = CARTESIAN_POINT ( 'NONE',  ( 7.000000000000002665, 21.50000000000000000, 0.5000000000000004441 ) ) ;
#2623 = EDGE_CURVE ( 'NONE', #3741, #3511, #2903, .T. ) ;
#2624 = EDGE_CURVE ( 'NONE', #100, #2110, #1521, .T. ) ;
#2625 = ORIENTED_EDGE ( 'NONE', *, *, #4956, .F. ) ;
#2626 = CARTESIAN_POINT ( 'NONE',  ( -9.500000000000021316, 3.999999999999999112, 5.500000000000055067 ) ) ;
#2627 = LINE ( 'NONE', #3477, #3458 ) ;
#2628 = CARTESIAN_POINT ( 'NONE',  ( 0.0000000000000000000, -13.99999999999999822, -2.000000000000000000 ) ) ;
#2629 = VERTEX_POINT ( 'NONE', #2680 ) ;
#2630 = EDGE_LOOP ( 'NONE', ( #2174, #2039, #3632, #4287, #4141, #4397 ) ) ;
#2631 = CARTESIAN_POINT ( 'NONE',  ( -10.00000000000009948, -22.00000000000000000, 27.39999999999999858 ) ) ;
#2632 = VERTEX_POINT ( 'NONE', #4288 ) ;
#2633 = DIRECTION ( 'NONE',  ( -3.481882245688216531E-15, 0.0000000000000000000, 1.000000000000000000 ) ) ;
#2634 = DIRECTION ( 'NONE',  ( 1.000000000000000000, 0.0000000000000000000, 0.0000000000000000000 ) ) ;
#2635 = EDGE_CURVE ( 'NONE', #80, #1420, #3109, .T. ) ;
#2636 = EDGE_LOOP ( 'NONE', ( #4007, #1349, #790, #842 ) ) ;
#2637 = ADVANCED_FACE ( 'NONE', ( #1129 ), #739, .F. ) ;
#2638 = DIRECTION ( 'NONE',  ( 2.017120320903264257E-17, 1.000000000000000000, -7.020940143091501182E-32 ) ) ;
#2639 = CARTESIAN_POINT ( 'NONE',  ( -10.00000000000009237, 24.00000000000004263, 14.89999999999999147 ) ) ;
#2640 = LINE ( 'NONE', #1091, #1345 ) ;
#2641 = AXIS2_PLACEMENT_3D ( 'NONE', #2189, #4546, #958 ) ;
#2642 = AXIS2_PLACEMENT_3D ( 'NONE', #4171, #3781, #4907 ) ;
#2643 = LINE ( 'NONE', #3096, #1408 ) ;
#2644 = ORIENTED_EDGE ( 'NONE', *, *, #4902, .T. ) ;
#2645 = DIRECTION ( 'NONE',  ( -3.469446951953622866E-15, 0.0000000000000000000, -1.000000000000000000 ) ) ;
#2646 = CARTESIAN_POINT ( 'NONE',  ( -24.50000000000009948, 24.00000000000004263, 14.89999999999999147 ) ) ;
#2647 = PLANE ( 'NONE',  #829 ) ;
#2648 = EDGE_CURVE ( 'NONE', #433, #4762, #4732, .T. ) ;
#2649 = CIRCLE ( 'NONE', #750, 1.000000000000000888 ) ;
#2650 = ORIENTED_EDGE ( 'NONE', *, *, #5104, .F. ) ;
#2652 = DIRECTION ( 'NONE',  ( 0.0000000000000000000, 3.469446951953612611E-15, 1.000000000000000000 ) ) ;
#2651 = VECTOR ( 'NONE', #252, 1000.000000000000000 ) ;
#2653 = ORIENTED_EDGE ( 'NONE', *, *, #4211, .T. ) ;
#2654 = CARTESIAN_POINT ( 'NONE',  ( -6.499999999999997335, -25.50000000000003553, -11.99999999999982947 ) ) ;
#2655 = VECTOR ( 'NONE', #2583, 1000.000000000000000 ) ;
#2656 = ORIENTED_EDGE ( 'NONE', *, *, #3818, .F. ) ;
#2657 = FACE_OUTER_BOUND ( 'NONE', #1565, .T. ) ;
#2658 = ORIENTED_EDGE ( 'NONE', *, *, #542, .F. ) ;
#2659 = CARTESIAN_POINT ( 'NONE',  ( -7.500000000000001776, -21.50000000000000000, -2.437317571981751809E-14 ) ) ;
#2660 = DIRECTION ( 'NONE',  ( 3.469446951953614189E-15, 0.0000000000000000000, 1.000000000000000000 ) ) ;
#2661 = EDGE_LOOP ( 'NONE', ( #2974, #1660, #869, #127 ) ) ;
#2662 = EDGE_CURVE ( 'NONE', #1475, #3345, #3070, .T. ) ;
#2663 = LINE ( 'NONE', #1033, #2234 ) ;
#2664 = CARTESIAN_POINT ( 'NONE',  ( -24.50000000000018119, 17.49999999999999645, 5.500000000000107470 ) ) ;
#2665 = LINE ( 'NONE', #294, #3085 ) ;
#2666 = CARTESIAN_POINT ( 'NONE',  ( -24.50000000000009948, 24.00000000000004263, 14.89999999999999147 ) ) ;
#2667 = CARTESIAN_POINT ( 'NONE',  ( -7.500000000225623076, 23.99999999977426768, 27.62932646513406709 ) ) ;
#2668 = LINE ( 'NONE', #4276, #3789 ) ;
#2669 = DIRECTION ( 'NONE',  ( -0.0000000000000000000, 1.000000000000000000, -0.0000000000000000000 ) ) ;
#2670 = PRODUCT_DEFINITION_FORMATION_WITH_SPECIFIED_SOURCE ( 'ä»', '', #1271, .NOT_KNOWN. ) ;
#2671 = ADVANCED_FACE ( 'NONE', ( #2657 ), #3159, .T. ) ;
#2672 = ORIENTED_EDGE ( 'NONE', *, *, #907, .F. ) ;
#2673 = LINE ( 'NONE', #3153, #4924 ) ;
#2674 = DIRECTION ( 'NONE',  ( 0.0000000000000000000, 3.469446951953670987E-15, 1.000000000000000000 ) ) ;
#2675 = CARTESIAN_POINT ( 'NONE',  ( 7.500000000000027534, 17.49999999999999645, 5.499999999999996447 ) ) ;
#2676 = ADVANCED_FACE ( 'NONE', ( #1929 ), #3534, .F. ) ;
#2677 = ORIENTED_EDGE ( 'NONE', *, *, #4815, .F. ) ;
#2678 = VECTOR ( 'NONE', #2570, 1000.000000000000000 ) ;
#2679 = ORIENTED_EDGE ( 'NONE', *, *, #900, .T. ) ;
#2680 = CARTESIAN_POINT ( 'NONE',  ( 3.000000000000003553, 13.00000000000000178, -2.000000000000000000 ) ) ;
#2681 = ORIENTED_EDGE ( 'NONE', *, *, #3139, .T. ) ;
#2682 = CARTESIAN_POINT ( 'NONE',  ( 10.00000000000010836, -21.50000000000000000, 27.39999999999999503 ) ) ;
#2683 = AXIS2_PLACEMENT_3D ( 'NONE', #3761, #2140, #3733 ) ;
#2684 = CARTESIAN_POINT ( 'NONE',  ( -3.000000000000000888, -13.00000000000000178, -12.00000000000000000 ) ) ;
#2685 = ORIENTED_EDGE ( 'NONE', *, *, #3693, .T. ) ;
#2686 = VECTOR ( 'NONE', #4454, 1000.000000000000000 ) ;
#2687 = CARTESIAN_POINT ( 'NONE',  ( -9.500000000000001776, -21.50000000000000000, -3.133694021119395273E-14 ) ) ;
#2688 = LINE ( 'NONE', #751, #945 ) ;
#2689 = DIRECTION ( 'NONE',  ( 1.000000000000000000, 2.017120320903264257E-17, 3.481882245688215743E-15 ) ) ;
#2690 = VECTOR ( 'NONE', #809, 1000.000000000000000 ) ;
#2691 = EDGE_CURVE ( 'NONE', #1225, #550, #5123, .T. ) ;
#2692 = LINE ( 'NONE', #1509, #4405 ) ;
#2693 = AXIS2_PLACEMENT_3D ( 'NONE', #565, #4481, #483 ) ;
#2694 = CARTESIAN_POINT ( 'NONE',  ( -8.509669133186026357, 23.98388477802351559, 27.72724520025963102 ) ) ;
#2695 = DIRECTION ( 'NONE',  ( 0.0000000000000000000, 1.000000000000000000, 0.0000000000000000000 ) ) ;
#2696 = CARTESIAN_POINT ( 'NONE',  ( -24.50000000000011724, 16.49999999999999645, 23.40000000000011227 ) ) ;
#2697 = EDGE_CURVE ( 'NONE', #965, #4102, #1103, .T. ) ;
#2698 = EDGE_CURVE ( 'NONE', #4533, #218, #4342, .T. ) ;
#2699 = ORIENTED_EDGE ( 'NONE', *, *, #426, .F. ) ;
#2700 = DIRECTION ( 'NONE',  ( 0.0000000000000000000, -1.000000000000000000, -3.469446951953612611E-15 ) ) ;
#2701 = DIRECTION ( 'NONE',  ( 0.0000000000000000000, -3.491481338843133355E-15, -1.000000000000000000 ) ) ;
#2702 = PLANE ( 'NONE',  #1871 ) ;
#2703 = ADVANCED_FACE ( 'NONE', ( #1081 ), #3946, .F. ) ;
#2704 = EDGE_CURVE ( 'NONE', #3186, #4033, #3876, .T. ) ;
#2705 = VERTEX_POINT ( 'NONE', #1226 ) ;
#2706 = DIRECTION ( 'NONE',  ( 9.599093154917612719E-18, -0.0000000000000000000, -1.000000000000000000 ) ) ;
#2707 = ORIENTED_EDGE ( 'NONE', *, *, #3810, .T. ) ;
#2708 = DIRECTION ( 'NONE',  ( -0.0000000000000000000, -0.0000000000000000000, -1.000000000000000000 ) ) ;
#2709 = LINE ( 'NONE', #2609, #606 ) ;
#2710 = VERTEX_POINT ( 'NONE', #4026 ) ;
#2711 = LINE ( 'NONE', #1209, #2731 ) ;
#2712 = DIRECTION ( 'NONE',  ( 0.0000000000000000000, 0.0000000000000000000, -1.000000000000000000 ) ) ;
#2713 = LINE ( 'NONE', #1136, #163 ) ;
#2714 = ADVANCED_FACE ( 'NONE', ( #2787 ), #1284, .F. ) ;
#2715 = DIRECTION ( 'NONE',  ( 0.0000000000000000000, 1.000000000000000000, 0.0000000000000000000 ) ) ;
#2716 = CARTESIAN_POINT ( 'NONE',  ( -7.500000000000101252, 22.99999999999301181, 27.56362646489801449 ) ) ;
#2717 = CARTESIAN_POINT ( 'NONE',  ( 9.500000000000053291, 21.50000000000000000, 14.90916258126162575 ) ) ;
#2718 = LINE ( 'NONE', #1095, #4591 ) ;
#2719 = EDGE_CURVE ( 'NONE', #394, #4911, #2894, .T. ) ;
#2720 = AXIS2_PLACEMENT_3D ( 'NONE', #2687, #1838, #267 ) ;
#2721 = AXIS2_PLACEMENT_3D ( 'NONE', #3684, #94, #3284 ) ;
#2722 = ORIENTED_EDGE ( 'NONE', *, *, #2287, .T. ) ;
#2723 = CARTESIAN_POINT ( 'NONE',  ( -24.50000000000009948, -22.00000000000009237, 7.459310946700299536E-14 ) ) ;
#2724 = PLANE ( 'NONE',  #3713 ) ;
#2725 = ADVANCED_FACE ( 'NONE', ( #505 ), #889, .F. ) ;
#2726 = EDGE_CURVE ( 'NONE', #1685, #4764, #812, .T. ) ;
#2727 = CARTESIAN_POINT ( 'NONE',  ( -6.499999999999998224, 23.00000000000000000, -2.500000000000000444 ) ) ;
#2728 = ADVANCED_FACE ( 'NONE', ( #443 ), #4838, .T. ) ;
#2729 = VECTOR ( 'NONE', #2498, 1000.000000000000000 ) ;
#2730 = CIRCLE ( 'NONE', #1416, 0.5000000000000004441 ) ;
#2731 = VECTOR ( 'NONE', #816, 1000.000000000000000 ) ;
#2732 = VECTOR ( 'NONE', #417, 1000.000000000000000 ) ;
#2733 = ORIENTED_EDGE ( 'NONE', *, *, #3598, .F. ) ;
#2734 = DIRECTION ( 'NONE',  ( 3.469446951953611033E-15, 0.0000000000000000000, -1.000000000000000000 ) ) ;
#2735 = ORIENTED_EDGE ( 'NONE', *, *, #1981, .F. ) ;
#2736 = DIRECTION ( 'NONE',  ( 0.0000000000000000000, -1.734723475976805517E-14, -1.000000000000000000 ) ) ;
#2737 = DIRECTION ( 'NONE',  ( -0.0000000000000000000, 0.0000000000000000000, 1.000000000000000000 ) ) ;
#2738 = VECTOR ( 'NONE', #4800, 1000.000000000000000 ) ;
#2739 = AXIS2_PLACEMENT_3D ( 'NONE', #1387, #4886, #2543 ) ;
#2740 =( BOUNDED_CURVE ( )  B_SPLINE_CURVE ( 3, ( #1664, #4495, #1721, #4106 ),
 .UNSPECIFIED., .F., .F. ) 
 B_SPLINE_CURVE_WITH_KNOTS ( ( 4, 4 ),
 ( 1.570796326794896114, 3.141592653589793116 ),
 .UNSPECIFIED. ) 
 CURVE ( )  GEOMETRIC_REPRESENTATION_ITEM ( )  RATIONAL_B_SPLINE_CURVE ( ( 1.000000000000000000, 0.8047378541243649375, 0.8047378541243649375, 1.000000000000000000 ) ) 
 REPRESENTATION_ITEM ( '' )  );
#2741 = ORIENTED_EDGE ( 'NONE', *, *, #4384, .F. ) ;
#2742 = AXIS2_PLACEMENT_3D ( 'NONE', #3388, #4980, #906 ) ;
#2743 = EDGE_CURVE ( 'NONE', #394, #3283, #2075, .T. ) ;
#2744 = ORIENTED_EDGE ( 'NONE', *, *, #693, .F. ) ;
#2745 = ADVANCED_FACE ( 'NONE', ( #4783 ), #2062, .F. ) ;
#2746 = FACE_OUTER_BOUND ( 'NONE', #3297, .T. ) ;
#2747 = DIRECTION ( 'NONE',  ( 0.0000000000000000000, -1.000000000000000000, -8.068481283613057027E-17 ) ) ;
#2748 = DIRECTION ( 'NONE',  ( 1.000000000000000000, -0.0000000000000000000, -0.0000000000000000000 ) ) ;
#2749 = LINE ( 'NONE', #1212, #1149 ) ;
#2750 = FACE_OUTER_BOUND ( 'NONE', #4359, .T. ) ;
#2751 = CARTESIAN_POINT ( 'NONE',  ( 7.500000000000001776, -21.50000000000000000, -1.919818630983757970E-17 ) ) ;
#2752 = DIRECTION ( 'NONE',  ( 3.942553354492771634E-17, -1.000000000000000000, -1.375941746847399406E-31 ) ) ;
#2753 = ORIENTED_EDGE ( 'NONE', *, *, #1096, .F. ) ;
#2754 = CARTESIAN_POINT ( 'NONE',  ( -9.500000000000083489, -6.666259921333972064E-15, 23.40000000000005898 ) ) ;
#2755 = ORIENTED_EDGE ( 'NONE', *, *, #3751, .F. ) ;
#2756 = DIRECTION ( 'NONE',  ( 0.0000000000000000000, 3.469446951953612611E-15, 1.000000000000000000 ) ) ;
#2757 = DIRECTION ( 'NONE',  ( -2.017120320903336672E-17, -1.000000000000000000, -2.081668171172168513E-16 ) ) ;
#2758 = DIRECTION ( 'NONE',  ( -1.000000000000000000, 2.017120320903264257E-17, 3.481882245688215743E-15 ) ) ;
#2759 = EDGE_CURVE ( 'NONE', #626, #3656, #1256, .T. ) ;
#2760 = VERTEX_POINT ( 'NONE', #2868 ) ;
#2761 = CARTESIAN_POINT ( 'NONE',  ( -7.500000000000102141, 22.99999999999999645, 28.86446609406726083 ) ) ;
#2762 = ORIENTED_EDGE ( 'NONE', *, *, #2772, .T. ) ;
#2763 = DIRECTION ( 'NONE',  ( -0.0000000000000000000, 1.000000000000000000, -0.0000000000000000000 ) ) ;
#2764 = ORIENTED_EDGE ( 'NONE', *, *, #3550, .T. ) ;
#2765 = ORIENTED_EDGE ( 'NONE', *, *, #254, .T. ) ;
#2766 = AXIS2_PLACEMENT_3D ( 'NONE', #274, #1895, #3496 ) ;
#2767 = LINE ( 'NONE', #425, #1237 ) ;
#2768 = DIRECTION ( 'NONE',  ( 2.017120320903264257E-17, 1.000000000000000000, -7.020940143091501182E-32 ) ) ;
#2769 = CARTESIAN_POINT ( 'NONE',  ( -24.50000000000012434, -17.49999999999999645, 22.40000000000011227 ) ) ;
#2770 = AXIS2_PLACEMENT_3D ( 'NONE', #5009, #567, #4567 ) ;
#2771 = EDGE_CURVE ( 'NONE', #3243, #1856, #1313, .T. ) ;
#2772 = EDGE_CURVE ( 'NONE', #2528, #3168, #4503, .T. ) ;
#2773 = CARTESIAN_POINT ( 'NONE',  ( 9.500000000000053291, -21.50000000000000000, 14.91977001746919207 ) ) ;
#2774 = CARTESIAN_POINT ( 'NONE',  ( -9.738211819402296854, 21.76178818060164843, 29.89999999999132640 ) ) ;
#2775 = DIRECTION ( 'NONE',  ( -0.0000000000000000000, -1.000000000000000000, -0.0000000000000000000 ) ) ;
#2776 = AXIS2_PLACEMENT_3D ( 'NONE', #4377, #4, #4036 ) ;
#2777 = AXIS2_PLACEMENT_3D ( 'NONE', #1901, #1539, #3184 ) ;
#2778 = ADVANCED_FACE ( 'NONE', ( #22 ), #1618, .F. ) ;
#2779 = DIRECTION ( 'NONE',  ( 1.000000000000000000, 0.0000000000000000000, 0.0000000000000000000 ) ) ;
#2780 = EDGE_LOOP ( 'NONE', ( #3711, #75, #1836, #2176, #1155, #3181, #639, #4864 ) ) ;
#2781 = CARTESIAN_POINT ( 'NONE',  ( -7.500000000000072831, -17.49999999999999645, 22.40000000000005187 ) ) ;
#2782 = CARTESIAN_POINT ( 'NONE',  ( 24.50000000000009948, -23.99999999999999645, 27.89999999999999858 ) ) ;
#2783 = CARTESIAN_POINT ( 'NONE',  ( -10.00000000000005329, 24.00000000000004263, 14.92922943124998802 ) ) ;
#2784 = AXIS2_PLACEMENT_3D ( 'NONE', #4575, #1068, #2595 ) ;
#2785 = ORIENTED_EDGE ( 'NONE', *, *, #1239, .T. ) ;
#2786 = ORIENTED_EDGE ( 'NONE', *, *, #3321, .F. ) ;
#2787 = FACE_OUTER_BOUND ( 'NONE', #1398, .T. ) ;
#2788 = ORIENTED_EDGE ( 'NONE', *, *, #4434, .T. ) ;
#2789 = ADVANCED_FACE ( 'NONE', ( #1670 ), #1595, .T. ) ;
#2790 = ORIENTED_EDGE ( 'NONE', *, *, #4996, .F. ) ;
#2791 = ORIENTED_EDGE ( 'NONE', *, *, #4158, .T. ) ;
#2792 = CARTESIAN_POINT ( 'NONE',  ( -2.000000000000002220, -13.00000000000000000, -12.00000000000000000 ) ) ;
#2793 = FACE_OUTER_BOUND ( 'NONE', #4195, .T. ) ;
#2794 = CARTESIAN_POINT ( 'NONE',  ( -10.00000000000009948, 23.99999999999999645, 27.89999999999999858 ) ) ;
#2795 = FACE_OUTER_BOUND ( 'NONE', #1588, .T. ) ;
#2796 = DIRECTION ( 'NONE',  ( 0.0000000000000000000, -1.000000000000000000, -3.491481338843133355E-15 ) ) ;
#2797 = DIRECTION ( 'NONE',  ( 0.0000000000000000000, 0.0000000000000000000, 1.000000000000000000 ) ) ;
#2798 = DIRECTION ( 'NONE',  ( 1.000000000000000000, 2.017120320903264257E-17, 3.481882245688215743E-15 ) ) ;
#2799 = EDGE_LOOP ( 'NONE', ( #2653, #282, #1608, #2539 ) ) ;
#2800 = DIRECTION ( 'NONE',  ( 0.0000000000000000000, 1.000000000000000000, 0.0000000000000000000 ) ) ;
#2801 = VERTEX_POINT ( 'NONE', #2837 ) ;
#2802 = CARTESIAN_POINT ( 'NONE',  ( 10.00000000000033928, -24.00000000000003908, 14.89999999999999147 ) ) ;
#2803 = EDGE_CURVE ( 'NONE', #1072, #3749, #4445, .T. ) ;
#2804 = DIRECTION ( 'NONE',  ( -0.0000000000000000000, 3.469446951953670987E-15, 1.000000000000000000 ) ) ;
#2805 = EDGE_CURVE ( 'NONE', #92, #368, #2444, .T. ) ;
#2806 = LINE ( 'NONE', #3211, #3204 ) ;
#2807 = AXIS2_PLACEMENT_3D ( 'NONE', #3888, #1039, #2303 ) ;
#2808 = ADVANCED_FACE ( 'NONE', ( #921 ), #1176, .T. ) ;
#2809 = EDGE_LOOP ( 'NONE', ( #3972, #1801, #1525, #768 ) ) ;
#2810 = CARTESIAN_POINT ( 'NONE',  ( 10.00000000000009948, 21.50000000000000000, 27.39999999999999503 ) ) ;
#2811 = ORIENTED_EDGE ( 'NONE', *, *, #1519, .T. ) ;
#2812 = AXIS2_PLACEMENT_3D ( 'NONE', #3034, #1653, #1298 ) ;
#2813 =( LENGTH_UNIT ( ) NAMED_UNIT ( * ) SI_UNIT ( .MILLI., .METRE. ) );
#2814 = VECTOR ( 'NONE', #4164, 1000.000000000000000 ) ;
#2815 = ORIENTED_EDGE ( 'NONE', *, *, #4101, .T. ) ;
#2816 = EDGE_CURVE ( 'NONE', #3088, #4974, #633, .T. ) ;
#2817 = VERTEX_POINT ( 'NONE', #4969 ) ;
#2818 = DIRECTION ( 'NONE',  ( 0.0000000000000000000, 0.0000000000000000000, -1.000000000000000000 ) ) ;
#2819 = VECTOR ( 'NONE', #1586, 1000.000000000000000 ) ;
#2820 = CARTESIAN_POINT ( 'NONE',  ( -8.500000000000103029, 23.00000000000000000, 27.39999999999999858 ) ) ;
#2821 = AXIS2_PLACEMENT_3D ( 'NONE', #145, #1920, #4721 ) ;
#2822 = FACE_OUTER_BOUND ( 'NONE', #5077, .T. ) ;
#2823 = AXIS2_PLACEMENT_3D ( 'NONE', #1354, #4514, #593 ) ;
#2824 = ADVANCED_FACE ( 'NONE', ( #5021, #3375, #1394, #3027 ), #2576, .F. ) ;
#2825 = CARTESIAN_POINT ( 'NONE',  ( 24.50000000000009948, -21.99999999999999645, 27.89999999999999147 ) ) ;
#2826 = CARTESIAN_POINT ( 'NONE',  ( -2.000000000000002220, 13.99999999999999822, 0.0000000000000000000 ) ) ;
#2827 = CYLINDRICAL_SURFACE ( 'NONE', #110, 21.89999999999999503 ) ;
#2828 = DIRECTION ( 'NONE',  ( -1.000000000000000000, 0.0000000000000000000, 3.480674935616895651E-15 ) ) ;
#2829 = VERTEX_POINT ( 'NONE', #2126 ) ;
#2830 = DIRECTION ( 'NONE',  ( 0.0000000000000000000, 0.0000000000000000000, 1.000000000000000000 ) ) ;
#2831 = EDGE_LOOP ( 'NONE', ( #1231, #5155, #534, #4615 ) ) ;
#2832 = DIRECTION ( 'NONE',  ( -1.000000000000000000, -3.942553354492771634E-17, 0.0000000000000000000 ) ) ;
#2833 = DIRECTION ( 'NONE',  ( 0.0000000000000000000, -3.469446951953613006E-15, 1.000000000000000000 ) ) ;
#2834 = CARTESIAN_POINT ( 'NONE',  ( -24.50000000000011724, -16.49999999999999645, 23.40000000000010871 ) ) ;
#2835 = VECTOR ( 'NONE', #3879, 1000.000000000000000 ) ;
#2836 = ORIENTED_EDGE ( 'NONE', *, *, #2698, .F. ) ;
#2837 = CARTESIAN_POINT ( 'NONE',  ( -6.499999999999998224, 25.50000000000003553, -11.99999999999999289 ) ) ;
#2838 = ORIENTED_EDGE ( 'NONE', *, *, #4508, .F. ) ;
#2839 = EDGE_CURVE ( 'NONE', #2247, #5181, #2599, .T. ) ;
#2840 = ADVANCED_FACE ( 'NONE', ( #3720 ), #2197, .T. ) ;
#2841 = ORIENTED_EDGE ( 'NONE', *, *, #4158, .F. ) ;
#2842 = VERTEX_POINT ( 'NONE', #3820 ) ;
#2843 = CARTESIAN_POINT ( 'NONE',  ( 7.898446230092891263, 23.60155376990711318, 28.80751515912746541 ) ) ;
#2844 = DIRECTION ( 'NONE',  ( -1.000000000000000000, -0.0000000000000000000, 0.0000000000000000000 ) ) ;
#2845 = FACE_OUTER_BOUND ( 'NONE', #322, .T. ) ;
#2846 = LINE ( 'NONE', #876, #4294 ) ;
#2847 = VECTOR ( 'NONE', #2889, 1000.000000000000000 ) ;
#2848 = DIRECTION ( 'NONE',  ( 3.469446951953611033E-15, 0.0000000000000000000, 1.000000000000000000 ) ) ;
#2849 = CARTESIAN_POINT ( 'NONE',  ( -10.00000000000010125, 21.49999999999999289, 29.89999999999999147 ) ) ;
#2850 = FACE_OUTER_BOUND ( 'NONE', #4757, .T. ) ;
#2851 = ORIENTED_EDGE ( 'NONE', *, *, #4988, .F. ) ;
#2852 = DIRECTION ( 'NONE',  ( -3.480674935616895651E-15, 2.081668171172169253E-16, -1.000000000000000000 ) ) ;
#2853 = VECTOR ( 'NONE', #1714, 1000.000000000000000 ) ;
#2854 = EDGE_CURVE ( 'NONE', #506, #1685, #128, .T. ) ;
#2855 = ORIENTED_EDGE ( 'NONE', *, *, #4053, .T. ) ;
#2856 = ORIENTED_EDGE ( 'NONE', *, *, #3689, .F. ) ;
#2857 = DIRECTION ( 'NONE',  ( 1.000000000000000000, 0.0000000000000000000, 0.0000000000000000000 ) ) ;
#2858 = ORIENTED_EDGE ( 'NONE', *, *, #1968, .F. ) ;
#2859 = CIRCLE ( 'NONE', #4284, 2.499999999999995115 ) ;
#2860 = AXIS2_PLACEMENT_3D ( 'NONE', #303, #2385, #3081 ) ;
#2861 = CARTESIAN_POINT ( 'NONE',  ( -7.000000000000002665, -21.50000000000000000, 0.5000000000000004441 ) ) ;
#2862 = DIRECTION ( 'NONE',  ( 1.000000000000000000, 3.028377322213108617E-31, 8.673617379884178453E-17 ) ) ;
#2863 = DIRECTION ( 'NONE',  ( 0.0000000000000000000, 0.0000000000000000000, -1.000000000000000000 ) ) ;
#2864 = CARTESIAN_POINT ( 'NONE',  ( 10.00000000000009592, 24.00000000000000000, 27.40000000000000213 ) ) ;
#2865 = EDGE_CURVE ( 'NONE', #1130, #4060, #1493, .T. ) ;
#2866 = AXIS2_PLACEMENT_3D ( 'NONE', #414, #1200, #4309 ) ;
#2867 = ORIENTED_EDGE ( 'NONE', *, *, #4363, .T. ) ;
#2868 = CARTESIAN_POINT ( 'NONE',  ( -10.00000000000033928, -24.00000000000004263, 14.89999999999999147 ) ) ;
#2869 = ORIENTED_EDGE ( 'NONE', *, *, #1059, .T. ) ;
#2870 = VECTOR ( 'NONE', #2857, 1000.000000000000000 ) ;
#2871 = ORIENTED_EDGE ( 'NONE', *, *, #3499, .T. ) ;
#2872 = ORIENTED_EDGE ( 'NONE', *, *, #624, .F. ) ;
#2873 = ORIENTED_EDGE ( 'NONE', *, *, #2623, .T. ) ;
#2874 = FACE_OUTER_BOUND ( 'NONE', #894, .T. ) ;
#2875 = LINE ( 'NONE', #896, #4207 ) ;
#2876 = EDGE_CURVE ( 'NONE', #4306, #1248, #2264, .T. ) ;
#2877 = DIRECTION ( 'NONE',  ( 3.481882245688216531E-15, 3.469446951953613006E-15, -1.000000000000000000 ) ) ;
#2878 = DIRECTION ( 'NONE',  ( -0.0000000000000000000, -0.0000000000000000000, 1.000000000000000000 ) ) ;
#2879 = LINE ( 'NONE', #1326, #150 ) ;
#2880 = EDGE_LOOP ( 'NONE', ( #3141, #389, #3643, #3743, #1133, #980 ) ) ;
#2881 = DIRECTION ( 'NONE',  ( 0.0000000000000000000, 3.469446951953613006E-15, 1.000000000000000000 ) ) ;
#2882 = CARTESIAN_POINT ( 'NONE',  ( -24.50000000000009948, -21.50000000000000000, 27.89999999999999147 ) ) ;
#2883 = VERTEX_POINT ( 'NONE', #5118 ) ;
#2884 = CARTESIAN_POINT ( 'NONE',  ( -24.50000000000009948, -17.98221343439128361, -12.00000000000000355 ) ) ;
#2885 = ORIENTED_EDGE ( 'NONE', *, *, #1981, .T. ) ;
#2886 = CYLINDRICAL_SURFACE ( 'NONE', #1384, 2.499999999999995115 ) ;
#2887 = ORIENTED_EDGE ( 'NONE', *, *, #2368, .F. ) ;
#2888 = CARTESIAN_POINT ( 'NONE',  ( -7.500000000000072831, 2.999999999999999556, 22.40000000000005187 ) ) ;
#2889 = DIRECTION ( 'NONE',  ( 1.000000000000000000, 3.942553354492771634E-17, -3.480674935616895651E-15 ) ) ;
#2890 = DIRECTION ( 'NONE',  ( 1.000000000000000000, 0.0000000000000000000, 0.0000000000000000000 ) ) ;
#2891 = CYLINDRICAL_SURFACE ( 'NONE', #3467, 2.499999999999995115 ) ;
#2892 = ADVANCED_FACE ( 'NONE', ( #5095 ), #3554, .F. ) ;
#2893 = ORIENTED_EDGE ( 'NONE', *, *, #3247, .F. ) ;
#2894 = LINE ( 'NONE', #3190, #62 ) ;
#2895 = ORIENTED_EDGE ( 'NONE', *, *, #1189, .F. ) ;
#2896 = VECTOR ( 'NONE', #2283, 1000.000000000000000 ) ;
#2897 = AXIS2_PLACEMENT_3D ( 'NONE', #4684, #719, #3456 ) ;
#2898 = ORIENTED_EDGE ( 'NONE', *, *, #2085, .T. ) ;
#2899 = ORIENTED_EDGE ( 'NONE', *, *, #1513, .T. ) ;
#2900 = CARTESIAN_POINT ( 'NONE',  ( -6.499999999999997335, -23.50000000000000000, -2.499999999999998668 ) ) ;
#2901 = LINE ( 'NONE', #3701, #760 ) ;
#2902 = VECTOR ( 'NONE', #5001, 1000.000000000000000 ) ;
#2903 = CIRCLE ( 'NONE', #3912, 1.000000000000000888 ) ;
#2904 = EDGE_CURVE ( 'NONE', #773, #4968, #1951, .T. ) ;
#2905 = DIRECTION ( 'NONE',  ( 3.469446951953614189E-15, 0.0000000000000000000, -1.000000000000000000 ) ) ;
#2906 = VECTOR ( 'NONE', #4487, 1000.000000000000000 ) ;
#2908 = DIRECTION ( 'NONE',  ( 1.000000000000000000, -0.0000000000000000000, -0.0000000000000000000 ) ) ;
#2907 = AXIS2_PLACEMENT_3D ( 'NONE', #103, #4810, #3237 ) ;
#2909 = EDGE_CURVE ( 'NONE', #4216, #2951, #5140, .T. ) ;
#2910 = DIRECTION ( 'NONE',  ( 3.942553354492771634E-17, -1.000000000000000000, -1.375941746847399406E-31 ) ) ;
#2911 = CARTESIAN_POINT ( 'NONE',  ( -6.499999999999998224, 23.50000000000000000, -2.499999999999998668 ) ) ;
#2912 = LINE ( 'NONE', #4520, #1911 ) ;
#2913 = CIRCLE ( 'NONE', #3000, 0.5000000000000038858 ) ;
#2914 = AXIS2_PLACEMENT_3D ( 'NONE', #1250, #3686, #2832 ) ;
#2915 =( BOUNDED_CURVE ( )  B_SPLINE_CURVE ( 3, ( #3769, #4152, #2995, #1044 ),
 .UNSPECIFIED., .F., .F. ) 
 B_SPLINE_CURVE_WITH_KNOTS ( ( 4, 4 ),
 ( 0.0000000000000000000, 1.570796326794899223 ),
 .UNSPECIFIED. ) 
 CURVE ( )  GEOMETRIC_REPRESENTATION_ITEM ( )  RATIONAL_B_SPLINE_CURVE ( ( 1.000000000000000000, 0.8047378541243643824, 0.8047378541243643824, 1.000000000000000000 ) ) 
 REPRESENTATION_ITEM ( '' )  );
#2916 = ORIENTED_EDGE ( 'NONE', *, *, #2865, .T. ) ;
#2917 = LINE ( 'NONE', #3765, #724 ) ;
#2918 = EDGE_LOOP ( 'NONE', ( #1120, #2027, #4175 ) ) ;
#2919 = CARTESIAN_POINT ( 'NONE',  ( 2.000000000000002220, 13.00000000000000000, -2.000000000000000000 ) ) ;
#2920 = FACE_OUTER_BOUND ( 'NONE', #818, .T. ) ;
#2921 = CARTESIAN_POINT ( 'NONE',  ( 10.00000000000009948, -21.50000000000000000, 27.39999999999999503 ) ) ;
#2922 = DIRECTION ( 'NONE',  ( 3.481882245688215743E-15, -3.191094078709388170E-34, 1.000000000000000000 ) ) ;
#2923 = ADVANCED_FACE ( 'NONE', ( #1538 ), #5044, .T. ) ;
#2924 = EDGE_CURVE ( 'NONE', #1935, #3381, #2673, .T. ) ;
#2925 = EDGE_LOOP ( 'NONE', ( #1218, #3604, #3217, #2183 ) ) ;
#2926 = CARTESIAN_POINT ( 'NONE',  ( -9.738211819403012726, -21.76178818060237319, 29.89999999999132285 ) ) ;
#2927 = VERTEX_POINT ( 'NONE', #4281 ) ;
#2928 = ORIENTED_EDGE ( 'NONE', *, *, #537, .T. ) ;
#2929 = ORIENTED_EDGE ( 'NONE', *, *, #3172, .T. ) ;
#2930 = EDGE_LOOP ( 'NONE', ( #108, #3707, #102, #4559 ) ) ;
#2931 = CIRCLE ( 'NONE', #519, 2.500000000000002220 ) ;
#2932 = DIRECTION ( 'NONE',  ( -1.000000000000000000, 0.0000000000000000000, 0.0000000000000000000 ) ) ;
#2933 = DIRECTION ( 'NONE',  ( 1.000000000000000000, -0.0000000000000000000, -0.0000000000000000000 ) ) ;
#2934 = EDGE_CURVE ( 'NONE', #1728, #4701, #324, .T. ) ;
#2935 = CYLINDRICAL_SURFACE ( 'NONE', #4882, 1.000000000000000000 ) ;
#2936 = ORIENTED_EDGE ( 'NONE', *, *, #4622, .T. ) ;
#2937 = FACE_OUTER_BOUND ( 'NONE', #7, .T. ) ;
#2938 = DIRECTION ( 'NONE',  ( -2.017120320903336672E-17, 1.000000000000000000, 2.081668171172169992E-16 ) ) ;
#2939 = CARTESIAN_POINT ( 'NONE',  ( -24.50000000000009948, -21.50000000000000000, 29.89999999999999503 ) ) ;
#2940 = VECTOR ( 'NONE', #4252, 1000.000000000000000 ) ;
#2941 = EDGE_CURVE ( 'NONE', #1312, #4790, #3920, .T. ) ;
#2942 = CARTESIAN_POINT ( 'NONE',  ( 7.500000000000001776, -1.512840240677448208E-16, -2.437317571981751809E-14 ) ) ;
#2943 = ORIENTED_EDGE ( 'NONE', *, *, #1933, .F. ) ;
#2944 = DIRECTION ( 'NONE',  ( 2.017120320903264257E-17, 1.000000000000000000, -0.0000000000000000000 ) ) ;
#2945 = CARTESIAN_POINT ( 'NONE',  ( -10.00000000000009948, 21.50000000000000000, 27.39999999999999503 ) ) ;
#2946 = VECTOR ( 'NONE', #516, 1000.000000000000000 ) ;
#2947 = DIRECTION ( 'NONE',  ( -5.337610695313251385E-16, -3.469446951953612611E-15, 1.000000000000000000 ) ) ;
#2948 = DIRECTION ( 'NONE',  ( 0.0000000000000000000, 0.0000000000000000000, -1.000000000000000000 ) ) ;
#2949 = ADVANCED_FACE ( 'NONE', ( #302 ), #3530, .F. ) ;
#2950 = VECTOR ( 'NONE', #1828, 1000.000000000000000 ) ;
#2951 = VERTEX_POINT ( 'NONE', #4231 ) ;
#2952 = CARTESIAN_POINT ( 'NONE',  ( -8.576610845542852246, -23.87231525742876315, 28.20553915567272796 ) ) ;
#2953 = CARTESIAN_POINT ( 'NONE',  ( 9.500000000000083489, 16.49999999999999645, 23.39999999999999503 ) ) ;
#2954 = AXIS2_PLACEMENT_3D ( 'NONE', #3155, #336, #1927 ) ;
#2955 = CIRCLE ( 'NONE', #2527, 2.100000000000001865 ) ;
#2956 = ORIENTED_EDGE ( 'NONE', *, *, #4769, .T. ) ;
#2957 = AXIS2_PLACEMENT_3D ( 'NONE', #2535, #3336, #3730 ) ;
#2958 = EDGE_LOOP ( 'NONE', ( #233, #2579, #2895, #4110, #462, #1520, #2699 ) ) ;
#2959 = CARTESIAN_POINT ( 'NONE',  ( 8.116532976232823771, 22.63008021426036365, 29.05206688216545530 ) ) ;
#2960 = FACE_OUTER_BOUND ( 'NONE', #300, .T. ) ;
#2961 = VECTOR ( 'NONE', #455, 1000.000000000000000 ) ;
#2962 = CARTESIAN_POINT ( 'NONE',  ( 24.50000000000009948, -17.98221343439128361, 29.89999999999998792 ) ) ;
#2963 = CIRCLE ( 'NONE', #458, 0.5000000000000004441 ) ;
#2964 = CARTESIAN_POINT ( 'NONE',  ( -6.500000000000000000, 23.50000000000000000, -2.000000000000000000 ) ) ;
#2965 = PLANE ( 'NONE',  #2770 ) ;
#2966 = DIRECTION ( 'NONE',  ( 1.000000000000000000, 0.0000000000000000000, 0.0000000000000000000 ) ) ;
#2967 = CARTESIAN_POINT ( 'NONE',  ( -6.499999999999998224, 23.00000000000000000, -2.500000000000000444 ) ) ;
#2968 = ORIENTED_EDGE ( 'NONE', *, *, #1888, .F. ) ;
#2969 = CARTESIAN_POINT ( 'NONE',  ( 7.000000000000002665, 21.50000000000000000, 0.0000000000000000000 ) ) ;
#2970 = CARTESIAN_POINT ( 'NONE',  ( -10.00000000000009948, -21.50000000000000000, 27.89999999999999147 ) ) ;
#2971 = CARTESIAN_POINT ( 'NONE',  ( -7.000000000000002665, 21.50000000000000000, 0.5000000000000004441 ) ) ;
#2972 = DIRECTION ( 'NONE',  ( -2.017120320903264257E-17, -1.000000000000000000, 0.0000000000000000000 ) ) ;
#2973 = EDGE_CURVE ( 'NONE', #3776, #2198, #3102, .T. ) ;
#2974 = ORIENTED_EDGE ( 'NONE', *, *, #3650, .F. ) ;
#2975 = EDGE_CURVE ( 'NONE', #1145, #1923, #2246, .T. ) ;
#2976 = CARTESIAN_POINT ( 'NONE',  ( -7.579958376007514431, -22.95202497439553824, 28.04820640982123336 ) ) ;
#2977 = ORIENTED_EDGE ( 'NONE', *, *, #320, .T. ) ;
#2978 = DIRECTION ( 'NONE',  ( -1.000000000000000000, 0.0000000000000000000, 3.469446951953614189E-15 ) ) ;
#2979 = ADVANCED_FACE ( 'NONE', ( #3129 ), #4656, .F. ) ;
#2980 = ORIENTED_EDGE ( 'NONE', *, *, #1002, .F. ) ;
#2981 = ORIENTED_EDGE ( 'NONE', *, *, #978, .T. ) ;
#2982 = CYLINDRICAL_SURFACE ( 'NONE', #491, 2.100000000000001865 ) ;
#2983 = LINE ( 'NONE', #1321, #1829 ) ;
#2984 = ORIENTED_EDGE ( 'NONE', *, *, #1182, .T. ) ;
#2985 = PLANE ( 'NONE',  #2391 ) ;
#2986 = CIRCLE ( 'NONE', #744, 1.000000000000000888 ) ;
#2987 = DIRECTION ( 'NONE',  ( -1.000000000000000000, -3.942553354492771634E-17, 0.0000000000000000000 ) ) ;
#2988 = VECTOR ( 'NONE', #4422, 1000.000000000000000 ) ;
#2989 = DIRECTION ( 'NONE',  ( 6.429478007160029845E-29, -1.000000000000000000, -2.238668532217335879E-43 ) ) ;
#2990 = CIRCLE ( 'NONE', #580, 0.5000000000000004441 ) ;
#2991 = CARTESIAN_POINT ( 'NONE',  ( -6.500000000000000000, -21.50000000000000000, -2.000000000000000000 ) ) ;
#2992 = EDGE_LOOP ( 'NONE', ( #890, #4446, #854, #4056 ) ) ;
#2993 = DIRECTION ( 'NONE',  ( -1.000000000000000000, 0.0000000000000000000, 0.0000000000000000000 ) ) ;
#2994 = DIRECTION ( 'NONE',  ( 1.000000000000000000, 3.942553354492771634E-17, -3.480674935616895651E-15 ) ) ;
#2995 = CARTESIAN_POINT ( 'NONE',  ( 8.535533905932842558, -22.37867965644035095, 29.89999999999999147 ) ) ;
#2996 = CARTESIAN_POINT ( 'NONE',  ( 7.000000000000001776, -21.50000000000000000, -2.000000000000000000 ) ) ;
#2997 = AXIS2_PLACEMENT_3D ( 'NONE', #3809, #518, #2111 ) ;
#2998 = CIRCLE ( 'NONE', #755, 2.500000000000002220 ) ;
#2999 = EDGE_CURVE ( 'NONE', #51, #557, #4726, .T. ) ;
#3000 = AXIS2_PLACEMENT_3D ( 'NONE', #5133, #2748, #1552 ) ;
#3001 = EDGE_LOOP ( 'NONE', ( #650, #3639, #4289, #922, #1184 ) ) ;
#3002 = CARTESIAN_POINT ( 'NONE',  ( -7.714474775435715692, -23.78552522456447349, 28.46889891408267914 ) ) ;
#3003 = ORIENTED_EDGE ( 'NONE', *, *, #2585, .F. ) ;
#3004 = CARTESIAN_POINT ( 'NONE',  ( -8.500000000000000000, -23.00000000000009237, -2.265088753757498911E-14 ) ) ;
#3005 = EDGE_CURVE ( 'NONE', #2603, #199, #1486, .T. ) ;
#3006 = ORIENTED_EDGE ( 'NONE', *, *, #2421, .F. ) ;
#3007 = CARTESIAN_POINT ( 'NONE',  ( 6.499999999999998224, -25.50000000000003553, -11.99999999999982947 ) ) ;
#3008 = ORIENTED_EDGE ( 'NONE', *, *, #3557, .F. ) ;
#3009 = ORIENTED_EDGE ( 'NONE', *, *, #291, .F. ) ;
#3010 = DIRECTION ( 'NONE',  ( -0.0000000000000000000, -0.0000000000000000000, 1.000000000000000000 ) ) ;
#3011 = CARTESIAN_POINT ( 'NONE',  ( -24.50000000000009948, 21.50000000000000000, 29.89999999999998792 ) ) ;
#3012 = ORIENTED_EDGE ( 'NONE', *, *, #3574, .T. ) ;
#3013 = AXIS2_PLACEMENT_3D ( 'NONE', #4315, #4002, #2344 ) ;
#3014 = DIRECTION ( 'NONE',  ( 3.469446951953617344E-15, 0.0000000000000000000, 1.000000000000000000 ) ) ;
#3015 = CARTESIAN_POINT ( 'NONE',  ( 9.500000000000053291, 21.50000000000000000, 14.90916258126162575 ) ) ;
#3016 = DIRECTION ( 'NONE',  ( 0.0000000000000000000, 1.000000000000000000, -3.491481338843133355E-15 ) ) ;
#3017 = EDGE_CURVE ( 'NONE', #3612, #4947, #4257, .T. ) ;
#3018 = DIRECTION ( 'NONE',  ( 0.0000000000000000000, 1.000000000000000000, 0.0000000000000000000 ) ) ;
#3019 = ORIENTED_EDGE ( 'NONE', *, *, #4515, .F. ) ;
#3020 = LINE ( 'NONE', #4623, #3150 ) ;
#3021 = LINE ( 'NONE', #4963, #200 ) ;
#3022 = CARTESIAN_POINT ( 'NONE',  ( 7.714474775435641085, -23.78552522456459783, 28.46889891408261164 ) ) ;
#3023 = LINE ( 'NONE', #4987, #1296 ) ;
#3024 = ADVANCED_FACE ( 'NONE', ( #4703 ), #4680, .T. ) ;
#3025 = ORIENTED_EDGE ( 'NONE', *, *, #3905, .T. ) ;
#3026 = VECTOR ( 'NONE', #5089, 1000.000000000000000 ) ;
#3027 = FACE_OUTER_BOUND ( 'NONE', #4579, .T. ) ;
#3028 = EDGE_LOOP ( 'NONE', ( #189, #4926, #176, #50 ) ) ;
#3029 = EDGE_CURVE ( 'NONE', #4610, #4946, #2337, .T. ) ;
#3030 = DIRECTION ( 'NONE',  ( 1.000000000000000000, 0.0000000000000000000, 3.481882245688216926E-15 ) ) ;
#3031 = VECTOR ( 'NONE', #58, 1000.000000000000000 ) ;
#3032 = EDGE_CURVE ( 'NONE', #4947, #550, #807, .T. ) ;
#3033 = ORIENTED_EDGE ( 'NONE', *, *, #1253, .F. ) ;
#3034 = CARTESIAN_POINT ( 'NONE',  ( 8.500000000000053291, -23.00000000000004263, 14.91977001746919562 ) ) ;
#3035 = ORIENTED_EDGE ( 'NONE', *, *, #457, .F. ) ;
#3036 = VECTOR ( 'NONE', #3083, 1000.000000000000000 ) ;
#3037 = CIRCLE ( 'NONE', #1457, 2.500000000000002220 ) ;
#3038 = CARTESIAN_POINT ( 'NONE',  ( -9.500000000000049738, 17.49999999999999645, 22.40000000000005898 ) ) ;
#3039 = DIRECTION ( 'NONE',  ( -0.0000000000000000000, -1.000000000000000000, -0.0000000000000000000 ) ) ;
#3040 = ORIENTED_EDGE ( 'NONE', *, *, #76, .F. ) ;
#3041 = ADVANCED_FACE ( 'NONE', ( #1637 ), #66, .F. ) ;
#3042 = LINE ( 'NONE', #3906, #4498 ) ;
#3043 = DIRECTION ( 'NONE',  ( 1.000000000000000000, 3.942553354492771634E-17, -3.480674935616895651E-15 ) ) ;
#3044 = VECTOR ( 'NONE', #630, 1000.000000000000000 ) ;
#3045 = DIRECTION ( 'NONE',  ( 3.481882245688216531E-15, 0.0000000000000000000, 1.000000000000000000 ) ) ;
#3046 = ADVANCED_FACE ( 'NONE', ( #4019 ), #436, .T. ) ;
#3047 = DIRECTION ( 'NONE',  ( 3.942553354492771634E-17, -1.000000000000000000, -1.375941746847399406E-31 ) ) ;
#3048 = ORIENTED_EDGE ( 'NONE', *, *, #2369, .F. ) ;
#3049 = CARTESIAN_POINT ( 'NONE',  ( -8.463633188635746762, 22.42182008681873384, 29.39916709456837651 ) ) ;
#3050 = DIRECTION ( 'NONE',  ( 1.000000000000000000, 3.942553354492771634E-17, -3.480674935616895651E-15 ) ) ;
#3051 = CARTESIAN_POINT ( 'NONE',  ( -6.500000000000000000, -21.50000000000000000, 0.0000000000000000000 ) ) ;
#3052 = DIRECTION ( 'NONE',  ( 0.0000000000000000000, 0.0000000000000000000, 1.000000000000000000 ) ) ;
#3053 = ORIENTED_EDGE ( 'NONE', *, *, #644, .F. ) ;
#3054 = DIRECTION ( 'NONE',  ( -1.000000000000000000, -0.0000000000000000000, 0.0000000000000000000 ) ) ;
#3055 = ORIENTED_EDGE ( 'NONE', *, *, #3832, .F. ) ;
#3056 = CARTESIAN_POINT ( 'NONE',  ( -10.00000000000033928, -24.00000000000004263, 14.91634972440323281 ) ) ;
#3057 = EDGE_CURVE ( 'NONE', #1514, #3379, #4859, .T. ) ;
#3058 = VERTEX_POINT ( 'NONE', #4075 ) ;
#3059 = CARTESIAN_POINT ( 'NONE',  ( 7.500000000000001776, -21.50000000000000000, -1.919818630983757970E-17 ) ) ;
#3060 = ORIENTED_EDGE ( 'NONE', *, *, #2697, .F. ) ;
#3061 = LINE ( 'NONE', #4975, #153 ) ;
#3062 = DIRECTION ( 'NONE',  ( 0.0000000000000000000, 1.000000000000000000, 0.0000000000000000000 ) ) ;
#3063 = EDGE_LOOP ( 'NONE', ( #5129, #588, #3535, #3053 ) ) ;
#3064 = VERTEX_POINT ( 'NONE', #465 ) ;
#3065 = CARTESIAN_POINT ( 'NONE',  ( -7.500000000000001776, -3.000000000000000000, -2.437317571981751809E-14 ) ) ;
#3066 = LINE ( 'NONE', #1477, #2351 ) ;
#3067 = PLANE ( 'NONE',  #2089 ) ;
#3068 = EDGE_CURVE ( 'NONE', #5148, #1072, #96, .T. ) ;
#3069 = AXIS2_PLACEMENT_3D ( 'NONE', #2486, #2910, #4097 ) ;
#3071 = CARTESIAN_POINT ( 'NONE',  ( 24.50000000000009948, -24.00000000000004263, 14.89999999999999147 ) ) ;
#3070 = CIRCLE ( 'NONE', #663, 1.000000000000000888 ) ;
#3072 = LINE ( 'NONE', #2619, #2896 ) ;
#3073 = CARTESIAN_POINT ( 'NONE',  ( 10.00000000000009948, 21.50000000000000000, 29.89999999999998792 ) ) ;
#3074 = CARTESIAN_POINT ( 'NONE',  ( 9.672691772180748160, -21.69638493669300416, 29.89999999999999147 ) ) ;
#3075 = EDGE_CURVE ( 'NONE', #2244, #3749, #3968, .T. ) ;
#3076 = AXIS2_PLACEMENT_3D ( 'NONE', #28, #3956, #2818 ) ;
#3077 = VECTOR ( 'NONE', #4137, 1000.000000000000000 ) ;
#3078 = EDGE_LOOP ( 'NONE', ( #2618, #2214, #3558, #3875 ) ) ;
#3080 = CARTESIAN_POINT ( 'NONE',  ( -9.500000000000003553, 21.50000000000000000, 0.4999999999999917843 ) ) ;
#3079 = VECTOR ( 'NONE', #1461, 1000.000000000000000 ) ;
#3081 = DIRECTION ( 'NONE',  ( -9.599093154917612719E-18, 0.0000000000000000000, 1.000000000000000000 ) ) ;
#3082 = AXIS2_PLACEMENT_3D ( 'NONE', #2516, #572, #3346 ) ;
#3083 = DIRECTION ( 'NONE',  ( 1.000000000000000000, 3.942553354492771634E-17, -3.480674935616895651E-15 ) ) ;
#3084 = ORIENTED_EDGE ( 'NONE', *, *, #4027, .T. ) ;
#3085 = VECTOR ( 'NONE', #1891, 1000.000000000000000 ) ;
#3086 = ORIENTED_EDGE ( 'NONE', *, *, #1802, .F. ) ;
#3087 = CARTESIAN_POINT ( 'NONE',  ( 7.500000000000053291, 21.50000000000000000, 14.90916258126163285 ) ) ;
#3088 = VERTEX_POINT ( 'NONE', #2781 ) ;
#3089 = DIRECTION ( 'NONE',  ( -1.734723475976808672E-15, 1.000000000000000000, 0.0000000000000000000 ) ) ;
#3090 = CARTESIAN_POINT ( 'NONE',  ( -7.500000000000053291, -23.00000000000004263, 14.91634972440324169 ) ) ;
#3091 = ORIENTED_EDGE ( 'NONE', *, *, #2816, .T. ) ;
#3092 = ORIENTED_EDGE ( 'NONE', *, *, #461, .F. ) ;
#3093 = FACE_OUTER_BOUND ( 'NONE', #3565, .T. ) ;
#3094 = DIRECTION ( 'NONE',  ( -0.0000000000000000000, -0.0000000000000000000, 1.000000000000000000 ) ) ;
#3095 = FACE_OUTER_BOUND ( 'NONE', #774, .T. ) ;
#3096 = CARTESIAN_POINT ( 'NONE',  ( 7.500000000000082601, -6.646088718124918767E-15, 23.40000000000000213 ) ) ;
#3097 = CARTESIAN_POINT ( 'NONE',  ( -8.116532976232717189, 22.63008021426036720, 29.05206688216534516 ) ) ;
#3098 = CARTESIAN_POINT ( 'NONE',  ( 9.500000000000017764, -1.128377107513290072E-15, 4.499999999999987566 ) ) ;
#3099 = CARTESIAN_POINT ( 'NONE',  ( -24.50000000000009948, -21.50000000000000000, 27.89999999999999147 ) ) ;
#3100 = ADVANCED_FACE ( 'NONE', ( #1589 ), #4753, .T. ) ;
#3101 = ORIENTED_EDGE ( 'NONE', *, *, #3563, .T. ) ;
#3102 = LINE ( 'NONE', #658, #1346 ) ;
#3103 = CARTESIAN_POINT ( 'NONE',  ( -9.500000000000099476, 22.00000000000000000, 27.89999999999999503 ) ) ;
#3104 = ADVANCED_FACE ( 'NONE', ( #1220 ), #4829, .T. ) ;
#3105 = DIRECTION ( 'NONE',  ( 0.0000000000000000000, 0.0000000000000000000, 1.000000000000000000 ) ) ;
#3106 = AXIS2_PLACEMENT_3D ( 'NONE', #1769, #4651, #5016 ) ;
#3107 = EDGE_CURVE ( 'NONE', #161, #23, #1662, .T. ) ;
#3108 = VERTEX_POINT ( 'NONE', #2057 ) ;
#3109 = LINE ( 'NONE', #4709, #1650 ) ;
#3110 = VERTEX_POINT ( 'NONE', #16 ) ;
#3111 = CARTESIAN_POINT ( 'NONE',  ( 7.500000000000020428, 16.49999999999999645, 5.499999999999996447 ) ) ;
#3112 = CIRCLE ( 'NONE', #4542, 1.000000000000000000 ) ;
#3113 = DIRECTION ( 'NONE',  ( 0.0000000000000000000, 0.0000000000000000000, -1.000000000000000000 ) ) ;
#3114 = ORIENTED_EDGE ( 'NONE', *, *, #4101, .F. ) ;
#3115 = CIRCLE ( 'NONE', #1611, 1.000000000000000888 ) ;
#3116 = LINE ( 'NONE', #676, #1998 ) ;
#3117 = DIRECTION ( 'NONE',  ( 3.469446951953614189E-15, 0.0000000000000000000, 1.000000000000000000 ) ) ;
#3118 = LINE ( 'NONE', #1479, #4425 ) ;
#3119 = CIRCLE ( 'NONE', #5125, 2.500000000000002220 ) ;
#3120 = VECTOR ( 'NONE', #3125, 1000.000000000000000 ) ;
#3121 = EDGE_CURVE ( 'NONE', #1312, #39, #855, .T. ) ;
#3122 = LINE ( 'NONE', #4720, #909 ) ;
#3123 = VECTOR ( 'NONE', #439, 1000.000000000000000 ) ;
#3124 = CARTESIAN_POINT ( 'NONE',  ( -7.500000000000101252, 22.99999999999999645, 27.39999999999999503 ) ) ;
#3125 = DIRECTION ( 'NONE',  ( -2.017120320903336672E-17, -1.000000000000000000, -2.081668171172168513E-16 ) ) ;
#3126 = DIRECTION ( 'NONE',  ( 0.0000000000000000000, 3.491481338843133355E-15, 1.000000000000000000 ) ) ;
#3127 = VECTOR ( 'NONE', #1247, 1000.000000000000000 ) ;
#3128 = VERTEX_POINT ( 'NONE', #2438 ) ;
#3129 = FACE_OUTER_BOUND ( 'NONE', #1851, .T. ) ;
#3130 = CARTESIAN_POINT ( 'NONE',  ( 24.50000000000009948, 21.50000000000000000, 29.89999999999999503 ) ) ;
#3131 = DIRECTION ( 'NONE',  ( 1.000000000000000000, 0.0000000000000000000, 0.0000000000000000000 ) ) ;
#3132 = ADVANCED_FACE ( 'NONE', ( #2031 ), #4777, .F. ) ;
#3133 = EDGE_CURVE ( 'NONE', #2603, #182, #1161, .T. ) ;
#3134 = ORIENTED_EDGE ( 'NONE', *, *, #800, .F. ) ;
#3135 = CARTESIAN_POINT ( 'NONE',  ( -9.500000000000079936, -4.000000000000000888, 22.40000000000005898 ) ) ;
#3136 = ORIENTED_EDGE ( 'NONE', *, *, #4897, .F. ) ;
#3137 = CARTESIAN_POINT ( 'NONE',  ( -7.500000000000102141, 21.50000000000000000, 27.39999999999999503 ) ) ;
#3138 = FACE_OUTER_BOUND ( 'NONE', #1185, .T. ) ;
#3139 = EDGE_CURVE ( 'NONE', #3283, #557, #4048, .T. ) ;
#3140 = ORIENTED_EDGE ( 'NONE', *, *, #3863, .T. ) ;
#3141 = ORIENTED_EDGE ( 'NONE', *, *, #4003, .F. ) ;
#3142 = CARTESIAN_POINT ( 'NONE',  ( -9.500000000000076383, 2.999999999999999112, 22.40000000000005898 ) ) ;
#3143 = CARTESIAN_POINT ( 'NONE',  ( -6.999999999999994671, -21.50000000000000000, -2.000000000000000000 ) ) ;
#3144 = LINE ( 'NONE', #4742, #1997 ) ;
#3145 = ADVANCED_FACE ( 'NONE', ( #884 ), #412, .F. ) ;
#3146 = DIRECTION ( 'NONE',  ( 0.0000000000000000000, 0.0000000000000000000, 1.000000000000000000 ) ) ;
#3147 = CARTESIAN_POINT ( 'NONE',  ( -24.50000000000018119, -4.000000000000001776, 5.500000000000105693 ) ) ;
#3148 = CARTESIAN_POINT ( 'NONE',  ( -9.094437853096300373, -21.50000000000000000, 14.91634972440323637 ) ) ;
#3149 = CARTESIAN_POINT ( 'NONE',  ( 8.463633188635746762, -22.42182008681873384, 29.39916709456837651 ) ) ;
#3150 = VECTOR ( 'NONE', #2304, 1000.000000000000000 ) ;
#3151 = CARTESIAN_POINT ( 'NONE',  ( 24.50000000000009948, -17.98221343439128361, 27.89999999999998792 ) ) ;
#3152 = ORIENTED_EDGE ( 'NONE', *, *, #4580, .F. ) ;
#3153 = CARTESIAN_POINT ( 'NONE',  ( 0.0000000000000000000, 13.99999999999999822, 0.0000000000000000000 ) ) ;
#3154 = DIRECTION ( 'NONE',  ( 1.000000000000000000, 3.942553354492771634E-17, -3.480674935616895651E-15 ) ) ;
#3155 = CARTESIAN_POINT ( 'NONE',  ( -24.50000000000012434, 16.49999999999999645, 22.40000000000011227 ) ) ;
#3156 = AXIS2_PLACEMENT_3D ( 'NONE', #4662, #4639, #2227 ) ;
#3157 = VECTOR ( 'NONE', #4431, 1000.000000000000000 ) ;
#3158 = VERTEX_POINT ( 'NONE', #4805 ) ;
#3159 = PLANE ( 'NONE',  #4583 ) ;
#3160 = ORIENTED_EDGE ( 'NONE', *, *, #2596, .F. ) ;
#3161 = CARTESIAN_POINT ( 'NONE',  ( -10.00000000000009948, -21.50000000000000000, 27.39999999999999503 ) ) ;
#3162 = EDGE_CURVE ( 'NONE', #255, #4854, #42, .T. ) ;
#3163 = EDGE_CURVE ( 'NONE', #3231, #3295, #4525, .T. ) ;
#3164 = AXIS2_PLACEMENT_3D ( 'NONE', #1678, #187, #1782 ) ;
#3165 = EDGE_CURVE ( 'NONE', #948, #4492, #2998, .T. ) ;
#3166 = VECTOR ( 'NONE', #2360, 1000.000000000000000 ) ;
#3167 = ADVANCED_FACE ( 'NONE', ( #523 ), #4940, .F. ) ;
#3168 = VERTEX_POINT ( 'NONE', #1364 ) ;
#3169 = VERTEX_POINT ( 'NONE', #1744 ) ;
#3170 = CARTESIAN_POINT ( 'NONE',  ( 7.500000000000001776, -17.49999999999999645, -2.437317571981751809E-14 ) ) ;
#3171 = LINE ( 'NONE', #4766, #1945 ) ;
#3172 = EDGE_CURVE ( 'NONE', #1703, #3381, #4105, .T. ) ;
#3173 = DIRECTION ( 'NONE',  ( 3.469446951953611033E-15, 0.0000000000000000000, -1.000000000000000000 ) ) ;
#3174 = DIRECTION ( 'NONE',  ( 1.000000000000000000, 0.0000000000000000000, -0.0000000000000000000 ) ) ;
#3175 = EDGE_CURVE ( 'NONE', #3725, #4427, #3737, .T. ) ;
#3176 = EDGE_CURVE ( 'NONE', #4737, #4655, #4755, .T. ) ;
#3177 = FACE_OUTER_BOUND ( 'NONE', #1779, .T. ) ;
#3178 = LINE ( 'NONE', #2751, #949 ) ;
#3179 = CARTESIAN_POINT ( 'NONE',  ( 9.500000000000023093, 4.000000000000000000, 4.499999999999988454 ) ) ;
#3180 = LINE ( 'NONE', #2028, #2365 ) ;
#3181 = ORIENTED_EDGE ( 'NONE', *, *, #1175, .T. ) ;
#3182 = VECTOR ( 'NONE', #3513, 1000.000000000000000 ) ;
#3183 = CARTESIAN_POINT ( 'NONE',  ( 10.00000000000009948, -21.50000000000000000, 27.39999999999999503 ) ) ;
#3184 = DIRECTION ( 'NONE',  ( 1.000000000000000000, 0.0000000000000000000, 0.0000000000000000000 ) ) ;
#3185 = LINE ( 'NONE', #2783, #1701 ) ;
#3186 = VERTEX_POINT ( 'NONE', #2888 ) ;
#3187 = ORIENTED_EDGE ( 'NONE', *, *, #1591, .F. ) ;
#3188 = ADVANCED_FACE ( 'NONE', ( #201 ), #937, .T. ) ;
#3189 = EDGE_CURVE ( 'NONE', #1805, #3169, #2492, .T. ) ;
#3190 = CARTESIAN_POINT ( 'NONE',  ( -10.00000000000009948, -21.50000000000000000, 27.89999999999999147 ) ) ;
#3191 = ORIENTED_EDGE ( 'NONE', *, *, #5046, .T. ) ;
#3192 = CARTESIAN_POINT ( 'NONE',  ( 24.50000000000009948, -24.00000000000009592, 8.157607214468926207E-14 ) ) ;
#3193 = ORIENTED_EDGE ( 'NONE', *, *, #3650, .T. ) ;
#3194 = EDGE_LOOP ( 'NONE', ( #1167, #4858, #1087, #241, #1780 ) ) ;
#3195 = CARTESIAN_POINT ( 'NONE',  ( -24.50000000000018829, 16.49999999999999645, 4.500000000000108358 ) ) ;
#3196 = LINE ( 'NONE', #4792, #1036 ) ;
#3197 = LINE ( 'NONE', #2769, #3425 ) ;
#3198 = AXIS2_PLACEMENT_3D ( 'NONE', #3015, #2185, #4594 ) ;
#3199 = ADVANCED_FACE ( 'NONE', ( #2116 ), #4179, .F. ) ;
#3200 = ADVANCED_FACE ( 'NONE', ( #2167, #3767, #3814 ), #172, .F. ) ;
#3201 = CARTESIAN_POINT ( 'NONE',  ( 24.50000000000009948, 24.00000000000003908, 14.89999999999999147 ) ) ;
#3202 = LINE ( 'NONE', #2379, #230 ) ;
#3203 = CARTESIAN_POINT ( 'NONE',  ( 7.500000000000053291, -21.50000000000000000, 14.91977001746919917 ) ) ;
#3204 = VECTOR ( 'NONE', #3556, 1000.000000000000000 ) ;
#3205 =( NAMED_UNIT ( * ) PLANE_ANGLE_UNIT ( ) SI_UNIT ( $, .RADIAN. ) );
#3206 = ORIENTED_EDGE ( 'NONE', *, *, #5170, .T. ) ;
#3207 = CARTESIAN_POINT ( 'NONE',  ( -10.00000000000009948, 23.99999999999999645, 27.89999999999999858 ) ) ;
#3208 = ORIENTED_EDGE ( 'NONE', *, *, #4434, .F. ) ;
#3209 = DIRECTION ( 'NONE',  ( 1.000000000000000000, 3.942553354492771634E-17, -3.480674935616895651E-15 ) ) ;
#3210 = DIRECTION ( 'NONE',  ( 0.0000000000000000000, 1.000000000000000000, 0.0000000000000000000 ) ) ;
#3211 = CARTESIAN_POINT ( 'NONE',  ( -24.50000000000012434, -17.49999999999999645, 22.40000000000011227 ) ) ;
#3212 = CIRCLE ( 'NONE', #957, 0.5000000000000004441 ) ;
#3213 = ORIENTED_EDGE ( 'NONE', *, *, #4848, .F. ) ;
#3214 = CARTESIAN_POINT ( 'NONE',  ( 10.00000000000008349, 24.00000000000009592, 7.623846144937596967E-14 ) ) ;
#3215 = EDGE_LOOP ( 'NONE', ( #4372, #65, #4804, #1302 ) ) ;
#3216 = DIRECTION ( 'NONE',  ( 2.017120320903361015E-17, 1.000000000000000000, 2.775557561562891351E-16 ) ) ;
#3217 = ORIENTED_EDGE ( 'NONE', *, *, #4823, .F. ) ;
#3218 = ORIENTED_EDGE ( 'NONE', *, *, #4259, .F. ) ;
#3219 = ORIENTED_EDGE ( 'NONE', *, *, #4416, .F. ) ;
#3220 =( BOUNDED_CURVE ( )  B_SPLINE_CURVE ( 3, ( #4952, #4903, #951, #4143 ),
 .UNSPECIFIED., .F., .F. ) 
 B_SPLINE_CURVE_WITH_KNOTS ( ( 4, 4 ),
 ( 4.712388980384680792, 6.283185307179586232 ),
 .UNSPECIFIED. ) 
 CURVE ( )  GEOMETRIC_REPRESENTATION_ITEM ( )  RATIONAL_B_SPLINE_CURVE ( ( 1.000000000000000000, 0.8047378541243628280, 0.8047378541243628280, 1.000000000000000000 ) ) 
 REPRESENTATION_ITEM ( '' )  );
#3221 = DIRECTION ( 'NONE',  ( 1.841475689883071491E-14, -3.469446951953612611E-15, -1.000000000000000000 ) ) ;
#3222 = LINE ( 'NONE', #4478, #622 ) ;
#3223 = DIRECTION ( 'NONE',  ( 0.0000000000000000000, 0.0000000000000000000, -1.000000000000000000 ) ) ;
#3224 = DIRECTION ( 'NONE',  ( 1.000000000000000000, 0.0000000000000000000, -3.480674935616895651E-15 ) ) ;
#3225 = LINE ( 'NONE', #4593, #3662 ) ;
#3226 = LINE ( 'NONE', #4821, #2853 ) ;
#3227 = DIRECTION ( 'NONE',  ( -0.0000000000000000000, -1.000000000000000000, -0.0000000000000000000 ) ) ;
#3228 = EDGE_CURVE ( 'NONE', #1671, #4028, #3391, .T. ) ;
#3229 = ORIENTED_EDGE ( 'NONE', *, *, #1183, .T. ) ;
#3230 = DIRECTION ( 'NONE',  ( -0.0000000000000000000, -0.0000000000000000000, 1.000000000000000000 ) ) ;
#3231 = VERTEX_POINT ( 'NONE', #627 ) ;
#3232 = DIRECTION ( 'NONE',  ( -1.000000000000000000, 0.0000000000000000000, 0.0000000000000000000 ) ) ;
#3233 = DIRECTION ( 'NONE',  ( -1.000000000000000000, -0.0000000000000000000, -0.0000000000000000000 ) ) ;
#3234 = CARTESIAN_POINT ( 'NONE',  ( 24.50000000000009948, 21.50000000000000000, 27.89999999999999503 ) ) ;
#3235 = ORIENTED_EDGE ( 'NONE', *, *, #1612, .T. ) ;
#3237 = DIRECTION ( 'NONE',  ( 9.599093154917612719E-18, 0.0000000000000000000, 1.000000000000000000 ) ) ;
#3236 = AXIS2_PLACEMENT_3D ( 'NONE', #192, #115, #3705 ) ;
#3238 = ORIENTED_EDGE ( 'NONE', *, *, #2582, .T. ) ;
#3239 = VECTOR ( 'NONE', #1426, 1000.000000000000000 ) ;
#3240 = ADVANCED_FACE ( 'NONE', ( #221 ), #3287, .F. ) ;
#3241 = ADVANCED_FACE ( 'NONE', ( #4494 ), #1720, .T. ) ;
#3242 = AXIS2_PLACEMENT_3D ( 'NONE', #1884, #4586, #3802 ) ;
#3243 = VERTEX_POINT ( 'NONE', #1339 ) ;
#3244 = ORIENTED_EDGE ( 'NONE', *, *, #3133, .F. ) ;
#3245 = ORIENTED_EDGE ( 'NONE', *, *, #3005, .F. ) ;
#3246 = DIRECTION ( 'NONE',  ( -0.0000000000000000000, -0.0000000000000000000, 1.000000000000000000 ) ) ;
#3247 = EDGE_CURVE ( 'NONE', #2629, #2513, #3759, .T. ) ;
#3248 = AXIS2_PLACEMENT_3D ( 'NONE', #2971, #4551, #1413 ) ;
#3249 = DIRECTION ( 'NONE',  ( -2.017120320903264257E-17, -1.000000000000000000, 7.086084141991153773E-32 ) ) ;
#3250 = AXIS2_PLACEMENT_3D ( 'NONE', #1900, #5066, #278 ) ;
#3251 = CARTESIAN_POINT ( 'NONE',  ( 10.00000000000009770, 24.00000000000000000, 27.40000000000001279 ) ) ;
#3252 = LINE ( 'NONE', #513, #3546 ) ;
#3253 = CARTESIAN_POINT ( 'NONE',  ( -37.00000000000000000, 0.0000000000000000000, 29.89999999999998792 ) ) ;
#3254 = EDGE_CURVE ( 'NONE', #1225, #2389, #5085, .T. ) ;
#3255 = CYLINDRICAL_SURFACE ( 'NONE', #3911, 1.000000000000000000 ) ;
#3256 = CARTESIAN_POINT ( 'NONE',  ( -3.000000000000006217, 13.00000000000000178, 0.0000000000000000000 ) ) ;
#3257 = CARTESIAN_POINT ( 'NONE',  ( -10.00000000000009948, -21.50000000000000000, 29.89999999999998792 ) ) ;
#3258 = EDGE_CURVE ( 'NONE', #4947, #548, #1245, .T. ) ;
#3259 = EDGE_CURVE ( 'NONE', #5148, #2244, #3020, .T. ) ;
#3260 = ORIENTED_EDGE ( 'NONE', *, *, #101, .F. ) ;
#3261 = CARTESIAN_POINT ( 'NONE',  ( 9.500000000000049738, -17.49999999999999645, 5.499999999999985789 ) ) ;
#3262 = ORIENTED_EDGE ( 'NONE', *, *, #4700, .F. ) ;
#3263 = DIRECTION ( 'NONE',  ( 0.0000000000000000000, 0.0000000000000000000, -1.000000000000000000 ) ) ;
#3264 = FACE_OUTER_BOUND ( 'NONE', #1445, .T. ) ;
#3265 = CARTESIAN_POINT ( 'NONE',  ( 24.50000000000009948, 22.00000000000003908, 14.89999999999998437 ) ) ;
#3266 = LINE ( 'NONE', #4833, #2529 ) ;
#3267 = ADVANCED_FACE ( 'NONE', ( #3524 ), #328, .F. ) ;
#3268 = ORIENTED_EDGE ( 'NONE', *, *, #1423, .T. ) ;
#3269 = CARTESIAN_POINT ( 'NONE',  ( 6.499999999999998224, -25.50000000000003553, -11.99999999999982947 ) ) ;
#3270 = ORIENTED_EDGE ( 'NONE', *, *, #4339, .T. ) ;
#3271 = ORIENTED_EDGE ( 'NONE', *, *, #86, .F. ) ;
#3272 = VERTEX_POINT ( 'NONE', #5062 ) ;
#3273 = EDGE_LOOP ( 'NONE', ( #3694, #4925, #2463, #3989 ) ) ;
#3274 = CARTESIAN_POINT ( 'NONE',  ( 7.500000000000097700, 23.99999999999999645, 27.39999999999999503 ) ) ;
#3275 = DIRECTION ( 'NONE',  ( -3.469446951953617344E-15, 0.0000000000000000000, -1.000000000000000000 ) ) ;
#3276 = CARTESIAN_POINT ( 'NONE',  ( -24.50000000000009948, -17.98221343439128361, 29.89999999999998792 ) ) ;
#3277 = DIRECTION ( 'NONE',  ( 0.0000000000000000000, 0.0000000000000000000, 1.000000000000000000 ) ) ;
#3278 = CARTESIAN_POINT ( 'NONE',  ( 2.000000000000008438, -13.00000000000000000, 0.0000000000000000000 ) ) ;
#3279 = DIRECTION ( 'NONE',  ( -3.481882245688216531E-15, -3.469446951953614189E-15, 1.000000000000000000 ) ) ;
#3280 = LINE ( 'NONE', #904, #3537 ) ;
#3281 = CARTESIAN_POINT ( 'NONE',  ( -7.500000000000076383, 16.49999999999999645, 22.40000000000005187 ) ) ;
#3282 = CIRCLE ( 'NONE', #5117, 2.100000000000001865 ) ;
#3283 = VERTEX_POINT ( 'NONE', #1093 ) ;
#3284 = DIRECTION ( 'NONE',  ( 0.0000000000000000000, 3.469446951953612611E-15, -1.000000000000000000 ) ) ;
#3285 = ORIENTED_EDGE ( 'NONE', *, *, #4999, .T. ) ;
#3286 = AXIS2_PLACEMENT_3D ( 'NONE', #1953, #736, #4778 ) ;
#3287 = CYLINDRICAL_SURFACE ( 'NONE', #3998, 0.5000000000000004441 ) ;
#3288 = DIRECTION ( 'NONE',  ( 1.000000000000000000, 0.0000000000000000000, -3.469446951953611033E-15 ) ) ;
#3289 = DIRECTION ( 'NONE',  ( 0.0000000000000000000, -3.469446951953613400E-15, -1.000000000000000000 ) ) ;
#3290 = CARTESIAN_POINT ( 'NONE',  ( -7.500000000000096811, 21.50000000000000000, 27.39999999999999503 ) ) ;
#3291 = EDGE_LOOP ( 'NONE', ( #1645, #813, #4045, #861 ) ) ;
#3292 = ADVANCED_FACE ( 'NONE', ( #4275 ), #5088, .T. ) ;
#3293 = ORIENTED_EDGE ( 'NONE', *, *, #4234, .T. ) ;
#3294 = DIRECTION ( 'NONE',  ( 1.000000000000000000, -0.0000000000000000000, -0.0000000000000000000 ) ) ;
#3295 = VERTEX_POINT ( 'NONE', #1481 ) ;
#3296 = CIRCLE ( 'NONE', #2040, 2.500000000000002220 ) ;
#3297 = EDGE_LOOP ( 'NONE', ( #132, #1501, #5037, #4584 ) ) ;
#3298 = EDGE_LOOP ( 'NONE', ( #3564, #4504, #792 ) ) ;
#3299 = ORIENTED_EDGE ( 'NONE', *, *, #2211, .T. ) ;
#3300 = CARTESIAN_POINT ( 'NONE',  ( 7.500000000225873542, 23.99999999977409715, 27.62932646513422341 ) ) ;
#3301 = EDGE_CURVE ( 'NONE', #4306, #447, #3072, .T. ) ;
#3302 = LINE ( 'NONE', #4193, #2173 ) ;
#3303 = CARTESIAN_POINT ( 'NONE',  ( -7.500000000000096811, 23.00000000000000000, 27.39999999999999503 ) ) ;
#3304 = PLANE ( 'NONE',  #492 ) ;
#3305 = CARTESIAN_POINT ( 'NONE',  ( -9.500000000000053291, 21.50000000000000000, 14.92922943124998980 ) ) ;
#3306 = FACE_BOUND ( 'NONE', #3428, .T. ) ;
#3307 = ORIENTED_EDGE ( 'NONE', *, *, #2596, .T. ) ;
#3308 = EDGE_CURVE ( 'NONE', #2410, #4621, #2986, .T. ) ;
#3309 = DIRECTION ( 'NONE',  ( 3.481882245688215743E-15, 0.0000000000000000000, -1.000000000000000000 ) ) ;
#3310 = ADVANCED_FACE ( 'NONE', ( #730 ), #1850, .T. ) ;
#3311 = EDGE_CURVE ( 'NONE', #218, #4099, #3202, .T. ) ;
#3312 = ADVANCED_FACE ( 'NONE', ( #3571 ), #3652, .T. ) ;
#3313 = ORIENTED_EDGE ( 'NONE', *, *, #1286, .F. ) ;
#3314 = EDGE_LOOP ( 'NONE', ( #3819, #3899, #997, #73 ) ) ;
#3315 = CARTESIAN_POINT ( 'NONE',  ( -10.00000000000005329, 22.00000000000004263, 14.92922943124998802 ) ) ;
#3316 = ORIENTED_EDGE ( 'NONE', *, *, #2112, .T. ) ;
#3317 = DIRECTION ( 'NONE',  ( -0.0000000000000000000, 1.000000000000000000, 0.0000000000000000000 ) ) ;
#3318 = LINE ( 'NONE', #4887, #2847 ) ;
#3319 = CARTESIAN_POINT ( 'NONE',  ( 7.830421007586763515, -22.80174739544800033, 28.65287669307828722 ) ) ;
#3320 = CARTESIAN_POINT ( 'NONE',  ( 6.499999999999997335, 23.00000000000000000, -2.000000000000000000 ) ) ;
#3321 = EDGE_CURVE ( 'NONE', #366, #3855, #847, .T. ) ;
#3322 = ORIENTED_EDGE ( 'NONE', *, *, #686, .F. ) ;
#3323 = CARTESIAN_POINT ( 'NONE',  ( -8.547975025604555910, -23.92004162399258149, 28.04820640982121915 ) ) ;
#3324 = ORIENTED_EDGE ( 'NONE', *, *, #1056, .T. ) ;
#3325 = VECTOR ( 'NONE', #3545, 1000.000000000000000 ) ;
#3326 = AXIS2_PLACEMENT_3D ( 'NONE', #757, #1437, #2645 ) ;
#3327 = VECTOR ( 'NONE', #339, 1000.000000000000000 ) ;
#3328 = EDGE_LOOP ( 'NONE', ( #3683, #3025, #4088, #1024 ) ) ;
#3329 = ORIENTED_EDGE ( 'NONE', *, *, #595, .T. ) ;
#3330 = EDGE_LOOP ( 'NONE', ( #332, #4184, #214, #4136 ) ) ;
#3331 = CARTESIAN_POINT ( 'NONE',  ( 7.714474775435715692, 23.78552522456447349, 28.46889891408267914 ) ) ;
#3332 = DIRECTION ( 'NONE',  ( -1.000000000000000000, -0.0000000000000000000, -0.0000000000000000000 ) ) ;
#3333 = CIRCLE ( 'NONE', #318, 0.5000000000000038858 ) ;
#3334 = ADVANCED_FACE ( 'NONE', ( #802 ), #3255, .F. ) ;
#3335 = VECTOR ( 'NONE', #989, 1000.000000000000000 ) ;
#3336 = DIRECTION ( 'NONE',  ( 0.0000000000000000000, 1.000000000000000000, -3.469446951953612611E-15 ) ) ;
#3337 = AXIS2_PLACEMENT_3D ( 'NONE', #1131, #2708, #341 ) ;
#3339 = CARTESIAN_POINT ( 'NONE',  ( 6.499999999999998224, -23.00000000000000000, -2.500000000000000444 ) ) ;
#3338 = AXIS2_PLACEMENT_3D ( 'NONE', #1411, #2191, #123 ) ;
#3340 = DIRECTION ( 'NONE',  ( 0.0000000000000000000, 0.0000000000000000000, -1.000000000000000000 ) ) ;
#3341 = CARTESIAN_POINT ( 'NONE',  ( -6.499999999999997335, -23.50000000000003553, -11.99999999999983658 ) ) ;
#3342 = DIRECTION ( 'NONE',  ( -1.000000000000000000, 0.0000000000000000000, 0.0000000000000000000 ) ) ;
#3343 = AXIS2_PLACEMENT_3D ( 'NONE', #546, #2141, #1455 ) ;
#3344 = FACE_OUTER_BOUND ( 'NONE', #3736, .T. ) ;
#3345 = VERTEX_POINT ( 'NONE', #57 ) ;
#3346 = DIRECTION ( 'NONE',  ( -3.469446951953611033E-15, 0.0000000000000000000, -1.000000000000000000 ) ) ;
#3347 = CARTESIAN_POINT ( 'NONE',  ( 10.00000000000009948, 24.00000000000000000, 27.40000000000001279 ) ) ;
#3348 = CARTESIAN_POINT ( 'NONE',  ( -6.999999999999993783, 21.50000000000000000, -2.000000000000000000 ) ) ;
#3349 = DIRECTION ( 'NONE',  ( -1.000000000000000000, -0.0000000000000000000, -0.0000000000000000000 ) ) ;
#3350 = ORIENTED_EDGE ( 'NONE', *, *, #349, .F. ) ;
#3351 = CARTESIAN_POINT ( 'NONE',  ( -10.00000000000009948, -21.49999999999999289, 29.89999999999999147 ) ) ;
#3352 = ORIENTED_EDGE ( 'NONE', *, *, #1108, .T. ) ;
#3353 = EDGE_CURVE ( 'NONE', #3158, #3976, #1712, .T. ) ;
#3354 = VERTEX_POINT ( 'NONE', #4852 ) ;
#3355 = ORIENTED_EDGE ( 'NONE', *, *, #2481, .F. ) ;
#3356 = ORIENTED_EDGE ( 'NONE', *, *, #180, .F. ) ;
#3357 = CARTESIAN_POINT ( 'NONE',  ( 8.012230930900798853, 22.69266144145962727, 28.92497447201984428 ) ) ;
#3358 = DIRECTION ( 'NONE',  ( -0.0000000000000000000, -0.0000000000000000000, 1.000000000000000000 ) ) ;
#3359 = DIRECTION ( 'NONE',  ( 3.469446951953611033E-15, 0.0000000000000000000, 1.000000000000000000 ) ) ;
#3360 = ORIENTED_EDGE ( 'NONE', *, *, #1933, .T. ) ;
#3361 = DIRECTION ( 'NONE',  ( 0.0000000000000000000, -1.000000000000000000, 0.0000000000000000000 ) ) ;
#3362 = CARTESIAN_POINT ( 'NONE',  ( -24.50000000000012434, -3.000000000000000888, 22.40000000000011227 ) ) ;
#3363 = CARTESIAN_POINT ( 'NONE',  ( 2.000000000000002220, 13.00000000000000000, -12.00000000000000000 ) ) ;
#3364 = ADVANCED_FACE ( 'NONE', ( #2457 ), #1943, .F. ) ;
#3365 = CIRCLE ( 'NONE', #3106, 2.500000000000002220 ) ;
#3366 = DIRECTION ( 'NONE',  ( -1.000000000000000000, -0.0000000000000000000, -0.0000000000000000000 ) ) ;
#3367 = ORIENTED_EDGE ( 'NONE', *, *, #1707, .T. ) ;
#3368 = DIRECTION ( 'NONE',  ( 1.000000000000000000, -0.0000000000000000000, -0.0000000000000000000 ) ) ;
#3369 = CARTESIAN_POINT ( 'NONE',  ( -9.500000000000021316, -4.000000000000000888, 5.500000000000053291 ) ) ;
#3370 = AXIS2_PLACEMENT_3D ( 'NONE', #1454, #776, #1966 ) ;
#3371 = CARTESIAN_POINT ( 'NONE',  ( 6.499999999999998224, -25.50000000000003553, -11.99999999999982947 ) ) ;
#3372 = CARTESIAN_POINT ( 'NONE',  ( -7.500000000000016875, 17.49999999999999645, 5.500000000000047962 ) ) ;
#3373 = EDGE_CURVE ( 'NONE', #3840, #5093, #1236, .T. ) ;
#3374 = ORIENTED_EDGE ( 'NONE', *, *, #4234, .F. ) ;
#3375 = FACE_BOUND ( 'NONE', #2515, .T. ) ;
#3376 = ORIENTED_EDGE ( 'NONE', *, *, #3638, .F. ) ;
#3377 = CARTESIAN_POINT ( 'NONE',  ( -7.500000000000096811, -21.50000000000000000, 27.39999999999999503 ) ) ;
#3378 = VECTOR ( 'NONE', #304, 1000.000000000000000 ) ;
#3379 = VERTEX_POINT ( 'NONE', #3547 ) ;
#3380 = AXIS2_PLACEMENT_3D ( 'NONE', #2571, #1819, #5018 ) ;
#3381 = VERTEX_POINT ( 'NONE', #2826 ) ;
#3382 = ORIENTED_EDGE ( 'NONE', *, *, #3373, .F. ) ;
#3383 = FACE_OUTER_BOUND ( 'NONE', #469, .T. ) ;
#3384 = CARTESIAN_POINT ( 'NONE',  ( 9.500000000000015987, -4.000000000000000000, 4.499999999999987566 ) ) ;
#3385 = ORIENTED_EDGE ( 'NONE', *, *, #4507, .F. ) ;
#3386 = DIRECTION ( 'NONE',  ( 0.0000000000000000000, 1.000000000000000000, -3.469446951953613006E-15 ) ) ;
#3387 = FACE_OUTER_BOUND ( 'NONE', #4899, .T. ) ;
#3388 = CARTESIAN_POINT ( 'NONE',  ( -7.500000000000020428, 3.999999999999999112, 5.500000000000047962 ) ) ;
#3389 = FACE_OUTER_BOUND ( 'NONE', #4694, .T. ) ;
#3390 = EDGE_LOOP ( 'NONE', ( #3402, #2475, #2530, #4715 ) ) ;
#3391 = LINE ( 'NONE', #4598, #407 ) ;
#3392 = CYLINDRICAL_SURFACE ( 'NONE', #4868, 2.500000000000002220 ) ;
#3393 = FACE_OUTER_BOUND ( 'NONE', #3795, .T. ) ;
#3394 = DIRECTION ( 'NONE',  ( 3.481882245688216531E-15, 3.469446951953613400E-15, 1.000000000000000000 ) ) ;
#3395 = ADVANCED_FACE ( 'NONE', ( #2750 ), #1555, .F. ) ;
#3396 = ORIENTED_EDGE ( 'NONE', *, *, #765, .F. ) ;
#3397 = CARTESIAN_POINT ( 'NONE',  ( -8.344397841661324478, -23.15560215833887980, 29.31147321350109536 ) ) ;
#3398 = ORIENTED_EDGE ( 'NONE', *, *, #4863, .T. ) ;
#3399 = ADVANCED_FACE ( 'NONE', ( #3177 ), #1241, .T. ) ;
#3400 = CARTESIAN_POINT ( 'NONE',  ( -2.100000000000001865, 17.50000000000000000, -12.00000000000000000 ) ) ;
#3401 = VERTEX_POINT ( 'NONE', #1629 ) ;
#3402 = ORIENTED_EDGE ( 'NONE', *, *, #501, .F. ) ;
#3403 = FACE_OUTER_BOUND ( 'NONE', #2166, .T. ) ;
#3404 = PLANE ( 'NONE',  #1924 ) ;
#3405 = AXIS2_PLACEMENT_3D ( 'NONE', #2207, #3465, #3014 ) ;
#3406 = AXIS2_PLACEMENT_3D ( 'NONE', #4325, #429, #2404 ) ;
#3407 = ORIENTED_EDGE ( 'NONE', *, *, #1876, .F. ) ;
#3408 = EDGE_CURVE ( 'NONE', #2255, #1402, #10, .T. ) ;
#3409 = CARTESIAN_POINT ( 'NONE',  ( 7.500000000000003553, 21.50000000000000000, 0.4999999999999987232 ) ) ;
#3410 = LINE ( 'NONE', #1034, #4034 ) ;
#3411 = AXIS2_PLACEMENT_3D ( 'NONE', #929, #1832, #114 ) ;
#3412 = FACE_OUTER_BOUND ( 'NONE', #579, .T. ) ;
#3413 = VECTOR ( 'NONE', #2512, 1000.000000000000000 ) ;
#3414 = VECTOR ( 'NONE', #4894, 1000.000000000000000 ) ;
#3415 = ADVANCED_FACE ( 'NONE', ( #4403 ), #826, .F. ) ;
#3416 = CYLINDRICAL_SURFACE ( 'NONE', #569, 1.000000000000000888 ) ;
#3417 = ORIENTED_EDGE ( 'NONE', *, *, #4628, .T. ) ;
#3418 = CARTESIAN_POINT ( 'NONE',  ( -7.830421007586763515, 22.80174739544800033, 28.65287669307828722 ) ) ;
#3419 = CARTESIAN_POINT ( 'NONE',  ( 9.500000000000003553, -21.50000000000000000, 0.4999999999999917843 ) ) ;
#3420 = DIRECTION ( 'NONE',  ( -0.0000000000000000000, -1.000000000000000000, -0.0000000000000000000 ) ) ;
#3421 = LINE ( 'NONE', #3817, #2533 ) ;
#3422 = CIRCLE ( 'NONE', #3337, 21.89999999999999503 ) ;
#3423 = VECTOR ( 'NONE', #687, 1000.000000000000000 ) ;
#3424 = EDGE_CURVE ( 'NONE', #4263, #255, #2023, .T. ) ;
#3425 = VECTOR ( 'NONE', #2377, 1000.000000000000000 ) ;
#3426 = VERTEX_POINT ( 'NONE', #4040 ) ;
#3427 = CARTESIAN_POINT ( 'NONE',  ( -7.500000000000001776, -17.49999999999999645, -2.437317571981752124E-14 ) ) ;
#3428 = EDGE_LOOP ( 'NONE', ( #333, #4950 ) ) ;
#3429 = CYLINDRICAL_SURFACE ( 'NONE', #4707, 1.000000000000000000 ) ;
#3430 = EDGE_CURVE ( 'NONE', #447, #2760, #3225, .T. ) ;
#3431 = ORIENTED_EDGE ( 'NONE', *, *, #1969, .T. ) ;
#3432 = PLANE ( 'NONE',  #1574 ) ;
#3433 = ORIENTED_EDGE ( 'NONE', *, *, #1452, .F. ) ;
#3434 = DIRECTION ( 'NONE',  ( -1.000000000000000000, 0.0000000000000000000, 0.0000000000000000000 ) ) ;
#3435 = LINE ( 'NONE', #1449, #2414 ) ;
#3436 = EDGE_CURVE ( 'NONE', #517, #2842, #4323, .T. ) ;
#3437 = ORIENTED_EDGE ( 'NONE', *, *, #1282, .T. ) ;
#3438 = AXIS2_PLACEMENT_3D ( 'NONE', #4640, #3483, #2660 ) ;
#3439 = LINE ( 'NONE', #645, #4744 ) ;
#3440 = CARTESIAN_POINT ( 'NONE',  ( -10.00000000000009948, 21.50000000000000000, 27.39999999999999503 ) ) ;
#3441 = DIRECTION ( 'NONE',  ( -0.0000000000000000000, -3.469446951953614189E-15, 1.000000000000000000 ) ) ;
#3442 = EDGE_LOOP ( 'NONE', ( #422, #3307, #2315, #277 ) ) ;
#3443 = CARTESIAN_POINT ( 'NONE',  ( -9.500000000000017764, 17.49999999999999645, 5.500000000000055067 ) ) ;
#3444 = ORIENTED_EDGE ( 'NONE', *, *, #3175, .T. ) ;
#3445 = CARTESIAN_POINT ( 'NONE',  ( -8.226599280126270841, 23.27340071987373094, 29.20515419966094939 ) ) ;
#3446 = LINE ( 'NONE', #3148, #105 ) ;
#3447 = CARTESIAN_POINT ( 'NONE',  ( 24.50000000000009948, 21.50000000000000000, 29.89999999999998792 ) ) ;
#3448 = LINE ( 'NONE', #4653, #3044 ) ;
#3449 = ORIENTED_EDGE ( 'NONE', *, *, #4174, .T. ) ;
#3450 = CIRCLE ( 'NONE', #270, 2.500000000000000444 ) ;
#3451 = DIRECTION ( 'NONE',  ( 1.000000000000000000, 2.017120320903264257E-17, 3.481882245688215743E-15 ) ) ;
#3452 = ORIENTED_EDGE ( 'NONE', *, *, #4999, .F. ) ;
#3453 = LINE ( 'NONE', #3400, #706 ) ;
#3454 = AXIS2_PLACEMENT_3D ( 'NONE', #3957, #268, #3117 ) ;
#3455 = EDGE_LOOP ( 'NONE', ( #4571, #3091, #21, #4140 ) ) ;
#3456 = DIRECTION ( 'NONE',  ( -3.469446951953611033E-15, 0.0000000000000000000, -1.000000000000000000 ) ) ;
#3457 = EDGE_LOOP ( 'NONE', ( #2764, #3515, #4813 ) ) ;
#3458 = VECTOR ( 'NONE', #1370, 1000.000000000000000 ) ;
#3459 = CARTESIAN_POINT ( 'NONE',  ( 9.607378166211711701, 22.15436972298097373, 29.83493168666593220 ) ) ;
#3460 = EDGE_CURVE ( 'NONE', #2143, #506, #4122, .T. ) ;
#3461 = FACE_OUTER_BOUND ( 'NONE', #3901, .T. ) ;
#3462 = VERTEX_POINT ( 'NONE', #1379 ) ;
#3463 = EDGE_LOOP ( 'NONE', ( #3396, #1386, #3452, #2741 ) ) ;
#3464 = EDGE_CURVE ( 'NONE', #5031, #2198, #1004, .T. ) ;
#3465 = DIRECTION ( 'NONE',  ( -1.000000000000000000, 2.017120320903264257E-17, 3.481882245688215743E-15 ) ) ;
#3466 = DIRECTION ( 'NONE',  ( 1.000000000000000000, 6.938893903907150280E-15, 0.0000000000000000000 ) ) ;
#3467 = AXIS2_PLACEMENT_3D ( 'NONE', #2520, #4497, #2948 ) ;
#3468 = CARTESIAN_POINT ( 'NONE',  ( -2.000000000000002220, -13.99999999999999822, 0.0000000000000000000 ) ) ;
#3469 = AXIS2_PLACEMENT_3D ( 'NONE', #2942, #1385, #2541 ) ;
#3470 = DIRECTION ( 'NONE',  ( 2.017120320903361015E-17, 1.000000000000000000, 2.775557561562891351E-16 ) ) ;
#3471 = ADVANCED_FACE ( 'NONE', ( #2510 ), #4957, .F. ) ;
#3472 = CARTESIAN_POINT ( 'NONE',  ( -9.500000000000001776, -21.50000000000000000, -6.982962677686269866E-15 ) ) ;
#3473 = CARTESIAN_POINT ( 'NONE',  ( 7.500000000000053291, 21.50000000000000000, 14.90916258126162575 ) ) ;
#3474 = CARTESIAN_POINT ( 'NONE',  ( 9.738211819402296854, -21.76178818060164843, 29.89999999999132640 ) ) ;
#3475 = EDGE_LOOP ( 'NONE', ( #2079, #2358, #206, #249 ) ) ;
#3476 = DIRECTION ( 'NONE',  ( 0.0000000000000000000, 1.000000000000000000, 2.775557561562888984E-15 ) ) ;
#3477 = CARTESIAN_POINT ( 'NONE',  ( 7.500000000000004441, 21.50000000000000000, 0.4999999999999987232 ) ) ;
#3478 = DIRECTION ( 'NONE',  ( -3.481882245688215743E-15, 0.0000000000000000000, -1.000000000000000000 ) ) ;
#3479 = EDGE_LOOP ( 'NONE', ( #4343, #4501, #2681, #709 ) ) ;
#3480 = DIRECTION ( 'NONE',  ( 3.481882245688215743E-15, 0.0000000000000000000, -1.000000000000000000 ) ) ;
#3481 = ORIENTED_EDGE ( 'NONE', *, *, #4346, .F. ) ;
#3482 = CARTESIAN_POINT ( 'NONE',  ( 9.803615063309807809, 21.82730822782123781, 29.89999999999999147 ) ) ;
#3483 = DIRECTION ( 'NONE',  ( -1.000000000000000000, 2.017120320903264257E-17, 3.481882245688215743E-15 ) ) ;
#3484 = EDGE_CURVE ( 'NONE', #4191, #3967, #1649, .T. ) ;
#3485 = ORIENTED_EDGE ( 'NONE', *, *, #3259, .T. ) ;
#3486 = ORIENTED_EDGE ( 'NONE', *, *, #840, .F. ) ;
#3487 = CARTESIAN_POINT ( 'NONE',  ( 9.500000000000001776, -17.49999999999999645, -3.135613839750379111E-14 ) ) ;
#3488 = DIRECTION ( 'NONE',  ( 3.481882245688216531E-15, 3.469446951953613400E-15, -1.000000000000000000 ) ) ;
#3489 = ADVANCED_FACE ( 'NONE', ( #1788 ), #2985, .T. ) ;
#3490 = CARTESIAN_POINT ( 'NONE',  ( -10.00000000000009237, 22.00000000000003908, 14.92922943124996138 ) ) ;
#3491 = EDGE_CURVE ( 'NONE', #4001, #3776, #1713, .T. ) ;
#3492 = VECTOR ( 'NONE', #3595, 1000.000000000000000 ) ;
#3494 = DIRECTION ( 'NONE',  ( -3.469446951953611033E-15, 0.0000000000000000000, -1.000000000000000000 ) ) ;
#3493 = AXIS2_PLACEMENT_3D ( 'NONE', #5135, #2049, #3224 ) ;
#3495 = CARTESIAN_POINT ( 'NONE',  ( -8.003107827632518934, 23.49689217236768002, 28.95388842466242707 ) ) ;
#3496 = DIRECTION ( 'NONE',  ( 0.0000000000000000000, 3.469446951953613006E-15, 1.000000000000000000 ) ) ;
#3497 = CARTESIAN_POINT ( 'NONE',  ( 8.740952561155820533, -22.25542846330665370, 29.58446597589056637 ) ) ;
#3498 = AXIS2_PLACEMENT_3D ( 'NONE', #3161, #4344, #1690 ) ;
#3499 = EDGE_CURVE ( 'NONE', #4060, #1700, #2559, .T. ) ;
#3500 = ORIENTED_EDGE ( 'NONE', *, *, #4736, .F. ) ;
#3501 = EDGE_CURVE ( 'NONE', #1514, #2603, #1761, .T. ) ;
#3502 = EDGE_LOOP ( 'NONE', ( #3449, #5139, #5043, #3008, #257, #2872, #2851 ) ) ;
#3504 = CARTESIAN_POINT ( 'NONE',  ( -10.00000000000009948, 22.00000000000000000, 27.89999999999999147 ) ) ;
#3503 = VECTOR ( 'NONE', #169, 1000.000000000000000 ) ;
#3505 = CARTESIAN_POINT ( 'NONE',  ( 6.499999999999998224, -25.50000000000000355, -1.999999999999993117 ) ) ;
#3506 = VECTOR ( 'NONE', #3848, 1000.000000000000000 ) ;
#3507 = CARTESIAN_POINT ( 'NONE',  ( -9.500000000000001776, 21.50000000000000000, -3.133694021119395273E-14 ) ) ;
#3508 = CIRCLE ( 'NONE', #999, 1.000000000000000888 ) ;
#3509 = VERTEX_POINT ( 'NONE', #87 ) ;
#3510 = CARTESIAN_POINT ( 'NONE',  ( -9.500000000000099476, 21.50000000000000000, 27.89999999999999147 ) ) ;
#3511 = VERTEX_POINT ( 'NONE', #954 ) ;
#3512 = LINE ( 'NONE', #3265, #1573 ) ;
#3513 = DIRECTION ( 'NONE',  ( -0.0000000000000000000, 3.469446951953670987E-15, 1.000000000000000000 ) ) ;
#3514 = ADVANCED_FACE ( 'NONE', ( #1300 ), #1404, .T. ) ;
#3515 = ORIENTED_EDGE ( 'NONE', *, *, #287, .T. ) ;
#3516 = CARTESIAN_POINT ( 'NONE',  ( 10.00000000000061284, -24.00000000000009592, 2.657236411330076761E-13 ) ) ;
#3517 = CARTESIAN_POINT ( 'NONE',  ( 10.00000000000009948, -21.50000000000000000, 27.39999999999999503 ) ) ;
#3518 = CARTESIAN_POINT ( 'NONE',  ( 6.500000000000000000, 23.50000000000000000, -2.000000000000000000 ) ) ;
#3519 = ADVANCED_FACE ( 'NONE', ( #598 ), #138, .T. ) ;
#3520 = VECTOR ( 'NONE', #3062, 1000.000000000000000 ) ;
#3521 = EDGE_CURVE ( 'NONE', #1318, #2603, #1328, .T. ) ;
#3522 = VERTEX_POINT ( 'NONE', #1736 ) ;
#3523 = DIRECTION ( 'NONE',  ( -0.0000000000000000000, 1.000000000000000000, 3.391901413832837590E-15 ) ) ;
#3524 = FACE_OUTER_BOUND ( 'NONE', #1427, .T. ) ;
#3525 = DIRECTION ( 'NONE',  ( 1.000000000000000000, 0.0000000000000000000, 0.0000000000000000000 ) ) ;
#3526 = CARTESIAN_POINT ( 'NONE',  ( 9.078179913181571692, -23.03636681136456232, 29.39916709456817046 ) ) ;
#3527 = ADVANCED_FACE ( 'NONE', ( #1357 ), #1681, .F. ) ;
#3528 = ORIENTED_EDGE ( 'NONE', *, *, #421, .F. ) ;
#3529 = ADVANCED_FACE ( 'NONE', ( #2937 ), #515, .T. ) ;
#3530 = CYLINDRICAL_SURFACE ( 'NONE', #3250, 21.89999999999999503 ) ;
#3531 = DIRECTION ( 'NONE',  ( -1.000000000000000000, -3.942553354492771634E-17, 0.0000000000000000000 ) ) ;
#3532 = CARTESIAN_POINT ( 'NONE',  ( 24.50000000000009948, -21.50000000000000000, 27.39999999999999503 ) ) ;
#3533 = EDGE_LOOP ( 'NONE', ( #3136, #634, #3593 ) ) ;
#3534 = CYLINDRICAL_SURFACE ( 'NONE', #2313, 2.100000000000001865 ) ;
#3535 = ORIENTED_EDGE ( 'NONE', *, *, #4174, .F. ) ;
#3536 = CARTESIAN_POINT ( 'NONE',  ( 3.000000000000006217, 13.00000000000000178, -12.00000000000000000 ) ) ;
#3537 = VECTOR ( 'NONE', #2406, 1000.000000000000000 ) ;
#3538 = DIRECTION ( 'NONE',  ( 1.000000000000000000, 3.942553354492771634E-17, -3.480674935616895651E-15 ) ) ;
#3539 = ORIENTED_EDGE ( 'NONE', *, *, #4500, .F. ) ;
#3540 = ORIENTED_EDGE ( 'NONE', *, *, #2047, .F. ) ;
#3541 = EDGE_CURVE ( 'NONE', #1420, #1575, #2108, .T. ) ;
#3542 = DIRECTION ( 'NONE',  ( 0.0000000000000000000, 0.0000000000000000000, 1.000000000000000000 ) ) ;
#3543 = DIRECTION ( 'NONE',  ( 0.0000000000000000000, 0.0000000000000000000, -1.000000000000000000 ) ) ;
#3544 = CARTESIAN_POINT ( 'NONE',  ( -6.999999999999993783, 21.50000000000000000, 0.0000000000000000000 ) ) ;
#3545 = DIRECTION ( 'NONE',  ( 0.0000000000000000000, -1.000000000000000000, 3.391901413832837590E-15 ) ) ;
#3546 = VECTOR ( 'NONE', #2157, 1000.000000000000000 ) ;
#3547 = CARTESIAN_POINT ( 'NONE',  ( -9.500000000000053291, -22.00000000000004263, 14.91634972440323459 ) ) ;
#3548 = FACE_OUTER_BOUND ( 'NONE', #614, .T. ) ;
#3549 = CARTESIAN_POINT ( 'NONE',  ( 8.012230930900711812, -22.69266144145962372, 28.92497447201970928 ) ) ;
#3550 = EDGE_CURVE ( 'NONE', #4604, #3748, #820, .T. ) ;
#3551 = EDGE_CURVE ( 'NONE', #2842, #161, #3116, .T. ) ;
#3552 = CARTESIAN_POINT ( 'NONE',  ( 2.000000000000002220, 13.99999999999999822, 0.0000000000000000000 ) ) ;
#3553 = ORIENTED_EDGE ( 'NONE', *, *, #4740, .T. ) ;
#3554 = PLANE ( 'NONE',  #586 ) ;
#3555 = CARTESIAN_POINT ( 'NONE',  ( -9.500000000000017764, -3.000000000000000444, 5.500000000000053291 ) ) ;
#3556 = DIRECTION ( 'NONE',  ( 1.000000000000000000, 3.942553354492771634E-17, -3.480674935616895651E-15 ) ) ;
#3557 = EDGE_CURVE ( 'NONE', #2389, #4492, #245, .T. ) ;
#3558 = ORIENTED_EDGE ( 'NONE', *, *, #369, .F. ) ;
#3559 = DIRECTION ( 'NONE',  ( 1.000000000000000000, 2.017120320903264257E-17, 3.481882245688215743E-15 ) ) ;
#3560 = EDGE_LOOP ( 'NONE', ( #5051, #1719, #3539, #4890 ) ) ;
#3561 = CARTESIAN_POINT ( 'NONE',  ( -24.50000000000018119, 3.999999999999998224, 5.500000000000107470 ) ) ;
#3562 = CARTESIAN_POINT ( 'NONE',  ( 9.500000000000078160, 4.000000000000000000, 22.39999999999999147 ) ) ;
#3563 = EDGE_CURVE ( 'NONE', #4476, #3682, #1915, .T. ) ;
#3564 = ORIENTED_EDGE ( 'NONE', *, *, #840, .T. ) ;
#3565 = EDGE_LOOP ( 'NONE', ( #272, #5014, #47, #1950 ) ) ;
#3566 = LINE ( 'NONE', #4319, #1820 ) ;
#3567 = DIRECTION ( 'NONE',  ( 1.000000000000000000, 0.0000000000000000000, 0.0000000000000000000 ) ) ;
#3568 = DIRECTION ( 'NONE',  ( 1.000000000000000000, -0.0000000000000000000, -0.0000000000000000000 ) ) ;
#3569 = ADVANCED_FACE ( 'NONE', ( #4716, #619, #2277 ), #215, .T. ) ;
#3570 = LINE ( 'NONE', #1970, #4499 ) ;
#3571 = FACE_OUTER_BOUND ( 'NONE', #1372, .T. ) ;
#3572 = CARTESIAN_POINT ( 'NONE',  ( 8.500000000000101252, 24.00000000000000000, 27.40000000000001279 ) ) ;
#3573 = PRESENTATION_STYLE_ASSIGNMENT (( #1606 ) ) ;
#3574 = EDGE_CURVE ( 'NONE', #309, #2389, #1889, .T. ) ;
#3575 = VECTOR ( 'NONE', #3807, 1000.000000000000000 ) ;
#3576 = AXIS2_PLACEMENT_3D ( 'NONE', #1495, #2294, #695 ) ;
#3577 = CARTESIAN_POINT ( 'NONE',  ( 9.500000000000101252, -21.50000000000000000, 27.39999999999999503 ) ) ;
#3578 = ORIENTED_EDGE ( 'NONE', *, *, #4654, .F. ) ;
#3579 = DIRECTION ( 'NONE',  ( -1.121038771459853657E-44, 1.000000000000000000, -3.491481338843133355E-15 ) ) ;
#3580 = DIRECTION ( 'NONE',  ( 0.0000000000000000000, 1.000000000000000000, -3.491481338843133355E-15 ) ) ;
#3581 = CARTESIAN_POINT ( 'NONE',  ( 24.50000000000009948, 21.50000000000000000, 27.39999999999999503 ) ) ;
#3582 = AXIS2_PLACEMENT_3D ( 'NONE', #4861, #5102, #1523 ) ;
#3583 = ORIENTED_EDGE ( 'NONE', *, *, #1021, .F. ) ;
#3584 = ADVANCED_FACE ( 'NONE', ( #3093 ), #3833, .F. ) ;
#3585 = VECTOR ( 'NONE', #1694, 1000.000000000000000 ) ;
#3586 = ORIENTED_EDGE ( 'NONE', *, *, #3163, .T. ) ;
#3587 = CARTESIAN_POINT ( 'NONE',  ( -7.500000000000097700, -22.99999999999301181, 27.56362646489820989 ) ) ;
#3588 = ORIENTED_EDGE ( 'NONE', *, *, #5169, .T. ) ;
#3589 =( NAMED_UNIT ( * ) PLANE_ANGLE_UNIT ( ) SI_UNIT ( $, .RADIAN. ) );
#3590 = AXIS2_PLACEMENT_3D ( 'NONE', #2302, #1528, #3908 ) ;
#3591 = ADVANCED_FACE ( 'NONE', ( #1060 ), #3860, .T. ) ;
#3592 = VECTOR ( 'NONE', #2090, 1000.000000000000000 ) ;
#3593 = ORIENTED_EDGE ( 'NONE', *, *, #2481, .T. ) ;
#3594 = ORIENTED_EDGE ( 'NONE', *, *, #3139, .F. ) ;
#3595 = DIRECTION ( 'NONE',  ( -3.481882245688216531E-15, 3.469446951953613794E-15, -1.000000000000000000 ) ) ;
#3596 = CARTESIAN_POINT ( 'NONE',  ( 9.500000000000053291, -22.00000000000004263, 14.91977001746919207 ) ) ;
#3597 = CYLINDRICAL_SURFACE ( 'NONE', #2574, 2.500000000000002220 ) ;
#3598 = EDGE_CURVE ( 'NONE', #2151, #1072, #1476, .T. ) ;
#3599 = EDGE_CURVE ( 'NONE', #3666, #3108, #486, .T. ) ;
#3600 = DIRECTION ( 'NONE',  ( 1.000000000000000000, 0.0000000000000000000, 0.0000000000000000000 ) ) ;
#3601 = CARTESIAN_POINT ( 'NONE',  ( -1.919818630983522544E-17, 0.0000000000000000000, 29.89999999999998792 ) ) ;
#3602 = DIRECTION ( 'NONE',  ( 1.000000000000000000, 0.0000000000000000000, -0.0000000000000000000 ) ) ;
#3603 = CARTESIAN_POINT ( 'NONE',  ( -24.50000000000012434, 2.999999999999998668, 22.40000000000011227 ) ) ;
#3604 = ORIENTED_EDGE ( 'NONE', *, *, #716, .F. ) ;
#3605 = CARTESIAN_POINT ( 'NONE',  ( 2.100000000000001865, -17.50000000000000000, -2.000000000000000000 ) ) ;
#3606 = ORIENTED_EDGE ( 'NONE', *, *, #1541, .F. ) ;
#3607 = AXIS2_PLACEMENT_3D ( 'NONE', #3975, #1642, #4840 ) ;
#3608 = DIRECTION ( 'NONE',  ( 0.0000000000000000000, 1.000000000000000000, -3.469446951953612611E-15 ) ) ;
#3609 = CARTESIAN_POINT ( 'NONE',  ( -7.000000000000002665, -21.50000000000000000, -2.000000000000000000 ) ) ;
#3610 = CARTESIAN_POINT ( 'NONE',  ( -9.707106781186647382, -21.79289321881345032, 27.89999999999998437 ) ) ;
#3611 = ORIENTED_EDGE ( 'NONE', *, *, #2557, .F. ) ;
#3612 = VERTEX_POINT ( 'NONE', #4616 ) ;
#3613 = DIRECTION ( 'NONE',  ( 0.0000000000000000000, 1.000000000000000000, 3.391901413832837590E-15 ) ) ;
#3614 = ORIENTED_EDGE ( 'NONE', *, *, #438, .T. ) ;
#3615 = CARTESIAN_POINT ( 'NONE',  ( 6.499999999999996447, 21.50000000000000000, -2.000000000000000000 ) ) ;
#3616 = EDGE_CURVE ( 'NONE', #3354, #2829, #3439, .T. ) ;
#3617 = AXIS2_PLACEMENT_3D ( 'NONE', #4916, #4860, #1279 ) ;
#3618 = ORIENTED_EDGE ( 'NONE', *, *, #3484, .T. ) ;
#3619 = ORIENTED_EDGE ( 'NONE', *, *, #3892, .F. ) ;
#3620 = AXIS2_PLACEMENT_3D ( 'NONE', #3984, #2002, #3602 ) ;
#3621 = CARTESIAN_POINT ( 'NONE',  ( 10.00000000000009948, 21.50000000000000000, 29.89999999999998792 ) ) ;
#3622 = DIRECTION ( 'NONE',  ( -1.000000000000000000, 6.938893903907137659E-15, -0.0000000000000000000 ) ) ;
#3623 = DIRECTION ( 'NONE',  ( 1.734723475976808475E-15, 1.000000000000000000, -0.0000000000000000000 ) ) ;
#3624 = AXIS2_PLACEMENT_3D ( 'NONE', #5157, #1265, #4817 ) ;
#3625 = EDGE_CURVE ( 'NONE', #2705, #2179, #292, .T. ) ;
#3626 = DIRECTION ( 'NONE',  ( -1.000000000000000000, 0.0000000000000000000, 0.0000000000000000000 ) ) ;
#3627 = CARTESIAN_POINT ( 'NONE',  ( 6.499999999999996447, -21.50000000000000000, 0.0000000000000000000 ) ) ;
#3628 = DIRECTION ( 'NONE',  ( 1.000000000000000000, 0.0000000000000000000, 0.0000000000000000000 ) ) ;
#3629 = AXIS2_PLACEMENT_3D ( 'NONE', #4943, #3660, #4862 ) ;
#3630 = VECTOR ( 'NONE', #5096, 1000.000000000000000 ) ;
#3631 = AXIS2_PLACEMENT_3D ( 'NONE', #4516, #1651, #3756 ) ;
#3632 = ORIENTED_EDGE ( 'NONE', *, *, #1334, .T. ) ;
#3633 = DIRECTION ( 'NONE',  ( -0.0000000000000000000, -1.000000000000000000, -0.0000000000000000000 ) ) ;
#3634 = VERTEX_POINT ( 'NONE', #5079 ) ;
#3635 = DIRECTION ( 'NONE',  ( -1.000000000000000000, 0.0000000000000000000, 0.0000000000000000000 ) ) ;
#3636 = DIRECTION ( 'NONE',  ( 0.0000000000000000000, 0.0000000000000000000, -1.000000000000000000 ) ) ;
#3637 = CARTESIAN_POINT ( 'NONE',  ( -7.500000000000076383, 3.999999999999999112, 22.40000000000005187 ) ) ;
#3638 = EDGE_CURVE ( 'NONE', #941, #1260, #3042, .T. ) ;
#3639 = ORIENTED_EDGE ( 'NONE', *, *, #3648, .F. ) ;
#3640 = DIRECTION ( 'NONE',  ( 0.0000000000000000000, 1.000000000000000000, 8.068481283613057027E-17 ) ) ;
#3641 = VERTEX_POINT ( 'NONE', #3409 ) ;
#3642 = DIRECTION ( 'NONE',  ( -3.481882245688215743E-15, 0.0000000000000000000, -1.000000000000000000 ) ) ;
#3643 = ORIENTED_EDGE ( 'NONE', *, *, #320, .F. ) ;
#3644 = VERTEX_POINT ( 'NONE', #726 ) ;
#3645 = FACE_OUTER_BOUND ( 'NONE', #1074, .T. ) ;
#3646 = PLANE ( 'NONE',  #2526 ) ;
#3647 = CARTESIAN_POINT ( 'NONE',  ( -7.500000000000053291, 21.50000000000000000, 14.92922943124999691 ) ) ;
#3648 = EDGE_CURVE ( 'NONE', #4099, #1730, #2663, .T. ) ;
#3649 = PLANE ( 'NONE',  #2957 ) ;
#3650 = EDGE_CURVE ( 'NONE', #1402, #1260, #700, .T. ) ;
#3651 = CARTESIAN_POINT ( 'NONE',  ( -24.50000000000018829, -16.49999999999999645, 4.500000000000103029 ) ) ;
#3652 = PLANE ( 'NONE',  #1076 ) ;
#3653 = LINE ( 'NONE', #1270, #3031 ) ;
#3654 = EDGE_LOOP ( 'NONE', ( #4128, #2568, #3881, #3060 ) ) ;
#3655 = LINE ( 'NONE', #4857, #5128 ) ;
#3656 = VERTEX_POINT ( 'NONE', #5008 ) ;
#3657 = CARTESIAN_POINT ( 'NONE',  ( 24.50000000000009948, -24.00000000000004263, 14.89999999999999147 ) ) ;
#3658 = CARTESIAN_POINT ( 'NONE',  ( 7.000000000000001776, -21.50000000000000000, 0.0000000000000000000 ) ) ;
#3659 = DIRECTION ( 'NONE',  ( 0.0000000000000000000, -1.000000000000000000, 3.469446951953613400E-15 ) ) ;
#3660 = DIRECTION ( 'NONE',  ( 0.0000000000000000000, 1.000000000000000000, 0.0000000000000000000 ) ) ;
#3661 = ORIENTED_EDGE ( 'NONE', *, *, #1699, .T. ) ;
#3663 = CARTESIAN_POINT ( 'NONE',  ( -10.00000000000009948, -21.50000000000000000, 27.39999999999999503 ) ) ;
#3662 = VECTOR ( 'NONE', #4067, 1000.000000000000000 ) ;
#3664 = ORIENTED_EDGE ( 'NONE', *, *, #291, .T. ) ;
#3665 = AXIS2_PLACEMENT_3D ( 'NONE', #4428, #843, #2424 ) ;
#3666 = VERTEX_POINT ( 'NONE', #4296 ) ;
#3667 = ORIENTED_EDGE ( 'NONE', *, *, #1293, .T. ) ;
#3668 = ORIENTED_EDGE ( 'NONE', *, *, #734, .T. ) ;
#3669 = PLANE ( 'NONE',  #2566 ) ;
#3670 = VECTOR ( 'NONE', #732, 1000.000000000000000 ) ;
#3671 = CARTESIAN_POINT ( 'NONE',  ( -10.00000000000021849, -24.00000000000000000, 27.40000000000000213 ) ) ;
#3672 = VECTOR ( 'NONE', #3787, 1000.000000000000000 ) ;
#3673 = DIRECTION ( 'NONE',  ( 1.000000000000000000, 3.942553354492771634E-17, -3.480674935616895651E-15 ) ) ;
#3674 = CIRCLE ( 'NONE', #1429, 1.000000000000000888 ) ;
#3675 = DIRECTION ( 'NONE',  ( -1.000000000000000000, 2.017120320903264257E-17, 3.481882245688215743E-15 ) ) ;
#3676 = DIRECTION ( 'NONE',  ( 0.0000000000000000000, 3.469446951953612611E-15, 1.000000000000000000 ) ) ;
#3677 = DIRECTION ( 'NONE',  ( 3.481882245688215743E-15, -0.0000000000000000000, -1.000000000000000000 ) ) ;
#3678 = FACE_OUTER_BOUND ( 'NONE', #345, .T. ) ;
#3679 = ORIENTED_EDGE ( 'NONE', *, *, #224, .F. ) ;
#3680 = CARTESIAN_POINT ( 'NONE',  ( 6.499999999999998224, -23.50000000000003553, -11.99999999999983658 ) ) ;
#3681 = EDGE_CURVE ( 'NONE', #1844, #1883, #5106, .T. ) ;
#3682 = VERTEX_POINT ( 'NONE', #1432 ) ;
#3683 = ORIENTED_EDGE ( 'NONE', *, *, #2772, .F. ) ;
#3684 = CARTESIAN_POINT ( 'NONE',  ( 0.0000000000000000000, 22.00000000000009237, 7.459310946700299536E-14 ) ) ;
#3685 = ORIENTED_EDGE ( 'NONE', *, *, #1519, .F. ) ;
#3686 = DIRECTION ( 'NONE',  ( -3.942553354492771634E-17, 1.000000000000000000, 1.375941746847399406E-31 ) ) ;
#3687 = EDGE_CURVE ( 'NONE', #2110, #5148, #317, .T. ) ;
#3688 = FACE_OUTER_BOUND ( 'NONE', #2041, .T. ) ;
#3689 = EDGE_CURVE ( 'NONE', #3272, #4762, #797, .T. ) ;
#3690 = DIRECTION ( 'NONE',  ( -1.000000000000000000, -0.0000000000000000000, -0.0000000000000000000 ) ) ;
#3691 = DIRECTION ( 'NONE',  ( 2.017120320903264257E-17, -1.000000000000000000, -7.020940143091501182E-32 ) ) ;
#3692 = VECTOR ( 'NONE', #4292, 1000.000000000000000 ) ;
#3693 = EDGE_CURVE ( 'NONE', #2388, #3108, #3979, .T. ) ;
#3694 = ORIENTED_EDGE ( 'NONE', *, *, #2155, .T. ) ;
#3695 = DIRECTION ( 'NONE',  ( 0.0000000000000000000, 0.0000000000000000000, 1.000000000000000000 ) ) ;
#3696 = EDGE_LOOP ( 'NONE', ( #2195, #1223, #27, #923 ) ) ;
#3697 = EDGE_LOOP ( 'NONE', ( #4006, #3009, #2150, #1299 ) ) ;
#3698 = EDGE_CURVE ( 'NONE', #2255, #941, #2767, .T. ) ;
#3699 = ORIENTED_EDGE ( 'NONE', *, *, #3353, .T. ) ;
#3700 = DIRECTION ( 'NONE',  ( 3.469446951953611033E-15, 0.0000000000000000000, -1.000000000000000000 ) ) ;
#3701 = CARTESIAN_POINT ( 'NONE',  ( 7.500000000000098588, 21.50000000000000000, 27.89999999999999858 ) ) ;
#3702 = EDGE_CURVE ( 'NONE', #1597, #255, #5131, .T. ) ;
#3703 = CARTESIAN_POINT ( 'NONE',  ( -3.000000000000006217, 13.00000000000000178, -2.000000000000000000 ) ) ;
#3704 = DIRECTION ( 'NONE',  ( -1.000000000000000000, 0.0000000000000000000, 0.0000000000000000000 ) ) ;
#3705 = DIRECTION ( 'NONE',  ( 3.469446951953611033E-15, 0.0000000000000000000, 1.000000000000000000 ) ) ;
#3706 = CARTESIAN_POINT ( 'NONE',  ( -24.50000000000018119, 3.999999999999998224, 5.500000000000107470 ) ) ;
#3707 = ORIENTED_EDGE ( 'NONE', *, *, #1464, .T. ) ;
#3708 = LINE ( 'NONE', #1716, #3923 ) ;
#3709 = ORIENTED_EDGE ( 'NONE', *, *, #4989, .F. ) ;
#3710 = DIRECTION ( 'NONE',  ( 0.0000000000000000000, 0.0000000000000000000, -1.000000000000000000 ) ) ;
#3711 = ORIENTED_EDGE ( 'NONE', *, *, #5151, .T. ) ;
#3712 = VECTOR ( 'NONE', #3622, 1000.000000000000000 ) ;
#3713 = AXIS2_PLACEMENT_3D ( 'NONE', #3897, #2701, #3580 ) ;
#3714 = CARTESIAN_POINT ( 'NONE',  ( -10.00000000000009948, -21.50000000000000000, 27.39999999999999503 ) ) ;
#3715 = DIRECTION ( 'NONE',  ( 8.673617379884178453E-17, 0.0000000000000000000, -1.000000000000000000 ) ) ;
#3716 = CARTESIAN_POINT ( 'NONE',  ( 8.698252604552093814, -23.66957899241335994, 28.65287669307824103 ) ) ;
#3717 = DIRECTION ( 'NONE',  ( -1.000000000000000000, 0.0000000000000000000, 0.0000000000000000000 ) ) ;
#3718 = AXIS2_PLACEMENT_3D ( 'NONE', #2727, #2362, #3971 ) ;
#3719 = ORIENTED_EDGE ( 'NONE', *, *, #4352, .F. ) ;
#3720 = FACE_OUTER_BOUND ( 'NONE', #2661, .T. ) ;
#3721 = VERTEX_POINT ( 'NONE', #4376 ) ;
#3722 = CIRCLE ( 'NONE', #3800, 1.000000000000000888 ) ;
#3723 = ORIENTED_EDGE ( 'NONE', *, *, #4310, .T. ) ;
#3724 = ORIENTED_EDGE ( 'NONE', *, *, #608, .T. ) ;
#3725 = VERTEX_POINT ( 'NONE', #395 ) ;
#3726 = ORIENTED_EDGE ( 'NONE', *, *, #5019, .T. ) ;
#3727 = DIRECTION ( 'NONE',  ( -1.000000000000000000, -0.0000000000000000000, 0.0000000000000000000 ) ) ;
#3728 = LINE ( 'NONE', #1401, #2655 ) ;
#3729 = EDGE_CURVE ( 'NONE', #3401, #1844, #1157, .T. ) ;
#3730 = DIRECTION ( 'NONE',  ( 0.0000000000000000000, 3.469446951953612611E-15, 1.000000000000000000 ) ) ;
#3731 = CARTESIAN_POINT ( 'NONE',  ( 24.50000000000009948, -21.50000000000000000, 29.89999999999998792 ) ) ;
#3732 = DIRECTION ( 'NONE',  ( -1.000000000000000000, 0.0000000000000000000, -3.481882245688215743E-15 ) ) ;
#3733 = DIRECTION ( 'NONE',  ( 3.469446951953611033E-15, 0.0000000000000000000, -1.000000000000000000 ) ) ;
#3734 = LINE ( 'NONE', #2186, #4835 ) ;
#3735 = PLANE ( 'NONE',  #4971 ) ;
#3736 = EDGE_LOOP ( 'NONE', ( #4032, #4256, #4236, #3101 ) ) ;
#3737 = LINE ( 'NONE', #960, #1830 ) ;
#3738 = PLANE ( 'NONE',  #4278 ) ;
#3739 = CARTESIAN_POINT ( 'NONE',  ( 7.752917594872404727, -22.84824944307654704, 28.50787800615263734 ) ) ;
#3740 = DIRECTION ( 'NONE',  ( 1.000000000000000000, 3.942553354492771634E-17, -3.480674935616895651E-15 ) ) ;
#3741 = VERTEX_POINT ( 'NONE', #2043 ) ;
#3742 = CARTESIAN_POINT ( 'NONE',  ( -8.500000000000053291, 23.00000000000004263, 14.92922943124999335 ) ) ;
#3743 = ORIENTED_EDGE ( 'NONE', *, *, #4881, .F. ) ;
#3744 = SHAPE_DEFINITION_REPRESENTATION ( #4534, #574 ) ;
#3745 = VECTOR ( 'NONE', #4196, 1000.000000000000000 ) ;
#3746 = VECTOR ( 'NONE', #1554, 1000.000000000000000 ) ;
#3747 = ORIENTED_EDGE ( 'NONE', *, *, #685, .F. ) ;
#3748 = VERTEX_POINT ( 'NONE', #3621 ) ;
#3749 = VERTEX_POINT ( 'NONE', #4816 ) ;
#3750 = CARTESIAN_POINT ( 'NONE',  ( 8.698252604552092038, 23.66957899241336705, 28.65287669307824103 ) ) ;
#3751 = EDGE_CURVE ( 'NONE', #3401, #4191, #1599, .T. ) ;
#3752 = ADVANCED_FACE ( 'NONE', ( #3645 ), #1233, .F. ) ;
#3753 = DIRECTION ( 'NONE',  ( -1.000000000000000000, 2.017120320903264257E-17, 3.481882245688215743E-15 ) ) ;
#3754 = AXIS2_PLACEMENT_3D ( 'NONE', #2659, #212, #2633 ) ;
#3755 = AXIS2_PLACEMENT_3D ( 'NONE', #3794, #4111, #2221 ) ;
#3756 = DIRECTION ( 'NONE',  ( 1.000000000000000000, 0.0000000000000000000, 0.0000000000000000000 ) ) ;
#3757 = EDGE_CURVE ( 'NONE', #1318, #3110, #988, .T. ) ;
#3758 = VECTOR ( 'NONE', #381, 1000.000000000000000 ) ;
#3759 = CIRCLE ( 'NONE', #2172, 1.000000000000001332 ) ;
#3760 = CARTESIAN_POINT ( 'NONE',  ( 7.000000000000002665, 21.50000000000000000, 0.5000000000000004441 ) ) ;
#3761 = CARTESIAN_POINT ( 'NONE',  ( -7.500000000000076383, -4.000000000000000888, 22.40000000000005187 ) ) ;
#3762 = LINE ( 'NONE', #2884, #2906 ) ;
#3763 = VECTOR ( 'NONE', #54, 1000.000000000000000 ) ;
#3764 = EDGE_LOOP ( 'NONE', ( #2459, #3299, #4536, #648 ) ) ;
#3765 = CARTESIAN_POINT ( 'NONE',  ( 9.500000000000001776, 21.50000000000000000, -3.135613839750379111E-14 ) ) ;
#3766 = ORIENTED_EDGE ( 'NONE', *, *, #1336, .F. ) ;
#3767 = FACE_BOUND ( 'NONE', #2780, .T. ) ;
#3768 = CARTESIAN_POINT ( 'NONE',  ( 0.0000000000000000000, -22.00000000000009237, 7.459310946700299536E-14 ) ) ;
#3769 = CARTESIAN_POINT ( 'NONE',  ( 7.500000000000096811, -23.00000000000000000, 27.39999999999999503 ) ) ;
#3770 = DIRECTION ( 'NONE',  ( 1.000000000000000000, 2.017120320903264257E-17, 3.481882245688215743E-15 ) ) ;
#3771 = ORIENTED_EDGE ( 'NONE', *, *, #5078, .F. ) ;
#3772 = ADVANCED_FACE ( 'NONE', ( #2746 ), #4035, .F. ) ;
#3773 = CARTESIAN_POINT ( 'NONE',  ( -8.807338558540468654, -23.48776906909936102, 28.92497447201975547 ) ) ;
#3774 = ORIENTED_EDGE ( 'NONE', *, *, #2934, .T. ) ;
#3775 = FACE_OUTER_BOUND ( 'NONE', #970, .T. ) ;
#3776 = VERTEX_POINT ( 'NONE', #4349 ) ;
#3777 = EDGE_LOOP ( 'NONE', ( #4190, #1494, #1128, #4649 ) ) ;
#3778 = CARTESIAN_POINT ( 'NONE',  ( 9.078179913181363858, 23.03636681136455877, 29.39916709456817401 ) ) ;
#3779 = CARTESIAN_POINT ( 'NONE',  ( 7.500000000000098588, 21.50000000000000000, 27.89999999999999858 ) ) ;
#3780 = VERTEX_POINT ( 'NONE', #2347 ) ;
#3781 = DIRECTION ( 'NONE',  ( -1.000000000000000000, 0.0000000000000000000, 0.0000000000000000000 ) ) ;
#3782 = CARTESIAN_POINT ( 'NONE',  ( -10.00000000000033928, -22.00000000000004263, 14.91634972440323281 ) ) ;
#3783 = FACE_OUTER_BOUND ( 'NONE', #3330, .T. ) ;
#3784 = EDGE_CURVE ( 'NONE', #1805, #4186, #2019, .T. ) ;
#3785 = FACE_OUTER_BOUND ( 'NONE', #4269, .T. ) ;
#3786 = EDGE_LOOP ( 'NONE', ( #4470, #1317, #2265, #1755 ) ) ;
#3787 = DIRECTION ( 'NONE',  ( -0.0000000000000000000, -0.0000000000000000000, 1.000000000000000000 ) ) ;
#3788 = LINE ( 'NONE', #1745, #1109 ) ;
#3789 = VECTOR ( 'NONE', #4458, 1000.000000000000000 ) ;
#3790 = CARTESIAN_POINT ( 'NONE',  ( 7.579958376007470022, -22.95202497439552403, 28.04820640982100244 ) ) ;
#3791 = LINE ( 'NONE', #1462, #1206 ) ;
#3792 = VECTOR ( 'NONE', #4092, 1000.000000000000000 ) ;
#3793 = ORIENTED_EDGE ( 'NONE', *, *, #4830, .F. ) ;
#3794 = CARTESIAN_POINT ( 'NONE',  ( -10.00000000000009237, 24.00000000000003908, 14.89999999999999147 ) ) ;
#3795 = EDGE_LOOP ( 'NONE', ( #2011, #285, #4602 ) ) ;
#3796 = DIRECTION ( 'NONE',  ( -1.000000000000000000, 0.0000000000000000000, 3.480674935616895651E-15 ) ) ;
#3797 = AXIS2_PLACEMENT_3D ( 'NONE', #4413, #3233, #3636 ) ;
#3798 = EDGE_CURVE ( 'NONE', #104, #1886, #775, .T. ) ;
#3799 = ORIENTED_EDGE ( 'NONE', *, *, #1663, .T. ) ;
#3800 = AXIS2_PLACEMENT_3D ( 'NONE', #113, #3675, #3359 ) ;
#3801 = VERTEX_POINT ( 'NONE', #4791 ) ;
#3802 = DIRECTION ( 'NONE',  ( 3.469446951953622866E-15, 0.0000000000000000000, 1.000000000000000000 ) ) ;
#3803 = CARTESIAN_POINT ( 'NONE',  ( -7.500000000000096811, -21.50000000000000000, 27.39999999999999503 ) ) ;
#3804 = EDGE_CURVE ( 'NONE', #3976, #643, #5156, .T. ) ;
#3805 = ORIENTED_EDGE ( 'NONE', *, *, #2635, .T. ) ;
#3806 = EDGE_CURVE ( 'NONE', #1639, #4946, #2711, .T. ) ;
#3807 = DIRECTION ( 'NONE',  ( 1.000000000000000000, 0.0000000000000000000, 0.0000000000000000000 ) ) ;
#3808 = DIRECTION ( 'NONE',  ( -1.000000000000000000, -6.938893903907307264E-15, 0.0000000000000000000 ) ) ;
#3809 = CARTESIAN_POINT ( 'NONE',  ( -37.00000000000000000, 0.0000000000000000000, -12.00000000000000355 ) ) ;
#3810 = EDGE_CURVE ( 'NONE', #3511, #852, #3566, .T. ) ;
#3811 = ADVANCED_FACE ( 'NONE', ( #4008 ), #3930, .F. ) ;
#3812 = CYLINDRICAL_SURFACE ( 'NONE', #741, 2.500000000000002220 ) ;
#3813 = VERTEX_POINT ( 'NONE', #3142 ) ;
#3814 = FACE_OUTER_BOUND ( 'NONE', #2630, .T. ) ;
#3815 = CARTESIAN_POINT ( 'NONE',  ( 6.499999999999998224, 25.50000000000003553, -11.99999999999999289 ) ) ;
#3816 = CARTESIAN_POINT ( 'NONE',  ( 7.637600735771100879, -23.86239926422907942, 28.27689272740057191 ) ) ;
#3817 = CARTESIAN_POINT ( 'NONE',  ( 7.500000000000096811, -23.00000000000000000, 27.39999999999999147 ) ) ;
#3818 = EDGE_CURVE ( 'NONE', #4492, #610, #4739, .T. ) ;
#3819 = ORIENTED_EDGE ( 'NONE', *, *, #4071, .T. ) ;
#3820 = CARTESIAN_POINT ( 'NONE',  ( 7.500000000000082601, 3.999999999999998224, 23.40000000000000213 ) ) ;
#3821 = ORIENTED_EDGE ( 'NONE', *, *, #1668, .F. ) ;
#3822 = CARTESIAN_POINT ( 'NONE',  ( 6.499999999999996447, -21.50000000000000000, -2.000000000000000000 ) ) ;
#3823 =( BOUNDED_CURVE ( )  B_SPLINE_CURVE ( 3, ( #1972, #2284, #1117, #3866 ),
 .UNSPECIFIED., .F., .F. ) 
 B_SPLINE_CURVE_WITH_KNOTS ( ( 4, 4 ),
 ( 4.712388980384689674, 6.283185307179586232 ),
 .UNSPECIFIED. ) 
 CURVE ( )  GEOMETRIC_REPRESENTATION_ITEM ( )  RATIONAL_B_SPLINE_CURVE ( ( 1.000000000000000000, 0.8047378541243649375, 0.8047378541243649375, 1.000000000000000000 ) ) 
 REPRESENTATION_ITEM ( '' )  );
#3824 = ORIENTED_EDGE ( 'NONE', *, *, #1787, .F. ) ;
#3825 = LINE ( 'NONE', #1268, #1489 ) ;
#3826 = EDGE_LOOP ( 'NONE', ( #4047, #587 ) ) ;
#3827 = PLANE ( 'NONE',  #3754 ) ;
#3828 = CARTESIAN_POINT ( 'NONE',  ( -7.500000000000001776, 17.49999999999999645, -2.437317571981751493E-14 ) ) ;
#3829 = AXIS2_PLACEMENT_3D ( 'NONE', #3760, #4878, #3340 ) ;
#3830 = VECTOR ( 'NONE', #219, 1000.000000000000000 ) ;
#3831 = ORIENTED_EDGE ( 'NONE', *, *, #2125, .F. ) ;
#3832 = EDGE_CURVE ( 'NONE', #5070, #1145, #926, .T. ) ;
#3833 = CYLINDRICAL_SURFACE ( 'NONE', #1566, 0.9999999999999974465 ) ;
#3834 = AXIS2_PLACEMENT_3D ( 'NONE', #4050, #3659, #3289 ) ;
#3835 = DIRECTION ( 'NONE',  ( 0.0000000000000000000, 0.0000000000000000000, 1.000000000000000000 ) ) ;
#3836 = CARTESIAN_POINT ( 'NONE',  ( -10.00000000000009948, 22.00000000000000000, 27.39999999999999503 ) ) ;
#3837 = AXIS2_PLACEMENT_3D ( 'NONE', #194, #3342, #956 ) ;
#3838 = AXIS2_PLACEMENT_3D ( 'NONE', #3214, #4471, #1640 ) ;
#3839 = CARTESIAN_POINT ( 'NONE',  ( 10.00000000000033928, -24.00000000000004263, 14.91977001746916365 ) ) ;
#3840 = VERTEX_POINT ( 'NONE', #2069 ) ;
#3841 = CARTESIAN_POINT ( 'NONE',  ( -7.627684742571359422, 22.92338915445731118, 28.20553915567278480 ) ) ;
#3842 = LINE ( 'NONE', #4599, #355 ) ;
#3843 = DIRECTION ( 'NONE',  ( 3.481882245688215743E-15, -3.191094078709388170E-34, 1.000000000000000000 ) ) ;
#3844 = CARTESIAN_POINT ( 'NONE',  ( -6.999999999999993783, 21.50000000000000000, 0.0000000000000000000 ) ) ;
#3845 = VECTOR ( 'NONE', #2933, 1000.000000000000000 ) ;
#3846 = ADVANCED_FACE ( 'NONE', ( #2874 ), #3669, .F. ) ;
#3847 = ORIENTED_EDGE ( 'NONE', *, *, #3189, .F. ) ;
#3848 = DIRECTION ( 'NONE',  ( 1.000000000000000000, -0.0000000000000000000, 0.0000000000000000000 ) ) ;
#3849 = ORIENTED_EDGE ( 'NONE', *, *, #3017, .T. ) ;
#3850 = CARTESIAN_POINT ( 'NONE',  ( 10.00000000000009948, 21.50000000000000000, 27.89999999999999503 ) ) ;
#3851 = ADVANCED_FACE ( 'NONE', ( #111 ), #81, .F. ) ;
#3852 = ORIENTED_EDGE ( 'NONE', *, *, #624, .T. ) ;
#3853 = EDGE_CURVE ( 'NONE', #3634, #4689, #4477, .T. ) ;
#3854 = DIRECTION ( 'NONE',  ( 1.000000000000000000, 0.0000000000000000000, -0.0000000000000000000 ) ) ;
#3855 = VERTEX_POINT ( 'NONE', #510 ) ;
#3856 = DIRECTION ( 'NONE',  ( 1.000000000000000000, 3.942553354492771634E-17, -3.480674935616895651E-15 ) ) ;
#3857 = LINE ( 'NONE', #3011, #3520 ) ;
#3858 = ADVANCED_FACE ( 'NONE', ( #4845 ), #950, .F. ) ;
#3859 = ORIENTED_EDGE ( 'NONE', *, *, #734, .F. ) ;
#3860 = PLANE ( 'NONE',  #2720 ) ;
#3861 = CARTESIAN_POINT ( 'NONE',  ( -24.50000000000018829, -4.000000000000001776, 4.500000000000105693 ) ) ;
#3862 = CARTESIAN_POINT ( 'NONE',  ( 7.500000000000096811, 21.50000000000000000, 27.39999999999999503 ) ) ;
#3863 = EDGE_CURVE ( 'NONE', #4395, #1576, #2649, .T. ) ;
#3864 = FACE_OUTER_BOUND ( 'NONE', #3786, .T. ) ;
#3865 = CARTESIAN_POINT ( 'NONE',  ( -8.955976963262710200, 22.54402303673714059, 29.70124951836958971 ) ) ;
#3866 = CARTESIAN_POINT ( 'NONE',  ( -9.500000000000101252, 22.00000000000000000, 27.39999999999999503 ) ) ;
#3867 = CARTESIAN_POINT ( 'NONE',  ( 10.00000000000010125, -21.49999999999999289, 29.89999999999999147 ) ) ;
#3868 = ORIENTED_EDGE ( 'NONE', *, *, #1078, .T. ) ;
#3869 = VECTOR ( 'NONE', #3043, 1000.000000000000000 ) ;
#3870 = DIRECTION ( 'NONE',  ( 3.481882245688216926E-15, -3.469446951953613400E-15, 1.000000000000000000 ) ) ;
#3871 = ORIENTED_EDGE ( 'NONE', *, *, #2350, .T. ) ;
#3872 = CARTESIAN_POINT ( 'NONE',  ( 9.500000000000101252, 21.99999999999999645, 27.69289321881344534 ) ) ;
#3873 = AXIS2_PLACEMENT_3D ( 'NONE', #2327, #3488, #5081 ) ;
#3874 = EDGE_CURVE ( 'NONE', #5070, #965, #3333, .T. ) ;
#3875 = ORIENTED_EDGE ( 'NONE', *, *, #1627, .F. ) ;
#3876 = LINE ( 'NONE', #284, #1077 ) ;
#3877 = ORIENTED_EDGE ( 'NONE', *, *, #2298, .T. ) ;
#3878 = CARTESIAN_POINT ( 'NONE',  ( 7.500000000000102141, -21.50000000000000000, 27.39999999999999503 ) ) ;
#3879 = DIRECTION ( 'NONE',  ( -3.481882245688215743E-15, 0.0000000000000000000, 1.000000000000000000 ) ) ;
#3880 = ORIENTED_EDGE ( 'NONE', *, *, #5109, .F. ) ;
#3881 = ORIENTED_EDGE ( 'NONE', *, *, #1792, .T. ) ;
#3882 = ORIENTED_EDGE ( 'NONE', *, *, #3228, .T. ) ;
#3883 = CARTESIAN_POINT ( 'NONE',  ( 0.0000000000000000000, 22.00000000000003908, 14.89999999999998437 ) ) ;
#3884 = PLANE ( 'NONE',  #4955 ) ;
#3885 = CIRCLE ( 'NONE', #2615, 1.000000000000000888 ) ;
#3886 = DIRECTION ( 'NONE',  ( 0.0000000000000000000, 1.000000000000000000, 6.938893903907222067E-15 ) ) ;
#3887 = ADVANCED_FACE ( 'NONE', ( #4061 ), #4385, .T. ) ;
#3888 = CARTESIAN_POINT ( 'NONE',  ( -24.50000000000012434, 3.999999999999998224, 22.40000000000011227 ) ) ;
#3889 = CARTESIAN_POINT ( 'NONE',  ( -8.699515318754764692, 22.80048468124573446, 29.57592244086761823 ) ) ;
#3890 = CARTESIAN_POINT ( 'NONE',  ( -10.00000000000033928, -24.00000000000004263, 14.91634972440320617 ) ) ;
#3891 = CARTESIAN_POINT ( 'NONE',  ( 8.955976963262710200, -22.54402303673714059, 29.70124951836958971 ) ) ;
#3892 = EDGE_CURVE ( 'NONE', #39, #2151, #640, .T. ) ;
#3893 = EDGE_LOOP ( 'NONE', ( #3528, #1393, #2936 ) ) ;
#3894 = VERTEX_POINT ( 'NONE', #2581 ) ;
#3895 = ADVANCED_FACE ( 'NONE', ( #3403 ), #2203, .F. ) ;
#3896 = DIRECTION ( 'NONE',  ( 1.000000000000000000, 0.0000000000000000000, 0.0000000000000000000 ) ) ;
#3897 = CARTESIAN_POINT ( 'NONE',  ( -24.50000000000009948, -24.00000000000003908, 14.89999999999999147 ) ) ;
#3898 = CARTESIAN_POINT ( 'NONE',  ( -10.00000000000009237, 22.00000000000003908, 14.89999999999998437 ) ) ;
#3899 = ORIENTED_EDGE ( 'NONE', *, *, #2298, .F. ) ;
#3900 = DIRECTION ( 'NONE',  ( 0.0000000000000000000, 0.0000000000000000000, 1.000000000000000000 ) ) ;
#3901 = EDGE_LOOP ( 'NONE', ( #4023, #3799, #1636, #4961 ) ) ;
#3902 = CARTESIAN_POINT ( 'NONE',  ( -9.500000000000101252, 22.00000000000000000, 27.39999999999999503 ) ) ;
#3903 = CYLINDRICAL_SURFACE ( 'NONE', #4268, 1.000000000000000000 ) ;
#3904 = VERTEX_POINT ( 'NONE', #3038 ) ;
#3905 = EDGE_CURVE ( 'NONE', #2528, #104, #3061, .T. ) ;
#3906 = CARTESIAN_POINT ( 'NONE',  ( -10.00000000000009237, 24.00000000000003908, 14.89999999999999147 ) ) ;
#3907 = CARTESIAN_POINT ( 'NONE',  ( -9.121320343559741417, 22.96446609406725869, 29.89999999999999147 ) ) ;
#3908 = DIRECTION ( 'NONE',  ( 1.000000000000000000, 6.938893903907150280E-15, 0.0000000000000000000 ) ) ;
#3909 = VECTOR ( 'NONE', #3523, 1000.000000000000000 ) ;
#3910 = EDGE_CURVE ( 'NONE', #2124, #1420, #2296, .T. ) ;
#3911 = AXIS2_PLACEMENT_3D ( 'NONE', #3147, #4798, #459 ) ;
#3913 = CARTESIAN_POINT ( 'NONE',  ( -9.500000000000017764, -4.000000000000000888, 4.500000000000053291 ) ) ;
#3912 = AXIS2_PLACEMENT_3D ( 'NONE', #3135, #3559, #5071 ) ;
#3914 = DIRECTION ( 'NONE',  ( 3.481882245688215743E-15, 0.0000000000000000000, -1.000000000000000000 ) ) ;
#3915 = DIRECTION ( 'NONE',  ( 0.0000000000000000000, 0.0000000000000000000, 1.000000000000000000 ) ) ;
#3916 = CARTESIAN_POINT ( 'NONE',  ( -24.50000000000009948, 21.50000000000000000, 29.89999999999998792 ) ) ;
#3917 = AXIS2_PLACEMENT_3D ( 'NONE', #3561, #2319, #1310 ) ;
#3918 = VERTEX_POINT ( 'NONE', #998 ) ;
#3920 = LINE ( 'NONE', #735, #3423 ) ;
#3919 = AXIS2_PLACEMENT_3D ( 'NONE', #3603, #2752, #2432 ) ;
#3921 = CARTESIAN_POINT ( 'NONE',  ( 7.500000000000082601, 16.49999999999999645, 23.40000000000000213 ) ) ;
#3922 = FACE_OUTER_BOUND ( 'NONE', #3442, .T. ) ;
#3923 = VECTOR ( 'NONE', #3309, 1000.000000000000000 ) ;
#3924 = VERTEX_POINT ( 'NONE', #3878 ) ;
#3925 = ORIENTED_EDGE ( 'NONE', *, *, #2416, .F. ) ;
#3926 = CARTESIAN_POINT ( 'NONE',  ( -24.50000000000012434, 17.49999999999999645, 22.40000000000011227 ) ) ;
#3927 = CARTESIAN_POINT ( 'NONE',  ( -7.500000000000016875, -1.067863497886203740E-15, 4.500000000000046185 ) ) ;
#3928 = ORIENTED_EDGE ( 'NONE', *, *, #2206, .F. ) ;
#3929 = EDGE_LOOP ( 'NONE', ( #2744, #477, #2113, #3747, #522, #3955, #4464, #3771 ) ) ;
#3930 = CYLINDRICAL_SURFACE ( 'NONE', #4167, 0.4999999999999970024 ) ;
#3931 = CARTESIAN_POINT ( 'NONE',  ( -7.500000000000082601, -3.999999999999999112, 23.40000000000005187 ) ) ;
#3932 = FACE_OUTER_BOUND ( 'NONE', #2636, .T. ) ;
#3933 = AXIS2_PLACEMENT_3D ( 'NONE', #2064, #891, #944 ) ;
#3934 = CARTESIAN_POINT ( 'NONE',  ( 7.000000000000002665, 21.50000000000000000, 0.5000000000000004441 ) ) ;
#3935 = CARTESIAN_POINT ( 'NONE',  ( -8.651750556923548885, 23.74708240512771695, 28.50787800615258760 ) ) ;
#3936 = DIRECTION ( 'NONE',  ( -1.000000000000000000, -2.017120320903264257E-17, -3.481882245688215743E-15 ) ) ;
#3937 = CARTESIAN_POINT ( 'NONE',  ( -9.121320343559746746, -22.96446609406725159, 29.89999999999999147 ) ) ;
#3938 = ORIENTED_EDGE ( 'NONE', *, *, #2759, .F. ) ;
#3939 = CARTESIAN_POINT ( 'NONE',  ( -24.50000000000009948, 22.00000000000000000, 27.39999999999999503 ) ) ;
#3940 = ORIENTED_EDGE ( 'NONE', *, *, #1392, .F. ) ;
#3941 = DIRECTION ( 'NONE',  ( -1.000000000000000000, 0.0000000000000000000, -3.469446951953611033E-15 ) ) ;
#3942 = CARTESIAN_POINT ( 'NONE',  ( -9.500000000000101252, 21.50000000000000000, 27.39999999999999503 ) ) ;
#3943 = DIRECTION ( 'NONE',  ( -1.000000000000000000, 0.0000000000000000000, 3.481882245688215743E-15 ) ) ;
#3944 = AXIS2_PLACEMENT_3D ( 'NONE', #1846, #1388, #2168 ) ;
#3945 = ORIENTED_EDGE ( 'NONE', *, *, #3175, .F. ) ;
#3946 = CYLINDRICAL_SURFACE ( 'NONE', #399, 0.5000000000000004441 ) ;
#3947 = ORIENTED_EDGE ( 'NONE', *, *, #461, .T. ) ;
#3948 = DIRECTION ( 'NONE',  ( 0.0000000000000000000, 0.0000000000000000000, 1.000000000000000000 ) ) ;
#3949 = VECTOR ( 'NONE', #4669, 1000.000000000000000 ) ;
#3950 = DIRECTION ( 'NONE',  ( 3.469446951953611033E-15, 0.0000000000000000000, 1.000000000000000000 ) ) ;
#3951 = EDGE_CURVE ( 'NONE', #3644, #4737, #2608, .T. ) ;
#3952 = ORIENTED_EDGE ( 'NONE', *, *, #2839, .F. ) ;
#3953 = VECTOR ( 'NONE', #5023, 1000.000000000000000 ) ;
#3954 = VECTOR ( 'NONE', #2804, 1000.000000000000000 ) ;
#3955 = ORIENTED_EDGE ( 'NONE', *, *, #2816, .F. ) ;
#3956 = DIRECTION ( 'NONE',  ( 0.0000000000000000000, -1.000000000000000000, 0.0000000000000000000 ) ) ;
#3957 = CARTESIAN_POINT ( 'NONE',  ( 9.500000000000023093, -4.000000000000000000, 5.499999999999987566 ) ) ;
#3958 = CARTESIAN_POINT ( 'NONE',  ( 0.0000000000000000000, 23.49999999999999289, 8.153200337090990819E-14 ) ) ;
#3959 = EDGE_CURVE ( 'NONE', #1883, #183, #1988, .T. ) ;
#3960 = AXIS2_PLACEMENT_3D ( 'NONE', #3507, #5097, #2339 ) ;
#3961 = FACE_OUTER_BOUND ( 'NONE', #1879, .T. ) ;
#3962 = VECTOR ( 'NONE', #4528, 1000.000000000000000 ) ;
#3963 = DIRECTION ( 'NONE',  ( -0.0000000000000000000, -1.000000000000000000, -0.0000000000000000000 ) ) ;
#3964 = CARTESIAN_POINT ( 'NONE',  ( 0.0000000000000000000, 24.00000000000009592, 8.157607214468926207E-14 ) ) ;
#3965 = CARTESIAN_POINT ( 'NONE',  ( -24.50000000000018829, 16.49999999999999645, 4.500000000000109246 ) ) ;
#3966 = DIRECTION ( 'NONE',  ( 9.599093154917612719E-18, 0.0000000000000000000, 1.000000000000000000 ) ) ;
#3967 = VERTEX_POINT ( 'NONE', #1859 ) ;
#3968 = LINE ( 'NONE', #3657, #5007 ) ;
#3969 = ADVANCED_FACE ( 'NONE', ( #4217 ), #3827, .F. ) ;
#3970 = DIRECTION ( 'NONE',  ( -3.942553354492771634E-17, 1.000000000000000000, 1.375941746847399406E-31 ) ) ;
#3971 = DIRECTION ( 'NONE',  ( 0.0000000000000000000, 0.0000000000000000000, -1.000000000000000000 ) ) ;
#3972 = ORIENTED_EDGE ( 'NONE', *, *, #3687, .F. ) ;
#3973 = CARTESIAN_POINT ( 'NONE',  ( -7.500000000000097700, -23.99999999999999645, 27.39999999999999503 ) ) ;
#3974 = ORIENTED_EDGE ( 'NONE', *, *, #3729, .F. ) ;
#3975 = CARTESIAN_POINT ( 'NONE',  ( 24.50000000000009948, 21.50000000000000000, 27.39999999999999503 ) ) ;
#3976 = VERTEX_POINT ( 'NONE', #237 ) ;
#3977 = ORIENTED_EDGE ( 'NONE', *, *, #964, .F. ) ;
#3978 = ORIENTED_EDGE ( 'NONE', *, *, #3491, .F. ) ;
#3979 = LINE ( 'NONE', #3195, #4159 ) ;
#3980 = DIRECTION ( 'NONE',  ( 0.0000000000000000000, 0.0000000000000000000, 1.000000000000000000 ) ) ;
#3981 = DIRECTION ( 'NONE',  ( 0.0000000000000000000, 0.0000000000000000000, -1.000000000000000000 ) ) ;
#3982 = LINE ( 'NONE', #4039, #3325 ) ;
#3983 = CARTESIAN_POINT ( 'NONE',  ( -24.50000000000009948, 24.00000000000003908, 14.89999999999999147 ) ) ;
#3984 = CARTESIAN_POINT ( 'NONE',  ( 0.0000000000000000000, 0.0000000000000000000, 0.0000000000000000000 ) ) ;
#3985 = FILL_AREA_STYLE ('',( #1215 ) ) ;
#3986 = VECTOR ( 'NONE', #544, 1000.000000000000000 ) ;
#3987 = AXIS2_PLACEMENT_3D ( 'NONE', #4394, #2010, #2471 ) ;
#3988 = CARTESIAN_POINT ( 'NONE',  ( -6.499999999999998224, 25.50000000000003553, -11.99999999999999289 ) ) ;
#3989 = ORIENTED_EDGE ( 'NONE', *, *, #3311, .T. ) ;
#3990 = CARTESIAN_POINT ( 'NONE',  ( 0.0000000000000000000, -22.00000000000009237, 7.459310946700299536E-14 ) ) ;
#3991 = LINE ( 'NONE', #3103, #365 ) ;
#3992 = CARTESIAN_POINT ( 'NONE',  ( 9.092543153246101184, -21.50000000000000000, 14.91977001746919385 ) ) ;
#3993 = VECTOR ( 'NONE', #4611, 1000.000000000000000 ) ;
#3994 = UNCERTAINTY_MEASURE_WITH_UNIT (LENGTH_MEASURE( 1.000000000000000082E-05 ), #4070, 'distance_accuracy_value', 'NONE');
#3995 = EDGE_CURVE ( 'NONE', #39, #3840, #2990, .T. ) ;
#3996 = ORIENTED_EDGE ( 'NONE', *, *, #1822, .T. ) ;
#3997 = AXIS2_PLACEMENT_3D ( 'NONE', #553, #2169, #4942 ) ;
#3998 = AXIS2_PLACEMENT_3D ( 'NONE', #3714, #3368, #4572 ) ;
#3999 = ORIENTED_EDGE ( 'NONE', *, *, #3616, .T. ) ;
#4000 = CARTESIAN_POINT ( 'NONE',  ( -3.000000000000003109, -7.005614037598651317E-16, 0.0000000000000000000 ) ) ;
#4001 = VERTEX_POINT ( 'NONE', #5028 ) ;
#4002 = DIRECTION ( 'NONE',  ( 1.000000000000000000, 3.942553354492771634E-17, -3.480674935616895651E-15 ) ) ;
#4003 = EDGE_CURVE ( 'NONE', #3924, #773, #4686, .T. ) ;
#4004 = AXIS2_PLACEMENT_3D ( 'NONE', #2046, #1648, #3173 ) ;
#4005 = EDGE_CURVE ( 'NONE', #1728, #4033, #1083, .T. ) ;
#4006 = ORIENTED_EDGE ( 'NONE', *, *, #3424, .F. ) ;
#4007 = ORIENTED_EDGE ( 'NONE', *, *, #4832, .T. ) ;
#4008 = FACE_OUTER_BOUND ( 'NONE', #1934, .T. ) ;
#4009 = LINE ( 'NONE', #427, #3712 ) ;
#4010 = PLANE ( 'NONE',  #1503 ) ;
#4011 = ORIENTED_EDGE ( 'NONE', *, *, #4154, .T. ) ;
#4012 = DIRECTION ( 'NONE',  ( -0.0000000000000000000, -0.0000000000000000000, 1.000000000000000000 ) ) ;
#4013 = DIRECTION ( 'NONE',  ( -3.469446951953611033E-15, 0.0000000000000000000, -1.000000000000000000 ) ) ;
#4014 = CARTESIAN_POINT ( 'NONE',  ( -6.499999999999998224, 25.50000000000000355, -1.999999999999993117 ) ) ;
#4015 = DIRECTION ( 'NONE',  ( 3.469446951953611033E-15, 0.0000000000000000000, -1.000000000000000000 ) ) ;
#4016 = ORIENTED_EDGE ( 'NONE', *, *, #4953, .T. ) ;
#4017 = DIRECTION ( 'NONE',  ( -1.000000000000000000, -6.938893903907306475E-15, 0.0000000000000000000 ) ) ;
#4018 = VERTEX_POINT ( 'NONE', #1806 ) ;
#4019 = FACE_OUTER_BOUND ( 'NONE', #1064, .T. ) ;
#4020 = CARTESIAN_POINT ( 'NONE',  ( 6.499999999999998224, -23.50000000000000000, -2.499999999999998668 ) ) ;
#4021 = DIRECTION ( 'NONE',  ( 3.481882245688216137E-15, 3.469446951953612611E-15, 1.000000000000000000 ) ) ;
#4022 = ORIENTED_EDGE ( 'NONE', *, *, #4211, .F. ) ;
#4023 = ORIENTED_EDGE ( 'NONE', *, *, #2839, .T. ) ;
#4024 = ORIENTED_EDGE ( 'NONE', *, *, #1127, .F. ) ;
#4025 = ADVANCED_FACE ( 'NONE', ( #1472 ), #286, .T. ) ;
#4026 = CARTESIAN_POINT ( 'NONE',  ( 7.500000000000096811, -23.00000000000000000, 27.39999999999999503 ) ) ;
#4027 = EDGE_CURVE ( 'NONE', #2817, #4420, #4291, .T. ) ;
#4028 = VERTEX_POINT ( 'NONE', #3902 ) ;
#4029 = ADVANCED_FACE ( 'NONE', ( #3383 ), #2982, .F. ) ;
#4030 = APPLICATION_PROTOCOL_DEFINITION ( 'draft international standard', 'automotive_design', 1998, #664 ) ;
#4031 = EDGE_CURVE ( 'NONE', #1058, #1923, #4415, .T. ) ;
#4032 = ORIENTED_EDGE ( 'NONE', *, *, #1334, .F. ) ;
#4033 = VERTEX_POINT ( 'NONE', #98 ) ;
#4034 = VECTOR ( 'NONE', #1789, 1000.000000000000000 ) ;
#4035 = PLANE ( 'NONE',  #3665 ) ;
#4036 = DIRECTION ( 'NONE',  ( -1.000000000000000000, -3.942553354492771634E-17, 0.0000000000000000000 ) ) ;
#4037 = DIRECTION ( 'NONE',  ( 1.000000000000000000, 0.0000000000000000000, 0.0000000000000000000 ) ) ;
#4038 = CARTESIAN_POINT ( 'NONE',  ( 24.50000000000009948, -21.50000000000000000, 27.89999999999999147 ) ) ;
#4039 = CARTESIAN_POINT ( 'NONE',  ( 6.499999999999998224, -23.50000000000000000, -2.499999999999998668 ) ) ;
#4040 = CARTESIAN_POINT ( 'NONE',  ( 9.500000000000023093, -16.49999999999999645, 4.499999999999984901 ) ) ;
#4041 = LINE ( 'NONE', #3203, #2946 ) ;
#4042 = CIRCLE ( 'NONE', #3718, 2.500000000000000444 ) ;
#4043 = CARTESIAN_POINT ( 'NONE',  ( -7.500000000000096811, -23.00000000000000000, 27.39999999999999503 ) ) ;
#4044 = VECTOR ( 'NONE', #2435, 1000.000000000000000 ) ;
#4045 = ORIENTED_EDGE ( 'NONE', *, *, #470, .T. ) ;
#4046 = CARTESIAN_POINT ( 'NONE',  ( -9.500000000000017764, -1.108205904304271879E-15, 4.500000000000053291 ) ) ;
#4047 = ORIENTED_EDGE ( 'NONE', *, *, #596, .F. ) ;
#4048 = LINE ( 'NONE', #2384, #1994 ) ;
#4049 = CARTESIAN_POINT ( 'NONE',  ( -24.50000000000018119, -16.49999999999999645, 5.500000000000103917 ) ) ;
#4050 = CARTESIAN_POINT ( 'NONE',  ( -10.00000000000033928, -24.00000000000004263, 14.89999999999999147 ) ) ;
#4051 = LINE ( 'NONE', #1666, #3962 ) ;
#4052 = ADVANCED_FACE ( 'NONE', ( #5149 ), #1909, .F. ) ;
#4053 = EDGE_CURVE ( 'NONE', #1823, #4854, #4734, .T. ) ;
#4054 = EDGE_LOOP ( 'NONE', ( #3367, #1141, #1485, #2505 ) ) ;
#4055 = CARTESIAN_POINT ( 'NONE',  ( 10.00000000000008349, 24.00000000000009592, 7.623846144937596967E-14 ) ) ;
#4056 = ORIENTED_EDGE ( 'NONE', *, *, #4580, .T. ) ;
#4057 = ADVANCED_FACE ( 'NONE', ( #1150 ), #4468, .T. ) ;
#4058 = ORIENTED_EDGE ( 'NONE', *, *, #808, .T. ) ;
#4059 = ORIENTED_EDGE ( 'NONE', *, *, #4240, .T. ) ;
#4060 = VERTEX_POINT ( 'NONE', #4888 ) ;
#4061 = FACE_OUTER_BOUND ( 'NONE', #4666, .T. ) ;
#4062 = CARTESIAN_POINT ( 'NONE',  ( -6.500000000000000000, -23.50000000000000000, 0.0000000000000000000 ) ) ;
#4063 = CARTESIAN_POINT ( 'NONE',  ( -2.100000000000001865, -17.50000000000000000, 0.0000000000000000000 ) ) ;
#4064 = ADVANCED_FACE ( 'NONE', ( #467 ), #2466, .F. ) ;
#4065 = CARTESIAN_POINT ( 'NONE',  ( 24.50000000000009948, -21.50000000000000000, 29.89999999999998792 ) ) ;
#4066 = CARTESIAN_POINT ( 'NONE',  ( 9.500000000000097700, 21.50000000000000000, 27.39999999999998792 ) ) ;
#4067 = DIRECTION ( 'NONE',  ( -1.841475689883071491E-14, -3.469446951953612611E-15, -1.000000000000000000 ) ) ;
#4068 = CARTESIAN_POINT ( 'NONE',  ( -37.00000000000000000, 0.0000000000000000000, -12.00000000000000355 ) ) ;
#4069 = EDGE_LOOP ( 'NONE', ( #3033, #3006, #2226 ) ) ;
#4070 =( LENGTH_UNIT ( ) NAMED_UNIT ( * ) SI_UNIT ( .MILLI., .METRE. ) );
#4071 = EDGE_CURVE ( 'NONE', #3612, #3462, #4589, .T. ) ;
#4072 = ORIENTED_EDGE ( 'NONE', *, *, #3075, .F. ) ;
#4073 = CARTESIAN_POINT ( 'NONE',  ( -3.000000000000000000, -13.00000000000000178, -2.000000000000000000 ) ) ;
#4074 = ORIENTED_EDGE ( 'NONE', *, *, #482, .F. ) ;
#4075 = CARTESIAN_POINT ( 'NONE',  ( -7.500000000000016875, -16.49999999999999645, 4.500000000000043521 ) ) ;
#4076 = FACE_OUTER_BOUND ( 'NONE', #4232, .T. ) ;
#4077 = DIRECTION ( 'NONE',  ( 0.0000000000000000000, 1.000000000000000000, -1.734723475976805517E-14 ) ) ;
#4078 = CARTESIAN_POINT ( 'NONE',  ( 0.0000000000000000000, -17.50000000000000000, -2.000000000000000000 ) ) ;
#4079 = VECTOR ( 'NONE', #4484, 1000.000000000000000 ) ;
#4080 = ORIENTED_EDGE ( 'NONE', *, *, #4488, .T. ) ;
#4082 = DIRECTION ( 'NONE',  ( 3.480674935616895651E-15, 0.0000000000000000000, 1.000000000000000000 ) ) ;
#4081 = CIRCLE ( 'NONE', #2482, 2.500000000000000444 ) ;
#4083 = EDGE_LOOP ( 'NONE', ( #3766, #2916, #4869, #1658, #3978, #2898, #4331 ) ) ;
#4084 = CIRCLE ( 'NONE', #3576, 1.000000000000000888 ) ;
#4085 = ADVANCED_FACE ( 'NONE', ( #498 ), #742, .F. ) ;
#4086 = VECTOR ( 'NONE', #2162, 1000.000000000000000 ) ;
#4087 = EDGE_LOOP ( 'NONE', ( #3852, #1465, #1104, #2371 ) ) ;
#4088 = ORIENTED_EDGE ( 'NONE', *, *, #325, .F. ) ;
#4089 = VERTEX_POINT ( 'NONE', #4496 ) ;
#4090 = DIRECTION ( 'NONE',  ( 1.000000000000000000, 2.017120320903264257E-17, 3.481882245688215743E-15 ) ) ;
#4091 = AXIS2_PLACEMENT_3D ( 'NONE', #3779, #4479, #4976 ) ;
#4092 = DIRECTION ( 'NONE',  ( -3.481882245688215743E-15, 3.191094078709388170E-34, -1.000000000000000000 ) ) ;
#4093 = VECTOR ( 'NONE', #2652, 1000.000000000000000 ) ;
#4094 = LINE ( 'NONE', #1376, #411 ) ;
#4095 = FACE_OUTER_BOUND ( 'NONE', #1881, .T. ) ;
#4096 = CARTESIAN_POINT ( 'NONE',  ( 9.500000000000023093, 4.000000000000000000, 5.499999999999989342 ) ) ;
#4097 = DIRECTION ( 'NONE',  ( 1.000000000000000000, 3.942553354492771634E-17, 0.0000000000000000000 ) ) ;
#4098 = CARTESIAN_POINT ( 'NONE',  ( -9.500000000000099476, 21.50000000000000000, 29.89999999999998792 ) ) ;
#4099 = VERTEX_POINT ( 'NONE', #4314 ) ;
#4100 = DIRECTION ( 'NONE',  ( -0.0000000000000000000, 0.0000000000000000000, -1.000000000000000000 ) ) ;
#4101 = EDGE_CURVE ( 'NONE', #3855, #2222, #5126, .T. ) ;
#4102 = VERTEX_POINT ( 'NONE', #1280 ) ;
#4103 = PLANE ( 'NONE',  #3469 ) ;
#4104 = EDGE_LOOP ( 'NONE', ( #3859, #5116, #2133, #2753 ) ) ;
#4105 = LINE ( 'NONE', #981, #3672 ) ;
#4106 = CARTESIAN_POINT ( 'NONE',  ( 7.500000000000096811, 23.00000000000000000, 27.39999999999999503 ) ) ;
#4107 = CARTESIAN_POINT ( 'NONE',  ( 6.499999999999997335, 23.00000000000000000, -2.000000000000000000 ) ) ;
#4108 = FACE_OUTER_BOUND ( 'NONE', #1687, .T. ) ;
#4109 = EDGE_CURVE ( 'NONE', #2063, #394, #500, .T. ) ;
#4110 = ORIENTED_EDGE ( 'NONE', *, *, #3301, .F. ) ;
#4111 = DIRECTION ( 'NONE',  ( 0.0000000000000000000, 3.491481338843133355E-15, -1.000000000000000000 ) ) ;
#4112 = ORIENTED_EDGE ( 'NONE', *, *, #38, .T. ) ;
#4113 = ORIENTED_EDGE ( 'NONE', *, *, #4850, .T. ) ;
#4114 = ORIENTED_EDGE ( 'NONE', *, *, #5098, .T. ) ;
#4115 = ORIENTED_EDGE ( 'NONE', *, *, #1001, .F. ) ;
#4116 = CARTESIAN_POINT ( 'NONE',  ( 7.516115221976529703, 22.99033086681414417, 27.72724520025938588 ) ) ;
#4117 = DIRECTION ( 'NONE',  ( 3.481882245688215743E-15, 6.270870922116162168E-34, 1.000000000000000000 ) ) ;
#4118 = FACE_OUTER_BOUND ( 'NONE', #3764, .T. ) ;
#4119 = VECTOR ( 'NONE', #3210, 1000.000000000000000 ) ;
#4120 = CARTESIAN_POINT ( 'NONE',  ( 0.0000000000000000000, -24.00000000000009592, 8.157607214468926207E-14 ) ) ;
#4121 = EDGE_CURVE ( 'NONE', #782, #699, #1960, .T. ) ;
#4122 = LINE ( 'NONE', #2964, #903 ) ;
#4123 = CARTESIAN_POINT ( 'NONE',  ( -6.499999999999998224, -23.00000000000000000, -2.500000000000000444 ) ) ;
#4124 = FACE_OUTER_BOUND ( 'NONE', #761, .T. ) ;
#4125 = EDGE_CURVE ( 'NONE', #4244, #199, #4081, .T. ) ;
#4126 = VECTOR ( 'NONE', #139, 1000.000000000000000 ) ;
#4127 = ORIENTED_EDGE ( 'NONE', *, *, #4988, .T. ) ;
#4128 = ORIENTED_EDGE ( 'NONE', *, *, #3874, .F. ) ;
#4129 = CARTESIAN_POINT ( 'NONE',  ( -6.500000000000000000, -21.50000000000000000, -2.000000000000000000 ) ) ;
#4130 = ORIENTED_EDGE ( 'NONE', *, *, #2610, .T. ) ;
#4131 = DIRECTION ( 'NONE',  ( 0.0000000000000000000, 0.0000000000000000000, 1.000000000000000000 ) ) ;
#4132 = CYLINDRICAL_SURFACE ( 'NONE', #3617, 1.000000000000000888 ) ;
#4133 = CARTESIAN_POINT ( 'NONE',  ( 7.898446230092961429, -23.60155376990700304, 28.80751515912752581 ) ) ;
#4134 = FACE_OUTER_BOUND ( 'NONE', #1178, .T. ) ;
#4135 = EDGE_CURVE ( 'NONE', #1347, #3855, #2059, .T. ) ;
#4136 = ORIENTED_EDGE ( 'NONE', *, *, #800, .T. ) ;
#4137 = DIRECTION ( 'NONE',  ( 1.000000000000000000, 3.942553354492771634E-17, -3.480674935616895651E-15 ) ) ;
#4138 = ORIENTED_EDGE ( 'NONE', *, *, #3464, .T. ) ;
#4139 = VECTOR ( 'NONE', #4182, 1000.000000000000000 ) ;
#4140 = ORIENTED_EDGE ( 'NONE', *, *, #592, .F. ) ;
#4141 = ORIENTED_EDGE ( 'NONE', *, *, #2035, .T. ) ;
#4142 = CARTESIAN_POINT ( 'NONE',  ( 8.500000000007334577, 23.99999999999999645, 27.56362646489818147 ) ) ;
#4143 = CARTESIAN_POINT ( 'NONE',  ( 9.500000000000097700, -22.00000000000000000, 27.39999999999999503 ) ) ;
#4144 = FACE_OUTER_BOUND ( 'NONE', #1508, .T. ) ;
#4145 = DIRECTION ( 'NONE',  ( -1.000000000000000000, -0.0000000000000000000, -0.0000000000000000000 ) ) ;
#4146 = DIRECTION ( 'NONE',  ( 0.0000000000000000000, -1.000000000000000000, 3.469446951953587368E-15 ) ) ;
#4147 = LINE ( 'NONE', #1383, #4086 ) ;
#4148 = DIRECTION ( 'NONE',  ( 2.017120320903264257E-17, 1.000000000000000000, -7.023375432769992151E-32 ) ) ;
#4149 = EDGE_LOOP ( 'NONE', ( #2323, #2762, #1417, #2115 ) ) ;
#4150 = DIRECTION ( 'NONE',  ( 1.000000000000000000, -6.429478007160029845E-29, -1.841475689883071491E-14 ) ) ;
#4151 = FACE_OUTER_BOUND ( 'NONE', #657, .T. ) ;
#4152 = CARTESIAN_POINT ( 'NONE',  ( 7.500000000000102141, -22.99999999999999289, 28.86446609406726083 ) ) ;
#4153 = LINE ( 'NONE', #4627, #4214 ) ;
#4154 = EDGE_CURVE ( 'NONE', #1730, #2817, #3512, .T. ) ;
#4155 = EDGE_LOOP ( 'NONE', ( #1644, #3877, #814, #4114 ) ) ;
#4156 = CARTESIAN_POINT ( 'NONE',  ( -7.500000000225873542, -23.99999999977409715, 27.62932646513422341 ) ) ;
#4157 = FACE_OUTER_BOUND ( 'NONE', #4444, .T. ) ;
#4158 = EDGE_CURVE ( 'NONE', #1853, #2148, #4502, .T. ) ;
#4159 = VECTOR ( 'NONE', #1646, 1000.000000000000000 ) ;
#4160 = VECTOR ( 'NONE', #2076, 1000.000000000000000 ) ;
#4161 = EDGE_LOOP ( 'NONE', ( #2153, #4993, #5094, #2397 ) ) ;
#4162 = ORIENTED_EDGE ( 'NONE', *, *, #4730, .T. ) ;
#4163 = ORIENTED_EDGE ( 'NONE', *, *, #2206, .T. ) ;
#4164 = DIRECTION ( 'NONE',  ( 0.0000000000000000000, -1.000000000000000000, 3.391901413832837590E-15 ) ) ;
#4165 = EDGE_CURVE ( 'NONE', #1196, #2388, #2241, .T. ) ;
#4166 = CYLINDRICAL_SURFACE ( 'NONE', #2823, 2.500000000000002220 ) ;
#4167 = AXIS2_PLACEMENT_3D ( 'NONE', #346, #1936, #3542 ) ;
#4168 = VERTEX_POINT ( 'NONE', #3137 ) ;
#4169 = VECTOR ( 'NONE', #621, 1000.000000000000000 ) ;
#4170 = VECTOR ( 'NONE', #3870, 1000.000000000000000 ) ;
#4171 = CARTESIAN_POINT ( 'NONE',  ( -24.50000000000009948, -23.99999999999999645, 27.89999999999999858 ) ) ;
#4172 = PLANE ( 'NONE',  #3198 ) ;
#4173 = CYLINDRICAL_SURFACE ( 'NONE', #2997, 21.89999999999999503 ) ;
#4174 = EDGE_CURVE ( 'NONE', #2632, #4683, #3422, .T. ) ;
#4175 = ORIENTED_EDGE ( 'NONE', *, *, #197, .T. ) ;
#4176 = CIRCLE ( 'NONE', #3164, 21.89999999999999503 ) ;
#4177 = DIRECTION ( 'NONE',  ( -1.000000000000000000, 1.208020574436438142E-29, -3.481882245688215743E-15 ) ) ;
#4178 = EDGE_LOOP ( 'NONE', ( #2422, #2318, #4585, #3882 ) ) ;
#4179 = CYLINDRICAL_SURFACE ( 'NONE', #3338, 0.5000000000000004441 ) ;
#4180 = LINE ( 'NONE', #3815, #4199 ) ;
#4181 = CARTESIAN_POINT ( 'NONE',  ( 7.500000000000101252, -22.99999999999999645, 27.39999999999999503 ) ) ;
#4182 = DIRECTION ( 'NONE',  ( 2.017120320903264257E-17, -1.000000000000000000, -7.020940143091501182E-32 ) ) ;
#4183 = ADVANCED_FACE ( 'NONE', ( #1545 ), #4574, .F. ) ;
#4184 = ORIENTED_EDGE ( 'NONE', *, *, #3521, .T. ) ;
#4185 = DIRECTION ( 'NONE',  ( 1.000000000000000000, 0.0000000000000000000, -0.0000000000000000000 ) ) ;
#4186 = VERTEX_POINT ( 'NONE', #575 ) ;
#4187 = EDGE_CURVE ( 'NONE', #373, #3231, #1797, .T. ) ;
#4188 = CARTESIAN_POINT ( 'NONE',  ( -6.499999999999997335, -25.50000000000000355, -2.499999999999992006 ) ) ;
#4189 = CIRCLE ( 'NONE', #771, 1.000000000000000888 ) ;
#4190 = ORIENTED_EDGE ( 'NONE', *, *, #1070, .F. ) ;
#4191 = VERTEX_POINT ( 'NONE', #4527 ) ;
#4192 = CARTESIAN_POINT ( 'NONE',  ( 24.50000000000009948, 21.50000000000000000, 27.89999999999999147 ) ) ;
#4193 = CARTESIAN_POINT ( 'NONE',  ( -8.500000000000053291, 24.00000000000004263, 14.92922943124999335 ) ) ;
#4194 = EDGE_CURVE ( 'NONE', #1730, #1420, #2082, .T. ) ;
#4195 = EDGE_LOOP ( 'NONE', ( #4162, #2871, #129, #79 ) ) ;
#4196 = DIRECTION ( 'NONE',  ( 1.000000000000000000, -2.017120320903264257E-17, -3.491481338843133355E-15 ) ) ;
#4197 = CARTESIAN_POINT ( 'NONE',  ( -24.50000000000009948, 21.50000000000000000, 27.39999999999999503 ) ) ;
#4198 = PLANE ( 'NONE',  #917 ) ;
#4199 = VECTOR ( 'NONE', #1043, 1000.000000000000000 ) ;
#4200 = CARTESIAN_POINT ( 'NONE',  ( -7.500000000000047962, -3.000000000000000000, 22.40000000000005187 ) ) ;
#4201 = VERTEX_POINT ( 'NONE', #3371 ) ;
#4202 = DIRECTION ( 'NONE',  ( 3.481882245688215743E-15, 0.0000000000000000000, 1.000000000000000000 ) ) ;
#4203 = CARTESIAN_POINT ( 'NONE',  ( -6.500000000000000000, -23.50000000000000000, -2.000000000000000000 ) ) ;
#4204 = AXIS2_PLACEMENT_3D ( 'NONE', #4197, #5033, #4221 ) ;
#4205 = CARTESIAN_POINT ( 'NONE',  ( 7.500000000000101252, -22.99999999999301181, 27.56362646489801449 ) ) ;
#4206 = PLANE ( 'NONE',  #1875 ) ;
#4207 = VECTOR ( 'NONE', #1210, 1000.000000000000000 ) ;
#4208 = ORIENTED_EDGE ( 'NONE', *, *, #1541, .T. ) ;
#4209 = CARTESIAN_POINT ( 'NONE',  ( -9.672691772180721514, -21.69638493669345536, 29.89999999999999147 ) ) ;
#4210 = EDGE_LOOP ( 'NONE', ( #4423, #893, #3500 ) ) ;
#4211 = EDGE_CURVE ( 'NONE', #1856, #2124, #1086, .T. ) ;
#4212 = LINE ( 'NONE', #661, #3036 ) ;
#4213 = ORIENTED_EDGE ( 'NONE', *, *, #4194, .T. ) ;
#4214 = VECTOR ( 'NONE', #5042, 1000.000000000000000 ) ;
#4215 = CARTESIAN_POINT ( 'NONE',  ( -24.50000000000009948, -21.50000000000000000, 27.39999999999999503 ) ) ;
#4216 = VERTEX_POINT ( 'NONE', #1770 ) ;
#4217 = FACE_OUTER_BOUND ( 'NONE', #4614, .T. ) ;
#4218 = DIRECTION ( 'NONE',  ( 0.0000000000000000000, 3.469446951953612611E-15, -1.000000000000000000 ) ) ;
#4219 = VERTEX_POINT ( 'NONE', #4964 ) ;
#4220 = CARTESIAN_POINT ( 'NONE',  ( -24.50000000000012434, -16.49999999999999645, 22.40000000000011227 ) ) ;
#4221 = DIRECTION ( 'NONE',  ( 0.0000000000000000000, 0.0000000000000000000, -1.000000000000000000 ) ) ;
#4222 = CARTESIAN_POINT ( 'NONE',  ( 2.100000000000001865, -17.50000000000000000, 0.0000000000000000000 ) ) ;
#4223 = PRODUCT_RELATED_PRODUCT_CATEGORY ( 'part', '', ( #1271 ) ) ;
#4224 = DIRECTION ( 'NONE',  ( 0.0000000000000000000, -0.0000000000000000000, 1.000000000000000000 ) ) ;
#4225 = ORIENTED_EDGE ( 'NONE', *, *, #1940, .T. ) ;
#4226 = CARTESIAN_POINT ( 'NONE',  ( -8.500000000000053291, -23.00000000000004263, 14.91634972440323814 ) ) ;
#4227 = CARTESIAN_POINT ( 'NONE',  ( 24.50000000000009948, -24.00000000000003908, 14.89999999999999147 ) ) ;
#4228 = DIRECTION ( 'NONE',  ( -1.000000000000000000, -0.0000000000000000000, -0.0000000000000000000 ) ) ;
#4229 = ADVANCED_FACE ( 'NONE', ( #3393 ), #2217, .T. ) ;
#4230 = ORIENTED_EDGE ( 'NONE', *, *, #1564, .F. ) ;
#4231 = CARTESIAN_POINT ( 'NONE',  ( 8.500000000000101252, 24.00000000000000000, 27.40000000000001279 ) ) ;
#4232 = EDGE_LOOP ( 'NONE', ( #668, #4990, #959, #4856 ) ) ;
#4233 = LINE ( 'NONE', #1022, #2437 ) ;
#4234 = EDGE_CURVE ( 'NONE', #1597, #1823, #1389, .T. ) ;
#4235 = EDGE_LOOP ( 'NONE', ( #3382, #5025, #830 ) ) ;
#4236 = ORIENTED_EDGE ( 'NONE', *, *, #490, .T. ) ;
#4237 = DIRECTION ( 'NONE',  ( 1.000000000000000000, -0.0000000000000000000, -0.0000000000000000000 ) ) ;
#4238 = ORIENTED_EDGE ( 'NONE', *, *, #281, .T. ) ;
#4239 = CARTESIAN_POINT ( 'NONE',  ( 7.500000000000001776, -21.50000000000000000, -1.919818630983757970E-17 ) ) ;
#4240 = EDGE_CURVE ( 'NONE', #4764, #5031, #993, .T. ) ;
#4241 = CARTESIAN_POINT ( 'NONE',  ( -10.00000000000009948, 21.50000000000000000, 27.39999999999999503 ) ) ;
#4242 = AXIS2_PLACEMENT_3D ( 'NONE', #2300, #1809, #2612 ) ;
#4243 = AXIS2_PLACEMENT_3D ( 'NONE', #3253, #2456, #3704 ) ;
#4244 = VERTEX_POINT ( 'NONE', #3348 ) ;
#4245 = CARTESIAN_POINT ( 'NONE',  ( -10.00000000000009948, 0.0000000000000000000, 29.89999999999998792 ) ) ;
#4246 = CARTESIAN_POINT ( 'NONE',  ( -24.50000000000009948, -24.00000000000000000, 27.40000000000000213 ) ) ;
#4247 = PLANE ( 'NONE',  #3590 ) ;
#4248 = AXIS2_PLACEMENT_3D ( 'NONE', #4383, #1631, #59 ) ;
#4249 = VECTOR ( 'NONE', #2944, 1000.000000000000000 ) ;
#4250 = DIRECTION ( 'NONE',  ( 1.000000000000000000, 3.942553354492771634E-17, -3.480674935616895651E-15 ) ) ;
#4251 = CARTESIAN_POINT ( 'NONE',  ( -7.516115221976576777, 22.99033086681415838, 27.72724520025962036 ) ) ;
#4252 = DIRECTION ( 'NONE',  ( -0.0000000000000000000, 3.469446951953612611E-15, -1.000000000000000000 ) ) ;
#4253 = CARTESIAN_POINT ( 'NONE',  ( 10.00000000000010303, -21.49999999999999289, 29.89999999999999147 ) ) ;
#4254 = VECTOR ( 'NONE', #4321, 1000.000000000000000 ) ;
#4255 = EDGE_CURVE ( 'NONE', #2554, #1725, #4917, .T. ) ;
#4256 = ORIENTED_EDGE ( 'NONE', *, *, #2904, .F. ) ;
#4257 = LINE ( 'NONE', #4334, #1912 ) ;
#4258 = VERTEX_POINT ( 'NONE', #983 ) ;
#4259 = EDGE_CURVE ( 'NONE', #2710, #3158, #2915, .T. ) ;
#4260 = CARTESIAN_POINT ( 'NONE',  ( 10.00000000000009948, 21.99999999999999645, 27.89999999999999147 ) ) ;
#4261 = ORIENTED_EDGE ( 'NONE', *, *, #1240, .F. ) ;
#4262 = DIRECTION ( 'NONE',  ( 3.481882245688216531E-15, 0.0000000000000000000, 1.000000000000000000 ) ) ;
#4263 = VERTEX_POINT ( 'NONE', #1341 ) ;
#4264 = DIRECTION ( 'NONE',  ( 0.0000000000000000000, 0.0000000000000000000, 1.000000000000000000 ) ) ;
#4265 = DIRECTION ( 'NONE',  ( 1.000000000000000000, 3.942553354492771634E-17, -3.480674935616895651E-15 ) ) ;
#4266 = ORIENTED_EDGE ( 'NONE', *, *, #1078, .F. ) ;
#4267 = ORIENTED_EDGE ( 'NONE', *, *, #3687, .T. ) ;
#4268 = AXIS2_PLACEMENT_3D ( 'NONE', #1430, #4265, #288 ) ;
#4269 = EDGE_LOOP ( 'NONE', ( #184, #4647, #4982, #3270, #3193 ) ) ;
#4270 = DIRECTION ( 'NONE',  ( 1.000000000000000000, 0.0000000000000000000, 0.0000000000000000000 ) ) ;
#4271 = DIRECTION ( 'NONE',  ( -2.017120320903336672E-17, 1.000000000000000000, 2.081668171172169992E-16 ) ) ;
#4272 = CARTESIAN_POINT ( 'NONE',  ( 9.500000000000099476, 21.50000000000000000, 27.89999999999999147 ) ) ;
#4273 = ADVANCED_FACE ( 'NONE', ( #1013 ), #1119, .T. ) ;
#4274 = PLANE ( 'NONE',  #2065 ) ;
#4275 = FACE_OUTER_BOUND ( 'NONE', #1097, .T. ) ;
#4276 = CARTESIAN_POINT ( 'NONE',  ( -10.00000000000061284, -22.00000000000009237, 2.587406784553214346E-13 ) ) ;
#4277 = CARTESIAN_POINT ( 'NONE',  ( -24.50000000000009948, 22.00000000000009237, 7.459310946700299536E-14 ) ) ;
#4278 = AXIS2_PLACEMENT_3D ( 'NONE', #4203, #173, #652 ) ;
#4279 = EDGE_LOOP ( 'NONE', ( #3719, #871, #892, #2650, #2838, #2054, #4311, #3433 ) ) ;
#4280 = AXIS2_PLACEMENT_3D ( 'NONE', #3440, #2231, #3835 ) ;
#4281 = CARTESIAN_POINT ( 'NONE',  ( 24.50000000000009948, 24.00000000000004263, 14.89999999999999147 ) ) ;
#4282 = LINE ( 'NONE', #3505, #3954 ) ;
#4283 = LINE ( 'NONE', #4682, #3953 ) ;
#4284 = AXIS2_PLACEMENT_3D ( 'NONE', #3517, #1135, #2712 ) ;
#4285 = EDGE_CURVE ( 'NONE', #1058, #4263, #682, .T. ) ;
#4286 = EDGE_CURVE ( 'NONE', #2345, #2086, #2718, .T. ) ;
#4287 = ORIENTED_EDGE ( 'NONE', *, *, #420, .F. ) ;
#4288 = CARTESIAN_POINT ( 'NONE',  ( -24.50000000000009948, 17.98221343439128361, 29.89999999999998792 ) ) ;
#4289 = ORIENTED_EDGE ( 'NONE', *, *, #3311, .F. ) ;
#4290 = CIRCLE ( 'NONE', #1947, 0.4999999999999970024 ) ;
#4291 = LINE ( 'NONE', #721, #2902 ) ;
#4292 = DIRECTION ( 'NONE',  ( -0.0000000000000000000, -0.0000000000000000000, 1.000000000000000000 ) ) ;
#4293 = ADVANCED_FACE ( 'NONE', ( #653 ), #275, .F. ) ;
#4294 = VECTOR ( 'NONE', #2455, 1000.000000000000000 ) ;
#4295 = ORIENTED_EDGE ( 'NONE', *, *, #4363, .F. ) ;
#4296 = CARTESIAN_POINT ( 'NONE',  ( 9.500000000000028422, 17.49999999999999645, 5.499999999999989342 ) ) ;
#4297 = CARTESIAN_POINT ( 'NONE',  ( 10.00000000000009948, 21.50000000000000000, 27.89999999999999147 ) ) ;
#4298 = AXIS2_PLACEMENT_3D ( 'NONE', #4129, #4491, #198 ) ;
#4299 = FACE_BOUND ( 'NONE', #710, .T. ) ;
#4300 = EDGE_CURVE ( 'NONE', #3918, #2801, #1140, .T. ) ;
#4301 = CARTESIAN_POINT ( 'NONE',  ( -7.500000000000053291, 21.50000000000000000, 14.92922943124999691 ) ) ;
#4302 = DIRECTION ( 'NONE',  ( 3.469446951953611033E-15, 0.0000000000000000000, 1.000000000000000000 ) ) ;
#4303 = CARTESIAN_POINT ( 'NONE',  ( -10.00000000000009948, 21.50000000000000000, 27.39999999999999503 ) ) ;
#4304 = LINE ( 'NONE', #3099, #2651 ) ;
#4305 = EDGE_CURVE ( 'NONE', #394, #610, #4304, .T. ) ;
#4306 = VERTEX_POINT ( 'NONE', #1847 ) ;
#4307 = DIRECTION ( 'NONE',  ( 0.0000000000000000000, 3.469446951953612611E-15, -1.000000000000000000 ) ) ;
#4308 = DIRECTION ( 'NONE',  ( -1.000000000000000000, -0.0000000000000000000, 0.0000000000000000000 ) ) ;
#4309 = DIRECTION ( 'NONE',  ( 1.000000000000000000, 0.0000000000000000000, 0.0000000000000000000 ) ) ;
#4310 = EDGE_CURVE ( 'NONE', #3110, #4657, #1534, .T. ) ;
#4311 = ORIENTED_EDGE ( 'NONE', *, *, #1464, .F. ) ;
#4312 = CARTESIAN_POINT ( 'NONE',  ( -9.500000000000001776, -21.50000000000000000, 0.4999999999999917843 ) ) ;
#4313 = ORIENTED_EDGE ( 'NONE', *, *, #1876, .T. ) ;
#4314 = CARTESIAN_POINT ( 'NONE',  ( 10.00000000000009948, 22.00000000000000000, 27.39999999999999858 ) ) ;
#4315 = CARTESIAN_POINT ( 'NONE',  ( -24.50000000000018119, 16.49999999999999645, 5.500000000000107470 ) ) ;
#4316 = EDGE_CURVE ( 'NONE', #3509, #2036, #4699, .T. ) ;
#4317 = ORIENTED_EDGE ( 'NONE', *, *, #1336, .T. ) ;
#4318 = ORIENTED_EDGE ( 'NONE', *, *, #1407, .F. ) ;
#4319 = CARTESIAN_POINT ( 'NONE',  ( -24.50000000000011724, -4.000000000000001776, 23.40000000000011227 ) ) ;
#4320 = DIRECTION ( 'NONE',  ( -0.0000000000000000000, -1.000000000000000000, -0.0000000000000000000 ) ) ;
#4321 = DIRECTION ( 'NONE',  ( 1.000000000000000000, 0.0000000000000000000, 0.0000000000000000000 ) ) ;
#4322 = VECTOR ( 'NONE', #5061, 1000.000000000000000 ) ;
#4323 = CIRCLE ( 'NONE', #3236, 1.000000000000000888 ) ;
#4325 = CARTESIAN_POINT ( 'NONE',  ( 8.500000000000101252, 23.00000000000000000, 27.39999999999999503 ) ) ;
#4324 = AXIS2_PLACEMENT_3D ( 'NONE', #3201, #3626, #4796 ) ;
#4326 = CARTESIAN_POINT ( 'NONE',  ( -7.579958376007470022, 22.95202497439552403, 28.04820640982100244 ) ) ;
#4327 = CARTESIAN_POINT ( 'NONE',  ( -10.00000000000033928, -24.00000000000003908, 14.89999999999999147 ) ) ;
#4328 = EDGE_CURVE ( 'NONE', #4492, #4927, #2285, .T. ) ;
#4329 = CARTESIAN_POINT ( 'NONE',  ( 8.344397841660986970, -23.15560215833889401, 29.31147321350129076 ) ) ;
#4330 = AXIS2_PLACEMENT_3D ( 'NONE', #2792, #52, #4398 ) ;
#4331 = ORIENTED_EDGE ( 'NONE', *, *, #1059, .F. ) ;
#4332 = EDGE_CURVE ( 'NONE', #3462, #2389, #5030, .T. ) ;
#4334 = CARTESIAN_POINT ( 'NONE',  ( -7.500000000000053291, -23.00000000000004263, 14.91634972440323814 ) ) ;
#4333 = CIRCLE ( 'NONE', #406, 1.000000000000000888 ) ;
#4335 = FACE_OUTER_BOUND ( 'NONE', #4522, .T. ) ;
#4336 = AXIS2_PLACEMENT_3D ( 'NONE', #3504, #256, #1073 ) ;
#4337 = DIRECTION ( 'NONE',  ( 3.469446951953611033E-15, 0.0000000000000000000, 1.000000000000000000 ) ) ;
#4338 = AXIS2_PLACEMENT_3D ( 'NONE', #2258, #247, #3886 ) ;
#4339 = EDGE_CURVE ( 'NONE', #4258, #1402, #353, .T. ) ;
#4340 = VERTEX_POINT ( 'NONE', #1922 ) ;
#4341 = ADVANCED_FACE ( 'NONE', ( #298 ), #2647, .F. ) ;
#4342 = LINE ( 'NONE', #2341, #1985 ) ;
#4343 = ORIENTED_EDGE ( 'NONE', *, *, #4305, .F. ) ;
#4344 = DIRECTION ( 'NONE',  ( -0.0000000000000000000, -1.000000000000000000, -0.0000000000000000000 ) ) ;
#4345 = CARTESIAN_POINT ( 'NONE',  ( 9.500000000000083489, -6.686431124542984342E-15, 23.39999999999999503 ) ) ;
#4346 = EDGE_CURVE ( 'NONE', #3780, #80, #1946, .T. ) ;
#4347 = ORIENTED_EDGE ( 'NONE', *, *, #312, .F. ) ;
#4348 = EDGE_LOOP ( 'NONE', ( #3208, #2056, #5179, #306 ) ) ;
#4349 = CARTESIAN_POINT ( 'NONE',  ( -9.500000000000053291, 21.50000000000000000, 14.92922943124998980 ) ) ;
#4350 = DIRECTION ( 'NONE',  ( 1.000000000000000000, 3.942553354492771634E-17, -3.480674935616895651E-15 ) ) ;
#4351 = PLANE ( 'NONE',  #4752 ) ;
#4352 = EDGE_CURVE ( 'NONE', #3522, #2036, #4333, .T. ) ;
#4353 = LINE ( 'NONE', #2773, #4995 ) ;
#4354 = CARTESIAN_POINT ( 'NONE',  ( -9.345630277018919685, 21.89262183378861337, 29.83493168666585049 ) ) ;
#4355 = CARTESIAN_POINT ( 'NONE',  ( 9.121320343559746746, 22.96446609406725159, 29.89999999999999147 ) ) ;
#4356 = CYLINDRICAL_SURFACE ( 'NONE', #585, 0.4999999999999970024 ) ;
#4357 = ORIENTED_EDGE ( 'NONE', *, *, #3436, .T. ) ;
#4358 = PLANE ( 'NONE',  #4380 ) ;
#4359 = EDGE_LOOP ( 'NONE', ( #2502, #1729, #4895, #2899, #806, #4900 ) ) ;
#4360 = CARTESIAN_POINT ( 'NONE',  ( -24.50000000000011724, 16.49999999999999645, 23.40000000000011227 ) ) ;
#4361 = DIRECTION ( 'NONE',  ( 0.0000000000000000000, 0.0000000000000000000, 1.000000000000000000 ) ) ;
#4362 = CARTESIAN_POINT ( 'NONE',  ( -9.500000000000001776, -3.000000000000000444, -3.135613839750379111E-14 ) ) ;
#4363 = EDGE_CURVE ( 'NONE', #2389, #3612, #4633, .T. ) ;
#4364 = EDGE_CURVE ( 'NONE', #3158, #3748, #828, .T. ) ;
#4365 = VECTOR ( 'NONE', #67, 1000.000000000000000 ) ;
#4366 = VERTEX_POINT ( 'NONE', #432 ) ;
#4367 = DIRECTION ( 'NONE',  ( -1.000000000000000000, 0.0000000000000000000, 3.481882245688216531E-15 ) ) ;
#4368 = ORIENTED_EDGE ( 'NONE', *, *, #2098, .T. ) ;
#4369 = AXIS2_PLACEMENT_3D ( 'NONE', #3964, #380, #5167 ) ;
#4370 = LINE ( 'NONE', #3192, #2014 ) ;
#4371 = EDGE_CURVE ( 'NONE', #4473, #2629, #4774, .T. ) ;
#4372 = ORIENTED_EDGE ( 'NONE', *, *, #1361, .F. ) ;
#4373 = AXIS2_PLACEMENT_3D ( 'NONE', #2376, #3249, #2020 ) ;
#4374 = CIRCLE ( 'NONE', #2129, 1.000000000000000888 ) ;
#4375 = ORIENTED_EDGE ( 'NONE', *, *, #1627, .T. ) ;
#4376 = CARTESIAN_POINT ( 'NONE',  ( 9.500000000000005329, 21.50000000000000000, 0.4999999999999917843 ) ) ;
#4377 = CARTESIAN_POINT ( 'NONE',  ( -24.50000000000012434, -3.000000000000000888, 22.40000000000011227 ) ) ;
#4378 = DIRECTION ( 'NONE',  ( 1.000000000000000000, 0.0000000000000000000, 0.0000000000000000000 ) ) ;
#4379 = DIRECTION ( 'NONE',  ( -0.0000000000000000000, 0.0000000000000000000, -1.000000000000000000 ) ) ;
#4380 = AXIS2_PLACEMENT_3D ( 'NONE', #4827, #14, #3966 ) ;
#4381 = DIRECTION ( 'NONE',  ( 0.0000000000000000000, 1.000000000000000000, 2.775557561562888984E-15 ) ) ;
#4382 = FACE_BOUND ( 'NONE', #3826, .T. ) ;
#4383 = CARTESIAN_POINT ( 'NONE',  ( -7.500000000000020428, -16.49999999999999645, 5.500000000000044409 ) ) ;
#4384 = EDGE_CURVE ( 'NONE', #5130, #666, #2025, .T. ) ;
#4385 =( BOUNDED_SURFACE ( )  B_SPLINE_SURFACE ( 3, 2, ( 
 ( #1264, #3274, #589 ),
 ( #1319, #3300, #4142 ),
 ( #4116, #1781, #4873 ),
 ( #1292, #895, #1731 ),
 ( #162, #3331, #4928 ),
 ( #1353, #2843, #4538 ),
 ( #2531, #1757, #3750 ),
 ( #3357, #4951, #1374 ),
 ( #2959, #4563, #971 ),
 ( #2555, #2180, #3778 ),
 ( #185, #872, #2451 ),
 ( #310, #1448, #3459 ),
 ( #616, #1105, #3482 ),
 ( #697, #1027, #2272 ) ),
 .UNSPECIFIED., .F., .F., .F. ) 
 B_SPLINE_SURFACE_WITH_KNOTS ( ( 4, 2, 2, 2, 2, 2, 4 ),
 ( 3, 3 ),
 ( 3.141592653589793116, 3.337942194439155408, 3.534291735288517255, 3.730641276137879103, 3.926990816987241395, 4.319689898685965090, 4.712388980384689674 ),
 ( 0.0000000000000000000, 1.000000000000000000 ),
 .UNSPECIFIED. ) 
 GEOMETRIC_REPRESENTATION_ITEM ( )  RATIONAL_B_SPLINE_SURFACE ( (
 ( 1.000000000000000000, 0.7071067811865475727, 1.000000000000000000),
 ( 1.000000000000000000, 0.7070717253461166196, 1.000000000000000000),
 ( 1.000000000000000000, 0.7117460065651378676, 1.000000000000000000),
 ( 1.000000000000000000, 0.7291288899781785959, 1.000000000000000000),
 ( 1.000000000000000000, 0.7418334233299210823, 1.000000000000000000),
 ( 1.000000000000000000, 0.7723968163672829679, 1.000000000000000000),
 ( 1.000000000000000000, 0.7902180133723291089, 1.000000000000000000),
 ( 1.000000000000000000, 0.8275942648710118421, 1.000000000000000000),
 ( 1.000000000000000000, 0.8471316638281768396, 1.000000000000000000),
 ( 1.000000000000000000, 0.9038128836969619995, 1.000000000000000000),
 ( 1.000000000000000000, 0.9386556535315634386, 1.000000000000000000),
 ( 1.000000000000000000, 0.9867291862307491224, 1.000000000000000000),
 ( 1.000000000000000000, 1.000158583040913429, 1.000000000000000000),
 ( 1.000000000000000000, 1.000000000000000000, 1.000000000000000000) ) ) 
 REPRESENTATION_ITEM ( '' )  SURFACE ( )  );
#4386 = CARTESIAN_POINT ( 'NONE',  ( 6.499999999999998224, -25.50000000000000355, -2.499999999999992006 ) ) ;
#4387 = ORIENTED_EDGE ( 'NONE', *, *, #38, .F. ) ;
#4388 = ADVANCED_FACE ( 'NONE', ( #12 ), #2052, .F. ) ;
#4389 = DIRECTION ( 'NONE',  ( 0.0000000000000000000, 0.0000000000000000000, -1.000000000000000000 ) ) ;
#4390 = CARTESIAN_POINT ( 'NONE',  ( -24.50000000000011724, 3.999999999999998224, 23.40000000000011227 ) ) ;
#4391 = CARTESIAN_POINT ( 'NONE',  ( 24.50000000000009948, -17.98221343439128361, -12.00000000000000355 ) ) ;
#4392 = MANIFOLD_SOLID_BREP ( 'º¸½ÓµÄ±ß½Ç15', #4789 ) ;
#4393 = ORIENTED_EDGE ( 'NONE', *, *, #234, .F. ) ;
#4394 = CARTESIAN_POINT ( 'NONE',  ( -24.50000000000009948, -21.50000000000000000, 27.39999999999999503 ) ) ;
#4395 = VERTEX_POINT ( 'NONE', #37 ) ;
#4396 = ORIENTED_EDGE ( 'NONE', *, *, #1403, .T. ) ;
#4397 = ORIENTED_EDGE ( 'NONE', *, *, #3853, .T. ) ;
#4398 = DIRECTION ( 'NONE',  ( 1.000000000000000000, 0.0000000000000000000, 0.0000000000000000000 ) ) ;
#4399 = CYLINDRICAL_SURFACE ( 'NONE', #4788, 0.9999999999999991118 ) ;
#4400 = FACE_OUTER_BOUND ( 'NONE', #3078, .T. ) ;
#4401 = LINE ( 'NONE', #56, #3157 ) ;
#4402 = EDGE_CURVE ( 'NONE', #4974, #3058, #5084, .T. ) ;
#4403 = FACE_OUTER_BOUND ( 'NONE', #4608, .T. ) ;
#4404 = CARTESIAN_POINT ( 'NONE',  ( -6.499999999999997335, -25.50000000000003553, -11.99999999999982947 ) ) ;
#4405 = VECTOR ( 'NONE', #4250, 1000.000000000000000 ) ;
#4406 =( NAMED_UNIT ( * ) SI_UNIT ( $, .STERADIAN. ) SOLID_ANGLE_UNIT ( ) );
#4407 = ADVANCED_FACE ( 'NONE', ( #1193 ), #4356, .F. ) ;
#4408 = VECTOR ( 'NONE', #1453, 1000.000000000000000 ) ;
#4409 = ORIENTED_EDGE ( 'NONE', *, *, #3029, .F. ) ;
#4410 = PLANE ( 'NONE',  #1711 ) ;
#4411 = ORIENTED_EDGE ( 'NONE', *, *, #2540, .F. ) ;
#4412 = DIRECTION ( 'NONE',  ( -0.0000000000000000000, -0.0000000000000000000, 1.000000000000000000 ) ) ;
#4413 = CARTESIAN_POINT ( 'NONE',  ( 10.00000000000009948, 21.50000000000000000, 27.39999999999999503 ) ) ;
#4414 = CARTESIAN_POINT ( 'NONE',  ( -9.500000000000101252, -21.99999999999999645, 27.69289321881344534 ) ) ;
#4415 = CIRCLE ( 'NONE', #2163, 2.500000000000003997 ) ;
#4416 = EDGE_CURVE ( 'NONE', #4340, #4683, #5168, .T. ) ;
#4417 = ADVANCED_FACE ( 'NONE', ( #1243 ), #849, .F. ) ;
#4418 = COLOUR_RGB ( '',0.7921568627450980005, 0.8196078431372548767, 0.9333333333333333481 ) ;
#4419 = AXIS2_PLACEMENT_3D ( 'NONE', #1198, #385, #4389 ) ;
#4420 = VERTEX_POINT ( 'NONE', #4460 ) ;
#4421 = EDGE_CURVE ( 'NONE', #2760, #4018, #2460, .T. ) ;
#4422 = DIRECTION ( 'NONE',  ( -1.000000000000000000, -6.938893903907306475E-15, 0.0000000000000000000 ) ) ;
#4423 = ORIENTED_EDGE ( 'NONE', *, *, #2469, .T. ) ;
#4424 = FACE_OUTER_BOUND ( 'NONE', #489, .T. ) ;
#4425 = VECTOR ( 'NONE', #3441, 1000.000000000000000 ) ;
#4426 = ORIENTED_EDGE ( 'NONE', *, *, #2697, .T. ) ;
#4427 = VERTEX_POINT ( 'NONE', #3179 ) ;
#4428 = CARTESIAN_POINT ( 'NONE',  ( -10.00000000000033928, -22.00000000000004263, 14.89999999999998437 ) ) ;
#4429 = CARTESIAN_POINT ( 'NONE',  ( -6.500000000000000000, 23.50000000000000000, -2.000000000000000000 ) ) ;
#4430 = DIRECTION ( 'NONE',  ( -0.0000000000000000000, 1.000000000000000000, 3.469446951953613006E-15 ) ) ;
#4431 = DIRECTION ( 'NONE',  ( 1.000000000000000000, 3.942553354492771634E-17, -3.480674935616895651E-15 ) ) ;
#4432 = DIRECTION ( 'NONE',  ( 1.000000000000000000, 0.0000000000000000000, 0.0000000000000000000 ) ) ;
#4433 = LINE ( 'NONE', #848, #1451 ) ;
#4434 = EDGE_CURVE ( 'NONE', #1962, #4911, #804, .T. ) ;
#4435 = ORIENTED_EDGE ( 'NONE', *, *, #5169, .F. ) ;
#4436 = DIRECTION ( 'NONE',  ( -0.0000000000000000000, -1.000000000000000000, -3.491481338843134144E-15 ) ) ;
#4437 = ORIENTED_EDGE ( 'NONE', *, *, #3951, .T. ) ;
#4438 = DIRECTION ( 'NONE',  ( 0.0000000000000000000, 1.000000000000000000, -3.491481338843133355E-15 ) ) ;
#4439 = CYLINDRICAL_SURFACE ( 'NONE', #2196, 1.000000000000000888 ) ;
#4440 = DIRECTION ( 'NONE',  ( 1.000000000000000000, -0.0000000000000000000, -0.0000000000000000000 ) ) ;
#4441 = DIRECTION ( 'NONE',  ( 3.469446951953611033E-15, 0.0000000000000000000, -1.000000000000000000 ) ) ;
#4442 = ADVANCED_FACE ( 'NONE', ( #118 ), #1331, .F. ) ;
#4443 = EDGE_CURVE ( 'NONE', #5093, #1906, #2538, .T. ) ;
#4444 = EDGE_LOOP ( 'NONE', ( #2088, #987, #4661 ) ) ;
#4445 = LINE ( 'NONE', #863, #3585 ) ;
#4446 = ORIENTED_EDGE ( 'NONE', *, *, #470, .F. ) ;
#4447 = EDGE_CURVE ( 'NONE', #2151, #2110, #2912, .T. ) ;
#4448 = EDGE_LOOP ( 'NONE', ( #158, #4685, #2127, #1908 ) ) ;
#4449 = ORIENTED_EDGE ( 'NONE', *, *, #1219, .F. ) ;
#4450 = ORIENTED_EDGE ( 'NONE', *, *, #3784, .T. ) ;
#4451 = AXIS2_PLACEMENT_3D ( 'NONE', #1405, #4936, #2987 ) ;
#4452 = DIRECTION ( 'NONE',  ( 0.0000000000000000000, 1.000000000000000000, -3.469446951953670987E-15 ) ) ;
#4453 = ADVANCED_FACE ( 'NONE', ( #3783 ), #4937, .F. ) ;
#4454 = DIRECTION ( 'NONE',  ( -0.0000000000000000000, -1.000000000000000000, -0.0000000000000000000 ) ) ;
#4455 = CARTESIAN_POINT ( 'NONE',  ( -24.50000000000011724, 16.49999999999999645, 23.40000000000011227 ) ) ;
#4456 = DIRECTION ( 'NONE',  ( -3.503246160812042677E-46, -1.000000000000000000, -3.491481338843133355E-15 ) ) ;
#4457 = CYLINDRICAL_SURFACE ( 'NONE', #3411, 2.100000000000001865 ) ;
#4458 = DIRECTION ( 'NONE',  ( -1.841475689883071491E-14, -3.469446951953612611E-15, -1.000000000000000000 ) ) ;
#4459 = ORIENTED_EDGE ( 'NONE', *, *, #3563, .F. ) ;
#4460 = CARTESIAN_POINT ( 'NONE',  ( 10.00000000000009237, 22.00000000000003908, 14.89999999999998437 ) ) ;
#4461 = VECTOR ( 'NONE', #1609, 1000.000000000000000 ) ;
#4462 = ORIENTED_EDGE ( 'NONE', *, *, #1108, .F. ) ;
#4463 = CARTESIAN_POINT ( 'NONE',  ( -24.50000000000009948, 21.50000000000000000, 27.89999999999999147 ) ) ;
#4464 = ORIENTED_EDGE ( 'NONE', *, *, #4719, .F. ) ;
#4465 = DIRECTION ( 'NONE',  ( -0.0000000000000000000, -1.000000000000000000, -0.0000000000000000000 ) ) ;
#4466 = CARTESIAN_POINT ( 'NONE',  ( 6.499999999999996447, -21.50000000000000000, -2.000000000000000000 ) ) ;
#4467 = ADVANCED_FACE ( 'NONE', ( #4595 ), #4173, .F. ) ;
#4468 = PLANE ( 'NONE',  #3834 ) ;
#4469 = DIRECTION ( 'NONE',  ( 2.017120320903264257E-17, 1.000000000000000000, -7.042737958635019892E-32 ) ) ;
#4470 = ORIENTED_EDGE ( 'NONE', *, *, #1282, .F. ) ;
#4471 = DIRECTION ( 'NONE',  ( 0.0000000000000000000, -1.000000000000000000, -3.469446951953613400E-15 ) ) ;
#4472 = ORIENTED_EDGE ( 'NONE', *, *, #3373, .T. ) ;
#4473 = VERTEX_POINT ( 'NONE', #4568 ) ;
#4474 = EDGE_LOOP ( 'NONE', ( #1864, #5162, #2493, #2893 ) ) ;
#4475 = EDGE_CURVE ( 'NONE', #3780, #2124, #3734, .T. ) ;
#4476 = VERTEX_POINT ( 'NONE', #932 ) ;
#4477 = LINE ( 'NONE', #133, #400 ) ;
#4478 = CARTESIAN_POINT ( 'NONE',  ( 7.500000000000102141, -21.50000000000000000, 27.39999999999999503 ) ) ;
#4479 = DIRECTION ( 'NONE',  ( -1.000000000000000000, 0.0000000000000000000, 3.481882245688216531E-15 ) ) ;
#4480 = ADVANCED_FACE ( 'NONE', ( #4959 ), #4198, .F. ) ;
#4481 = DIRECTION ( 'NONE',  ( 1.000000000000000000, 1.863616813669573477E-30, -5.337610695313251385E-16 ) ) ;
#4482 = DIRECTION ( 'NONE',  ( -1.000000000000000000, 0.0000000000000000000, 0.0000000000000000000 ) ) ;
#4483 = EDGE_CURVE ( 'NONE', #1703, #1667, #1578, .T. ) ;
#4484 = DIRECTION ( 'NONE',  ( -1.000000000000000000, -2.017120320903264257E-17, -3.491481338843133355E-15 ) ) ;
#4485 = LINE ( 'NONE', #4098, #1371 ) ;
#4486 = ORIENTED_EDGE ( 'NONE', *, *, #1708, .F. ) ;
#4487 = DIRECTION ( 'NONE',  ( 0.0000000000000000000, 0.0000000000000000000, -1.000000000000000000 ) ) ;
#4488 = EDGE_CURVE ( 'NONE', #3064, #1080, #2588, .T. ) ;
#4489 = ORIENTED_EDGE ( 'NONE', *, *, #2999, .F. ) ;
#4491 = DIRECTION ( 'NONE',  ( -6.938893903907294642E-15, -1.000000000000000000, 0.0000000000000000000 ) ) ;
#4490 = CIRCLE ( 'NONE', #3406, 1.000000000000000888 ) ;
#4492 = VERTEX_POINT ( 'NONE', #2939 ) ;
#4493 = ADVANCED_FACE ( 'NONE', ( #3412 ), #568, .T. ) ;
#4494 = FACE_OUTER_BOUND ( 'NONE', #3560, .T. ) ;
#4495 = CARTESIAN_POINT ( 'NONE',  ( 8.535533905932837229, 22.37867965644035451, 29.89999999999999147 ) ) ;
#4496 = CARTESIAN_POINT ( 'NONE',  ( 7.500000000000027534, -2.999999999999999556, 5.499999999999994671 ) ) ;
#4497 = DIRECTION ( 'NONE',  ( -0.0000000000000000000, -1.000000000000000000, -0.0000000000000000000 ) ) ;
#4498 = VECTOR ( 'NONE', #1089, 1000.000000000000000 ) ;
#4499 = VECTOR ( 'NONE', #1190, 1000.000000000000000 ) ;
#4500 = EDGE_CURVE ( 'NONE', #4244, #4764, #4147, .T. ) ;
#4501 = ORIENTED_EDGE ( 'NONE', *, *, #2743, .T. ) ;
#4503 = LINE ( 'NONE', #46, #1827 ) ;
#4502 = CIRCLE ( 'NONE', #3582, 0.9999999999999991118 ) ;
#4504 = ORIENTED_EDGE ( 'NONE', *, *, #1253, .T. ) ;
#4505 = VECTOR ( 'NONE', #1165, 1000.000000000000000 ) ;
#4506 = EDGE_CURVE ( 'NONE', #2927, #3801, #1303, .T. ) ;
#4507 = EDGE_CURVE ( 'NONE', #4927, #2883, #3762, .T. ) ;
#4508 = EDGE_CURVE ( 'NONE', #4033, #3128, #2249, .T. ) ;
#4509 = EDGE_LOOP ( 'NONE', ( #4022, #1307, #509, #45, #1643, #4948 ) ) ;
#4510 = EDGE_LOOP ( 'NONE', ( #1431, #3486, #109, #41 ) ) ;
#4511 = ORIENTED_EDGE ( 'NONE', *, *, #5012, .F. ) ;
#4512 = CARTESIAN_POINT ( 'NONE',  ( 6.499999999999998224, -25.50000000000000355, -1.999999999999993117 ) ) ;
#4513 = AXIS2_PLACEMENT_3D ( 'NONE', #1266, #819, #3981 ) ;
#4514 = DIRECTION ( 'NONE',  ( -1.000000000000000000, 0.0000000000000000000, 0.0000000000000000000 ) ) ;
#4515 = EDGE_CURVE ( 'NONE', #550, #1318, #3708, .T. ) ;
#4516 = CARTESIAN_POINT ( 'NONE',  ( 37.00000000000000000, 0.0000000000000000000, 29.89999999999998792 ) ) ;
#4517 = DIRECTION ( 'NONE',  ( 0.0000000000000000000, 0.0000000000000000000, 1.000000000000000000 ) ) ;
#4518 = DIRECTION ( 'NONE',  ( -1.000000000000000000, 6.938893903907137659E-15, 0.0000000000000000000 ) ) ;
#4519 = CARTESIAN_POINT ( 'NONE',  ( 7.500000000000053291, -21.50000000000000000, 14.91977001746919207 ) ) ;
#4520 = CARTESIAN_POINT ( 'NONE',  ( 10.00000000000033928, -21.50000000000000000, 14.91977001746919029 ) ) ;
#4521 = ADVANCED_FACE ( 'NONE', ( #4124 ), #4910, .F. ) ;
#4522 = EDGE_LOOP ( 'NONE', ( #390, #1964, #4024, #1399 ) ) ;
#4523 = CARTESIAN_POINT ( 'NONE',  ( 24.50000000000009948, 24.00000000000000000, 27.40000000000000213 ) ) ;
#4524 = ORIENTED_EDGE ( 'NONE', *, *, #5086, .T. ) ;
#4525 = LINE ( 'NONE', #4549, #1500 ) ;
#4526 = CARTESIAN_POINT ( 'NONE',  ( 10.00000000000009237, 22.00000000000003908, 14.90916258126159732 ) ) ;
#4527 = CARTESIAN_POINT ( 'NONE',  ( 7.500000000000082601, -17.49999999999999645, 22.39999999999999858 ) ) ;
#4528 = DIRECTION ( 'NONE',  ( -2.017120320903264257E-17, -1.000000000000000000, 0.0000000000000000000 ) ) ;
#4529 = CIRCLE ( 'NONE', #1263, 2.500000000000002220 ) ;
#4530 = ORIENTED_EDGE ( 'NONE', *, *, #933, .T. ) ;
#4531 =( BOUNDED_CURVE ( )  B_SPLINE_CURVE ( 3, ( #5100, #2761, #791, #4758 ),
 .UNSPECIFIED., .F., .F. ) 
 B_SPLINE_CURVE_WITH_KNOTS ( ( 4, 4 ),
 ( 0.0000000000000000000, 1.570796326794896558 ),
 .UNSPECIFIED. ) 
 CURVE ( )  GEOMETRIC_REPRESENTATION_ITEM ( )  RATIONAL_B_SPLINE_CURVE ( ( 1.000000000000000000, 0.8047378541243649375, 0.8047378541243649375, 1.000000000000000000 ) ) 
 REPRESENTATION_ITEM ( '' )  );
#4532 = CARTESIAN_POINT ( 'NONE',  ( -8.955976963262239465, -22.54402303673667873, 29.70124951836958971 ) ) ;
#4533 = VERTEX_POINT ( 'NONE', #1868 ) ;
#4534 = PRODUCT_DEFINITION_SHAPE ( 'NONE', 'NONE',  #992 ) ;
#4535 = ORIENTED_EDGE ( 'NONE', *, *, #4906, .F. ) ;
#4536 = ORIENTED_EDGE ( 'NONE', *, *, #349, .T. ) ;
#4537 = ORIENTED_EDGE ( 'NONE', *, *, #4488, .F. ) ;
#4538 = CARTESIAN_POINT ( 'NONE',  ( 8.651750556923483160, 23.74708240512767077, 28.50787800615269774 ) ) ;
#4539 = LINE ( 'NONE', #2071, #3845 ) ;
#4540 = ADVANCED_FACE ( 'NONE', ( #5108 ), #5060, .F. ) ;
#4541 = CARTESIAN_POINT ( 'NONE',  ( -6.500000000000000000, 21.50000000000000000, 0.0000000000000000000 ) ) ;
#4542 = AXIS2_PLACEMENT_3D ( 'NONE', #2380, #431, #36 ) ;
#4543 = CARTESIAN_POINT ( 'NONE',  ( -7.500000000000096811, 23.00000000000000000, 27.39999999999999858 ) ) ;
#4544 = LINE ( 'NONE', #3861, #2521 ) ;
#4545 = CARTESIAN_POINT ( 'NONE',  ( 9.500000000000101252, -21.50000000000000000, 27.39999999999999503 ) ) ;
#4546 = DIRECTION ( 'NONE',  ( 1.000000000000000000, 0.0000000000000000000, 0.0000000000000000000 ) ) ;
#4547 = EDGE_LOOP ( 'NONE', ( #3271, #344, #1877, #1984 ) ) ;
#4548 = VECTOR ( 'NONE', #2070, 1000.000000000000000 ) ;
#4549 = CARTESIAN_POINT ( 'NONE',  ( -10.00000000000009948, 23.99999999999999645, 27.40000000000000213 ) ) ;
#4550 = LINE ( 'NONE', #251, #2678 ) ;
#4551 = DIRECTION ( 'NONE',  ( -0.0000000000000000000, 1.000000000000000000, -0.0000000000000000000 ) ) ;
#4552 = LINE ( 'NONE', #607, #4139 ) ;
#4553 = VECTOR ( 'NONE', #4469, 1000.000000000000000 ) ;
#4554 = ADVANCED_FACE ( 'NONE', ( #4299, #678, #3095 ), #4646, .F. ) ;
#4555 = ORIENTED_EDGE ( 'NONE', *, *, #1259, .F. ) ;
#4556 = CARTESIAN_POINT ( 'NONE',  ( -8.740952561155424405, -22.25542846330665370, 29.58446597589039939 ) ) ;
#4557 = CARTESIAN_POINT ( 'NONE',  ( 0.0000000000000000000, 17.50000000000000000, 0.0000000000000000000 ) ) ;
#4558 = AXIS2_PLACEMENT_3D ( 'NONE', #4601, #1015, #1390 ) ;
#4559 = ORIENTED_EDGE ( 'NONE', *, *, #4953, .F. ) ;
#4560 = ADVANCED_FACE ( 'NONE', ( #1062 ), #701, .F. ) ;
#4561 = ORIENTED_EDGE ( 'NONE', *, *, #5057, .T. ) ;
#4562 = ORIENTED_EDGE ( 'NONE', *, *, #3689, .T. ) ;
#4563 = CARTESIAN_POINT ( 'NONE',  ( 8.344397841661324478, 23.15560215833887980, 29.31147321350109536 ) ) ;
#4564 = CARTESIAN_POINT ( 'NONE',  ( 7.000000000000002665, 21.50000000000000000, 0.0000000000000000000 ) ) ;
#4565 = CARTESIAN_POINT ( 'NONE',  ( -9.500000000000049738, 2.999999999999998668, 5.500000000000055067 ) ) ;
#4566 = CARTESIAN_POINT ( 'NONE',  ( 7.500000000000076383, -16.49999999999999645, 22.39999999999999858 ) ) ;
#4567 = DIRECTION ( 'NONE',  ( -1.000000000000000000, 0.0000000000000000000, 3.480674935616895651E-15 ) ) ;
#4568 = CARTESIAN_POINT ( 'NONE',  ( 3.000000000000006217, -13.00000000000000178, -2.000000000000000000 ) ) ;
#4569 = ORIENTED_EDGE ( 'NONE', *, *, #850, .F. ) ;
#4570 = FACE_BOUND ( 'NONE', #2178, .T. ) ;
#4571 = ORIENTED_EDGE ( 'NONE', *, *, #4729, .T. ) ;
#4572 = DIRECTION ( 'NONE',  ( 0.0000000000000000000, 0.0000000000000000000, -1.000000000000000000 ) ) ;
#4573 = FACE_OUTER_BOUND ( 'NONE', #5000, .T. ) ;
#4574 = PLANE ( 'NONE',  #2321 ) ;
#4575 = CARTESIAN_POINT ( 'NONE',  ( -2.000000000000002220, -13.00000000000000000, 0.0000000000000000000 ) ) ;
#4576 = EDGE_CURVE ( 'NONE', #3168, #3918, #2713, .T. ) ;
#4577 = ORIENTED_EDGE ( 'NONE', *, *, #4165, .T. ) ;
#4578 = CARTESIAN_POINT ( 'NONE',  ( -8.003107827632510052, -23.49689217236788963, 28.95388842466222457 ) ) ;
#4579 = EDGE_LOOP ( 'NONE', ( #3540, #2735, #493, #1833, #2858, #2548, #464, #637, #1754, #3374, #4865, #4537 ) ) ;
#4580 = EDGE_CURVE ( 'NONE', #4018, #51, #2640, .T. ) ;
#4581 = LINE ( 'NONE', #4705, #276 ) ;
#4582 = VECTOR ( 'NONE', #4145, 1000.000000000000000 ) ;
#4583 = AXIS2_PLACEMENT_3D ( 'NONE', #3059, #4367, #4262 ) ;
#4584 = ORIENTED_EDGE ( 'NONE', *, *, #537, .F. ) ;
#4585 = ORIENTED_EDGE ( 'NONE', *, *, #4989, .T. ) ;
#4586 = DIRECTION ( 'NONE',  ( -1.000000000000000000, 2.017120320903264257E-17, 3.481882245688215743E-15 ) ) ;
#4587 = DIRECTION ( 'NONE',  ( -1.000000000000000000, -0.0000000000000000000, -0.0000000000000000000 ) ) ;
#4588 = ADVANCED_FACE ( 'NONE', ( #2279 ), #4247, .T. ) ;
#4589 = CIRCLE ( 'NONE', #5080, 1.000000000000000888 ) ;
#4590 = EDGE_LOOP ( 'NONE', ( #155, #531, #2288, #3679 ) ) ;
#4591 = VECTOR ( 'NONE', #3843, 1000.000000000000000 ) ;
#4592 = VECTOR ( 'NONE', #3209, 1000.000000000000000 ) ;
#4593 = CARTESIAN_POINT ( 'NONE',  ( -10.00000000000033928, -24.00000000000004263, 14.89999999999999147 ) ) ;
#4594 = DIRECTION ( 'NONE',  ( -1.000000000000000000, 0.0000000000000000000, 3.481882245688215743E-15 ) ) ;
#4595 = FACE_OUTER_BOUND ( 'NONE', #3063, .T. ) ;
#4596 = CARTESIAN_POINT ( 'NONE',  ( -2.000000000000002220, 13.99999999999999822, -12.00000000000000000 ) ) ;
#4597 = EDGE_LOOP ( 'NONE', ( #1030, #4839, #266, #1673 ) ) ;
#4598 = CARTESIAN_POINT ( 'NONE',  ( -9.500000000000101252, 21.50000000000000000, 27.39999999999999503 ) ) ;
#4599 = CARTESIAN_POINT ( 'NONE',  ( 24.50000000000009948, -24.00000000000000000, 27.40000000000000213 ) ) ;
#4600 = DIRECTION ( 'NONE',  ( -0.0000000000000000000, 1.000000000000000000, -0.0000000000000000000 ) ) ;
#4601 = CARTESIAN_POINT ( 'NONE',  ( 2.000000000000002220, 13.00000000000000000, 0.0000000000000000000 ) ) ;
#4602 = ORIENTED_EDGE ( 'NONE', *, *, #968, .T. ) ;
#4603 = CARTESIAN_POINT ( 'NONE',  ( -8.698252604552092038, -23.66957899241336705, 28.65287669307824103 ) ) ;
#4604 = VERTEX_POINT ( 'NONE', #3862 ) ;
#4605 = CARTESIAN_POINT ( 'NONE',  ( 3.000000000000006217, 0.0000000000000000000, 0.0000000000000000000 ) ) ;
#4606 = AXIS2_PLACEMENT_3D ( 'NONE', #4786, #4735, #2737 ) ;
#4607 = ADVANCED_FACE ( 'NONE', ( #269 ), #3067, .F. ) ;
#4608 = EDGE_LOOP ( 'NONE', ( #2887, #1669, #1257, #1275 ) ) ;
#4609 = CARTESIAN_POINT ( 'NONE',  ( 6.499999999999997335, 23.50000000000000000, -2.499999999999998668 ) ) ;
#4610 = VERTEX_POINT ( 'NONE', #3468 ) ;
#4611 = DIRECTION ( 'NONE',  ( 1.841475689883071491E-14, -3.469446951953612611E-15, -1.000000000000000000 ) ) ;
#4612 = EDGE_CURVE ( 'NONE', #2801, #2829, #3118, .T. ) ;
#4613 = LINE ( 'NONE', #2684, #3692 ) ;
#4614 = EDGE_LOOP ( 'NONE', ( #4524, #3849, #1107, #1799 ) ) ;
#4615 = ORIENTED_EDGE ( 'NONE', *, *, #197, .F. ) ;
#4616 = CARTESIAN_POINT ( 'NONE',  ( -7.500000000000096811, -23.00000000000000000, 27.39999999999999503 ) ) ;
#4617 = LINE ( 'NONE', #1839, #535 ) ;
#4618 = LINE ( 'NONE', #3836, #4254 ) ;
#4619 = CIRCLE ( 'NONE', #3944, 0.9999999999999991118 ) ;
#4620 = CARTESIAN_POINT ( 'NONE',  ( -24.50000000000012434, -4.000000000000001776, 22.40000000000011227 ) ) ;
#4621 = VERTEX_POINT ( 'NONE', #4718 ) ;
#4622 = EDGE_CURVE ( 'NONE', #520, #4028, #4618, .T. ) ;
#4623 = CARTESIAN_POINT ( 'NONE',  ( 0.0000000000000000000, -24.00000000000004263, 14.89999999999999147 ) ) ;
#4624 = FACE_OUTER_BOUND ( 'NONE', #3893, .T. ) ;
#4625 = CIRCLE ( 'NONE', #4204, 0.5000000000000004441 ) ;
#4626 = CARTESIAN_POINT ( 'NONE',  ( 24.50000000000009948, 21.50000000000000000, 27.39999999999999503 ) ) ;
#4627 = CARTESIAN_POINT ( 'NONE',  ( 10.00000000000008349, 24.00000000000009592, 7.623846144937596967E-14 ) ) ;
#4628 = EDGE_CURVE ( 'NONE', #3813, #1728, #2665, .T. ) ;
#4629 = ORIENTED_EDGE ( 'NONE', *, *, #30, .T. ) ;
#4630 = CARTESIAN_POINT ( 'NONE',  ( -8.509669133185949974, -23.98388477802355823, 27.72724520025940365 ) ) ;
#4631 = ORIENTED_EDGE ( 'NONE', *, *, #3254, .T. ) ;
#4632 = CARTESIAN_POINT ( 'NONE',  ( 10.00000000000033928, -22.00000000000003908, 14.89999999999998437 ) ) ;
#4633 =( BOUNDED_CURVE ( )  B_SPLINE_CURVE ( 3, ( #3257, #2080, #405, #4043 ),
 .UNSPECIFIED., .F., .T. ) 
 B_SPLINE_CURVE_WITH_KNOTS ( ( 4, 4 ),
 ( 1.570796326794896114, 3.141592653589793116 ),
 .UNSPECIFIED. ) 
 CURVE ( )  GEOMETRIC_REPRESENTATION_ITEM ( )  RATIONAL_B_SPLINE_CURVE ( ( 1.000000000000000000, 0.8047378541243649375, 0.8047378541243649375, 1.000000000000000000 ) ) 
 REPRESENTATION_ITEM ( '' )  );
#4634 = VERTEX_POINT ( 'NONE', #3490 ) ;
#4635 = VECTOR ( 'NONE', #2878, 1000.000000000000000 ) ;
#4636 = ADVANCED_FACE ( 'NONE', ( #3932 ), #5082, .F. ) ;
#4637 = FACE_OUTER_BOUND ( 'NONE', #1899, .T. ) ;
#4638 = ORIENTED_EDGE ( 'NONE', *, *, #2704, .T. ) ;
#4639 = DIRECTION ( 'NONE',  ( 3.480674935616895651E-15, -2.775557561562891844E-16, 1.000000000000000000 ) ) ;
#4640 = CARTESIAN_POINT ( 'NONE',  ( 7.500000000000020428, -4.000000000000000888, 5.499999999999994671 ) ) ;
#4641 = VECTOR ( 'NONE', #1587, 1000.000000000000000 ) ;
#4642 = ORIENTED_EDGE ( 'NONE', *, *, #325, .T. ) ;
#4643 = DIRECTION ( 'NONE',  ( 0.0000000000000000000, 1.000000000000000000, 0.0000000000000000000 ) ) ;
#4644 = CARTESIAN_POINT ( 'NONE',  ( 7.500000000000020428, -4.000000000000000888, 4.499999999999994671 ) ) ;
#4645 = ADVANCED_FACE ( 'NONE', ( #321 ), #5034, .T. ) ;
#4646 = PLANE ( 'NONE',  #674 ) ;
#4647 = ORIENTED_EDGE ( 'NONE', *, *, #299, .T. ) ;
#4648 = DIRECTION ( 'NONE',  ( 1.000000000000000000, 3.942553354492771634E-17, 0.0000000000000000000 ) ) ;
#4649 = ORIENTED_EDGE ( 'NONE', *, *, #4612, .T. ) ;
#4650 = CARTESIAN_POINT ( 'NONE',  ( -9.244571536693444003, 22.75904743884447257, 29.58446597589048821 ) ) ;
#4651 = DIRECTION ( 'NONE',  ( -1.000000000000000000, 0.0000000000000000000, 0.0000000000000000000 ) ) ;
#4652 = CARTESIAN_POINT ( 'NONE',  ( -10.00000000000009948, -21.50000000000000000, 29.89999999999998792 ) ) ;
#4653 = CARTESIAN_POINT ( 'NONE',  ( -24.50000000000018119, 17.49999999999999645, 5.500000000000107470 ) ) ;
#4654 = EDGE_CURVE ( 'NONE', #3168, #3855, #5011, .T. ) ;
#4655 = VERTEX_POINT ( 'NONE', #4222 ) ;
#4656 = PLANE ( 'NONE',  #4336 ) ;
#4657 = VERTEX_POINT ( 'NONE', #647 ) ;
#4658 = FACE_OUTER_BOUND ( 'NONE', #3298, .T. ) ;
#4659 = ORIENTED_EDGE ( 'NONE', *, *, #3501, .F. ) ;
#4660 = DIRECTION ( 'NONE',  ( -1.000000000000000000, 0.0000000000000000000, -3.469446951953611033E-15 ) ) ;
#4661 = ORIENTED_EDGE ( 'NONE', *, *, #242, .F. ) ;
#4662 = CARTESIAN_POINT ( 'NONE',  ( -24.50000000000011724, -4.000000000000001776, 23.40000000000011227 ) ) ;
#4663 = DIRECTION ( 'NONE',  ( 2.017120320903361015E-17, -1.000000000000000000, -2.775557561562892337E-16 ) ) ;
#4664 = AXIS2_PLACEMENT_3D ( 'NONE', #4566, #902, #2139 ) ;
#4665 = AXIS2_PLACEMENT_3D ( 'NONE', #3278, #2485, #137 ) ;
#4666 = EDGE_LOOP ( 'NONE', ( #2476, #2276, #2029 ) ) ;
#4667 = DIRECTION ( 'NONE',  ( 1.000000000000000000, 3.942553354492771634E-17, -3.480674935616895651E-15 ) ) ;
#4668 = AXIS2_PLACEMENT_3D ( 'NONE', #479, #1676, #2478 ) ;
#4669 = DIRECTION ( 'NONE',  ( 0.0000000000000000000, 0.0000000000000000000, 1.000000000000000000 ) ) ;
#4670 = CARTESIAN_POINT ( 'NONE',  ( -9.500000000000001776, -1.714552272767775342E-16, -3.135613839750379111E-14 ) ) ;
#4671 = AXIS2_PLACEMENT_3D ( 'NONE', #2592, #1768, #4202 ) ;
#4672 = CARTESIAN_POINT ( 'NONE',  ( 7.500000000000047962, 2.999999999999999556, 5.499999999999996447 ) ) ;
#4673 = CARTESIAN_POINT ( 'NONE',  ( -9.078179913181571692, 23.03636681136456232, 29.39916709456817046 ) ) ;
#4674 = DIRECTION ( 'NONE',  ( 0.0000000000000000000, -1.000000000000000000, -3.469446951953614189E-15 ) ) ;
#4675 = DIRECTION ( 'NONE',  ( 2.335204679199547974E-16, -1.000000000000000000, 0.0000000000000000000 ) ) ;
#4676 = VECTOR ( 'NONE', #3332, 1000.000000000000000 ) ;
#4677 = ADVANCED_FACE ( 'NONE', ( #2232 ), #1159, .F. ) ;
#4678 = ORIENTED_EDGE ( 'NONE', *, *, #392, .T. ) ;
#4679 = ADVANCED_FACE ( 'NONE', ( #2845 ), #4351, .T. ) ;
#4680 = PLANE ( 'NONE',  #4836 ) ;
#4681 = PLANE ( 'NONE',  #3286 ) ;
#4682 = CARTESIAN_POINT ( 'NONE',  ( 0.0000000000000000000, 25.50000000000000355, -2.499999999999992006 ) ) ;
#4683 = VERTEX_POINT ( 'NONE', #777 ) ;
#4684 = CARTESIAN_POINT ( 'NONE',  ( -24.50000000000012434, 3.999999999999998224, 22.40000000000011227 ) ) ;
#4685 = ORIENTED_EDGE ( 'NONE', *, *, #4996, .T. ) ;
#4686 = LINE ( 'NONE', #4239, #1332 ) ;
#4687 = CARTESIAN_POINT ( 'NONE',  ( 6.499999999999998224, -23.50000000000000000, -2.000000000000000000 ) ) ;
#4688 = VECTOR ( 'NONE', #4218, 1000.000000000000000 ) ;
#4689 = VERTEX_POINT ( 'NONE', #845 ) ;
#4690 = EDGE_CURVE ( 'NONE', #1853, #905, #1995, .T. ) ;
#4691 = DIRECTION ( 'NONE',  ( 0.0000000000000000000, -1.000000000000000000, 0.0000000000000000000 ) ) ;
#4692 = ADVANCED_FACE ( 'NONE', ( #2822 ), #3597, .T. ) ;
#4693 = FACE_OUTER_BOUND ( 'NONE', #1695, .T. ) ;
#4694 = EDGE_LOOP ( 'NONE', ( #2335, #3134, #2765, #1617 ) ) ;
#4695 = DIRECTION ( 'NONE',  ( 0.0000000000000000000, 1.000000000000000000, 3.469446951953611033E-15 ) ) ;
#4696 = CARTESIAN_POINT ( 'NONE',  ( -6.499999999999998224, 23.00000000000000000, -2.000000000000000000 ) ) ;
#4697 = CARTESIAN_POINT ( 'NONE',  ( -9.470214414521361590, 22.02978558547895460, 29.86016900714753675 ) ) ;
#4698 = DIRECTION ( 'NONE',  ( -3.481882245688215743E-15, -0.0000000000000000000, -1.000000000000000000 ) ) ;
#4699 = LINE ( 'NONE', #2696, #3079 ) ;
#4700 = EDGE_CURVE ( 'NONE', #368, #2951, #799, .T. ) ;
#4701 = VERTEX_POINT ( 'NONE', #5 ) ;
#4702 = VECTOR ( 'NONE', #1380, 1000.000000000000000 ) ;
#4703 = FACE_OUTER_BOUND ( 'NONE', #3001, .T. ) ;
#4704 = FACE_OUTER_BOUND ( 'NONE', #2495, .T. ) ;
#4705 = CARTESIAN_POINT ( 'NONE',  ( 24.50000000000009948, 24.00000000000003908, 14.89999999999999147 ) ) ;
#4706 = ADVANCED_FACE ( 'NONE', ( #4400 ), #452, .F. ) ;
#4707 = AXIS2_PLACEMENT_3D ( 'NONE', #3004, #1050, #3030 ) ;
#4708 = ORIENTED_EDGE ( 'NONE', *, *, #644, .T. ) ;
#4709 = CARTESIAN_POINT ( 'NONE',  ( 24.50000000000009948, 21.50000000000000000, 29.89999999999998792 ) ) ;
#4710 = ORIENTED_EDGE ( 'NONE', *, *, #3702, .F. ) ;
#4711 = DIRECTION ( 'NONE',  ( 3.469446951953617344E-15, 0.0000000000000000000, 1.000000000000000000 ) ) ;
#4712 = CARTESIAN_POINT ( 'NONE',  ( 24.50000000000009948, 21.50000000000000000, 27.39999999999999503 ) ) ;
#4713 = AXIS2_PLACEMENT_3D ( 'NONE', #4904, #1759, #1267 ) ;
#4714 = ADVANCED_FACE ( 'NONE', ( #874 ), #4010, .T. ) ;
#4715 = ORIENTED_EDGE ( 'NONE', *, *, #408, .F. ) ;
#4716 = FACE_BOUND ( 'NONE', #4279, .T. ) ;
#4717 = LINE ( 'NONE', #2664, #3869 ) ;
#4718 = CARTESIAN_POINT ( 'NONE',  ( 7.500000000000047962, -2.999999999999999556, 22.39999999999999858 ) ) ;
#4719 = EDGE_CURVE ( 'NONE', #4366, #3088, #507, .T. ) ;
#4720 = CARTESIAN_POINT ( 'NONE',  ( 9.500000000000017764, -1.128377107513290269E-15, 4.499999999999988454 ) ) ;
#4721 = DIRECTION ( 'NONE',  ( 0.0000000000000000000, 0.0000000000000000000, 1.000000000000000000 ) ) ;
#4722 = DIRECTION ( 'NONE',  ( 0.0000000000000000000, 1.000000000000000000, 2.775557561562888984E-15 ) ) ;
#4723 = CARTESIAN_POINT ( 'NONE',  ( 9.345630277018919685, -21.89262183378861337, 29.83493168666585049 ) ) ;
#4724 = EDGE_CURVE ( 'NONE', #5105, #1347, #4793, .T. ) ;
#4725 = EDGE_LOOP ( 'NONE', ( #4891, #841, #5099, #912 ) ) ;
#4726 = LINE ( 'NONE', #2723, #4093 ) ;
#4727 = CARTESIAN_POINT ( 'NONE',  ( 10.00000000000009237, 24.00000000000004263, 14.90916258126159732 ) ) ;
#4728 = DIRECTION ( 'NONE',  ( 0.0000000000000000000, 1.000000000000000000, 2.775557561562888984E-15 ) ) ;
#4729 = EDGE_CURVE ( 'NONE', #1576, #3088, #3197, .T. ) ;
#4730 = EDGE_CURVE ( 'NONE', #2198, #4060, #1211, .T. ) ;
#4731 = ORIENTED_EDGE ( 'NONE', *, *, #2941, .F. ) ;
#4732 = LINE ( 'NONE', #3087, #5160 ) ;
#4733 = ORIENTED_EDGE ( 'NONE', *, *, #2909, .F. ) ;
#4734 = LINE ( 'NONE', #370, #1652 ) ;
#4735 = DIRECTION ( 'NONE',  ( -1.000000000000000000, 0.0000000000000000000, -0.0000000000000000000 ) ) ;
#4736 = EDGE_CURVE ( 'NONE', #4689, #1575, #1581, .T. ) ;
#4737 = VERTEX_POINT ( 'NONE', #4063 ) ;
#4738 = ORIENTED_EDGE ( 'NONE', *, *, #2534, .F. ) ;
#4739 = LINE ( 'NONE', #1577, #822 ) ;
#4740 = EDGE_CURVE ( 'NONE', #4102, #1058, #2453, .T. ) ;
#4741 = CARTESIAN_POINT ( 'NONE',  ( -2.000000000000002220, 13.00000000000000000, 0.0000000000000000000 ) ) ;
#4742 = CARTESIAN_POINT ( 'NONE',  ( -10.00000000000010836, -23.99999999999999645, 27.40000000000001279 ) ) ;
#4743 = ORIENTED_EDGE ( 'NONE', *, *, #2648, .T. ) ;
#4744 = VECTOR ( 'NONE', #5058, 1000.000000000000000 ) ;
#4745 = FACE_OUTER_BOUND ( 'NONE', #1898, .T. ) ;
#4746 = DIRECTION ( 'NONE',  ( -1.000000000000000000, 0.0000000000000000000, -0.0000000000000000000 ) ) ;
#4747 = CARTESIAN_POINT ( 'NONE',  ( 8.500000000000103029, 23.99999999999999289, 28.86446609406726793 ) ) ;
#4748 = CARTESIAN_POINT ( 'NONE',  ( 8.226599280126270841, -23.27340071987373094, 29.20515419966094939 ) ) ;
#4749 = ORIENTED_EDGE ( 'NONE', *, *, #4700, .T. ) ;
#4750 = LINE ( 'NONE', #356, #1463 ) ;
#4751 = VERTEX_POINT ( 'NONE', #428 ) ;
#4753 = CYLINDRICAL_SURFACE ( 'NONE', #1657, 2.499999999999995115 ) ;
#4752 = AXIS2_PLACEMENT_3D ( 'NONE', #2794, #4430, #397 ) ;
#4754 = FACE_OUTER_BOUND ( 'NONE', #1216, .T. ) ;
#4755 = CIRCLE ( 'NONE', #2739, 2.100000000000001865 ) ;
#4756 = CARTESIAN_POINT ( 'NONE',  ( -9.500000000000101252, -22.00000000000000000, 27.39999999999999858 ) ) ;
#4757 = EDGE_LOOP ( 'NONE', ( #3999, #5154, #4313, #1082 ) ) ;
#4758 = CARTESIAN_POINT ( 'NONE',  ( -10.00000000000009948, 21.50000000000000000, 29.89999999999999503 ) ) ;
#4759 = EDGE_LOOP ( 'NONE', ( #733, #1169, #435, #160 ) ) ;
#4760 = DIRECTION ( 'NONE',  ( 0.0000000000000000000, 0.0000000000000000000, 1.000000000000000000 ) ) ;
#4761 = DIRECTION ( 'NONE',  ( 3.469446951953611033E-15, 0.0000000000000000000, 1.000000000000000000 ) ) ;
#4762 = VERTEX_POINT ( 'NONE', #31 ) ;
#4763 = EDGE_LOOP ( 'NONE', ( #2083, #1373, #533, #4449, #748, #4409, #2470, #3938 ) ) ;
#4764 = VERTEX_POINT ( 'NONE', #3544 ) ;
#4765 = CARTESIAN_POINT ( 'NONE',  ( 2.100000000000001865, 17.50000000000000000, -12.00000000000000000 ) ) ;
#4766 = CARTESIAN_POINT ( 'NONE',  ( 9.500000000000083489, -1.916264304858101244E-16, 23.39999999999999503 ) ) ;
#4767 = DIRECTION ( 'NONE',  ( 1.000000000000000000, 3.942553354492771634E-17, -3.480674935616895651E-15 ) ) ;
#4768 = VECTOR ( 'NONE', #3642, 1000.000000000000000 ) ;
#4769 = EDGE_CURVE ( 'NONE', #3064, #1351, #2913, .T. ) ;
#4770 = DIRECTION ( 'NONE',  ( 1.000000000000000000, 3.942553354492771634E-17, -3.480674935616895651E-15 ) ) ;
#4771 = EDGE_CURVE ( 'NONE', #2004, #3462, #3144, .T. ) ;
#4772 = CARTESIAN_POINT ( 'NONE',  ( 0.0000000000000000000, 24.00000000000009592, 8.157607214468926207E-14 ) ) ;
#4773 = LINE ( 'NONE', #5063, #2268 ) ;
#4774 = LINE ( 'NONE', #4855, #3758 ) ;
#4775 = CARTESIAN_POINT ( 'NONE',  ( -6.500000000000000000, 21.50000000000000000, -2.000000000000000000 ) ) ;
#4776 = ORIENTED_EDGE ( 'NONE', *, *, #1228, .T. ) ;
#4777 = CYLINDRICAL_SURFACE ( 'NONE', #1582, 0.4999999999999970024 ) ;
#4778 = DIRECTION ( 'NONE',  ( 0.0000000000000000000, 0.0000000000000000000, 1.000000000000000000 ) ) ;
#4779 = PRODUCT_DEFINITION_CONTEXT ( 'detailed design', #597, 'design' ) ;
#4780 = ORIENTED_EDGE ( 'NONE', *, *, #3430, .F. ) ;
#4781 = AXIS2_PLACEMENT_3D ( 'NONE', #2945, #961, #2544 ) ;
#4782 = ORIENTED_EDGE ( 'NONE', *, *, #2623, .F. ) ;
#4783 = FACE_OUTER_BOUND ( 'NONE', #4547, .T. ) ;
#4784 = ORIENTED_EDGE ( 'NONE', *, *, #918, .F. ) ;
#4785 = AXIS2_PLACEMENT_3D ( 'NONE', #4123, #2511, #4146 ) ;
#4786 = CARTESIAN_POINT ( 'NONE',  ( -6.499999999999998224, 23.00000000000000000, -2.500000000000000444 ) ) ;
#4787 = ORIENTED_EDGE ( 'NONE', *, *, #3806, .T. ) ;
#4788 = AXIS2_PLACEMENT_3D ( 'NONE', #451, #1625, #3275 ) ;
#4789 = CLOSED_SHELL ( 'NONE', ( #3145, #4029, #4467, #2789, #1938, #1959, #4554, #3569, #1515, #2097, #1016, #3200, #2012, #2824, #655, #316, #4645, #3529, #4588, #4025, #2053, #747, #995, #5152, #4607, #4692, #4636, #151, #591, #511, #4714, #4064, #2491, #4480, #4834, #660, #181, #3846, #3858, #166, #2714, #1616, #3471, #2309, #305, #3100, #4407, #3395, #4933, #134, #2949, #2892, #1323, #5110, #2373, #1764, #532, #3024, #4521, #2286, #4493, #3199, #4966, #141, #1732, #3046, #4293, #3241, #4453, #3104, #2703, #3292, #2045, #3811, #4677, #862, #577, #683, #475, #4560, #1783, #3312, #3364, #2107, #2840, #2725, #1505, #2425, #3514, #3188, #2522, #354, #106, #2390, #2676, #2333, #2266, #4442, #4085, #188, #3851, #3752, #4341, #2359, #3267, #3527, #3415, #4183, #3334, #973, #2123, #2745, #2637, #2188, #4052, #1205, #1017, #772, #1320, #3167, #3041, #4983, #692, #260, #2081, #3584, #3895, #2329, #48, #5142, #4417, #642, #4388, #2121, #4706, #4801, #2728, #3399, #2778, #2316, #4540, #32, #1553, #714, #3887, #301, #1023, #1375, #453, #1287, #1996, #388, #2923, #2979, #4679, #3310, #898, #1170, #3591, #3969, #1491, #3489, #3240, #2182, #3772, #4057, #2808, #1114, #3132, #859, #1038, #3519, #2671, #4229, #326, #448, #1274, #4273, #1724 ) ) ;
#4790 = VERTEX_POINT ( 'NONE', #5158 ) ;
#4791 = CARTESIAN_POINT ( 'NONE',  ( 10.00000000000009237, 24.00000000000004263, 14.89999999999999147 ) ) ;
#4792 = CARTESIAN_POINT ( 'NONE',  ( 0.0000000000000000000, 13.99999999999999822, -2.000000000000000000 ) ) ;
#4793 = LINE ( 'NONE', #1601, #5174 ) ;
#4794 = VECTOR ( 'NONE', #1518, 1000.000000000000000 ) ;
#4795 = EDGE_CURVE ( 'NONE', #520, #4911, #1166, .T. ) ;
#4796 = DIRECTION ( 'NONE',  ( 0.0000000000000000000, 0.0000000000000000000, 1.000000000000000000 ) ) ;
#4797 = CIRCLE ( 'NONE', #4558, 1.000000000000001332 ) ;
#4798 = DIRECTION ( 'NONE',  ( 1.000000000000000000, 3.942553354492771634E-17, -3.480674935616895651E-15 ) ) ;
#4799 = FACE_OUTER_BOUND ( 'NONE', #4808, .T. ) ;
#4800 = DIRECTION ( 'NONE',  ( 1.000000000000000000, -0.0000000000000000000, -0.0000000000000000000 ) ) ;
#4801 = ADVANCED_FACE ( 'NONE', ( #2960 ), #2156, .T. ) ;
#4802 = EDGE_LOOP ( 'NONE', ( #3260, #2984, #4629, #2130 ) ) ;
#4803 = LINE ( 'NONE', #4463, #2291 ) ;
#4804 = ORIENTED_EDGE ( 'NONE', *, *, #5134, .F. ) ;
#4805 = CARTESIAN_POINT ( 'NONE',  ( 10.00000000000010836, -21.50000000000000000, 29.89999999999999503 ) ) ;
#4806 = DIRECTION ( 'NONE',  ( -0.0000000000000000000, -0.0000000000000000000, 1.000000000000000000 ) ) ;
#4807 = DIRECTION ( 'NONE',  ( 1.000000000000000000, -0.0000000000000000000, -0.0000000000000000000 ) ) ;
#4808 = EDGE_LOOP ( 'NONE', ( #117, #2956, #4238, #609 ) ) ;
#4809 = ORIENTED_EDGE ( 'NONE', *, *, #1007, .T. ) ;
#4810 = DIRECTION ( 'NONE',  ( -1.000000000000000000, 0.0000000000000000000, 9.599093154917612719E-18 ) ) ;
#4811 = ORIENTED_EDGE ( 'NONE', *, *, #3951, .F. ) ;
#4812 = DIRECTION ( 'NONE',  ( -1.000000000000000000, 2.017120320903264257E-17, 3.481882245688215743E-15 ) ) ;
#4813 = ORIENTED_EDGE ( 'NONE', *, *, #2242, .F. ) ;
#4814 = ORIENTED_EDGE ( 'NONE', *, *, #4447, .T. ) ;
#4815 = EDGE_CURVE ( 'NONE', #2063, #1514, #4094, .T. ) ;
#4816 = CARTESIAN_POINT ( 'NONE',  ( 24.50000000000009948, -22.00000000000003908, 14.89999999999998437 ) ) ;
#4817 = DIRECTION ( 'NONE',  ( 0.0000000000000000000, 0.0000000000000000000, 1.000000000000000000 ) ) ;
#4818 = CARTESIAN_POINT ( 'NONE',  ( 6.499999999999998224, 23.00000000000000000, -2.500000000000000444 ) ) ;
#4819 = CYLINDRICAL_SURFACE ( 'NONE', #1324, 1.000000000000000888 ) ;
#4820 = DIRECTION ( 'NONE',  ( 0.0000000000000000000, -1.000000000000000000, -3.469446951953612611E-15 ) ) ;
#4821 = CARTESIAN_POINT ( 'NONE',  ( -24.50000000000009948, 17.98221343439128361, -12.00000000000000355 ) ) ;
#4822 = DIRECTION ( 'NONE',  ( 0.0000000000000000000, 0.0000000000000000000, 1.000000000000000000 ) ) ;
#4823 = EDGE_CURVE ( 'NONE', #1886, #3354, #3728, .T. ) ;
#4824 = AXIS2_PLACEMENT_3D ( 'NONE', #2001, #3963, #1654 ) ;
#4825 = VECTOR ( 'NONE', #543, 1000.000000000000000 ) ;
#4826 = ORIENTED_EDGE ( 'NONE', *, *, #2112, .F. ) ;
#4827 = CARTESIAN_POINT ( 'NONE',  ( -24.50000000000009948, 21.50000000000000000, 29.89999999999998792 ) ) ;
#4828 = ORIENTED_EDGE ( 'NONE', *, *, #3806, .F. ) ;
#4829 = CYLINDRICAL_SURFACE ( 'NONE', #5177, 2.500000000000000444 ) ;
#4830 = EDGE_CURVE ( 'NONE', #3725, #2132, #3508, .T. ) ;
#4831 = CARTESIAN_POINT ( 'NONE',  ( -10.00000000000009237, 22.00000000000000000, 27.89999999999999147 ) ) ;
#4832 = EDGE_CURVE ( 'NONE', #1347, #2143, #1733, .T. ) ;
#4833 = CARTESIAN_POINT ( 'NONE',  ( 7.500000000000001776, 3.000000000000000000, -2.437317571981751809E-14 ) ) ;
#4834 = ADVANCED_FACE ( 'NONE', ( #164 ), #4166, .T. ) ;
#4835 = VECTOR ( 'NONE', #2489, 1000.000000000000000 ) ;
#4836 = AXIS2_PLACEMENT_3D ( 'NONE', #762, #2700, #4307 ) ;
#4837 = ORIENTED_EDGE ( 'NONE', *, *, #3228, .F. ) ;
#4838 = CYLINDRICAL_SURFACE ( 'NONE', #1333, 2.499999999999995115 ) ;
#4839 = ORIENTED_EDGE ( 'NONE', *, *, #2469, .F. ) ;
#4840 = DIRECTION ( 'NONE',  ( 0.0000000000000000000, 1.000000000000000000, 6.938893903907222067E-15 ) ) ;
#4841 = VECTOR ( 'NONE', #563, 1000.000000000000000 ) ;
#4842 = ORIENTED_EDGE ( 'NONE', *, *, #3910, .T. ) ;
#4843 = ORIENTED_EDGE ( 'NONE', *, *, #4892, .T. ) ;
#4844 = ORIENTED_EDGE ( 'NONE', *, *, #3121, .F. ) ;
#4845 = FACE_OUTER_BOUND ( 'NONE', #3475, .T. ) ;
#4846 = CYLINDRICAL_SURFACE ( 'NONE', #3624, 0.5000000000000004441 ) ;
#4847 = DIRECTION ( 'NONE',  ( 1.000000000000000000, 0.0000000000000000000, 0.0000000000000000000 ) ) ;
#4848 = EDGE_CURVE ( 'NONE', #3295, #1130, #3302, .T. ) ;
#4849 = CARTESIAN_POINT ( 'NONE',  ( 10.00000000000013500, 24.00000000000004263, 14.90916258126162397 ) ) ;
#4850 = EDGE_CURVE ( 'NONE', #4473, #1752, #2983, .T. ) ;
#4851 = DIRECTION ( 'NONE',  ( -1.000000000000000000, 0.0000000000000000000, -0.0000000000000000000 ) ) ;
#4852 = CARTESIAN_POINT ( 'NONE',  ( -6.499999999999998224, 23.50000000000000000, -2.499999999999998668 ) ) ;
#4853 = FACE_BOUND ( 'NONE', #4763, .T. ) ;
#4854 = VERTEX_POINT ( 'NONE', #4564 ) ;
#4855 = CARTESIAN_POINT ( 'NONE',  ( 3.000000000000006217, 0.0000000000000000000, -2.000000000000000000 ) ) ;
#4856 = ORIENTED_EDGE ( 'NONE', *, *, #2585, .T. ) ;
#4857 = CARTESIAN_POINT ( 'NONE',  ( -10.00000000000008349, 22.00000000000009237, 6.925549877168970296E-14 ) ) ;
#4858 = ORIENTED_EDGE ( 'NONE', *, *, #5069, .T. ) ;
#4859 = LINE ( 'NONE', #2464, #3166 ) ;
#4860 = DIRECTION ( 'NONE',  ( 3.481882245688216137E-15, -3.469446951953613006E-15, 1.000000000000000000 ) ) ;
#4861 = CARTESIAN_POINT ( 'NONE',  ( -9.500000000000021316, 16.49999999999999645, 5.500000000000055067 ) ) ;
#4862 = DIRECTION ( 'NONE',  ( 0.0000000000000000000, 0.0000000000000000000, 1.000000000000000000 ) ) ;
#4863 = EDGE_CURVE ( 'NONE', #4219, #1425, #5092, .T. ) ;
#4864 = ORIENTED_EDGE ( 'NONE', *, *, #3959, .T. ) ;
#4865 = ORIENTED_EDGE ( 'NONE', *, *, #867, .F. ) ;
#4866 = CARTESIAN_POINT ( 'NONE',  ( -8.500000000000097700, -23.99999999999999645, 27.39999999999999503 ) ) ;
#4867 = ORIENTED_EDGE ( 'NONE', *, *, #101, .T. ) ;
#4868 = AXIS2_PLACEMENT_3D ( 'NONE', #1817, #1460, #2192 ) ;
#4869 = ORIENTED_EDGE ( 'NONE', *, *, #4730, .F. ) ;
#4870 = ORIENTED_EDGE ( 'NONE', *, *, #5012, .T. ) ;
#4871 = VERTEX_POINT ( 'NONE', #2181 ) ;
#4872 = AXIS2_PLACEMENT_3D ( 'NONE', #1433, #216, #545 ) ;
#4873 = CARTESIAN_POINT ( 'NONE',  ( 8.509669133185949974, 23.98388477802355823, 27.72724520025940365 ) ) ;
#4874 = PLANE ( 'NONE',  #2776 ) ;
#4875 = FACE_OUTER_BOUND ( 'NONE', #4509, .T. ) ;
#4876 = CARTESIAN_POINT ( 'NONE',  ( 2.100000000000001865, -17.50000000000000000, -12.00000000000000000 ) ) ;
#4877 = DIRECTION ( 'NONE',  ( 0.0000000000000000000, 1.000000000000000000, -0.0000000000000000000 ) ) ;
#4878 = DIRECTION ( 'NONE',  ( 0.0000000000000000000, -1.000000000000000000, -0.0000000000000000000 ) ) ;
#4879 = DIRECTION ( 'NONE',  ( 0.0000000000000000000, 0.0000000000000000000, -1.000000000000000000 ) ) ;
#4880 = EDGE_LOOP ( 'NONE', ( #3431, #2308, #4530, #4472 ) ) ;
#4881 = EDGE_CURVE ( 'NONE', #3641, #433, #2901, .T. ) ;
#4882 = AXIS2_PLACEMENT_3D ( 'NONE', #953, #928, #55 ) ;
#4883 = ORIENTED_EDGE ( 'NONE', *, *, #482, .T. ) ;
#4884 = DIRECTION ( 'NONE',  ( 3.481882245688215743E-15, 0.0000000000000000000, -1.000000000000000000 ) ) ;
#4885 = VERTEX_POINT ( 'NONE', #3384 ) ;
#4886 = DIRECTION ( 'NONE',  ( 0.0000000000000000000, 0.0000000000000000000, 1.000000000000000000 ) ) ;
#4887 = CARTESIAN_POINT ( 'NONE',  ( -24.50000000000012434, -3.000000000000000888, 22.40000000000011227 ) ) ;
#4888 = CARTESIAN_POINT ( 'NONE',  ( -7.500000000000053291, 23.00000000000004263, 14.92922943124999691 ) ) ;
#4889 = LINE ( 'NONE', #1311, #3123 ) ;
#4890 = ORIENTED_EDGE ( 'NONE', *, *, #4125, .T. ) ;
#4891 = ORIENTED_EDGE ( 'NONE', *, *, #4881, .T. ) ;
#4892 = EDGE_CURVE ( 'NONE', #4340, #2099, #4176, .T. ) ;
#4893 =( BOUNDED_CURVE ( )  B_SPLINE_CURVE ( 3, ( #3572, #4747, #4355, #3073 ),
 .UNSPECIFIED., .F., .F. ) 
 B_SPLINE_CURVE_WITH_KNOTS ( ( 4, 4 ),
 ( 3.141592653589799777, 4.712388980384689674 ),
 .UNSPECIFIED. ) 
 CURVE ( )  GEOMETRIC_REPRESENTATION_ITEM ( )  RATIONAL_B_SPLINE_CURVE ( ( 1.000000000000000000, 0.8047378541243666028, 0.8047378541243666028, 1.000000000000000000 ) ) 
 REPRESENTATION_ITEM ( '' )  );
#4894 = DIRECTION ( 'NONE',  ( -0.0000000000000000000, 1.000000000000000000, -0.0000000000000000000 ) ) ;
#4895 = ORIENTED_EDGE ( 'NONE', *, *, #4346, .T. ) ;
#4896 = EDGE_CURVE ( 'NONE', #3158, #2554, #4539, .T. ) ;
#4897 = EDGE_CURVE ( 'NONE', #3840, #1906, #3220, .T. ) ;
#4898 = EDGE_LOOP ( 'NONE', ( #3685, #4059, #3238, #4909 ) ) ;
#4899 = EDGE_LOOP ( 'NONE', ( #1102, #191, #2577, #831 ) ) ;
#4900 = ORIENTED_EDGE ( 'NONE', *, *, #4896, .T. ) ;
#4901 = CARTESIAN_POINT ( 'NONE',  ( 0.0000000000000000000, -25.49999999999999645, 8.851496604859751281E-14 ) ) ;
#4902 = EDGE_CURVE ( 'NONE', #3345, #3058, #2135, .T. ) ;
#4903 = CARTESIAN_POINT ( 'NONE',  ( 9.707106781186650935, -21.79289321881344677, 27.89999999999999503 ) ) ;
#4904 = CARTESIAN_POINT ( 'NONE',  ( -24.50000000000009948, 24.00000000000003908, 14.89999999999999147 ) ) ;
#4905 = CARTESIAN_POINT ( 'NONE',  ( -3.000000000000003109, -7.005614037598651317E-16, -2.000000000000000000 ) ) ;
#4906 = EDGE_CURVE ( 'NONE', #2096, #4657, #83, .T. ) ;
#4907 = DIRECTION ( 'NONE',  ( 0.0000000000000000000, 0.0000000000000000000, 1.000000000000000000 ) ) ;
#4908 = DIRECTION ( 'NONE',  ( 1.000000000000000000, -0.0000000000000000000, -0.0000000000000000000 ) ) ;
#4909 = ORIENTED_EDGE ( 'NONE', *, *, #3757, .T. ) ;
#4910 = PLANE ( 'NONE',  #3343 ) ;
#4911 = VERTEX_POINT ( 'NONE', #1758 ) ;
#4912 = VERTEX_POINT ( 'NONE', #2480 ) ;
#4913 = CARTESIAN_POINT ( 'NONE',  ( 2.000000000000008438, -13.00000000000000000, -2.000000000000000000 ) ) ;
#4914 = ORIENTED_EDGE ( 'NONE', *, *, #1484, .T. ) ;
#4915 = DIRECTION ( 'NONE',  ( 0.0000000000000000000, 0.0000000000000000000, 1.000000000000000000 ) ) ;
#4916 = CARTESIAN_POINT ( 'NONE',  ( 8.500000000000097700, 22.99999999999999645, 27.89999999999999858 ) ) ;
#4917 = LINE ( 'NONE', #203, #671 ) ;
#4918 = CARTESIAN_POINT ( 'NONE',  ( 9.500000000000099476, 21.50000000000000000, 29.89999999999998792 ) ) ;
#4919 = AXIS2_PLACEMENT_3D ( 'NONE', #1191, #4432, #4381 ) ;
#4920 = VERTEX_POINT ( 'NONE', #2507 ) ;
#4922 = CARTESIAN_POINT ( 'NONE',  ( -7.637600735771107097, -23.86239926422911495, 28.27689272740077442 ) ) ;
#4921 = AXIS2_PLACEMENT_3D ( 'NONE', #3536, #2890, #2092 ) ;
#4923 = ORIENTED_EDGE ( 'NONE', *, *, #952, .T. ) ;
#4924 = VECTOR ( 'NONE', #3054, 1000.000000000000000 ) ;
#4925 = ORIENTED_EDGE ( 'NONE', *, *, #1572, .T. ) ;
#4926 = ORIENTED_EDGE ( 'NONE', *, *, #968, .F. ) ;
#4927 = VERTEX_POINT ( 'NONE', #3276 ) ;
#4928 = CARTESIAN_POINT ( 'NONE',  ( 8.576610845542852246, 23.87231525742876315, 28.20553915567272796 ) ) ;
#4929 = AXIS2_PLACEMENT_3D ( 'NONE', #1580, #4378, #135 ) ;
#4930 = VECTOR ( 'NONE', #4691, 1000.000000000000000 ) ;
#4931 = DIRECTION ( 'NONE',  ( 3.481882245688215743E-15, -0.0000000000000000000, -1.000000000000000000 ) ) ;
#4932 = CARTESIAN_POINT ( 'NONE',  ( 10.00000000000009237, 24.00000000000004263, 14.89999999999999147 ) ) ;
#4933 = ADVANCED_FACE ( 'NONE', ( #4875 ), #1295, .T. ) ;
#4934 = DIRECTION ( 'NONE',  ( -0.0000000000000000000, 0.0000000000000000000, -1.000000000000000000 ) ) ;
#4935 = CARTESIAN_POINT ( 'NONE',  ( 10.00000000000061284, -22.00000000000009592, 2.587847472291004477E-13 ) ) ;
#4936 = DIRECTION ( 'NONE',  ( -3.942553354492771634E-17, 1.000000000000000000, 1.375941746847399406E-31 ) ) ;
#4937 = PLANE ( 'NONE',  #71 ) ;
#4938 = DIRECTION ( 'NONE',  ( -1.000000000000000000, 2.017120320903264257E-17, 0.0000000000000000000 ) ) ;
#4939 = EDGE_LOOP ( 'NONE', ( #2205, #3847, #4450, #2224 ) ) ;
#4940 = CYLINDRICAL_SURFACE ( 'NONE', #3082, 1.000000000000000888 ) ;
#4941 = CARTESIAN_POINT ( 'NONE',  ( -2.000000000000002220, -13.99999999999999822, -2.000000000000000000 ) ) ;
#4942 = DIRECTION ( 'NONE',  ( -1.000000000000000000, 0.0000000000000000000, 0.0000000000000000000 ) ) ;
#4943 = CARTESIAN_POINT ( 'NONE',  ( -10.00000000000009948, 21.50000000000000000, 27.39999999999999503 ) ) ;
#4944 = ORIENTED_EDGE ( 'NONE', *, *, #4005, .T. ) ;
#4945 = CARTESIAN_POINT ( 'NONE',  ( 0.0000000000000000000, 0.0000000000000000000, -2.000000000000000000 ) ) ;
#4946 = VERTEX_POINT ( 'NONE', #1524 ) ;
#4947 = VERTEX_POINT ( 'NONE', #3090 ) ;
#4948 = ORIENTED_EDGE ( 'NONE', *, *, #3910, .F. ) ;
#4949 = ORIENTED_EDGE ( 'NONE', *, *, #2211, .F. ) ;
#4950 = ORIENTED_EDGE ( 'NONE', *, *, #3176, .F. ) ;
#4951 = CARTESIAN_POINT ( 'NONE',  ( 8.226599280126263736, 23.27340071987354619, 29.20515419966114834 ) ) ;
#4952 = CARTESIAN_POINT ( 'NONE',  ( 10.00000000000010836, -21.50000000000000000, 27.89999999999999503 ) ) ;
#4953 = EDGE_CURVE ( 'NONE', #2018, #3813, #3674, .T. ) ;
#4954 = LINE ( 'NONE', #4038, #1125 ) ;
#4955 = AXIS2_PLACEMENT_3D ( 'NONE', #5107, #3543, #3567 ) ;
#4956 = EDGE_CURVE ( 'NONE', #4168, #1225, #1106, .T. ) ;
#4957 = PLANE ( 'NONE',  #3829 ) ;
#4958 = FACE_OUTER_BOUND ( 'NONE', #1999, .T. ) ;
#4959 = FACE_OUTER_BOUND ( 'NONE', #3654, .T. ) ;
#4960 = CARTESIAN_POINT ( 'NONE',  ( -24.50000000000009948, 17.98221343439128361, 27.89999999999998792 ) ) ;
#4961 = ORIENTED_EDGE ( 'NONE', *, *, #363, .F. ) ;
#4962 = DIRECTION ( 'NONE',  ( 0.0000000000000000000, 0.0000000000000000000, 1.000000000000000000 ) ) ;
#4963 = CARTESIAN_POINT ( 'NONE',  ( -24.50000000000011724, 3.999999999999998224, 23.40000000000011227 ) ) ;
#4964 = CARTESIAN_POINT ( 'NONE',  ( -24.50000000000009948, 21.50000000000000000, 29.89999999999998792 ) ) ;
#4965 = CARTESIAN_POINT ( 'NONE',  ( -9.500000000000076383, -17.49999999999999645, 22.40000000000005898 ) ) ;
#4966 = ADVANCED_FACE ( 'NONE', ( #1498 ), #3404, .F. ) ;
#4967 = AXIS2_PLACEMENT_3D ( 'NONE', #1679, #541, #3277 ) ;
#4968 = VERTEX_POINT ( 'NONE', #1861 ) ;
#4969 = CARTESIAN_POINT ( 'NONE',  ( 24.50000000000009948, 22.00000000000003908, 14.89999999999998437 ) ) ;
#4970 = EDGE_LOOP ( 'NONE', ( #1623, #1634 ) ) ;
#4971 = AXIS2_PLACEMENT_3D ( 'NONE', #143, #1718, #1742 ) ;
#4972 = CARTESIAN_POINT ( 'NONE',  ( 2.000000000000002220, 13.99999999999999822, -12.00000000000000000 ) ) ;
#4973 = ORIENTED_EDGE ( 'NONE', *, *, #2547, .F. ) ;
#4974 = VERTEX_POINT ( 'NONE', #2297 ) ;
#4975 = CARTESIAN_POINT ( 'NONE',  ( 6.499999999999998224, 23.50000000000003553, -12.00000000000000000 ) ) ;
#4976 = DIRECTION ( 'NONE',  ( 3.481882245688216531E-15, 0.0000000000000000000, 1.000000000000000000 ) ) ;
#4977 = EDGE_LOOP ( 'NONE', ( #1335, #1549, #1277, #530 ) ) ;
#4978 = CARTESIAN_POINT ( 'NONE',  ( -7.500000000000002665, -21.50000000000000000, 0.4999999999999987232 ) ) ;
#4979 = PLANE ( 'NONE',  #4451 ) ;
#4980 = DIRECTION ( 'NONE',  ( 1.000000000000000000, 2.017120320903264257E-17, 3.481882245688215743E-15 ) ) ;
#4981 = FACE_OUTER_BOUND ( 'NONE', #2880, .T. ) ;
#4982 = ORIENTED_EDGE ( 'NONE', *, *, #1892, .F. ) ;
#4983 = ADVANCED_FACE ( 'NONE', ( #3461 ), #3903, .F. ) ;
#4984 = DIRECTION ( 'NONE',  ( 1.000000000000000000, 3.942553354492771634E-17, -3.480674935616895651E-15 ) ) ;
#4985 = DIRECTION ( 'NONE',  ( 1.000000000000000000, 2.017120320903264257E-17, 3.481882245688215743E-15 ) ) ;
#4986 = DIRECTION ( 'NONE',  ( 0.0000000000000000000, 0.0000000000000000000, -1.000000000000000000 ) ) ;
#4987 = CARTESIAN_POINT ( 'NONE',  ( 9.500000000000001776, 22.00000000000009592, 7.104050866831312921E-14 ) ) ;
#4988 = EDGE_CURVE ( 'NONE', #2632, #4219, #3857, .T. ) ;
#4989 = EDGE_CURVE ( 'NONE', #3776, #1671, #1885, .T. ) ;
#4990 = ORIENTED_EDGE ( 'NONE', *, *, #540, .T. ) ;
#4991 = ORIENTED_EDGE ( 'NONE', *, *, #2275, .F. ) ;
#4992 = CARTESIAN_POINT ( 'NONE',  ( -9.078179913181363858, -23.03636681136455877, 29.39916709456817401 ) ) ;
#4993 = ORIENTED_EDGE ( 'NONE', *, *, #4402, .T. ) ;
#4994 = DIRECTION ( 'NONE',  ( 1.000000000000000000, 0.0000000000000000000, -0.0000000000000000000 ) ) ;
#4995 = VECTOR ( 'NONE', #1137, 1000.000000000000000 ) ;
#4996 = EDGE_CURVE ( 'NONE', #4089, #815, #91, .T. ) ;
#4997 = VECTOR ( 'NONE', #2586, 1000.000000000000000 ) ;
#4998 = ORIENTED_EDGE ( 'NONE', *, *, #1126, .F. ) ;
#4999 = EDGE_CURVE ( 'NONE', #666, #1351, #5074, .T. ) ;
#5000 = EDGE_LOOP ( 'NONE', ( #2415, #3594, #2928, #528, #3724 ) ) ;
#5001 = DIRECTION ( 'NONE',  ( -1.000000000000000000, -0.0000000000000000000, -0.0000000000000000000 ) ) ;
#5002 = DIRECTION ( 'NONE',  ( 1.000000000000000000, 6.429478007160029845E-29, 1.841475689883071491E-14 ) ) ;
#5003 = VECTOR ( 'NONE', #3690, 1000.000000000000000 ) ;
#5004 = AXIS2_PLACEMENT_3D ( 'NONE', #3663, #3294, #2038 ) ;
#5005 = EDGE_LOOP ( 'NONE', ( #1368, #1272, #2553, #2450 ) ) ;
#5006 = VECTOR ( 'NONE', #759, 1000.000000000000000 ) ;
#5007 = VECTOR ( 'NONE', #4438, 1000.000000000000000 ) ;
#5008 = CARTESIAN_POINT ( 'NONE',  ( -3.000000000000000888, -13.00000000000000178, 0.0000000000000000000 ) ) ;
#5009 = CARTESIAN_POINT ( 'NONE',  ( -24.50000000000018829, -4.000000000000001776, 4.500000000000105693 ) ) ;
#5010 = CARTESIAN_POINT ( 'NONE',  ( 6.499999999999997335, 23.00000000000000000, -2.500000000000000444 ) ) ;
#5011 = CIRCLE ( 'NONE', #1088, 2.500000000000000444 ) ;
#5012 = EDGE_CURVE ( 'NONE', #2883, #4340, #1181, .T. ) ;
#5013 = CARTESIAN_POINT ( 'NONE',  ( -24.50000000000009948, 23.99999999999999645, 27.40000000000000213 ) ) ;
#5014 = ORIENTED_EDGE ( 'NONE', *, *, #4719, .T. ) ;
#5015 = CARTESIAN_POINT ( 'NONE',  ( -8.012230930900711812, 22.69266144145962372, 28.92497447201970928 ) ) ;
#5016 = DIRECTION ( 'NONE',  ( 0.0000000000000000000, 0.0000000000000000000, 1.000000000000000000 ) ) ;
#5017 = CARTESIAN_POINT ( 'NONE',  ( 7.000000000000002665, 21.50000000000000000, -2.000000000000000000 ) ) ;
#5018 = DIRECTION ( 'NONE',  ( 0.0000000000000000000, 0.0000000000000000000, -1.000000000000000000 ) ) ;
#5019 = EDGE_CURVE ( 'NONE', #2094, #3656, #4613, .T. ) ;
#5020 = ORIENTED_EDGE ( 'NONE', *, *, #558, .T. ) ;
#5021 = FACE_BOUND ( 'NONE', #5049, .T. ) ;
#5022 = ORIENTED_EDGE ( 'NONE', *, *, #3501, .T. ) ;
#5023 = DIRECTION ( 'NONE',  ( -1.000000000000000000, 0.0000000000000000000, 0.0000000000000000000 ) ) ;
#5024 = EDGE_CURVE ( 'NONE', #3231, #309, #4529, .T. ) ;
#5025 = ORIENTED_EDGE ( 'NONE', *, *, #4897, .T. ) ;
#5026 = FACE_OUTER_BOUND ( 'NONE', #144, .T. ) ;
#5027 = ORIENTED_EDGE ( 'NONE', *, *, #4371, .T. ) ;
#5028 = CARTESIAN_POINT ( 'NONE',  ( -9.500000000000053291, 22.00000000000004263, 14.92922943124998980 ) ) ;
#5029 = CARTESIAN_POINT ( 'NONE',  ( -7.500000000000003553, 21.50000000000000000, 0.4999999999999987232 ) ) ;
#5030 =( BOUNDED_CURVE ( )  B_SPLINE_CURVE ( 3, ( #1896, #330, #3937, #4652 ),
 .UNSPECIFIED., .F., .F. ) 
 B_SPLINE_CURVE_WITH_KNOTS ( ( 4, 4 ),
 ( 3.141592653589799777, 4.712388980384689674 ),
 .UNSPECIFIED. ) 
 CURVE ( )  GEOMETRIC_REPRESENTATION_ITEM ( )  RATIONAL_B_SPLINE_CURVE ( ( 1.000000000000000000, 0.8047378541243666028, 0.8047378541243666028, 1.000000000000000000 ) ) 
 REPRESENTATION_ITEM ( '' )  );
#5031 = VERTEX_POINT ( 'NONE', #5029 ) ;
#5032 = CARTESIAN_POINT ( 'NONE',  ( 10.00000000000033928, -22.00000000000003908, 14.89999999999998437 ) ) ;
#5033 = DIRECTION ( 'NONE',  ( -1.000000000000000000, -0.0000000000000000000, -0.0000000000000000000 ) ) ;
#5034 = PLANE ( 'NONE',  #1661 ) ;
#5035 = ORIENTED_EDGE ( 'NONE', *, *, #4005, .F. ) ;
#5036 = CARTESIAN_POINT ( 'NONE',  ( 24.50000000000009948, 22.00000000000000355, 27.39999999999999503 ) ) ;
#5037 = ORIENTED_EDGE ( 'NONE', *, *, #689, .F. ) ;
#5038 = CARTESIAN_POINT ( 'NONE',  ( -8.344397841660986970, 23.15560215833889401, 29.31147321350129076 ) ) ;
#5039 = CARTESIAN_POINT ( 'NONE',  ( -24.50000000000012434, 2.999999999999998668, 22.40000000000011227 ) ) ;
#5040 = AXIS2_PLACEMENT_3D ( 'NONE', #4014, #2051, #4879 ) ;
#5041 = CARTESIAN_POINT ( 'NONE',  ( 9.607378166211484327, -22.15436972298097373, 29.83493168666593220 ) ) ;
#5042 = DIRECTION ( 'NONE',  ( 5.337610695313251385E-16, -3.469446951953612611E-15, 1.000000000000000000 ) ) ;
#5043 = ORIENTED_EDGE ( 'NONE', *, *, #4328, .F. ) ;
#5044 = CYLINDRICAL_SURFACE ( 'NONE', #1749, 2.500000000000002220 ) ;
#5045 = EDGE_LOOP ( 'NONE', ( #4113, #444, #5065, #934 ) ) ;
#5046 = EDGE_CURVE ( 'NONE', #2042, #80, #2931, .T. ) ;
#5047 = DIRECTION ( 'NONE',  ( -0.0000000000000000000, -0.0000000000000000000, 1.000000000000000000 ) ) ;
#5048 = VECTOR ( 'NONE', #3349, 1000.000000000000000 ) ;
#5049 = EDGE_LOOP ( 'NONE', ( #4809, #990, #561, #1982, #3868, #4368, #5027, #796 ) ) ;
#5050 = DIRECTION ( 'NONE',  ( 1.000000000000000000, 1.208020574436438282E-29, -3.481882245688216137E-15 ) ) ;
#5051 = ORIENTED_EDGE ( 'NONE', *, *, #558, .F. ) ;
#5052 = CARTESIAN_POINT ( 'NONE',  ( -24.50000000000018119, 2.999999999999998224, 5.500000000000107470 ) ) ;
#5053 = CARTESIAN_POINT ( 'NONE',  ( -6.499999999999997335, -23.50000000000000355, -2.499999999999998668 ) ) ;
#5054 = AXIS2_PLACEMENT_3D ( 'NONE', #911, #4884, #2165 ) ;
#5055 = ORIENTED_EDGE ( 'NONE', *, *, #3176, .T. ) ;
#5056 = ORIENTED_EDGE ( 'NONE', *, *, #2242, .T. ) ;
#5057 = EDGE_CURVE ( 'NONE', #699, #3666, #2709, .T. ) ;
#5058 = DIRECTION ( 'NONE',  ( 0.0000000000000000000, 1.000000000000000000, 3.391901413832837590E-15 ) ) ;
#5059 = FACE_OUTER_BOUND ( 'NONE', #3215, .T. ) ;
#5060 = PLANE ( 'NONE',  #590 ) ;
#5061 = DIRECTION ( 'NONE',  ( 3.481882245688216137E-15, -3.469446951953613006E-15, -1.000000000000000000 ) ) ;
#5062 = CARTESIAN_POINT ( 'NONE',  ( 7.500000000000096811, 23.00000000000000000, 27.39999999999999503 ) ) ;
#5063 = CARTESIAN_POINT ( 'NONE',  ( 6.499999999999996447, 21.50000000000000000, -2.000000000000000000 ) ) ;
#5064 = CARTESIAN_POINT ( 'NONE',  ( -3.000000000000006217, 13.00000000000000178, -12.00000000000000000 ) ) ;
#5065 = ORIENTED_EDGE ( 'NONE', *, *, #61, .F. ) ;
#5066 = DIRECTION ( 'NONE',  ( -0.0000000000000000000, -0.0000000000000000000, 1.000000000000000000 ) ) ;
#5067 = LINE ( 'NONE', #1487, #3630 ) ;
#5068 = PLANE ( 'NONE',  #1533 ) ;
#5069 = EDGE_CURVE ( 'NONE', #2042, #2927, #2274, .T. ) ;
#5070 = VERTEX_POINT ( 'NONE', #5053 ) ;
#5071 = DIRECTION ( 'NONE',  ( 3.469446951953611033E-15, 0.0000000000000000000, -1.000000000000000000 ) ) ;
#5072 = ORIENTED_EDGE ( 'NONE', *, *, #4506, .F. ) ;
#5073 = CARTESIAN_POINT ( 'NONE',  ( 6.500000000000000000, -23.50000000000000000, -2.000000000000000000 ) ) ;
#5074 = LINE ( 'NONE', #4687, #3182 ) ;
#5075 = VECTOR ( 'NONE', #3221, 1000.000000000000000 ) ;
#5076 = CIRCLE ( 'NONE', #4665, 0.9999999999999986677 ) ;
#5077 = EDGE_LOOP ( 'NONE', ( #3114, #3578, #478, #5101 ) ) ;
#5078 = EDGE_CURVE ( 'NONE', #852, #4366, #1473, .T. ) ;
#5079 = CARTESIAN_POINT ( 'NONE',  ( 9.500000000000053291, 21.50000000000000000, 14.90916258126162575 ) ) ;
#5080 = AXIS2_PLACEMENT_3D ( 'NONE', #886, #2736, #4077 ) ;
#5081 = DIRECTION ( 'NONE',  ( -1.000000000000000000, 0.0000000000000000000, -3.481882245688213770E-15 ) ) ;
#5082 = CYLINDRICAL_SURFACE ( 'NONE', #2324, 0.5000000000000004441 ) ;
#5083 = CIRCLE ( 'NONE', #446, 0.9999999999999986677 ) ;
#5084 = CIRCLE ( 'NONE', #4248, 1.000000000000000888 ) ;
#5085 = CIRCLE ( 'NONE', #2821, 2.499999999999995115 ) ;
#5086 = EDGE_CURVE ( 'NONE', #1225, #3612, #2204, .T. ) ;
#5087 = DIRECTION ( 'NONE',  ( -3.481882245688215743E-15, -2.748692399616089423E-31, 1.000000000000000000 ) ) ;
#5088 = PLANE ( 'NONE',  #313 ) ;
#5089 = DIRECTION ( 'NONE',  ( -1.000000000000000000, 2.017120320903264257E-17, 3.481882245688215743E-15 ) ) ;
#5090 = CARTESIAN_POINT ( 'NONE',  ( 9.803615063309857547, -21.82730822782115965, 29.89999999999999147 ) ) ;
#5091 = EDGE_CURVE ( 'NONE', #1560, #3522, #670, .T. ) ;
#5092 = CIRCLE ( 'NONE', #1249, 2.500000000000002220 ) ;
#5093 = VERTEX_POINT ( 'NONE', #1835 ) ;
#5094 = ORIENTED_EDGE ( 'NONE', *, *, #4902, .F. ) ;
#5095 = FACE_OUTER_BOUND ( 'NONE', #2575, .T. ) ;
#5096 = DIRECTION ( 'NONE',  ( -0.0000000000000000000, -0.0000000000000000000, 1.000000000000000000 ) ) ;
#5097 = DIRECTION ( 'NONE',  ( -1.000000000000000000, 0.0000000000000000000, -3.481882245688216531E-15 ) ) ;
#5098 = EDGE_CURVE ( 'NONE', #2004, #447, #3435, .T. ) ;
#5099 = ORIENTED_EDGE ( 'NONE', *, *, #2035, .F. ) ;
#5100 = CARTESIAN_POINT ( 'NONE',  ( -7.500000000000096811, 23.00000000000000000, 27.39999999999999503 ) ) ;
#5101 = ORIENTED_EDGE ( 'NONE', *, *, #1327, .F. ) ;
#5102 = DIRECTION ( 'NONE',  ( 1.000000000000000000, 2.017120320903264257E-17, 3.481882245688215743E-15 ) ) ;
#5103 = CARTESIAN_POINT ( 'NONE',  ( -37.00000000000000000, 0.0000000000000000000, 27.89999999999998792 ) ) ;
#5104 = EDGE_CURVE ( 'NONE', #3128, #905, #1229, .T. ) ;
#5105 = VERTEX_POINT ( 'NONE', #3615 ) ;
#5106 = LINE ( 'NONE', #3487, #2159 ) ;
#5107 = CARTESIAN_POINT ( 'NONE',  ( 0.0000000000000000000, 0.0000000000000000000, 27.89999999999999147 ) ) ;
#5108 = FACE_OUTER_BOUND ( 'NONE', #4597, .T. ) ;
#5109 = EDGE_CURVE ( 'NONE', #4854, #366, #1571, .T. ) ;
#5110 = ADVANCED_FACE ( 'NONE', ( #3138 ), #743, .F. ) ;
#5111 = FACE_OUTER_BOUND ( 'NONE', #2918, .T. ) ;
#5112 = CARTESIAN_POINT ( 'NONE',  ( 7.500000000000076383, -4.000000000000000888, 22.39999999999999858 ) ) ;
#5113 = DIRECTION ( 'NONE',  ( 0.0000000000000000000, 0.0000000000000000000, 1.000000000000000000 ) ) ;
#5114 = CARTESIAN_POINT ( 'NONE',  ( 9.244571536693444003, -22.75904743884447257, 29.58446597589048821 ) ) ;
#5115 = VECTOR ( 'NONE', #2833, 1000.000000000000000 ) ;
#5116 = ORIENTED_EDGE ( 'NONE', *, *, #1021, .T. ) ;
#5117 = AXIS2_PLACEMENT_3D ( 'NONE', #404, #2797, #3628 ) ;
#5118 = CARTESIAN_POINT ( 'NONE',  ( -24.50000000000009948, -17.98221343439128361, 27.89999999999998792 ) ) ;
#5119 = CARTESIAN_POINT ( 'NONE',  ( -10.00000000000009948, 21.50000000000000000, 27.39999999999999503 ) ) ;
#5120 = LINE ( 'NONE', #764, #3378 ) ;
#5121 = AXIS2_PLACEMENT_3D ( 'NONE', #763, #3970, #3531 ) ;
#5122 = ORIENTED_EDGE ( 'NONE', *, *, #2624, .T. ) ;
#5123 = LINE ( 'NONE', #2270, #2483 ) ;
#5124 = ORIENTED_EDGE ( 'NONE', *, *, #2934, .F. ) ;
#5125 = AXIS2_PLACEMENT_3D ( 'NONE', #3532, #4807, #3105 ) ;
#5126 = LINE ( 'NONE', #1570, #5003 ) ;
#5127 = CARTESIAN_POINT ( 'NONE',  ( 6.499999999999996447, 21.50000000000000000, 0.0000000000000000000 ) ) ;
#5128 = VECTOR ( 'NONE', #805, 1000.000000000000000 ) ;
#5129 = ORIENTED_EDGE ( 'NONE', *, *, #4892, .F. ) ;
#5130 = VERTEX_POINT ( 'NONE', #342 ) ;
#5131 = LINE ( 'NONE', #2398, #2395 ) ;
#5132 = LINE ( 'NONE', #4297, #860 ) ;
#5133 = CARTESIAN_POINT ( 'NONE',  ( 6.499999999999998224, -23.00000000000000000, -2.500000000000000444 ) ) ;
#5134 = EDGE_CURVE ( 'NONE', #5093, #4968, #793, .T. ) ;
#5135 = CARTESIAN_POINT ( 'NONE',  ( -24.50000000000011724, -4.000000000000001776, 23.40000000000011227 ) ) ;
#5136 = CARTESIAN_POINT ( 'NONE',  ( -10.00000000000010303, 21.49999999999999645, 29.89999999999999147 ) ) ;
#5137 = CARTESIAN_POINT ( 'NONE',  ( 8.869919785739627471, -23.38346702376727748, 29.05206688216544819 ) ) ;
#5138 = LINE ( 'NONE', #3207, #3127 ) ;
#5139 = ORIENTED_EDGE ( 'NONE', *, *, #2547, .T. ) ;
#5140 = LINE ( 'NONE', #1925, #4170 ) ;
#5142 = ADVANCED_FACE ( 'NONE', ( #4424 ), #5150, .F. ) ;
#5141 = PLANE ( 'NONE',  #623 ) ;
#5143 = LINE ( 'NONE', #387, #1535 ) ;
#5144 = EDGE_CURVE ( 'NONE', #1047, #3401, #4189, .T. ) ;
#5145 = EDGE_CURVE ( 'NONE', #4089, #1447, #1620, .T. ) ;
#5146 = ORIENTED_EDGE ( 'NONE', *, *, #2473, .F. ) ;
#5147 = CARTESIAN_POINT ( 'NONE',  ( -6.499999999999997335, -23.00000000000000000, -1.999999999999996669 ) ) ;
#5148 = VERTEX_POINT ( 'NONE', #391 ) ;
#5149 = FACE_OUTER_BOUND ( 'NONE', #290, .T. ) ;
#5150 = CYLINDRICAL_SURFACE ( 'NONE', #3013, 0.9999999999999991118 ) ;
#5151 = EDGE_CURVE ( 'NONE', #183, #3894, #770, .T. ) ;
#5152 = ADVANCED_FACE ( 'NONE', ( #1151 ), #1546, .T. ) ;
#5153 = AXIS2_PLACEMENT_3D ( 'NONE', #3934, #2715, #2022 ) ;
#5154 = ORIENTED_EDGE ( 'NONE', *, *, #4612, .F. ) ;
#5155 = ORIENTED_EDGE ( 'NONE', *, *, #3165, .F. ) ;
#5156 = LINE ( 'NONE', #749, #1740 ) ;
#5157 = CARTESIAN_POINT ( 'NONE',  ( 10.00000000000010836, -21.50000000000000000, 27.39999999999999503 ) ) ;
#5158 = CARTESIAN_POINT ( 'NONE',  ( 24.50000000000009948, -24.00000000000000000, 27.40000000000001279 ) ) ;
#5159 = VECTOR ( 'NONE', #1866, 1000.000000000000000 ) ;
#5160 = VECTOR ( 'NONE', #2317, 1000.000000000000000 ) ;
#5161 = EDGE_CURVE ( 'NONE', #3644, #1863, #6, .T. ) ;
#5162 = ORIENTED_EDGE ( 'NONE', *, *, #1602, .T. ) ;
#5163 = AXIS2_PLACEMENT_3D ( 'NONE', #3111, #2343, #4711 ) ;
#5165 = DIRECTION ( 'NONE',  ( 0.0000000000000000000, 1.000000000000000000, 0.0000000000000000000 ) ) ;
#5164 = CIRCLE ( 'NONE', #578, 0.5000000000000004441 ) ;
#5166 = DIRECTION ( 'NONE',  ( 0.0000000000000000000, 0.0000000000000000000, -1.000000000000000000 ) ) ;
#5167 = DIRECTION ( 'NONE',  ( 0.0000000000000000000, 3.469446951953612611E-15, -1.000000000000000000 ) ) ;
#5168 = LINE ( 'NONE', #2355, #2572 ) ;
#5169 = EDGE_CURVE ( 'NONE', #2244, #4790, #4370, .T. ) ;
#5170 = EDGE_CURVE ( 'NONE', #2086, #1350, #1675, .T. ) ;
#5171 = VECTOR ( 'NONE', #2407, 1000.000000000000000 ) ;
#5172 = CARTESIAN_POINT ( 'NONE',  ( 0.0000000000000000000, -17.50000000000000000, 0.0000000000000000000 ) ) ;
#5173 = ORIENTED_EDGE ( 'NONE', *, *, #2085, .F. ) ;
#5175 = DIRECTION ( 'NONE',  ( 1.000000000000000000, 0.0000000000000000000, -0.0000000000000000000 ) ) ;
#5174 = VECTOR ( 'NONE', #3623, 1000.000000000000000 ) ;
#5176 = FACE_OUTER_BOUND ( 'NONE', #3328, .T. ) ;
#5177 = AXIS2_PLACEMENT_3D ( 'NONE', #2861, #1976, #1688 ) ;
#5178 = DIRECTION ( 'NONE',  ( -3.481882245688215743E-15, 0.0000000000000000000, -1.000000000000000000 ) ) ;
#5179 = ORIENTED_EDGE ( 'NONE', *, *, #1892, .T. ) ;
#5180 = DIRECTION ( 'NONE',  ( 1.000000000000000000, 0.0000000000000000000, -3.480674935616895651E-15 ) ) ;
#5181 = VERTEX_POINT ( 'NONE', #1987 ) ;
#5182 =( NAMED_UNIT ( * ) SI_UNIT ( $, .STERADIAN. ) SOLID_ANGLE_UNIT ( ) );
ENDSEC;
END-ISO-10303-21;
