ISO-10303-21;
HEADER;
FILE_DESCRIPTION (( 'STEP AP214' ),
    '1' );
FILE_NAME ('大小腿电机连接块.step',
    '2026-09-25T10:02:56',
    ( '' ),
    ( '' ),
    'SwSTEP 2.0',
    'SolidWorks 2024',
    '' );
FILE_SCHEMA (( 'AUTOMOTIVE_DESIGN' ));
ENDSEC;

DATA;
#1 = AXIS2_PLACEMENT_3D ( 'NONE', #215, #2941, #2959 ) ;
#2 = EDGE_CURVE ( 'NONE', #619, #3887, #1119, .T. ) ;
#3 = CARTESIAN_POINT ( 'NONE',  ( -8.660254037844369535, -18.00000000000001421, 0.02205953146760110395 ) ) ;
#4 = CARTESIAN_POINT ( 'NONE',  ( -10.01812455143985048, -17.69731297698832506, -1.632228598142504428 ) ) ;
#5 = PLANE ( 'NONE',  #3494 ) ;
#6 = LINE ( 'NONE', #1287, #270 ) ;
#7 = VERTEX_POINT ( 'NONE', #3840 ) ;
#8 = VECTOR ( 'NONE', #2261, 1000.000000000000114 ) ;
#9 = EDGE_CURVE ( 'NONE', #571, #2601, #2953, .T. ) ;
#10 = AXIS2_PLACEMENT_3D ( 'NONE', #2661, #3901, #840 ) ;
#11 = DIRECTION ( 'NONE',  ( 0.6123724356957893633, 0.3535533905932713994, -0.7071067811865531239 ) ) ;
#12 = LINE ( 'NONE', #1191, #2030 ) ;
#13 = AXIS2_PLACEMENT_3D ( 'NONE', #3984, #3731, #318 ) ;
#14 = CARTESIAN_POINT ( 'NONE',  ( 9.983622159559557119, 17.29214082392764595, 1.412834115817595659 ) ) ;
#15 = ORIENTED_EDGE ( 'NONE', *, *, #3516, .F. ) ;
#16 = VECTOR ( 'NONE', #1916, 1000.000000000000000 ) ;
#17 = EDGE_CURVE ( 'NONE', #2405, #681, #802, .T. ) ;
#18 = DIRECTION ( 'NONE',  ( 1.000000000000000000, -3.469446951953659154E-15, 0.0000000000000000000 ) ) ;
#19 = AXIS2_PLACEMENT_3D ( 'NONE', #3969, #2839, #1310 ) ;
#20 = CARTESIAN_POINT ( 'NONE',  ( -17.32050807568877104, -9.215718466126787689E-15, 3.750000000000000000 ) ) ;
#21 = ORIENTED_EDGE ( 'NONE', *, *, #446, .F. ) ;
#22 = CONICAL_SURFACE ( 'NONE', #1637, 2.000000000000000000, 1.029744258676654090 ) ;
#23 = ORIENTED_EDGE ( 'NONE', *, *, #2270, .T. ) ;
#24 = PLANE ( 'NONE',  #1704 ) ;
#25 = DIRECTION ( 'NONE',  ( 0.0000000000000000000, 0.0000000000000000000, -1.000000000000000000 ) ) ;
#26 = CIRCLE ( 'NONE', #3637, 0.4999999999999935052 ) ;
#27 = ORIENTED_EDGE ( 'NONE', *, *, #2203, .F. ) ;
#28 = ORIENTED_EDGE ( 'NONE', *, *, #2876, .F. ) ;
#29 = VECTOR ( 'NONE', #3670, 1000.000000000000114 ) ;
#30 = VECTOR ( 'NONE', #2741, 1000.000000000000000 ) ;
#31 = CARTESIAN_POINT ( 'NONE',  ( 10.31726034107596668, -17.52460684831767779, -1.632228598142506426 ) ) ;
#32 = CARTESIAN_POINT ( 'NONE',  ( -9.361939111568968741, -17.93813707818074477, 0.04457579361455078076 ) ) ;
#33 = CARTESIAN_POINT ( 'NONE',  ( 9.693860759728320176, 17.81631978732466237, -1.588913661505112929 ) ) ;
#34 = CARTESIAN_POINT ( 'NONE',  ( -11.95000000000000462, 7.060290717188510206E-14, -3.750000000000000000 ) ) ;
#35 = VERTEX_POINT ( 'NONE', #3192 ) ;
#36 = EDGE_CURVE ( 'NONE', #2347, #1871, #3207, .T. ) ;
#37 = DIRECTION ( 'NONE',  ( 1.000000000000000000, 1.877893248421449775E-16, -0.0000000000000000000 ) ) ;
#38 = CYLINDRICAL_SURFACE ( 'NONE', #158, 3.000000000000000444 ) ;
#39 = DIRECTION ( 'NONE',  ( -1.000000000000000000, 0.0000000000000000000, 0.0000000000000000000 ) ) ;
#40 = ORIENTED_EDGE ( 'NONE', *, *, #3067, .T. ) ;
#41 = EDGE_CURVE ( 'NONE', #2601, #3133, #3228, .T. ) ;
#42 = CARTESIAN_POINT ( 'NONE',  ( -18.18653347947320853, -0.5000000000000088818, 0.7499690025326315457 ) ) ;
#43 = DIRECTION ( 'NONE',  ( -1.000000000000000000, -0.0000000000000000000, -0.0000000000000000000 ) ) ;
#44 = VERTEX_POINT ( 'NONE', #1082 ) ;
#45 = ORIENTED_EDGE ( 'NONE', *, *, #1368, .F. ) ;
#46 = CARTESIAN_POINT ( 'NONE',  ( -8.660254037844373087, -15.00000000000001421, 3.750000000000000000 ) ) ;
#47 = ORIENTED_EDGE ( 'NONE', *, *, #87, .T. ) ;
#48 =( BOUNDED_CURVE ( )  B_SPLINE_CURVE ( 3, ( #1513, #3072, #310, #1835 ),
 .UNSPECIFIED., .F., .F. ) 
 B_SPLINE_CURVE_WITH_KNOTS ( ( 4, 4 ),
 ( 2.969737902271055496, 3.313447404908532068 ),
 .UNSPECIFIED. ) 
 CURVE ( )  GEOMETRIC_REPRESENTATION_ITEM ( )  RATIONAL_B_SPLINE_CURVE ( ( 1.000000000000000000, 0.9901795204324213007, 0.9901795204324213007, 1.000000000000000000 ) ) 
 REPRESENTATION_ITEM ( '' )  );
#49 = DIRECTION ( 'NONE',  ( -0.0000000000000000000, -0.0000000000000000000, 1.000000000000000000 ) ) ;
#50 = DIRECTION ( 'NONE',  ( -1.000000000000000000, 0.0000000000000000000, 0.0000000000000000000 ) ) ;
#51 = DIRECTION ( 'NONE',  ( 1.000000000000000000, 0.0000000000000000000, 0.0000000000000000000 ) ) ;
#52 = LINE ( 'NONE', #1268, #665 ) ;
#53 = ORIENTED_EDGE ( 'NONE', *, *, #3146, .F. ) ;
#54 = EDGE_CURVE ( 'NONE', #1463, #1866, #193, .T. ) ;
#55 = EDGE_CURVE ( 'NONE', #1773, #3324, #612, .T. ) ;
#56 = DIRECTION ( 'NONE',  ( -1.000000000000000000, 0.0000000000000000000, 0.0000000000000000000 ) ) ;
#57 = CARTESIAN_POINT ( 'NONE',  ( 8.834435555063690160, 15.98853933702275221, -2.250210677488175381 ) ) ;
#58 = DIRECTION ( 'NONE',  ( -0.6123724356957985782, 0.3535533905932743415, 0.7071067811865437980 ) ) ;
#59 = EDGE_LOOP ( 'NONE', ( #2215, #2515, #912, #3804 ) ) ;
#60 = EDGE_CURVE ( 'NONE', #730, #2347, #3565, .T. ) ;
#61 = CARTESIAN_POINT ( 'NONE',  ( -9.533802439760007630, -15.48696978501152088, -2.249999999999999556 ) ) ;
#62 = CARTESIAN_POINT ( 'NONE',  ( -9.093266739736606041, -15.25000000000002665, 3.750000000000000000 ) ) ;
#63 = ORIENTED_EDGE ( 'NONE', *, *, #3134, .F. ) ;
#64 = VERTEX_POINT ( 'NONE', #2886 ) ;
#65 = DIRECTION ( 'NONE',  ( 0.0000000000000000000, 0.0000000000000000000, -1.000000000000000000 ) ) ;
#66 = ORIENTED_EDGE ( 'NONE', *, *, #1805, .F. ) ;
#67 = EDGE_CURVE ( 'NONE', #2084, #3588, #1564, .T. ) ;
#68 = DIRECTION ( 'NONE',  ( -0.6123724356957990222, -0.3535533905932721765, -0.7071067811865443531 ) ) ;
#69 = CARTESIAN_POINT ( 'NONE',  ( -8.660254037844373087, -15.00000000000001421, -3.249999999999999556 ) ) ;
#70 = CARTESIAN_POINT ( 'NONE',  ( 6.750000000000058620, 11.69134295108989363, -3.750000000000000000 ) ) ;
#71 = ORIENTED_EDGE ( 'NONE', *, *, #3168, .T. ) ;
#72 =( BOUNDED_CURVE ( )  B_SPLINE_CURVE ( 3, ( #1059, #2948, #3553, #1996 ),
 .UNSPECIFIED., .F., .T. ) 
 B_SPLINE_CURVE_WITH_KNOTS ( ( 4, 4 ),
 ( 2.789848629310229366, 3.141592653589792228 ),
 .UNSPECIFIED. ) 
 CURVE ( )  GEOMETRIC_REPRESENTATION_ITEM ( )  RATIONAL_B_SPLINE_CURVE ( ( 1.000000000000000000, 0.9897162267460037910, 0.9897162267460037910, 1.000000000000000000 ) ) 
 REPRESENTATION_ITEM ( '' )  );
#73 = CONICAL_SURFACE ( 'NONE', #1300, 0.4999999999999935052, 0.7853981633974539411 ) ;
#74 = CARTESIAN_POINT ( 'NONE',  ( 8.660254037844397956, 18.00000000000001066, -1.522059531467601756 ) ) ;
#75 = DIRECTION ( 'NONE',  ( -0.5000000000000003331, 0.8660254037844384856, 0.0000000000000000000 ) ) ;
#76 = CARTESIAN_POINT ( 'NONE',  ( -13.50000000000000355, 7.041308691801725122E-14, -3.750000000000000000 ) ) ;
#77 = CIRCLE ( 'NONE', #343, 0.5000000000000213163 ) ;
#78 = ORIENTED_EDGE ( 'NONE', *, *, #866, .F. ) ;
#79 = CARTESIAN_POINT ( 'NONE',  ( -18.18653347947320853, -0.5000000000000102141, 3.750000000000000000 ) ) ;
#80 = DIRECTION ( 'NONE',  ( 0.6123724356957922499, 0.3535533905932728982, 0.7071067811865499042 ) ) ;
#81 = AXIS2_PLACEMENT_3D ( 'NONE', #1062, #3578, #1715 ) ;
#82 = EDGE_CURVE ( 'NONE', #3451, #3643, #1240, .T. ) ;
#83 = ORIENTED_EDGE ( 'NONE', *, *, #3516, .T. ) ;
#84 = ORIENTED_EDGE ( 'NONE', *, *, #2222, .F. ) ;
#85 = CIRCLE ( 'NONE', #2343, 1.000000000000000888 ) ;
#86 = CARTESIAN_POINT ( 'NONE',  ( -9.526279441628826561, 15.50000000000000711, 0.7499690025326336551 ) ) ;
#87 = EDGE_CURVE ( 'NONE', #1057, #3074, #103, .T. ) ;
#88 = VERTEX_POINT ( 'NONE', #2322 ) ;
#89 = VECTOR ( 'NONE', #3683, 1000.000000000000000 ) ;
#90 = DIRECTION ( 'NONE',  ( -0.0000000000000000000, -0.0000000000000000000, 1.000000000000000000 ) ) ;
#91 = DIRECTION ( 'NONE',  ( 2.453269466693379688E-15, 0.7071067811865525687, -0.7071067811865425767 ) ) ;
#92 = DIRECTION ( 'NONE',  ( 0.0000000000000000000, 0.0000000000000000000, -1.000000000000000000 ) ) ;
#93 = FACE_OUTER_BOUND ( 'NONE', #3942, .T. ) ;
#94 = ORIENTED_EDGE ( 'NONE', *, *, #777, .T. ) ;
#95 = AXIS2_PLACEMENT_3D ( 'NONE', #2583, #843, #2891 ) ;
#96 = STYLED_ITEM ( 'NONE', ( #2317 ), #3483 ) ;
#97 = CARTESIAN_POINT ( 'NONE',  ( -8.645208041581970093, 16.00000000000000711, -2.249999999999999556 ) ) ;
#98 = DIRECTION ( 'NONE',  ( 0.4999999999999993894, 0.8660254037844389297, 0.0000000000000000000 ) ) ;
#99 = VERTEX_POINT ( 'NONE', #3555 ) ;
#100 = VECTOR ( 'NONE', #2070, 1000.000000000000000 ) ;
#101 = CARTESIAN_POINT ( 'NONE',  ( -18.30896767028147565, -0.1748110652332847126, 0.7512793563481702241 ) ) ;
#102 = LINE ( 'NONE', #3190, #8 ) ;
#103 = LINE ( 'NONE', #1338, #2853 ) ;
#104 = EDGE_LOOP ( 'NONE', ( #3138, #3694, #714, #2788, #1598, #884, #308, #3573, #2842, #2424, #1379, #3622, #3749 ) ) ;
#105 = DIRECTION ( 'NONE',  ( 1.000000000000000000, 0.0000000000000000000, 0.0000000000000000000 ) ) ;
#106 = ADVANCED_FACE ( 'NONE', ( #120 ), #163, .T. ) ;
#107 = ORIENTED_EDGE ( 'NONE', *, *, #2435, .T. ) ;
#108 = CARTESIAN_POINT ( 'NONE',  ( 12.15000000000000036, 0.0000000000000000000, 3.750000000000001332 ) ) ;
#109 = ADVANCED_FACE ( 'NONE', ( #2949 ), #3876, .F. ) ;
#110 = CARTESIAN_POINT ( 'NONE',  ( -9.983622159559519815, -17.29214082392765661, 1.412834115817597436 ) ) ;
#111 = DIRECTION ( 'NONE',  ( -1.000000000000000000, 0.0000000000000000000, 0.0000000000000000000 ) ) ;
#112 = EDGE_LOOP ( 'NONE', ( #2609, #1124, #40, #917 ) ) ;
#113 = ORIENTED_EDGE ( 'NONE', *, *, #3416, .T. ) ;
#114 = CARTESIAN_POINT ( 'NONE',  ( -9.093266739736625581, 15.25000000000001776, 3.750000000000000000 ) ) ;
#115 = LINE ( 'NONE', #3164, #3675 ) ;
#116 = CARTESIAN_POINT ( 'NONE',  ( 8.660254037844396180, -15.50000000000000355, -3.750000000000000000 ) ) ;
#117 = ORIENTED_EDGE ( 'NONE', *, *, #732, .F. ) ;
#118 = CARTESIAN_POINT ( 'NONE',  ( 8.660254037844394404, -15.50000000000003197, 3.750000000000000000 ) ) ;
#119 = CARTESIAN_POINT ( 'NONE',  ( -20.89234471774548041, 0.1866025403784304926, -1.522059531467601756 ) ) ;
#120 = FACE_OUTER_BOUND ( 'NONE', #826, .T. ) ;
#121 = ORIENTED_EDGE ( 'NONE', *, *, #1973, .F. ) ;
#122 = CARTESIAN_POINT ( 'NONE',  ( -19.91858428704208706, 1.499999999999990896, 0.02205953146760110395 ) ) ;
#123 = EDGE_CURVE ( 'NONE', #1263, #3089, #2290, .T. ) ;
#124 = ORIENTED_EDGE ( 'NONE', *, *, #406, .T. ) ;
#125 = EDGE_CURVE ( 'NONE', #3679, #3564, #3801, .T. ) ;
#126 = CARTESIAN_POINT ( 'NONE',  ( 9.237604307034018802, 16.00000000000000711, -3.249999999999999556 ) ) ;
#127 = ORIENTED_EDGE ( 'NONE', *, *, #576, .T. ) ;
#128 = CARTESIAN_POINT ( 'NONE',  ( -17.32050807568877104, -9.215718466126787689E-15, 3.750000000000000000 ) ) ;
#129 = ORIENTED_EDGE ( 'NONE', *, *, #2645, .F. ) ;
#130 = EDGE_CURVE ( 'NONE', #1947, #1416, #3918, .T. ) ;
#131 = CIRCLE ( 'NONE', #2904, 1.549999999999999378 ) ;
#132 = LINE ( 'NONE', #3571, #3574 ) ;
#133 = CARTESIAN_POINT ( 'NONE',  ( -8.748426447681579177, 16.00000000000000355, -2.249605837451043033 ) ) ;
#134 = CARTESIAN_POINT ( 'NONE',  ( -19.91858428704208706, 1.499999999999987566, 0.02205953146760110395 ) ) ;
#135 = ORIENTED_EDGE ( 'NONE', *, *, #338, .F. ) ;
#136 = ADVANCED_FACE ( 'NONE', ( #530 ), #1453, .T. ) ;
#137 = CIRCLE ( 'NONE', #920, 9.000000000000000000 ) ;
#138 = DIRECTION ( 'NONE',  ( 0.0000000000000000000, 0.7071067811865425767, -0.7071067811865525687 ) ) ;
#139 = DIRECTION ( 'NONE',  ( 0.0000000000000000000, 0.0000000000000000000, -1.000000000000000000 ) ) ;
#140 = EDGE_CURVE ( 'NONE', #3276, #3994, #2364, .T. ) ;
#141 = CARTESIAN_POINT ( 'NONE',  ( -13.50000000000000355, 7.041308691801725122E-14, -0.6499999999999995781 ) ) ;
#142 = VERTEX_POINT ( 'NONE', #768 ) ;
#143 = DIRECTION ( 'NONE',  ( 1.000000000000000000, 0.0000000000000000000, 0.0000000000000000000 ) ) ;
#144 = ORIENTED_EDGE ( 'NONE', *, *, #2423, .F. ) ;
#145 = FACE_OUTER_BOUND ( 'NONE', #1834, .T. ) ;
#146 = DIRECTION ( 'NONE',  ( 0.5000000000000003331, -0.8660254037844384856, -0.0000000000000000000 ) ) ;
#147 = AXIS2_PLACEMENT_3D ( 'NONE', #2298, #2898, #726 ) ;
#148 = VERTEX_POINT ( 'NONE', #830 ) ;
#149 = PLANE ( 'NONE',  #2915 ) ;
#150 = VERTEX_POINT ( 'NONE', #788 ) ;
#151 = CIRCLE ( 'NONE', #2597, 1.550000000000000266 ) ;
#152 = DIRECTION ( 'NONE',  ( -0.3006265784832191090, 0.0000000000000000000, 0.9537419254229484444 ) ) ;
#153 = CARTESIAN_POINT ( 'NONE',  ( 20.33538489251584025, -0.1727061286706227661, 0.1322285981425041501 ) ) ;
#154 = PLANE ( 'NONE',  #3706 ) ;
#155 = EDGE_CURVE ( 'NONE', #3208, #1871, #1380, .T. ) ;
#156 = ORIENTED_EDGE ( 'NONE', *, *, #3659, .F. ) ;
#157 = AXIS2_PLACEMENT_3D ( 'NONE', #1775, #919, #3381 ) ;
#158 = AXIS2_PLACEMENT_3D ( 'NONE', #3653, #1227, #2432 ) ;
#159 = CARTESIAN_POINT ( 'NONE',  ( -13.50000000000000355, 7.041308691801725122E-14, -3.750000000000000000 ) ) ;
#160 = AXIS2_PLACEMENT_3D ( 'NONE', #2220, #3752, #3083 ) ;
#161 = CARTESIAN_POINT ( 'NONE',  ( -19.91858428704208350, -1.500000000000005551, -1.522059531467601756 ) ) ;
#162 = EDGE_CURVE ( 'NONE', #3276, #3208, #3606, .T. ) ;
#163 = CYLINDRICAL_SURFACE ( 'NONE', #3502, 2.999999999999999112 ) ;
#164 = EDGE_LOOP ( 'NONE', ( #2526, #2313, #1678, #2906, #2140, #2253 ) ) ;
#165 = ORIENTED_EDGE ( 'NONE', *, *, #3210, .F. ) ;
#166 = DIRECTION ( 'NONE',  ( -1.000000000000000000, 0.0000000000000000000, 0.0000000000000000000 ) ) ;
#167 = DIRECTION ( 'NONE',  ( -0.0000000000000000000, -0.0000000000000000000, 1.000000000000000000 ) ) ;
#168 = ORIENTED_EDGE ( 'NONE', *, *, #3538, .T. ) ;
#169 =( BOUNDED_CURVE ( )  B_SPLINE_CURVE ( 3, ( #1326, #31, #1599, #2249 ),
 .UNSPECIFIED., .F., .F. ) 
 B_SPLINE_CURVE_WITH_KNOTS ( ( 4, 4 ),
 ( 6.111330555860847724, 6.455040058498322963 ),
 .UNSPECIFIED. ) 
 CURVE ( )  GEOMETRIC_REPRESENTATION_ITEM ( )  RATIONAL_B_SPLINE_CURVE ( ( 1.000000000000000000, 0.9901795204324213007, 0.9901795204324213007, 1.000000000000000000 ) ) 
 REPRESENTATION_ITEM ( '' )  );
#170 = DIRECTION ( 'NONE',  ( -0.6123724356957997994, 0.3535533905932770060, -0.7071067811865413555 ) ) ;
#171 = ORIENTED_EDGE ( 'NONE', *, *, #1563, .T. ) ;
#172 = CARTESIAN_POINT ( 'NONE',  ( -8.645208041581943448, -16.00000000000001066, 0.7500000000000004441 ) ) ;
#173 = CARTESIAN_POINT ( 'NONE',  ( 5.199999999999945999, -11.69134295108995580, -0.6499999999999995781 ) ) ;
#174 = CARTESIAN_POINT ( 'NONE',  ( 9.693860759728313070, -17.81631978732466237, 0.08891366150511145761 ) ) ;
#175 = CARTESIAN_POINT ( 'NONE',  ( -6.075000000000001954, -10.52220865598098776, -0.4517212380551211548 ) ) ;
#176 = ADVANCED_FACE ( 'NONE', ( #3263 ), #149, .F. ) ;
#177 = ORIENTED_EDGE ( 'NONE', *, *, #2866, .T. ) ;
#178 = EDGE_CURVE ( 'NONE', #2811, #1936, #2519, .T. ) ;
#179 =( BOUNDED_CURVE ( )  B_SPLINE_CURVE ( 3, ( #1361, #1107, #2586, #2608 ),
 .UNSPECIFIED., .F., .F. ) 
 B_SPLINE_CURVE_WITH_KNOTS ( ( 4, 4 ),
 ( 3.141592653589793116, 3.493336677869353757 ),
 .UNSPECIFIED. ) 
 CURVE ( )  GEOMETRIC_REPRESENTATION_ITEM ( )  RATIONAL_B_SPLINE_CURVE ( ( 1.000000000000000000, 0.9897162267460037910, 0.9897162267460037910, 1.000000000000000000 ) ) 
 REPRESENTATION_ITEM ( '' )  );
#180 = DIRECTION ( 'NONE',  ( -0.0000000000000000000, -0.0000000000000000000, 1.000000000000000000 ) ) ;
#181 = DIRECTION ( 'NONE',  ( -0.0000000000000000000, -0.0000000000000000000, -1.000000000000000000 ) ) ;
#182 = ADVANCED_FACE ( 'NONE', ( #3888 ), #1417, .T. ) ;
#183 = DIRECTION ( 'NONE',  ( 0.0000000000000000000, -0.9396926207859093161, 0.3420201433256663259 ) ) ;
#184 = EDGE_LOOP ( 'NONE', ( #2306, #2502, #1740, #189 ) ) ;
#185 = DIRECTION ( 'NONE',  ( 0.6123724356957909176, 0.3535533905932710663, 0.7071067811865520136 ) ) ;
#186 = DIRECTION ( 'NONE',  ( -0.8571673007021121116, 1.049727191138618449E-16, 0.5150380749100544886 ) ) ;
#187 = ORIENTED_EDGE ( 'NONE', *, *, #630, .F. ) ;
#188 = CARTESIAN_POINT ( 'NONE',  ( -8.075000000000045475, 10.52220865598089894, 3.750000000000000000 ) ) ;
#189 = ORIENTED_EDGE ( 'NONE', *, *, #3974, .F. ) ;
#190 = ADVANCED_FACE ( 'NONE', ( #2353 ), #520, .T. ) ;
#191 = CARTESIAN_POINT ( 'NONE',  ( 10.01812455143988778, -17.69731297698831796, 0.1322285981425055379 ) ) ;
#192 = CARTESIAN_POINT ( 'NONE',  ( -10.60777489925117045, -18.00000000000001421, -1.522059531467601756 ) ) ;
#193 =( BOUNDED_CURVE ( )  B_SPLINE_CURVE ( 3, ( #760, #513, #3539, #2867 ),
 .UNSPECIFIED., .F., .T. ) 
 B_SPLINE_CURVE_WITH_KNOTS ( ( 4, 4 ),
 ( 3.141592653589793116, 3.493336677869353313 ),
 .UNSPECIFIED. ) 
 CURVE ( )  GEOMETRIC_REPRESENTATION_ITEM ( )  RATIONAL_B_SPLINE_CURVE ( ( 1.000000000000000000, 0.9897162267460039020, 0.9897162267460039020, 1.000000000000000000 ) ) 
 REPRESENTATION_ITEM ( '' )  );
#194 = CARTESIAN_POINT ( 'NONE',  ( 9.000000000000000000, 0.0000000000000000000, 3.249999999999994227 ) ) ;
#195 = CARTESIAN_POINT ( 'NONE',  ( 18.30879551515847581, 0.1756051217038363255, -2.251274455127773688 ) ) ;
#196 = ORIENTED_EDGE ( 'NONE', *, *, #2866, .F. ) ;
#197 = FACE_OUTER_BOUND ( 'NONE', #2379, .T. ) ;
#198 = CARTESIAN_POINT ( 'NONE',  ( -6.075000000000001066, -10.52220865598098776, 3.750000000000001332 ) ) ;
#199 = VECTOR ( 'NONE', #1135, 1000.000000000000114 ) ;
#200 =( BOUNDED_CURVE ( )  B_SPLINE_CURVE ( 3, ( #2402, #3642, #882, #593 ),
 .UNSPECIFIED., .F., .F. ) 
 B_SPLINE_CURVE_WITH_KNOTS ( ( 4, 4 ),
 ( 2.218314947351626376, 2.222721619450676034 ),
 .UNSPECIFIED. ) 
 CURVE ( )  GEOMETRIC_REPRESENTATION_ITEM ( )  RATIONAL_B_SPLINE_CURVE ( ( 1.000000000000000000, 0.9999983817707388534, 0.9999983817707388534, 1.000000000000000000 ) ) 
 REPRESENTATION_ITEM ( '' )  );
#201 = CARTESIAN_POINT ( 'NONE',  ( 10.58245515790638258, 17.30328957233616549, 0.08891366150511233191 ) ) ;
#202 = VECTOR ( 'NONE', #1758, 1000.000000000000114 ) ;
#203 = CARTESIAN_POINT ( 'NONE',  ( 3.750000000000058620, 11.69134295108989363, -3.750000000000000000 ) ) ;
#204 = VECTOR ( 'NONE', #357, 1000.000000000000000 ) ;
#205 = ADVANCED_FACE ( 'NONE', ( #2672 ), #3217, .T. ) ;
#206 = ORIENTED_EDGE ( 'NONE', *, *, #1195, .T. ) ;
#207 = AXIS2_PLACEMENT_3D ( 'NONE', #3497, #1389, #734 ) ;
#208 = LINE ( 'NONE', #517, #3316 ) ;
#209 = CARTESIAN_POINT ( 'NONE',  ( 0.0000000000000000000, 16.00000000000000711, -2.249999999999999556 ) ) ;
#210 = ADVANCED_FACE ( 'NONE', ( #2029 ), #2647, .F. ) ;
#211 = VERTEX_POINT ( 'NONE', #846 ) ;
#212 = AXIS2_PLACEMENT_3D ( 'NONE', #775, #3575, #492 ) ;
#213 = CARTESIAN_POINT ( 'NONE',  ( -4.075000000000062350, 10.52220865598089894, 3.750000000000001332 ) ) ;
#214 = AXIS2_PLACEMENT_3D ( 'NONE', #2376, #1824, #583 ) ;
#215 = CARTESIAN_POINT ( 'NONE',  ( 18.47520861406803760, 6.490238746183330561E-15, 3.750000000000000000 ) ) ;
#216 = DIRECTION ( 'NONE',  ( 0.2961981327260216901, 0.1710100716628333295, -0.9396926207859093161 ) ) ;
#217 = CARTESIAN_POINT ( 'NONE',  ( -11.25833024919768022, -16.50000000000001776, 0.02205953146760110395 ) ) ;
#218 = CARTESIAN_POINT ( 'NONE',  ( -8.660254037844389075, 15.50000000000000000, -3.750000000000000000 ) ) ;
#219 = VERTEX_POINT ( 'NONE', #213 ) ;
#220 = AXIS2_PLACEMENT_3D ( 'NONE', #2250, #1924, #3159 ) ;
#221 = B_SPLINE_CURVE_WITH_KNOTS ( 'NONE', 3,
 ( #1669, #468, #3856, #798, #2017, #3226, #494, #1634, #2283, #1975 ),
 .UNSPECIFIED., .F., .F.,
 ( 4, 2, 2, 2, 4 ),
 ( 0.0000000000000000000, 0.0002607588621995473124, 0.0005215177243990946248, 0.0007822765865986419914, 0.001043035448798189250 ),
 .UNSPECIFIED. ) ;
#222 = CARTESIAN_POINT ( 'NONE',  ( -8.660254037844389075, 15.00000000000000711, 3.750000000000000000 ) ) ;
#223 = VECTOR ( 'NONE', #3641, 1000.000000000000000 ) ;
#224 = FACE_OUTER_BOUND ( 'NONE', #3325, .T. ) ;
#225 = CARTESIAN_POINT ( 'NONE',  ( -20.09536906641259080, -1.193799780125440968, 0.02205953146760002842 ) ) ;
#226 = AXIS2_PLACEMENT_3D ( 'NONE', #3691, #1542, #973 ) ;
#227 = VECTOR ( 'NONE', #3203, 1000.000000000000000 ) ;
#228 = B_SPLINE_CURVE_WITH_KNOTS ( 'NONE', 3,
 ( #1272, #3064, #627, #301, #1847, #2496, #2880, #3185, #461, #426 ),
 .UNSPECIFIED., .F., .F.,
 ( 4, 2, 2, 2, 4 ),
 ( 0.0000000000000000000, 0.0002607588621995472582, 0.0005215177243990945163, 0.0007822765865986417745, 0.001043035448798189033 ),
 .UNSPECIFIED. ) ;
#229 = ORIENTED_EDGE ( 'NONE', *, *, #9, .F. ) ;
#230 = ORIENTED_EDGE ( 'NONE', *, *, #3589, .T. ) ;
#231 = EDGE_CURVE ( 'NONE', #2436, #1877, #2957, .T. ) ;
#232 = DIRECTION ( 'NONE',  ( -0.0000000000000000000, -0.0000000000000000000, 1.000000000000000000 ) ) ;
#233 = CARTESIAN_POINT ( 'NONE',  ( 6.750000000000058620, 11.69134295108989363, -3.750000000000000000 ) ) ;
#234 = ORIENTED_EDGE ( 'NONE', *, *, #1278, .F. ) ;
#235 = ORIENTED_EDGE ( 'NONE', *, *, #1436, .T. ) ;
#236 = EDGE_CURVE ( 'NONE', #2872, #3397, #348, .T. ) ;
#237 = PLANE ( 'NONE',  #1 ) ;
#238 = DIRECTION ( 'NONE',  ( -0.0000000000000000000, -0.0000000000000000000, 1.000000000000000000 ) ) ;
#239 = DIRECTION ( 'NONE',  ( -0.6123724356958004655, 0.3535533905932766174, 0.7071067811865411334 ) ) ;
#240 = PLANE ( 'NONE',  #1706 ) ;
#241 = EDGE_LOOP ( 'NONE', ( #1468, #2869, #2531, #3546, #3814, #2641 ) ) ;
#242 = CARTESIAN_POINT ( 'NONE',  ( 8.645208041581986080, -16.00000000000000711, -2.249999999999999556 ) ) ;
#243 = CARTESIAN_POINT ( 'NONE',  ( -20.09536906641259080, 1.193799780125426313, 0.02205953146760003536 ) ) ;
#244 = CARTESIAN_POINT ( 'NONE',  ( -9.533802439760030722, 15.48696978501150667, 0.7500000000000006661 ) ) ;
#245 = CARTESIAN_POINT ( 'NONE',  ( -13.50000000000000355, 7.041308691801725122E-14, -3.750000000000000000 ) ) ;
#246 = ORIENTED_EDGE ( 'NONE', *, *, #1037, .T. ) ;
#247 = DIRECTION ( 'NONE',  ( 1.000000000000000000, 1.877893248421449775E-16, 0.0000000000000000000 ) ) ;
#248 = FACE_OUTER_BOUND ( 'NONE', #864, .T. ) ;
#249 = ORIENTED_EDGE ( 'NONE', *, *, #178, .F. ) ;
#250 = ADVANCED_FACE ( 'NONE', ( #2370 ), #539, .F. ) ;
#251 = ORIENTED_EDGE ( 'NONE', *, *, #1249, .F. ) ;
#252 = CARTESIAN_POINT ( 'NONE',  ( 8.660254037844394404, -16.00000000000001066, 3.750000000000000000 ) ) ;
#253 = CARTESIAN_POINT ( 'NONE',  ( -18.18653347947321208, 0.4999999999999900080, -2.249969002532633322 ) ) ;
#254 = FACE_OUTER_BOUND ( 'NONE', #1253, .T. ) ;
#255 = LINE ( 'NONE', #888, #3583 ) ;
#256 = ORIENTED_EDGE ( 'NONE', *, *, #2146, .T. ) ;
#257 = EDGE_CURVE ( 'NONE', #1386, #2702, #179, .T. ) ;
#258 = DIRECTION ( 'NONE',  ( -0.0000000000000000000, -0.0000000000000000000, -1.000000000000000000 ) ) ;
#259 = DIRECTION ( 'NONE',  ( 0.7071067811865500152, 0.0000000000000000000, 0.7071067811865451302 ) ) ;
#260 = CARTESIAN_POINT ( 'NONE',  ( 9.526279441628831890, 15.50000000000000533, 3.750000000000000000 ) ) ;
#261 = ADVANCED_FACE ( 'NONE', ( #3590 ), #3849, .T. ) ;
#262 = EDGE_CURVE ( 'NONE', #3535, #2245, #3442, .T. ) ;
#263 = EDGE_LOOP ( 'NONE', ( #1577, #2169, #3889, #2052, #1248, #2085 ) ) ;
#264 = DIRECTION ( 'NONE',  ( 1.000000000000000000, 0.0000000000000000000, 0.0000000000000000000 ) ) ;
#265 = VECTOR ( 'NONE', #2048, 1000.000000000000000 ) ;
#266 = CARTESIAN_POINT ( 'NONE',  ( -10.58245515790637015, 17.30328957233616549, -1.588913661505112263 ) ) ;
#267 = ORIENTED_EDGE ( 'NONE', *, *, #3538, .F. ) ;
#268 = ORIENTED_EDGE ( 'NONE', *, *, #125, .F. ) ;
#269 = VECTOR ( 'NONE', #3399, 1000.000000000000000 ) ;
#270 = VECTOR ( 'NONE', #1207, 1000.000000000000000 ) ;
#271 = CARTESIAN_POINT ( 'NONE',  ( -8.660254037844373087, -16.00000000000001421, -2.249969002532631990 ) ) ;
#272 = CARTESIAN_POINT ( 'NONE',  ( -18.18402486899675807, 0.5043450408016159070, -2.249989667494157075 ) ) ;
#273 = CARTESIAN_POINT ( 'NONE',  ( -18.32050807568877104, -4.208834811023968395E-15, -2.251734452851376300 ) ) ;
#274 = VECTOR ( 'NONE', #2576, 1000.000000000000000 ) ;
#275 = CARTESIAN_POINT ( 'NONE',  ( -13.42339375865881479, -7.750000000000016875, 3.750000000000000000 ) ) ;
#276 = EDGE_LOOP ( 'NONE', ( #2523, #1656, #1893, #3009 ) ) ;
#277 = ADVANCED_FACE ( 'NONE', ( #2784 ), #3758, .F. ) ;
#278 = DIRECTION ( 'NONE',  ( 1.000000000000000000, 0.0000000000000000000, 0.0000000000000000000 ) ) ;
#279 = LINE ( 'NONE', #1502, #2199 ) ;
#280 = LINE ( 'NONE', #1504, #30 ) ;
#281 = VERTEX_POINT ( 'NONE', #1019 ) ;
#282 = CIRCLE ( 'NONE', #2079, 0.5000000000000213163 ) ;
#283 = ADVANCED_FACE ( 'NONE', ( #372 ), #3436, .T. ) ;
#284 = SHAPE_DEFINITION_REPRESENTATION ( #2324, #1613 ) ;
#285 = CONICAL_SURFACE ( 'NONE', #157, 0.4999999999999917843, 0.7853981633974557175 ) ;
#286 = ORIENTED_EDGE ( 'NONE', *, *, #3162, .F. ) ;
#287 = AXIS2_PLACEMENT_3D ( 'NONE', #2073, #2039, #2698 ) ;
#288 = ORIENTED_EDGE ( 'NONE', *, *, #2494, .T. ) ;
#289 = DIRECTION ( 'NONE',  ( -0.7071067811865417996, 0.0000000000000000000, -0.7071067811865531239 ) ) ;
#290 = DIRECTION ( 'NONE',  ( -0.4768709627114742222, -0.8259647360705567598, -0.3006265784832193311 ) ) ;
#291 = CIRCLE ( 'NONE', #2356, 2.999999999999997335 ) ;
#292 = ORIENTED_EDGE ( 'NONE', *, *, #3134, .T. ) ;
#293 = ORIENTED_EDGE ( 'NONE', *, *, #992, .F. ) ;
#294 = CARTESIAN_POINT ( 'NONE',  ( -9.002319261149043683, -15.94368458967375801, -2.251274455127770135 ) ) ;
#295 = CARTESIAN_POINT ( 'NONE',  ( 9.237604307034022355, -16.00000000000001066, -3.249999999999997780 ) ) ;
#296 = FACE_OUTER_BOUND ( 'NONE', #2594, .T. ) ;
#297 = CARTESIAN_POINT ( 'NONE',  ( 20.89234471774550883, -0.1866025403784339620, -1.522059531467601756 ) ) ;
#298 = ORIENTED_EDGE ( 'NONE', *, *, #2883, .T. ) ;
#299 = EDGE_CURVE ( 'NONE', #1783, #1922, #2638, .T. ) ;
#300 = CARTESIAN_POINT ( 'NONE',  ( 10.60777489925119710, 16.00000000000000711, 0.7500000000000006661 ) ) ;
#301 = CARTESIAN_POINT ( 'NONE',  ( 9.003291433595229876, -15.94336944603084305, -2.251280612097263045 ) ) ;
#302 = CARTESIAN_POINT ( 'NONE',  ( -20.21585196205656842, -0.8613914397885107377, -1.544575793614551884 ) ) ;
#303 = ORIENTED_EDGE ( 'NONE', *, *, #1368, .T. ) ;
#304 = EDGE_CURVE ( 'NONE', #1681, #1263, #2808, .T. ) ;
#305 = PLANE ( 'NONE',  #1236 ) ;
#306 = DIRECTION ( 'NONE',  ( 0.0000000000000000000, 0.0000000000000000000, 1.000000000000000000 ) ) ;
#307 = EDGE_CURVE ( 'NONE', #769, #2175, #1469, .T. ) ;
#308 = ORIENTED_EDGE ( 'NONE', *, *, #498, .T. ) ;
#309 = VERTEX_POINT ( 'NONE', #3085 ) ;
#310 = CARTESIAN_POINT ( 'NONE',  ( -10.01812455143987357, 17.69731297698831796, 0.1322285981425042611 ) ) ;
#311 = LINE ( 'NONE', #1218, #3106 ) ;
#312 = ORIENTED_EDGE ( 'NONE', *, *, #2, .F. ) ;
#313 = EDGE_CURVE ( 'NONE', #2620, #148, #3459, .T. ) ;
#314 = ORIENTED_EDGE ( 'NONE', *, *, #3957, .F. ) ;
#315 = LINE ( 'NONE', #3624, #547 ) ;
#316 = DIRECTION ( 'NONE',  ( -0.0000000000000000000, -0.0000000000000000000, 1.000000000000000000 ) ) ;
#317 = CARTESIAN_POINT ( 'NONE',  ( -18.30883641337558743, -0.1754009171249240329, -2.251275705218695578 ) ) ;
#318 = DIRECTION ( 'NONE',  ( -1.000000000000000000, 0.0000000000000000000, 0.0000000000000000000 ) ) ;
#319 = ORIENTED_EDGE ( 'NONE', *, *, #3302, .F. ) ;
#320 = ADVANCED_FACE ( 'NONE', ( #2537 ), #1336, .T. ) ;
#321 = DIRECTION ( 'NONE',  ( -0.0000000000000000000, -0.0000000000000000000, 1.000000000000000000 ) ) ;
#322 = DIRECTION ( 'NONE',  ( 0.2961981327260218011, -0.1710100716628329409, -0.9396926207859094271 ) ) ;
#323 = CARTESIAN_POINT ( 'NONE',  ( 9.237604307034022355, -16.00000000000001066, 3.750000000000000000 ) ) ;
#324 = ORIENTED_EDGE ( 'NONE', *, *, #1132, .T. ) ;
#325 = DIRECTION ( 'NONE',  ( 0.5000000000000003331, -0.8660254037844384856, 0.0000000000000000000 ) ) ;
#326 = DIRECTION ( 'NONE',  ( 0.0000000000000000000, 0.0000000000000000000, -1.000000000000000000 ) ) ;
#327 = ORIENTED_EDGE ( 'NONE', *, *, #2925, .F. ) ;
#328 = EDGE_LOOP ( 'NONE', ( #298, #3400, #3674, #2901 ) ) ;
#329 = CARTESIAN_POINT ( 'NONE',  ( 6.749999999999944933, -11.69134295108995580, -3.750000000000000000 ) ) ;
#330 = EDGE_CURVE ( 'NONE', #3754, #2872, #2826, .T. ) ;
#331 = LINE ( 'NONE', #1812, #1939 ) ;
#332 = VECTOR ( 'NONE', #3666, 1000.000000000000114 ) ;
#333 = EDGE_LOOP ( 'NONE', ( #2170, #1170 ) ) ;
#334 = ORIENTED_EDGE ( 'NONE', *, *, #2378, .F. ) ;
#335 =( BOUNDED_CURVE ( )  B_SPLINE_CURVE ( 3, ( #1990, #2011, #153, #1383 ),
 .UNSPECIFIED., .F., .T. ) 
 B_SPLINE_CURVE_WITH_KNOTS ( ( 4, 4 ),
 ( 2.969737902271055052, 3.313447404908531624 ),
 .UNSPECIFIED. ) 
 CURVE ( )  GEOMETRIC_REPRESENTATION_ITEM ( )  RATIONAL_B_SPLINE_CURVE ( ( 1.000000000000000000, 0.9901795204324213007, 0.9901795204324213007, 1.000000000000000000 ) ) 
 REPRESENTATION_ITEM ( '' )  );
#336 = AXIS2_PLACEMENT_3D ( 'NONE', #2293, #3604, #1984 ) ;
#337 = DIRECTION ( 'NONE',  ( 0.0000000000000000000, 0.0000000000000000000, -1.000000000000000000 ) ) ;
#338 = EDGE_CURVE ( 'NONE', #2471, #2164, #805, .T. ) ;
#339 = DIRECTION ( 'NONE',  ( -0.0000000000000000000, -0.0000000000000000000, 1.000000000000000000 ) ) ;
#340 = CARTESIAN_POINT ( 'NONE',  ( -17.32050807568877104, -9.215718466126787689E-15, 3.750000000000000000 ) ) ;
#341 = CARTESIAN_POINT ( 'NONE',  ( 8.660254037844396180, -18.00000000000001066, 0.02205953146760110395 ) ) ;
#342 = VERTEX_POINT ( 'NONE', #3135 ) ;
#343 = AXIS2_PLACEMENT_3D ( 'NONE', #1832, #650, #1295 ) ;
#344 = DIRECTION ( 'NONE',  ( -0.6123724356957905846, 0.3535533905932709553, 0.7071067811865523467 ) ) ;
#345 = DIRECTION ( 'NONE',  ( 1.000000000000000000, 0.0000000000000000000, 0.0000000000000000000 ) ) ;
#346 = DIRECTION ( 'NONE',  ( 0.0000000000000000000, 0.0000000000000000000, -1.000000000000000000 ) ) ;
#347 = ORIENTED_EDGE ( 'NONE', *, *, #2802, .T. ) ;
#348 = CIRCLE ( 'NONE', #3309, 1.000000000000000888 ) ;
#349 = VECTOR ( 'NONE', #3614, 1000.000000000000000 ) ;
#350 = DIRECTION ( 'NONE',  ( 0.0000000000000000000, 0.0000000000000000000, -1.000000000000000000 ) ) ;
#351 = AXIS2_PLACEMENT_3D ( 'NONE', #2218, #1890, #368 ) ;
#352 = FACE_OUTER_BOUND ( 'NONE', #1178, .T. ) ;
#353 = VERTEX_POINT ( 'NONE', #61 ) ;
#354 = CIRCLE ( 'NONE', #3383, 1.000000000000000000 ) ;
#355 = ORIENTED_EDGE ( 'NONE', *, *, #2494, .F. ) ;
#356 = FACE_OUTER_BOUND ( 'NONE', #3430, .T. ) ;
#357 = DIRECTION ( 'NONE',  ( 0.0000000000000000000, 0.0000000000000000000, -1.000000000000000000 ) ) ;
#358 = VECTOR ( 'NONE', #49, 1000.000000000000000 ) ;
#359 = ORIENTED_EDGE ( 'NONE', *, *, #1640, .F. ) ;
#360 = ADVANCED_FACE ( 'NONE', ( #711 ), #1611, .F. ) ;
#361 = AXIS2_PLACEMENT_3D ( 'NONE', #46, #2560, #982 ) ;
#362 = CARTESIAN_POINT ( 'NONE',  ( 9.526279441628830114, 15.50000000000000533, -3.249999999999999556 ) ) ;
#363 = CARTESIAN_POINT ( 'NONE',  ( -4.075000000000001954, -10.52220865598098776, 0.7499999999999997780 ) ) ;
#364 = CARTESIAN_POINT ( 'NONE',  ( 17.82050807568877815, 5.854691731421723944E-15, -3.750000000000000000 ) ) ;
#365 = ORIENTED_EDGE ( 'NONE', *, *, #123, .F. ) ;
#366 =( BOUNDED_CURVE ( )  B_SPLINE_CURVE ( 3, ( #719, #662, #989, #1943 ),
 .UNSPECIFIED., .F., .T. ) 
 B_SPLINE_CURVE_WITH_KNOTS ( ( 4, 4 ),
 ( 4.060463687728908866, 4.064870359827957635 ),
 .UNSPECIFIED. ) 
 CURVE ( )  GEOMETRIC_REPRESENTATION_ITEM ( )  RATIONAL_B_SPLINE_CURVE ( ( 1.000000000000000000, 0.9999983817707388534, 0.9999983817707388534, 1.000000000000000000 ) ) 
 REPRESENTATION_ITEM ( '' )  );
#367 = EDGE_CURVE ( 'NONE', #3564, #2486, #2273, .T. ) ;
#368 = DIRECTION ( 'NONE',  ( -1.000000000000000000, 0.0000000000000000000, 0.0000000000000000000 ) ) ;
#369 = DIRECTION ( 'NONE',  ( 0.0000000000000000000, 0.0000000000000000000, -1.000000000000000000 ) ) ;
#370 = CARTESIAN_POINT ( 'NONE',  ( 18.18653347947322274, 0.5000000000000065503, -3.249999999999999556 ) ) ;
#371 = ORIENTED_EDGE ( 'NONE', *, *, #155, .T. ) ;
#372 = FACE_OUTER_BOUND ( 'NONE', #2043, .T. ) ;
#373 = DIRECTION ( 'NONE',  ( -1.000000000000000000, 0.0000000000000000000, 0.0000000000000000000 ) ) ;
#374 = EDGE_CURVE ( 'NONE', #64, #3673, #3169, .T. ) ;
#375 = VERTEX_POINT ( 'NONE', #1315 ) ;
#376 = ORIENTED_EDGE ( 'NONE', *, *, #1348, .T. ) ;
#377 = CARTESIAN_POINT ( 'NONE',  ( 9.237604307034018802, 16.00000000000000711, 3.750000000000000000 ) ) ;
#378 = VERTEX_POINT ( 'NONE', #3781 ) ;
#379 = CARTESIAN_POINT ( 'NONE',  ( 18.18653347947322274, 0.5000000000000065503, 3.750000000000000000 ) ) ;
#380 = CARTESIAN_POINT ( 'NONE',  ( 10.87221655773762130, -17.80517103891614994, -1.406243746540131401 ) ) ;
#381 = FACE_OUTER_BOUND ( 'NONE', #1238, .T. ) ;
#382 = DIRECTION ( 'NONE',  ( -1.000000000000000000, 0.0000000000000000000, 0.0000000000000000000 ) ) ;
#383 = EDGE_LOOP ( 'NONE', ( #940, #3465, #3434, #2924 ) ) ;
#384 = FACE_OUTER_BOUND ( 'NONE', #1833, .T. ) ;
#385 = DIRECTION ( 'NONE',  ( -0.0000000000000000000, -0.0000000000000000000, 1.000000000000000000 ) ) ;
#386 = CYLINDRICAL_SURFACE ( 'NONE', #1449, 3.000000000000001332 ) ;
#387 = EDGE_CURVE ( 'NONE', #3643, #2175, #2864, .T. ) ;
#388 = ORIENTED_EDGE ( 'NONE', *, *, #2645, .T. ) ;
#389 = DIRECTION ( 'NONE',  ( -0.0000000000000000000, -0.0000000000000000000, 1.000000000000000000 ) ) ;
#390 = CARTESIAN_POINT ( 'NONE',  ( 17.32050807568878170, 5.854691731421723944E-15, 3.750000000000000000 ) ) ;
#391 = EDGE_CURVE ( 'NONE', #2702, #2084, #591, .T. ) ;
#392 = ORIENTED_EDGE ( 'NONE', *, *, #3128, .F. ) ;
#393 = EDGE_LOOP ( 'NONE', ( #1334, #2646, #410, #3084 ) ) ;
#394 = LINE ( 'NONE', #654, #2476 ) ;
#395 = VERTEX_POINT ( 'NONE', #2658 ) ;
#396 = DIRECTION ( 'NONE',  ( -0.9537419254229481114, -3.505886004488656011E-16, -0.3006265784832201082 ) ) ;
#397 = CARTESIAN_POINT ( 'NONE',  ( 6.750000000000058620, 11.69134295108989363, 3.750000000000000000 ) ) ;
#398 = FACE_OUTER_BOUND ( 'NONE', #1022, .T. ) ;
#399 = CYLINDRICAL_SURFACE ( 'NONE', #3040, 1.999999999999994005 ) ;
#400 = ORIENTED_EDGE ( 'NONE', *, *, #3711, .F. ) ;
#401 = CYLINDRICAL_SURFACE ( 'NONE', #351, 1.000000000000000000 ) ;
#402 = CARTESIAN_POINT ( 'NONE',  ( -8.660254037844390851, 16.00000000000000711, -2.249969002532633766 ) ) ;
#403 = CARTESIAN_POINT ( 'NONE',  ( -8.075000000000001066, -10.52220865598098776, 0.7499999999999997780 ) ) ;
#404 = AXIS2_PLACEMENT_3D ( 'NONE', #3563, #2913, #828 ) ;
#405 = ORIENTED_EDGE ( 'NONE', *, *, #1533, .T. ) ;
#406 = EDGE_CURVE ( 'NONE', #829, #2848, #3375, .T. ) ;
#407 = AXIS2_PLACEMENT_3D ( 'NONE', #2365, #2268, #1121 ) ;
#408 = CARTESIAN_POINT ( 'NONE',  ( 8.660254037844390851, 16.00000000000000711, 0.7499690025326352094 ) ) ;
#409 = DIRECTION ( 'NONE',  ( 0.6123724356957890302, -0.3535533905932715659, -0.7071067811865533459 ) ) ;
#410 = ORIENTED_EDGE ( 'NONE', *, *, #1736, .T. ) ;
#411 = ORIENTED_EDGE ( 'NONE', *, *, #2435, .F. ) ;
#412 = EDGE_CURVE ( 'NONE', #2478, #1454, #85, .T. ) ;
#413 = CONICAL_SURFACE ( 'NONE', #2464, 9.000000000000000000, 0.7853981633974517207 ) ;
#414 = DIRECTION ( 'NONE',  ( -0.0000000000000000000, -0.0000000000000000000, -1.000000000000000000 ) ) ;
#415 = CIRCLE ( 'NONE', #1131, 1.549999999999999378 ) ;
#416 = ORIENTED_EDGE ( 'NONE', *, *, #3087, .F. ) ;
#417 = CONICAL_SURFACE ( 'NONE', #3250, 0.4999999999999935052, 0.7853981633974543852 ) ;
#418 = LINE ( 'NONE', #3177, #358 ) ;
#419 = DIRECTION ( 'NONE',  ( 0.8571673007021121116, 0.0000000000000000000, 0.5150380749100544886 ) ) ;
#420 = LINE ( 'NONE', #2663, #2582 ) ;
#421 = ORIENTED_EDGE ( 'NONE', *, *, #1604, .F. ) ;
#422 = VECTOR ( 'NONE', #3361, 1000.000000000000000 ) ;
#423 = ORIENTED_EDGE ( 'NONE', *, *, #36, .T. ) ;
#424 = AXIS2_PLACEMENT_3D ( 'NONE', #2377, #3272, #512 ) ;
#425 = CYLINDRICAL_SURFACE ( 'NONE', #147, 9.000000000000000000 ) ;
#426 = CARTESIAN_POINT ( 'NONE',  ( 9.526279441628835443, -15.50000000000001066, -2.249969002532634210 ) ) ;
#427 = DIRECTION ( 'NONE',  ( 0.0000000000000000000, 0.0000000000000000000, 1.000000000000000000 ) ) ;
#428 = EDGE_LOOP ( 'NONE', ( #3850, #2309, #497, #1045, #400 ) ) ;
#429 = EDGE_CURVE ( 'NONE', #3786, #1681, #1718, .T. ) ;
#430 = DIRECTION ( 'NONE',  ( 0.0000000000000000000, 0.0000000000000000000, -1.000000000000000000 ) ) ;
#431 = FACE_OUTER_BOUND ( 'NONE', #2046, .T. ) ;
#432 = EDGE_CURVE ( 'NONE', #1735, #2952, #2281, .T. ) ;
#433 = CARTESIAN_POINT ( 'NONE',  ( -9.531295722207007159, 15.49131154717357894, 0.7499999999999997780 ) ) ;
#434 = ORIENTED_EDGE ( 'NONE', *, *, #952, .F. ) ;
#435 = CARTESIAN_POINT ( 'NONE',  ( 5.159080643761651430, -9.961850225317308016, -4.447706788025656444 ) ) ;
#436 = EDGE_CURVE ( 'NONE', #2265, #1083, #3262, .T. ) ;
#437 = ORIENTED_EDGE ( 'NONE', *, *, #3861, .F. ) ;
#438 = FACE_BOUND ( 'NONE', #3808, .T. ) ;
#439 = CARTESIAN_POINT ( 'NONE',  ( 18.18653347947322274, 0.5000000000000063283, -2.249969002532636431 ) ) ;
#440 = CARTESIAN_POINT ( 'NONE',  ( -18.18653347947320853, -0.5000000000000088818, 0.7499690025326315457 ) ) ;
#441 = ADVANCED_FACE ( 'NONE', ( #1058 ), #797, .T. ) ;
#442 = ORIENTED_EDGE ( 'NONE', *, *, #1605, .T. ) ;
#443 = ORIENTED_EDGE ( 'NONE', *, *, #2128, .T. ) ;
#444 = DIRECTION ( 'NONE',  ( 1.000000000000000000, 0.0000000000000000000, 0.0000000000000000000 ) ) ;
#445 = VERTEX_POINT ( 'NONE', #3518 ) ;
#446 = EDGE_CURVE ( 'NONE', #3030, #150, #1712, .T. ) ;
#447 = DIRECTION ( 'NONE',  ( -0.5000000000000002220, 0.8660254037844384856, -0.0000000000000000000 ) ) ;
#448 = CARTESIAN_POINT ( 'NONE',  ( -9.002319261149059670, 15.94368458967374735, 0.7512744551277734661 ) ) ;
#449 = DIRECTION ( 'NONE',  ( -1.000000000000000000, 0.0000000000000000000, 0.0000000000000000000 ) ) ;
#450 = ORIENTED_EDGE ( 'NONE', *, *, #1032, .T. ) ;
#451 = DIRECTION ( 'NONE',  ( 0.0000000000000000000, -0.9396926207859095381, -0.3420201433256656043 ) ) ;
#452 = ORIENTED_EDGE ( 'NONE', *, *, #1392, .T. ) ;
#453 = ADVANCED_FACE ( 'NONE', ( #197 ), #1954, .F. ) ;
#454 = CARTESIAN_POINT ( 'NONE',  ( -17.32050807568877104, -9.215718466126787689E-15, -3.750000000000000000 ) ) ;
#455 = ORIENTED_EDGE ( 'NONE', *, *, #3315, .F. ) ;
#456 = CARTESIAN_POINT ( 'NONE',  ( 13.42339375865880058, -7.749999999999993783, -3.750000000000000000 ) ) ;
#457 = ORIENTED_EDGE ( 'NONE', *, *, #2233, .F. ) ;
#458 = EDGE_CURVE ( 'NONE', #445, #3451, #1351, .T. ) ;
#459 = CARTESIAN_POINT ( 'NONE',  ( 9.693860759728313070, -17.81631978732466237, 0.08891366150511145761 ) ) ;
#460 = DIRECTION ( 'NONE',  ( 0.0000000000000000000, 0.0000000000000000000, 1.000000000000000000 ) ) ;
#461 = CARTESIAN_POINT ( 'NONE',  ( 9.482193061683803492, -15.57635984998658785, -2.249605836009243021 ) ) ;
#462 =( NAMED_UNIT ( * ) PLANE_ANGLE_UNIT ( ) SI_UNIT ( $, .RADIAN. ) );
#463 = EDGE_LOOP ( 'NONE', ( #1881, #3293, #2198, #1296 ) ) ;
#464 = VECTOR ( 'NONE', #1305, 1000.000000000000227 ) ;
#465 =( BOUNDED_CURVE ( )  B_SPLINE_CURVE ( 3, ( #2252, #1030, #2856, #3878 ),
 .UNSPECIFIED., .F., .F. ) 
 B_SPLINE_CURVE_WITH_KNOTS ( ( 4, 4 ),
 ( 4.060463687728910642, 4.064870359827960300 ),
 .UNSPECIFIED. ) 
 CURVE ( )  GEOMETRIC_REPRESENTATION_ITEM ( )  RATIONAL_B_SPLINE_CURVE ( ( 1.000000000000000000, 0.9999983817707388534, 0.9999983817707388534, 1.000000000000000000 ) ) 
 REPRESENTATION_ITEM ( '' )  );
#466 = AXIS2_PLACEMENT_3D ( 'NONE', #3570, #3530, #770 ) ;
#467 = LINE ( 'NONE', #511, #1061 ) ;
#468 = CARTESIAN_POINT ( 'NONE',  ( 9.482193236710241280, -15.57635954683190960, 0.7496058374510431443 ) ) ;
#469 = VECTOR ( 'NONE', #2618, 1000.000000000000000 ) ;
#470 = ORIENTED_EDGE ( 'NONE', *, *, #2135, .F. ) ;
#471 = AXIS2_PLACEMENT_3D ( 'NONE', #3275, #3581, #3198 ) ;
#472 = EDGE_LOOP ( 'NONE', ( #1091, #3211 ) ) ;
#473 = LINE ( 'NONE', #1695, #1768 ) ;
#474 = ORIENTED_EDGE ( 'NONE', *, *, #3342, .F. ) ;
#475 = EDGE_CURVE ( 'NONE', #309, #571, #1014, .T. ) ;
#476 = LINE ( 'NONE', #2061, #2023 ) ;
#477 = CARTESIAN_POINT ( 'NONE',  ( 4.266965837952855445, -8.416662055472048820, 3.510109288189601440 ) ) ;
#478 = ORIENTED_EDGE ( 'NONE', *, *, #17, .T. ) ;
#479 = EDGE_CURVE ( 'NONE', #3588, #3895, #467, .T. ) ;
#480 = CARTESIAN_POINT ( 'NONE',  ( 17.32050807568878170, 5.854691731421723944E-15, -3.249999999999999556 ) ) ;
#481 = ORIENTED_EDGE ( 'NONE', *, *, #3979, .T. ) ;
#482 = AXIS2_PLACEMENT_3D ( 'NONE', #3746, #1885, #2191 ) ;
#483 = CARTESIAN_POINT ( 'NONE',  ( -8.660254037844373087, -16.00000000000001421, 0.7499690025326332110 ) ) ;
#484 = CARTESIAN_POINT ( 'NONE',  ( -8.660254037844373087, -16.00000000000001421, -2.249969002532631990 ) ) ;
#485 = CARTESIAN_POINT ( 'NONE',  ( -9.306476254009412585, 15.76807946796991722, -2.251274455127771912 ) ) ;
#486 = CYLINDRICAL_SURFACE ( 'NONE', #751, 2.999999999999997335 ) ;
#487 = VERTEX_POINT ( 'NONE', #2927 ) ;
#488 = CONICAL_SURFACE ( 'NONE', #1003, 1.999999999999999112, 1.029744258676654090 ) ;
#489 = ADVANCED_FACE ( 'NONE', ( #1688 ), #3189, .F. ) ;
#490 = AXIS2_PLACEMENT_3D ( 'NONE', #911, #2781, #2452 ) ;
#491 = VECTOR ( 'NONE', #65, 1000.000000000000000 ) ;
#492 = DIRECTION ( 'NONE',  ( -1.000000000000000000, 0.0000000000000000000, 0.0000000000000000000 ) ) ;
#493 = CIRCLE ( 'NONE', #3257, 2.999999999999998224 ) ;
#494 = CARTESIAN_POINT ( 'NONE',  ( 9.002319261149066776, -15.94368458967375446, 0.7512744551277725780 ) ) ;
#495 =( BOUNDED_CURVE ( )  B_SPLINE_CURVE ( 3, ( #1750, #2966, #2055, #3288 ),
 .UNSPECIFIED., .F., .T. ) 
 B_SPLINE_CURVE_WITH_KNOTS ( ( 4, 4 ),
 ( 2.218314947351630373, 2.222721619450675590 ),
 .UNSPECIFIED. ) 
 CURVE ( )  GEOMETRIC_REPRESENTATION_ITEM ( )  RATIONAL_B_SPLINE_CURVE ( ( 1.000000000000000000, 0.9999983817707388534, 0.9999983817707388534, 1.000000000000000000 ) ) 
 REPRESENTATION_ITEM ( '' )  );
#496 = DIRECTION ( 'NONE',  ( -0.0000000000000000000, -0.0000000000000000000, 1.000000000000000000 ) ) ;
#497 = ORIENTED_EDGE ( 'NONE', *, *, #236, .T. ) ;
#498 = EDGE_CURVE ( 'NONE', #809, #3868, #2884, .T. ) ;
#499 = ORIENTED_EDGE ( 'NONE', *, *, #883, .F. ) ;
#500 = FACE_OUTER_BOUND ( 'NONE', #3145, .T. ) ;
#501 = LINE ( 'NONE', #477, #1419 ) ;
#502 = ORIENTED_EDGE ( 'NONE', *, *, #3688, .T. ) ;
#503 = DIRECTION ( 'NONE',  ( -0.0000000000000000000, -0.0000000000000000000, 1.000000000000000000 ) ) ;
#504 = VERTEX_POINT ( 'NONE', #3818 ) ;
#505 = DIRECTION ( 'NONE',  ( -1.000000000000000000, -1.877893248421449775E-16, 0.0000000000000000000 ) ) ;
#506 = CYLINDRICAL_SURFACE ( 'NONE', #2345, 1.000000000000000888 ) ;
#507 = CARTESIAN_POINT ( 'NONE',  ( -18.32050807568877104, -4.208834811023968395E-15, -2.251734452851376300 ) ) ;
#508 = CARTESIAN_POINT ( 'NONE',  ( 18.18653347947322274, 0.5000000000000061062, -3.249999999999999556 ) ) ;
#509 = VERTEX_POINT ( 'NONE', #604 ) ;
#510 = ADVANCED_FACE ( 'NONE', ( #1210 ), #2217, .T. ) ;
#511 = CARTESIAN_POINT ( 'NONE',  ( -8.660254037844387298, 18.00000000000001066, 0.02205953146760110395 ) ) ;
#512 = DIRECTION ( 'NONE',  ( 1.000000000000000000, 0.0000000000000000000, 0.0000000000000000000 ) ) ;
#513 = CARTESIAN_POINT ( 'NONE',  ( 11.08154546982721200, -16.80620021987457235, -1.522059531467601534 ) ) ;
#514 = DIRECTION ( 'NONE',  ( 1.000000000000000000, 0.0000000000000000000, 0.0000000000000000000 ) ) ;
#515 = EDGE_LOOP ( 'NONE', ( #2505, #2958, #2037, #2671, #2665, #3923 ) ) ;
#516 = ORIENTED_EDGE ( 'NONE', *, *, #1507, .T. ) ;
#517 = CARTESIAN_POINT ( 'NONE',  ( 8.660254037844390851, 16.00000000000000711, 3.250000000000013323 ) ) ;
#518 = FACE_OUTER_BOUND ( 'NONE', #276, .T. ) ;
#519 = ORIENTED_EDGE ( 'NONE', *, *, #1374, .T. ) ;
#520 = CYLINDRICAL_SURFACE ( 'NONE', #1246, 3.000000000000001332 ) ;
#521 = LINE ( 'NONE', #1743, #3558 ) ;
#522 = CARTESIAN_POINT ( 'NONE',  ( 18.26369901280035535, -0.3434240497297358363, 0.7502106774881757145 ) ) ;
#523 = DIRECTION ( 'NONE',  ( -1.000000000000000000, 0.0000000000000000000, 0.0000000000000000000 ) ) ;
#524 = CARTESIAN_POINT ( 'NONE',  ( 18.26369901280035535, 0.3434240497297467720, -2.250210677488177602 ) ) ;
#525 = ORIENTED_EDGE ( 'NONE', *, *, #3120, .F. ) ;
#526 = CYLINDRICAL_SURFACE ( 'NONE', #1631, 1.549999999999999378 ) ;
#527 = CARTESIAN_POINT ( 'NONE',  ( 12.15000000000000036, 0.0000000000000000000, 3.750000000000000000 ) ) ;
#528 = AXIS2_PLACEMENT_3D ( 'NONE', #579, #3730, #3709 ) ;
#529 = ADVANCED_FACE ( 'NONE', ( #3630, #2431 ), #1784, .F. ) ;
#530 = FACE_OUTER_BOUND ( 'NONE', #1078, .T. ) ;
#531 = AXIS2_PLACEMENT_3D ( 'NONE', #1707, #2033, #152 ) ;
#532 = EDGE_CURVE ( 'NONE', #2366, #2812, #2144, .T. ) ;
#533 = ORIENTED_EDGE ( 'NONE', *, *, #992, .T. ) ;
#534 = ORIENTED_EDGE ( 'NONE', *, *, #3724, .F. ) ;
#535 = VECTOR ( 'NONE', #2056, 1000.000000000000000 ) ;
#536 = DIRECTION ( 'NONE',  ( -0.0000000000000000000, -0.0000000000000000000, 1.000000000000000000 ) ) ;
#537 = CARTESIAN_POINT ( 'NONE',  ( 5.200000000000058797, 11.69134295108989363, -0.6499999999999995781 ) ) ;
#538 = ORIENTED_EDGE ( 'NONE', *, *, #2259, .F. ) ;
#539 = CONICAL_SURFACE ( 'NONE', #2919, 9.500000000000001776, 0.7853981633974412846 ) ;
#540 = ORIENTED_EDGE ( 'NONE', *, *, #839, .F. ) ;
#541 = CIRCLE ( 'NONE', #2858, 2.000000000000000000 ) ;
#542 = CARTESIAN_POINT ( 'NONE',  ( 10.15000000000001101, 2.449293598294697540E-16, 3.750000000000001332 ) ) ;
#543 = CARTESIAN_POINT ( 'NONE',  ( -9.526279441628828337, 15.50000000000000711, -3.249999999999999556 ) ) ;
#544 = CARTESIAN_POINT ( 'NONE',  ( 8.660254037844397956, 18.00000000000001066, 0.02205953146760110395 ) ) ;
#545 = FACE_OUTER_BOUND ( 'NONE', #3070, .T. ) ;
#546 = ORIENTED_EDGE ( 'NONE', *, *, #1026, .F. ) ;
#547 = VECTOR ( 'NONE', #886, 1000.000000000000227 ) ;
#548 = FACE_BOUND ( 'NONE', #811, .T. ) ;
#549 = CARTESIAN_POINT ( 'NONE',  ( -20.27631591763466545, -0.5130302149885079821, 0.08891366150511037514 ) ) ;
#550 = CIRCLE ( 'NONE', #2348, 1.549999999999999378 ) ;
#551 = PLANE ( 'NONE',  #1829 ) ;
#552 = CONICAL_SURFACE ( 'NONE', #3517, 0.4999999999999935052, 0.7853981633974552734 ) ;
#553 = EDGE_CURVE ( 'NONE', #3223, #2084, #3613, .T. ) ;
#554 = ORIENTED_EDGE ( 'NONE', *, *, #3836, .T. ) ;
#555 = CARTESIAN_POINT ( 'NONE',  ( 0.0000000000000000000, 0.0000000000000000000, 3.750000000000000000 ) ) ;
#556 = EDGE_CURVE ( 'NONE', #889, #1510, #282, .T. ) ;
#557 = DIRECTION ( 'NONE',  ( 0.0000000000000000000, -0.3420201433256663259, -0.9396926207859093161 ) ) ;
#558 = ORIENTED_EDGE ( 'NONE', *, *, #1217, .T. ) ;
#559 = ORIENTED_EDGE ( 'NONE', *, *, #1092, .T. ) ;
#560 = DIRECTION ( 'NONE',  ( -1.000000000000000000, 0.0000000000000000000, 0.0000000000000000000 ) ) ;
#561 = ADVANCED_FACE ( 'NONE', ( #2130 ), #3005, .F. ) ;
#562 = CYLINDRICAL_SURFACE ( 'NONE', #3954, 2.999999999999999556 ) ;
#563 = CARTESIAN_POINT ( 'NONE',  ( -9.237604307034015250, 16.00000000000000711, -3.249999999999999556 ) ) ;
#564 = CARTESIAN_POINT ( 'NONE',  ( 18.26380261047790654, -0.3432433352958466632, -2.250212000460417805 ) ) ;
#565 = EDGE_LOOP ( 'NONE', ( #742, #405, #3175, #3046 ) ) ;
#566 = ADVANCED_FACE ( 'NONE', ( #548, #2111 ), #3063, .F. ) ;
#567 = CARTESIAN_POINT ( 'NONE',  ( -9.693860759728282872, -17.81631978732466948, -1.588913661505111818 ) ) ;
#568 = CARTESIAN_POINT ( 'NONE',  ( 9.526279441628833666, 15.50000000000000533, 0.7499690025326382070 ) ) ;
#569 = LINE ( 'NONE', #3951, #859 ) ;
#570 = APPLICATION_PROTOCOL_DEFINITION ( 'draft international standard', 'automotive_design', 1998, #3864 ) ;
#571 = VERTEX_POINT ( 'NONE', #854 ) ;
#572 = CARTESIAN_POINT ( 'NONE',  ( -6.075000000000051692, 10.52220865598089894, 3.750000000000001332 ) ) ;
#573 = LINE ( 'NONE', #1791, #1680 ) ;
#574 = ORIENTED_EDGE ( 'NONE', *, *, #601, .T. ) ;
#575 = ORIENTED_EDGE ( 'NONE', *, *, #2897, .T. ) ;
#576 = EDGE_CURVE ( 'NONE', #3754, #3208, #3952, .T. ) ;
#577 = LINE ( 'NONE', #2467, #89 ) ;
#578 = CARTESIAN_POINT ( 'NONE',  ( 18.17901048134201858, -0.5130302149884899965, -2.249999999999999556 ) ) ;
#579 = CARTESIAN_POINT ( 'NONE',  ( -9.237604307034015250, 16.00000000000000711, 3.750000000000000000 ) ) ;
#580 = DIRECTION ( 'NONE',  ( -0.0000000000000000000, -0.0000000000000000000, -1.000000000000000000 ) ) ;
#581 = ORIENTED_EDGE ( 'NONE', *, *, #54, .F. ) ;
#582 = EDGE_CURVE ( 'NONE', #2454, #3989, #837, .T. ) ;
#583 = DIRECTION ( 'NONE',  ( 1.000000000000000000, 0.0000000000000000000, -0.0000000000000000000 ) ) ;
#584 = FACE_OUTER_BOUND ( 'NONE', #2562, .T. ) ;
#585 = DIRECTION ( 'NONE',  ( 1.000000000000000000, 0.0000000000000000000, 0.0000000000000000000 ) ) ;
#586 = ORIENTED_EDGE ( 'NONE', *, *, #2378, .T. ) ;
#587 =( BOUNDED_CURVE ( )  B_SPLINE_CURVE ( 3, ( #1657, #827, #2328, #2668 ),
 .UNSPECIFIED., .F., .T. ) 
 B_SPLINE_CURVE_WITH_KNOTS ( ( 4, 4 ),
 ( 2.969737902271055052, 3.141592653589793116 ),
 .UNSPECIFIED. ) 
 CURVE ( )  GEOMETRIC_REPRESENTATION_ITEM ( )  RATIONAL_B_SPLINE_CURVE ( ( 1.000000000000000000, 0.9975403426724787082, 0.9975403426724787082, 1.000000000000000000 ) ) 
 REPRESENTATION_ITEM ( '' )  );
#588 = DIRECTION ( 'NONE',  ( -0.8571673007021121116, 1.049727191138618449E-16, 0.5150380749100544886 ) ) ;
#589 = CIRCLE ( 'NONE', #718, 0.4999999999999935052 ) ;
#590 = EDGE_LOOP ( 'NONE', ( #3540, #1705, #2713, #2607, #574, #3687, #1544 ) ) ;
#591 =( BOUNDED_CURVE ( )  B_SPLINE_CURVE ( 3, ( #2617, #757, #3205, #1730 ),
 .UNSPECIFIED., .F., .T. ) 
 B_SPLINE_CURVE_WITH_KNOTS ( ( 4, 4 ),
 ( 6.111330555860847724, 6.455040058498323852 ),
 .UNSPECIFIED. ) 
 CURVE ( )  GEOMETRIC_REPRESENTATION_ITEM ( )  RATIONAL_B_SPLINE_CURVE ( ( 1.000000000000000000, 0.9901795204324213007, 0.9901795204324213007, 1.000000000000000000 ) ) 
 REPRESENTATION_ITEM ( '' )  );
#592 = DIRECTION ( 'NONE',  ( 0.9537419254229483334, 4.856203583747985496E-16, 0.3006265784832193311 ) ) ;
#593 = CARTESIAN_POINT ( 'NONE',  ( 9.533802439760044933, -15.48696978501150667, 0.7500000000000006661 ) ) ;
#594 = ORIENTED_EDGE ( 'NONE', *, *, #2933, .F. ) ;
#595 = VERTEX_POINT ( 'NONE', #242 ) ;
#596 = VECTOR ( 'NONE', #183, 1000.000000000000114 ) ;
#597 = FACE_OUTER_BOUND ( 'NONE', #633, .T. ) ;
#598 = FACE_OUTER_BOUND ( 'NONE', #1354, .T. ) ;
#599 = CARTESIAN_POINT ( 'NONE',  ( 12.15000000000000036, 0.0000000000000000000, 0.7499999999999997780 ) ) ;
#600 = CARTESIAN_POINT ( 'NONE',  ( 9.693860759728316623, 17.81631978732466592, 0.08891366150511141597 ) ) ;
#601 = EDGE_CURVE ( 'NONE', #3556, #842, #874, .T. ) ;
#602 = ORIENTED_EDGE ( 'NONE', *, *, #2673, .T. ) ;
#603 = AXIS2_PLACEMENT_3D ( 'NONE', #1398, #2312, #2976 ) ;
#604 = CARTESIAN_POINT ( 'NONE',  ( 3.749999999999946265, -11.69134295108995580, -3.750000000000000000 ) ) ;
#605 = CARTESIAN_POINT ( 'NONE',  ( -18.30883641337558743, 0.1754009171249092391, 0.7512757052186962436 ) ) ;
#606 = DIRECTION ( 'NONE',  ( 0.0000000000000000000, 0.0000000000000000000, 1.000000000000000000 ) ) ;
#607 = EDGE_CURVE ( 'NONE', #211, #3588, #1451, .T. ) ;
#608 = ORIENTED_EDGE ( 'NONE', *, *, #374, .T. ) ;
#609 = AXIS2_PLACEMENT_3D ( 'NONE', #222, #3652, #3669 ) ;
#610 = VECTOR ( 'NONE', #316, 1000.000000000000000 ) ;
#611 = FACE_OUTER_BOUND ( 'NONE', #872, .T. ) ;
#612 =( BOUNDED_CURVE ( )  B_SPLINE_CURVE ( 3, ( #1691, #1042, #433, #1997 ),
 .UNSPECIFIED., .F., .T. ) 
 B_SPLINE_CURVE_WITH_KNOTS ( ( 4, 4 ),
 ( 2.218314947351628152, 2.222721619450676478 ),
 .UNSPECIFIED. ) 
 CURVE ( )  GEOMETRIC_REPRESENTATION_ITEM ( )  RATIONAL_B_SPLINE_CURVE ( ( 1.000000000000000000, 0.9999983817707388534, 0.9999983817707388534, 1.000000000000000000 ) ) 
 REPRESENTATION_ITEM ( '' )  );
#613 = VECTOR ( 'NONE', #2141, 1000.000000000000227 ) ;
#614 = ORIENTED_EDGE ( 'NONE', *, *, #2506, .T. ) ;
#615 = ORIENTED_EDGE ( 'NONE', *, *, #1805, .T. ) ;
#616 = CARTESIAN_POINT ( 'NONE',  ( 11.20675568570133862, -0.5130302149884899965, -4.447706788025659108 ) ) ;
#617 = EDGE_CURVE ( 'NONE', #2405, #1108, #3310, .T. ) ;
#618 = DIRECTION ( 'NONE',  ( -0.0000000000000000000, -0.0000000000000000000, -1.000000000000000000 ) ) ;
#619 = VERTEX_POINT ( 'NONE', #890 ) ;
#620 = VERTEX_POINT ( 'NONE', #2739 ) ;
#621 =( BOUNDED_CURVE ( )  B_SPLINE_CURVE ( 3, ( #3111, #1874, #3068, #675 ),
 .UNSPECIFIED., .F., .F. ) 
 B_SPLINE_CURVE_WITH_KNOTS ( ( 4, 4 ),
 ( 4.060463687728908866, 4.064870359827954971 ),
 .UNSPECIFIED. ) 
 CURVE ( )  GEOMETRIC_REPRESENTATION_ITEM ( )  RATIONAL_B_SPLINE_CURVE ( ( 1.000000000000000000, 0.9999983817707388534, 0.9999983817707388534, 1.000000000000000000 ) ) 
 REPRESENTATION_ITEM ( '' )  );
#622 = DIRECTION ( 'NONE',  ( 0.9537419254229480003, 4.831685012272694599E-16, -0.3006265784832201082 ) ) ;
#623 = CARTESIAN_POINT ( 'NONE',  ( 9.422526074083764414, -0.5130302149884899965, 3.510109288189605881 ) ) ;
#624 = CARTESIAN_POINT ( 'NONE',  ( -20.32050807568876749, -5.204170427930421283E-15, 0.02205953146760110395 ) ) ;
#625 = ORIENTED_EDGE ( 'NONE', *, *, #2699, .F. ) ;
#626 = CARTESIAN_POINT ( 'NONE',  ( 8.660254037844396180, -16.00000000000001066, 0.7499690025326336551 ) ) ;
#627 = CARTESIAN_POINT ( 'NONE',  ( 8.834643857193047012, -15.98853869802634087, -2.250212000460415585 ) ) ;
#628 = DIRECTION ( 'NONE',  ( 0.9537419254229481114, 4.871483971004626889E-16, -0.3006265784832201082 ) ) ;
#629 = VERTEX_POINT ( 'NONE', #2093 ) ;
#630 = EDGE_CURVE ( 'NONE', #2764, #1424, #1410, .T. ) ;
#631 = CARTESIAN_POINT ( 'NONE',  ( 9.235795334758183373, 15.82238040351663066, 0.7517335258917000607 ) ) ;
#632 = CARTESIAN_POINT ( 'NONE',  ( 10.58245515790638258, 17.30328957233616549, 0.08891366150511233191 ) ) ;
#633 = EDGE_LOOP ( 'NONE', ( #1915, #3391, #94, #2263 ) ) ;
#634 = ORIENTED_EDGE ( 'NONE', *, *, #2308, .T. ) ;
#635 = ADVANCED_FACE ( 'NONE', ( #1480 ), #526, .F. ) ;
#636 = CARTESIAN_POINT ( 'NONE',  ( -8.660254037844373087, -16.00000000000001421, 3.750000000000000000 ) ) ;
#637 = DIRECTION ( 'NONE',  ( -0.5000000000000004441, 0.8660254037844383745, 0.0000000000000000000 ) ) ;
#638 = ORIENTED_EDGE ( 'NONE', *, *, #1176, .F. ) ;
#639 = ORIENTED_EDGE ( 'NONE', *, *, #1278, .T. ) ;
#640 = CARTESIAN_POINT ( 'NONE',  ( -20.32050807568876749, -5.204170427930421283E-15, -1.621319514659572469 ) ) ;
#641 = DIRECTION ( 'NONE',  ( -0.9537419254229480003, -4.857225732735059864E-16, 0.3006265784832201082 ) ) ;
#642 = FACE_OUTER_BOUND ( 'NONE', #2205, .T. ) ;
#643 = PLANE ( 'NONE',  #3883 ) ;
#644 = ORIENTED_EDGE ( 'NONE', *, *, #3929, .F. ) ;
#645 = CARTESIAN_POINT ( 'NONE',  ( 8.660254037844396180, -15.00000000000001066, 3.750000000000000000 ) ) ;
#646 = CARTESIAN_POINT ( 'NONE',  ( -18.32050807568877815, 0.08698405353176796861, 0.7517344528513754121 ) ) ;
#647 = DIRECTION ( 'NONE',  ( 1.000000000000000000, 0.0000000000000000000, 0.0000000000000000000 ) ) ;
#648 = ORIENTED_EDGE ( 'NONE', *, *, #3004, .F. ) ;
#649 = CARTESIAN_POINT ( 'NONE',  ( 8.660254037844390851, 15.00000000000000711, -3.750000000000000000 ) ) ;
#650 = DIRECTION ( 'NONE',  ( 0.0000000000000000000, 0.0000000000000000000, 1.000000000000000000 ) ) ;
#651 = ADVANCED_FACE ( 'NONE', ( #1190 ), #1501, .T. ) ;
#652 = ORIENTED_EDGE ( 'NONE', *, *, #689, .T. ) ;
#653 = ORIENTED_EDGE ( 'NONE', *, *, #2568, .T. ) ;
#654 = CARTESIAN_POINT ( 'NONE',  ( -15.05000000000000249, 7.041308691801725122E-14, -3.750000000000000000 ) ) ;
#655 = CARTESIAN_POINT ( 'NONE',  ( -9.093266739736582949, -15.25000000000001421, -3.750000000000000000 ) ) ;
#656 = VECTOR ( 'NONE', #186, 1000.000000000000000 ) ;
#657 = ADVANCED_FACE ( 'NONE', ( #1226 ), #972, .F. ) ;
#658 = ORIENTED_EDGE ( 'NONE', *, *, #2233, .T. ) ;
#659 = ORIENTED_EDGE ( 'NONE', *, *, #812, .T. ) ;
#660 = LINE ( 'NONE', #379, #1503 ) ;
#661 = CARTESIAN_POINT ( 'NONE',  ( -10.50000000000000355, 7.078048095776145666E-14, -3.750000000000000000 ) ) ;
#662 = CARTESIAN_POINT ( 'NONE',  ( 8.650221476688034983, -16.00000000000001066, 0.7499999999999988898 ) ) ;
#663 = CARTESIAN_POINT ( 'NONE',  ( 18.17901048134201858, 0.5130302149885149765, 0.7500000000000004441 ) ) ;
#664 = VERTEX_POINT ( 'NONE', #74 ) ;
#665 = VECTOR ( 'NONE', #3060, 1000.000000000000114 ) ;
#666 = VECTOR ( 'NONE', #170, 1000.000000000000114 ) ;
#667 = CARTESIAN_POINT ( 'NONE',  ( -16.50000000000000000, 7.041308691801725122E-14, -0.6499999999999995781 ) ) ;
#668 = LINE ( 'NONE', #3734, #1448 ) ;
#669 = DIRECTION ( 'NONE',  ( 0.0000000000000000000, 0.0000000000000000000, -1.000000000000000000 ) ) ;
#670 = ORIENTED_EDGE ( 'NONE', *, *, #387, .F. ) ;
#671 = EDGE_CURVE ( 'NONE', #2245, #3535, #541, .T. ) ;
#672 = VECTOR ( 'NONE', #503, 1000.000000000000000 ) ;
#673 = CARTESIAN_POINT ( 'NONE',  ( 17.82050807568877815, 5.854691731421723944E-15, -3.750000000000000000 ) ) ;
#674 = VECTOR ( 'NONE', #1156, 1000.000000000000000 ) ;
#675 = CARTESIAN_POINT ( 'NONE',  ( 18.18653347947322274, -0.4999999999999954481, 0.7499690025326329890 ) ) ;
#676 = EDGE_LOOP ( 'NONE', ( #3186, #2541, #2830, #3264, #3639 ) ) ;
#677 = VECTOR ( 'NONE', #641, 1000.000000000000227 ) ;
#678 = ORIENTED_EDGE ( 'NONE', *, *, #3596, .F. ) ;
#679 = DIRECTION ( 'NONE',  ( -0.4999999999999995559, -0.8660254037844388186, 0.0000000000000000000 ) ) ;
#680 = VECTOR ( 'NONE', #592, 1000.000000000000227 ) ;
#681 = VERTEX_POINT ( 'NONE', #667 ) ;
#682 = AXIS2_PLACEMENT_3D ( 'NONE', #2112, #1252, #345 ) ;
#683 = EDGE_CURVE ( 'NONE', #3907, #3621, #2803, .T. ) ;
#684 = CARTESIAN_POINT ( 'NONE',  ( 10.31726034107596490, 17.52460684831767779, 0.1322285981425059820 ) ) ;
#685 = DIRECTION ( 'NONE',  ( 0.0000000000000000000, 0.0000000000000000000, 1.000000000000000000 ) ) ;
#686 = PLANE ( 'NONE',  #3360 ) ;
#687 = CARTESIAN_POINT ( 'NONE',  ( -8.660254037844387298, 18.00000000000001066, 0.02205953146760110395 ) ) ;
#688 = EDGE_LOOP ( 'NONE', ( #3080, #135, #693, #922 ) ) ;
#689 = EDGE_CURVE ( 'NONE', #1108, #1580, #1952, .T. ) ;
#690 = CARTESIAN_POINT ( 'NONE',  ( -6.075000000000051692, 10.52220865598089894, 3.750000000000001332 ) ) ;
#691 = CARTESIAN_POINT ( 'NONE',  ( -9.526279441628812350, -15.50000000000001599, -2.249969002532629769 ) ) ;
#692 = DIRECTION ( 'NONE',  ( -1.000000000000000000, -1.877893248421449775E-16, 0.0000000000000000000 ) ) ;
#693 = ORIENTED_EDGE ( 'NONE', *, *, #2547, .F. ) ;
#694 = CARTESIAN_POINT ( 'NONE',  ( -18.32050807568877104, -7.308437431604575976E-15, 0.7517344528513750790 ) ) ;
#695 = CYLINDRICAL_SURFACE ( 'NONE', #2333, 1.000000000000000888 ) ;
#696 = ORIENTED_EDGE ( 'NONE', *, *, #2543, .T. ) ;
#697 = EDGE_LOOP ( 'NONE', ( #1359, #2945, #1275, #2221 ) ) ;
#698 = CARTESIAN_POINT ( 'NONE',  ( -6.679236595851793190, 12.59483756976571556, 1.989377767446837586 ) ) ;
#699 = ORIENTED_EDGE ( 'NONE', *, *, #1709, .F. ) ;
#700 = LINE ( 'NONE', #362, #2667 ) ;
#701 = CARTESIAN_POINT ( 'NONE',  ( -20.32050807568876749, -0.1720665721936432135, -1.621319514659573358 ) ) ;
#702 = CARTESIAN_POINT ( 'NONE',  ( -17.32050807568877104, -9.215718466126787689E-15, 3.750000000000000000 ) ) ;
#703 = DIRECTION ( 'NONE',  ( 1.000000000000000000, 0.0000000000000000000, 0.0000000000000000000 ) ) ;
#704 = ORIENTED_EDGE ( 'NONE', *, *, #3335, .T. ) ;
#705 = EDGE_CURVE ( 'NONE', #1424, #975, #2474, .T. ) ;
#706 = CARTESIAN_POINT ( 'NONE',  ( -9.983622159559521592, -18.31820125390465392, -1.406243746540131401 ) ) ;
#707 = CYLINDRICAL_SURFACE ( 'NONE', #3615, 2.999999999999999556 ) ;
#708 = DIRECTION ( 'NONE',  ( -1.000000000000000000, 0.0000000000000000000, 0.0000000000000000000 ) ) ;
#709 = ORIENTED_EDGE ( 'NONE', *, *, #979, .T. ) ;
#710 = ADVANCED_FACE ( 'NONE', ( #2195 ), #413, .F. ) ;
#711 = FACE_OUTER_BOUND ( 'NONE', #2248, .T. ) ;
#712 = PLANE ( 'NONE',  #2455 ) ;
#713 = EDGE_LOOP ( 'NONE', ( #3279, #709 ) ) ;
#714 = ORIENTED_EDGE ( 'NONE', *, *, #2993, .T. ) ;
#715 = DIRECTION ( 'NONE',  ( 0.0000000000000000000, 0.0000000000000000000, -1.000000000000000000 ) ) ;
#716 = EDGE_LOOP ( 'NONE', ( #3821, #1849, #117, #2934 ) ) ;
#717 = CARTESIAN_POINT ( 'NONE',  ( 9.237604307034018802, 16.00000000000000711, 3.750000000000000000 ) ) ;
#718 = AXIS2_PLACEMENT_3D ( 'NONE', #1267, #1819, #3033 ) ;
#719 = CARTESIAN_POINT ( 'NONE',  ( 8.645208041581978975, -16.00000000000000711, 0.7500000000000008882 ) ) ;
#720 = LINE ( 'NONE', #1966, #596 ) ;
#721 = ORIENTED_EDGE ( 'NONE', *, *, #3766, .F. ) ;
#722 = ADVANCED_FACE ( 'NONE', ( #1846 ), #2792, .T. ) ;
#723 = VECTOR ( 'NONE', #25, 1000.000000000000000 ) ;
#724 = VERTEX_POINT ( 'NONE', #1587 ) ;
#725 = ADVANCED_FACE ( 'NONE', ( #2859 ), #3713, .F. ) ;
#726 = DIRECTION ( 'NONE',  ( 1.000000000000000000, 0.0000000000000000000, 0.0000000000000000000 ) ) ;
#727 = CARTESIAN_POINT ( 'NONE',  ( -9.003291433595220994, 15.94336944603084305, -2.251280612097263489 ) ) ;
#728 =( LENGTH_UNIT ( ) NAMED_UNIT ( * ) SI_UNIT ( .MILLI., .METRE. ) );
#729 = VECTOR ( 'NONE', #876, 1000.000000000000000 ) ;
#730 = VERTEX_POINT ( 'NONE', #2240 ) ;
#731 = AXIS2_PLACEMENT_3D ( 'NONE', #198, #3007, #2417 ) ;
#732 = EDGE_CURVE ( 'NONE', #1922, #3882, #1565, .T. ) ;
#733 = DIRECTION ( 'NONE',  ( -0.0000000000000000000, -0.0000000000000000000, -1.000000000000000000 ) ) ;
#734 = DIRECTION ( 'NONE',  ( -1.000000000000000000, 0.0000000000000000000, 0.0000000000000000000 ) ) ;
#735 = AXIS2_PLACEMENT_3D ( 'NONE', #1149, #2047, #1440 ) ;
#736 = CARTESIAN_POINT ( 'NONE',  ( -9.361939111568988281, 17.93813707818074121, -1.544575793614551440 ) ) ;
#737 = ORIENTED_EDGE ( 'NONE', *, *, #1853, .T. ) ;
#738 = AXIS2_PLACEMENT_3D ( 'NONE', #1522, #1172, #3986 ) ;
#739 = ADVANCED_FACE ( 'NONE', ( #993 ), #401, .T. ) ;
#740 = LINE ( 'NONE', #2579, #3131 ) ;
#741 = AXIS2_PLACEMENT_3D ( 'NONE', #1221, #3925, #2732 ) ;
#742 = ORIENTED_EDGE ( 'NONE', *, *, #2687, .F. ) ;
#743 = EDGE_CURVE ( 'NONE', #2478, #3471, #1928, .T. ) ;
#744 = VECTOR ( 'NONE', #2726, 1000.000000000000000 ) ;
#745 = DIRECTION ( 'NONE',  ( -0.0000000000000000000, -0.0000000000000000000, -1.000000000000000000 ) ) ;
#746 = DIRECTION ( 'NONE',  ( 0.2961981327260211350, -0.1710100716628325246, 0.9396926207859096492 ) ) ;
#747 = CARTESIAN_POINT ( 'NONE',  ( -17.32050807568877104, -5.204170427930421283E-15, 0.02205953146760110395 ) ) ;
#748 = ORIENTED_EDGE ( 'NONE', *, *, #2180, .F. ) ;
#749 = AXIS2_PLACEMENT_3D ( 'NONE', #1938, #2231, #105 ) ;
#750 = ORIENTED_EDGE ( 'NONE', *, *, #2326, .T. ) ;
#751 = AXIS2_PLACEMENT_3D ( 'NONE', #76, #2555, #708 ) ;
#752 = CARTESIAN_POINT ( 'NONE',  ( -18.18653347947321208, 0.4999999999999926170, 0.7499690025326329890 ) ) ;
#753 = DIRECTION ( 'NONE',  ( -0.0000000000000000000, -0.0000000000000000000, 1.000000000000000000 ) ) ;
#754 = LINE ( 'NONE', #1971, #2738 ) ;
#755 = ORIENTED_EDGE ( 'NONE', *, *, #1387, .F. ) ;
#756 =( BOUNDED_CURVE ( )  B_SPLINE_CURVE ( 3, ( #2050, #3328, #1745, #544 ),
 .UNSPECIFIED., .F., .T. ) 
 B_SPLINE_CURVE_WITH_KNOTS ( ( 4, 4 ),
 ( 5.931441282900024703, 6.283185307179586232 ),
 .UNSPECIFIED. ) 
 CURVE ( )  GEOMETRIC_REPRESENTATION_ITEM ( )  RATIONAL_B_SPLINE_CURVE ( ( 1.000000000000000000, 0.9897162267460037910, 0.9897162267460037910, 1.000000000000000000 ) ) 
 REPRESENTATION_ITEM ( '' )  );
#757 = CARTESIAN_POINT ( 'NONE',  ( -10.31726034107595069, 17.52460684831767779, -1.632228598142506204 ) ) ;
#758 = CARTESIAN_POINT ( 'NONE',  ( -9.305717245385729086, 15.76876382218369699, 0.7512806120972639334 ) ) ;
#759 = ADVANCED_FACE ( 'NONE', ( #384 ), #2821, .T. ) ;
#760 = CARTESIAN_POINT ( 'NONE',  ( 11.25833024919771574, -16.50000000000000711, -1.522059531467601756 ) ) ;
#761 = ORIENTED_EDGE ( 'NONE', *, *, #763, .F. ) ;
#762 = CARTESIAN_POINT ( 'NONE',  ( -9.526279441628828337, 15.50000000000000711, 3.250000000000013323 ) ) ;
#763 = EDGE_CURVE ( 'NONE', #1510, #3095, #2155, .T. ) ;
#764 = VERTEX_POINT ( 'NONE', #626 ) ;
#765 = DIRECTION ( 'NONE',  ( 0.8660254037844390407, -0.4999999999999994449, 0.0000000000000000000 ) ) ;
#766 = DIRECTION ( 'NONE',  ( 0.0000000000000000000, 0.0000000000000000000, -1.000000000000000000 ) ) ;
#767 = ORIENTED_EDGE ( 'NONE', *, *, #1342, .F. ) ;
#768 = CARTESIAN_POINT ( 'NONE',  ( -11.25833024919768022, -16.50000000000001776, -1.522059531467601756 ) ) ;
#769 = VERTEX_POINT ( 'NONE', #3081 ) ;
#770 = DIRECTION ( 'NONE',  ( -1.000000000000000000, 0.0000000000000000000, 0.0000000000000000000 ) ) ;
#771 = LINE ( 'NONE', #3795, #3511 ) ;
#772 = CARTESIAN_POINT ( 'NONE',  ( -9.091507353750749587, 15.74695265408238321, -2.350431615653655548 ) ) ;
#773 = CARTESIAN_POINT ( 'NONE',  ( 8.645208041581987857, 16.00000000000000711, -2.249999999999999556 ) ) ;
#774 = ORIENTED_EDGE ( 'NONE', *, *, #2146, .F. ) ;
#775 = CARTESIAN_POINT ( 'NONE',  ( -8.660254037844387298, 15.00000000000001066, 0.02205953146760110395 ) ) ;
#776 = LINE ( 'NONE', #2929, #3689 ) ;
#777 = EDGE_CURVE ( 'NONE', #1877, #219, #808, .T. ) ;
#778 =( BOUNDED_CURVE ( )  B_SPLINE_CURVE ( 3, ( #3123, #4, #2445, #1840 ),
 .UNSPECIFIED., .F., .T. ) 
 B_SPLINE_CURVE_WITH_KNOTS ( ( 4, 4 ),
 ( 6.111330555860848612, 6.455040058498321187 ),
 .UNSPECIFIED. ) 
 CURVE ( )  GEOMETRIC_REPRESENTATION_ITEM ( )  RATIONAL_B_SPLINE_CURVE ( ( 1.000000000000000000, 0.9901795204324215227, 0.9901795204324215227, 1.000000000000000000 ) ) 
 REPRESENTATION_ITEM ( '' )  );
#779 = ORIENTED_EDGE ( 'NONE', *, *, #2163, .F. ) ;
#780 = ORIENTED_EDGE ( 'NONE', *, *, #262, .F. ) ;
#781 = DIRECTION ( 'NONE',  ( -1.877893248421449529E-16, 1.000000000000000000, 0.0000000000000000000 ) ) ;
#782 = EDGE_CURVE ( 'NONE', #1936, #945, #1606, .T. ) ;
#783 = EDGE_LOOP ( 'NONE', ( #3955, #3140, #3712, #481 ) ) ;
#784 = DIRECTION ( 'NONE',  ( -0.7071067811865500152, 8.659560562354962440E-17, 0.7071067811865451302 ) ) ;
#785 = EDGE_CURVE ( 'NONE', #3673, #3119, #2495, .T. ) ;
#786 = DIRECTION ( 'NONE',  ( 0.0000000000000000000, 0.9396926207859095381, 0.3420201433256655488 ) ) ;
#787 = ORIENTED_EDGE ( 'NONE', *, *, #1563, .F. ) ;
#788 = CARTESIAN_POINT ( 'NONE',  ( 8.660254037844390851, 16.00000000000000711, 3.250000000000013323 ) ) ;
#789 = EDGE_LOOP ( 'NONE', ( #3551, #961, #83, #1550, #3161, #3732 ) ) ;
#790 = CARTESIAN_POINT ( 'NONE',  ( 9.533802439760048486, 15.48696978501150667, 0.7500000000000008882 ) ) ;
#791 = CARTESIAN_POINT ( 'NONE',  ( 0.0000000000000000000, 0.0000000000000000000, 3.249999999999994227 ) ) ;
#792 = CARTESIAN_POINT ( 'NONE',  ( -18.23059345035383672, 0.4236858918547369846, -2.249606053556886476 ) ) ;
#793 = DIRECTION ( 'NONE',  ( 0.0000000000000000000, 0.0000000000000000000, -1.000000000000000000 ) ) ;
#794 = ORIENTED_EDGE ( 'NONE', *, *, #1953, .F. ) ;
#795 = AXIS2_PLACEMENT_3D ( 'NONE', #3548, #2651, #505 ) ;
#796 = ADVANCED_FACE ( 'NONE', ( #2335 ), #2275, .F. ) ;
#797 = CYLINDRICAL_SURFACE ( 'NONE', #212, 2.999999999999999112 ) ;
#798 = CARTESIAN_POINT ( 'NONE',  ( 9.305717245385736192, -15.76876382218370054, 0.7512806120972639334 ) ) ;
#799 = AXIS2_PLACEMENT_3D ( 'NONE', #3782, #3437, #959 ) ;
#800 = DIRECTION ( 'NONE',  ( 0.0000000000000000000, 0.0000000000000000000, -1.000000000000000000 ) ) ;
#801 = ORIENTED_EDGE ( 'NONE', *, *, #3957, .T. ) ;
#802 = CIRCLE ( 'NONE', #2016, 2.999999999999997335 ) ;
#803 = CARTESIAN_POINT ( 'NONE',  ( 10.01812455143988778, 17.69731297698831440, -1.632228598142505760 ) ) ;
#804 = ORIENTED_EDGE ( 'NONE', *, *, #2167, .T. ) ;
#805 = CIRCLE ( 'NONE', #3044, 0.4999999999999935052 ) ;
#806 = CARTESIAN_POINT ( 'NONE',  ( 8.660254037844394404, -16.00000000000001066, 3.250000000000013323 ) ) ;
#807 = CARTESIAN_POINT ( 'NONE',  ( 20.09536906641261211, 1.193799780125450072, 0.02205953146760023659 ) ) ;
#808 = CIRCLE ( 'NONE', #3179, 1.999999999999989564 ) ;
#809 = VERTEX_POINT ( 'NONE', #2611 ) ;
#810 = DIRECTION ( 'NONE',  ( -1.000000000000000000, 0.0000000000000000000, 0.0000000000000000000 ) ) ;
#811 = EDGE_LOOP ( 'NONE', ( #1341, #165 ) ) ;
#812 = EDGE_CURVE ( 'NONE', #3657, #281, #1845, .T. ) ;
#813 = AXIS2_PLACEMENT_3D ( 'NONE', #2835, #339, #1559 ) ;
#814 = LINE ( 'NONE', #1150, #1485 ) ;
#815 = DIRECTION ( 'NONE',  ( 0.4999999999999993894, 0.8660254037844389297, -0.0000000000000000000 ) ) ;
#816 = DIRECTION ( 'NONE',  ( -1.000000000000000000, 0.0000000000000000000, 0.0000000000000000000 ) ) ;
#817 = ORIENTED_EDGE ( 'NONE', *, *, #2152, .T. ) ;
#818 = VECTOR ( 'NONE', #1558, 1000.000000000000000 ) ;
#819 = ADVANCED_FACE ( 'NONE', ( #3266 ), #425, .F. ) ;
#820 = AXIS2_PLACEMENT_3D ( 'NONE', #3503, #2020, #1672 ) ;
#821 = DIRECTION ( 'NONE',  ( -1.000000000000000000, 0.0000000000000000000, 0.0000000000000000000 ) ) ;
#822 = AXIS2_PLACEMENT_3D ( 'NONE', #1477, #834, #2411 ) ;
#823 = DIRECTION ( 'NONE',  ( 0.4999999999999993894, 0.8660254037844389297, 0.0000000000000000000 ) ) ;
#824 = CARTESIAN_POINT ( 'NONE',  ( 19.91858428704210837, -1.499999999999984013, -1.522059531467601756 ) ) ;
#825 = CARTESIAN_POINT ( 'NONE',  ( -18.18402486899675452, -0.5043450408016351139, 0.7499896674941552988 ) ) ;
#826 = EDGE_LOOP ( 'NONE', ( #3697, #229, #3721, #196, #455, #1603, #3484, #625 ) ) ;
#827 = CARTESIAN_POINT ( 'NONE',  ( -20.30574103447627721, -0.3434983071796063325, 0.1104909289980152004 ) ) ;
#828 = DIRECTION ( 'NONE',  ( 1.000000000000000000, 0.0000000000000000000, 0.0000000000000000000 ) ) ;
#829 = VERTEX_POINT ( 'NONE', #3531 ) ;
#830 = CARTESIAN_POINT ( 'NONE',  ( 18.18653347947322274, -0.4999999999999952260, 3.250000000000012879 ) ) ;
#831 = CARTESIAN_POINT ( 'NONE',  ( 10.31726034107596135, -17.52460684831767779, 0.1322285981425053158 ) ) ;
#832 = CARTESIAN_POINT ( 'NONE',  ( 18.32053500987517225, 0.08662241882539070681, 0.7517353765073729877 ) ) ;
#833 = CARTESIAN_POINT ( 'NONE',  ( 10.60777489925119710, 18.00000000000001066, 0.02205953146760110395 ) ) ;
#834 = DIRECTION ( 'NONE',  ( 0.8660254037844383745, 0.5000000000000004441, -0.0000000000000000000 ) ) ;
#835 = ADVANCED_FACE ( 'NONE', ( #1969 ), #1184, .F. ) ;
#836 = ORIENTED_EDGE ( 'NONE', *, *, #3601, .T. ) ;
#837 = LINE ( 'NONE', #3916, #674 ) ;
#838 = CARTESIAN_POINT ( 'NONE',  ( -17.32050807568877104, -9.215718466126787689E-15, -3.249999999999999556 ) ) ;
#839 = EDGE_CURVE ( 'NONE', #975, #1259, #3509, .T. ) ;
#840 = DIRECTION ( 'NONE',  ( -0.8660254037844384856, -0.5000000000000002220, 0.0000000000000000000 ) ) ;
#841 = ORIENTED_EDGE ( 'NONE', *, *, #2946, .F. ) ;
#842 = VERTEX_POINT ( 'NONE', #2942 ) ;
#843 = DIRECTION ( 'NONE',  ( 0.4768709627114742777, -0.8259647360705565378, -0.3006265784832201082 ) ) ;
#844 = LINE ( 'NONE', #2955, #2384 ) ;
#845 = ORIENTED_EDGE ( 'NONE', *, *, #1060, .T. ) ;
#846 = CARTESIAN_POINT ( 'NONE',  ( 0.0000000000000000000, 18.00000000000001066, -1.522059531467601756 ) ) ;
#847 = CARTESIAN_POINT ( 'NONE',  ( 20.85583871729716421, 0.5130302149885107577, -1.406243746540131623 ) ) ;
#848 = CARTESIAN_POINT ( 'NONE',  ( -18.17901048134199726, 0.5130302149884934382, -2.249999999999999556 ) ) ;
#849 = CARTESIAN_POINT ( 'NONE',  ( -8.660254037844373087, -16.00000000000001421, 3.250000000000013323 ) ) ;
#850 = CARTESIAN_POINT ( 'NONE',  ( 18.18653347947322274, 0.5000000000000063283, -2.249969002532636431 ) ) ;
#851 = EDGE_CURVE ( 'NONE', #2482, #1381, #335, .T. ) ;
#852 = ORIENTED_EDGE ( 'NONE', *, *, #3342, .T. ) ;
#853 = EDGE_CURVE ( 'NONE', #1292, #2769, #132, .T. ) ;
#854 = CARTESIAN_POINT ( 'NONE',  ( 20.27631591763469032, -0.5130302149884853335, -1.588913661505111596 ) ) ;
#855 = CARTESIAN_POINT ( 'NONE',  ( 5.155560236130929397, 7.903631840483548388, 3.510109288189601440 ) ) ;
#856 = AXIS2_PLACEMENT_3D ( 'NONE', #599, #3346, #2753 ) ;
#857 = AXIS2_PLACEMENT_3D ( 'NONE', #1677, #2644, #3214 ) ;
#858 = ADVANCED_FACE ( 'NONE', ( #1402 ), #506, .T. ) ;
#859 = VECTOR ( 'NONE', #2395, 1000.000000000000114 ) ;
#860 = VERTEX_POINT ( 'NONE', #173 ) ;
#861 = B_SPLINE_CURVE_WITH_KNOTS ( 'NONE', 3,
 ( #273, #2428, #317, #1538, #905, #2798 ),
 .UNSPECIFIED., .F., .F.,
 ( 4, 2, 4 ),
 ( 0.0005212073888688084503, 0.0007821214188334997715, 0.001043035448798191201 ),
 .UNSPECIFIED. ) ;
#862 = CARTESIAN_POINT ( 'NONE',  ( 6.749999999999944933, -11.69134295108995580, 3.750000000000000000 ) ) ;
#863 = DIRECTION ( 'NONE',  ( -0.0000000000000000000, -0.0000000000000000000, -1.000000000000000000 ) ) ;
#864 = EDGE_LOOP ( 'NONE', ( #2294, #1154, #1182, #985, #3196 ) ) ;
#865 = ORIENTED_EDGE ( 'NONE', *, *, #3711, .T. ) ;
#866 = EDGE_CURVE ( 'NONE', #1555, #3223, #3345, .T. ) ;
#867 = VECTOR ( 'NONE', #11, 1000.000000000000114 ) ;
#868 = CARTESIAN_POINT ( 'NONE',  ( -8.660254037844389075, 15.50000000000002842, 3.750000000000000000 ) ) ;
#869 = CARTESIAN_POINT ( 'NONE',  ( 8.660254037844396180, -15.00000000000001066, -3.750000000000000000 ) ) ;
#870 = CARTESIAN_POINT ( 'NONE',  ( -9.000000000000000000, 1.102182119232617714E-15, -3.249999999999990674 ) ) ;
#871 = CARTESIAN_POINT ( 'NONE',  ( 10.60777489925119710, 16.00000000000000711, 0.7500000000000006661 ) ) ;
#872 = EDGE_LOOP ( 'NONE', ( #502, #1086, #3043, #3101 ) ) ;
#873 = VECTOR ( 'NONE', #1475, 1000.000000000000000 ) ;
#874 = LINE ( 'NONE', #300, #2724 ) ;
#875 = CARTESIAN_POINT ( 'NONE',  ( 8.660254037844390851, 15.00000000000000711, -3.750000000000000000 ) ) ;
#876 = DIRECTION ( 'NONE',  ( -0.0000000000000000000, -0.0000000000000000000, 1.000000000000000000 ) ) ;
#877 = AXIS2_PLACEMENT_3D ( 'NONE', #1465, #781, #3209 ) ;
#878 = CARTESIAN_POINT ( 'NONE',  ( -20.27631591763466545, 0.5130302149884896634, 0.08891366150511102739 ) ) ;
#879 = EDGE_CURVE ( 'NONE', #3887, #3989, #1495, .T. ) ;
#880 = VERTEX_POINT ( 'NONE', #2553 ) ;
#881 = CARTESIAN_POINT ( 'NONE',  ( -9.237604307033997486, -16.00000000000001421, -3.249999999999999556 ) ) ;
#882 = CARTESIAN_POINT ( 'NONE',  ( 9.531295722207017818, -15.49131154717357717, 0.7499999999999997780 ) ) ;
#883 = EDGE_CURVE ( 'NONE', #1386, #3066, #771, .T. ) ;
#884 = ORIENTED_EDGE ( 'NONE', *, *, #1755, .T. ) ;
#885 = ORIENTED_EDGE ( 'NONE', *, *, #1903, .F. ) ;
#886 = DIRECTION ( 'NONE',  ( 0.4768709627114739447, 0.8259647360705566488, -0.3006265784832201637 ) ) ;
#887 = DIRECTION ( 'NONE',  ( -1.000000000000000000, 0.0000000000000000000, 0.0000000000000000000 ) ) ;
#888 = CARTESIAN_POINT ( 'NONE',  ( -17.75352077758100577, 0.2500000000000084377, 3.750000000000000000 ) ) ;
#889 = VERTEX_POINT ( 'NONE', #3811 ) ;
#890 = CARTESIAN_POINT ( 'NONE',  ( 3.750000000000060396, 11.69134295108989363, -0.6499999999999995781 ) ) ;
#891 = FACE_OUTER_BOUND ( 'NONE', #2210, .T. ) ;
#892 = LINE ( 'NONE', #260, #729 ) ;
#893 = EDGE_LOOP ( 'NONE', ( #3717, #2847, #1130, #2027 ) ) ;
#894 = EDGE_CURVE ( 'NONE', #3621, #148, #1375, .T. ) ;
#895 = VERTEX_POINT ( 'NONE', #1647 ) ;
#896 = EDGE_CURVE ( 'NONE', #1650, #1899, #2879, .T. ) ;
#897 = LINE ( 'NONE', #1531, #613 ) ;
#898 = DIRECTION ( 'NONE',  ( 0.0000000000000000000, 0.0000000000000000000, -1.000000000000000000 ) ) ;
#899 = EDGE_LOOP ( 'NONE', ( #1747, #2114, #1972, #3476, #996, #3980 ) ) ;
#900 = ORIENTED_EDGE ( 'NONE', *, *, #1171, .T. ) ;
#901 =( BOUNDED_CURVE ( )  B_SPLINE_CURVE ( 3, ( #3433, #1543, #302, #974 ),
 .UNSPECIFIED., .F., .T. ) 
 B_SPLINE_CURVE_WITH_KNOTS ( ( 4, 4 ),
 ( 3.141592653589793116, 3.493336677869354645 ),
 .UNSPECIFIED. ) 
 CURVE ( )  GEOMETRIC_REPRESENTATION_ITEM ( )  RATIONAL_B_SPLINE_CURVE ( ( 1.000000000000000000, 0.9897162267460037910, 0.9897162267460037910, 1.000000000000000000 ) ) 
 REPRESENTATION_ITEM ( '' )  );
#902 = EDGE_CURVE ( 'NONE', #2566, #378, #151, .T. ) ;
#903 = LINE ( 'NONE', #2123, #422 ) ;
#904 = CARTESIAN_POINT ( 'NONE',  ( -20.27631591763466545, 0.5130302149884923280, -1.588913661505111596 ) ) ;
#905 = CARTESIAN_POINT ( 'NONE',  ( -18.23064609356035604, -0.4235947111463920223, -2.249605619902537601 ) ) ;
#906 = CARTESIAN_POINT ( 'NONE',  ( -18.17901048134199371, -0.5130302149885070939, 0.7500000000000005551 ) ) ;
#907 = VERTEX_POINT ( 'NONE', #2049 ) ;
#908 = ADVANCED_FACE ( 'NONE', ( #2087 ), #3000, .T. ) ;
#909 = CARTESIAN_POINT ( 'NONE',  ( -17.32050807568877104, -9.215718466126787689E-15, 3.750000000000000000 ) ) ;
#910 = FACE_OUTER_BOUND ( 'NONE', #2760, .T. ) ;
#911 = CARTESIAN_POINT ( 'NONE',  ( -8.660254037844389075, 15.00000000000000711, -3.249999999999999556 ) ) ;
#912 = ORIENTED_EDGE ( 'NONE', *, *, #3286, .T. ) ;
#913 = AXIS2_PLACEMENT_3D ( 'NONE', #3148, #2554, #2219 ) ;
#914 = EDGE_CURVE ( 'NONE', #3835, #907, #3769, .T. ) ;
#915 = CIRCLE ( 'NONE', #1799, 2.999999999999999112 ) ;
#916 = LINE ( 'NONE', #1232, #1753 ) ;
#917 = ORIENTED_EDGE ( 'NONE', *, *, #2291, .T. ) ;
#918 = VERTEX_POINT ( 'NONE', #904 ) ;
#919 = DIRECTION ( 'NONE',  ( 0.0000000000000000000, 0.0000000000000000000, 1.000000000000000000 ) ) ;
#920 = AXIS2_PLACEMENT_3D ( 'NONE', #944, #2440, #1201 ) ;
#921 = CARTESIAN_POINT ( 'NONE',  ( 20.27631591763469032, -0.5130302149884844454, 0.08891366150511059718 ) ) ;
#922 = ORIENTED_EDGE ( 'NONE', *, *, #2628, .F. ) ;
#923 = ORIENTED_EDGE ( 'NONE', *, *, #3128, .T. ) ;
#924 = PRODUCT_DEFINITION_FORMATION_WITH_SPECIFIED_SOURCE ( '浠', '', #1711, .NOT_KNOWN. ) ;
#925 = PLANE ( 'NONE',  #741 ) ;
#926 = FACE_OUTER_BOUND ( 'NONE', #2102, .T. ) ;
#927 = CARTESIAN_POINT ( 'NONE',  ( 0.0000000000000000000, 18.00000000000001066, 0.02205953146760110395 ) ) ;
#928 = CARTESIAN_POINT ( 'NONE',  ( 2.910734535053247953E-15, -15.50000000000000533, -3.750000000000000000 ) ) ;
#929 = EDGE_LOOP ( 'NONE', ( #1394, #1861, #3741, #865, #1778, #594 ) ) ;
#930 = EDGE_CURVE ( 'NONE', #3994, #1330, #2544, .T. ) ;
#931 = AXIS2_PLACEMENT_3D ( 'NONE', #932, #1271, #1627 ) ;
#932 = CARTESIAN_POINT ( 'NONE',  ( -8.660254037844389075, 15.00000000000000711, 3.750000000000000000 ) ) ;
#933 = DIRECTION ( 'NONE',  ( 1.000000000000000000, 0.0000000000000000000, 0.0000000000000000000 ) ) ;
#934 = CARTESIAN_POINT ( 'NONE',  ( 14.14999999999999503, 0.0000000000000000000, 3.750000000000000000 ) ) ;
#935 = ORIENTED_EDGE ( 'NONE', *, *, #54, .T. ) ;
#936 = VECTOR ( 'NONE', #1518, 1000.000000000000000 ) ;
#937 = EDGE_CURVE ( 'NONE', #3907, #629, #2124, .T. ) ;
#938 = AXIS2_PLACEMENT_3D ( 'NONE', #3846, #2003, #1414 ) ;
#939 = CARTESIAN_POINT ( 'NONE',  ( 8.645208041581978975, -16.00000000000000711, 0.7500000000000008882 ) ) ;
#940 = ORIENTED_EDGE ( 'NONE', *, *, #3115, .T. ) ;
#941 =( GEOMETRIC_REPRESENTATION_CONTEXT ( 3 ) GLOBAL_UNCERTAINTY_ASSIGNED_CONTEXT ( ( #3008 ) ) GLOBAL_UNIT_ASSIGNED_CONTEXT ( ( #728, #462, #1629 ) ) REPRESENTATION_CONTEXT ( 'NONE', 'WORKASPACE' ) );
#942 = ORIENTED_EDGE ( 'NONE', *, *, #2521, .F. ) ;
#943 = CARTESIAN_POINT ( 'NONE',  ( 3.749999999999946265, -11.69134295108995580, -3.750000000000000000 ) ) ;
#944 = CARTESIAN_POINT ( 'NONE',  ( 0.0000000000000000000, 0.0000000000000000000, 3.249999999999994227 ) ) ;
#945 = VERTEX_POINT ( 'NONE', #543 ) ;
#946 = EDGE_LOOP ( 'NONE', ( #3380, #3736, #78, #804, #249, #3155 ) ) ;
#947 = CARTESIAN_POINT ( 'NONE',  ( 19.07160910567958467, 0.5130302149885155316, 0.4686462467040710123 ) ) ;
#948 = LINE ( 'NONE', #3388, #610 ) ;
#949 = CARTESIAN_POINT ( 'NONE',  ( 9.526279441628835443, -15.50000000000001066, -2.249969002532634210 ) ) ;
#950 = CARTESIAN_POINT ( 'NONE',  ( 19.91858428704210482, 1.500000000000013989, -1.522059531467601756 ) ) ;
#951 = VERTEX_POINT ( 'NONE', #1205 ) ;
#952 = EDGE_CURVE ( 'NONE', #2764, #3543, #1744, .T. ) ;
#953 = CARTESIAN_POINT ( 'NONE',  ( 9.526279441628835443, -15.50000000000001066, 3.250000000000012879 ) ) ;
#954 = CARTESIAN_POINT ( 'NONE',  ( -10.87221655773760887, 17.80517103891614994, -1.406243746540131623 ) ) ;
#955 = DIRECTION ( 'NONE',  ( 0.0000000000000000000, 0.0000000000000000000, -1.000000000000000000 ) ) ;
#956 = ORIENTED_EDGE ( 'NONE', *, *, #3612, .F. ) ;
#957 = ADVANCED_FACE ( 'NONE', ( #2960 ), #22, .F. ) ;
#958 = CARTESIAN_POINT ( 'NONE',  ( 6.749999999999944933, -11.69134295108995580, -3.750000000000000000 ) ) ;
#959 = DIRECTION ( 'NONE',  ( -0.5000000000000003331, 0.8660254037844384856, 0.0000000000000000000 ) ) ;
#960 = UNCERTAINTY_MEASURE_WITH_UNIT (LENGTH_MEASURE( 1.000000000000000082E-05 ), #2115, 'distance_accuracy_value', 'NONE');
#961 = ORIENTED_EDGE ( 'NONE', *, *, #1249, .T. ) ;
#962 = ORIENTED_EDGE ( 'NONE', *, *, #82, .T. ) ;
#963 = DIRECTION ( 'NONE',  ( 1.000000000000000000, 0.0000000000000000000, 0.0000000000000000000 ) ) ;
#964 = CARTESIAN_POINT ( 'NONE',  ( 9.013823596585407216, -18.00000000000001421, -1.522059531467601312 ) ) ;
#965 = VERTEX_POINT ( 'NONE', #1497 ) ;
#966 = ORIENTED_EDGE ( 'NONE', *, *, #782, .T. ) ;
#967 = DIRECTION ( 'NONE',  ( -1.000000000000000000, 0.0000000000000000000, 0.0000000000000000000 ) ) ;
#968 = CARTESIAN_POINT ( 'NONE',  ( 6.749999999999944933, -11.69134295108995580, -3.750000000000000000 ) ) ;
#969 = CARTESIAN_POINT ( 'NONE',  ( 9.013823596585407216, 18.00000000000001421, -1.522059531467601534 ) ) ;
#970 = CARTESIAN_POINT ( 'NONE',  ( -9.000000000000000000, 1.102182119232617714E-15, -3.750000000000000000 ) ) ;
#971 = ORIENTED_EDGE ( 'NONE', *, *, #1935, .F. ) ;
#972 = PLANE ( 'NONE',  #2926 ) ;
#973 = DIRECTION ( 'NONE',  ( 1.000000000000000000, 0.0000000000000000000, -0.0000000000000000000 ) ) ;
#974 = CARTESIAN_POINT ( 'NONE',  ( -20.27631591763466545, -0.5130302149885040963, -1.588913661505112485 ) ) ;
#975 = VERTEX_POINT ( 'NONE', #3592 ) ;
#976 = ADVANCED_FACE ( 'NONE', ( #598 ), #562, .T. ) ;
#977 = CARTESIAN_POINT ( 'NONE',  ( -18.26376289502713135, -0.3433389352598077426, 0.7502113485092373191 ) ) ;
#978 = CYLINDRICAL_SURFACE ( 'NONE', #1177, 3.000000000000000000 ) ;
#979 = EDGE_CURVE ( 'NONE', #3522, #1214, #2223, .T. ) ;
#980 = EDGE_LOOP ( 'NONE', ( #2390, #1313, #303, #1993, #2990, #2434 ) ) ;
#981 = ORIENTED_EDGE ( 'NONE', *, *, #1092, .F. ) ;
#982 = DIRECTION ( 'NONE',  ( 1.000000000000000000, 0.0000000000000000000, 0.0000000000000000000 ) ) ;
#983 = AXIS2_PLACEMENT_3D ( 'NONE', #3197, #3124, #51 ) ;
#984 = EDGE_CURVE ( 'NONE', #629, #3882, #3945, .T. ) ;
#985 = ORIENTED_EDGE ( 'NONE', *, *, #3934, .F. ) ;
#986 = AXIS2_PLACEMENT_3D ( 'NONE', #1180, #557, #3357 ) ;
#987 = DIRECTION ( 'NONE',  ( 0.0000000000000000000, 0.0000000000000000000, -1.000000000000000000 ) ) ;
#988 = LINE ( 'NONE', #3468, #2728 ) ;
#989 = CARTESIAN_POINT ( 'NONE',  ( 8.655236816891477503, -16.00000000000001066, 0.7499896674941569641 ) ) ;
#990 = DIRECTION ( 'NONE',  ( -1.000000000000000000, 0.0000000000000000000, 0.0000000000000000000 ) ) ;
#991 = EDGE_LOOP ( 'NONE', ( #3862, #2139, #1671, #2354, #3924, #533 ) ) ;
#992 = EDGE_CURVE ( 'NONE', #3384, #2620, #2778, .T. ) ;
#993 = FACE_OUTER_BOUND ( 'NONE', #3024, .T. ) ;
#994 = DIRECTION ( 'NONE',  ( 0.0000000000000000000, 0.0000000000000000000, -1.000000000000000000 ) ) ;
#995 = CARTESIAN_POINT ( 'NONE',  ( 9.749999999999944933, -11.69134295108995580, -3.750000000000000000 ) ) ;
#996 = ORIENTED_EDGE ( 'NONE', *, *, #2525, .T. ) ;
#997 = CARTESIAN_POINT ( 'NONE',  ( 9.003291433595226323, 15.94336944603084305, 0.7512806120972669310 ) ) ;
#998 = EDGE_LOOP ( 'NONE', ( #2910, #2559, #388, #3703, #1049 ) ) ;
#999 = AXIS2_PLACEMENT_3D ( 'NONE', #3647, #3327, #1151 ) ;
#1000 = ORIENTED_EDGE ( 'NONE', *, *, #67, .F. ) ;
#1001 = LINE ( 'NONE', #698, #1196 ) ;
#1002 = ADVANCED_FACE ( 'NONE', ( #2106 ), #2690, .F. ) ;
#1003 = AXIS2_PLACEMENT_3D ( 'NONE', #1179, #2099, #3049 ) ;
#1004 =( BOUNDED_CURVE ( )  B_SPLINE_CURVE ( 3, ( #3311, #803, #2264, #1085 ),
 .UNSPECIFIED., .F., .T. ) 
 B_SPLINE_CURVE_WITH_KNOTS ( ( 4, 4 ),
 ( 6.111330555860849501, 6.455040058498323852 ),
 .UNSPECIFIED. ) 
 CURVE ( )  GEOMETRIC_REPRESENTATION_ITEM ( )  RATIONAL_B_SPLINE_CURVE ( ( 1.000000000000000000, 0.9901795204324213007, 0.9901795204324213007, 1.000000000000000000 ) ) 
 REPRESENTATION_ITEM ( '' )  );
#1005 = ORIENTED_EDGE ( 'NONE', *, *, #1655, .F. ) ;
#1006 = VECTOR ( 'NONE', #2166, 1000.000000000000114 ) ;
#1007 = VECTOR ( 'NONE', #1423, 999.9999999999998863 ) ;
#1008 = DIRECTION ( 'NONE',  ( -0.0000000000000000000, -0.0000000000000000000, -1.000000000000000000 ) ) ;
#1009 = ADVANCED_FACE ( 'NONE', ( #3608 ), #417, .T. ) ;
#1010 = CARTESIAN_POINT ( 'NONE',  ( -9.013823596585373465, -18.00000000000001066, 0.02205953146760044822 ) ) ;
#1011 = CARTESIAN_POINT ( 'NONE',  ( -8.075000000000050804, 10.52220865598089894, 0.7499999999999997780 ) ) ;
#1012 = CARTESIAN_POINT ( 'NONE',  ( 18.17901048134202213, 0.5130302149885092033, -2.249999999999999112 ) ) ;
#1013 = ORIENTED_EDGE ( 'NONE', *, *, #3720, .T. ) ;
#1014 =( BOUNDED_CURVE ( )  B_SPLINE_CURVE ( 3, ( #1139, #1995, #3225, #3496 ),
 .UNSPECIFIED., .F., .T. ) 
 B_SPLINE_CURVE_WITH_KNOTS ( ( 4, 4 ),
 ( 6.111330555860849501, 6.455040058498323852 ),
 .UNSPECIFIED. ) 
 CURVE ( )  GEOMETRIC_REPRESENTATION_ITEM ( )  RATIONAL_B_SPLINE_CURVE ( ( 1.000000000000000000, 0.9901795204324213007, 0.9901795204324213007, 1.000000000000000000 ) ) 
 REPRESENTATION_ITEM ( '' )  );
#1015 = CARTESIAN_POINT ( 'NONE',  ( 12.15000000000000036, 0.0000000000000000000, 0.7499999999999997780 ) ) ;
#1016 = CARTESIAN_POINT ( 'NONE',  ( -18.18653347947320853, -0.5000000000000102141, 3.750000000000000000 ) ) ;
#1017 = CARTESIAN_POINT ( 'NONE',  ( -19.07160910567955980, -0.5130302149885075380, 0.4686462467040724555 ) ) ;
#1018 = VERTEX_POINT ( 'NONE', #2068 ) ;
#1019 = CARTESIAN_POINT ( 'NONE',  ( -18.18653347947321208, 0.4999999999999926170, 0.7499690025326329890 ) ) ;
#1020 = LINE ( 'NONE', #2761, #1486 ) ;
#1021 = ORIENTED_EDGE ( 'NONE', *, *, #1635, .T. ) ;
#1022 = EDGE_LOOP ( 'NONE', ( #2126, #1807, #1661, #639, #540, #2344 ) ) ;
#1023 = DIRECTION ( 'NONE',  ( -1.000000000000000000, 0.0000000000000000000, 0.0000000000000000000 ) ) ;
#1024 = ADVANCED_FACE ( 'NONE', ( #1600 ), #3729, .T. ) ;
#1025 = ORIENTED_EDGE ( 'NONE', *, *, #155, .F. ) ;
#1026 = EDGE_CURVE ( 'NONE', #1716, #3628, #988, .T. ) ;
#1027 = CARTESIAN_POINT ( 'NONE',  ( 18.18653347947322274, 0.5000000000000065503, 3.750000000000000000 ) ) ;
#1028 = CARTESIAN_POINT ( 'NONE',  ( -20.30574103447627721, -0.3434983071796046672, -1.610490928998016935 ) ) ;
#1029 = FACE_OUTER_BOUND ( 'NONE', #2031, .T. ) ;
#1030 = CARTESIAN_POINT ( 'NONE',  ( -8.650221476688022548, 16.00000000000000711, 0.7500000000000011102 ) ) ;
#1031 = ORIENTED_EDGE ( 'NONE', *, *, #785, .F. ) ;
#1032 = EDGE_CURVE ( 'NONE', #1381, #1843, #2468, .T. ) ;
#1033 = DIRECTION ( 'NONE',  ( -0.4999999999999993894, -0.8660254037844389297, -0.0000000000000000000 ) ) ;
#1034 = CARTESIAN_POINT ( 'NONE',  ( -9.531295722206987620, -15.49131154717359315, -2.249999999999995559 ) ) ;
#1035 = CYLINDRICAL_SURFACE ( 'NONE', #2868, 2.999999999999999556 ) ;
#1036 = ORIENTED_EDGE ( 'NONE', *, *, #412, .T. ) ;
#1037 = EDGE_CURVE ( 'NONE', #1866, #3778, #2773, .T. ) ;
#1038 =( BOUNDED_CURVE ( )  B_SPLINE_CURVE ( 3, ( #3333, #2721, #3654, #1193 ),
 .UNSPECIFIED., .F., .T. ) 
 B_SPLINE_CURVE_WITH_KNOTS ( ( 4, 4 ),
 ( 5.359907600941421713, 5.364314273040468706 ),
 .UNSPECIFIED. ) 
 CURVE ( )  GEOMETRIC_REPRESENTATION_ITEM ( )  RATIONAL_B_SPLINE_CURVE ( ( 1.000000000000000000, 0.9999983817707388534, 0.9999983817707388534, 1.000000000000000000 ) ) 
 REPRESENTATION_ITEM ( '' )  );
#1039 = DIRECTION ( 'NONE',  ( -0.0000000000000000000, -0.0000000000000000000, -1.000000000000000000 ) ) ;
#1040 = CARTESIAN_POINT ( 'NONE',  ( 17.75352077758099512, -0.2499999999999893141, -3.750000000000000000 ) ) ;
#1041 = EDGE_CURVE ( 'NONE', #1424, #1202, #778, .T. ) ;
#1042 = CARTESIAN_POINT ( 'NONE',  ( -9.528788052105285900, 15.49565495919838298, 0.7499896674941569641 ) ) ;
#1043 = VERTEX_POINT ( 'NONE', #2212 ) ;
#1044 = CARTESIAN_POINT ( 'NONE',  ( 9.093266739736611370, -15.25000000000000711, -3.750000000000000000 ) ) ;
#1045 = ORIENTED_EDGE ( 'NONE', *, *, #1374, .F. ) ;
#1046 = CARTESIAN_POINT ( 'NONE',  ( 10.58245515790638258, 17.30328957233616549, 0.08891366150511233191 ) ) ;
#1047 = CARTESIAN_POINT ( 'NONE',  ( 0.0000000000000000000, 16.00000000000000711, -2.249999999999999556 ) ) ;
#1048 = PLANE ( 'NONE',  #407 ) ;
#1049 = ORIENTED_EDGE ( 'NONE', *, *, #3067, .F. ) ;
#1050 = VECTOR ( 'NONE', #3851, 1000.000000000000227 ) ;
#1051 = ORIENTED_EDGE ( 'NONE', *, *, #2419, .T. ) ;
#1052 = CARTESIAN_POINT ( 'NONE',  ( 6.750000000000058620, 11.69134295108989363, -0.6499999999999995781 ) ) ;
#1053 = DIRECTION ( 'NONE',  ( -0.0000000000000000000, -0.0000000000000000000, -1.000000000000000000 ) ) ;
#1054 = SURFACE_STYLE_FILL_AREA ( #1228 ) ;
#1055 = AXIS2_PLACEMENT_3D ( 'NONE', #838, #2113, #585 ) ;
#1056 = EDGE_CURVE ( 'NONE', #945, #1043, #2235, .T. ) ;
#1057 = VERTEX_POINT ( 'NONE', #2172 ) ;
#1058 = FACE_OUTER_BOUND ( 'NONE', #3993, .T. ) ;
#1059 = CARTESIAN_POINT ( 'NONE',  ( -10.58245515790634173, -17.30328957233617615, -1.588913661505114039 ) ) ;
#1060 = EDGE_CURVE ( 'NONE', #860, #3628, #415, .T. ) ;
#1061 = VECTOR ( 'NONE', #2302, 1000.000000000000000 ) ;
#1062 = CARTESIAN_POINT ( 'NONE',  ( -17.32050807568877104, -9.215718466126787689E-15, 3.250000000000013323 ) ) ;
#1063 = ORIENTED_EDGE ( 'NONE', *, *, #1443, .T. ) ;
#1064 = CARTESIAN_POINT ( 'NONE',  ( -8.075000000000040146, 10.52220865598089894, 3.750000000000001332 ) ) ;
#1065 = AXIS2_PLACEMENT_3D ( 'NONE', #2086, #3982, #1794 ) ;
#1066 = ORIENTED_EDGE ( 'NONE', *, *, #1733, .T. ) ;
#1067 = AXIS2_PLACEMENT_3D ( 'NONE', #108, #3446, #2266 ) ;
#1068 = FACE_BOUND ( 'NONE', #2686, .T. ) ;
#1069 = CARTESIAN_POINT ( 'NONE',  ( -10.28456981849430285, 18.18660254037845192, -1.522059531467601756 ) ) ;
#1070 = EDGE_LOOP ( 'NONE', ( #1479, #2723, #1702, #1318, #678, #27, #1350, #365 ) ) ;
#1071 = DIRECTION ( 'NONE',  ( 1.000000000000000000, 0.0000000000000000000, 0.0000000000000000000 ) ) ;
#1072 = VECTOR ( 'NONE', #1281, 1000.000000000000000 ) ;
#1073 = ORIENTED_EDGE ( 'NONE', *, *, #1690, .F. ) ;
#1074 = AXIS2_PLACEMENT_3D ( 'NONE', #1870, #346, #2759 ) ;
#1075 = CARTESIAN_POINT ( 'NONE',  ( -8.655236816891472174, 16.00000000000000711, -2.249989667494157519 ) ) ;
#1076 = CARTESIAN_POINT ( 'NONE',  ( -9.235795334758178043, 15.82238040351663066, -2.251733525891696619 ) ) ;
#1077 = CARTESIAN_POINT ( 'NONE',  ( -9.000000000000000000, 1.102182119232617714E-15, 3.249999999999994227 ) ) ;
#1078 = EDGE_LOOP ( 'NONE', ( #3981, #971, #3508, #1728, #1073, #2498 ) ) ;
#1079 = ADVANCED_FACE ( 'NONE', ( #926 ), #1537, .F. ) ;
#1080 = CARTESIAN_POINT ( 'NONE',  ( -9.085250289697526682, -15.90935993888678190, 0.7517353765073702121 ) ) ;
#1081 = CARTESIAN_POINT ( 'NONE',  ( 9.500000000000001776, 1.163414459189985682E-15, -3.750000000000000000 ) ) ;
#1082 = CARTESIAN_POINT ( 'NONE',  ( -15.05000000000000249, 7.041308691801725122E-14, 3.750000000000000000 ) ) ;
#1083 = VERTEX_POINT ( 'NONE', #2149 ) ;
#1084 = ADVANCED_FACE ( 'NONE', ( #3058 ), #2021, .F. ) ;
#1085 = CARTESIAN_POINT ( 'NONE',  ( 10.58245515790638080, 17.30328957233616549, -1.588913661505113151 ) ) ;
#1086 = ORIENTED_EDGE ( 'NONE', *, *, #1911, .F. ) ;
#1087 = PLANE ( 'NONE',  #1571 ) ;
#1088 = CYLINDRICAL_SURFACE ( 'NONE', #3297, 1.549999999999999378 ) ;
#1089 = ORIENTED_EDGE ( 'NONE', *, *, #3393, .T. ) ;
#1090 = DIRECTION ( 'NONE',  ( 0.0000000000000000000, -0.9396926207859095381, 0.3420201433256655488 ) ) ;
#1091 = ORIENTED_EDGE ( 'NONE', *, *, #1269, .F. ) ;
#1092 = EDGE_CURVE ( 'NONE', #3119, #620, #354, .T. ) ;
#1093 = LINE ( 'NONE', #2314, #2520 ) ;
#1094 = DIRECTION ( 'NONE',  ( -1.000000000000000000, 0.0000000000000000000, 0.0000000000000000000 ) ) ;
#1095 = DIRECTION ( 'NONE',  ( 0.0000000000000000000, 0.0000000000000000000, 1.000000000000000000 ) ) ;
#1096 = CARTESIAN_POINT ( 'NONE',  ( 9.500000000000001776, 1.163414459189985682E-15, -3.750000000000000000 ) ) ;
#1097 = EDGE_LOOP ( 'NONE', ( #2511, #3126, #1937, #452 ) ) ;
#1098 = CARTESIAN_POINT ( 'NONE',  ( 10.58245515790638080, 17.30328957233616549, -1.588913661505113151 ) ) ;
#1099 = LINE ( 'NONE', #2320, #1118 ) ;
#1100 = CARTESIAN_POINT ( 'NONE',  ( 9.526279441628835443, -15.50000000000001066, -3.249999999999999556 ) ) ;
#1101 = VERTEX_POINT ( 'NONE', #3771 ) ;
#1102 = CARTESIAN_POINT ( 'NONE',  ( 18.17901048134201858, -0.5130302149884877760, 0.7500000000000004441 ) ) ;
#1103 = EDGE_CURVE ( 'NONE', #3564, #951, #948, .T. ) ;
#1104 = ORIENTED_EDGE ( 'NONE', *, *, #1103, .T. ) ;
#1105 = CARTESIAN_POINT ( 'NONE',  ( -20.21585196205656487, 0.8613914397884984142, -1.544575793614551662 ) ) ;
#1106 = EDGE_LOOP ( 'NONE', ( #1940, #478 ) ) ;
#1107 = CARTESIAN_POINT ( 'NONE',  ( -11.08154546982720134, 16.80620021987457235, -1.522059531467601534 ) ) ;
#1108 = VERTEX_POINT ( 'NONE', #661 ) ;
#1109 = FACE_OUTER_BOUND ( 'NONE', #1164, .T. ) ;
#1110 = DIRECTION ( 'NONE',  ( 0.5000000000000004441, -0.8660254037844383745, 0.0000000000000000000 ) ) ;
#1111 = FACE_OUTER_BOUND ( 'NONE', #1229, .T. ) ;
#1112 = LINE ( 'NONE', #1404, #100 ) ;
#1113 = ORIENTED_EDGE ( 'NONE', *, *, #1591, .T. ) ;
#1114 = AXIS2_PLACEMENT_3D ( 'NONE', #2088, #239, #815 ) ;
#1115 = CARTESIAN_POINT ( 'NONE',  ( 11.08154546982721200, 16.80620021987457591, -1.522059531467601978 ) ) ;
#1116 = CARTESIAN_POINT ( 'NONE',  ( -18.47520861406802339, -1.012826494920088876E-14, 3.750000000000000000 ) ) ;
#1117 = CLOSED_SHELL ( 'NONE', ( #1823, #2443, #1431, #710, #908, #858, #1024, #3915, #2028, #1729, #1293, #1084, #2095, #957, #3845, #2038, #1079, #2563, #3498, #109, #277, #1779, #1798, #1335, #2849, #2361, #3176, #3366, #657, #1158, #1473, #2340, #2951, #3464, #1464, #3492, #635, #529, #796, #2745, #3020, #489, #3953, #566, #453, #1241, #2009, #2329, #3213, #1674, #3897, #819, #210, #2001, #2472, #3638, #1002, #2392, #1222, #2772, #3857, #1844, #3716, #2599, #1850, #360, #176, #2042, #561, #3787, #1714, #1490, #1458, #976, #2722, #2406, #1512, #3681, #136, #3444, #106, #2916, #190, #3112, #3425, #2100, #441, #182, #1412, #2561, #3568, #651, #2159, #2999, #3071, #3737, #2986, #261, #1867, #3466, #3939, #739, #759, #835, #250, #283, #3779, #722, #320, #205, #2122, #1484, #1981, #3816, #510, #2397, #2239, #725, #1009, #1570, #1198, #3014, #2438, #2621, #3035, #2304, #1905, #2828, #3354 ) ) ;
#1118 = VECTOR ( 'NONE', #1352, 1000.000000000000227 ) ;
#1119 = LINE ( 'NONE', #3252, #3438 ) ;
#1120 = VECTOR ( 'NONE', #138, 999.9999999999998863 ) ;
#1121 = DIRECTION ( 'NONE',  ( 0.0000000000000000000, -0.0000000000000000000, -1.000000000000000000 ) ) ;
#1122 = ORIENTED_EDGE ( 'NONE', *, *, #777, .F. ) ;
#1123 = VECTOR ( 'NONE', #1896, 1000.000000000000000 ) ;
#1124 = ORIENTED_EDGE ( 'NONE', *, *, #3596, .T. ) ;
#1125 = EDGE_CURVE ( 'NONE', #629, #3030, #3121, .T. ) ;
#1126 = FACE_BOUND ( 'NONE', #1967, .T. ) ;
#1127 = CARTESIAN_POINT ( 'NONE',  ( -13.50000000000000355, 7.041308691801725122E-14, 3.750000000000000000 ) ) ;
#1128 = ORIENTED_EDGE ( 'NONE', *, *, #17, .F. ) ;
#1129 = DIRECTION ( 'NONE',  ( 1.000000000000000000, 0.0000000000000000000, 0.0000000000000000000 ) ) ;
#1130 = ORIENTED_EDGE ( 'NONE', *, *, #2479, .F. ) ;
#1131 = AXIS2_PLACEMENT_3D ( 'NONE', #1818, #3684, #3077 ) ;
#1132 = EDGE_CURVE ( 'NONE', #724, #2242, #2963, .T. ) ;
#1133 = CARTESIAN_POINT ( 'NONE',  ( -8.650221476688004785, -16.00000000000001421, 0.7499999999999993339 ) ) ;
#1134 = DIRECTION ( 'NONE',  ( -1.000000000000000000, 0.0000000000000000000, 0.0000000000000000000 ) ) ;
#1135 = DIRECTION ( 'NONE',  ( 0.6123724356957895854, 0.3535533905932714549, 0.7071067811865527908 ) ) ;
#1136 = DIRECTION ( 'NONE',  ( -0.6123724356957982451, -0.3535533905932756182, -0.7071067811865434649 ) ) ;
#1137 = EDGE_LOOP ( 'NONE', ( #1837, #3655, #2005, #2323 ) ) ;
#1138 = CIRCLE ( 'NONE', #1067, 1.999999999999989564 ) ;
#1139 = CARTESIAN_POINT ( 'NONE',  ( 20.27631591763468677, 0.5130302149885104246, -1.588913661505112040 ) ) ;
#1140 = VECTOR ( 'NONE', #3329, 1000.000000000000000 ) ;
#1141 = CARTESIAN_POINT ( 'NONE',  ( 9.526279441628831890, 15.50000000000000533, -3.249999999999999556 ) ) ;
#1142 = CYLINDRICAL_SURFACE ( 'NONE', #2911, 1.999999999999994005 ) ;
#1143 = ORIENTED_EDGE ( 'NONE', *, *, #705, .T. ) ;
#1144 = EDGE_CURVE ( 'NONE', #2347, #3276, #1582, .T. ) ;
#1145 = DIRECTION ( 'NONE',  ( -0.0000000000000000000, -0.0000000000000000000, 1.000000000000000000 ) ) ;
#1146 = LINE ( 'NONE', #2685, #202 ) ;
#1147 = EDGE_LOOP ( 'NONE', ( #3150, #450, #3567, #2382, #3783, #2022 ) ) ;
#1148 = EDGE_CURVE ( 'NONE', #1215, #342, #3183, .T. ) ;
#1149 = CARTESIAN_POINT ( 'NONE',  ( -9.983622159559544684, 17.29214082392765306, 1.412834115817597214 ) ) ;
#1150 = CARTESIAN_POINT ( 'NONE',  ( 8.660254037844394404, -16.00000000000001066, 3.250000000000013323 ) ) ;
#1151 = DIRECTION ( 'NONE',  ( -1.000000000000000000, 0.0000000000000000000, 0.0000000000000000000 ) ) ;
#1152 = CARTESIAN_POINT ( 'NONE',  ( -18.18653347947321208, 0.4999999999999900080, -2.249969002532633322 ) ) ;
#1153 = LINE ( 'NONE', #1746, #1140 ) ;
#1154 = ORIENTED_EDGE ( 'NONE', *, *, #1774, .T. ) ;
#1155 = EDGE_CURVE ( 'NONE', #509, #3415, #3698, .T. ) ;
#1156 = DIRECTION ( 'NONE',  ( -0.0000000000000000000, -0.0000000000000000000, -1.000000000000000000 ) ) ;
#1157 = CARTESIAN_POINT ( 'NONE',  ( -9.526279441628828337, 15.50000000000000711, 3.250000000000013323 ) ) ;
#1158 = ADVANCED_FACE ( 'NONE', ( #1285 ), #2508, .F. ) ;
#1159 = EDGE_CURVE ( 'NONE', #1018, #1772, #2928, .T. ) ;
#1160 = ORIENTED_EDGE ( 'NONE', *, *, #3599, .T. ) ;
#1161 =( BOUNDED_CURVE ( )  B_SPLINE_CURVE ( 3, ( #1455, #3278, #3886, #1720 ),
 .UNSPECIFIED., .F., .T. ) 
 B_SPLINE_CURVE_WITH_KNOTS ( ( 4, 4 ),
 ( 0.0000000000000000000, 0.3517440242795607519 ),
 .UNSPECIFIED. ) 
 CURVE ( )  GEOMETRIC_REPRESENTATION_ITEM ( )  RATIONAL_B_SPLINE_CURVE ( ( 1.000000000000000000, 0.9897162267460037910, 0.9897162267460037910, 1.000000000000000000 ) ) 
 REPRESENTATION_ITEM ( '' )  );
#1162 = CARTESIAN_POINT ( 'NONE',  ( 9.531295722207017818, -15.49131154717357717, -2.250000000000000444 ) ) ;
#1163 = CARTESIAN_POINT ( 'NONE',  ( 18.18151719889504037, 0.5086884528264364880, -2.250000000000002665 ) ) ;
#1164 = EDGE_LOOP ( 'NONE', ( #519, #1279, #2787, #2556, #885, #3233 ) ) ;
#1165 = VERTEX_POINT ( 'NONE', #2548 ) ;
#1166 = LINE ( 'NONE', #252, #1189 ) ;
#1167 = CARTESIAN_POINT ( 'NONE',  ( 9.093266739736627358, 15.25000000000002132, 3.750000000000000000 ) ) ;
#1168 = CARTESIAN_POINT ( 'NONE',  ( -10.31726034107592405, -17.52460684831768489, 0.1322285981425036505 ) ) ;
#1169 = DIRECTION ( 'NONE',  ( 0.0000000000000000000, 0.0000000000000000000, -1.000000000000000000 ) ) ;
#1170 = ORIENTED_EDGE ( 'NONE', *, *, #689, .F. ) ;
#1171 = EDGE_CURVE ( 'NONE', #2825, #375, #1406, .T. ) ;
#1172 = DIRECTION ( 'NONE',  ( -0.2961981327260216901, -0.1710100716628332185, -0.9396926207859093161 ) ) ;
#1173 = DIRECTION ( 'NONE',  ( 0.0000000000000000000, -0.3420201433256656043, 0.9396926207859095381 ) ) ;
#1174 = DIRECTION ( 'NONE',  ( -1.877893248421449775E-16, 1.000000000000000000, 0.0000000000000000000 ) ) ;
#1175 = CIRCLE ( 'NONE', #466, 1.549999999999998490 ) ;
#1176 = EDGE_CURVE ( 'NONE', #730, #3828, #1166, .T. ) ;
#1177 = AXIS2_PLACEMENT_3D ( 'NONE', #2202, #139, #2635 ) ;
#1178 = EDGE_LOOP ( 'NONE', ( #670, #2160, #2683, #3336 ) ) ;
#1179 = CARTESIAN_POINT ( 'NONE',  ( -6.075000000000051692, 10.52220865598089894, 0.7499999999999997780 ) ) ;
#1180 = CARTESIAN_POINT ( 'NONE',  ( 0.0000000000000000000, 16.00000000000000711, 0.7500000000000006661 ) ) ;
#1181 = ORIENTED_EDGE ( 'NONE', *, *, #3992, .T. ) ;
#1182 = ORIENTED_EDGE ( 'NONE', *, *, #3248, .F. ) ;
#1183 =( BOUNDED_CURVE ( )  B_SPLINE_CURVE ( 3, ( #1237, #1532, #3660, #921 ),
 .UNSPECIFIED., .F., .F. ) 
 B_SPLINE_CURVE_WITH_KNOTS ( ( 4, 4 ),
 ( 2.067382311380871687E-16, 0.3517440242795608629 ),
 .UNSPECIFIED. ) 
 CURVE ( )  GEOMETRIC_REPRESENTATION_ITEM ( )  RATIONAL_B_SPLINE_CURVE ( ( 1.000000000000000000, 0.9897162267460037910, 0.9897162267460037910, 1.000000000000000000 ) ) 
 REPRESENTATION_ITEM ( '' )  );
#1184 = CONICAL_SURFACE ( 'NONE', #3767, 9.000000000000000000, 0.7853981633974517207 ) ;
#1185 = CARTESIAN_POINT ( 'NONE',  ( -9.429158753284838212, -15.64529536273048826, -2.250212000460412476 ) ) ;
#1186 = CARTESIAN_POINT ( 'NONE',  ( 18.18653347947321919, 0.5000000000000054401, 0.7499690025326365417 ) ) ;
#1187 = PLANE ( 'NONE',  #822 ) ;
#1188 = EDGE_LOOP ( 'NONE', ( #1128, #2577, #652, #1355 ) ) ;
#1189 = VECTOR ( 'NONE', #1474, 1000.000000000000000 ) ;
#1190 = FACE_OUTER_BOUND ( 'NONE', #1646, .T. ) ;
#1191 = CARTESIAN_POINT ( 'NONE',  ( -8.552519010925422549, 17.18660254037845192, -2.249999999999999556 ) ) ;
#1192 = VECTOR ( 'NONE', #784, 1000.000000000000114 ) ;
#1193 = CARTESIAN_POINT ( 'NONE',  ( 8.645208041581986080, -16.00000000000000711, -2.249999999999999556 ) ) ;
#1194 = CIRCLE ( 'NONE', #424, 9.000000000000000000 ) ;
#1195 = EDGE_CURVE ( 'NONE', #3556, #3726, #315, .T. ) ;
#1196 = VECTOR ( 'NONE', #1857, 1000.000000000000114 ) ;
#1197 = VECTOR ( 'NONE', #823, 1000.000000000000114 ) ;
#1198 = ADVANCED_FACE ( 'NONE', ( #2104 ), #925, .F. ) ;
#1199 = VERTEX_POINT ( 'NONE', #2709 ) ;
#1200 = LINE ( 'NONE', #3997, #2407 ) ;
#1201 = DIRECTION ( 'NONE',  ( 1.000000000000000000, 0.0000000000000000000, 0.0000000000000000000 ) ) ;
#1202 = VERTEX_POINT ( 'NONE', #3944 ) ;
#1203 = ORIENTED_EDGE ( 'NONE', *, *, #1640, .T. ) ;
#1204 = LINE ( 'NONE', #947, #1254 ) ;
#1205 = CARTESIAN_POINT ( 'NONE',  ( -8.074999999999992184, -10.52220865598098776, 3.750000000000001332 ) ) ;
#1206 = CARTESIAN_POINT ( 'NONE',  ( 9.531295722207012489, 15.49131154717357362, -2.250000000000001776 ) ) ;
#1207 = DIRECTION ( 'NONE',  ( 0.4999999999999996114, 0.8660254037844388186, -0.0000000000000000000 ) ) ;
#1208 = ORIENTED_EDGE ( 'NONE', *, *, #2506, .F. ) ;
#1209 = EDGE_CURVE ( 'NONE', #3525, #1307, #1536, .T. ) ;
#1210 = FACE_OUTER_BOUND ( 'NONE', #184, .T. ) ;
#1211 = DIRECTION ( 'NONE',  ( -0.9537419254229481114, 0.0000000000000000000, -0.3006265784832201082 ) ) ;
#1212 = FACE_OUTER_BOUND ( 'NONE', #991, .T. ) ;
#1213 = ORIENTED_EDGE ( 'NONE', *, *, #2871, .T. ) ;
#1214 = VERTEX_POINT ( 'NONE', #1496 ) ;
#1215 = VERTEX_POINT ( 'NONE', #1862 ) ;
#1216 = LINE ( 'NONE', #2401, #2224 ) ;
#1217 = EDGE_CURVE ( 'NONE', #2242, #2764, #2751, .T. ) ;
#1218 = CARTESIAN_POINT ( 'NONE',  ( -13.42339375865879347, -7.750000000000005329, -3.750000000000000000 ) ) ;
#1219 = ORIENTED_EDGE ( 'NONE', *, *, #1687, .F. ) ;
#1220 = VERTEX_POINT ( 'NONE', #2408 ) ;
#1221 = CARTESIAN_POINT ( 'NONE',  ( 9.237604307034022355, -16.00000000000001066, -3.249999999999999556 ) ) ;
#1222 = ADVANCED_FACE ( 'NONE', ( #2689 ), #3326, .F. ) ;
#1223 = DIRECTION ( 'NONE',  ( 0.0000000000000000000, 0.0000000000000000000, 1.000000000000000000 ) ) ;
#1224 = PLANE ( 'NONE',  #1357 ) ;
#1225 = ORIENTED_EDGE ( 'NONE', *, *, #9, .T. ) ;
#1226 = FACE_OUTER_BOUND ( 'NONE', #263, .T. ) ;
#1227 = DIRECTION ( 'NONE',  ( -0.9537419254229481114, -3.505886004488656011E-16, -0.3006265784832201082 ) ) ;
#1228 = FILL_AREA_STYLE ('',( #3988 ) ) ;
#1229 = EDGE_LOOP ( 'NONE', ( #3510, #1324, #2852, #156 ) ) ;
#1230 = VECTOR ( 'NONE', #2774, 1000.000000000000000 ) ;
#1231 = CARTESIAN_POINT ( 'NONE',  ( 10.60777489925119710, 18.00000000000001066, -1.522059531467601756 ) ) ;
#1232 = CARTESIAN_POINT ( 'NONE',  ( 10.15000000000000036, 2.449293598294706414E-16, 0.7499999999999997780 ) ) ;
#1233 = ORIENTED_EDGE ( 'NONE', *, *, #67, .T. ) ;
#1234 = EDGE_LOOP ( 'NONE', ( #1208, #1181, #3036 ) ) ;
#1235 = DIRECTION ( 'NONE',  ( -0.7071067811865425767, 0.0000000000000000000, -0.7071067811865525687 ) ) ;
#1236 = AXIS2_PLACEMENT_3D ( 'NONE', #1527, #2182, #1852 ) ;
#1237 = CARTESIAN_POINT ( 'NONE',  ( 19.91858428704210837, -1.499999999999984013, 0.02205953146760110395 ) ) ;
#1238 = EDGE_LOOP ( 'NONE', ( #1710, #1346, #2791, #3113 ) ) ;
#1239 = VERTEX_POINT ( 'NONE', #2171 ) ;
#1240 = CIRCLE ( 'NONE', #81, 1.000000000000000888 ) ;
#1241 = ADVANCED_FACE ( 'NONE', ( #3646 ), #1894, .F. ) ;
#1242 = CIRCLE ( 'NONE', #471, 9.500000000000008882 ) ;
#1243 = DIRECTION ( 'NONE',  ( -0.4999999999999993894, -0.8660254037844389297, -0.0000000000000000000 ) ) ;
#1244 = CARTESIAN_POINT ( 'NONE',  ( 6.750000000000058620, 11.69134295108989363, -3.750000000000000000 ) ) ;
#1245 = DIRECTION ( 'NONE',  ( 1.000000000000000000, 0.0000000000000000000, 0.0000000000000000000 ) ) ;
#1246 = AXIS2_PLACEMENT_3D ( 'NONE', #1722, #2917, #2006 ) ;
#1247 = DIRECTION ( 'NONE',  ( 0.0000000000000000000, 0.0000000000000000000, -1.000000000000000000 ) ) ;
#1248 = ORIENTED_EDGE ( 'NONE', *, *, #1918, .F. ) ;
#1249 = EDGE_CURVE ( 'NONE', #148, #2478, #577, .T. ) ;
#1250 = VECTOR ( 'NONE', #3103, 1000.000000000000000 ) ;
#1251 = DIRECTION ( 'NONE',  ( 0.0000000000000000000, 0.0000000000000000000, 1.000000000000000000 ) ) ;
#1252 = DIRECTION ( 'NONE',  ( -0.0000000000000000000, -0.0000000000000000000, 1.000000000000000000 ) ) ;
#1253 = EDGE_LOOP ( 'NONE', ( #2116, #3999, #443, #2956, #3261, #1376 ) ) ;
#1254 = VECTOR ( 'NONE', #622, 1000.000000000000227 ) ;
#1255 = DIRECTION ( 'NONE',  ( -0.4999999999999996114, -0.8660254037844388186, 0.0000000000000000000 ) ) ;
#1256 = DIRECTION ( 'NONE',  ( -0.9537419254229483334, -4.831685012272694599E-16, 0.3006265784832193311 ) ) ;
#1257 = VECTOR ( 'NONE', #2394, 1000.000000000000227 ) ;
#1258 = VERTEX_POINT ( 'NONE', #868 ) ;
#1259 = VERTEX_POINT ( 'NONE', #3057 ) ;
#1260 = DIRECTION ( 'NONE',  ( 0.0000000000000000000, 0.0000000000000000000, 1.000000000000000000 ) ) ;
#1261 = CARTESIAN_POINT ( 'NONE',  ( -20.27631591763466545, -0.5130302149885040963, -1.588913661505112485 ) ) ;
#1262 = EDGE_LOOP ( 'NONE', ( #962, #2693, #1500, #3743 ) ) ;
#1263 = VERTEX_POINT ( 'NONE', #2148 ) ;
#1264 = EDGE_CURVE ( 'NONE', #1735, #2482, #1204, .T. ) ;
#1265 = DIRECTION ( 'NONE',  ( -1.000000000000000000, 0.0000000000000000000, 0.0000000000000000000 ) ) ;
#1266 = CARTESIAN_POINT ( 'NONE',  ( -8.660254037844369535, -18.00000000000001421, 0.02205953146760110395 ) ) ;
#1267 = CARTESIAN_POINT ( 'NONE',  ( -8.660254037844389075, 15.00000000000000711, -3.750000000000000000 ) ) ;
#1268 = CARTESIAN_POINT ( 'NONE',  ( -19.16029391017660188, 1.186602540378433046, -2.249999999999999556 ) ) ;
#1269 = EDGE_CURVE ( 'NONE', #2688, #951, #2795, .T. ) ;
#1270 = EDGE_LOOP ( 'NONE', ( #3025, #1614, #787, #1932 ) ) ;
#1271 = DIRECTION ( 'NONE',  ( 0.0000000000000000000, 0.0000000000000000000, -1.000000000000000000 ) ) ;
#1272 = CARTESIAN_POINT ( 'NONE',  ( 8.660254037844396180, -16.00000000000001066, -2.249969002532632878 ) ) ;
#1273 = CARTESIAN_POINT ( 'NONE',  ( 9.693860759728320176, 17.81631978732466237, -1.588913661505112929 ) ) ;
#1274 = EDGE_CURVE ( 'NONE', #1413, #44, #3314, .T. ) ;
#1275 = ORIENTED_EDGE ( 'NONE', *, *, #683, .F. ) ;
#1276 = DIRECTION ( 'NONE',  ( 0.0000000000000000000, 0.0000000000000000000, -1.000000000000000000 ) ) ;
#1277 = FACE_OUTER_BOUND ( 'NONE', #1070, .T. ) ;
#1278 = EDGE_CURVE ( 'NONE', #3013, #1259, #1400, .T. ) ;
#1279 = ORIENTED_EDGE ( 'NONE', *, *, #2096, .T. ) ;
#1280 = EDGE_LOOP ( 'NONE', ( #3941, #2649, #1233, #1301, #942 ) ) ;
#1281 = DIRECTION ( 'NONE',  ( 0.4999999999999996114, 0.8660254037844388186, 0.0000000000000000000 ) ) ;
#1282 = EDGE_CURVE ( 'NONE', #895, #860, #903, .T. ) ;
#1283 = EDGE_LOOP ( 'NONE', ( #2000, #3307, #470, #286 ) ) ;
#1284 = CARTESIAN_POINT ( 'NONE',  ( 18.17901048134201858, -0.5130302149884899965, -2.249999999999999556 ) ) ;
#1285 = FACE_OUTER_BOUND ( 'NONE', #980, .T. ) ;
#1286 = LINE ( 'NONE', #1047, #2844 ) ;
#1287 = CARTESIAN_POINT ( 'NONE',  ( 10.28456981849431351, -18.18660254037845192, -1.522059531467601756 ) ) ;
#1288 = ORIENTED_EDGE ( 'NONE', *, *, #3724, .T. ) ;
#1289 = DIRECTION ( 'NONE',  ( 0.0000000000000000000, 0.0000000000000000000, -1.000000000000000000 ) ) ;
#1290 = CYLINDRICAL_SURFACE ( 'NONE', #3745, 1.999999999999994893 ) ;
#1291 = DIRECTION ( 'NONE',  ( 0.8660254037844384856, -0.5000000000000002220, 0.0000000000000000000 ) ) ;
#1292 = VERTEX_POINT ( 'NONE', #3076 ) ;
#1293 = ADVANCED_FACE ( 'NONE', ( #597 ), #1517, .F. ) ;
#1294 = CARTESIAN_POINT ( 'NONE',  ( -6.075000000000001066, -10.52220865598098776, 0.7499999999999997780 ) ) ;
#1295 = DIRECTION ( 'NONE',  ( 1.000000000000000000, 0.0000000000000000000, 0.0000000000000000000 ) ) ;
#1296 = ORIENTED_EDGE ( 'NONE', *, *, #2105, .F. ) ;
#1297 = EDGE_LOOP ( 'NONE', ( #2989, #1104, #3054, #1585 ) ) ;
#1298 = EDGE_CURVE ( 'NONE', #3726, #3089, #3760, .T. ) ;
#1299 = CARTESIAN_POINT ( 'NONE',  ( 10.28456981849431351, -18.18660254037845192, 0.02205953146760110395 ) ) ;
#1300 = AXIS2_PLACEMENT_3D ( 'NONE', #2236, #3790, #3747 ) ;
#1301 = ORIENTED_EDGE ( 'NONE', *, *, #607, .F. ) ;
#1302 = VECTOR ( 'NONE', #3281, 1000.000000000000000 ) ;
#1303 = CARTESIAN_POINT ( 'NONE',  ( 9.749999999999944933, -11.69134295108995580, -3.750000000000000000 ) ) ;
#1304 = DIRECTION ( 'NONE',  ( -0.4999999999999993894, -0.8660254037844389297, 0.0000000000000000000 ) ) ;
#1305 = DIRECTION ( 'NONE',  ( -0.4768709627114737781, -0.8259647360705567598, -0.3006265784832201082 ) ) ;
#1306 = DIRECTION ( 'NONE',  ( -1.000000000000000000, 0.0000000000000000000, 0.0000000000000000000 ) ) ;
#1307 = VERTEX_POINT ( 'NONE', #1964 ) ;
#1308 = CIRCLE ( 'NONE', #2720, 0.5000000000000213163 ) ;
#1309 = VECTOR ( 'NONE', #496, 1000.000000000000000 ) ;
#1310 = DIRECTION ( 'NONE',  ( -1.000000000000000000, 0.0000000000000000000, 0.0000000000000000000 ) ) ;
#1311 = CARTESIAN_POINT ( 'NONE',  ( 9.235284720177622475, 15.82273752006139311, -2.251735376507373765 ) ) ;
#1312 = CARTESIAN_POINT ( 'NONE',  ( 9.526279441628835443, -15.50000000000001066, 3.750000000000000000 ) ) ;
#1313 = ORIENTED_EDGE ( 'NONE', *, *, #2639, .T. ) ;
#1314 =( BOUNDED_CURVE ( )  B_SPLINE_CURVE ( 3, ( #2712, #3002, #3306, #2944 ),
 .UNSPECIFIED., .F., .F. ) 
 B_SPLINE_CURVE_WITH_KNOTS ( ( 4, 4 ),
 ( 4.060463687728907090, 4.064870359827955859 ),
 .UNSPECIFIED. ) 
 CURVE ( )  GEOMETRIC_REPRESENTATION_ITEM ( )  RATIONAL_B_SPLINE_CURVE ( ( 1.000000000000000000, 0.9999983817707388534, 0.9999983817707388534, 1.000000000000000000 ) ) 
 REPRESENTATION_ITEM ( '' )  );
#1315 = CARTESIAN_POINT ( 'NONE',  ( -20.32050807568876749, -5.204170427930421283E-15, -1.621319514659572469 ) ) ;
#1316 = CARTESIAN_POINT ( 'NONE',  ( -9.533802439760012959, -15.48696978501151023, 0.7500000000000008882 ) ) ;
#1317 = EDGE_CURVE ( 'NONE', #3254, #2164, #700, .T. ) ;
#1318 = ORIENTED_EDGE ( 'NONE', *, *, #2286, .F. ) ;
#1319 = AXIS2_PLACEMENT_3D ( 'NONE', #1907, #2752, #2490 ) ;
#1320 = ORIENTED_EDGE ( 'NONE', *, *, #2970, .F. ) ;
#1321 = CARTESIAN_POINT ( 'NONE',  ( 17.75352077758102354, -0.2500000000000043299, 3.750000000000000000 ) ) ;
#1322 = AXIS2_PLACEMENT_3D ( 'NONE', #572, #232, #3959 ) ;
#1323 = EDGE_CURVE ( 'NONE', #2848, #829, #1138, .T. ) ;
#1324 = ORIENTED_EDGE ( 'NONE', *, *, #3335, .F. ) ;
#1325 = AXIS2_PLACEMENT_3D ( 'NONE', #2108, #1766, #2373 ) ;
#1326 = CARTESIAN_POINT ( 'NONE',  ( 10.58245515790638258, -17.30328957233616549, -1.588913661505111818 ) ) ;
#1327 = DIRECTION ( 'NONE',  ( -0.0000000000000000000, -0.0000000000000000000, -1.000000000000000000 ) ) ;
#1328 = DIRECTION ( 'NONE',  ( 0.9537419254229482224, 0.0000000000000000000, -0.3006265784832193866 ) ) ;
#1329 = CARTESIAN_POINT ( 'NONE',  ( 8.660254037844396180, -18.00000000000001066, 0.02205953146760110395 ) ) ;
#1330 = VERTEX_POINT ( 'NONE', #1284 ) ;
#1331 = DIRECTION ( 'NONE',  ( -1.000000000000000000, 0.0000000000000000000, 0.0000000000000000000 ) ) ;
#1332 = DIRECTION ( 'NONE',  ( -0.0000000000000000000, -0.0000000000000000000, -1.000000000000000000 ) ) ;
#1333 = CARTESIAN_POINT ( 'NONE',  ( -11.25833024919770331, 16.50000000000000711, 0.02205953146760110395 ) ) ;
#1334 = ORIENTED_EDGE ( 'NONE', *, *, #3634, .F. ) ;
#1335 = ADVANCED_FACE ( 'NONE', ( #1581 ), #3506, .F. ) ;
#1336 = PLANE ( 'NONE',  #2982 ) ;
#1337 = CARTESIAN_POINT ( 'NONE',  ( 19.91858428704210482, 1.500000000000013989, 0.02205953146760110395 ) ) ;
#1338 = CARTESIAN_POINT ( 'NONE',  ( -10.60777489925117045, -16.00000000000001066, 0.7500000000000006661 ) ) ;
#1339 = ORIENTED_EDGE ( 'NONE', *, *, #3934, .T. ) ;
#1340 = LINE ( 'NONE', #3463, #2603 ) ;
#1341 = ORIENTED_EDGE ( 'NONE', *, *, #902, .F. ) ;
#1342 = EDGE_CURVE ( 'NONE', #1866, #1239, #169, .T. ) ;
#1343 = DIRECTION ( 'NONE',  ( 0.0000000000000000000, -1.000000000000000000, 0.0000000000000000000 ) ) ;
#1344 = DIRECTION ( 'NONE',  ( -1.000000000000000000, -0.0000000000000000000, -0.0000000000000000000 ) ) ;
#1345 = CYLINDRICAL_SURFACE ( 'NONE', #3692, 1.549999999999999378 ) ;
#1346 = ORIENTED_EDGE ( 'NONE', *, *, #1586, .F. ) ;
#1347 = ORIENTED_EDGE ( 'NONE', *, *, #2280, .T. ) ;
#1348 = EDGE_CURVE ( 'NONE', #2486, #2688, #418, .T. ) ;
#1349 = FACE_OUTER_BOUND ( 'NONE', #1433, .T. ) ;
#1350 = ORIENTED_EDGE ( 'NONE', *, *, #1298, .T. ) ;
#1351 = LINE ( 'NONE', #1407, #2657 ) ;
#1352 = DIRECTION ( 'NONE',  ( -0.5000000000000002220, 0.8660254037844384856, -0.0000000000000000000 ) ) ;
#1353 = CARTESIAN_POINT ( 'NONE',  ( 17.32050807568878881, 1.452830911130575942E-14, 0.02205953146760110395 ) ) ;
#1354 = EDGE_LOOP ( 'NONE', ( #956, #3914, #538, #3048, #3975, #3420 ) ) ;
#1355 = ORIENTED_EDGE ( 'NONE', *, *, #1879, .F. ) ;
#1356 = CARTESIAN_POINT ( 'NONE',  ( -20.27631591763466545, 0.5130302149884923280, -1.588913661505111596 ) ) ;
#1357 = AXIS2_PLACEMENT_3D ( 'NONE', #563, #1795, #1782 ) ;
#1358 = FACE_OUTER_BOUND ( 'NONE', #3584, .T. ) ;
#1359 = ORIENTED_EDGE ( 'NONE', *, *, #3195, .T. ) ;
#1360 = EDGE_CURVE ( 'NONE', #2014, #2471, #2507, .T. ) ;
#1361 = CARTESIAN_POINT ( 'NONE',  ( -11.25833024919770331, 16.50000000000000711, -1.522059531467601756 ) ) ;
#1362 = AXIS2_PLACEMENT_3D ( 'NONE', #3677, #1491, #2767 ) ;
#1363 = ORIENTED_EDGE ( 'NONE', *, *, #2200, .T. ) ;
#1364 = DIRECTION ( 'NONE',  ( 0.0000000000000000000, 0.0000000000000000000, -1.000000000000000000 ) ) ;
#1365 = CARTESIAN_POINT ( 'NONE',  ( -9.085250289697542669, 15.90935993888677835, -2.251735376507371988 ) ) ;
#1366 = DIRECTION ( 'NONE',  ( -0.0000000000000000000, -0.0000000000000000000, 1.000000000000000000 ) ) ;
#1367 = EDGE_LOOP ( 'NONE', ( #1760, #2420, #602, #1005 ) ) ;
#1368 = EDGE_CURVE ( 'NONE', #3621, #3384, #3141, .T. ) ;
#1369 = CARTESIAN_POINT ( 'NONE',  ( 11.25833024919771574, 16.50000000000001066, -1.522059531467601756 ) ) ;
#1370 = DIRECTION ( 'NONE',  ( 0.5000000000000004441, -0.8660254037844383745, -0.0000000000000000000 ) ) ;
#1371 = CARTESIAN_POINT ( 'NONE',  ( 20.27631591763469032, -0.5130302149884853335, -1.588913661505111596 ) ) ;
#1372 = ORIENTED_EDGE ( 'NONE', *, *, #2291, .F. ) ;
#1373 = LINE ( 'NONE', #3022, #3640 ) ;
#1374 = EDGE_CURVE ( 'NONE', #2483, #3397, #660, .T. ) ;
#1375 = CIRCLE ( 'NONE', #3899, 1.000000000000000888 ) ;
#1376 = ORIENTED_EDGE ( 'NONE', *, *, #3612, .T. ) ;
#1377 = PLANE ( 'NONE',  #1762 ) ;
#1378 = LINE ( 'NONE', #3847, #3879 ) ;
#1379 = ORIENTED_EDGE ( 'NONE', *, *, #937, .T. ) ;
#1380 = LINE ( 'NONE', #456, #2396 ) ;
#1381 = VERTEX_POINT ( 'NONE', #3122 ) ;
#1382 = LINE ( 'NONE', #3265, #265 ) ;
#1383 = CARTESIAN_POINT ( 'NONE',  ( 20.27631591763469032, -0.5130302149884844454, 0.08891366150511059718 ) ) ;
#1384 = DIRECTION ( 'NONE',  ( -1.000000000000000000, -1.877893248421449775E-16, 0.0000000000000000000 ) ) ;
#1385 = DIRECTION ( 'NONE',  ( 1.000000000000000000, 0.0000000000000000000, -0.0000000000000000000 ) ) ;
#1386 = VERTEX_POINT ( 'NONE', #2834 ) ;
#1387 = EDGE_CURVE ( 'NONE', #1215, #3415, #3770, .T. ) ;
#1388 = DIRECTION ( 'NONE',  ( -0.0000000000000000000, -0.0000000000000000000, -1.000000000000000000 ) ) ;
#1389 = DIRECTION ( 'NONE',  ( -0.0000000000000000000, -0.0000000000000000000, -1.000000000000000000 ) ) ;
#1390 = CARTESIAN_POINT ( 'NONE',  ( -9.693860759728305965, 17.81631978732466592, -1.588913661505111818 ) ) ;
#1391 = ORIENTED_EDGE ( 'NONE', *, *, #3431, .T. ) ;
#1392 = EDGE_CURVE ( 'NONE', #2327, #2278, #550, .T. ) ;
#1393 = DIRECTION ( 'NONE',  ( -1.000000000000000000, 0.0000000000000000000, 0.0000000000000000000 ) ) ;
#1394 = ORIENTED_EDGE ( 'NONE', *, *, #475, .T. ) ;
#1395 = FACE_OUTER_BOUND ( 'NONE', #1147, .T. ) ;
#1396 = CARTESIAN_POINT ( 'NONE',  ( 19.91858428704210837, -1.499999999999984013, -1.522059531467601756 ) ) ;
#1397 = EDGE_LOOP ( 'NONE', ( #1590, #3740, #3881, #3373 ) ) ;
#1398 = CARTESIAN_POINT ( 'NONE',  ( -10.28456981849430285, 18.18660254037845192, 0.02205953146760110395 ) ) ;
#1399 = ORIENTED_EDGE ( 'NONE', *, *, #2614, .T. ) ;
#1400 = B_SPLINE_CURVE_WITH_KNOTS ( 'NONE', 3,
 ( #2770, #1780, #1185, #3406, #3015, #2444, #294, #3031, #1839, #271 ),
 .UNSPECIFIED., .F., .F.,
 ( 4, 2, 2, 2, 4 ),
 ( 0.0000000000000000000, 0.0002607588621995469329, 0.0005215177243990938658, 0.0007822765865986407987, 0.001043035448798187732 ),
 .UNSPECIFIED. ) ;
#1401 = FACE_OUTER_BOUND ( 'NONE', #1888, .T. ) ;
#1402 = FACE_OUTER_BOUND ( 'NONE', #1262, .T. ) ;
#1403 = CARTESIAN_POINT ( 'NONE',  ( -10.58245515790634528, -17.30328957233617615, 0.08891366150511016697 ) ) ;
#1404 = CARTESIAN_POINT ( 'NONE',  ( 8.300000000000057554, 11.69134295108989363, -3.750000000000000000 ) ) ;
#1405 = ORIENTED_EDGE ( 'NONE', *, *, #2876, .T. ) ;
#1406 =( BOUNDED_CURVE ( )  B_SPLINE_CURVE ( 3, ( #3789, #1028, #701, #640 ),
 .UNSPECIFIED., .F., .T. ) 
 B_SPLINE_CURVE_WITH_KNOTS ( ( 4, 4 ),
 ( 6.111330555860848612, 6.283185307179586232 ),
 .UNSPECIFIED. ) 
 CURVE ( )  GEOMETRIC_REPRESENTATION_ITEM ( )  RATIONAL_B_SPLINE_CURVE ( ( 1.000000000000000000, 0.9975403426724787082, 0.9975403426724787082, 1.000000000000000000 ) ) 
 REPRESENTATION_ITEM ( '' )  );
#1407 = CARTESIAN_POINT ( 'NONE',  ( -18.18653347947320853, -0.5000000000000099920, 3.250000000000013767 ) ) ;
#1408 = CARTESIAN_POINT ( 'NONE',  ( -9.429158753284861305, 15.64529536273048116, 0.7502120004604162506 ) ) ;
#1409 = EDGE_CURVE ( 'NONE', #1258, #3727, #1621, .T. ) ;
#1410 =( BOUNDED_CURVE ( )  B_SPLINE_CURVE ( 3, ( #2696, #1749, #3331, #567 ),
 .UNSPECIFIED., .F., .T. ) 
 B_SPLINE_CURVE_WITH_KNOTS ( ( 4, 4 ),
 ( 3.141592653589793116, 3.493336677869353313 ),
 .UNSPECIFIED. ) 
 CURVE ( )  GEOMETRIC_REPRESENTATION_ITEM ( )  RATIONAL_B_SPLINE_CURVE ( ( 1.000000000000000000, 0.9897162267460039020, 0.9897162267460039020, 1.000000000000000000 ) ) 
 REPRESENTATION_ITEM ( '' )  );
#1411 = FACE_OUTER_BOUND ( 'NONE', #393, .T. ) ;
#1412 = ADVANCED_FACE ( 'NONE', ( #3805 ), #1923, .T. ) ;
#1413 = VERTEX_POINT ( 'NONE', #2854 ) ;
#1414 = DIRECTION ( 'NONE',  ( 0.9537419254229483334, 0.0000000000000000000, 0.3006265784832194421 ) ) ;
#1415 = DIRECTION ( 'NONE',  ( -0.0000000000000000000, -0.0000000000000000000, -1.000000000000000000 ) ) ;
#1416 = VERTEX_POINT ( 'NONE', #2489 ) ;
#1417 = CYLINDRICAL_SURFACE ( 'NONE', #735, 2.999999999999999556 ) ;
#1418 = VERTEX_POINT ( 'NONE', #3485 ) ;
#1419 = VECTOR ( 'NONE', #2004, 1000.000000000000000 ) ;
#1420 = CARTESIAN_POINT ( 'NONE',  ( -4.075000000000057909, 10.52220865598089894, 3.750000000000000000 ) ) ;
#1421 = CARTESIAN_POINT ( 'NONE',  ( -9.091507353750728271, -15.74695265408239031, -2.350431615653656436 ) ) ;
#1422 = LINE ( 'NONE', #2653, #199 ) ;
#1423 = DIRECTION ( 'NONE',  ( 0.0000000000000000000, 0.7071067811865525687, 0.7071067811865425767 ) ) ;
#1424 = VERTEX_POINT ( 'NONE', #1642 ) ;
#1425 = VECTOR ( 'NONE', #419, 1000.000000000000000 ) ;
#1426 = AXIS2_PLACEMENT_3D ( 'NONE', #3011, #618, #1553 ) ;
#1427 = CARTESIAN_POINT ( 'NONE',  ( 8.660254037844390851, 15.50000000000002842, 3.750000000000000000 ) ) ;
#1428 = LINE ( 'NONE', #3917, #3755 ) ;
#1429 = CARTESIAN_POINT ( 'NONE',  ( -20.21585196205656842, -0.8613914397885117369, 0.04457579361455055178 ) ) ;
#1430 = VECTOR ( 'NONE', #2700, 1000.000000000000000 ) ;
#1431 = ADVANCED_FACE ( 'NONE', ( #1942 ), #1826, .F. ) ;
#1432 = FACE_OUTER_BOUND ( 'NONE', #2838, .T. ) ;
#1433 = EDGE_LOOP ( 'NONE', ( #15, #1036, #392, #1488 ) ) ;
#1434 =( BOUNDED_CURVE ( )  B_SPLINE_CURVE ( 3, ( #2237, #3470, #2987, #878 ),
 .UNSPECIFIED., .F., .F. ) 
 B_SPLINE_CURVE_WITH_KNOTS ( ( 4, 4 ),
 ( 3.141592653589793116, 3.313447404908530292 ),
 .UNSPECIFIED. ) 
 CURVE ( )  GEOMETRIC_REPRESENTATION_ITEM ( )  RATIONAL_B_SPLINE_CURVE ( ( 1.000000000000000000, 0.9975403426724787082, 0.9975403426724787082, 1.000000000000000000 ) ) 
 REPRESENTATION_ITEM ( '' )  );
#1435 = DIRECTION ( 'NONE',  ( 0.0000000000000000000, 0.0000000000000000000, 1.000000000000000000 ) ) ;
#1436 = EDGE_CURVE ( 'NONE', #445, #3095, #3427, .T. ) ;
#1437 = CARTESIAN_POINT ( 'NONE',  ( -18.18653347947320853, 0.4999999999999900080, 3.750000000000000000 ) ) ;
#1438 = VECTOR ( 'NONE', #1304, 1000.000000000000114 ) ;
#1439 = ORIENTED_EDGE ( 'NONE', *, *, #1935, .T. ) ;
#1440 = DIRECTION ( 'NONE',  ( 0.8660254037844383745, 0.5000000000000005551, 0.0000000000000000000 ) ) ;
#1441 = CONICAL_SURFACE ( 'NONE', #3127, 0.5000000000000195399, 0.7853981633974418397 ) ;
#1442 = CARTESIAN_POINT ( 'NONE',  ( -8.660254037844389075, 15.00000000000000711, -3.750000000000000000 ) ) ;
#1443 = EDGE_CURVE ( 'NONE', #1899, #1773, #476, .T. ) ;
#1444 = CARTESIAN_POINT ( 'NONE',  ( 18.18151719889504392, -0.5086884528264203897, -2.250000000000000888 ) ) ;
#1445 = CARTESIAN_POINT ( 'NONE',  ( 6.749999999999944933, -11.69134295108995580, -0.6499999999999995781 ) ) ;
#1446 = DIRECTION ( 'NONE',  ( 0.0000000000000000000, 0.0000000000000000000, -1.000000000000000000 ) ) ;
#1447 = ORIENTED_EDGE ( 'NONE', *, *, #367, .T. ) ;
#1448 = VECTOR ( 'NONE', #2451, 1000.000000000000000 ) ;
#1449 = AXIS2_PLACEMENT_3D ( 'NONE', #14, #1608, #1291 ) ;
#1450 = EDGE_CURVE ( 'NONE', #3727, #150, #208, .T. ) ;
#1451 = LINE ( 'NONE', #2054, #1693 ) ;
#1452 = DIRECTION ( 'NONE',  ( -1.000000000000000000, -0.0000000000000000000, -0.0000000000000000000 ) ) ;
#1453 = CYLINDRICAL_SURFACE ( 'NONE', #10, 3.000000000000001332 ) ;
#1454 = VERTEX_POINT ( 'NONE', #806 ) ;
#1455 = CARTESIAN_POINT ( 'NONE',  ( -8.660254037844387298, 18.00000000000001066, 0.02205953146760110395 ) ) ;
#1456 = ORIENTED_EDGE ( 'NONE', *, *, #1755, .F. ) ;
#1457 = ORIENTED_EDGE ( 'NONE', *, *, #429, .T. ) ;
#1458 = ADVANCED_FACE ( 'NONE', ( #145 ), #2605, .F. ) ;
#1459 = DIRECTION ( 'NONE',  ( 0.0000000000000000000, 0.0000000000000000000, 1.000000000000000000 ) ) ;
#1460 = CARTESIAN_POINT ( 'NONE',  ( 12.15000000000000036, 0.0000000000000000000, 0.7499999999999997780 ) ) ;
#1461 = CARTESIAN_POINT ( 'NONE',  ( -18.30896767028147565, 0.1748110652332698356, -2.251279356348170335 ) ) ;
#1462 = LINE ( 'NONE', #3627, #1830 ) ;
#1463 = VERTEX_POINT ( 'NONE', #3544 ) ;
#1464 = ADVANCED_FACE ( 'NONE', ( #3562, #2643, #2954, #1068, #2044, #1126, #3235, #438 ), #2935, .T. ) ;
#1465 = CARTESIAN_POINT ( 'NONE',  ( -10.60777489925117045, -18.00000000000001421, 0.02205953146760110395 ) ) ;
#1466 = DIRECTION ( 'NONE',  ( -0.0000000000000000000, -0.0000000000000000000, 1.000000000000000000 ) ) ;
#1467 = CARTESIAN_POINT ( 'NONE',  ( -10.60777489925117045, -18.00000000000001421, 0.02205953146760110395 ) ) ;
#1468 = ORIENTED_EDGE ( 'NONE', *, *, #2180, .T. ) ;
#1469 = B_SPLINE_CURVE_WITH_KNOTS ( 'NONE', 3,
 ( #42, #1593, #977, #101, #1632, #694 ),
 .UNSPECIFIED., .F., .F.,
 ( 4, 2, 4 ),
 ( 1.192622389734054877E-18, 0.0002606036944344084535, 0.0005212073888688157144 ),
 .UNSPECIFIED. ) ;
#1470 = CARTESIAN_POINT ( 'NONE',  ( -16.50000000000000000, 7.041308691801725122E-14, -3.750000000000000000 ) ) ;
#1471 = ORIENTED_EDGE ( 'NONE', *, *, #532, .F. ) ;
#1472 = EDGE_LOOP ( 'NONE', ( #2334, #2369, #2551 ) ) ;
#1473 = ADVANCED_FACE ( 'NONE', ( #500 ), #1087, .F. ) ;
#1474 = DIRECTION ( 'NONE',  ( -0.0000000000000000000, -0.0000000000000000000, 1.000000000000000000 ) ) ;
#1475 = DIRECTION ( 'NONE',  ( 1.000000000000000000, 1.877893248421449775E-16, -0.0000000000000000000 ) ) ;
#1476 = DIRECTION ( 'NONE',  ( 0.8660254037844383745, 0.5000000000000004441, -0.0000000000000000000 ) ) ;
#1477 = CARTESIAN_POINT ( 'NONE',  ( -20.89234471774548041, 0.1866025403784304926, 0.02205953146760110395 ) ) ;
#1478 = EDGE_CURVE ( 'NONE', #2245, #2848, #3586, .T. ) ;
#1479 = ORIENTED_EDGE ( 'NONE', *, *, #304, .F. ) ;
#1480 = FACE_OUTER_BOUND ( 'NONE', #1998, .T. ) ;
#1481 = CARTESIAN_POINT ( 'NONE',  ( 8.645208041581987857, 16.00000000000000711, -2.249999999999999556 ) ) ;
#1482 = FACE_OUTER_BOUND ( 'NONE', #3359, .T. ) ;
#1483 = AXIS2_PLACEMENT_3D ( 'NONE', #3893, #1095, #2316 ) ;
#1484 = ADVANCED_FACE ( 'NONE', ( #1719 ), #1441, .T. ) ;
#1485 = VECTOR ( 'NONE', #2010, 999.9999999999998863 ) ;
#1486 = VECTOR ( 'NONE', #3086, 1000.000000000000114 ) ;
#1487 = ORIENTED_EDGE ( 'NONE', *, *, #338, .T. ) ;
#1488 = ORIENTED_EDGE ( 'NONE', *, *, #3151, .F. ) ;
#1489 = CARTESIAN_POINT ( 'NONE',  ( -10.60777489925117045, -16.00000000000001066, -2.249999999999999556 ) ) ;
#1490 = ADVANCED_FACE ( 'NONE', ( #1395 ), #1377, .F. ) ;
#1491 = DIRECTION ( 'NONE',  ( -0.0000000000000000000, -0.0000000000000000000, -1.000000000000000000 ) ) ;
#1492 = ORIENTED_EDGE ( 'NONE', *, *, #3168, .F. ) ;
#1493 = AXIS2_PLACEMENT_3D ( 'NONE', #958, #1039, #2260 ) ;
#1494 = ORIENTED_EDGE ( 'NONE', *, *, #743, .T. ) ;
#1495 = CIRCLE ( 'NONE', #1696, 3.000000000000000000 ) ;
#1496 = CARTESIAN_POINT ( 'NONE',  ( -9.500000000000001776, 0.0000000000000000000, -3.750000000000000000 ) ) ;
#1497 = CARTESIAN_POINT ( 'NONE',  ( -6.075000000000052580, 10.52220865598089894, -0.4517212380551211548 ) ) ;
#1498 = PLANE ( 'NONE',  #2777 ) ;
#1499 = DIRECTION ( 'NONE',  ( -0.0000000000000000000, -0.0000000000000000000, 1.000000000000000000 ) ) ;
#1500 = ORIENTED_EDGE ( 'NONE', *, *, #307, .F. ) ;
#1501 = CYLINDRICAL_SURFACE ( 'NONE', #19, 1.000000000000000888 ) ;
#1502 = CARTESIAN_POINT ( 'NONE',  ( 10.28456981849431351, -18.18660254037845192, 0.02205953146760110395 ) ) ;
#1503 = VECTOR ( 'NONE', #2815, 1000.000000000000000 ) ;
#1504 = CARTESIAN_POINT ( 'NONE',  ( 19.91858428704210482, 1.500000000000013989, 0.02205953146760110395 ) ) ;
#1505 = ORIENTED_EDGE ( 'NONE', *, *, #1884, .F. ) ;
#1506 = VECTOR ( 'NONE', #1961, 1000.000000000000000 ) ;
#1507 = EDGE_CURVE ( 'NONE', #1947, #3294, #587, .T. ) ;
#1508 = CIRCLE ( 'NONE', #3780, 1.000000000000000888 ) ;
#1509 = CARTESIAN_POINT ( 'NONE',  ( 9.750000000000058620, 11.69134295108989363, -3.750000000000000000 ) ) ;
#1510 = VERTEX_POINT ( 'NONE', #2367 ) ;
#1511 = ORIENTED_EDGE ( 'NONE', *, *, #3393, .F. ) ;
#1512 = ADVANCED_FACE ( 'NONE', ( #3603 ), #3863, .T. ) ;
#1513 = CARTESIAN_POINT ( 'NONE',  ( -10.58245515790636837, 17.30328957233616549, 0.08891366150511145761 ) ) ;
#1514 = LINE ( 'NONE', #3339, #2453 ) ;
#1515 = ORIENTED_EDGE ( 'NONE', *, *, #178, .T. ) ;
#1516 = ORIENTED_EDGE ( 'NONE', *, *, #1976, .T. ) ;
#1517 = CYLINDRICAL_SURFACE ( 'NONE', #2664, 1.999999999999994005 ) ;
#1518 = DIRECTION ( 'NONE',  ( 0.4999999999999996114, 0.8660254037844388186, 0.0000000000000000000 ) ) ;
#1519 = DIRECTION ( 'NONE',  ( -0.5000000000000004441, 0.8660254037844383745, 0.0000000000000000000 ) ) ;
#1520 = DIRECTION ( 'NONE',  ( 0.9537419254229484444, 0.0000000000000000000, 0.3006265784832192756 ) ) ;
#1521 = ORIENTED_EDGE ( 'NONE', *, *, #2616, .T. ) ;
#1522 = CARTESIAN_POINT ( 'NONE',  ( 19.16029391017663031, -1.186602540378434822, 0.7500000000000006661 ) ) ;
#1523 = LINE ( 'NONE', #3714, #1962 ) ;
#1524 = DIRECTION ( 'NONE',  ( -0.0000000000000000000, -0.0000000000000000000, 1.000000000000000000 ) ) ;
#1525 = ORIENTED_EDGE ( 'NONE', *, *, #3766, .T. ) ;
#1526 = PRODUCT_DEFINITION ( '鏈', '', #924, #1875 ) ;
#1527 = CARTESIAN_POINT ( 'NONE',  ( -11.95000000000000462, 7.041308691801725122E-14, -0.6499999999999995781 ) ) ;
#1528 = EDGE_CURVE ( 'NONE', #918, #3066, #2938, .T. ) ;
#1529 = ORIENTED_EDGE ( 'NONE', *, *, #2824, .T. ) ;
#1530 = ORIENTED_EDGE ( 'NONE', *, *, #162, .F. ) ;
#1531 = CARTESIAN_POINT ( 'NONE',  ( 6.047675041939714724, 9.448820010328812913, -4.447706788025654667 ) ) ;
#1532 = CARTESIAN_POINT ( 'NONE',  ( 20.09536906641260856, -1.193799780125418097, 0.02205953146760092354 ) ) ;
#1533 = EDGE_CURVE ( 'NONE', #3500, #1692, #1983, .T. ) ;
#1534 = EDGE_LOOP ( 'NONE', ( #268, #3012, #113 ) ) ;
#1535 = ORIENTED_EDGE ( 'NONE', *, *, #3115, .F. ) ;
#1536 = LINE ( 'NONE', #3964, #3636 ) ;
#1537 = CYLINDRICAL_SURFACE ( 'NONE', #2662, 2.999999999999999112 ) ;
#1538 = CARTESIAN_POINT ( 'NONE',  ( -18.26373859750000150, -0.3433286581786600400, -2.250211326410857193 ) ) ;
#1539 = LINE ( 'NONE', #970, #3961 ) ;
#1540 = EDGE_LOOP ( 'NONE', ( #755, #457, #2463, #1838 ) ) ;
#1541 = DIRECTION ( 'NONE',  ( -0.0000000000000000000, -0.0000000000000000000, 1.000000000000000000 ) ) ;
#1542 = DIRECTION ( 'NONE',  ( 0.0000000000000000000, 0.7071067811865525687, 0.7071067811865425767 ) ) ;
#1543 = CARTESIAN_POINT ( 'NONE',  ( -20.09536906641259080, -1.193799780125440302, -1.522059531467601534 ) ) ;
#1544 = ORIENTED_EDGE ( 'NONE', *, *, #3877, .T. ) ;
#1545 = VECTOR ( 'NONE', #3143, 1000.000000000000114 ) ;
#1546 = DIRECTION ( 'NONE',  ( -0.0000000000000000000, -0.0000000000000000000, -1.000000000000000000 ) ) ;
#1547 = LINE ( 'NONE', #2785, #3108 ) ;
#1548 = AXIS2_PLACEMENT_3D ( 'NONE', #3620, #863, #1836 ) ;
#1549 = ORIENTED_EDGE ( 'NONE', *, *, #582, .F. ) ;
#1550 = ORIENTED_EDGE ( 'NONE', *, *, #2794, .T. ) ;
#1551 = EDGE_CURVE ( 'NONE', #2487, #1554, #48, .T. ) ;
#1552 = LINE ( 'NONE', #1321, #1072 ) ;
#1553 = DIRECTION ( 'NONE',  ( 1.000000000000000000, 0.0000000000000000000, 0.0000000000000000000 ) ) ;
#1554 = VERTEX_POINT ( 'NONE', #2912 ) ;
#1555 = VERTEX_POINT ( 'NONE', #2081 ) ;
#1556 = AXIS2_PLACEMENT_3D ( 'NONE', #275, #3364, #2754 ) ;
#1557 = EDGE_CURVE ( 'NONE', #1792, #1692, #3902, .T. ) ;
#1558 = DIRECTION ( 'NONE',  ( 1.000000000000000000, 0.0000000000000000000, 0.0000000000000000000 ) ) ;
#1559 = DIRECTION ( 'NONE',  ( 1.000000000000000000, 0.0000000000000000000, 0.0000000000000000000 ) ) ;
#1560 = CARTESIAN_POINT ( 'NONE',  ( 9.526279441628830114, 15.50000000000000711, -2.249969002532636431 ) ) ;
#1561 = CARTESIAN_POINT ( 'NONE',  ( 18.18151719889504037, 0.5086884528264407068, 0.7500000000000024425 ) ) ;
#1562 = ORIENTED_EDGE ( 'NONE', *, *, #3561, .T. ) ;
#1563 = EDGE_CURVE ( 'NONE', #1043, #3835, #2421, .T. ) ;
#1564 =( BOUNDED_CURVE ( )  B_SPLINE_CURVE ( 3, ( #1390, #736, #2619, #3858 ),
 .UNSPECIFIED., .F., .F. ) 
 B_SPLINE_CURVE_WITH_KNOTS ( ( 4, 4 ),
 ( 2.789848629310231587, 3.141592653589793116 ),
 .UNSPECIFIED. ) 
 CURVE ( )  GEOMETRIC_REPRESENTATION_ITEM ( )  RATIONAL_B_SPLINE_CURVE ( ( 1.000000000000000000, 0.9897162267460037910, 0.9897162267460037910, 1.000000000000000000 ) ) 
 REPRESENTATION_ITEM ( '' )  );
#1565 = LINE ( 'NONE', #2450, #1250 ) ;
#1566 = CARTESIAN_POINT ( 'NONE',  ( -18.18653347947321208, 0.4999999999999926170, 0.7499690025326329890 ) ) ;
#1567 = CARTESIAN_POINT ( 'NONE',  ( -6.075000000000001066, -10.52220865598098776, 0.7499999999999997780 ) ) ;
#1568 = EDGE_LOOP ( 'NONE', ( #1804, #2829 ) ) ;
#1569 = VECTOR ( 'NONE', #2569, 1000.000000000000114 ) ;
#1570 = ADVANCED_FACE ( 'NONE', ( #2765 ), #285, .T. ) ;
#1571 = AXIS2_PLACEMENT_3D ( 'NONE', #3259, #765, #1699 ) ;
#1572 = CARTESIAN_POINT ( 'NONE',  ( -18.32050807568877104, -9.215718466126787689E-15, 3.750000000000000000 ) ) ;
#1573 = PLANE ( 'NONE',  #2138 ) ;
#1574 = CIRCLE ( 'NONE', #361, 0.5000000000000195399 ) ;
#1575 = ORIENTED_EDGE ( 'NONE', *, *, #1056, .T. ) ;
#1576 = VECTOR ( 'NONE', #3632, 1000.000000000000000 ) ;
#1577 = ORIENTED_EDGE ( 'NONE', *, *, #2456, .T. ) ;
#1578 = DIRECTION ( 'NONE',  ( 0.0000000000000000000, -0.7071067811865525687, 0.7071067811865425767 ) ) ;
#1579 = CARTESIAN_POINT ( 'NONE',  ( -8.660254037844373087, -16.00000000000001421, 3.750000000000000000 ) ) ;
#1580 = VERTEX_POINT ( 'NONE', #1470 ) ;
#1581 = FACE_OUTER_BOUND ( 'NONE', #590, .T. ) ;
#1582 = LINE ( 'NONE', #295, #936 ) ;
#1583 = LINE ( 'NONE', #3178, #1425 ) ;
#1584 = CARTESIAN_POINT ( 'NONE',  ( 17.32050807568878170, 5.854691731421723944E-15, 3.750000000000000000 ) ) ;
#1585 = ORIENTED_EDGE ( 'NONE', *, *, #1348, .F. ) ;
#1586 = EDGE_CURVE ( 'NONE', #880, #3754, #26, .T. ) ;
#1587 = CARTESIAN_POINT ( 'NONE',  ( -9.693860759728281096, -17.81631978732467303, 0.08891366150511022248 ) ) ;
#1588 = CARTESIAN_POINT ( 'NONE',  ( -20.27631591763466545, 0.5130302149884896634, 0.08891366150511102739 ) ) ;
#1589 = LINE ( 'NONE', #3693, #3255 ) ;
#1590 = ORIENTED_EDGE ( 'NONE', *, *, #1533, .F. ) ;
#1591 = EDGE_CURVE ( 'NONE', #889, #3643, #1200, .T. ) ;
#1592 =( BOUNDED_CURVE ( )  B_SPLINE_CURVE ( 3, ( #3092, #1163, #2727, #1858 ),
 .UNSPECIFIED., .F., .F. ) 
 B_SPLINE_CURVE_WITH_KNOTS ( ( 4, 4 ),
 ( 0.9188710341391196357, 0.9232777062381684052 ),
 .UNSPECIFIED. ) 
 CURVE ( )  GEOMETRIC_REPRESENTATION_ITEM ( )  RATIONAL_B_SPLINE_CURVE ( ( 1.000000000000000000, 0.9999983817707388534, 0.9999983817707388534, 1.000000000000000000 ) ) 
 REPRESENTATION_ITEM ( '' )  );
#1593 = CARTESIAN_POINT ( 'NONE',  ( -18.23059345035383672, -0.4236858918547544706, 0.7496060535568853656 ) ) ;
#1594 = LINE ( 'NONE', #2162, #269 ) ;
#1595 = ORIENTED_EDGE ( 'NONE', *, *, #1026, .T. ) ;
#1596 = EDGE_LOOP ( 'NONE', ( #1219, #1122 ) ) ;
#1597 = CARTESIAN_POINT ( 'NONE',  ( -20.32050807568876749, -5.204170427930421283E-15, -1.621319514659572469 ) ) ;
#1598 = ORIENTED_EDGE ( 'NONE', *, *, #763, .T. ) ;
#1599 = CARTESIAN_POINT ( 'NONE',  ( 10.01812455143989133, -17.69731297698831796, -1.632228598142506870 ) ) ;
#1600 = FACE_OUTER_BOUND ( 'NONE', #2996, .T. ) ;
#1601 = CARTESIAN_POINT ( 'NONE',  ( -9.980101751928815546, 16.25998286907088541, 0.4686462467040718449 ) ) ;
#1602 = CYLINDRICAL_SURFACE ( 'NONE', #3109, 1.000000000000000888 ) ;
#1603 = ORIENTED_EDGE ( 'NONE', *, *, #2525, .F. ) ;
#1604 = EDGE_CURVE ( 'NONE', #620, #730, #2380, .T. ) ;
#1605 = EDGE_CURVE ( 'NONE', #2183, #1214, #3977, .T. ) ;
#1606 = LINE ( 'NONE', #3774, #2595 ) ;
#1607 = CARTESIAN_POINT ( 'NONE',  ( 6.750000000000058620, 11.69134295108989363, -0.6499999999999995781 ) ) ;
#1608 = DIRECTION ( 'NONE',  ( -0.4768709627114741667, -0.8259647360705567598, -0.3006265784832193866 ) ) ;
#1609 = EDGE_LOOP ( 'NONE', ( #1399, #1854 ) ) ;
#1610 = EDGE_CURVE ( 'NONE', #2448, #3786, #897, .T. ) ;
#1611 = PLANE ( 'NONE',  #3569 ) ;
#1612 = DIRECTION ( 'NONE',  ( 0.0000000000000000000, 0.0000000000000000000, -1.000000000000000000 ) ) ;
#1613 = ADVANCED_BREP_SHAPE_REPRESENTATION ( '\X2\59275c0f817f7535673a8fde63a55757\X0\', ( #3483, #2656 ), #2075 ) ;
#1614 = ORIENTED_EDGE ( 'NONE', *, *, #2254, .F. ) ;
#1615 = EDGE_LOOP ( 'NONE', ( #3404, #107, #230, #1686, #3617, #129, #737 ) ) ;
#1616 = CARTESIAN_POINT ( 'NONE',  ( 17.32050807568878170, 5.854691731421723944E-15, -3.750000000000000000 ) ) ;
#1617 = CONICAL_SURFACE ( 'NONE', #3102, 0.5000000000000213163, 0.7853981633974401744 ) ;
#1618 = ORIENTED_EDGE ( 'NONE', *, *, #683, .T. ) ;
#1619 = CIRCLE ( 'NONE', #404, 1.000000000000000888 ) ;
#1620 = EDGE_CURVE ( 'NONE', #1330, #571, #2748, .T. ) ;
#1621 = LINE ( 'NONE', #2234, #3452 ) ;
#1622 = DIRECTION ( 'NONE',  ( -1.000000000000000000, 0.0000000000000000000, 0.0000000000000000000 ) ) ;
#1623 = CARTESIAN_POINT ( 'NONE',  ( 10.58245515790638080, -17.30328957233616549, 0.08891366150511173516 ) ) ;
#1624 = CARTESIAN_POINT ( 'NONE',  ( -18.18151719889502971, -0.5086884528264383754, 0.7499999999999981126 ) ) ;
#1625 = EDGE_LOOP ( 'NONE', ( #3602, #3019, #21, #2080 ) ) ;
#1626 = VECTOR ( 'NONE', #1247, 1000.000000000000000 ) ;
#1627 = DIRECTION ( 'NONE',  ( -1.000000000000000000, 0.0000000000000000000, 0.0000000000000000000 ) ) ;
#1628 = CARTESIAN_POINT ( 'NONE',  ( 9.429158753284859529, 15.64529536273048116, -2.250212000460420469 ) ) ;
#1629 =( NAMED_UNIT ( * ) SI_UNIT ( $, .STERADIAN. ) SOLID_ANGLE_UNIT ( ) );
#1630 = ORIENTED_EDGE ( 'NONE', *, *, #3601, .F. ) ;
#1631 = AXIS2_PLACEMENT_3D ( 'NONE', #3038, #3349, #3949 ) ;
#1632 = CARTESIAN_POINT ( 'NONE',  ( -18.32050807568877104, -0.08688059323728483663, 0.7517344528513750790 ) ) ;
#1633 = VECTOR ( 'NONE', #1800, 1000.000000000000227 ) ;
#1634 = CARTESIAN_POINT ( 'NONE',  ( 8.834435555063693712, -15.98853933702274865, 0.7502106774881752704 ) ) ;
#1635 = EDGE_CURVE ( 'NONE', #1716, #895, #2473, .T. ) ;
#1636 = ORIENTED_EDGE ( 'NONE', *, *, #1144, .F. ) ;
#1637 = AXIS2_PLACEMENT_3D ( 'NONE', #1460, #238, #2733 ) ;
#1638 = ORIENTED_EDGE ( 'NONE', *, *, #1195, .F. ) ;
#1639 = FACE_OUTER_BOUND ( 'NONE', #2878, .T. ) ;
#1640 = EDGE_CURVE ( 'NONE', #975, #595, #1811, .T. ) ;
#1641 = ORIENTED_EDGE ( 'NONE', *, *, #231, .F. ) ;
#1642 = CARTESIAN_POINT ( 'NONE',  ( -9.693860759728282872, -17.81631978732466948, -1.588913661505111818 ) ) ;
#1643 = LINE ( 'NONE', #2874, #2066 ) ;
#1644 = CARTESIAN_POINT ( 'NONE',  ( -6.075000000000051692, 10.52220865598089894, 3.750000000000000000 ) ) ;
#1645 = ORIENTED_EDGE ( 'NONE', *, *, #2743, .T. ) ;
#1646 = EDGE_LOOP ( 'NONE', ( #1945, #1521, #416, #3976 ) ) ;
#1647 = CARTESIAN_POINT ( 'NONE',  ( 5.199999999999945999, -11.69134295108995580, 3.750000000000000000 ) ) ;
#1648 = DIRECTION ( 'NONE',  ( 1.000000000000000000, 0.0000000000000000000, 0.0000000000000000000 ) ) ;
#1649 = CARTESIAN_POINT ( 'NONE',  ( -19.96724431911907871, -5.529431079676072613E-15, 1.412834115817596103 ) ) ;
#1650 = VERTEX_POINT ( 'NONE', #3700 ) ;
#1651 = DIRECTION ( 'NONE',  ( -1.000000000000000000, 0.0000000000000000000, 0.0000000000000000000 ) ) ;
#1652 = LINE ( 'NONE', #3206, #3499 ) ;
#1653 = ORIENTED_EDGE ( 'NONE', *, *, #1159, .T. ) ;
#1654 = CARTESIAN_POINT ( 'NONE',  ( -9.526279441628828337, 15.50000000000000711, -2.249969002532632434 ) ) ;
#1655 = EDGE_CURVE ( 'NONE', #342, #509, #3938, .T. ) ;
#1656 = ORIENTED_EDGE ( 'NONE', *, *, #3634, .T. ) ;
#1657 = CARTESIAN_POINT ( 'NONE',  ( -20.27631591763466545, -0.5130302149885079821, 0.08891366150511037514 ) ) ;
#1658 = EDGE_CURVE ( 'NONE', #3119, #3013, #2118, .T. ) ;
#1659 = LINE ( 'NONE', #363, #3682 ) ;
#1660 = DIRECTION ( 'NONE',  ( 0.0000000000000000000, 0.0000000000000000000, -1.000000000000000000 ) ) ;
#1661 = ORIENTED_EDGE ( 'NONE', *, *, #2152, .F. ) ;
#1662 = CARTESIAN_POINT ( 'NONE',  ( 0.0000000000000000000, 0.0000000000000000000, -3.750000000000000000 ) ) ;
#1663 = ORIENTED_EDGE ( 'NONE', *, *, #2374, .T. ) ;
#1664 = DIRECTION ( 'NONE',  ( -0.0000000000000000000, -0.0000000000000000000, -1.000000000000000000 ) ) ;
#1665 = DIRECTION ( 'NONE',  ( -1.000000000000000000, 0.0000000000000000000, 0.0000000000000000000 ) ) ;
#1666 = DIRECTION ( 'NONE',  ( -0.0000000000000000000, -0.0000000000000000000, -1.000000000000000000 ) ) ;
#1667 = ORIENTED_EDGE ( 'NONE', *, *, #3398, .F. ) ;
#1668 = CARTESIAN_POINT ( 'NONE',  ( -8.834643857193023919, -15.98853869802634797, 0.7502120004604159176 ) ) ;
#1669 = CARTESIAN_POINT ( 'NONE',  ( 9.526279441628835443, -15.50000000000001066, 0.7499690025326343212 ) ) ;
#1670 = CARTESIAN_POINT ( 'NONE',  ( 20.09536906641260501, -1.193799780125419652, -1.522059531467601534 ) ) ;
#1671 = ORIENTED_EDGE ( 'NONE', *, *, #851, .F. ) ;
#1672 = DIRECTION ( 'NONE',  ( -1.000000000000000000, 0.0000000000000000000, 0.0000000000000000000 ) ) ;
#1673 = ORIENTED_EDGE ( 'NONE', *, *, #1409, .F. ) ;
#1674 = ADVANCED_FACE ( 'NONE', ( #1757 ), #488, .F. ) ;
#1675 = CARTESIAN_POINT ( 'NONE',  ( 10.15000000000000568, 2.449293598294700005E-16, 3.750000000000000000 ) ) ;
#1676 = AXIS2_PLACEMENT_3D ( 'NONE', #2936, #766, #2974 ) ;
#1677 = CARTESIAN_POINT ( 'NONE',  ( -8.660254037844373087, -15.00000000000001421, 3.250000000000013323 ) ) ;
#1678 = ORIENTED_EDGE ( 'NONE', *, *, #2321, .F. ) ;
#1679 = DIRECTION ( 'NONE',  ( 0.0000000000000000000, 0.0000000000000000000, -1.000000000000000000 ) ) ;
#1680 = VECTOR ( 'NONE', #2462, 1000.000000000000000 ) ;
#1681 = VERTEX_POINT ( 'NONE', #2992 ) ;
#1682 = EDGE_CURVE ( 'NONE', #88, #3029, #1216, .T. ) ;
#1683 = CARTESIAN_POINT ( 'NONE',  ( 20.27631591763468677, 0.5130302149885104246, -1.588913661505112040 ) ) ;
#1684 = CARTESIAN_POINT ( 'NONE',  ( -8.645208041581947001, -16.00000000000001066, -2.249999999999999556 ) ) ;
#1685 = DIRECTION ( 'NONE',  ( -1.000000000000000000, 0.0000000000000000000, 0.0000000000000000000 ) ) ;
#1686 = ORIENTED_EDGE ( 'NONE', *, *, #866, .T. ) ;
#1687 = EDGE_CURVE ( 'NONE', #219, #1877, #3055, .T. ) ;
#1688 = FACE_OUTER_BOUND ( 'NONE', #783, .T. ) ;
#1689 = FACE_OUTER_BOUND ( 'NONE', #2604, .T. ) ;
#1690 = EDGE_CURVE ( 'NONE', #3778, #2375, #3117, .T. ) ;
#1691 = CARTESIAN_POINT ( 'NONE',  ( -9.526279441628826561, 15.50000000000000711, 0.7499690025326336551 ) ) ;
#1692 = VERTEX_POINT ( 'NONE', #2439 ) ;
#1693 = VECTOR ( 'NONE', #3287, 1000.000000000000000 ) ;
#1694 = AXIS2_PLACEMENT_3D ( 'NONE', #3572, #1169, #3268 ) ;
#1695 = CARTESIAN_POINT ( 'NONE',  ( 9.000000000000000000, 0.0000000000000000000, 3.249999999999994227 ) ) ;
#1696 = AXIS2_PLACEMENT_3D ( 'NONE', #2630, #3549, #1331 ) ;
#1697 = EDGE_LOOP ( 'NONE', ( #474, #71, #3963, #3972 ) ) ;
#1698 = VECTOR ( 'NONE', #185, 1000.000000000000114 ) ;
#1699 = DIRECTION ( 'NONE',  ( 0.4999999999999993894, 0.8660254037844389297, 0.0000000000000000000 ) ) ;
#1700 = FACE_OUTER_BOUND ( 'NONE', #2918, .T. ) ;
#1701 = VECTOR ( 'NONE', #1524, 1000.000000000000000 ) ;
#1702 = ORIENTED_EDGE ( 'NONE', *, *, #1860, .F. ) ;
#1703 = CARTESIAN_POINT ( 'NONE',  ( 18.18653347947322274, -0.4999999999999946709, -3.249999999999998224 ) ) ;
#1704 = AXIS2_PLACEMENT_3D ( 'NONE', #377, #2850, #3765 ) ;
#1705 = ORIENTED_EDGE ( 'NONE', *, *, #1450, .T. ) ;
#1706 = AXIS2_PLACEMENT_3D ( 'NONE', #871, #2089, #3686 ) ;
#1707 = CARTESIAN_POINT ( 'NONE',  ( 19.96724431911910003, 1.246832498358330099E-14, 1.412834115817596770 ) ) ;
#1708 = DIRECTION ( 'NONE',  ( -1.000000000000000000, -0.0000000000000000000, -0.0000000000000000000 ) ) ;
#1709 = EDGE_CURVE ( 'NONE', #44, #2327, #394, .T. ) ;
#1710 = ORIENTED_EDGE ( 'NONE', *, *, #330, .F. ) ;
#1711 = PRODUCT ( '\X2\59275c0f817f7535673a8fde63a55757\X0\', '\X2\59275c0f817f7535673a8fde63a55757\X0\', '', ( #3334 ) ) ;
#1712 = LINE ( 'NONE', #1427, #1120 ) ;
#1713 = CARTESIAN_POINT ( 'NONE',  ( -8.834435555063686607, 15.98853933702275221, 0.7502106774881763807 ) ) ;
#1714 = ADVANCED_FACE ( 'NONE', ( #356 ), #3723, .F. ) ;
#1715 = DIRECTION ( 'NONE',  ( 1.000000000000000000, 5.329070518200746661E-15, 0.0000000000000000000 ) ) ;
#1716 = VERTEX_POINT ( 'NONE', #3139 ) ;
#1717 = ORIENTED_EDGE ( 'NONE', *, *, #1209, .F. ) ;
#1718 =( BOUNDED_CURVE ( )  B_SPLINE_CURVE ( 3, ( #1098, #2319, #1115, #1369 ),
 .UNSPECIFIED., .F., .T. ) 
 B_SPLINE_CURVE_WITH_KNOTS ( ( 4, 4 ),
 ( 2.789848629310232919, 3.141592653589793116 ),
 .UNSPECIFIED. ) 
 CURVE ( )  GEOMETRIC_REPRESENTATION_ITEM ( )  RATIONAL_B_SPLINE_CURVE ( ( 1.000000000000000000, 0.9897162267460039020, 0.9897162267460039020, 1.000000000000000000 ) ) 
 REPRESENTATION_ITEM ( '' )  );
#1719 = FACE_OUTER_BOUND ( 'NONE', #1963, .T. ) ;
#1720 = CARTESIAN_POINT ( 'NONE',  ( -9.693860759728300636, 17.81631978732466948, 0.08891366150511124944 ) ) ;
#1721 = VERTEX_POINT ( 'NONE', #3443 ) ;
#1722 = CARTESIAN_POINT ( 'NONE',  ( 9.091507353750765574, 15.74695265408238321, -2.350431615653654660 ) ) ;
#1723 = ORIENTED_EDGE ( 'NONE', *, *, #1450, .F. ) ;
#1724 = LINE ( 'NONE', #1420, #1302 ) ;
#1725 = CARTESIAN_POINT ( 'NONE',  ( -8.650221476688006561, -16.00000000000001421, -2.249999999999998668 ) ) ;
#1726 = DIRECTION ( 'NONE',  ( -0.0000000000000000000, -0.0000000000000000000, 1.000000000000000000 ) ) ;
#1727 = DIRECTION ( 'NONE',  ( -0.9537419254229481114, -3.505886004488656011E-16, -0.3006265784832201082 ) ) ;
#1728 = ORIENTED_EDGE ( 'NONE', *, *, #2074, .T. ) ;
#1729 = ADVANCED_FACE ( 'NONE', ( #1639 ), #2870, .F. ) ;
#1730 = CARTESIAN_POINT ( 'NONE',  ( -9.693860759728305965, 17.81631978732466592, -1.588913661505111818 ) ) ;
#1731 = PLANE ( 'NONE',  #3453 ) ;
#1732 = DIRECTION ( 'NONE',  ( -0.8571673007021121116, 1.049727191138618449E-16, 0.5150380749100544886 ) ) ;
#1733 = EDGE_CURVE ( 'NONE', #2366, #620, #2524, .T. ) ;
#1734 = CARTESIAN_POINT ( 'NONE',  ( 8.660254037844394404, -15.50000000000003197, 3.750000000000000000 ) ) ;
#1735 = VERTEX_POINT ( 'NONE', #2790 ) ;
#1736 = EDGE_CURVE ( 'NONE', #1772, #2566, #1340, .T. ) ;
#1737 = DIRECTION ( 'NONE',  ( -0.9537419254229480003, 0.0000000000000000000, 0.3006265784832201637 ) ) ;
#1738 = CARTESIAN_POINT ( 'NONE',  ( 11.25833024919771574, -16.50000000000000711, 0.02205953146760110395 ) ) ;
#1739 = VECTOR ( 'NONE', #75, 1000.000000000000114 ) ;
#1740 = ORIENTED_EDGE ( 'NONE', *, *, #896, .F. ) ;
#1741 = DIRECTION ( 'NONE',  ( -6.422773179754039142E-17, 0.3420201433256655488, 0.9396926207859095381 ) ) ;
#1742 = EDGE_CURVE ( 'NONE', #3722, #3029, #1878, .T. ) ;
#1743 = CARTESIAN_POINT ( 'NONE',  ( 8.660254037844394404, -16.00000000000001066, -3.249999999999999556 ) ) ;
#1744 = LINE ( 'NONE', #192, #873 ) ;
#1745 = CARTESIAN_POINT ( 'NONE',  ( 9.013823596585407216, 18.00000000000001421, 0.02205953146760066680 ) ) ;
#1746 = CARTESIAN_POINT ( 'NONE',  ( 8.660254037844397956, 18.00000000000001066, 0.02205953146760110395 ) ) ;
#1747 = ORIENTED_EDGE ( 'NONE', *, *, #123, .T. ) ;
#1748 = AXIS2_PLACEMENT_3D ( 'NONE', #2977, #3242, #3303 ) ;
#1749 = CARTESIAN_POINT ( 'NONE',  ( -9.013823596585373465, -18.00000000000001066, -1.522059531467601090 ) ) ;
#1750 = CARTESIAN_POINT ( 'NONE',  ( 8.660254037844390851, 16.00000000000000711, 0.7499690025326352094 ) ) ;
#1751 = AXIS2_PLACEMENT_3D ( 'NONE', #1977, #181, #449 ) ;
#1752 = CARTESIAN_POINT ( 'NONE',  ( -19.91858428704208350, -1.500000000000005551, 0.02205953146760110395 ) ) ;
#1753 = VECTOR ( 'NONE', #588, 1000.000000000000000 ) ;
#1754 = AXIS2_PLACEMENT_3D ( 'NONE', #128, #1679, #810 ) ;
#1755 = EDGE_CURVE ( 'NONE', #3095, #809, #1574, .T. ) ;
#1756 = ORIENTED_EDGE ( 'NONE', *, *, #2552, .T. ) ;
#1757 = FACE_OUTER_BOUND ( 'NONE', #1472, .T. ) ;
#1758 = DIRECTION ( 'NONE',  ( 0.5000000000000004441, -0.8660254037844383745, -0.0000000000000000000 ) ) ;
#1759 = EDGE_CURVE ( 'NONE', #1259, #620, #3402, .T. ) ;
#1760 = ORIENTED_EDGE ( 'NONE', *, *, #1148, .F. ) ;
#1761 = ORIENTED_EDGE ( 'NONE', *, *, #2280, .F. ) ;
#1762 = AXIS2_PLACEMENT_3D ( 'NONE', #3825, #2623, #1737 ) ;
#1763 = CARTESIAN_POINT ( 'NONE',  ( 19.91858428704210482, 1.500000000000013989, -1.522059531467601756 ) ) ;
#1764 = DIRECTION ( 'NONE',  ( -0.0000000000000000000, -0.0000000000000000000, -1.000000000000000000 ) ) ;
#1765 = CARTESIAN_POINT ( 'NONE',  ( 6.749999999999944933, -11.69134295108995580, -0.6499999999999995781 ) ) ;
#1766 = DIRECTION ( 'NONE',  ( 0.0000000000000000000, 0.0000000000000000000, 1.000000000000000000 ) ) ;
#1767 = ORIENTED_EDGE ( 'NONE', *, *, #839, .T. ) ;
#1768 = VECTOR ( 'NONE', #259, 1000.000000000000114 ) ;
#1769 = CARTESIAN_POINT ( 'NONE',  ( -10.50000000000000355, 7.078048095776145666E-14, -3.750000000000000000 ) ) ;
#1770 = DIRECTION ( 'NONE',  ( -0.0000000000000000000, -0.0000000000000000000, -1.000000000000000000 ) ) ;
#1771 = DIRECTION ( 'NONE',  ( -0.6123724356957981341, 0.3535533905932758403, 0.7071067811865432429 ) ) ;
#1772 = VERTEX_POINT ( 'NONE', #3116 ) ;
#1773 = VERTEX_POINT ( 'NONE', #86 ) ;
#1774 = EDGE_CURVE ( 'NONE', #1554, #1220, #1001, .T. ) ;
#1775 = CARTESIAN_POINT ( 'NONE',  ( -8.660254037844373087, -15.00000000000001421, -3.750000000000000000 ) ) ;
#1776 = CARTESIAN_POINT ( 'NONE',  ( -4.075000000000011724, -10.52220865598098776, 3.750000000000001332 ) ) ;
#1777 = EDGE_LOOP ( 'NONE', ( #1618, #2806, #3866, #1788 ) ) ;
#1778 = ORIENTED_EDGE ( 'NONE', *, *, #2716, .F. ) ;
#1779 = ADVANCED_FACE ( 'NONE', ( #2207 ), #3091, .F. ) ;
#1780 = CARTESIAN_POINT ( 'NONE',  ( -9.482193236710216411, -15.57635954683190960, -2.249605837451038148 ) ) ;
#1781 = CARTESIAN_POINT ( 'NONE',  ( -18.18151719889502971, 0.5086884528264208338, -2.249999999999999112 ) ) ;
#1782 = DIRECTION ( 'NONE',  ( -0.4999999999999993894, -0.8660254037844389297, 0.0000000000000000000 ) ) ;
#1783 = VERTEX_POINT ( 'NONE', #3174 ) ;
#1784 = PLANE ( 'NONE',  #214 ) ;
#1785 = CYLINDRICAL_SURFACE ( 'NONE', #820, 1.000000000000000888 ) ;
#1786 = EDGE_CURVE ( 'NONE', #3471, #3181, #1552, .T. ) ;
#1787 = DIRECTION ( 'NONE',  ( 1.000000000000000000, 0.0000000000000000000, 0.0000000000000000000 ) ) ;
#1788 = ORIENTED_EDGE ( 'NONE', *, *, #937, .F. ) ;
#1789 = ORIENTED_EDGE ( 'NONE', *, *, #2077, .F. ) ;
#1790 = DIRECTION ( 'NONE',  ( -0.0000000000000000000, -0.0000000000000000000, -1.000000000000000000 ) ) ;
#1791 = CARTESIAN_POINT ( 'NONE',  ( -4.075000000000052580, 10.52220865598089894, 0.7499999999999997780 ) ) ;
#1792 = VERTEX_POINT ( 'NONE', #2504 ) ;
#1793 = ORIENTED_EDGE ( 'NONE', *, *, #125, .T. ) ;
#1794 = DIRECTION ( 'NONE',  ( 1.000000000000000000, 0.0000000000000000000, 0.0000000000000000000 ) ) ;
#1795 = DIRECTION ( 'NONE',  ( 0.6123724356957919168, -0.3535533905932716769, 0.7071067811865509034 ) ) ;
#1796 = CARTESIAN_POINT ( 'NONE',  ( 10.58245515790638080, 17.30328957233616549, -1.588913661505113151 ) ) ;
#1797 = ORIENTED_EDGE ( 'NONE', *, *, #1323, .F. ) ;
#1798 = ADVANCED_FACE ( 'NONE', ( #1902 ), #24, .F. ) ;
#1799 = AXIS2_PLACEMENT_3D ( 'NONE', #1765, #3001, #1685 ) ;
#1800 = DIRECTION ( 'NONE',  ( -0.4768709627114746108, 0.8259647360705565378, 0.3006265784832192756 ) ) ;
#1801 = DIRECTION ( 'NONE',  ( -0.8660254037844384856, -0.5000000000000003331, 0.0000000000000000000 ) ) ;
#1802 = CARTESIAN_POINT ( 'NONE',  ( 18.18653347947322274, -0.4999999999999952260, -3.249999999999997780 ) ) ;
#1803 = CONICAL_SURFACE ( 'NONE', #1872, 0.5000000000000213163, 0.7853981633974401744 ) ;
#1804 = ORIENTED_EDGE ( 'NONE', *, *, #1557, .T. ) ;
#1805 = EDGE_CURVE ( 'NONE', #375, #918, #3377, .T. ) ;
#1806 = DIRECTION ( 'NONE',  ( -1.000000000000000000, 0.0000000000000000000, 0.0000000000000000000 ) ) ;
#1807 = ORIENTED_EDGE ( 'NONE', *, *, #3191, .F. ) ;
#1808 = ORIENTED_EDGE ( 'NONE', *, *, #2616, .F. ) ;
#1809 =( BOUNDED_CURVE ( )  B_SPLINE_CURVE ( 3, ( #217, #2035, #3305, #1403 ),
 .UNSPECIFIED., .F., .T. ) 
 B_SPLINE_CURVE_WITH_KNOTS ( ( 4, 4 ),
 ( 8.238234819138063929E-17, 0.3517440242795620842 ),
 .UNSPECIFIED. ) 
 CURVE ( )  GEOMETRIC_REPRESENTATION_ITEM ( )  RATIONAL_B_SPLINE_CURVE ( ( 1.000000000000000000, 0.9897162267460037910, 0.9897162267460037910, 1.000000000000000000 ) ) 
 REPRESENTATION_ITEM ( '' )  );
#1810 = AXIS2_PLACEMENT_3D ( 'NONE', #3820, #2636, #2305 ) ;
#1811 = LINE ( 'NONE', #1489, #223 ) ;
#1812 = CARTESIAN_POINT ( 'NONE',  ( 9.983622159559557119, 18.31820125390464327, -1.406243746540133399 ) ) ;
#1813 = ORIENTED_EDGE ( 'NONE', *, *, #3416, .F. ) ;
#1814 = AXIS2_PLACEMENT_3D ( 'NONE', #3536, #180, #3855 ) ;
#1815 = VERTEX_POINT ( 'NONE', #2831 ) ;
#1816 = AXIS2_PLACEMENT_3D ( 'NONE', #2512, #2533, #56 ) ;
#1817 = DIRECTION ( 'NONE',  ( 1.000000000000000000, 0.0000000000000000000, 0.0000000000000000000 ) ) ;
#1818 = CARTESIAN_POINT ( 'NONE',  ( 6.749999999999944933, -11.69134295108995580, -0.6499999999999995781 ) ) ;
#1819 = DIRECTION ( 'NONE',  ( -0.0000000000000000000, -0.0000000000000000000, -1.000000000000000000 ) ) ;
#1820 = CARTESIAN_POINT ( 'NONE',  ( -8.660254037844389075, 16.00000000000000711, 3.250000000000013323 ) ) ;
#1821 = ORIENTED_EDGE ( 'NONE', *, *, #3664, .F. ) ;
#1822 = AXIS2_PLACEMENT_3D ( 'NONE', #3096, #2385, #3387 ) ;
#1823 = ADVANCED_FACE ( 'NONE', ( #3156 ), #3456, .T. ) ;
#1824 = DIRECTION ( 'NONE',  ( 0.0000000000000000000, 0.0000000000000000000, 1.000000000000000000 ) ) ;
#1825 = CARTESIAN_POINT ( 'NONE',  ( -18.26373859750000506, 0.3433286581786427205, 0.7502113264108585255 ) ) ;
#1826 = CONICAL_SURFACE ( 'NONE', #1958, 9.500000000000001776, 0.7853981633974412846 ) ;
#1827 = FACE_OUTER_BOUND ( 'NONE', #164, .T. ) ;
#1828 = ORIENTED_EDGE ( 'NONE', *, *, #3273, .F. ) ;
#1829 = AXIS2_PLACEMENT_3D ( 'NONE', #3933, #1174, #692 ) ;
#1830 = VECTOR ( 'NONE', #1727, 1000.000000000000000 ) ;
#1831 = EDGE_CURVE ( 'NONE', #2625, #1463, #2247, .T. ) ;
#1832 = CARTESIAN_POINT ( 'NONE',  ( -17.32050807568877104, -9.215718466126787689E-15, 3.750000000000000000 ) ) ;
#1833 = EDGE_LOOP ( 'NONE', ( #2580, #1391, #3985, #2627 ) ) ;
#1834 = EDGE_LOOP ( 'NONE', ( #2997, #2545, #1225, #2894, #935, #246 ) ) ;
#1835 = CARTESIAN_POINT ( 'NONE',  ( -9.693860759728300636, 17.81631978732466948, 0.08891366150511124944 ) ) ;
#1836 = DIRECTION ( 'NONE',  ( -1.000000000000000000, 0.0000000000000000000, 0.0000000000000000000 ) ) ;
#1837 = ORIENTED_EDGE ( 'NONE', *, *, #1591, .F. ) ;
#1838 = ORIENTED_EDGE ( 'NONE', *, *, #1155, .T. ) ;
#1839 = CARTESIAN_POINT ( 'NONE',  ( -8.748426797734433435, -16.00000000000001776, -2.249605836009241244 ) ) ;
#1840 = CARTESIAN_POINT ( 'NONE',  ( -10.58245515790634173, -17.30328957233617615, -1.588913661505114039 ) ) ;
#1841 = CARTESIAN_POINT ( 'NONE',  ( 9.528788052105291229, 15.49565495919837943, 0.7499896674941617380 ) ) ;
#1842 = FACE_OUTER_BOUND ( 'NONE', #2060, .T. ) ;
#1843 = VERTEX_POINT ( 'NONE', #1102 ) ;
#1844 = ADVANCED_FACE ( 'NONE', ( #2325 ), #3524, .F. ) ;
#1845 =( BOUNDED_CURVE ( )  B_SPLINE_CURVE ( 3, ( #3870, #3201, #3243, #752 ),
 .UNSPECIFIED., .F., .T. ) 
 B_SPLINE_CURVE_WITH_KNOTS ( ( 4, 4 ),
 ( 4.060463687728908866, 4.064870359827958524 ),
 .UNSPECIFIED. ) 
 CURVE ( )  GEOMETRIC_REPRESENTATION_ITEM ( )  RATIONAL_B_SPLINE_CURVE ( ( 1.000000000000000000, 0.9999983817707388534, 0.9999983817707388534, 1.000000000000000000 ) ) 
 REPRESENTATION_ITEM ( '' )  );
#1846 = FACE_OUTER_BOUND ( 'NONE', #2383, .T. ) ;
#1847 = CARTESIAN_POINT ( 'NONE',  ( 9.085250289697547998, -15.90935993888677835, -2.251735376507371100 ) ) ;
#1848 = CARTESIAN_POINT ( 'NONE',  ( 18.18653347947321919, 0.5000000000000054401, 0.7499690025326365417 ) ) ;
#1849 = ORIENTED_EDGE ( 'NONE', *, *, #3616, .T. ) ;
#1850 = ADVANCED_FACE ( 'NONE', ( #3557 ), #3822, .F. ) ;
#1851 = CARTESIAN_POINT ( 'NONE',  ( 9.306476254009414362, 15.76807946796991722, 0.7512744551277763527 ) ) ;
#1852 = DIRECTION ( 'NONE',  ( 1.000000000000000000, 0.0000000000000000000, -0.0000000000000000000 ) ) ;
#1853 = EDGE_CURVE ( 'NONE', #3527, #1292, #3088, .T. ) ;
#1854 = ORIENTED_EDGE ( 'NONE', *, *, #1274, .T. ) ;
#1855 = ORIENTED_EDGE ( 'NONE', *, *, #130, .F. ) ;
#1856 = B_SPLINE_CURVE_WITH_KNOTS ( 'NONE', 3,
 ( #402, #133, #3490, #727, #1365, #1076, #485, #3626, #3267, #2069 ),
 .UNSPECIFIED., .F., .F.,
 ( 4, 2, 2, 2, 4 ),
 ( 1.734723475976806902E-18, 0.0002607588621995485592, 0.0005215177243990953837, 0.0007822765865986422082, 0.001043035448798189033 ),
 .UNSPECIFIED. ) ;
#1857 = DIRECTION ( 'NONE',  ( 0.4768709627114744443, -0.8259647360705563157, 0.3006265784832199972 ) ) ;
#1858 = CARTESIAN_POINT ( 'NONE',  ( 18.18653347947322274, 0.5000000000000063283, -2.249969002532636431 ) ) ;
#1859 = EDGE_LOOP ( 'NONE', ( #750, #3237, #1487, #2425, #2833, #127, #371, #1645, #2622, #1951, #3501, #3458, #3182 ) ) ;
#1860 = EDGE_CURVE ( 'NONE', #3378, #3786, #1004, .T. ) ;
#1861 = ORIENTED_EDGE ( 'NONE', *, *, #1620, .F. ) ;
#1862 = CARTESIAN_POINT ( 'NONE',  ( 9.749999999999944933, -11.69134295108995580, -0.6499999999999995781 ) ) ;
#1863 = DIRECTION ( 'NONE',  ( -0.4768709627114742777, 0.8259647360705567598, -0.3006265784832192756 ) ) ;
#1864 = CARTESIAN_POINT ( 'NONE',  ( -20.85583871729713934, -0.5130302149885044294, -1.406243746540132955 ) ) ;
#1865 = DIRECTION ( 'NONE',  ( -0.2961981327260209684, -0.1710100716628328299, 0.9396926207859096492 ) ) ;
#1866 = VERTEX_POINT ( 'NONE', #2307 ) ;
#1867 = ADVANCED_FACE ( 'NONE', ( #3843 ), #1785, .T. ) ;
#1868 = CARTESIAN_POINT ( 'NONE',  ( -9.237604307033997486, -16.00000000000001421, -3.249999999999999556 ) ) ;
#1869 = PLANE ( 'NONE',  #226 ) ;
#1870 = CARTESIAN_POINT ( 'NONE',  ( -17.32050807568877104, -9.215718466126787689E-15, 3.250000000000013323 ) ) ;
#1871 = VERTEX_POINT ( 'NONE', #1044 ) ;
#1872 = AXIS2_PLACEMENT_3D ( 'NONE', #702, #2817, #3160 ) ;
#1873 = CARTESIAN_POINT ( 'NONE',  ( -10.60777489925117045, -16.00000000000001066, 0.7500000000000006661 ) ) ;
#1874 = CARTESIAN_POINT ( 'NONE',  ( 18.18151719889504392, -0.5086884528264205008, 0.7499999999999988898 ) ) ;
#1875 = PRODUCT_DEFINITION_CONTEXT ( 'detailed design', #3864, 'design' ) ;
#1876 = ORIENTED_EDGE ( 'NONE', *, *, #41, .T. ) ;
#1877 = VERTEX_POINT ( 'NONE', #1064 ) ;
#1878 = LINE ( 'NONE', #2813, #1006 ) ;
#1879 = EDGE_CURVE ( 'NONE', #681, #1580, #740, .T. ) ;
#1880 = LINE ( 'NONE', #3118, #204 ) ;
#1881 = ORIENTED_EDGE ( 'NONE', *, *, #3290, .T. ) ;
#1882 = VERTEX_POINT ( 'NONE', #2908 ) ;
#1883 = CARTESIAN_POINT ( 'NONE',  ( -9.526279441628808797, -15.50000000000001776, 3.250000000000013323 ) ) ;
#1884 = EDGE_CURVE ( 'NONE', #895, #1716, #3705, .T. ) ;
#1885 = DIRECTION ( 'NONE',  ( 0.9537419254229483334, 4.941910341137066484E-16, -0.3006265784832193311 ) ) ;
#1886 = CYLINDRICAL_SURFACE ( 'NONE', #3815, 2.999999999999999556 ) ;
#1887 = LINE ( 'NONE', #3710, #3943 ) ;
#1888 = EDGE_LOOP ( 'NONE', ( #3285, #2272, #2768, #2285 ) ) ;
#1889 = AXIS2_PLACEMENT_3D ( 'NONE', #2983, #258, #278 ) ;
#1890 = DIRECTION ( 'NONE',  ( 0.0000000000000000000, 0.0000000000000000000, -1.000000000000000000 ) ) ;
#1891 = CARTESIAN_POINT ( 'NONE',  ( -18.18653347947320853, -0.5000000000000106581, -2.249969002532631102 ) ) ;
#1892 = DIRECTION ( 'NONE',  ( -0.0000000000000000000, -0.0000000000000000000, 1.000000000000000000 ) ) ;
#1893 = ORIENTED_EDGE ( 'NONE', *, *, #3210, .T. ) ;
#1894 = CONICAL_SURFACE ( 'NONE', #2862, 1.999999999999999112, 1.029744258676654090 ) ;
#1895 = AXIS2_PLACEMENT_3D ( 'NONE', #3158, #396, #2546 ) ;
#1896 = DIRECTION ( 'NONE',  ( 0.7071067811865515695, 0.0000000000000000000, 0.7071067811865435759 ) ) ;
#1897 = PLANE ( 'NONE',  #799 ) ;
#1898 = AXIS2_PLACEMENT_3D ( 'NONE', #3039, #322, #1211 ) ;
#1899 = VERTEX_POINT ( 'NONE', #762 ) ;
#1900 = CIRCLE ( 'NONE', #160, 9.000000000000000000 ) ;
#1901 = ORIENTED_EDGE ( 'NONE', *, *, #556, .F. ) ;
#1902 = FACE_OUTER_BOUND ( 'NONE', #1615, .T. ) ;
#1903 = EDGE_CURVE ( 'NONE', #3968, #2448, #3932, .T. ) ;
#1904 = ORIENTED_EDGE ( 'NONE', *, *, #914, .F. ) ;
#1905 = ADVANCED_FACE ( 'NONE', ( #3631 ), #552, .T. ) ;
#1906 = DIRECTION ( 'NONE',  ( 0.0000000000000000000, -0.0000000000000000000, -1.000000000000000000 ) ) ;
#1907 = CARTESIAN_POINT ( 'NONE',  ( 6.749999999999944933, -11.69134295108995580, -0.6499999999999995781 ) ) ;
#1908 = CARTESIAN_POINT ( 'NONE',  ( 20.27631591763468677, 0.5130302149885161977, 0.08891366150511091637 ) ) ;
#1909 = DIRECTION ( 'NONE',  ( -0.0000000000000000000, -0.0000000000000000000, 1.000000000000000000 ) ) ;
#1910 = VERTEX_POINT ( 'NONE', #3231 ) ;
#1911 = EDGE_CURVE ( 'NONE', #2164, #880, #1373, .T. ) ;
#1912 = DIRECTION ( 'NONE',  ( -0.4999999999999996114, -0.8660254037844388186, 0.0000000000000000000 ) ) ;
#1913 = CARTESIAN_POINT ( 'NONE',  ( -9.528788052105268136, -15.49565495919839542, -2.249989667494153078 ) ) ;
#1914 = CARTESIAN_POINT ( 'NONE',  ( -8.660254037844389075, 15.00000000000000711, 3.250000000000013323 ) ) ;
#1915 = ORIENTED_EDGE ( 'NONE', *, *, #2308, .F. ) ;
#1916 = DIRECTION ( 'NONE',  ( -0.0000000000000000000, -0.0000000000000000000, 1.000000000000000000 ) ) ;
#1917 = CARTESIAN_POINT ( 'NONE',  ( -9.526279441628812350, -15.50000000000001599, -2.249969002532629769 ) ) ;
#1918 = EDGE_CURVE ( 'NONE', #3778, #1330, #3332, .T. ) ;
#1919 = ORIENTED_EDGE ( 'NONE', *, *, #3651, .F. ) ;
#1920 = ORIENTED_EDGE ( 'NONE', *, *, #2890, .T. ) ;
#1921 = CARTESIAN_POINT ( 'NONE',  ( -20.32050807568876749, 0.1720665721936315840, -1.621319514659573358 ) ) ;
#1922 = VERTEX_POINT ( 'NONE', #568 ) ;
#1923 = CYLINDRICAL_SURFACE ( 'NONE', #1895, 3.000000000000000444 ) ;
#1924 = DIRECTION ( 'NONE',  ( -0.8660254037844384856, -0.5000000000000003331, 0.0000000000000000000 ) ) ;
#1925 = CARTESIAN_POINT ( 'NONE',  ( -10.50000000000000355, 7.078048095776145666E-14, -0.6499999999999995781 ) ) ;
#1926 = DIRECTION ( 'NONE',  ( 0.0000000000000000000, 0.0000000000000000000, -1.000000000000000000 ) ) ;
#1927 = ORIENTED_EDGE ( 'NONE', *, *, #2933, .T. ) ;
#1928 = LINE ( 'NONE', #953, #2660 ) ;
#1929 = DIRECTION ( 'NONE',  ( -0.8660254037844383745, -0.5000000000000005551, 0.0000000000000000000 ) ) ;
#1930 = DIRECTION ( 'NONE',  ( -1.000000000000000000, 0.0000000000000000000, 0.0000000000000000000 ) ) ;
#1931 = EDGE_CURVE ( 'NONE', #2258, #1792, #473, .T. ) ;
#1932 = ORIENTED_EDGE ( 'NONE', *, *, #3472, .T. ) ;
#1933 = DIRECTION ( 'NONE',  ( 0.0000000000000000000, 0.9396926207859093161, 0.3420201433256663259 ) ) ;
#1934 = DIRECTION ( 'NONE',  ( 0.9537419254229483334, 4.941910341137066484E-16, -0.3006265784832193311 ) ) ;
#1935 = EDGE_CURVE ( 'NONE', #595, #1239, #3194, .T. ) ;
#1936 = VERTEX_POINT ( 'NONE', #1654 ) ;
#1937 = ORIENTED_EDGE ( 'NONE', *, *, #1709, .T. ) ;
#1938 = CARTESIAN_POINT ( 'NONE',  ( 0.0000000000000000000, 0.0000000000000000000, -3.750000000000000000 ) ) ;
#1939 = VECTOR ( 'NONE', #290, 1000.000000000000227 ) ;
#1940 = ORIENTED_EDGE ( 'NONE', *, *, #3542, .T. ) ;
#1941 = VECTOR ( 'NONE', #146, 1000.000000000000114 ) ;
#1942 = FACE_OUTER_BOUND ( 'NONE', #1697, .T. ) ;
#1943 = CARTESIAN_POINT ( 'NONE',  ( 8.660254037844396180, -16.00000000000001066, 0.7499690025326336551 ) ) ;
#1944 = FACE_OUTER_BOUND ( 'NONE', #428, .T. ) ;
#1945 = ORIENTED_EDGE ( 'NONE', *, *, #2824, .F. ) ;
#1946 = AXIS2_PLACEMENT_3D ( 'NONE', #3136, #3696, #373 ) ;
#1947 = VERTEX_POINT ( 'NONE', #549 ) ;
#1948 = AXIS2_PLACEMENT_3D ( 'NONE', #2947, #733, #821 ) ;
#1949 = CYLINDRICAL_SURFACE ( 'NONE', #913, 1.000000000000000000 ) ;
#1950 = CARTESIAN_POINT ( 'NONE',  ( 14.15000000000000036, 0.0000000000000000000, 0.7499999999999997780 ) ) ;
#1951 = ORIENTED_EDGE ( 'NONE', *, *, #532, .T. ) ;
#1952 = CIRCLE ( 'NONE', #1816, 2.999999999999997335 ) ;
#1953 = EDGE_CURVE ( 'NONE', #1307, #3200, #2109, .T. ) ;
#1954 = CYLINDRICAL_SURFACE ( 'NONE', #1948, 2.999999999999999112 ) ;
#1955 = AXIS2_PLACEMENT_3D ( 'NONE', #968, #2816, #50 ) ;
#1956 = CARTESIAN_POINT ( 'NONE',  ( -9.235284720177618922, 15.82273752006139311, 0.7517353765073715444 ) ) ;
#1957 = DIRECTION ( 'NONE',  ( 1.000000000000000000, 1.877893248421449775E-16, -0.0000000000000000000 ) ) ;
#1958 = AXIS2_PLACEMENT_3D ( 'NONE', #3728, #2873, #967 ) ;
#1959 = VERTEX_POINT ( 'NONE', #3006 ) ;
#1960 = EDGE_CURVE ( 'NONE', #3543, #3854, #668, .T. ) ;
#1961 = DIRECTION ( 'NONE',  ( 0.4999999999999996114, 0.8660254037844388186, -0.0000000000000000000 ) ) ;
#1962 = VECTOR ( 'NONE', #369, 1000.000000000000000 ) ;
#1963 = EDGE_LOOP ( 'NONE', ( #3204, #1456, #2746, #1808 ) ) ;
#1964 = CARTESIAN_POINT ( 'NONE',  ( -19.91858428704208706, 1.499999999999990896, 0.02205953146760110395 ) ) ;
#1965 = CARTESIAN_POINT ( 'NONE',  ( -10.58245515790636837, 17.30328957233616549, 0.08891366150511145761 ) ) ;
#1966 = CARTESIAN_POINT ( 'NONE',  ( 0.0000000000000000000, 16.00000000000000711, 0.7500000000000006661 ) ) ;
#1967 = EDGE_LOOP ( 'NONE', ( #1213, #1653 ) ) ;
#1968 = EDGE_LOOP ( 'NONE', ( #3668, #3948 ) ) ;
#1969 = FACE_OUTER_BOUND ( 'NONE', #1397, .T. ) ;
#1970 = LINE ( 'NONE', #2513, #1739 ) ;
#1971 = CARTESIAN_POINT ( 'NONE',  ( -8.660254037844389075, 16.00000000000000711, 3.750000000000000000 ) ) ;
#1972 = ORIENTED_EDGE ( 'NONE', *, *, #432, .F. ) ;
#1973 = EDGE_CURVE ( 'NONE', #3525, #1386, #1523, .T. ) ;
#1974 = DIRECTION ( 'NONE',  ( 1.000000000000000000, 1.734723475976805517E-15, 0.0000000000000000000 ) ) ;
#1975 = CARTESIAN_POINT ( 'NONE',  ( 8.660254037844396180, -16.00000000000001066, 0.7499690025326336551 ) ) ;
#1976 = EDGE_CURVE ( 'NONE', #7, #64, #3353, .T. ) ;
#1977 = CARTESIAN_POINT ( 'NONE',  ( -13.50000000000000355, 7.041308691801725122E-14, -3.750000000000000000 ) ) ;
#1978 = ORIENTED_EDGE ( 'NONE', *, *, #979, .F. ) ;
#1979 = CARTESIAN_POINT ( 'NONE',  ( 19.16029391017663031, -1.186602540378434822, -2.249999999999999556 ) ) ;
#1980 =( BOUNDED_CURVE ( )  B_SPLINE_CURVE ( 3, ( #3363, #969, #3408, #33 ),
 .UNSPECIFIED., .F., .T. ) 
 B_SPLINE_CURVE_WITH_KNOTS ( ( 4, 4 ),
 ( 3.141592653589793116, 3.493336677869356421 ),
 .UNSPECIFIED. ) 
 CURVE ( )  GEOMETRIC_REPRESENTATION_ITEM ( )  RATIONAL_B_SPLINE_CURVE ( ( 1.000000000000000000, 0.9897162267460037910, 0.9897162267460037910, 1.000000000000000000 ) ) 
 REPRESENTATION_ITEM ( '' )  );
#1981 = ADVANCED_FACE ( 'NONE', ( #2177 ), #1869, .T. ) ;
#1982 = ORIENTED_EDGE ( 'NONE', *, *, #1176, .T. ) ;
#1983 = LINE ( 'NONE', #3212, #1192 ) ;
#1984 = DIRECTION ( 'NONE',  ( 0.0000000000000000000, -0.0000000000000000000, -1.000000000000000000 ) ) ;
#1985 = EDGE_CURVE ( 'NONE', #2811, #907, #12, .T. ) ;
#1986 = ORIENTED_EDGE ( 'NONE', *, *, #1985, .T. ) ;
#1987 = CARTESIAN_POINT ( 'NONE',  ( -9.533802439760030722, 15.48696978501150667, -2.249999999999999556 ) ) ;
#1988 = ORIENTED_EDGE ( 'NONE', *, *, #1132, .F. ) ;
#1989 = CYLINDRICAL_SURFACE ( 'NONE', #531, 3.000000000000000000 ) ;
#1990 = CARTESIAN_POINT ( 'NONE',  ( 20.27631591763468677, 0.5130302149885161977, 0.08891366150511091637 ) ) ;
#1991 = CARTESIAN_POINT ( 'NONE',  ( 9.002319261149059670, 15.94368458967374735, -2.251274455127773244 ) ) ;
#1992 = LINE ( 'NONE', #1017, #227 ) ;
#1993 = ORIENTED_EDGE ( 'NONE', *, *, #3809, .T. ) ;
#1994 = EDGE_CURVE ( 'NONE', #2702, #2811, #3082, .T. ) ;
#1995 = CARTESIAN_POINT ( 'NONE',  ( 20.33538489251584025, 0.1727061286706515486, -1.632228598142505982 ) ) ;
#1996 = CARTESIAN_POINT ( 'NONE',  ( -11.25833024919768022, -16.50000000000001776, -1.522059531467601756 ) ) ;
#1997 = CARTESIAN_POINT ( 'NONE',  ( -9.533802439760030722, 15.48696978501150667, 0.7500000000000006661 ) ) ;
#1998 = EDGE_LOOP ( 'NONE', ( #546, #1505, #2642, #845 ) ) ;
#1999 = DIRECTION ( 'NONE',  ( -0.0000000000000000000, -0.0000000000000000000, -1.000000000000000000 ) ) ;
#2000 = ORIENTED_EDGE ( 'NONE', *, *, #1443, .F. ) ;
#2001 = ADVANCED_FACE ( 'NONE', ( #584 ), #2416, .F. ) ;
#2002 =( BOUNDED_CURVE ( )  B_SPLINE_CURVE ( 3, ( #3830, #831, #191, #459 ),
 .UNSPECIFIED., .F., .T. ) 
 B_SPLINE_CURVE_WITH_KNOTS ( ( 4, 4 ),
 ( 2.969737902271055052, 3.313447404908530736 ),
 .UNSPECIFIED. ) 
 CURVE ( )  GEOMETRIC_REPRESENTATION_ITEM ( )  RATIONAL_B_SPLINE_CURVE ( ( 1.000000000000000000, 0.9901795204324213007, 0.9901795204324213007, 1.000000000000000000 ) ) 
 REPRESENTATION_ITEM ( '' )  );
#2003 = DIRECTION ( 'NONE',  ( -0.2961981327260211350, 0.1710100716628326634, 0.9396926207859095381 ) ) ;
#2004 = DIRECTION ( 'NONE',  ( -0.4768709627114743332, 0.8259647360705564267, 0.3006265784832201082 ) ) ;
#2005 = ORIENTED_EDGE ( 'NONE', *, *, #3240, .F. ) ;
#2006 = DIRECTION ( 'NONE',  ( -0.8660254037844384856, 0.5000000000000002220, 0.0000000000000000000 ) ) ;
#2007 = AXIS2_PLACEMENT_3D ( 'NONE', #2297, #2920, #2998 ) ;
#2008 = ORIENTED_EDGE ( 'NONE', *, *, #812, .F. ) ;
#2009 = ADVANCED_FACE ( 'NONE', ( #2740 ), #2758, .F. ) ;
#2010 = DIRECTION ( 'NONE',  ( 0.0000000000000000000, 0.7071067811865425767, 0.7071067811865525687 ) ) ;
#2011 = CARTESIAN_POINT ( 'NONE',  ( 20.33538489251584025, 0.1727061286706554066, 0.1322285981425045109 ) ) ;
#2012 = CARTESIAN_POINT ( 'NONE',  ( 9.000000000000000000, 0.0000000000000000000, -3.750000000000000000 ) ) ;
#2013 = CARTESIAN_POINT ( 'NONE',  ( 8.660254037844396180, -18.00000000000001066, -1.522059531467601756 ) ) ;
#2014 = VERTEX_POINT ( 'NONE', #2804 ) ;
#2015 = AXIS2_PLACEMENT_3D ( 'NONE', #1584, #2818, #990 ) ;
#2016 = AXIS2_PLACEMENT_3D ( 'NONE', #141, #2905, #2040 ) ;
#2017 = CARTESIAN_POINT ( 'NONE',  ( 9.235284720177629580, -15.82273752006139311, 0.7517353765073718774 ) ) ;
#2018 = DIRECTION ( 'NONE',  ( -1.000000000000000000, 0.0000000000000000000, 0.0000000000000000000 ) ) ;
#2019 = ORIENTED_EDGE ( 'NONE', *, *, #582, .T. ) ;
#2020 = DIRECTION ( 'NONE',  ( 0.0000000000000000000, 0.0000000000000000000, -1.000000000000000000 ) ) ;
#2021 = CONICAL_SURFACE ( 'NONE', #813, 1.999999999999999112, 1.029744258676654090 ) ;
#2022 = ORIENTED_EDGE ( 'NONE', *, *, #2053, .T. ) ;
#2023 = VECTOR ( 'NONE', #3884, 1000.000000000000000 ) ;
#2024 = CARTESIAN_POINT ( 'NONE',  ( 0.0000000000000000000, 0.0000000000000000000, 3.750000000000000000 ) ) ;
#2025 = CYLINDRICAL_SURFACE ( 'NONE', #1676, 2.999999999999999112 ) ;
#2026 = AXIS2_PLACEMENT_3D ( 'NONE', #1914, #669, #3132 ) ;
#2027 = ORIENTED_EDGE ( 'NONE', *, *, #162, .T. ) ;
#2028 = ADVANCED_FACE ( 'NONE', ( #910 ), #38, .T. ) ;
#2029 = FACE_OUTER_BOUND ( 'NONE', #3704, .T. ) ;
#2030 = VECTOR ( 'NONE', #2196, 1000.000000000000114 ) ;
#2031 = EDGE_LOOP ( 'NONE', ( #1901, #1113, #3094, #1347 ) ) ;
#2032 = VECTOR ( 'NONE', #3475, 1000.000000000000000 ) ;
#2033 = DIRECTION ( 'NONE',  ( -0.9537419254229484444, -4.941910341137068456E-16, -0.3006265784832194421 ) ) ;
#2034 = CARTESIAN_POINT ( 'NONE',  ( -8.660254037844390851, 16.00000000000000711, -2.249969002532633766 ) ) ;
#2035 = CARTESIAN_POINT ( 'NONE',  ( -11.08154546982717825, -16.80620021987457946, 0.02205953146760001801 ) ) ;
#2036 = CARTESIAN_POINT ( 'NONE',  ( 8.299999999999943867, -11.69134295108995580, -0.6499999999999995781 ) ) ;
#2037 = ORIENTED_EDGE ( 'NONE', *, *, #1551, .F. ) ;
#2038 = ADVANCED_FACE ( 'NONE', ( #891 ), #2413, .F. ) ;
#2039 = DIRECTION ( 'NONE',  ( -0.0000000000000000000, -0.0000000000000000000, -1.000000000000000000 ) ) ;
#2040 = DIRECTION ( 'NONE',  ( -1.000000000000000000, 0.0000000000000000000, 0.0000000000000000000 ) ) ;
#2041 = DIRECTION ( 'NONE',  ( 0.0000000000000000000, 0.0000000000000000000, -1.000000000000000000 ) ) ;
#2042 = ADVANCED_FACE ( 'NONE', ( #3970 ), #3350, .F. ) ;
#2043 = EDGE_LOOP ( 'NONE', ( #2633, #251, #3239, #3340 ) ) ;
#2044 = FACE_BOUND ( 'NONE', #472, .T. ) ;
#2045 = LINE ( 'NONE', #2606, #1941 ) ;
#2046 = EDGE_LOOP ( 'NONE', ( #3069, #780, #1089, #124 ) ) ;
#2047 = DIRECTION ( 'NONE',  ( 0.4768709627114747218, -0.8259647360705565378, -0.3006265784832192756 ) ) ;
#2048 = DIRECTION ( 'NONE',  ( -1.000000000000000000, -0.0000000000000000000, -0.0000000000000000000 ) ) ;
#2049 = CARTESIAN_POINT ( 'NONE',  ( -18.17901048134199726, 0.5130302149884934382, -2.249999999999999556 ) ) ;
#2050 = CARTESIAN_POINT ( 'NONE',  ( 9.693860759728316623, 17.81631978732466592, 0.08891366150511141597 ) ) ;
#2051 = CARTESIAN_POINT ( 'NONE',  ( 18.32053500987516870, -0.08662241882537939641, -2.251735376507373321 ) ) ;
#2052 = ORIENTED_EDGE ( 'NONE', *, *, #930, .T. ) ;
#2053 = EDGE_CURVE ( 'NONE', #2625, #3133, #279, .T. ) ;
#2054 = CARTESIAN_POINT ( 'NONE',  ( 0.0000000000000000000, 18.00000000000001066, -1.522059531467601756 ) ) ;
#2055 = CARTESIAN_POINT ( 'NONE',  ( 8.650221476688034983, 16.00000000000000711, 0.7500000000000011102 ) ) ;
#2056 = DIRECTION ( 'NONE',  ( -0.0000000000000000000, -0.0000000000000000000, 1.000000000000000000 ) ) ;
#2057 = EDGE_CURVE ( 'NONE', #2175, #281, #2650, .T. ) ;
#2058 = CARTESIAN_POINT ( 'NONE',  ( 0.0000000000000000000, 0.0000000000000000000, 0.0000000000000000000 ) ) ;
#2059 = EDGE_LOOP ( 'NONE', ( #3166, #319, #3904, #1638, #3762, #3107 ) ) ;
#2060 = EDGE_LOOP ( 'NONE', ( #235, #761, #1761, #3114 ) ) ;
#2061 = CARTESIAN_POINT ( 'NONE',  ( -9.526279441628828337, 15.50000000000000711, 3.750000000000000000 ) ) ;
#2062 = FACE_OUTER_BOUND ( 'NONE', #676, .T. ) ;
#2063 = VECTOR ( 'NONE', #1708, 1000.000000000000000 ) ;
#2064 = ORIENTED_EDGE ( 'NONE', *, *, #630, .T. ) ;
#2065 = CARTESIAN_POINT ( 'NONE',  ( 2.910734535053253475E-15, -15.50000000000003197, 3.750000000000000000 ) ) ;
#2066 = VECTOR ( 'NONE', #786, 1000.000000000000114 ) ;
#2067 = FACE_OUTER_BOUND ( 'NONE', #3488, .T. ) ;
#2068 = CARTESIAN_POINT ( 'NONE',  ( 8.300000000000057554, 11.69134295108989363, 3.750000000000000000 ) ) ;
#2069 = CARTESIAN_POINT ( 'NONE',  ( -9.526279441628828337, 15.50000000000000711, -2.249969002532632434 ) ) ;
#2070 = DIRECTION ( 'NONE',  ( -0.0000000000000000000, -0.0000000000000000000, -1.000000000000000000 ) ) ;
#2071 = ORIENTED_EDGE ( 'NONE', *, *, #2254, .T. ) ;
#2072 = DIRECTION ( 'NONE',  ( 1.000000000000000000, 0.0000000000000000000, 0.0000000000000000000 ) ) ;
#2073 = CARTESIAN_POINT ( 'NONE',  ( 6.750000000000058620, 11.69134295108989363, -3.750000000000000000 ) ) ;
#2074 = EDGE_CURVE ( 'NONE', #3828, #2375, #228, .T. ) ;
#2075 =( GEOMETRIC_REPRESENTATION_CONTEXT ( 3 ) GLOBAL_UNCERTAINTY_ASSIGNED_CONTEXT ( ( #960 ) ) GLOBAL_UNIT_ASSIGNED_CONTEXT ( ( #2115, #2097, #2744 ) ) REPRESENTATION_CONTEXT ( 'NONE', 'WORKASPACE' ) );
#2076 = VECTOR ( 'NONE', #1276, 1000.000000000000000 ) ;
#2077 = EDGE_CURVE ( 'NONE', #1101, #1292, #3644, .T. ) ;
#2078 = ORIENTED_EDGE ( 'NONE', *, *, #1884, .T. ) ;
#2079 = AXIS2_PLACEMENT_3D ( 'NONE', #909, #2393, #3931 ) ;
#2080 = ORIENTED_EDGE ( 'NONE', *, *, #1125, .F. ) ;
#2081 = CARTESIAN_POINT ( 'NONE',  ( -8.660254037844390851, 16.00000000000000711, -2.249969002532633766 ) ) ;
#2082 = CARTESIAN_POINT ( 'NONE',  ( -8.660254037844369535, -18.00000000000001421, -1.522059531467601756 ) ) ;
#2083 = VECTOR ( 'NONE', #1863, 1000.000000000000227 ) ;
#2084 = VERTEX_POINT ( 'NONE', #3221 ) ;
#2085 = ORIENTED_EDGE ( 'NONE', *, *, #1690, .T. ) ;
#2086 = CARTESIAN_POINT ( 'NONE',  ( -6.075000000000001066, -10.52220865598098776, 3.750000000000001332 ) ) ;
#2087 = FACE_OUTER_BOUND ( 'NONE', #59, .T. ) ;
#2088 = CARTESIAN_POINT ( 'NONE',  ( -13.42339375865882367, 7.750000000000001776, 3.750000000000000000 ) ) ;
#2089 = DIRECTION ( 'NONE',  ( 0.0000000000000000000, -0.3420201433256663814, -0.9396926207859093161 ) ) ;
#2090 = ORIENTED_EDGE ( 'NONE', *, *, #3720, .F. ) ;
#2091 = AXIS2_PLACEMENT_3D ( 'NONE', #3104, #1801, #2475 ) ;
#2092 = AXIS2_PLACEMENT_3D ( 'NONE', #3372, #955, #39 ) ;
#2093 = CARTESIAN_POINT ( 'NONE',  ( 9.093266739736629134, 15.25000000000001776, 3.750000000000000000 ) ) ;
#2094 = DIRECTION ( 'NONE',  ( 0.0000000000000000000, 0.0000000000000000000, 1.000000000000000000 ) ) ;
#2095 = ADVANCED_FACE ( 'NONE', ( #3833 ), #1290, .F. ) ;
#2096 = EDGE_CURVE ( 'NONE', #3397, #3254, #1970, .T. ) ;
#2097 =( NAMED_UNIT ( * ) PLANE_ANGLE_UNIT ( ) SI_UNIT ( $, .RADIAN. ) );
#2098 = ORIENTED_EDGE ( 'NONE', *, *, #2270, .F. ) ;
#2099 = DIRECTION ( 'NONE',  ( -0.0000000000000000000, -0.0000000000000000000, 1.000000000000000000 ) ) ;
#2100 = ADVANCED_FACE ( 'NONE', ( #3751 ), #707, .T. ) ;
#2101 = CARTESIAN_POINT ( 'NONE',  ( -8.552519010925422549, 17.18660254037845192, 0.7500000000000006661 ) ) ;
#2102 = EDGE_LOOP ( 'NONE', ( #779, #2019, #3358, #312 ) ) ;
#2103 = ORIENTED_EDGE ( 'NONE', *, *, #2, .T. ) ;
#2104 = FACE_OUTER_BOUND ( 'NONE', #3768, .T. ) ;
#2105 = EDGE_CURVE ( 'NONE', #1418, #2857, #2241, .T. ) ;
#2106 = FACE_OUTER_BOUND ( 'NONE', #241, .T. ) ;
#2107 = LINE ( 'NONE', #2836, #464 ) ;
#2108 = CARTESIAN_POINT ( 'NONE',  ( 8.660254037844396180, -15.00000000000001066, 3.750000000000000000 ) ) ;
#2109 =( BOUNDED_CURVE ( )  B_SPLINE_CURVE ( 3, ( #122, #243, #2156, #1588 ),
 .UNSPECIFIED., .F., .F. ) 
 B_SPLINE_CURVE_WITH_KNOTS ( ( 4, 4 ),
 ( 6.217794147335327702E-17, 0.3517440242795616401 ),
 .UNSPECIFIED. ) 
 CURVE ( )  GEOMETRIC_REPRESENTATION_ITEM ( )  RATIONAL_B_SPLINE_CURVE ( ( 1.000000000000000000, 0.9897162267460037910, 0.9897162267460037910, 1.000000000000000000 ) ) 
 REPRESENTATION_ITEM ( '' )  );
#2110 = ORIENTED_EDGE ( 'NONE', *, *, #257, .F. ) ;
#2111 = FACE_OUTER_BOUND ( 'NONE', #2535, .T. ) ;
#2112 = CARTESIAN_POINT ( 'NONE',  ( -6.075000000000001066, -10.52220865598098776, 0.7499999999999997780 ) ) ;
#2113 = DIRECTION ( 'NONE',  ( 0.0000000000000000000, 0.0000000000000000000, 1.000000000000000000 ) ) ;
#2114 = ORIENTED_EDGE ( 'NONE', *, *, #3302, .T. ) ;
#2115 =( LENGTH_UNIT ( ) NAMED_UNIT ( * ) SI_UNIT ( .MILLI., .METRE. ) );
#2116 = ORIENTED_EDGE ( 'NONE', *, *, #3087, .T. ) ;
#2117 = ORIENTED_EDGE ( 'NONE', *, *, #1604, .T. ) ;
#2118 = LINE ( 'NONE', #3296, #2988 ) ;
#2119 = CARTESIAN_POINT ( 'NONE',  ( -8.660254037844373087, -16.00000000000001421, 3.250000000000013323 ) ) ;
#2120 = ORIENTED_EDGE ( 'NONE', *, *, #1658, .F. ) ;
#2121 = ORIENTED_EDGE ( 'NONE', *, *, #3831, .F. ) ;
#2122 = ADVANCED_FACE ( 'NONE', ( #2570 ), #2705, .T. ) ;
#2123 = CARTESIAN_POINT ( 'NONE',  ( 5.199999999999945999, -11.69134295108995580, -3.750000000000000000 ) ) ;
#2124 = LINE ( 'NONE', #1167, #2282 ) ;
#2125 = FACE_OUTER_BOUND ( 'NONE', #2707, .T. ) ;
#2126 = ORIENTED_EDGE ( 'NONE', *, *, #1041, .T. ) ;
#2127 = AXIS2_PLACEMENT_3D ( 'NONE', #2591, #1332, #2840 ) ;
#2128 = EDGE_CURVE ( 'NONE', #3451, #769, #2899, .T. ) ;
#2129 =( BOUNDED_CURVE ( )  B_SPLINE_CURVE ( 3, ( #440, #825, #1624, #3903 ),
 .UNSPECIFIED., .F., .F. ) 
 B_SPLINE_CURVE_WITH_KNOTS ( ( 4, 4 ),
 ( 2.218314947351627708, 2.222721619450676922 ),
 .UNSPECIFIED. ) 
 CURVE ( )  GEOMETRIC_REPRESENTATION_ITEM ( )  RATIONAL_B_SPLINE_CURVE ( ( 1.000000000000000000, 0.9999983817707388534, 0.9999983817707388534, 1.000000000000000000 ) ) 
 REPRESENTATION_ITEM ( '' )  );
#2130 = FACE_OUTER_BOUND ( 'NONE', #899, .T. ) ;
#2131 = DIRECTION ( 'NONE',  ( 0.4999999999999996114, 0.8660254037844388186, -0.0000000000000000000 ) ) ;
#2132 = DIRECTION ( 'NONE',  ( -0.4999999999999996114, -0.8660254037844388186, 0.0000000000000000000 ) ) ;
#2133 = CIRCLE ( 'NONE', #983, 1.000000000000000888 ) ;
#2134 = ORIENTED_EDGE ( 'NONE', *, *, #262, .T. ) ;
#2135 = EDGE_CURVE ( 'NONE', #3672, #3727, #115, .T. ) ;
#2136 = AXIS2_PLACEMENT_3D ( 'NONE', #454, #3587, #2624 ) ;
#2137 = APPLICATION_PROTOCOL_DEFINITION ( 'draft international standard', 'automotive_design', 1998, #2216 ) ;
#2138 = AXIS2_PLACEMENT_3D ( 'NONE', #3719, #80, #2846 ) ;
#2139 = ORIENTED_EDGE ( 'NONE', *, *, #1032, .F. ) ;
#2140 = ORIENTED_EDGE ( 'NONE', *, *, #1853, .F. ) ;
#2141 = DIRECTION ( 'NONE',  ( 0.4768709627114741667, 0.8259647360705567598, 0.3006265784832192756 ) ) ;
#2142 = DIRECTION ( 'NONE',  ( -1.000000000000000000, 0.0000000000000000000, 0.0000000000000000000 ) ) ;
#2143 = ORIENTED_EDGE ( 'NONE', *, *, #2456, .F. ) ;
#2144 = CIRCLE ( 'NONE', #1889, 0.4999999999999917843 ) ;
#2145 = ORIENTED_EDGE ( 'NONE', *, *, #2499, .F. ) ;
#2146 = EDGE_CURVE ( 'NONE', #2183, #3481, #3291, .T. ) ;
#2147 = VECTOR ( 'NONE', #2427, 1000.000000000000000 ) ;
#2148 = CARTESIAN_POINT ( 'NONE',  ( 11.25833024919771574, 16.50000000000001066, 0.02205953146760110395 ) ) ;
#2149 = CARTESIAN_POINT ( 'NONE',  ( -9.526279441628812350, -15.50000000000001421, 0.7499690025326306575 ) ) ;
#2150 = DIRECTION ( 'NONE',  ( 0.2961981327260209129, 0.1710100716628329132, 0.9396926207859096492 ) ) ;
#2151 = LINE ( 'NONE', #34, #3757 ) ;
#2152 = EDGE_CURVE ( 'NONE', #3013, #353, #2695, .T. ) ;
#2153 = ORIENTED_EDGE ( 'NONE', *, *, #257, .T. ) ;
#2154 = AXIS2_PLACEMENT_3D ( 'NONE', #2386, #216, #3625 ) ;
#2155 = LINE ( 'NONE', #3394, #3827 ) ;
#2156 = CARTESIAN_POINT ( 'NONE',  ( -20.21585196205656842, 0.8613914397884968599, 0.04457579361455055872 ) ) ;
#2157 = AXIS2_PLACEMENT_3D ( 'NONE', #2426, #3663, #560 ) ;
#2158 = DIRECTION ( 'NONE',  ( -0.3006265784832202193, 0.0000000000000000000, -0.9537419254229480003 ) ) ;
#2159 = ADVANCED_FACE ( 'NONE', ( #1349 ), #1949, .T. ) ;
#2160 = ORIENTED_EDGE ( 'NONE', *, *, #3479, .T. ) ;
#2161 = MECHANICAL_DESIGN_GEOMETRIC_PRESENTATION_REPRESENTATION (  '', ( #96 ), #941 ) ;
#2162 = CARTESIAN_POINT ( 'NONE',  ( -9.526279441628808797, -15.50000000000001776, 3.750000000000000000 ) ) ;
#2163 = EDGE_CURVE ( 'NONE', #2454, #619, #2771, .T. ) ;
#2164 = VERTEX_POINT ( 'NONE', #2256 ) ;
#2165 = EDGE_LOOP ( 'NONE', ( #3421, #3173 ) ) ;
#2166 = DIRECTION ( 'NONE',  ( 0.5000000000000004441, -0.8660254037844383745, -0.0000000000000000000 ) ) ;
#2167 = EDGE_CURVE ( 'NONE', #1555, #1936, #1856, .T. ) ;
#2168 = LINE ( 'NONE', #2101, #3171 ) ;
#2169 = ORIENTED_EDGE ( 'NONE', *, *, #1144, .T. ) ;
#2170 = ORIENTED_EDGE ( 'NONE', *, *, #3979, .F. ) ;
#2171 = CARTESIAN_POINT ( 'NONE',  ( 9.693860759728320176, -17.81631978732466237, -1.588913661505113151 ) ) ;
#2172 = CARTESIAN_POINT ( 'NONE',  ( -8.645208041581943448, -16.00000000000001066, 0.7500000000000004441 ) ) ;
#2173 = CARTESIAN_POINT ( 'NONE',  ( -8.660254037844373087, -15.50000000000000711, -3.750000000000000000 ) ) ;
#2174 = CARTESIAN_POINT ( 'NONE',  ( 18.18653347947321919, 0.5000000000000054401, 0.7499690025326365417 ) ) ;
#2175 = VERTEX_POINT ( 'NONE', #2676 ) ;
#2176 = DIRECTION ( 'NONE',  ( 0.0000000000000000000, 0.0000000000000000000, -1.000000000000000000 ) ) ;
#2177 = FACE_OUTER_BOUND ( 'NONE', #3611, .T. ) ;
#2178 = CARTESIAN_POINT ( 'NONE',  ( 9.093266739736634463, -15.25000000000002132, 3.750000000000000000 ) ) ;
#2179 = ORIENTED_EDGE ( 'NONE', *, *, #1658, .T. ) ;
#2180 = EDGE_CURVE ( 'NONE', #487, #88, #1809, .T. ) ;
#2181 = CARTESIAN_POINT ( 'NONE',  ( 9.085250289697546222, 15.90935993888677835, 0.7517353765073745420 ) ) ;
#2182 = DIRECTION ( 'NONE',  ( 0.0000000000000000000, 0.0000000000000000000, 1.000000000000000000 ) ) ;
#2183 = VERTEX_POINT ( 'NONE', #870 ) ;
#2184 = ORIENTED_EDGE ( 'NONE', *, *, #3093, .T. ) ;
#2185 = EDGE_CURVE ( 'NONE', #1165, #99, #3283, .T. ) ;
#2186 = DIRECTION ( 'NONE',  ( -0.8660254037844389297, 0.4999999999999996114, 0.0000000000000000000 ) ) ;
#2187 = CARTESIAN_POINT ( 'NONE',  ( 8.660254037844396180, -18.00000000000001066, -1.522059531467601756 ) ) ;
#2188 = EDGE_LOOP ( 'NONE', ( #2120, #559, #2889, #234 ) ) ;
#2189 = ORIENTED_EDGE ( 'NONE', *, *, #3996, .T. ) ;
#2190 = CARTESIAN_POINT ( 'NONE',  ( -13.50000000000000355, 7.041308691801725122E-14, -0.6499999999999995781 ) ) ;
#2191 = DIRECTION ( 'NONE',  ( -0.3006265784832191090, 0.0000000000000000000, -0.9537419254229484444 ) ) ;
#2192 = FACE_OUTER_BOUND ( 'NONE', #463, .T. ) ;
#2193 = DIRECTION ( 'NONE',  ( -1.000000000000000000, -1.877893248421449775E-16, 0.0000000000000000000 ) ) ;
#2194 = ORIENTED_EDGE ( 'NONE', *, *, #1960, .F. ) ;
#2195 = FACE_OUTER_BOUND ( 'NONE', #565, .T. ) ;
#2196 = DIRECTION ( 'NONE',  ( -0.4999999999999993894, -0.8660254037844389297, -0.0000000000000000000 ) ) ;
#2197 = CARTESIAN_POINT ( 'NONE',  ( 9.533802439760044933, -15.48696978501150667, 0.7500000000000006661 ) ) ;
#2198 = ORIENTED_EDGE ( 'NONE', *, *, #3411, .F. ) ;
#2199 = VECTOR ( 'NONE', #2131, 1000.000000000000000 ) ;
#2200 = EDGE_CURVE ( 'NONE', #3628, #860, #131, .T. ) ;
#2201 = CONICAL_SURFACE ( 'NONE', #856, 2.000000000000000000, 1.029744258676654090 ) ;
#2202 = CARTESIAN_POINT ( 'NONE',  ( 8.660254037844397956, 15.00000000000001066, 0.02205953146760110395 ) ) ;
#2203 = EDGE_CURVE ( 'NONE', #3726, #1165, #756, .T. ) ;
#2204 = AXIS2_PLACEMENT_3D ( 'NONE', #1442, #1459, #2357 ) ;
#2205 = EDGE_LOOP ( 'NONE', ( #966, #1575, #171, #2725, #3784, #1515 ) ) ;
#2206 = ORIENTED_EDGE ( 'NONE', *, *, #87, .F. ) ;
#2207 = FACE_OUTER_BOUND ( 'NONE', #3355, .T. ) ;
#2208 = VECTOR ( 'NONE', #1370, 1000.000000000000114 ) ;
#2209 = EDGE_CURVE ( 'NONE', #1454, #3645, #2631, .T. ) ;
#2210 = EDGE_LOOP ( 'NONE', ( #2145, #1793, #1447 ) ) ;
#2211 = CARTESIAN_POINT ( 'NONE',  ( 9.693860759728316623, 17.81631978732466592, 0.08891366150511141597 ) ) ;
#2212 = CARTESIAN_POINT ( 'NONE',  ( -18.18653347947320853, 0.4999999999999900080, -3.249999999999999556 ) ) ;
#2213 = LINE ( 'NONE', #1601, #1545 ) ;
#2214 = PLANE ( 'NONE',  #1556 ) ;
#2215 = ORIENTED_EDGE ( 'NONE', *, *, #2374, .F. ) ;
#2216 = APPLICATION_CONTEXT ( 'automotive_design' ) ;
#2217 = CONICAL_SURFACE ( 'NONE', #609, 0.5000000000000213163, 0.7853981633974405074 ) ;
#2218 = CARTESIAN_POINT ( 'NONE',  ( 8.660254037844390851, 15.00000000000000711, 3.750000000000000000 ) ) ;
#2219 = DIRECTION ( 'NONE',  ( -1.000000000000000000, 0.0000000000000000000, 0.0000000000000000000 ) ) ;
#2220 = CARTESIAN_POINT ( 'NONE',  ( 0.0000000000000000000, 0.0000000000000000000, 3.249999999999994227 ) ) ;
#2221 = ORIENTED_EDGE ( 'NONE', *, *, #2274, .F. ) ;
#2222 = EDGE_CURVE ( 'NONE', #1721, #2436, #3028, .T. ) ;
#2223 = CIRCLE ( 'NONE', #2403, 9.500000000000001776 ) ;
#2224 = VECTOR ( 'NONE', #3338, 1000.000000000000114 ) ;
#2225 = CARTESIAN_POINT ( 'NONE',  ( 18.18653347947322274, -0.4999999999999952260, 3.750000000000000000 ) ) ;
#2226 = CIRCLE ( 'NONE', #490, 1.000000000000000000 ) ;
#2227 = FACE_OUTER_BOUND ( 'NONE', #716, .T. ) ;
#2228 = AXIS2_PLACEMENT_3D ( 'NONE', #1299, #2186, #679 ) ;
#2229 = ORIENTED_EDGE ( 'NONE', *, *, #1392, .F. ) ;
#2230 = VERTEX_POINT ( 'NONE', #174 ) ;
#2231 = DIRECTION ( 'NONE',  ( -0.0000000000000000000, -0.0000000000000000000, 1.000000000000000000 ) ) ;
#2232 = ORIENTED_EDGE ( 'NONE', *, *, #879, .T. ) ;
#2233 = EDGE_CURVE ( 'NONE', #342, #1215, #915, .T. ) ;
#2234 = CARTESIAN_POINT ( 'NONE',  ( -8.660254037844389075, 15.50000000000002842, 3.750000000000000000 ) ) ;
#2235 = LINE ( 'NONE', #3098, #1438 ) ;
#2236 = CARTESIAN_POINT ( 'NONE',  ( 17.32050807568878170, 5.854691731421723944E-15, -3.750000000000000000 ) ) ;
#2237 = CARTESIAN_POINT ( 'NONE',  ( -20.32050807568876749, -8.043617798948561949E-15, 0.1213195146595714147 ) ) ;
#2238 = ORIENTED_EDGE ( 'NONE', *, *, #1551, .T. ) ;
#2239 = ADVANCED_FACE ( 'NONE', ( #1111 ), #2943, .T. ) ;
#2240 = CARTESIAN_POINT ( 'NONE',  ( 8.660254037844394404, -16.00000000000001066, -3.249999999999999556 ) ) ;
#2241 = LINE ( 'NONE', #2534, #3097 ) ;
#2242 = VERTEX_POINT ( 'NONE', #3609 ) ;
#2243 = CARTESIAN_POINT ( 'NONE',  ( 8.748426447681579177, 16.00000000000000355, 0.7496058374510441435 ) ) ;
#2244 = DIRECTION ( 'NONE',  ( -1.000000000000000000, 0.0000000000000000000, 0.0000000000000000000 ) ) ;
#2245 = VERTEX_POINT ( 'NONE', #3871 ) ;
#2246 = ORIENTED_EDGE ( 'NONE', *, *, #2701, .F. ) ;
#2247 = LINE ( 'NONE', #3482, #3582 ) ;
#2248 = EDGE_LOOP ( 'NONE', ( #1013, #696, #2206, #3680, #324, #2189 ) ) ;
#2249 = CARTESIAN_POINT ( 'NONE',  ( 9.693860759728320176, -17.81631978732466237, -1.588913661505113151 ) ) ;
#2250 = CARTESIAN_POINT ( 'NONE',  ( 18.47520861406803760, 6.490238746183330561E-15, 3.750000000000000000 ) ) ;
#2251 = CARTESIAN_POINT ( 'NONE',  ( -4.075000000000001954, -10.52220865598098776, 0.7499999999999997780 ) ) ;
#2252 = CARTESIAN_POINT ( 'NONE',  ( -8.645208041581964764, 16.00000000000000711, 0.7500000000000007772 ) ) ;
#2253 = ORIENTED_EDGE ( 'NONE', *, *, #2679, .F. ) ;
#2254 = EDGE_CURVE ( 'NONE', #3835, #1815, #2488, .T. ) ;
#2255 = CARTESIAN_POINT ( 'NONE',  ( 17.32050807568878170, 5.854691731421723944E-15, 3.250000000000013323 ) ) ;
#2256 = CARTESIAN_POINT ( 'NONE',  ( 9.093266739736604265, 15.25000000000000533, -3.750000000000000000 ) ) ;
#2257 = SURFACE_SIDE_STYLE ('',( #1054 ) ) ;
#2258 = VERTEX_POINT ( 'NONE', #194 ) ;
#2259 = EDGE_CURVE ( 'NONE', #724, #88, #3793, .T. ) ;
#2260 = DIRECTION ( 'NONE',  ( -1.000000000000000000, 0.0000000000000000000, 0.0000000000000000000 ) ) ;
#2261 = DIRECTION ( 'NONE',  ( -0.4768709627114740002, -0.8259647360705568708, 0.3006265784832193311 ) ) ;
#2262 = CARTESIAN_POINT ( 'NONE',  ( 11.25833024919771574, 16.50000000000001066, 0.02205953146760110395 ) ) ;
#2263 = ORIENTED_EDGE ( 'NONE', *, *, #2967, .F. ) ;
#2264 = CARTESIAN_POINT ( 'NONE',  ( 10.31726034107596313, 17.52460684831767779, -1.632228598142505538 ) ) ;
#2265 = VERTEX_POINT ( 'NONE', #3927 ) ;
#2266 = DIRECTION ( 'NONE',  ( 1.000000000000000000, 0.0000000000000000000, 0.0000000000000000000 ) ) ;
#2267 = CARTESIAN_POINT ( 'NONE',  ( 8.660254037844390851, 15.50000000000000000, -3.750000000000000000 ) ) ;
#2268 = DIRECTION ( 'NONE',  ( 0.0000000000000000000, -1.000000000000000000, 0.0000000000000000000 ) ) ;
#2269 = ORIENTED_EDGE ( 'NONE', *, *, #2628, .T. ) ;
#2270 = EDGE_CURVE ( 'NONE', #3481, #2258, #3853, .T. ) ;
#2271 = CIRCLE ( 'NONE', #2587, 0.4999999999999935052 ) ;
#2272 = ORIENTED_EDGE ( 'NONE', *, *, #3431, .F. ) ;
#2273 = CIRCLE ( 'NONE', #3376, 1.999999999999999112 ) ;
#2274 = EDGE_CURVE ( 'NONE', #3181, #3907, #3230, .T. ) ;
#2275 = CYLINDRICAL_SURFACE ( 'NONE', #3633, 2.999999999999999112 ) ;
#2276 = CARTESIAN_POINT ( 'NONE',  ( 9.526279441628830114, 15.50000000000000711, -2.249969002532636431 ) ) ;
#2277 = FACE_OUTER_BOUND ( 'NONE', #3763, .T. ) ;
#2278 = VERTEX_POINT ( 'NONE', #3244 ) ;
#2279 = VECTOR ( 'NONE', #2680, 1000.000000000000000 ) ;
#2280 = EDGE_CURVE ( 'NONE', #3451, #1510, #1422, .T. ) ;
#2281 = LINE ( 'NONE', #3898, #2589 ) ;
#2282 = VECTOR ( 'NONE', #3362, 1000.000000000000000 ) ;
#2283 = CARTESIAN_POINT ( 'NONE',  ( 8.748426797734458304, -16.00000000000001421, 0.7496058360092424655 ) ) ;
#2284 = VECTOR ( 'NONE', #1235, 999.9999999999998863 ) ;
#2285 = ORIENTED_EDGE ( 'NONE', *, *, #2326, .F. ) ;
#2286 = EDGE_CURVE ( 'NONE', #664, #3378, #1980, .T. ) ;
#2287 = CARTESIAN_POINT ( 'NONE',  ( 8.660254037844390851, 16.00000000000000711, -2.249969002532632434 ) ) ;
#2288 = VECTOR ( 'NONE', #1892, 1000.000000000000000 ) ;
#2289 = ORIENTED_EDGE ( 'NONE', *, *, #1269, .T. ) ;
#2290 =( BOUNDED_CURVE ( )  B_SPLINE_CURVE ( 3, ( #2262, #2985, #3289, #201 ),
 .UNSPECIFIED., .F., .T. ) 
 B_SPLINE_CURVE_WITH_KNOTS ( ( 4, 4 ),
 ( 1.445602896647338917E-16, 0.3517440242795599192 ),
 .UNSPECIFIED. ) 
 CURVE ( )  GEOMETRIC_REPRESENTATION_ITEM ( )  RATIONAL_B_SPLINE_CURVE ( ( 1.000000000000000000, 0.9897162267460039020, 0.9897162267460039020, 1.000000000000000000 ) ) 
 REPRESENTATION_ITEM ( '' )  );
#2291 = EDGE_CURVE ( 'NONE', #211, #99, #3593, .T. ) ;
#2292 = CARTESIAN_POINT ( 'NONE',  ( -20.09536906641259080, 1.193799780125426757, -1.522059531467601312 ) ) ;
#2293 = CARTESIAN_POINT ( 'NONE',  ( 10.60777489925119710, 18.00000000000001066, 0.02205953146760110395 ) ) ;
#2294 = ORIENTED_EDGE ( 'NONE', *, *, #2575, .T. ) ;
#2295 = CARTESIAN_POINT ( 'NONE',  ( -9.526279441628828337, 15.50000000000000711, -2.249969002532632434 ) ) ;
#2296 = EDGE_LOOP ( 'NONE', ( #2246, #1756, #634 ) ) ;
#2297 = CARTESIAN_POINT ( 'NONE',  ( -13.50000000000000355, 7.041308691801725122E-14, -0.6499999999999995781 ) ) ;
#2298 = CARTESIAN_POINT ( 'NONE',  ( 0.0000000000000000000, 0.0000000000000000000, -3.750000000000000000 ) ) ;
#2299 = CARTESIAN_POINT ( 'NONE',  ( 9.482193236710235951, 15.57635954683190960, -2.249605837451044810 ) ) ;
#2300 = FACE_OUTER_BOUND ( 'NONE', #1188, .T. ) ;
#2301 = ORIENTED_EDGE ( 'NONE', *, *, #2074, .F. ) ;
#2302 = DIRECTION ( 'NONE',  ( -0.0000000000000000000, -0.0000000000000000000, 1.000000000000000000 ) ) ;
#2303 = LINE ( 'NONE', #1081, #3435 ) ;
#2304 = ADVANCED_FACE ( 'NONE', ( #2192 ), #1224, .F. ) ;
#2305 = DIRECTION ( 'NONE',  ( 1.000000000000000000, 0.0000000000000000000, 0.0000000000000000000 ) ) ;
#2306 = ORIENTED_EDGE ( 'NONE', *, *, #1409, .T. ) ;
#2307 = CARTESIAN_POINT ( 'NONE',  ( 10.58245515790638258, -17.30328957233616549, -1.588913661505111818 ) ) ;
#2308 = EDGE_CURVE ( 'NONE', #2436, #1721, #2907, .T. ) ;
#2309 = ORIENTED_EDGE ( 'NONE', *, *, #2479, .T. ) ;
#2310 = DIRECTION ( 'NONE',  ( -1.000000000000000000, 0.0000000000000000000, 0.0000000000000000000 ) ) ;
#2311 = ORIENTED_EDGE ( 'NONE', *, *, #1171, .F. ) ;
#2312 = DIRECTION ( 'NONE',  ( 0.8660254037844390407, -0.4999999999999994449, 0.0000000000000000000 ) ) ;
#2313 = ORIENTED_EDGE ( 'NONE', *, *, #1610, .F. ) ;
#2314 = CARTESIAN_POINT ( 'NONE',  ( -17.75352077758098801, -0.2500000000000077161, -3.750000000000000000 ) ) ;
#2315 = CARTESIAN_POINT ( 'NONE',  ( -8.650221476688029654, 16.00000000000000711, -2.250000000000000444 ) ) ;
#2316 = DIRECTION ( 'NONE',  ( 1.000000000000000000, 0.0000000000000000000, 0.0000000000000000000 ) ) ;
#2317 = PRESENTATION_STYLE_ASSIGNMENT (( #3491 ) ) ;
#2318 = ORIENTED_EDGE ( 'NONE', *, *, #2543, .F. ) ;
#2319 = CARTESIAN_POINT ( 'NONE',  ( 10.85391285048759791, 17.07674563839223225, -1.544575793614552328 ) ) ;
#2320 = CARTESIAN_POINT ( 'NONE',  ( 20.89234471774550883, -0.1866025403784339620, 0.02205953146760110395 ) ) ;
#2321 = EDGE_CURVE ( 'NONE', #1101, #2448, #3534, .T. ) ;
#2322 = CARTESIAN_POINT ( 'NONE',  ( -10.58245515790634528, -17.30328957233617615, 0.08891366150511016697 ) ) ;
#2323 = ORIENTED_EDGE ( 'NONE', *, *, #3479, .F. ) ;
#2324 = PRODUCT_DEFINITION_SHAPE ( 'NONE', 'NONE',  #1526 ) ;
#2325 = FACE_OUTER_BOUND ( 'NONE', #998, .T. ) ;
#2326 = EDGE_CURVE ( 'NONE', #2857, #2014, #589, .T. ) ;
#2327 = VERTEX_POINT ( 'NONE', #2469 ) ;
#2328 = CARTESIAN_POINT ( 'NONE',  ( -20.32050807568876749, -0.1720665721936451842, 0.1213195146595714008 ) ) ;
#2329 = ADVANCED_FACE ( 'NONE', ( #296 ), #2201, .F. ) ;
#2330 = PLANE ( 'NONE',  #336 ) ;
#2331 = EDGE_LOOP ( 'NONE', ( #2615, #3247, #1457, #2121, #177, #1927 ) ) ;
#2332 = CARTESIAN_POINT ( 'NONE',  ( 12.15000000000000036, 0.0000000000000000000, 0.7499999999999997780 ) ) ;
#2333 = AXIS2_PLACEMENT_3D ( 'NONE', #20, #326, #2244 ) ;
#2334 = ORIENTED_EDGE ( 'NONE', *, *, #2552, .F. ) ;
#2335 = FACE_OUTER_BOUND ( 'NONE', #1540, .T. ) ;
#2336 = CARTESIAN_POINT ( 'NONE',  ( -10.58245515790634528, -17.30328957233617615, 0.08891366150511016697 ) ) ;
#2337 = CARTESIAN_POINT ( 'NONE',  ( 8.660254037844390851, 15.00000000000000711, 3.250000000000013323 ) ) ;
#2338 = EDGE_LOOP ( 'NONE', ( #3873, #1813, #376, #2289 ) ) ;
#2339 = VECTOR ( 'NONE', #2893, 1000.000000000000000 ) ;
#2340 = ADVANCED_FACE ( 'NONE', ( #254 ), #5, .F. ) ;
#2341 = CARTESIAN_POINT ( 'NONE',  ( 8.660254037844396180, -15.00000000000001066, 3.250000000000013323 ) ) ;
#2342 = LINE ( 'NONE', #3577, #1576 ) ;
#2343 = AXIS2_PLACEMENT_3D ( 'NONE', #2341, #430, #1974 ) ;
#2344 = ORIENTED_EDGE ( 'NONE', *, *, #705, .F. ) ;
#2345 = AXIS2_PLACEMENT_3D ( 'NONE', #2590, #3220, #3832 ) ;
#2346 = CARTESIAN_POINT ( 'NONE',  ( 17.75352077758102354, 0.2500000000000164313, 3.750000000000000000 ) ) ;
#2347 = VERTEX_POINT ( 'NONE', #3983 ) ;
#2348 = AXIS2_PLACEMENT_3D ( 'NONE', #2190, #745, #1265 ) ;
#2349 = DIRECTION ( 'NONE',  ( 1.000000000000000000, 0.0000000000000000000, -0.0000000000000000000 ) ) ;
#2350 = CARTESIAN_POINT ( 'NONE',  ( -8.075000000000050804, 10.52220865598089894, 0.7499999999999997780 ) ) ;
#2351 = PRESENTATION_LAYER_ASSIGNMENT (  '', '', ( #96 ) ) ;
#2352 = EDGE_LOOP ( 'NONE', ( #1821, #3385, #2008, #3270, #314 ) ) ;
#2353 = FACE_OUTER_BOUND ( 'NONE', #2059, .T. ) ;
#2354 = ORIENTED_EDGE ( 'NONE', *, *, #1264, .F. ) ;
#2355 = EDGE_CURVE ( 'NONE', #2952, #1922, #3935, .T. ) ;
#2356 = AXIS2_PLACEMENT_3D ( 'NONE', #2613, #1666, #1930 ) ;
#2357 = DIRECTION ( 'NONE',  ( 1.000000000000000000, 0.0000000000000000000, 0.0000000000000000000 ) ) ;
#2358 = CARTESIAN_POINT ( 'NONE',  ( 18.26380261047790654, 0.3432433352958583206, 0.7502120004604190262 ) ) ;
#2359 = CARTESIAN_POINT ( 'NONE',  ( -18.17901048134199726, 0.5130302149884918839, 0.7500000000000002220 ) ) ;
#2360 = ORIENTED_EDGE ( 'NONE', *, *, #3761, .T. ) ;
#2361 = ADVANCED_FACE ( 'NONE', ( #642 ), #2446, .F. ) ;
#2362 = DIRECTION ( 'NONE',  ( -0.0000000000000000000, -0.0000000000000000000, -1.000000000000000000 ) ) ;
#2363 = DIRECTION ( 'NONE',  ( -1.000000000000000000, 0.0000000000000000000, 0.0000000000000000000 ) ) ;
#2364 = LINE ( 'NONE', #3600, #535 ) ;
#2365 = CARTESIAN_POINT ( 'NONE',  ( 0.0000000000000000000, 18.00000000000001066, 0.02205953146760110395 ) ) ;
#2366 = VERTEX_POINT ( 'NONE', #2173 ) ;
#2367 = CARTESIAN_POINT ( 'NONE',  ( -17.75352077758100933, -0.2500000000000202061, 3.750000000000000000 ) ) ;
#2368 = DIRECTION ( 'NONE',  ( 0.0000000000000000000, -0.7071067811865525687, -0.7071067811865425767 ) ) ;
#2369 = ORIENTED_EDGE ( 'NONE', *, *, #2701, .T. ) ;
#2370 = FACE_OUTER_BOUND ( 'NONE', #2655, .T. ) ;
#2371 = DIRECTION ( 'NONE',  ( 1.000000000000000000, 0.0000000000000000000, 0.0000000000000000000 ) ) ;
#2372 = DIRECTION ( 'NONE',  ( 1.000000000000000000, 0.0000000000000000000, 0.0000000000000000000 ) ) ;
#2373 = DIRECTION ( 'NONE',  ( 1.000000000000000000, 0.0000000000000000000, 0.0000000000000000000 ) ) ;
#2374 = EDGE_CURVE ( 'NONE', #1815, #64, #861, .T. ) ;
#2375 = VERTEX_POINT ( 'NONE', #949 ) ;
#2376 = CARTESIAN_POINT ( 'NONE',  ( 8.299999999999943867, -11.69134295108995580, -0.6499999999999995781 ) ) ;
#2377 = CARTESIAN_POINT ( 'NONE',  ( 0.0000000000000000000, 0.0000000000000000000, -3.249999999999990674 ) ) ;
#2378 = EDGE_CURVE ( 'NONE', #2825, #7, #3685, .T. ) ;
#2379 = EDGE_LOOP ( 'NONE', ( #1549, #1630, #2103, #2232 ) ) ;
#2380 = LINE ( 'NONE', #881, #2536 ) ;
#2381 = CYLINDRICAL_SURFACE ( 'NONE', #1548, 1.549999999999999378 ) ;
#2382 = ORIENTED_EDGE ( 'NONE', *, *, #3929, .T. ) ;
#2383 = EDGE_LOOP ( 'NONE', ( #1494, #1919, #3317, #2706 ) ) ;
#2384 = VECTOR ( 'NONE', #2368, 999.9999999999998863 ) ;
#2385 = DIRECTION ( 'NONE',  ( 0.0000000000000000000, -0.3420201433256655488, 0.9396926207859095381 ) ) ;
#2386 = CARTESIAN_POINT ( 'NONE',  ( -19.16029391017660188, 1.186602540378433046, 0.7500000000000006661 ) ) ;
#2387 = DIRECTION ( 'NONE',  ( -0.0000000000000000000, -0.0000000000000000000, 1.000000000000000000 ) ) ;
#2388 = CARTESIAN_POINT ( 'NONE',  ( 18.18653347947322274, -0.4999999999999943934, -2.249969002532634210 ) ) ;
#2389 =( BOUNDED_CURVE ( )  B_SPLINE_CURVE ( 3, ( #3797, #3813, #3165, #1333 ),
 .UNSPECIFIED., .F., .T. ) 
 B_SPLINE_CURVE_WITH_KNOTS ( ( 4, 4 ),
 ( 5.931441282900024703, 6.283185307179586232 ),
 .UNSPECIFIED. ) 
 CURVE ( )  GEOMETRIC_REPRESENTATION_ITEM ( )  RATIONAL_B_SPLINE_CURVE ( ( 1.000000000000000000, 0.9897162267460037910, 0.9897162267460037910, 1.000000000000000000 ) ) 
 REPRESENTATION_ITEM ( '' )  );
#2390 = ORIENTED_EDGE ( 'NONE', *, *, #732, .T. ) ;
#2391 = VECTOR ( 'NONE', #3940, 999.9999999999998863 ) ;
#2392 = ADVANCED_FACE ( 'NONE', ( #2125 ), #1498, .F. ) ;
#2393 = DIRECTION ( 'NONE',  ( 0.0000000000000000000, 0.0000000000000000000, 1.000000000000000000 ) ) ;
#2394 = DIRECTION ( 'NONE',  ( -0.5000000000000002220, 0.8660254037844384856, -0.0000000000000000000 ) ) ;
#2395 = DIRECTION ( 'NONE',  ( 0.6123724356957895854, -0.3535533905932702892, 0.7071067811865534569 ) ) ;
#2396 = VECTOR ( 'NONE', #2939, 1000.000000000000000 ) ;
#2397 = ADVANCED_FACE ( 'NONE', ( #3389 ), #1617, .T. ) ;
#2398 = ORIENTED_EDGE ( 'NONE', *, *, #3050, .T. ) ;
#2399 = VECTOR ( 'NONE', #2573, 1000.000000000000000 ) ;
#2400 = EDGE_CURVE ( 'NONE', #1057, #724, #2107, .T. ) ;
#2401 = CARTESIAN_POINT ( 'NONE',  ( -5.155560236130891205, -7.903631840483551940, 3.510109288189602328 ) ) ;
#2402 = CARTESIAN_POINT ( 'NONE',  ( 9.526279441628835443, -15.50000000000001066, 0.7499690025326343212 ) ) ;
#2403 = AXIS2_PLACEMENT_3D ( 'NONE', #2710, #3304, #3965 ) ;
#2404 = ORIENTED_EDGE ( 'NONE', *, *, #1282, .F. ) ;
#2405 = VERTEX_POINT ( 'NONE', #1925 ) ;
#2406 = ADVANCED_FACE ( 'NONE', ( #398 ), #1886, .T. ) ;
#2407 = VECTOR ( 'NONE', #289, 1000.000000000000114 ) ;
#2408 = CARTESIAN_POINT ( 'NONE',  ( -8.645208041581964764, 16.00000000000000711, 0.7500000000000007772 ) ) ;
#2409 = CARTESIAN_POINT ( 'NONE',  ( 18.18653347947322274, -0.4999999999999954481, 0.7499690025326329890 ) ) ;
#2410 = CARTESIAN_POINT ( 'NONE',  ( -20.89234471774548041, 0.1866025403784304926, -1.522059531467601756 ) ) ;
#2411 = DIRECTION ( 'NONE',  ( -0.5000000000000004441, 0.8660254037844383745, 0.0000000000000000000 ) ) ;
#2412 = EDGE_LOOP ( 'NONE', ( #2793, #1031, #841, #3365 ) ) ;
#2413 = CONICAL_SURFACE ( 'NONE', #682, 1.999999999999999112, 1.029744258676654090 ) ;
#2414 =( BOUNDED_CURVE ( )  B_SPLINE_CURVE ( 3, ( #483, #3891, #1133, #172 ),
 .UNSPECIFIED., .F., .T. ) 
 B_SPLINE_CURVE_WITH_KNOTS ( ( 4, 4 ),
 ( 2.218314947351625044, 2.222721619450676478 ),
 .UNSPECIFIED. ) 
 CURVE ( )  GEOMETRIC_REPRESENTATION_ITEM ( )  RATIONAL_B_SPLINE_CURVE ( ( 1.000000000000000000, 0.9999983817707388534, 0.9999983817707388534, 1.000000000000000000 ) ) 
 REPRESENTATION_ITEM ( '' )  );
#2415 = DIRECTION ( 'NONE',  ( 0.0000000000000000000, 0.0000000000000000000, 1.000000000000000000 ) ) ;
#2416 = PLANE ( 'NONE',  #1898 ) ;
#2417 = DIRECTION ( 'NONE',  ( 1.000000000000000000, 0.0000000000000000000, 0.0000000000000000000 ) ) ;
#2418 = DIRECTION ( 'NONE',  ( 0.0000000000000000000, 0.0000000000000000000, 1.000000000000000000 ) ) ;
#2419 = EDGE_CURVE ( 'NONE', #3324, #2487, #2213, .T. ) ;
#2420 = ORIENTED_EDGE ( 'NONE', *, *, #1387, .T. ) ;
#2421 = LINE ( 'NONE', #3320, #3702 ) ;
#2422 = DIRECTION ( 'NONE',  ( -1.000000000000000000, -0.0000000000000000000, -0.0000000000000000000 ) ) ;
#2423 = EDGE_CURVE ( 'NONE', #2437, #2625, #3635, .T. ) ;
#2424 = ORIENTED_EDGE ( 'NONE', *, *, #2274, .T. ) ;
#2425 = ORIENTED_EDGE ( 'NONE', *, *, #1911, .T. ) ;
#2426 = CARTESIAN_POINT ( 'NONE',  ( -13.50000000000000355, 7.041308691801725122E-14, 3.750000000000000000 ) ) ;
#2427 = DIRECTION ( 'NONE',  ( 0.6123724356957893633, 0.3535533905932691789, -0.7071067811865543451 ) ) ;
#2428 = CARTESIAN_POINT ( 'NONE',  ( -18.32050807568877104, -0.08698405353178080557, -2.251734452851375412 ) ) ;
#2429 = LINE ( 'NONE', #2530, #2786 ) ;
#2430 = ORIENTED_EDGE ( 'NONE', *, *, #853, .F. ) ;
#2431 = FACE_OUTER_BOUND ( 'NONE', #2459, .T. ) ;
#2432 = DIRECTION ( 'NONE',  ( -0.3006265784832202193, 0.0000000000000000000, 0.9537419254229480003 ) ) ;
#2433 = LINE ( 'NONE', #3735, #2288 ) ;
#2434 = ORIENTED_EDGE ( 'NONE', *, *, #2355, .T. ) ;
#2435 = EDGE_CURVE ( 'NONE', #2769, #1959, #3772, .T. ) ;
#2436 = VERTEX_POINT ( 'NONE', #1011 ) ;
#2437 = VERTEX_POINT ( 'NONE', #1623 ) ;
#2438 = ADVANCED_FACE ( 'NONE', ( #381 ), #73, .T. ) ;
#2439 = CARTESIAN_POINT ( 'NONE',  ( -9.500000000000008882, 1.163414459189986471E-15, 3.750000000000000000 ) ) ;
#2440 = DIRECTION ( 'NONE',  ( 0.0000000000000000000, 0.0000000000000000000, 1.000000000000000000 ) ) ;
#2441 = ORIENTED_EDGE ( 'NONE', *, *, #3831, .T. ) ;
#2442 = ORIENTED_EDGE ( 'NONE', *, *, #1687, .T. ) ;
#2443 = ADVANCED_FACE ( 'NONE', ( #1029 ), #1803, .T. ) ;
#2444 = CARTESIAN_POINT ( 'NONE',  ( -9.084685710407377712, -15.90962358581270841, -2.251733525891694399 ) ) ;
#2445 = CARTESIAN_POINT ( 'NONE',  ( -10.31726034107592405, -17.52460684831768489, -1.632228598142505094 ) ) ;
#2446 = PLANE ( 'NONE',  #528 ) ;
#2447 = FACE_OUTER_BOUND ( 'NONE', #2331, .T. ) ;
#2448 = VERTEX_POINT ( 'NONE', #3806 ) ;
#2449 = EDGE_CURVE ( 'NONE', #2567, #3223, #1286, .T. ) ;
#2450 = CARTESIAN_POINT ( 'NONE',  ( 9.526279441628831890, 15.50000000000000533, 3.750000000000000000 ) ) ;
#2451 = DIRECTION ( 'NONE',  ( -0.0000000000000000000, -0.0000000000000000000, 1.000000000000000000 ) ) ;
#2452 = DIRECTION ( 'NONE',  ( 1.000000000000000000, 0.0000000000000000000, 0.0000000000000000000 ) ) ;
#2453 = VECTOR ( 'NONE', #2704, 1000.000000000000000 ) ;
#2454 = VERTEX_POINT ( 'NONE', #3507 ) ;
#2455 = AXIS2_PLACEMENT_3D ( 'NONE', #1116, #2558, #3170 ) ;
#2456 = EDGE_CURVE ( 'NONE', #2375, #2347, #2892, .T. ) ;
#2457 = CYLINDRICAL_SURFACE ( 'NONE', #1946, 1.000000000000000000 ) ;
#2458 = ORIENTED_EDGE ( 'NONE', *, *, #3664, .T. ) ;
#2459 = EDGE_LOOP ( 'NONE', ( #658, #3824 ) ) ;
#2460 = AXIS2_PLACEMENT_3D ( 'NONE', #2065, #3300, #3528 ) ;
#2461 = DIRECTION ( 'NONE',  ( -1.000000000000000000, 0.0000000000000000000, 0.0000000000000000000 ) ) ;
#2462 = DIRECTION ( 'NONE',  ( 0.8571673007021121116, 0.0000000000000000000, 0.5150380749100544886 ) ) ;
#2463 = ORIENTED_EDGE ( 'NONE', *, *, #1655, .T. ) ;
#2464 = AXIS2_PLACEMENT_3D ( 'NONE', #3147, #1251, #3163 ) ;
#2465 = ORIENTED_EDGE ( 'NONE', *, *, #3224, .T. ) ;
#2466 = AXIS2_PLACEMENT_3D ( 'NONE', #397, #1327, #1622 ) ;
#2467 = CARTESIAN_POINT ( 'NONE',  ( 9.526279441628835443, -15.50000000000001066, 3.250000000000012879 ) ) ;
#2468 = LINE ( 'NONE', #623, #677 ) ;
#2469 = CARTESIAN_POINT ( 'NONE',  ( -15.05000000000000249, 7.041308691801725122E-14, -0.6499999999999995781 ) ) ;
#2470 = DIRECTION ( 'NONE',  ( -0.5000000000000002220, 0.8660254037844384856, -0.0000000000000000000 ) ) ;
#2471 = VERTEX_POINT ( 'NONE', #2267 ) ;
#2472 = ADVANCED_FACE ( 'NONE', ( #1358 ), #686, .F. ) ;
#2473 = CIRCLE ( 'NONE', #2930, 1.549999999999999378 ) ;
#2474 = LINE ( 'NONE', #706, #2532 ) ;
#2475 = DIRECTION ( 'NONE',  ( 0.5000000000000003331, -0.8660254037844384856, 0.0000000000000000000 ) ) ;
#2476 = VECTOR ( 'NONE', #3785, 1000.000000000000000 ) ;
#2477 = FACE_OUTER_BOUND ( 'NONE', #2572, .T. ) ;
#2478 = VERTEX_POINT ( 'NONE', #3449 ) ;
#2479 = EDGE_CURVE ( 'NONE', #3276, #2872, #2133, .T. ) ;
#2480 = CARTESIAN_POINT ( 'NONE',  ( 9.429263457736663412, 15.64511528729300949, 0.7502106774881796003 ) ) ;
#2481 = FACE_OUTER_BOUND ( 'NONE', #2736, .T. ) ;
#2482 = VERTEX_POINT ( 'NONE', #1908 ) ;
#2483 = VERTEX_POINT ( 'NONE', #439 ) ;
#2484 = CARTESIAN_POINT ( 'NONE',  ( -20.30574103447627721, 0.3434983071795920107, -1.610490928998016935 ) ) ;
#2485 = LINE ( 'NONE', #1579, #723 ) ;
#2486 = VERTEX_POINT ( 'NONE', #2251 ) ;
#2487 = VERTEX_POINT ( 'NONE', #1965 ) ;
#2488 = B_SPLINE_CURVE_WITH_KNOTS ( 'NONE', 3,
 ( #1152, #792, #2979, #1461, #2691, #507 ),
 .UNSPECIFIED., .F., .F.,
 ( 4, 2, 4 ),
 ( 2.385244779468109755E-18, 0.0002606036944344054178, 0.0005212073888688084503 ),
 .UNSPECIFIED. ) ;
#2489 = CARTESIAN_POINT ( 'NONE',  ( -19.91858428704208350, -1.500000000000005551, 0.02205953146760110395 ) ) ;
#2490 = DIRECTION ( 'NONE',  ( -1.000000000000000000, 0.0000000000000000000, 0.0000000000000000000 ) ) ;
#2491 = CARTESIAN_POINT ( 'NONE',  ( 9.533802439760048486, 15.48696978501150667, 0.7500000000000008882 ) ) ;
#2492 = LINE ( 'NONE', #624, #1626 ) ;
#2493 = ORIENTED_EDGE ( 'NONE', *, *, #3992, .F. ) ;
#2494 = EDGE_CURVE ( 'NONE', #3074, #764, #366, .T. ) ;
#2495 = LINE ( 'NONE', #3852, #3047 ) ;
#2496 = CARTESIAN_POINT ( 'NONE',  ( 9.235795334758183373, -15.82238040351663777, -2.251733525891696175 ) ) ;
#2497 = FACE_BOUND ( 'NONE', #333, .T. ) ;
#2498 = ORIENTED_EDGE ( 'NONE', *, *, #1037, .F. ) ;
#2499 = EDGE_CURVE ( 'NONE', #3679, #2486, #1659, .T. ) ;
#2500 = DIRECTION ( 'NONE',  ( 0.6123724356957993553, 0.3535533905932768395, 0.7071067811865419106 ) ) ;
#2501 = FACE_BOUND ( 'NONE', #3505, .T. ) ;
#2502 = ORIENTED_EDGE ( 'NONE', *, *, #3447, .F. ) ;
#2503 = ORIENTED_EDGE ( 'NONE', *, *, #2967, .T. ) ;
#2504 = CARTESIAN_POINT ( 'NONE',  ( 9.500000000000008882, 0.0000000000000000000, 3.750000000000000000 ) ) ;
#2505 = ORIENTED_EDGE ( 'NONE', *, *, #3877, .F. ) ;
#2506 = EDGE_CURVE ( 'NONE', #395, #3535, #1583, .T. ) ;
#2507 = LINE ( 'NONE', #3744, #818 ) ;
#2508 = PLANE ( 'NONE',  #220 ) ;
#2509 = DIRECTION ( 'NONE',  ( 0.4768709627114740557, 0.8259647360705569819, -0.3006265784832194421 ) ) ;
#2510 = CARTESIAN_POINT ( 'NONE',  ( -17.32050807568877104, -9.215718466126787689E-15, -3.750000000000000000 ) ) ;
#2511 = ORIENTED_EDGE ( 'NONE', *, *, #3761, .F. ) ;
#2512 = CARTESIAN_POINT ( 'NONE',  ( -13.50000000000000355, 7.041308691801725122E-14, -3.750000000000000000 ) ) ;
#2513 = CARTESIAN_POINT ( 'NONE',  ( 18.47520861406803760, 6.490238746183330561E-15, -3.249999999999999556 ) ) ;
#2514 = CARTESIAN_POINT ( 'NONE',  ( 18.18301470750152049, 1.604619215278546562E-14, -2.350431615653656436 ) ) ;
#2515 = ORIENTED_EDGE ( 'NONE', *, *, #2819, .T. ) ;
#2516 = AXIS2_PLACEMENT_3D ( 'NONE', #1607, #1053, #1665 ) ;
#2517 = DIRECTION ( 'NONE',  ( -0.0000000000000000000, -0.0000000000000000000, 1.000000000000000000 ) ) ;
#2518 = LINE ( 'NONE', #3739, #2581 ) ;
#2519 =( BOUNDED_CURVE ( )  B_SPLINE_CURVE ( 3, ( #1987, #3867, #3238, #2295 ),
 .UNSPECIFIED., .F., .T. ) 
 B_SPLINE_CURVE_WITH_KNOTS ( ( 4, 4 ),
 ( 0.9188710341391186365, 0.9232777062381665178 ),
 .UNSPECIFIED. ) 
 CURVE ( )  GEOMETRIC_REPRESENTATION_ITEM ( )  RATIONAL_B_SPLINE_CURVE ( ( 1.000000000000000000, 0.9999983817707388534, 0.9999983817707388534, 1.000000000000000000 ) ) 
 REPRESENTATION_ITEM ( '' )  );
#2520 = VECTOR ( 'NONE', #2629, 1000.000000000000114 ) ;
#2521 = EDGE_CURVE ( 'NONE', #2567, #211, #1643, .T. ) ;
#2522 = ORIENTED_EDGE ( 'NONE', *, *, #1507, .F. ) ;
#2523 = ORIENTED_EDGE ( 'NONE', *, *, #1159, .F. ) ;
#2524 = LINE ( 'NONE', #3422, #3188 ) ;
#2525 = EDGE_CURVE ( 'NONE', #2482, #3157, #2832, .T. ) ;
#2526 = ORIENTED_EDGE ( 'NONE', *, *, #1860, .T. ) ;
#2527 = CARTESIAN_POINT ( 'NONE',  ( 10.01812455143988956, 17.69731297698831796, 0.1322285981425057599 ) ) ;
#2528 = DIRECTION ( 'NONE',  ( -0.0000000000000000000, -0.0000000000000000000, -1.000000000000000000 ) ) ;
#2529 = CARTESIAN_POINT ( 'NONE',  ( 10.58245515790638080, -17.30328957233616549, 0.08891366150511173516 ) ) ;
#2530 = CARTESIAN_POINT ( 'NONE',  ( 8.660254037844390851, 16.00000000000000711, 3.750000000000000000 ) ) ;
#2531 = ORIENTED_EDGE ( 'NONE', *, *, #1742, .F. ) ;
#2532 = VECTOR ( 'NONE', #3473, 1000.000000000000114 ) ;
#2533 = DIRECTION ( 'NONE',  ( -0.0000000000000000000, -0.0000000000000000000, -1.000000000000000000 ) ) ;
#2534 = CARTESIAN_POINT ( 'NONE',  ( -13.42339375865880058, 7.749999999999989342, -3.750000000000000000 ) ) ;
#2535 = EDGE_LOOP ( 'NONE', ( #836, #3090 ) ) ;
#2536 = VECTOR ( 'NONE', #247, 1000.000000000000000 ) ;
#2537 = FACE_OUTER_BOUND ( 'NONE', #1777, .T. ) ;
#2538 = CIRCLE ( 'NONE', #2026, 1.000000000000000000 ) ;
#2539 = DIRECTION ( 'NONE',  ( -0.6123724356957980230, -0.3535533905932765064, 0.7071067811865431318 ) ) ;
#2540 = ORIENTED_EDGE ( 'NONE', *, *, #601, .F. ) ;
#2541 = ORIENTED_EDGE ( 'NONE', *, *, #3286, .F. ) ;
#2542 = CARTESIAN_POINT ( 'NONE',  ( -20.27631591763466545, 0.5130302149884923280, -1.588913661505111596 ) ) ;
#2543 = EDGE_CURVE ( 'NONE', #2230, #3074, #501, .T. ) ;
#2544 =( BOUNDED_CURVE ( )  B_SPLINE_CURVE ( 3, ( #3032, #3892, #1444, #578 ),
 .UNSPECIFIED., .F., .T. ) 
 B_SPLINE_CURVE_WITH_KNOTS ( ( 4, 4 ),
 ( 5.359907600941421713, 5.364314273040468706 ),
 .UNSPECIFIED. ) 
 CURVE ( )  GEOMETRIC_REPRESENTATION_ITEM ( )  RATIONAL_B_SPLINE_CURVE ( ( 1.000000000000000000, 0.9999983817707388534, 0.9999983817707388534, 1.000000000000000000 ) ) 
 REPRESENTATION_ITEM ( '' )  );
#2545 = ORIENTED_EDGE ( 'NONE', *, *, #1620, .T. ) ;
#2546 = DIRECTION ( 'NONE',  ( -0.3006265784832202193, 0.0000000000000000000, 0.9537419254229480003 ) ) ;
#2547 = EDGE_CURVE ( 'NONE', #2769, #2471, #844, .T. ) ;
#2548 = CARTESIAN_POINT ( 'NONE',  ( 8.660254037844397956, 18.00000000000001066, 0.02205953146760110395 ) ) ;
#2549 = DIRECTION ( 'NONE',  ( -0.8660254037844389297, 0.4999999999999993339, 0.0000000000000000000 ) ) ;
#2550 = LINE ( 'NONE', #3791, #2339 ) ;
#2551 = ORIENTED_EDGE ( 'NONE', *, *, #2222, .T. ) ;
#2552 = EDGE_CURVE ( 'NONE', #965, #2436, #3236, .T. ) ;
#2553 = CARTESIAN_POINT ( 'NONE',  ( 17.75352077758099867, 0.2500000000000031086, -3.750000000000000000 ) ) ;
#2554 = DIRECTION ( 'NONE',  ( 0.0000000000000000000, 0.0000000000000000000, -1.000000000000000000 ) ) ;
#2555 = DIRECTION ( 'NONE',  ( -0.0000000000000000000, -0.0000000000000000000, -1.000000000000000000 ) ) ;
#2556 = ORIENTED_EDGE ( 'NONE', *, *, #2321, .T. ) ;
#2557 = CARTESIAN_POINT ( 'NONE',  ( 13.42339375865882900, -7.750000000000009770, 3.750000000000000000 ) ) ;
#2558 = DIRECTION ( 'NONE',  ( 0.8660254037844383745, 0.5000000000000004441, -0.0000000000000000000 ) ) ;
#2559 = ORIENTED_EDGE ( 'NONE', *, *, #2679, .T. ) ;
#2560 = DIRECTION ( 'NONE',  ( 0.0000000000000000000, 0.0000000000000000000, 1.000000000000000000 ) ) ;
#2561 = ADVANCED_FACE ( 'NONE', ( #1700 ), #2025, .T. ) ;
#2562 = EDGE_LOOP ( 'NONE', ( #3798, #2398, #3998, #1051, #1562, #3462 ) ) ;
#2563 = ADVANCED_FACE ( 'NONE', ( #518 ), #1088, .F. ) ;
#2564 = DIRECTION ( 'NONE',  ( -1.000000000000000000, 0.0000000000000000000, 0.0000000000000000000 ) ) ;
#2565 = DIRECTION ( 'NONE',  ( -0.0000000000000000000, -0.0000000000000000000, 1.000000000000000000 ) ) ;
#2566 = VERTEX_POINT ( 'NONE', #537 ) ;
#2567 = VERTEX_POINT ( 'NONE', #209 ) ;
#2568 = EDGE_CURVE ( 'NONE', #281, #1199, #3298, .T. ) ;
#2569 = DIRECTION ( 'NONE',  ( -0.6123724356957909176, 0.3535533905932710663, -0.7071067811865520136 ) ) ;
#2570 = FACE_OUTER_BOUND ( 'NONE', #1625, .T. ) ;
#2571 = DIRECTION ( 'NONE',  ( -0.3006265784832191090, 0.0000000000000000000, -0.9537419254229484444 ) ) ;
#2572 = EDGE_LOOP ( 'NONE', ( #638, #3445, #2143, #2301 ) ) ;
#2573 = DIRECTION ( 'NONE',  ( 1.000000000000000000, 1.877893248421449775E-16, 0.0000000000000000000 ) ) ;
#2574 = CARTESIAN_POINT ( 'NONE',  ( 8.660254037844394404, -16.00000000000001066, 3.750000000000000000 ) ) ;
#2575 = EDGE_CURVE ( 'NONE', #3895, #1554, #1161, .T. ) ;
#2576 = DIRECTION ( 'NONE',  ( -0.6123724356957980230, 0.3535533905932765064, -0.7071067811865431318 ) ) ;
#2577 = ORIENTED_EDGE ( 'NONE', *, *, #617, .T. ) ;
#2578 = VECTOR ( 'NONE', #2387, 1000.000000000000000 ) ;
#2579 = CARTESIAN_POINT ( 'NONE',  ( -16.50000000000000000, 7.041308691801725122E-14, -3.750000000000000000 ) ) ;
#2580 = ORIENTED_EDGE ( 'NONE', *, *, #3589, .F. ) ;
#2581 = VECTOR ( 'NONE', #2539, 1000.000000000000000 ) ;
#2582 = VECTOR ( 'NONE', #2041, 1000.000000000000000 ) ;
#2583 = CARTESIAN_POINT ( 'NONE',  ( 9.091507353750763798, -15.74695265408238321, -2.350431615653655548 ) ) ;
#2584 = CARTESIAN_POINT ( 'NONE',  ( 10.85391285048759968, -17.07674563839223580, 0.04457579361455143996 ) ) ;
#2585 = ORIENTED_EDGE ( 'NONE', *, *, #607, .T. ) ;
#2586 = CARTESIAN_POINT ( 'NONE',  ( -10.85391285048758903, 17.07674563839223580, -1.544575793614551662 ) ) ;
#2587 = AXIS2_PLACEMENT_3D ( 'NONE', #2510, #2799, #3409 ) ;
#2588 = ORIENTED_EDGE ( 'NONE', *, *, #2053, .F. ) ;
#2589 = VECTOR ( 'NONE', #447, 1000.000000000000227 ) ;
#2590 = CARTESIAN_POINT ( 'NONE',  ( -17.32050807568877104, -9.215718466126787689E-15, 3.750000000000000000 ) ) ;
#2591 = CARTESIAN_POINT ( 'NONE',  ( 0.0000000000000000000, 0.0000000000000000000, -3.249999999999990674 ) ) ;
#2592 = FACE_BOUND ( 'NONE', #2165, .T. ) ;
#2593 = EDGE_CURVE ( 'NONE', #1416, #487, #1146, .T. ) ;
#2594 = EDGE_LOOP ( 'NONE', ( #2493, #614, #2134 ) ) ;
#2595 = VECTOR ( 'NONE', #2176, 1000.000000000000000 ) ;
#2596 = CARTESIAN_POINT ( 'NONE',  ( -9.526279441628812350, -15.50000000000001421, 0.7499690025326306575 ) ) ;
#2597 = AXIS2_PLACEMENT_3D ( 'NONE', #1052, #1764, #1134 ) ;
#2598 = CARTESIAN_POINT ( 'NONE',  ( -8.660254037844387298, 16.00000000000000711, 0.7499690025326345433 ) ) ;
#2599 = ADVANCED_FACE ( 'NONE', ( #3922 ), #2330, .F. ) ;
#2600 = CARTESIAN_POINT ( 'NONE',  ( 20.21585196205658619, -0.8613914397884914198, -1.544575793614551884 ) ) ;
#2601 = VERTEX_POINT ( 'NONE', #1396 ) ;
#2602 = DIRECTION ( 'NONE',  ( 0.5000000000000002220, -0.8660254037844384856, 0.0000000000000000000 ) ) ;
#2603 = VECTOR ( 'NONE', #3803, 1000.000000000000000 ) ;
#2604 = EDGE_LOOP ( 'NONE', ( #608, #3410, #2179, #817, #721, #1516 ) ) ;
#2605 = PLANE ( 'NONE',  #938 ) ;
#2606 = CARTESIAN_POINT ( 'NONE',  ( 18.18653347947322274, 0.5000000000000064393, 3.250000000000012434 ) ) ;
#2607 = ORIENTED_EDGE ( 'NONE', *, *, #3295, .T. ) ;
#2608 = CARTESIAN_POINT ( 'NONE',  ( -10.58245515790637015, 17.30328957233616549, -1.588913661505112263 ) ) ;
#2609 = ORIENTED_EDGE ( 'NONE', *, *, #2185, .F. ) ;
#2610 = LINE ( 'NONE', #847, #1050 ) ;
#2611 = CARTESIAN_POINT ( 'NONE',  ( -8.660254037844373087, -15.50000000000003375, 3.750000000000000000 ) ) ;
#2612 = CARTESIAN_POINT ( 'NONE',  ( -9.693860759728281096, -17.81631978732467303, 0.08891366150511022248 ) ) ;
#2613 = CARTESIAN_POINT ( 'NONE',  ( -13.50000000000000355, 7.041308691801725122E-14, -0.6499999999999995781 ) ) ;
#2614 = EDGE_CURVE ( 'NONE', #44, #1413, #3037, .T. ) ;
#2615 = ORIENTED_EDGE ( 'NONE', *, *, #1903, .T. ) ;
#2616 = EDGE_CURVE ( 'NONE', #3645, #445, #3817, .T. ) ;
#2617 = CARTESIAN_POINT ( 'NONE',  ( -10.58245515790637015, 17.30328957233616549, -1.588913661505112263 ) ) ;
#2618 = DIRECTION ( 'NONE',  ( -0.0000000000000000000, -0.0000000000000000000, 1.000000000000000000 ) ) ;
#2619 = CARTESIAN_POINT ( 'NONE',  ( -9.013823596585393005, 18.00000000000001421, -1.522059531467601312 ) ) ;
#2620 = VERTEX_POINT ( 'NONE', #3906 ) ;
#2621 = ADVANCED_FACE ( 'NONE', ( #2062 ), #2714, .T. ) ;
#2622 = ORIENTED_EDGE ( 'NONE', *, *, #3742, .T. ) ;
#2623 = DIRECTION ( 'NONE',  ( -0.2961981327260218566, 0.1710100716628330519, -0.9396926207859093161 ) ) ;
#2624 = DIRECTION ( 'NONE',  ( 1.000000000000000000, 0.0000000000000000000, 0.0000000000000000000 ) ) ;
#2625 = VERTEX_POINT ( 'NONE', #1738 ) ;
#2626 = DIRECTION ( 'NONE',  ( -0.0000000000000000000, -0.0000000000000000000, -1.000000000000000000 ) ) ;
#2627 = ORIENTED_EDGE ( 'NONE', *, *, #2167, .F. ) ;
#2628 = EDGE_CURVE ( 'NONE', #3254, #2769, #1619, .T. ) ;
#2629 = DIRECTION ( 'NONE',  ( -0.6123724356957960246, -0.3535533905932757848, 0.7071067811865452413 ) ) ;
#2630 = CARTESIAN_POINT ( 'NONE',  ( 6.750000000000058620, 11.69134295108989363, -3.750000000000000000 ) ) ;
#2631 = LINE ( 'NONE', #849, #2640 ) ;
#2632 = FACE_OUTER_BOUND ( 'NONE', #3352, .T. ) ;
#2633 = ORIENTED_EDGE ( 'NONE', *, *, #743, .F. ) ;
#2634 = CARTESIAN_POINT ( 'NONE',  ( -9.429263457736647425, -15.64511528729301304, 0.7502106774881731610 ) ) ;
#2635 = DIRECTION ( 'NONE',  ( -1.000000000000000000, 0.0000000000000000000, 0.0000000000000000000 ) ) ;
#2636 = DIRECTION ( 'NONE',  ( 0.0000000000000000000, 0.0000000000000000000, 1.000000000000000000 ) ) ;
#2637 = DIRECTION ( 'NONE',  ( -0.0000000000000000000, -0.0000000000000000000, -1.000000000000000000 ) ) ;
#2638 = B_SPLINE_CURVE_WITH_KNOTS ( 'NONE', 3,
 ( #408, #2243, #3738, #997, #2181, #631, #1851, #2480, #3417, #3152 ),
 .UNSPECIFIED., .F., .F.,
 ( 4, 2, 2, 2, 4 ),
 ( 0.0000000000000000000, 0.0002607588621995484508, 0.0005215177243990969016, 0.0007822765865986453524, 0.001043035448798193803 ),
 .UNSPECIFIED. ) ;
#2639 = EDGE_CURVE ( 'NONE', #3882, #3621, #2045, .T. ) ;
#2640 = VECTOR ( 'NONE', #1384, 1000.000000000000000 ) ;
#2641 = ORIENTED_EDGE ( 'NONE', *, *, #2593, .T. ) ;
#2642 = ORIENTED_EDGE ( 'NONE', *, *, #1282, .T. ) ;
#2643 = FACE_OUTER_BOUND ( 'NONE', #104, .T. ) ;
#2644 = DIRECTION ( 'NONE',  ( 0.0000000000000000000, 0.0000000000000000000, -1.000000000000000000 ) ) ;
#2645 = EDGE_CURVE ( 'NONE', #3527, #2567, #1378, .T. ) ;
#2646 = ORIENTED_EDGE ( 'NONE', *, *, #2871, .F. ) ;
#2647 = PLANE ( 'NONE',  #603 ) ;
#2648 = CIRCLE ( 'NONE', #1362, 2.999999999999999112 ) ;
#2649 = ORIENTED_EDGE ( 'NONE', *, *, #553, .T. ) ;
#2650 = B_SPLINE_CURVE_WITH_KNOTS ( 'NONE', 3,
 ( #3370, #646, #605, #1825, #3987, #1566 ),
 .UNSPECIFIED., .F., .F.,
 ( 4, 2, 4 ),
 ( 0.0005212073888688157144, 0.0007821214188335034578, 0.001043035448798190984 ),
 .UNSPECIFIED. ) ;
#2651 = DIRECTION ( 'NONE',  ( -1.877893248421449775E-16, 1.000000000000000000, 0.0000000000000000000 ) ) ;
#2652 = CARTESIAN_POINT ( 'NONE',  ( 18.30900867898095186, 0.1746056238471465349, 0.7512806120972661539 ) ) ;
#2653 = CARTESIAN_POINT ( 'NONE',  ( -18.18653347947320853, -0.5000000000000097700, 3.250000000000013767 ) ) ;
#2654 = FACE_OUTER_BOUND ( 'NONE', #383, .T. ) ;
#2655 = EDGE_LOOP ( 'NONE', ( #1492, #774, #442, #1978 ) ) ;
#2656 = AXIS2_PLACEMENT_3D ( 'NONE', #2058, #306, #3292 ) ;
#2657 = VECTOR ( 'NONE', #3874, 1000.000000000000114 ) ;
#2658 = CARTESIAN_POINT ( 'NONE',  ( 12.14999999999999858, 0.0000000000000000000, -0.4517212380551211548 ) ) ;
#2659 = DIRECTION ( 'NONE',  ( 1.000000000000000000, 0.0000000000000000000, 0.0000000000000000000 ) ) ;
#2660 = VECTOR ( 'NONE', #344, 1000.000000000000000 ) ;
#2661 = CARTESIAN_POINT ( 'NONE',  ( 9.983622159559558895, -17.29214082392765306, 1.412834115817597214 ) ) ;
#2662 = AXIS2_PLACEMENT_3D ( 'NONE', #1244, #2528, #3448 ) ;
#2663 = CARTESIAN_POINT ( 'NONE',  ( -19.91858428704208350, -1.500000000000005995, 0.02205953146760110395 ) ) ;
#2664 = AXIS2_PLACEMENT_3D ( 'NONE', #3788, #90, #2796 ) ;
#2665 = ORIENTED_EDGE ( 'NONE', *, *, #55, .F. ) ;
#2666 = EDGE_CURVE ( 'NONE', #2812, #1882, #311, .T. ) ;
#2667 = VECTOR ( 'NONE', #68, 1000.000000000000114 ) ;
#2668 = CARTESIAN_POINT ( 'NONE',  ( -20.32050807568876749, -8.043617798948561949E-15, 0.1213195146595714147 ) ) ;
#2669 = DIRECTION ( 'NONE',  ( -1.000000000000000000, 0.0000000000000000000, 0.0000000000000000000 ) ) ;
#2670 = AXIS2_PLACEMENT_3D ( 'NONE', #2514, #628, #2158 ) ;
#2671 = ORIENTED_EDGE ( 'NONE', *, *, #2419, .F. ) ;
#2672 = FACE_OUTER_BOUND ( 'NONE', #328, .T. ) ;
#2673 = EDGE_CURVE ( 'NONE', #3415, #509, #2648, .T. ) ;
#2674 = CARTESIAN_POINT ( 'NONE',  ( -9.093266739736602489, 15.25000000000000533, -3.750000000000000000 ) ) ;
#2675 = CARTESIAN_POINT ( 'NONE',  ( 18.30879551515847936, -0.1756051217038253343, 0.7512744551277735772 ) ) ;
#2676 = CARTESIAN_POINT ( 'NONE',  ( -18.32050807568877104, -7.308437431604575976E-15, 0.7517344528513750790 ) ) ;
#2677 = LINE ( 'NONE', #508, #3392 ) ;
#2678 = EDGE_LOOP ( 'NONE', ( #355, #2318, #28, #644, #3962, #3341 ) ) ;
#2679 = EDGE_CURVE ( 'NONE', #3378, #3527, #331, .T. ) ;
#2680 = DIRECTION ( 'NONE',  ( -0.0000000000000000000, -0.0000000000000000000, -1.000000000000000000 ) ) ;
#2681 = CARTESIAN_POINT ( 'NONE',  ( -17.75352077758098446, 0.2499999999999868439, -3.750000000000000000 ) ) ;
#2682 = CARTESIAN_POINT ( 'NONE',  ( -8.075000000000001066, -10.52220865598098776, 0.7499999999999997780 ) ) ;
#2683 = ORIENTED_EDGE ( 'NONE', *, *, #2568, .F. ) ;
#2684 = DIRECTION ( 'NONE',  ( 1.000000000000000000, -1.243449787580178481E-14, 0.0000000000000000000 ) ) ;
#2685 = CARTESIAN_POINT ( 'NONE',  ( -20.89234471774548041, 0.1866025403784304926, 0.02205953146760110395 ) ) ;
#2686 = EDGE_LOOP ( 'NONE', ( #2964, #1797 ) ) ;
#2687 = EDGE_CURVE ( 'NONE', #3500, #2258, #137, .T. ) ;
#2688 = VERTEX_POINT ( 'NONE', #1776 ) ;
#2689 = FACE_OUTER_BOUND ( 'NONE', #1280, .T. ) ;
#2690 = PLANE ( 'NONE',  #2154 ) ;
#2691 = CARTESIAN_POINT ( 'NONE',  ( -18.32050807568877104, 0.08688059323727190253, -2.251734452851376744 ) ) ;
#2692 = CARTESIAN_POINT ( 'NONE',  ( -8.660254037844387298, 16.00000000000000711, 0.7499690025326345433 ) ) ;
#2693 = ORIENTED_EDGE ( 'NONE', *, *, #387, .T. ) ;
#2694 = EDGE_CURVE ( 'NONE', #3324, #3657, #2168, .T. ) ;
#2695 =( BOUNDED_CURVE ( )  B_SPLINE_CURVE ( 3, ( #691, #1913, #1034, #3812 ),
 .UNSPECIFIED., .F., .T. ) 
 B_SPLINE_CURVE_WITH_KNOTS ( ( 4, 4 ),
 ( 5.359907600941421713, 5.364314273040466929 ),
 .UNSPECIFIED. ) 
 CURVE ( )  GEOMETRIC_REPRESENTATION_ITEM ( )  RATIONAL_B_SPLINE_CURVE ( ( 1.000000000000000000, 0.9999983817707388534, 0.9999983817707388534, 1.000000000000000000 ) ) 
 REPRESENTATION_ITEM ( '' )  );
#2696 = CARTESIAN_POINT ( 'NONE',  ( -8.660254037844369535, -18.00000000000001421, -1.522059531467601756 ) ) ;
#2697 = CARTESIAN_POINT ( 'NONE',  ( 10.60777489925119710, 18.00000000000001066, -1.522059531467601756 ) ) ;
#2698 = DIRECTION ( 'NONE',  ( -1.000000000000000000, 0.0000000000000000000, 0.0000000000000000000 ) ) ;
#2699 = EDGE_CURVE ( 'NONE', #3133, #1381, #1183, .T. ) ;
#2700 = DIRECTION ( 'NONE',  ( 1.000000000000000000, 1.877893248421449775E-16, -0.0000000000000000000 ) ) ;
#2701 = EDGE_CURVE ( 'NONE', #965, #1721, #573, .T. ) ;
#2702 = VERTEX_POINT ( 'NONE', #266 ) ;
#2703 = DIRECTION ( 'NONE',  ( -0.0000000000000000000, -0.0000000000000000000, -1.000000000000000000 ) ) ;
#2704 = DIRECTION ( 'NONE',  ( 0.4999999999999996114, 0.8660254037844388186, -0.0000000000000000000 ) ) ;
#2705 = CONICAL_SURFACE ( 'NONE', #3995, 0.5000000000000213163, 0.7853981633974411736 ) ;
#2706 = ORIENTED_EDGE ( 'NONE', *, *, #412, .F. ) ;
#2707 = EDGE_LOOP ( 'NONE', ( #1525, #3810, #292, #1535, #3699, #586 ) ) ;
#2708 = AXIS2_PLACEMENT_3D ( 'NONE', #2734, #3017, #1245 ) ;
#2709 = CARTESIAN_POINT ( 'NONE',  ( -18.18653347947320853, 0.4999999999999900080, 3.250000000000013323 ) ) ;
#2710 = CARTESIAN_POINT ( 'NONE',  ( 0.0000000000000000000, 0.0000000000000000000, -3.750000000000000000 ) ) ;
#2711 = CARTESIAN_POINT ( 'NONE',  ( 9.528788052105291229, 15.49565495919838121, -2.249989667494160184 ) ) ;
#2712 = CARTESIAN_POINT ( 'NONE',  ( -9.533802439760012959, -15.48696978501151023, 0.7500000000000008882 ) ) ;
#2713 = ORIENTED_EDGE ( 'NONE', *, *, #3842, .T. ) ;
#2714 = CONICAL_SURFACE ( 'NONE', #2136, 0.4999999999999935052, 0.7853981633974543852 ) ;
#2715 = CIRCLE ( 'NONE', #207, 1.550000000000000266 ) ;
#2716 = EDGE_CURVE ( 'NONE', #3968, #2483, #1592, .T. ) ;
#2717 = B_SPLINE_CURVE_WITH_KNOTS ( 'NONE', 3,
 ( #2388, #3594, #564, #2962, #2051, #3284, #195, #524, #3610, #850 ),
 .UNSPECIFIED., .F., .F.,
 ( 4, 2, 2, 2, 4 ),
 ( 4.336808689942017736E-19, 0.0002607588621995478545, 0.0005215177243990951669, 0.0007822765865986426419, 0.001043035448798190117 ),
 .UNSPECIFIED. ) ;
#2718 = DIRECTION ( 'NONE',  ( 1.000000000000000000, 0.0000000000000000000, -0.0000000000000000000 ) ) ;
#2719 = CARTESIAN_POINT ( 'NONE',  ( 8.650221476688038535, 16.00000000000000711, -2.249999999999999112 ) ) ;
#2720 = AXIS2_PLACEMENT_3D ( 'NONE', #2762, #2418, #1787 ) ;
#2721 = CARTESIAN_POINT ( 'NONE',  ( 8.655236816891479279, -16.00000000000001066, -2.249989667494156631 ) ) ;
#2722 = ADVANCED_FACE ( 'NONE', ( #3382 ), #3701, .T. ) ;
#2723 = ORIENTED_EDGE ( 'NONE', *, *, #429, .F. ) ;
#2724 = VECTOR ( 'NONE', #3597, 1000.000000000000000 ) ;
#2725 = ORIENTED_EDGE ( 'NONE', *, *, #914, .T. ) ;
#2726 = DIRECTION ( 'NONE',  ( -0.0000000000000000000, -0.0000000000000000000, -1.000000000000000000 ) ) ;
#2727 = CARTESIAN_POINT ( 'NONE',  ( 18.18402486899676518, 0.5043450408016332265, -2.249989667494160184 ) ) ;
#2728 = VECTOR ( 'NONE', #3428, 1000.000000000000000 ) ;
#2729 = EDGE_LOOP ( 'NONE', ( #2730, #2981, #3258, #2971 ) ) ;
#2730 = ORIENTED_EDGE ( 'NONE', *, *, #2970, .T. ) ;
#2731 = CIRCLE ( 'NONE', #287, 3.000000000000000000 ) ;
#2732 = DIRECTION ( 'NONE',  ( 0.4999999999999996114, 0.8660254037844388186, -0.0000000000000000000 ) ) ;
#2733 = DIRECTION ( 'NONE',  ( 1.000000000000000000, 0.0000000000000000000, 0.0000000000000000000 ) ) ;
#2734 = CARTESIAN_POINT ( 'NONE',  ( -6.075000000000051692, 10.52220865598089894, 0.7499999999999997780 ) ) ;
#2735 = CARTESIAN_POINT ( 'NONE',  ( 8.660254037844396180, -16.00000000000001066, -2.249969002532632878 ) ) ;
#2736 = EDGE_LOOP ( 'NONE', ( #45, #3802, #2776, #293 ) ) ;
#2737 = AXIS2_PLACEMENT_3D ( 'NONE', #329, #414, #1023 ) ;
#2738 = VECTOR ( 'NONE', #1366, 1000.000000000000000 ) ;
#2739 = CARTESIAN_POINT ( 'NONE',  ( -8.660254037844373087, -16.00000000000001421, -3.249999999999999556 ) ) ;
#2740 = FACE_OUTER_BOUND ( 'NONE', #2338, .T. ) ;
#2741 = DIRECTION ( 'NONE',  ( 0.0000000000000000000, 0.0000000000000000000, -1.000000000000000000 ) ) ;
#2742 = EDGE_LOOP ( 'NONE', ( #3193, #2360, #575, #699 ) ) ;
#2743 = EDGE_CURVE ( 'NONE', #1871, #3547, #3232, .T. ) ;
#2744 =( NAMED_UNIT ( * ) SI_UNIT ( $, .STERADIAN. ) SOLID_ANGLE_UNIT ( ) );
#2745 = ADVANCED_FACE ( 'NONE', ( #3960 ), #2381, .F. ) ;
#2746 = ORIENTED_EDGE ( 'NONE', *, *, #1436, .F. ) ;
#2747 = EDGE_LOOP ( 'NONE', ( #3773, #3330, #1320, #421 ) ) ;
#2748 = LINE ( 'NONE', #616, #680 ) ;
#2749 = ORIENTED_EDGE ( 'NONE', *, *, #446, .T. ) ;
#2750 = ORIENTED_EDGE ( 'NONE', *, *, #1528, .F. ) ;
#2751 = LINE ( 'NONE', #3, #3576 ) ;
#2752 = DIRECTION ( 'NONE',  ( -0.0000000000000000000, -0.0000000000000000000, -1.000000000000000000 ) ) ;
#2753 = DIRECTION ( 'NONE',  ( 1.000000000000000000, 0.0000000000000000000, 0.0000000000000000000 ) ) ;
#2754 = DIRECTION ( 'NONE',  ( -0.5000000000000004441, 0.8660254037844383745, 0.0000000000000000000 ) ) ;
#2755 = ORIENTED_EDGE ( 'NONE', *, *, #1041, .F. ) ;
#2756 = EDGE_CURVE ( 'NONE', #3401, #1843, #1514, .T. ) ;
#2757 = CARTESIAN_POINT ( 'NONE',  ( -7.571351401660586511, 14.14002573961097298, -2.926975267282895032 ) ) ;
#2758 = CYLINDRICAL_SURFACE ( 'NONE', #3319, 1.999999999999994005 ) ;
#2759 = DIRECTION ( 'NONE',  ( 1.000000000000000000, 2.664535259100373330E-15, 0.0000000000000000000 ) ) ;
#2760 = EDGE_LOOP ( 'NONE', ( #2950, #2458, #2522, #3137, #3662 ) ) ;
#2761 = CARTESIAN_POINT ( 'NONE',  ( -9.422526074083751979, 0.5130302149884934382, 3.510109288189602328 ) ) ;
#2762 = CARTESIAN_POINT ( 'NONE',  ( -8.660254037844389075, 15.00000000000000711, 3.750000000000000000 ) ) ;
#2763 = ORIENTED_EDGE ( 'NONE', *, *, #3561, .F. ) ;
#2764 = VERTEX_POINT ( 'NONE', #2082 ) ;
#2765 = FACE_OUTER_BOUND ( 'NONE', #3405, .T. ) ;
#2766 = EDGE_CURVE ( 'NONE', #3645, #809, #3051, .T. ) ;
#2767 = DIRECTION ( 'NONE',  ( -1.000000000000000000, 0.0000000000000000000, 0.0000000000000000000 ) ) ;
#2768 = ORIENTED_EDGE ( 'NONE', *, *, #3599, .F. ) ;
#2769 = VERTEX_POINT ( 'NONE', #3321 ) ;
#2770 = CARTESIAN_POINT ( 'NONE',  ( -9.526279441628812350, -15.50000000000001599, -2.249969002532629769 ) ) ;
#2771 = CIRCLE ( 'NONE', #2516, 2.999999999999998224 ) ;
#2772 = ADVANCED_FACE ( 'NONE', ( #248 ), #3073, .F. ) ;
#2773 = LINE ( 'NONE', #380, #2083 ) ;
#2774 = DIRECTION ( 'NONE',  ( 0.0000000000000000000, 0.0000000000000000000, 1.000000000000000000 ) ) ;
#2775 = FACE_OUTER_BOUND ( 'NONE', #697, .T. ) ;
#2776 = ORIENTED_EDGE ( 'NONE', *, *, #313, .F. ) ;
#2777 = AXIS2_PLACEMENT_3D ( 'NONE', #2410, #2150, #3099 ) ;
#2778 = B_SPLINE_CURVE_WITH_KNOTS ( 'NONE', 3,
 ( #1186, #3665, #2358, #2652, #832, #3282, #2675, #522, #2978, #2409 ),
 .UNSPECIFIED., .F., .F.,
 ( 4, 2, 2, 2, 4 ),
 ( 3.252606517456513302E-19, 0.0002607588621995479087, 0.0005215177243990954921, 0.0007822765865986430756, 0.001043035448798190767 ),
 .UNSPECIFIED. ) ;
#2779 = DIRECTION ( 'NONE',  ( 1.000000000000000000, 0.0000000000000000000, 0.0000000000000000000 ) ) ;
#2780 = CARTESIAN_POINT ( 'NONE',  ( -18.17901048134199726, -0.5130302149885032081, -2.249999999999999556 ) ) ;
#2781 = DIRECTION ( 'NONE',  ( 0.0000000000000000000, 0.0000000000000000000, 1.000000000000000000 ) ) ;
#2782 = ORIENTED_EDGE ( 'NONE', *, *, #2687, .T. ) ;
#2783 = CIRCLE ( 'NONE', #1055, 1.000000000000000888 ) ;
#2784 = FACE_OUTER_BOUND ( 'NONE', #1367, .T. ) ;
#2785 = CARTESIAN_POINT ( 'NONE',  ( -11.20675568570132441, 0.5130302149884968799, -4.447706788025655555 ) ) ;
#2786 = VECTOR ( 'NONE', #1926, 1000.000000000000000 ) ;
#2787 = ORIENTED_EDGE ( 'NONE', *, *, #3273, .T. ) ;
#2788 = ORIENTED_EDGE ( 'NONE', *, *, #556, .T. ) ;
#2789 = VECTOR ( 'NONE', #350, 1000.000000000000000 ) ;
#2790 = CARTESIAN_POINT ( 'NONE',  ( 18.17901048134201858, 0.5130302149885149765, 0.7500000000000004441 ) ) ;
#2791 = ORIENTED_EDGE ( 'NONE', *, *, #3688, .F. ) ;
#2792 = CONICAL_SURFACE ( 'NONE', #3896, 0.5000000000000213163, 0.7853981633974405074 ) ;
#2793 = ORIENTED_EDGE ( 'NONE', *, *, #3004, .T. ) ;
#2794 = EDGE_CURVE ( 'NONE', #35, #3401, #200, .T. ) ;
#2795 = CIRCLE ( 'NONE', #1065, 1.999999999999989564 ) ;
#2796 = DIRECTION ( 'NONE',  ( 1.000000000000000000, 0.0000000000000000000, 0.0000000000000000000 ) ) ;
#2797 = DIRECTION ( 'NONE',  ( 1.000000000000000000, 0.0000000000000000000, 0.0000000000000000000 ) ) ;
#2798 = CARTESIAN_POINT ( 'NONE',  ( -18.18653347947320853, -0.5000000000000106581, -2.249969002532631102 ) ) ;
#2799 = DIRECTION ( 'NONE',  ( -0.0000000000000000000, -0.0000000000000000000, -1.000000000000000000 ) ) ;
#2800 = ORIENTED_EDGE ( 'NONE', *, *, #3146, .T. ) ;
#2801 = AXIS2_PLACEMENT_3D ( 'NONE', #717, #1343, #1906 ) ;
#2802 = EDGE_CURVE ( 'NONE', #1239, #3543, #3246, .T. ) ;
#2803 = LINE ( 'NONE', #3733, #867 ) ;
#2804 = CARTESIAN_POINT ( 'NONE',  ( -8.660254037844389075, 15.50000000000000000, -3.750000000000000000 ) ) ;
#2805 = DIRECTION ( 'NONE',  ( 1.000000000000000000, 0.0000000000000000000, 0.0000000000000000000 ) ) ;
#2806 = ORIENTED_EDGE ( 'NONE', *, *, #2639, .F. ) ;
#2807 = CIRCLE ( 'NONE', #3580, 1.000000000000000888 ) ;
#2808 = LINE ( 'NONE', #3718, #3764 ) ;
#2809 = LINE ( 'NONE', #1231, #2851 ) ;
#2810 =( BOUNDED_CURVE ( )  B_SPLINE_CURVE ( 3, ( #341, #3667, #3100, #3125 ),
 .UNSPECIFIED., .F., .T. ) 
 B_SPLINE_CURVE_WITH_KNOTS ( ( 4, 4 ),
 ( 0.0000000000000000000, 0.3517440242795605854 ),
 .UNSPECIFIED. ) 
 CURVE ( )  GEOMETRIC_REPRESENTATION_ITEM ( )  RATIONAL_B_SPLINE_CURVE ( ( 1.000000000000000000, 0.9897162267460037910, 0.9897162267460037910, 1.000000000000000000 ) ) 
 REPRESENTATION_ITEM ( '' )  );
#2811 = VERTEX_POINT ( 'NONE', #3978 ) ;
#2812 = VERTEX_POINT ( 'NONE', #655 ) ;
#2813 = CARTESIAN_POINT ( 'NONE',  ( -19.16029391017660188, 1.186602540378433046, 0.7500000000000006661 ) ) ;
#2814 = ORIENTED_EDGE ( 'NONE', *, *, #2575, .F. ) ;
#2815 = DIRECTION ( 'NONE',  ( 0.0000000000000000000, 0.0000000000000000000, -1.000000000000000000 ) ) ;
#2816 = DIRECTION ( 'NONE',  ( -0.0000000000000000000, -0.0000000000000000000, -1.000000000000000000 ) ) ;
#2817 = DIRECTION ( 'NONE',  ( 0.0000000000000000000, 0.0000000000000000000, -1.000000000000000000 ) ) ;
#2818 = DIRECTION ( 'NONE',  ( 0.0000000000000000000, 0.0000000000000000000, -1.000000000000000000 ) ) ;
#2819 = EDGE_CURVE ( 'NONE', #1815, #1910, #1880, .T. ) ;
#2820 = ORIENTED_EDGE ( 'NONE', *, *, #1478, .T. ) ;
#2821 = CYLINDRICAL_SURFACE ( 'NONE', #931, 0.9999999999999991118 ) ;
#2822 = CARTESIAN_POINT ( 'NONE',  ( 8.660254037844390851, 16.00000000000000711, -2.249969002532632434 ) ) ;
#2823 = CYLINDRICAL_SURFACE ( 'NONE', #2670, 3.000000000000000444 ) ;
#2824 = EDGE_CURVE ( 'NONE', #3645, #2265, #2485, .T. ) ;
#2825 = VERTEX_POINT ( 'NONE', #1261 ) ;
#2826 = LINE ( 'NONE', #673, #1123 ) ;
#2827 = CYLINDRICAL_SURFACE ( 'NONE', #3560, 1.000000000000000888 ) ;
#2828 = ADVANCED_FACE ( 'NONE', ( #1401 ), #2973, .T. ) ;
#2829 = ORIENTED_EDGE ( 'NONE', *, *, #3885, .T. ) ;
#2830 = ORIENTED_EDGE ( 'NONE', *, *, #3472, .F. ) ;
#2831 = CARTESIAN_POINT ( 'NONE',  ( -18.32050807568877104, -4.208834811023968395E-15, -2.251734452851376300 ) ) ;
#2832 =( BOUNDED_CURVE ( )  B_SPLINE_CURVE ( 3, ( #2994, #3545, #807, #3260 ),
 .UNSPECIFIED., .F., .T. ) 
 B_SPLINE_CURVE_WITH_KNOTS ( ( 4, 4 ),
 ( 5.931441282900025591, 6.283185307179586232 ),
 .UNSPECIFIED. ) 
 CURVE ( )  GEOMETRIC_REPRESENTATION_ITEM ( )  RATIONAL_B_SPLINE_CURVE ( ( 1.000000000000000000, 0.9897162267460037910, 0.9897162267460037910, 1.000000000000000000 ) ) 
 REPRESENTATION_ITEM ( '' )  );
#2833 = ORIENTED_EDGE ( 'NONE', *, *, #1586, .T. ) ;
#2834 = CARTESIAN_POINT ( 'NONE',  ( -11.25833024919770331, 16.50000000000000711, -1.522059531467601756 ) ) ;
#2835 = CARTESIAN_POINT ( 'NONE',  ( -6.075000000000051692, 10.52220865598089894, 0.7499999999999997780 ) ) ;
#2836 = CARTESIAN_POINT ( 'NONE',  ( -9.091507353750728271, -16.77301308405938940, 0.4686462467040712343 ) ) ;
#2837 = CARTESIAN_POINT ( 'NONE',  ( 17.32050807568878170, 5.854691731421723944E-15, 3.750000000000000000 ) ) ;
#2838 = EDGE_LOOP ( 'NONE', ( #1641, #84, #2503, #2442 ) ) ;
#2839 = DIRECTION ( 'NONE',  ( 0.0000000000000000000, 0.0000000000000000000, -1.000000000000000000 ) ) ;
#2840 = DIRECTION ( 'NONE',  ( 1.000000000000000000, 0.0000000000000000000, 0.0000000000000000000 ) ) ;
#2841 = DIRECTION ( 'NONE',  ( -0.0000000000000000000, -0.0000000000000000000, 1.000000000000000000 ) ) ;
#2842 = ORIENTED_EDGE ( 'NONE', *, *, #1786, .T. ) ;
#2843 = EDGE_CURVE ( 'NONE', #1214, #3522, #3495, .T. ) ;
#2844 = VECTOR ( 'NONE', #1344, 1000.000000000000000 ) ;
#2845 = DIRECTION ( 'NONE',  ( -6.422773179754056399E-17, 0.3420201433256663259, -0.9396926207859093161 ) ) ;
#2846 = DIRECTION ( 'NONE',  ( 0.5000000000000004441, -0.8660254037844383745, 0.0000000000000000000 ) ) ;
#2847 = ORIENTED_EDGE ( 'NONE', *, *, #330, .T. ) ;
#2848 = VERTEX_POINT ( 'NONE', #542 ) ;
#2849 = ADVANCED_FACE ( 'NONE', ( #1109 ), #237, .F. ) ;
#2850 = DIRECTION ( 'NONE',  ( 0.0000000000000000000, -1.000000000000000000, 0.0000000000000000000 ) ) ;
#2851 = VECTOR ( 'NONE', #43, 1000.000000000000000 ) ;
#2852 = ORIENTED_EDGE ( 'NONE', *, *, #3240, .T. ) ;
#2853 = VECTOR ( 'NONE', #1957, 1000.000000000000000 ) ;
#2854 = CARTESIAN_POINT ( 'NONE',  ( -11.95000000000000462, 7.060290717188510206E-14, 3.750000000000000000 ) ) ;
#2855 = CARTESIAN_POINT ( 'NONE',  ( 9.526279441628835443, -15.50000000000001066, 3.750000000000000000 ) ) ;
#2856 = CARTESIAN_POINT ( 'NONE',  ( -8.655236816891468621, 16.00000000000000711, 0.7499896674941582964 ) ) ;
#2857 = VERTEX_POINT ( 'NONE', #2674 ) ;
#2858 = AXIS2_PLACEMENT_3D ( 'NONE', #1015, #1541, #3432 ) ;
#2859 = FACE_OUTER_BOUND ( 'NONE', #2747, .T. ) ;
#2860 = CARTESIAN_POINT ( 'NONE',  ( 12.15000000000000036, 0.0000000000000000000, 3.750000000000000000 ) ) ;
#2861 = ORIENTED_EDGE ( 'NONE', *, *, #3093, .F. ) ;
#2862 = AXIS2_PLACEMENT_3D ( 'NONE', #3707, #3343, #1817 ) ;
#2863 = AXIS2_PLACEMENT_3D ( 'NONE', #555, #1790, #264 ) ;
#2864 = LINE ( 'NONE', #1572, #2076 ) ;
#2865 = CARTESIAN_POINT ( 'NONE',  ( -9.084685710407395476, 15.90962358581270131, 0.7517335258916969520 ) ) ;
#2866 = EDGE_CURVE ( 'NONE', #3792, #309, #3656, .T. ) ;
#2867 = CARTESIAN_POINT ( 'NONE',  ( 10.58245515790638258, -17.30328957233616549, -1.588913661505111818 ) ) ;
#2868 = AXIS2_PLACEMENT_3D ( 'NONE', #1649, #3222, #2571 ) ;
#2869 = ORIENTED_EDGE ( 'NONE', *, *, #1682, .T. ) ;
#2870 = CYLINDRICAL_SURFACE ( 'NONE', #749, 9.000000000000000000 ) ;
#2871 = EDGE_CURVE ( 'NONE', #1772, #1018, #1175, .T. ) ;
#2872 = VERTEX_POINT ( 'NONE', #3219 ) ;
#2873 = DIRECTION ( 'NONE',  ( -0.0000000000000000000, -0.0000000000000000000, -1.000000000000000000 ) ) ;
#2874 = CARTESIAN_POINT ( 'NONE',  ( 0.0000000000000000000, 18.00000000000001066, -1.522059531467601756 ) ) ;
#2875 = DIRECTION ( 'NONE',  ( 0.0000000000000000000, 0.0000000000000000000, -1.000000000000000000 ) ) ;
#2876 = EDGE_CURVE ( 'NONE', #2437, #2230, #2002, .T. ) ;
#2877 = ORIENTED_EDGE ( 'NONE', *, *, #2209, .T. ) ;
#2878 = EDGE_LOOP ( 'NONE', ( #852, #1288, #2782, #2098 ) ) ;
#2879 = LINE ( 'NONE', #114, #1569 ) ;
#2880 = CARTESIAN_POINT ( 'NONE',  ( 9.306476254009416138, -15.76807946796992432, -2.251274455127772800 ) ) ;
#2881 = CARTESIAN_POINT ( 'NONE',  ( 8.645208041581984304, 16.00000000000000711, 0.7500000000000005551 ) ) ;
#2882 = EDGE_LOOP ( 'NONE', ( #3440, #3920 ) ) ;
#2883 = EDGE_CURVE ( 'NONE', #1454, #3868, #814, .T. ) ;
#2884 = LINE ( 'NONE', #118, #2399 ) ;
#2885 = CARTESIAN_POINT ( 'NONE',  ( -9.526279441628808797, -15.50000000000001776, -3.249999999999999556 ) ) ;
#2886 = CARTESIAN_POINT ( 'NONE',  ( -18.18653347947320853, -0.5000000000000106581, -2.249969002532631102 ) ) ;
#2887 = ORIENTED_EDGE ( 'NONE', *, *, #1973, .T. ) ;
#2888 = CARTESIAN_POINT ( 'NONE',  ( 8.655236816891475726, 16.00000000000000711, -2.249989667494156187 ) ) ;
#2889 = ORIENTED_EDGE ( 'NONE', *, *, #1759, .F. ) ;
#2890 = EDGE_CURVE ( 'NONE', #2265, #1057, #2414, .T. ) ;
#2891 = DIRECTION ( 'NONE',  ( 0.8660254037844384856, 0.5000000000000002220, 0.0000000000000000000 ) ) ;
#2892 = LINE ( 'NONE', #2855, #3167 ) ;
#2893 = DIRECTION ( 'NONE',  ( 0.4768709627114743332, -0.8259647360705564267, -0.3006265784832201082 ) ) ;
#2894 = ORIENTED_EDGE ( 'NONE', *, *, #3836, .F. ) ;
#2895 = DIRECTION ( 'NONE',  ( -1.000000000000000000, 0.0000000000000000000, 0.0000000000000000000 ) ) ;
#2896 = ORIENTED_EDGE ( 'NONE', *, *, #2897, .F. ) ;
#2897 = EDGE_CURVE ( 'NONE', #2278, #2327, #3753, .T. ) ;
#2898 = DIRECTION ( 'NONE',  ( -0.0000000000000000000, -0.0000000000000000000, 1.000000000000000000 ) ) ;
#2899 = LINE ( 'NONE', #1016, #3227 ) ;
#2900 = LINE ( 'NONE', #1312, #2995 ) ;
#2901 = ORIENTED_EDGE ( 'NONE', *, *, #2209, .F. ) ;
#2902 = CARTESIAN_POINT ( 'NONE',  ( -9.003291433595201454, -15.94336944603084660, 0.7512806120972630453 ) ) ;
#2903 = CARTESIAN_POINT ( 'NONE',  ( 17.75352077758102354, -0.2500000000000048295, 3.750000000000000000 ) ) ;
#2904 = AXIS2_PLACEMENT_3D ( 'NONE', #1445, #3912, #523 ) ;
#2905 = DIRECTION ( 'NONE',  ( -0.0000000000000000000, -0.0000000000000000000, -1.000000000000000000 ) ) ;
#2906 = ORIENTED_EDGE ( 'NONE', *, *, #2077, .T. ) ;
#2907 = CIRCLE ( 'NONE', #2708, 1.999999999999999112 ) ;
#2908 = CARTESIAN_POINT ( 'NONE',  ( -17.75352077758098801, -0.2500000000000077161, -3.750000000000000000 ) ) ;
#2909 = AXIS2_PLACEMENT_3D ( 'NONE', #3403, #898, #2142 ) ;
#2910 = ORIENTED_EDGE ( 'NONE', *, *, #2286, .T. ) ;
#2911 = AXIS2_PLACEMENT_3D ( 'NONE', #2969, #2565, #703 ) ;
#2912 = CARTESIAN_POINT ( 'NONE',  ( -9.693860759728300636, 17.81631978732466948, 0.08891366150511124944 ) ) ;
#2913 = DIRECTION ( 'NONE',  ( 0.0000000000000000000, 0.0000000000000000000, 1.000000000000000000 ) ) ;
#2914 = ORIENTED_EDGE ( 'NONE', *, *, #2694, .T. ) ;
#2915 = AXIS2_PLACEMENT_3D ( 'NONE', #3280, #1741, #1090 ) ;
#2916 = ADVANCED_FACE ( 'NONE', ( #3607 ), #1989, .T. ) ;
#2917 = DIRECTION ( 'NONE',  ( 0.4768709627114740557, 0.8259647360705567598, -0.3006265784832201082 ) ) ;
#2918 = EDGE_LOOP ( 'NONE', ( #3318, #801, #794, #267, #2750, #66 ) ) ;
#2919 = AXIS2_PLACEMENT_3D ( 'NONE', #1662, #2626, #2895 ) ;
#2920 = DIRECTION ( 'NONE',  ( -0.0000000000000000000, -0.0000000000000000000, -1.000000000000000000 ) ) ;
#2921 = CARTESIAN_POINT ( 'NONE',  ( -8.655236816891452634, -16.00000000000001421, -2.249989667494155743 ) ) ;
#2922 = CARTESIAN_POINT ( 'NONE',  ( -6.075000000000051692, 10.52220865598089894, 0.7499999999999997780 ) ) ;
#2923 = FACE_BOUND ( 'NONE', #2882, .T. ) ;
#2924 = ORIENTED_EDGE ( 'NONE', *, *, #3861, .T. ) ;
#2925 = EDGE_CURVE ( 'NONE', #99, #3895, #1382, .T. ) ;
#2926 = AXIS2_PLACEMENT_3D ( 'NONE', #3412, #3690, #1912 ) ;
#2927 = CARTESIAN_POINT ( 'NONE',  ( -11.25833024919768022, -16.50000000000001776, 0.02205953146760110395 ) ) ;
#2928 = CIRCLE ( 'NONE', #2466, 1.549999999999998490 ) ;
#2929 = CARTESIAN_POINT ( 'NONE',  ( 17.75352077758102354, -0.2500000000000048295, 3.750000000000000000 ) ) ;
#2930 = AXIS2_PLACEMENT_3D ( 'NONE', #862, #2703, #2461 ) ;
#2931 = ORIENTED_EDGE ( 'NONE', *, *, #1994, .T. ) ;
#2932 = DIRECTION ( 'NONE',  ( 0.4768709627114743332, -0.8259647360705566488, 0.3006265784832193866 ) ) ;
#2933 = EDGE_CURVE ( 'NONE', #309, #3968, #2610, .T. ) ;
#2934 = ORIENTED_EDGE ( 'NONE', *, *, #299, .F. ) ;
#2935 = PLANE ( 'NONE',  #3253 ) ;
#2936 = CARTESIAN_POINT ( 'NONE',  ( -17.32050807568877104, -5.204170427930421283E-15, 0.02205953146760110395 ) ) ;
#2937 = ORIENTED_EDGE ( 'NONE', *, *, #1976, .F. ) ;
#2938 =( BOUNDED_CURVE ( )  B_SPLINE_CURVE ( 3, ( #1356, #1105, #2292, #3526 ),
 .UNSPECIFIED., .F., .T. ) 
 B_SPLINE_CURVE_WITH_KNOTS ( ( 4, 4 ),
 ( 2.789848629310232919, 3.141592653589792672 ),
 .UNSPECIFIED. ) 
 CURVE ( )  GEOMETRIC_REPRESENTATION_ITEM ( )  RATIONAL_B_SPLINE_CURVE ( ( 1.000000000000000000, 0.9897162267460039020, 0.9897162267460039020, 1.000000000000000000 ) ) 
 REPRESENTATION_ITEM ( '' )  );
#2939 = DIRECTION ( 'NONE',  ( -0.4999999999999996114, -0.8660254037844388186, 0.0000000000000000000 ) ) ;
#2940 = ORIENTED_EDGE ( 'NONE', *, *, #1831, .T. ) ;
#2941 = DIRECTION ( 'NONE',  ( -0.8660254037844384856, -0.5000000000000003331, 0.0000000000000000000 ) ) ;
#2942 = CARTESIAN_POINT ( 'NONE',  ( 0.0000000000000000000, 16.00000000000000711, 0.7500000000000006661 ) ) ;
#2943 = PLANE ( 'NONE',  #1114 ) ;
#2944 = CARTESIAN_POINT ( 'NONE',  ( -9.526279441628812350, -15.50000000000001421, 0.7499690025326306575 ) ) ;
#2945 = ORIENTED_EDGE ( 'NONE', *, *, #894, .F. ) ;
#2946 = EDGE_CURVE ( 'NONE', #1882, #3673, #1093, .T. ) ;
#2947 = CARTESIAN_POINT ( 'NONE',  ( 6.750000000000058620, 11.69134295108989363, -3.750000000000000000 ) ) ;
#2948 = CARTESIAN_POINT ( 'NONE',  ( -10.85391285048756060, -17.07674563839224646, -1.544575793614552328 ) ) ;
#2949 = FACE_OUTER_BOUND ( 'NONE', #2742, .T. ) ;
#2950 = ORIENTED_EDGE ( 'NONE', *, *, #307, .T. ) ;
#2951 = ADVANCED_FACE ( 'NONE', ( #2067 ), #3869, .F. ) ;
#2952 = VERTEX_POINT ( 'NONE', #790 ) ;
#2953 =( BOUNDED_CURVE ( )  B_SPLINE_CURVE ( 3, ( #1371, #2600, #1670, #824 ),
 .UNSPECIFIED., .F., .T. ) 
 B_SPLINE_CURVE_WITH_KNOTS ( ( 4, 4 ),
 ( 2.789848629310233363, 3.141592653589793116 ),
 .UNSPECIFIED. ) 
 CURVE ( )  GEOMETRIC_REPRESENTATION_ITEM ( )  RATIONAL_B_SPLINE_CURVE ( ( 1.000000000000000000, 0.9897162267460039020, 0.9897162267460039020, 1.000000000000000000 ) ) 
 REPRESENTATION_ITEM ( '' )  );
#2954 = FACE_BOUND ( 'NONE', #1596, .T. ) ;
#2955 = CARTESIAN_POINT ( 'NONE',  ( 8.660254037844390851, 16.00000000000000711, -3.249999999999999556 ) ) ;
#2956 = ORIENTED_EDGE ( 'NONE', *, *, #3909, .T. ) ;
#2957 = LINE ( 'NONE', #188, #672 ) ;
#2958 = ORIENTED_EDGE ( 'NONE', *, *, #1774, .F. ) ;
#2959 = DIRECTION ( 'NONE',  ( 0.5000000000000003331, -0.8660254037844384856, 0.0000000000000000000 ) ) ;
#2960 = FACE_OUTER_BOUND ( 'NONE', #1234, .T. ) ;
#2961 = CARTESIAN_POINT ( 'NONE',  ( -10.01812455143985048, -17.69731297698832506, 0.1322285981425039558 ) ) ;
#2962 = CARTESIAN_POINT ( 'NONE',  ( 18.30900867898095896, -0.1746056238471351274, -2.251280612097265266 ) ) ;
#2963 =( BOUNDED_CURVE ( )  B_SPLINE_CURVE ( 3, ( #3142, #32, #1010, #1266 ),
 .UNSPECIFIED., .F., .T. ) 
 B_SPLINE_CURVE_WITH_KNOTS ( ( 4, 4 ),
 ( 5.931441282900026479, 6.283185307179586232 ),
 .UNSPECIFIED. ) 
 CURVE ( )  GEOMETRIC_REPRESENTATION_ITEM ( )  RATIONAL_B_SPLINE_CURVE ( ( 1.000000000000000000, 0.9897162267460039020, 0.9897162267460039020, 1.000000000000000000 ) ) 
 REPRESENTATION_ITEM ( '' )  );
#2964 = ORIENTED_EDGE ( 'NONE', *, *, #406, .F. ) ;
#2965 = CARTESIAN_POINT ( 'NONE',  ( -9.306476254009394822, -15.76807946796992788, 0.7512744551277710237 ) ) ;
#2966 = CARTESIAN_POINT ( 'NONE',  ( 8.655236816891473950, 16.00000000000000711, 0.7499896674941587404 ) ) ;
#2967 = EDGE_CURVE ( 'NONE', #1721, #219, #1724, .T. ) ;
#2968 = CARTESIAN_POINT ( 'NONE',  ( -20.27631591763466545, -0.5130302149885079821, 0.08891366150511037514 ) ) ;
#2969 = CARTESIAN_POINT ( 'NONE',  ( -6.075000000000001066, -10.52220865598098776, 3.750000000000000000 ) ) ;
#2970 = EDGE_CURVE ( 'NONE', #730, #3547, #521, .T. ) ;
#2971 = ORIENTED_EDGE ( 'NONE', *, *, #60, .F. ) ;
#2972 = DIRECTION ( 'NONE',  ( 1.000000000000000000, 0.0000000000000000000, -0.0000000000000000000 ) ) ;
#2973 = CONICAL_SURFACE ( 'NONE', #2204, 0.4999999999999935052, 0.7853981633974543852 ) ;
#2974 = DIRECTION ( 'NONE',  ( -1.000000000000000000, 0.0000000000000000000, 0.0000000000000000000 ) ) ;
#2975 = ORIENTED_EDGE ( 'NONE', *, *, #3374, .T. ) ;
#2976 = DIRECTION ( 'NONE',  ( 0.4999999999999993894, 0.8660254037844389297, 0.0000000000000000000 ) ) ;
#2977 = CARTESIAN_POINT ( 'NONE',  ( 0.0000000000000000000, 0.0000000000000000000, -3.750000000000000000 ) ) ;
#2978 = CARTESIAN_POINT ( 'NONE',  ( 18.23061985941825469, -0.4236401500134171494, 0.7496058360092431316 ) ) ;
#2979 = CARTESIAN_POINT ( 'NONE',  ( -18.26376289502712780, 0.3433389352597900346, -2.250211348509238540 ) ) ;
#2980 = CARTESIAN_POINT ( 'NONE',  ( -18.32050807568877104, -9.215718466126787689E-15, 3.250000000000013323 ) ) ;
#2981 = ORIENTED_EDGE ( 'NONE', *, *, #2743, .F. ) ;
#2982 = AXIS2_PLACEMENT_3D ( 'NONE', #3477, #2500, #325 ) ;
#2983 = CARTESIAN_POINT ( 'NONE',  ( -8.660254037844373087, -15.00000000000001421, -3.750000000000000000 ) ) ;
#2984 = LINE ( 'NONE', #1157, #1197 ) ;
#2985 = CARTESIAN_POINT ( 'NONE',  ( 11.08154546982721200, 16.80620021987457591, 0.02205953146760154804 ) ) ;
#2986 = ADVANCED_FACE ( 'NONE', ( #352 ), #695, .T. ) ;
#2987 = CARTESIAN_POINT ( 'NONE',  ( -20.30574103447627721, 0.3434983071795890686, 0.1104909289980153808 ) ) ;
#2988 = VECTOR ( 'NONE', #536, 1000.000000000000000 ) ;
#2989 = ORIENTED_EDGE ( 'NONE', *, *, #367, .F. ) ;
#2990 = ORIENTED_EDGE ( 'NONE', *, *, #432, .T. ) ;
#2991 = AXIS2_PLACEMENT_3D ( 'NONE', #2697, #1173, #451 ) ;
#2992 = CARTESIAN_POINT ( 'NONE',  ( 11.25833024919771574, 16.50000000000001066, -1.522059531467601756 ) ) ;
#2993 = EDGE_CURVE ( 'NONE', #504, #889, #77, .T. ) ;
#2994 = CARTESIAN_POINT ( 'NONE',  ( 20.27631591763468677, 0.5130302149885161977, 0.08891366150511091637 ) ) ;
#2995 = VECTOR ( 'NONE', #793, 1000.000000000000000 ) ;
#2996 = EDGE_LOOP ( 'NONE', ( #900, #2800, #1663, #2937, #334 ) ) ;
#2997 = ORIENTED_EDGE ( 'NONE', *, *, #1918, .T. ) ;
#2998 = DIRECTION ( 'NONE',  ( -1.000000000000000000, 0.0000000000000000000, 0.0000000000000000000 ) ) ;
#2999 = ADVANCED_FACE ( 'NONE', ( #2481 ), #2827, .T. ) ;
#3000 = CYLINDRICAL_SURFACE ( 'NONE', #999, 1.000000000000000888 ) ;
#3001 = DIRECTION ( 'NONE',  ( -0.0000000000000000000, -0.0000000000000000000, -1.000000000000000000 ) ) ;
#3002 = CARTESIAN_POINT ( 'NONE',  ( -9.531295722206992949, -15.49131154717358250, 0.7499999999999967804 ) ) ;
#3003 = ORIENTED_EDGE ( 'NONE', *, *, #1831, .F. ) ;
#3004 = EDGE_CURVE ( 'NONE', #2812, #3119, #2518, .T. ) ;
#3005 = PLANE ( 'NONE',  #738 ) ;
#3006 = CARTESIAN_POINT ( 'NONE',  ( -8.660254037844389075, 16.00000000000000711, -3.249999999999999556 ) ) ;
#3007 = DIRECTION ( 'NONE',  ( -0.0000000000000000000, -0.0000000000000000000, 1.000000000000000000 ) ) ;
#3008 = UNCERTAINTY_MEASURE_WITH_UNIT (LENGTH_MEASURE( 1.000000000000000082E-05 ), #728, 'distance_accuracy_value', 'NONE');
#3009 = ORIENTED_EDGE ( 'NONE', *, *, #1736, .F. ) ;
#3010 = DIRECTION ( 'NONE',  ( -0.0000000000000000000, -0.0000000000000000000, -1.000000000000000000 ) ) ;
#3011 = CARTESIAN_POINT ( 'NONE',  ( 8.660254037844396180, -15.00000000000001066, -3.750000000000000000 ) ) ;
#3012 = ORIENTED_EDGE ( 'NONE', *, *, #2499, .T. ) ;
#3013 = VERTEX_POINT ( 'NONE', #1917 ) ;
#3014 = ADVANCED_FACE ( 'NONE', ( #3460 ), #1573, .F. ) ;
#3015 = CARTESIAN_POINT ( 'NONE',  ( -9.235284720177604711, -15.82273752006140377, -2.251735376507369324 ) ) ;
#3016 = DIRECTION ( 'NONE',  ( -0.4768709627114738336, -0.8259647360705567598, -0.3006265784832201637 ) ) ;
#3017 = DIRECTION ( 'NONE',  ( -0.0000000000000000000, -0.0000000000000000000, 1.000000000000000000 ) ) ;
#3018 = CARTESIAN_POINT ( 'NONE',  ( -8.660254037844373087, -16.00000000000001421, 3.250000000000013323 ) ) ;
#3019 = ORIENTED_EDGE ( 'NONE', *, *, #3616, .F. ) ;
#3020 = ADVANCED_FACE ( 'NONE', ( #2501, #3418 ), #305, .F. ) ;
#3021 = CARTESIAN_POINT ( 'NONE',  ( 17.32050807568878170, 5.854691731421723944E-15, -3.750000000000000000 ) ) ;
#3022 = CARTESIAN_POINT ( 'NONE',  ( 13.42339375865879880, 7.750000000000005329, -3.750000000000000000 ) ) ;
#3023 = LINE ( 'NONE', #2681, #3301 ) ;
#3024 = EDGE_LOOP ( 'NONE', ( #1828, #2269, #2430, #1789 ) ) ;
#3025 = ORIENTED_EDGE ( 'NONE', *, *, #2819, .F. ) ;
#3026 = DIRECTION ( 'NONE',  ( -0.0000000000000000000, -0.0000000000000000000, 1.000000000000000000 ) ) ;
#3027 = DIRECTION ( 'NONE',  ( -0.4999999999999993894, -0.8660254037844389297, -0.0000000000000000000 ) ) ;
#3028 = CIRCLE ( 'NONE', #3554, 1.999999999999999112 ) ;
#3029 = VERTEX_POINT ( 'NONE', #1316 ) ;
#3030 = VERTEX_POINT ( 'NONE', #3759 ) ;
#3031 = CARTESIAN_POINT ( 'NONE',  ( -8.834435555063670620, -15.98853933702275576, -2.250210677488173605 ) ) ;
#3032 = CARTESIAN_POINT ( 'NONE',  ( 18.18653347947322274, -0.4999999999999943934, -2.249969002532634210 ) ) ;
#3033 = DIRECTION ( 'NONE',  ( 1.000000000000000000, 6.938893903907318308E-15, 0.0000000000000000000 ) ) ;
#3034 = CARTESIAN_POINT ( 'NONE',  ( 18.18402486899676518, 0.5043450408016353359, 0.7499896674941606278 ) ) ;
#3035 = ADVANCED_FACE ( 'NONE', ( #611 ), #1897, .F. ) ;
#3036 = ORIENTED_EDGE ( 'NONE', *, *, #671, .T. ) ;
#3037 = CIRCLE ( 'NONE', #3619, 1.549999999999999378 ) ;
#3038 = CARTESIAN_POINT ( 'NONE',  ( 6.749999999999944933, -11.69134295108995580, -3.750000000000000000 ) ) ;
#3039 = CARTESIAN_POINT ( 'NONE',  ( -8.552519010925422549, 17.18660254037845192, 0.7500000000000006661 ) ) ;
#3040 = AXIS2_PLACEMENT_3D ( 'NONE', #1644, #1909, #514 ) ;
#3041 = LINE ( 'NONE', #855, #349 ) ;
#3042 = EDGE_CURVE ( 'NONE', #1843, #2620, #621, .T. ) ;
#3043 = ORIENTED_EDGE ( 'NONE', *, *, #1317, .F. ) ;
#3044 = AXIS2_PLACEMENT_3D ( 'NONE', #649, #1546, #18 ) ;
#3045 = LINE ( 'NONE', #1467, #1430 ) ;
#3046 = ORIENTED_EDGE ( 'NONE', *, *, #1931, .F. ) ;
#3047 = VECTOR ( 'NONE', #1110, 1000.000000000000114 ) ;
#3048 = ORIENTED_EDGE ( 'NONE', *, *, #2400, .F. ) ;
#3049 = DIRECTION ( 'NONE',  ( 1.000000000000000000, 0.0000000000000000000, 0.0000000000000000000 ) ) ;
#3050 = EDGE_CURVE ( 'NONE', #3200, #3657, #1020, .T. ) ;
#3051 = LINE ( 'NONE', #2119, #2391 ) ;
#3052 = AXIS2_PLACEMENT_3D ( 'NONE', #3407, #1223, #2797 ) ;
#3053 = ORIENTED_EDGE ( 'NONE', *, *, #3996, .F. ) ;
#3054 = ORIENTED_EDGE ( 'NONE', *, *, #3269, .T. ) ;
#3055 = CIRCLE ( 'NONE', #1322, 1.999999999999989564 ) ;
#3056 = AXIS2_PLACEMENT_3D ( 'NONE', #323, #3671, #2132 ) ;
#3057 = CARTESIAN_POINT ( 'NONE',  ( -8.660254037844373087, -16.00000000000001421, -2.249969002532631990 ) ) ;
#3058 = FACE_OUTER_BOUND ( 'NONE', #2296, .T. ) ;
#3059 = CARTESIAN_POINT ( 'NONE',  ( 9.533802439760048486, 15.48696978501150667, -2.249999999999999556 ) ) ;
#3060 = DIRECTION ( 'NONE',  ( 0.5000000000000004441, -0.8660254037844383745, -0.0000000000000000000 ) ) ;
#3061 = ORIENTED_EDGE ( 'NONE', *, *, #1360, .F. ) ;
#3062 = CIRCLE ( 'NONE', #1325, 0.5000000000000213163 ) ;
#3063 = PLANE ( 'NONE',  #3695 ) ;
#3064 = CARTESIAN_POINT ( 'NONE',  ( 8.748426447681586282, -16.00000000000001066, -2.249605837451042145 ) ) ;
#3065 = FACE_OUTER_BOUND ( 'NONE', #789, .T. ) ;
#3066 = VERTEX_POINT ( 'NONE', #3990 ) ;
#3067 = EDGE_CURVE ( 'NONE', #664, #211, #2809, .T. ) ;
#3068 = CARTESIAN_POINT ( 'NONE',  ( 18.18402486899676518, -0.5043450408016199038, 0.7499896674941566310 ) ) ;
#3069 = ORIENTED_EDGE ( 'NONE', *, *, #1478, .F. ) ;
#3070 = EDGE_LOOP ( 'NONE', ( #2540, #206, #3480, #3426, #1339 ) ) ;
#3071 = ADVANCED_FACE ( 'NONE', ( #2227 ), #2457, .T. ) ;
#3072 = CARTESIAN_POINT ( 'NONE',  ( -10.31726034107594892, 17.52460684831767779, 0.1322285981425044277 ) ) ;
#3073 = PLANE ( 'NONE',  #986 ) ;
#3074 = VERTEX_POINT ( 'NONE', #939 ) ;
#3075 = ORIENTED_EDGE ( 'NONE', *, *, #55, .T. ) ;
#3076 = CARTESIAN_POINT ( 'NONE',  ( 8.660254037844390851, 16.00000000000000711, -2.249969002532632434 ) ) ;
#3077 = DIRECTION ( 'NONE',  ( -1.000000000000000000, 0.0000000000000000000, 0.0000000000000000000 ) ) ;
#3078 = CARTESIAN_POINT ( 'NONE',  ( -18.47520861406802339, -1.012826494920088876E-14, 3.750000000000000000 ) ) ;
#3079 = CYLINDRICAL_SURFACE ( 'NONE', #13, 0.9999999999999991118 ) ;
#3080 = ORIENTED_EDGE ( 'NONE', *, *, #1317, .T. ) ;
#3081 = CARTESIAN_POINT ( 'NONE',  ( -18.18653347947320853, -0.5000000000000088818, 0.7499690025326315457 ) ) ;
#3082 = LINE ( 'NONE', #954, #29 ) ;
#3083 = DIRECTION ( 'NONE',  ( 1.000000000000000000, 0.0000000000000000000, 0.0000000000000000000 ) ) ;
#3084 = ORIENTED_EDGE ( 'NONE', *, *, #902, .T. ) ;
#3085 = CARTESIAN_POINT ( 'NONE',  ( 20.27631591763468677, 0.5130302149885104246, -1.588913661505112040 ) ) ;
#3086 = DIRECTION ( 'NONE',  ( 0.9537419254229481114, 3.331691222862543004E-16, 0.3006265784832200527 ) ) ;
#3087 = EDGE_CURVE ( 'NONE', #1083, #445, #1594, .T. ) ;
#3088 =( BOUNDED_CURVE ( )  B_SPLINE_CURVE ( 3, ( #1481, #2719, #2888, #2287 ),
 .UNSPECIFIED., .F., .F. ) 
 B_SPLINE_CURVE_WITH_KNOTS ( ( 4, 4 ),
 ( 0.9188710341391181924, 0.9232777062381624100 ),
 .UNSPECIFIED. ) 
 CURVE ( )  GEOMETRIC_REPRESENTATION_ITEM ( )  RATIONAL_B_SPLINE_CURVE ( ( 1.000000000000000000, 0.9999983817707388534, 0.9999983817707388534, 1.000000000000000000 ) ) 
 REPRESENTATION_ITEM ( '' )  );
#3089 = VERTEX_POINT ( 'NONE', #632 ) ;
#3090 = ORIENTED_EDGE ( 'NONE', *, *, #2163, .T. ) ;
#3091 = CYLINDRICAL_SURFACE ( 'NONE', #2737, 1.549999999999999378 ) ;
#3092 = CARTESIAN_POINT ( 'NONE',  ( 18.17901048134202213, 0.5130302149885092033, -2.249999999999999112 ) ) ;
#3093 = EDGE_CURVE ( 'NONE', #907, #918, #1547, .T. ) ;
#3094 = ORIENTED_EDGE ( 'NONE', *, *, #82, .F. ) ;
#3095 = VERTEX_POINT ( 'NONE', #62 ) ;
#3096 = CARTESIAN_POINT ( 'NONE',  ( 0.0000000000000000000, 18.00000000000001066, -1.522059531467601756 ) ) ;
#3097 = VECTOR ( 'NONE', #98, 1000.000000000000114 ) ;
#3098 = CARTESIAN_POINT ( 'NONE',  ( -9.237604307034015250, 16.00000000000000711, -3.249999999999999556 ) ) ;
#3099 = DIRECTION ( 'NONE',  ( 0.9537419254229484444, 0.0000000000000000000, -0.3006265784832192201 ) ) ;
#3100 = CARTESIAN_POINT ( 'NONE',  ( 9.361939111568998939, -17.93813707818074121, 0.04457579361455082240 ) ) ;
#3101 = ORIENTED_EDGE ( 'NONE', *, *, #2096, .F. ) ;
#3102 = AXIS2_PLACEMENT_3D ( 'NONE', #340, #3648, #887 ) ;
#3103 = DIRECTION ( 'NONE',  ( -0.0000000000000000000, -0.0000000000000000000, 1.000000000000000000 ) ) ;
#3104 = CARTESIAN_POINT ( 'NONE',  ( 20.89234471774550883, -0.1866025403784339620, 0.02205953146760110395 ) ) ;
#3105 = CARTESIAN_POINT ( 'NONE',  ( 9.000000000000000000, 0.0000000000000000000, -3.249999999999990674 ) ) ;
#3106 = VECTOR ( 'NONE', #637, 1000.000000000000114 ) ;
#3107 = ORIENTED_EDGE ( 'NONE', *, *, #299, .T. ) ;
#3108 = VECTOR ( 'NONE', #1256, 1000.000000000000000 ) ;
#3109 = AXIS2_PLACEMENT_3D ( 'NONE', #2837, #2875, #111 ) ;
#3110 = DIRECTION ( 'NONE',  ( 1.000000000000000000, 0.0000000000000000000, 0.0000000000000000000 ) ) ;
#3111 = CARTESIAN_POINT ( 'NONE',  ( 18.17901048134201858, -0.5130302149884877760, 0.7500000000000004441 ) ) ;
#3112 = ADVANCED_FACE ( 'NONE', ( #1277 ), #978, .T. ) ;
#3113 = ORIENTED_EDGE ( 'NONE', *, *, #236, .F. ) ;
#3114 = ORIENTED_EDGE ( 'NONE', *, *, #458, .F. ) ;
#3115 = EDGE_CURVE ( 'NONE', #3199, #142, #3478, .T. ) ;
#3116 = CARTESIAN_POINT ( 'NONE',  ( 5.200000000000060574, 11.69134295108989363, 3.750000000000000000 ) ) ;
#3117 =( BOUNDED_CURVE ( )  B_SPLINE_CURVE ( 3, ( #3921, #1162, #3676, #3618 ),
 .UNSPECIFIED., .F., .T. ) 
 B_SPLINE_CURVE_WITH_KNOTS ( ( 4, 4 ),
 ( 0.9188710341391189695, 0.9232777062381688493 ),
 .UNSPECIFIED. ) 
 CURVE ( )  GEOMETRIC_REPRESENTATION_ITEM ( )  RATIONAL_B_SPLINE_CURVE ( ( 1.000000000000000000, 0.9999983817707388534, 0.9999983817707388534, 1.000000000000000000 ) ) 
 REPRESENTATION_ITEM ( '' )  );
#3118 = CARTESIAN_POINT ( 'NONE',  ( -18.32050807568877104, -9.215718466126787689E-15, 3.750000000000000000 ) ) ;
#3119 = VERTEX_POINT ( 'NONE', #2885 ) ;
#3120 = EDGE_CURVE ( 'NONE', #3157, #1263, #1099, .T. ) ;
#3121 = CIRCLE ( 'NONE', #3052, 0.5000000000000213163 ) ;
#3122 = CARTESIAN_POINT ( 'NONE',  ( 20.27631591763469032, -0.5130302149884844454, 0.08891366150511059718 ) ) ;
#3123 = CARTESIAN_POINT ( 'NONE',  ( -9.693860759728282872, -17.81631978732466948, -1.588913661505111818 ) ) ;
#3124 = DIRECTION ( 'NONE',  ( 0.0000000000000000000, 0.0000000000000000000, 1.000000000000000000 ) ) ;
#3125 = CARTESIAN_POINT ( 'NONE',  ( 9.693860759728313070, -17.81631978732466237, 0.08891366150511145761 ) ) ;
#3126 = ORIENTED_EDGE ( 'NONE', *, *, #2614, .F. ) ;
#3127 = AXIS2_PLACEMENT_3D ( 'NONE', #3277, #3905, #166 ) ;
#3128 = EDGE_CURVE ( 'NONE', #764, #1454, #3819, .T. ) ;
#3129 = DIRECTION ( 'NONE',  ( -1.327871050303231849E-16, 0.7071067811865425767, 0.7071067811865524577 ) ) ;
#3130 = CARTESIAN_POINT ( 'NONE',  ( -6.075000000000001066, -10.52220865598098776, 3.750000000000000000 ) ) ;
#3131 = VECTOR ( 'NONE', #1999, 1000.000000000000000 ) ;
#3132 = DIRECTION ( 'NONE',  ( 1.000000000000000000, 0.0000000000000000000, 0.0000000000000000000 ) ) ;
#3133 = VERTEX_POINT ( 'NONE', #3839 ) ;
#3134 = EDGE_CURVE ( 'NONE', #1202, #142, #72, .T. ) ;
#3135 = CARTESIAN_POINT ( 'NONE',  ( 3.749999999999946265, -11.69134295108995580, -0.6499999999999995781 ) ) ;
#3136 = CARTESIAN_POINT ( 'NONE',  ( 8.660254037844390851, 15.00000000000000711, 3.750000000000000000 ) ) ;
#3137 = ORIENTED_EDGE ( 'NONE', *, *, #3523, .F. ) ;
#3138 = ORIENTED_EDGE ( 'NONE', *, *, #3974, .T. ) ;
#3139 = CARTESIAN_POINT ( 'NONE',  ( 8.299999999999943867, -11.69134295108995580, 3.750000000000000000 ) ) ;
#3140 = ORIENTED_EDGE ( 'NONE', *, *, #3542, .F. ) ;
#3141 = LINE ( 'NONE', #1027, #3579 ) ;
#3142 = CARTESIAN_POINT ( 'NONE',  ( -9.693860759728281096, -17.81631978732467303, 0.08891366150511022248 ) ) ;
#3143 = DIRECTION ( 'NONE',  ( -0.4768709627114744443, 0.8259647360705563157, -0.3006265784832199417 ) ) ;
#3144 = CYLINDRICAL_SURFACE ( 'NONE', #3623, 2.999999999999999112 ) ;
#3145 = EDGE_LOOP ( 'NONE', ( #653, #704, #1063, #3075, #2914, #659 ) ) ;
#3146 = EDGE_CURVE ( 'NONE', #375, #1815, #1652, .T. ) ;
#3147 = CARTESIAN_POINT ( 'NONE',  ( 0.0000000000000000000, 0.0000000000000000000, 3.249999999999994227 ) ) ;
#3148 = CARTESIAN_POINT ( 'NONE',  ( 8.660254037844396180, -15.00000000000001066, 3.750000000000000000 ) ) ;
#3149 = PLANE ( 'NONE',  #3056 ) ;
#3150 = ORIENTED_EDGE ( 'NONE', *, *, #2699, .T. ) ;
#3151 = EDGE_CURVE ( 'NONE', #35, #764, #221, .T. ) ;
#3152 = CARTESIAN_POINT ( 'NONE',  ( 9.526279441628833666, 15.50000000000000533, 0.7499690025326382070 ) ) ;
#3153 = DIRECTION ( 'NONE',  ( -1.000000000000000000, 0.0000000000000000000, 0.0000000000000000000 ) ) ;
#3154 = ORIENTED_EDGE ( 'NONE', *, *, #391, .F. ) ;
#3155 = ORIENTED_EDGE ( 'NONE', *, *, #1994, .F. ) ;
#3156 = FACE_OUTER_BOUND ( 'NONE', #893, .T. ) ;
#3157 = VERTEX_POINT ( 'NONE', #1337 ) ;
#3158 = CARTESIAN_POINT ( 'NONE',  ( -18.18301470750149207, -7.589415207398531038E-15, -2.350431615653655104 ) ) ;
#3159 = DIRECTION ( 'NONE',  ( 0.5000000000000003331, -0.8660254037844384856, 0.0000000000000000000 ) ) ;
#3160 = DIRECTION ( 'NONE',  ( -1.000000000000000000, 0.0000000000000000000, 0.0000000000000000000 ) ) ;
#3161 = ORIENTED_EDGE ( 'NONE', *, *, #2756, .T. ) ;
#3162 = EDGE_CURVE ( 'NONE', #1773, #3672, #3880, .T. ) ;
#3163 = DIRECTION ( 'NONE',  ( 1.000000000000000000, 0.0000000000000000000, 0.0000000000000000000 ) ) ;
#3164 = CARTESIAN_POINT ( 'NONE',  ( -8.660254037844389075, 16.00000000000000711, 3.750000000000000000 ) ) ;
#3165 = CARTESIAN_POINT ( 'NONE',  ( -11.08154546982720134, 16.80620021987457235, 0.02205953146760000760 ) ) ;
#3166 = ORIENTED_EDGE ( 'NONE', *, *, #2355, .F. ) ;
#3167 = VECTOR ( 'NONE', #92, 1000.000000000000000 ) ;
#3168 = EDGE_CURVE ( 'NONE', #3481, #3522, #2303, .T. ) ;
#3169 = LINE ( 'NONE', #79, #2789 ) ;
#3170 = DIRECTION ( 'NONE',  ( -0.5000000000000004441, 0.8660254037844383745, 0.0000000000000000000 ) ) ;
#3171 = VECTOR ( 'NONE', #3027, 1000.000000000000114 ) ;
#3172 = EDGE_LOOP ( 'NONE', ( #534, #256, #23, #2975 ) ) ;
#3173 = ORIENTED_EDGE ( 'NONE', *, *, #3337, .F. ) ;
#3174 = CARTESIAN_POINT ( 'NONE',  ( 8.660254037844390851, 16.00000000000000711, 0.7499690025326352094 ) ) ;
#3175 = ORIENTED_EDGE ( 'NONE', *, *, #1557, .F. ) ;
#3176 = ADVANCED_FACE ( 'NONE', ( #1689 ), #712, .F. ) ;
#3177 = CARTESIAN_POINT ( 'NONE',  ( -4.075000000000007283, -10.52220865598098776, 3.750000000000000000 ) ) ;
#3178 = CARTESIAN_POINT ( 'NONE',  ( 14.15000000000000036, 0.0000000000000000000, 0.7499999999999997780 ) ) ;
#3179 = AXIS2_PLACEMENT_3D ( 'NONE', #690, #321, #2779 ) ;
#3180 = FACE_OUTER_BOUND ( 'NONE', #3218, .T. ) ;
#3181 = VERTEX_POINT ( 'NONE', #2903 ) ;
#3182 = ORIENTED_EDGE ( 'NONE', *, *, #2105, .T. ) ;
#3183 = CIRCLE ( 'NONE', #1319, 2.999999999999999112 ) ;
#3184 = DIRECTION ( 'NONE',  ( 1.000000000000000000, 1.065814103640149332E-14, 0.0000000000000000000 ) ) ;
#3185 = CARTESIAN_POINT ( 'NONE',  ( 9.429263457736666965, -15.64511528729300949, -2.250210677488176270 ) ) ;
#3186 = ORIENTED_EDGE ( 'NONE', *, *, #2946, .T. ) ;
#3187 = VECTOR ( 'NONE', #1145, 1000.000000000000000 ) ;
#3188 = VECTOR ( 'NONE', #1578, 999.9999999999998863 ) ;
#3189 = CYLINDRICAL_SURFACE ( 'NONE', #3313, 2.999999999999997335 ) ;
#3190 = CARTESIAN_POINT ( 'NONE',  ( -6.047675041939674756, -9.448820010328821795, -4.447706788025656444 ) ) ;
#3191 = EDGE_CURVE ( 'NONE', #353, #1202, #102, .T. ) ;
#3192 = CARTESIAN_POINT ( 'NONE',  ( 9.526279441628835443, -15.50000000000001066, 0.7499690025326343212 ) ) ;
#3193 = ORIENTED_EDGE ( 'NONE', *, *, #1274, .F. ) ;
#3194 = LINE ( 'NONE', #435, #3776 ) ;
#3195 = EDGE_CURVE ( 'NONE', #3181, #148, #776, .T. ) ;
#3196 = ORIENTED_EDGE ( 'NONE', *, *, #2925, .T. ) ;
#3197 = CARTESIAN_POINT ( 'NONE',  ( 17.32050807568878170, 5.854691731421723944E-15, -3.249999999999999556 ) ) ;
#3198 = DIRECTION ( 'NONE',  ( 1.000000000000000000, 0.0000000000000000000, 0.0000000000000000000 ) ) ;
#3199 = VERTEX_POINT ( 'NONE', #161 ) ;
#3200 = VERTEX_POINT ( 'NONE', #3800 ) ;
#3201 = CARTESIAN_POINT ( 'NONE',  ( -18.18151719889502971, 0.5086884528264242755, 0.7499999999999981126 ) ) ;
#3202 = DIRECTION ( 'NONE',  ( -0.4768709627114745553, 0.8259647360705565378, -0.3006265784832200527 ) ) ;
#3203 = DIRECTION ( 'NONE',  ( -0.9537419254229481114, -3.537813742005612597E-16, -0.3006265784832200527 ) ) ;
#3204 = ORIENTED_EDGE ( 'NONE', *, *, #2766, .T. ) ;
#3205 = CARTESIAN_POINT ( 'NONE',  ( -10.01812455143987535, 17.69731297698831796, -1.632228598142506204 ) ) ;
#3206 = CARTESIAN_POINT ( 'NONE',  ( -20.86912405456873287, -5.529431079676072613E-15, -1.448391660451248786 ) ) ;
#3207 = LINE ( 'NONE', #1100, #274 ) ;
#3208 = VERTEX_POINT ( 'NONE', #1040 ) ;
#3209 = DIRECTION ( 'NONE',  ( -1.000000000000000000, -1.877893248421449529E-16, 0.0000000000000000000 ) ) ;
#3210 = EDGE_CURVE ( 'NONE', #378, #2566, #2715, .T. ) ;
#3211 = ORIENTED_EDGE ( 'NONE', *, *, #3269, .F. ) ;
#3212 = CARTESIAN_POINT ( 'NONE',  ( -9.000000000000000000, 1.102182119232617714E-15, 3.249999999999994227 ) ) ;
#3213 = ADVANCED_FACE ( 'NONE', ( #431 ), #3351, .F. ) ;
#3214 = DIRECTION ( 'NONE',  ( 1.000000000000000000, 0.0000000000000000000, 0.0000000000000000000 ) ) ;
#3215 = ORIENTED_EDGE ( 'NONE', *, *, #2547, .T. ) ;
#3216 =( BOUNDED_CURVE ( )  B_SPLINE_CURVE ( 3, ( #2174, #3034, #1561, #663 ),
 .UNSPECIFIED., .F., .T. ) 
 B_SPLINE_CURVE_WITH_KNOTS ( ( 4, 4 ),
 ( 2.218314947351624600, 2.222721619450675146 ),
 .UNSPECIFIED. ) 
 CURVE ( )  GEOMETRIC_REPRESENTATION_ITEM ( )  RATIONAL_B_SPLINE_CURVE ( ( 1.000000000000000000, 0.9999983817707388534, 0.9999983817707388534, 1.000000000000000000 ) ) 
 REPRESENTATION_ITEM ( '' )  );
#3217 = PLANE ( 'NONE',  #2460 ) ;
#3218 = EDGE_LOOP ( 'NONE', ( #2585, #3348, #327, #1372 ) ) ;
#3219 = CARTESIAN_POINT ( 'NONE',  ( 18.32050807568878525, 5.854691731421723944E-15, -3.249999999999999556 ) ) ;
#3220 = DIRECTION ( 'NONE',  ( 0.0000000000000000000, 0.0000000000000000000, -1.000000000000000000 ) ) ;
#3221 = CARTESIAN_POINT ( 'NONE',  ( -9.693860759728305965, 17.81631978732466592, -1.588913661505111818 ) ) ;
#3222 = DIRECTION ( 'NONE',  ( 0.9537419254229483334, 4.941910341137066484E-16, -0.3006265784832193311 ) ) ;
#3223 = VERTEX_POINT ( 'NONE', #3598 ) ;
#3224 = EDGE_CURVE ( 'NONE', #3828, #595, #1038, .T. ) ;
#3225 = CARTESIAN_POINT ( 'NONE',  ( 20.33538489251584025, -0.1727061286706248477, -1.632228598142505760 ) ) ;
#3226 = CARTESIAN_POINT ( 'NONE',  ( 9.084685710407400805, -15.90962358581271197, 0.7517335258916969520 ) ) ;
#3227 = VECTOR ( 'NONE', #994, 1000.000000000000000 ) ;
#3228 = LINE ( 'NONE', #3521, #1309 ) ;
#3229 = EDGE_LOOP ( 'NONE', ( #1203, #1439, #347, #434, #2064, #1143 ) ) ;
#3230 = CIRCLE ( 'NONE', #1483, 0.5000000000000213163 ) ;
#3231 = CARTESIAN_POINT ( 'NONE',  ( -18.32050807568877104, -9.215718466126787689E-15, -3.249999999999999556 ) ) ;
#3232 = CIRCLE ( 'NONE', #1426, 0.4999999999999935052 ) ;
#3233 = ORIENTED_EDGE ( 'NONE', *, *, #2716, .T. ) ;
#3234 = AXIS2_PLACEMENT_3D ( 'NONE', #527, #1466, #2659 ) ;
#3235 = FACE_BOUND ( 'NONE', #1609, .T. ) ;
#3236 = LINE ( 'NONE', #2350, #656 ) ;
#3237 = ORIENTED_EDGE ( 'NONE', *, *, #1360, .T. ) ;
#3238 = CARTESIAN_POINT ( 'NONE',  ( -9.528788052105287676, 15.49565495919838298, -2.249989667494156187 ) ) ;
#3239 = ORIENTED_EDGE ( 'NONE', *, *, #3195, .F. ) ;
#3240 = EDGE_CURVE ( 'NONE', #1199, #504, #569, .T. ) ;
#3241 = AXIS2_PLACEMENT_3D ( 'NONE', #2557, #3799, #1255 ) ;
#3242 = DIRECTION ( 'NONE',  ( 0.0000000000000000000, 0.0000000000000000000, 1.000000000000000000 ) ) ;
#3243 = CARTESIAN_POINT ( 'NONE',  ( -18.18402486899675452, 0.5043450408016203479, 0.7499896674941566310 ) ) ;
#3244 = CARTESIAN_POINT ( 'NONE',  ( -11.95000000000000462, 7.060290717188510206E-14, -0.6499999999999995781 ) ) ;
#3245 = LINE ( 'NONE', #134, #2032 ) ;
#3246 =( BOUNDED_CURVE ( )  B_SPLINE_CURVE ( 3, ( #3423, #3725, #964, #2187 ),
 .UNSPECIFIED., .F., .F. ) 
 B_SPLINE_CURVE_WITH_KNOTS ( ( 4, 4 ),
 ( 2.789848629310230255, 3.141592653589793560 ),
 .UNSPECIFIED. ) 
 CURVE ( )  GEOMETRIC_REPRESENTATION_ITEM ( )  RATIONAL_B_SPLINE_CURVE ( ( 1.000000000000000000, 0.9897162267460037910, 0.9897162267460037910, 1.000000000000000000 ) ) 
 REPRESENTATION_ITEM ( '' )  );
#3247 = ORIENTED_EDGE ( 'NONE', *, *, #1610, .T. ) ;
#3248 = EDGE_CURVE ( 'NONE', #842, #1220, #1428, .T. ) ;
#3249 = CARTESIAN_POINT ( 'NONE',  ( -9.235795334758162056, -15.82238040351663777, 0.7517335258916949536 ) ) ;
#3250 = AXIS2_PLACEMENT_3D ( 'NONE', #869, #3911, #2371 ) ;
#3251 = CARTESIAN_POINT ( 'NONE',  ( -9.482193236710234174, 15.57635954683190960, 0.7496058374510427003 ) ) ;
#3252 = CARTESIAN_POINT ( 'NONE',  ( 3.750000000000059508, 11.69134295108989363, -3.750000000000000000 ) ) ;
#3253 = AXIS2_PLACEMENT_3D ( 'NONE', #2024, #1435, #2349 ) ;
#3254 = VERTEX_POINT ( 'NONE', #1141 ) ;
#3255 = VECTOR ( 'NONE', #58, 1000.000000000000000 ) ;
#3256 = AXIS2_PLACEMENT_3D ( 'NONE', #3541, #1770, #1393 ) ;
#3257 = AXIS2_PLACEMENT_3D ( 'NONE', #3347, #580, #816 ) ;
#3258 = ORIENTED_EDGE ( 'NONE', *, *, #36, .F. ) ;
#3259 = CARTESIAN_POINT ( 'NONE',  ( -9.237604307034015250, 16.00000000000000711, 3.750000000000000000 ) ) ;
#3260 = CARTESIAN_POINT ( 'NONE',  ( 19.91858428704210482, 1.500000000000013989, 0.02205953146760110395 ) ) ;
#3261 = ORIENTED_EDGE ( 'NONE', *, *, #1742, .T. ) ;
#3262 = B_SPLINE_CURVE_WITH_KNOTS ( 'NONE', 3,
 ( #3837, #3552, #1668, #2902, #1080, #3249, #2965, #2634, #3271, #2596 ),
 .UNSPECIFIED., .F., .F.,
 ( 4, 2, 2, 2, 4 ),
 ( 0.0000000000000000000, 0.0002607588621995472582, 0.0005215177243990945163, 0.0007822765865986417745, 0.001043035448798189033 ),
 .UNSPECIFIED. ) ;
#3263 = FACE_OUTER_BOUND ( 'NONE', #3229, .T. ) ;
#3264 = ORIENTED_EDGE ( 'NONE', *, *, #3290, .F. ) ;
#3265 = CARTESIAN_POINT ( 'NONE',  ( 0.0000000000000000000, 18.00000000000001066, 0.02205953146760110395 ) ) ;
#3266 = FACE_OUTER_BOUND ( 'NONE', #3172, .T. ) ;
#3267 = CARTESIAN_POINT ( 'NONE',  ( -9.482193061683796387, 15.57635984998658429, -2.249605836009242132 ) ) ;
#3268 = DIRECTION ( 'NONE',  ( -1.000000000000000000, 0.0000000000000000000, 0.0000000000000000000 ) ) ;
#3269 = EDGE_CURVE ( 'NONE', #951, #2688, #3368, .T. ) ;
#3270 = ORIENTED_EDGE ( 'NONE', *, *, #3050, .F. ) ;
#3271 = CARTESIAN_POINT ( 'NONE',  ( -9.482193061683778623, -15.57635984998659140, 0.7496058360092399120 ) ) ;
#3272 = DIRECTION ( 'NONE',  ( -0.0000000000000000000, -0.0000000000000000000, -1.000000000000000000 ) ) ;
#3273 = EDGE_CURVE ( 'NONE', #3254, #1101, #892, .T. ) ;
#3274 = DIRECTION ( 'NONE',  ( -0.0000000000000000000, -0.0000000000000000000, -1.000000000000000000 ) ) ;
#3275 = CARTESIAN_POINT ( 'NONE',  ( 0.0000000000000000000, 0.0000000000000000000, 3.750000000000000000 ) ) ;
#3276 = VERTEX_POINT ( 'NONE', #1802 ) ;
#3277 = CARTESIAN_POINT ( 'NONE',  ( -8.660254037844373087, -15.00000000000001421, 3.750000000000000000 ) ) ;
#3278 = CARTESIAN_POINT ( 'NONE',  ( -9.013823596585393005, 18.00000000000001421, 0.02205953146760045516 ) ) ;
#3279 = ORIENTED_EDGE ( 'NONE', *, *, #2843, .T. ) ;
#3280 = CARTESIAN_POINT ( 'NONE',  ( -10.60777489925117045, -18.00000000000001421, -1.522059531467601756 ) ) ;
#3281 = DIRECTION ( 'NONE',  ( -0.0000000000000000000, -0.0000000000000000000, 1.000000000000000000 ) ) ;
#3282 = CARTESIAN_POINT ( 'NONE',  ( 18.32048104516557174, -0.08724318229606137232, 0.7517335258916975071 ) ) ;
#3283 = LINE ( 'NONE', #833, #2063 ) ;
#3284 = CARTESIAN_POINT ( 'NONE',  ( 18.32048104516557174, 0.08724318229607254394, -2.251733525891697951 ) ) ;
#3285 = ORIENTED_EDGE ( 'NONE', *, *, #3411, .T. ) ;
#3286 = EDGE_CURVE ( 'NONE', #1910, #3673, #2783, .T. ) ;
#3287 = DIRECTION ( 'NONE',  ( -1.000000000000000000, -0.0000000000000000000, -0.0000000000000000000 ) ) ;
#3288 = CARTESIAN_POINT ( 'NONE',  ( 8.645208041581984304, 16.00000000000000711, 0.7500000000000005551 ) ) ;
#3289 = CARTESIAN_POINT ( 'NONE',  ( 10.85391285048759968, 17.07674563839223225, 0.04457579361455188405 ) ) ;
#3290 = EDGE_CURVE ( 'NONE', #1418, #1043, #3023, .T. ) ;
#3291 = CIRCLE ( 'NONE', #2127, 9.000000000000000000 ) ;
#3292 = DIRECTION ( 'NONE',  ( 1.000000000000000000, 0.0000000000000000000, 0.0000000000000000000 ) ) ;
#3293 = ORIENTED_EDGE ( 'NONE', *, *, #1056, .F. ) ;
#3294 = VERTEX_POINT ( 'NONE', #3971 ) ;
#3295 = EDGE_CURVE ( 'NONE', #1783, #3556, #495, .T. ) ;
#3296 = CARTESIAN_POINT ( 'NONE',  ( -9.526279441628808797, -15.50000000000001776, 3.750000000000000000 ) ) ;
#3297 = AXIS2_PLACEMENT_3D ( 'NONE', #233, #3865, #2669 ) ;
#3298 = LINE ( 'NONE', #1437, #3936 ) ;
#3299 = ORIENTED_EDGE ( 'NONE', *, *, #3323, .F. ) ;
#3300 = DIRECTION ( 'NONE',  ( 1.327871050303250584E-16, -0.7071067811865525687, 0.7071067811865425767 ) ) ;
#3301 = VECTOR ( 'NONE', #1771, 1000.000000000000114 ) ;
#3302 = EDGE_CURVE ( 'NONE', #3089, #2952, #3041, .T. ) ;
#3303 = DIRECTION ( 'NONE',  ( 1.000000000000000000, 0.0000000000000000000, 0.0000000000000000000 ) ) ;
#3304 = DIRECTION ( 'NONE',  ( 0.0000000000000000000, 0.0000000000000000000, 1.000000000000000000 ) ) ;
#3305 = CARTESIAN_POINT ( 'NONE',  ( -10.85391285048756416, -17.07674563839224291, 0.04457579361455071137 ) ) ;
#3306 = CARTESIAN_POINT ( 'NONE',  ( -9.528788052105271689, -15.49565495919838831, 0.7499896674941539665 ) ) ;
#3307 = ORIENTED_EDGE ( 'NONE', *, *, #3447, .T. ) ;
#3308 = VECTOR ( 'NONE', #2193, 1000.000000000000000 ) ;
#3309 = AXIS2_PLACEMENT_3D ( 'NONE', #480, #3908, #1129 ) ;
#3310 = LINE ( 'NONE', #1769, #2279 ) ;
#3311 = CARTESIAN_POINT ( 'NONE',  ( 9.693860759728320176, 17.81631978732466237, -1.588913661505112929 ) ) ;
#3312 = CARTESIAN_POINT ( 'NONE',  ( 9.237604307034018802, 16.00000000000000711, -3.249999999999999556 ) ) ;
#3313 = AXIS2_PLACEMENT_3D ( 'NONE', #159, #1388, #1651 ) ;
#3314 = CIRCLE ( 'NONE', #2157, 1.549999999999999378 ) ;
#3315 = EDGE_CURVE ( 'NONE', #3157, #3792, #280, .T. ) ;
#3316 = VECTOR ( 'NONE', #2972, 1000.000000000000000 ) ;
#3317 = ORIENTED_EDGE ( 'NONE', *, *, #2883, .F. ) ;
#3318 = ORIENTED_EDGE ( 'NONE', *, *, #3794, .F. ) ;
#3319 = AXIS2_PLACEMENT_3D ( 'NONE', #3130, #3413, #933 ) ;
#3320 = CARTESIAN_POINT ( 'NONE',  ( -18.18653347947320853, 0.4999999999999900080, 3.750000000000000000 ) ) ;
#3321 = CARTESIAN_POINT ( 'NONE',  ( 8.660254037844390851, 16.00000000000000711, -3.249999999999999556 ) ) ;
#3322 = COLOUR_RGB ( '',0.7921568627450980005, 0.8196078431372548767, 0.9333333333333333481 ) ;
#3323 = EDGE_CURVE ( 'NONE', #3030, #1258, #2342, .T. ) ;
#3324 = VERTEX_POINT ( 'NONE', #244 ) ;
#3325 = EDGE_LOOP ( 'NONE', ( #3585, #2117, #1982, #2465, #359, #1767 ) ) ;
#3326 = PLANE ( 'NONE',  #1822 ) ;
#3327 = DIRECTION ( 'NONE',  ( 0.0000000000000000000, 0.0000000000000000000, -1.000000000000000000 ) ) ;
#3328 = CARTESIAN_POINT ( 'NONE',  ( 9.361939111569002492, 17.93813707818074121, 0.04457579361455121097 ) ) ;
#3329 = DIRECTION ( 'NONE',  ( 0.0000000000000000000, 0.0000000000000000000, -1.000000000000000000 ) ) ;
#3330 = ORIENTED_EDGE ( 'NONE', *, *, #3742, .F. ) ;
#3331 = CARTESIAN_POINT ( 'NONE',  ( -9.361939111568968741, -17.93813707818074477, -1.544575793614551440 ) ) ;
#3332 = LINE ( 'NONE', #3860, #1506 ) ;
#3333 = CARTESIAN_POINT ( 'NONE',  ( 8.660254037844396180, -16.00000000000001066, -2.249969002532632878 ) ) ;
#3334 = PRODUCT_CONTEXT ( 'NONE', #2216, 'mechanical' ) ;
#3335 = EDGE_CURVE ( 'NONE', #1199, #1899, #2984, .T. ) ;
#3336 = ORIENTED_EDGE ( 'NONE', *, *, #2057, .F. ) ;
#3337 = EDGE_CURVE ( 'NONE', #3989, #3887, #2731, .T. ) ;
#3338 = DIRECTION ( 'NONE',  ( 0.4768709627114737781, 0.8259647360705566488, 0.3006265784832201082 ) ) ;
#3339 = CARTESIAN_POINT ( 'NONE',  ( 8.552519010925434984, -17.18660254037845192, 0.7500000000000006661 ) ) ;
#3340 = ORIENTED_EDGE ( 'NONE', *, *, #1786, .F. ) ;
#3341 = ORIENTED_EDGE ( 'NONE', *, *, #3151, .T. ) ;
#3342 = EDGE_CURVE ( 'NONE', #3481, #2183, #1194, .T. ) ;
#3343 = DIRECTION ( 'NONE',  ( -0.0000000000000000000, -0.0000000000000000000, 1.000000000000000000 ) ) ;
#3344 = DIRECTION ( 'NONE',  ( 0.8660254037844389297, -0.4999999999999993339, 0.0000000000000000000 ) ) ;
#3345 =( BOUNDED_CURVE ( )  B_SPLINE_CURVE ( 3, ( #2034, #1075, #2315, #97 ),
 .UNSPECIFIED., .F., .T. ) 
 B_SPLINE_CURVE_WITH_KNOTS ( ( 4, 4 ),
 ( 5.359907600941418160, 5.364314273040466929 ),
 .UNSPECIFIED. ) 
 CURVE ( )  GEOMETRIC_REPRESENTATION_ITEM ( )  RATIONAL_B_SPLINE_CURVE ( ( 1.000000000000000000, 0.9999983817707388534, 0.9999983817707388534, 1.000000000000000000 ) ) 
 REPRESENTATION_ITEM ( '' )  );
#3346 = DIRECTION ( 'NONE',  ( -0.0000000000000000000, -0.0000000000000000000, 1.000000000000000000 ) ) ;
#3347 = CARTESIAN_POINT ( 'NONE',  ( 6.750000000000058620, 11.69134295108989363, -0.6499999999999995781 ) ) ;
#3348 = ORIENTED_EDGE ( 'NONE', *, *, #479, .T. ) ;
#3349 = DIRECTION ( 'NONE',  ( -0.0000000000000000000, -0.0000000000000000000, -1.000000000000000000 ) ) ;
#3350 = PLANE ( 'NONE',  #2091 ) ;
#3351 = CYLINDRICAL_SURFACE ( 'NONE', #3234, 1.999999999999994893 ) ;
#3352 = EDGE_LOOP ( 'NONE', ( #2194, #3937, #767, #581, #3003, #144, #1405, #2090 ) ) ;
#3353 =( BOUNDED_CURVE ( )  B_SPLINE_CURVE ( 3, ( #2780, #3395, #3950, #1891 ),
 .UNSPECIFIED., .F., .F. ) 
 B_SPLINE_CURVE_WITH_KNOTS ( ( 4, 4 ),
 ( 0.9188710341391171932, 0.9232777062381646305 ),
 .UNSPECIFIED. ) 
 CURVE ( )  GEOMETRIC_REPRESENTATION_ITEM ( )  RATIONAL_B_SPLINE_CURVE ( ( 1.000000000000000000, 0.9999983817707388534, 0.9999983817707388534, 1.000000000000000000 ) ) 
 REPRESENTATION_ITEM ( '' )  );
#3354 = ADVANCED_FACE ( 'NONE', ( #1482 ), #1731, .F. ) ;
#3355 = EDGE_LOOP ( 'NONE', ( #3515, #1595, #1363, #2404 ) ) ;
#3356 = CARTESIAN_POINT ( 'NONE',  ( 17.32050807568878170, 5.854691731421723944E-15, -3.750000000000000000 ) ) ;
#3357 = DIRECTION ( 'NONE',  ( 0.0000000000000000000, 0.9396926207859093161, -0.3420201433256663259 ) ) ;
#3358 = ORIENTED_EDGE ( 'NONE', *, *, #3337, .T. ) ;
#3359 = EDGE_LOOP ( 'NONE', ( #3215, #3061, #1160, #411 ) ) ;
#3360 = AXIS2_PLACEMENT_3D ( 'NONE', #1069, #746, #1328 ) ;
#3361 = DIRECTION ( 'NONE',  ( -0.0000000000000000000, -0.0000000000000000000, -1.000000000000000000 ) ) ;
#3362 = DIRECTION ( 'NONE',  ( -0.5000000000000002220, 0.8660254037844384856, 0.0000000000000000000 ) ) ;
#3363 = CARTESIAN_POINT ( 'NONE',  ( 8.660254037844397956, 18.00000000000001066, -1.522059531467601756 ) ) ;
#3364 = DIRECTION ( 'NONE',  ( -0.6123724356958007986, -0.3535533905932778387, 0.7071067811865401342 ) ) ;
#3365 = ORIENTED_EDGE ( 'NONE', *, *, #2666, .F. ) ;
#3366 = ADVANCED_FACE ( 'NONE', ( #224 ), #551, .F. ) ;
#3367 = VECTOR ( 'NONE', #1732, 1000.000000000000000 ) ;
#3368 = CIRCLE ( 'NONE', #731, 1.999999999999989564 ) ;
#3369 = CARTESIAN_POINT ( 'NONE',  ( 8.300000000000059330, 11.69134295108989363, -0.6499999999999995781 ) ) ;
#3370 = CARTESIAN_POINT ( 'NONE',  ( -18.32050807568877104, -7.308437431604575976E-15, 0.7517344528513750790 ) ) ;
#3371 = CONICAL_SURFACE ( 'NONE', #2015, 0.5000000000000213163, 0.7853981633974399523 ) ;
#3372 = CARTESIAN_POINT ( 'NONE',  ( 8.660254037844396180, -15.00000000000001066, 3.750000000000000000 ) ) ;
#3373 = ORIENTED_EDGE ( 'NONE', *, *, #3885, .F. ) ;
#3374 = EDGE_CURVE ( 'NONE', #2258, #3500, #1900, .T. ) ;
#3375 = CIRCLE ( 'NONE', #1814, 1.999999999999989564 ) ;
#3376 = AXIS2_PLACEMENT_3D ( 'NONE', #1294, #2517, #3110 ) ;
#3377 =( BOUNDED_CURVE ( )  B_SPLINE_CURVE ( 3, ( #1597, #1921, #2484, #2542 ),
 .UNSPECIFIED., .F., .F. ) 
 B_SPLINE_CURVE_WITH_KNOTS ( ( 4, 4 ),
 ( 3.437980358091380760E-16, 0.1718547513187377307 ),
 .UNSPECIFIED. ) 
 CURVE ( )  GEOMETRIC_REPRESENTATION_ITEM ( )  RATIONAL_B_SPLINE_CURVE ( ( 1.000000000000000000, 0.9975403426724787082, 0.9975403426724787082, 1.000000000000000000 ) ) 
 REPRESENTATION_ITEM ( '' )  );
#3378 = VERTEX_POINT ( 'NONE', #1273 ) ;
#3379 = AXIS2_PLACEMENT_3D ( 'NONE', #3021, #2362, #2072 ) ;
#3380 = ORIENTED_EDGE ( 'NONE', *, *, #391, .T. ) ;
#3381 = DIRECTION ( 'NONE',  ( 1.000000000000000000, 0.0000000000000000000, 0.0000000000000000000 ) ) ;
#3382 = FACE_OUTER_BOUND ( 'NONE', #3529, .T. ) ;
#3383 = AXIS2_PLACEMENT_3D ( 'NONE', #69, #685, #3708 ) ;
#3384 = VERTEX_POINT ( 'NONE', #1848 ) ;
#3385 = ORIENTED_EDGE ( 'NONE', *, *, #2057, .T. ) ;
#3386 = VECTOR ( 'NONE', #1008, 1000.000000000000000 ) ;
#3387 = DIRECTION ( 'NONE',  ( 0.0000000000000000000, -0.9396926207859095381, -0.3420201433256655488 ) ) ;
#3388 = CARTESIAN_POINT ( 'NONE',  ( -8.074999999999995737, -10.52220865598098776, 3.750000000000000000 ) ) ;
#3389 = FACE_OUTER_BOUND ( 'NONE', #1137, .T. ) ;
#3390 = DIRECTION ( 'NONE',  ( -0.0000000000000000000, -0.0000000000000000000, -1.000000000000000000 ) ) ;
#3391 = ORIENTED_EDGE ( 'NONE', *, *, #231, .T. ) ;
#3392 = VECTOR ( 'NONE', #1136, 999.9999999999998863 ) ;
#3393 = EDGE_CURVE ( 'NONE', #3535, #829, #3396, .T. ) ;
#3394 = CARTESIAN_POINT ( 'NONE',  ( -9.093266739736609594, -15.25000000000002842, 3.750000000000000000 ) ) ;
#3395 = CARTESIAN_POINT ( 'NONE',  ( -18.18151719889502971, -0.5086884528264375982, -2.249999999999996891 ) ) ;
#3396 = LINE ( 'NONE', #934, #1701 ) ;
#3397 = VERTEX_POINT ( 'NONE', #370 ) ;
#3398 = EDGE_CURVE ( 'NONE', #142, #487, #2433, .T. ) ;
#3399 = DIRECTION ( 'NONE',  ( -0.0000000000000000000, -0.0000000000000000000, 1.000000000000000000 ) ) ;
#3400 = ORIENTED_EDGE ( 'NONE', *, *, #498, .F. ) ;
#3401 = VERTEX_POINT ( 'NONE', #2197 ) ;
#3402 = LINE ( 'NONE', #636, #491 ) ;
#3403 = CARTESIAN_POINT ( 'NONE',  ( -8.660254037844369535, -15.00000000000001421, 0.02205953146760110395 ) ) ;
#3404 = ORIENTED_EDGE ( 'NONE', *, *, #853, .T. ) ;
#3405 = EDGE_LOOP ( 'NONE', ( #1066, #981, #648, #1471 ) ) ;
#3406 = CARTESIAN_POINT ( 'NONE',  ( -9.305717245385711323, -15.76876382218370409, -2.251280612097259937 ) ) ;
#3407 = CARTESIAN_POINT ( 'NONE',  ( 8.660254037844390851, 15.00000000000000711, 3.750000000000000000 ) ) ;
#3408 = CARTESIAN_POINT ( 'NONE',  ( 9.361939111569004268, 17.93813707818074121, -1.544575793614551884 ) ) ;
#3409 = DIRECTION ( 'NONE',  ( 1.000000000000000000, 8.881784197001239702E-15, 0.0000000000000000000 ) ) ;
#3410 = ORIENTED_EDGE ( 'NONE', *, *, #785, .T. ) ;
#3411 = EDGE_CURVE ( 'NONE', #2857, #945, #1589, .T. ) ;
#3412 = CARTESIAN_POINT ( 'NONE',  ( 9.237604307034022355, -16.00000000000001066, 3.750000000000000000 ) ) ;
#3413 = DIRECTION ( 'NONE',  ( -0.0000000000000000000, -0.0000000000000000000, 1.000000000000000000 ) ) ;
#3414 = CARTESIAN_POINT ( 'NONE',  ( -17.32050807568877104, -9.215718466126787689E-15, -3.249999999999999556 ) ) ;
#3415 = VERTEX_POINT ( 'NONE', #995 ) ;
#3416 = EDGE_CURVE ( 'NONE', #2486, #3564, #3519, .T. ) ;
#3417 = CARTESIAN_POINT ( 'NONE',  ( 9.482193061683796387, 15.57635984998658429, 0.7496058360092470174 ) ) ;
#3418 = FACE_OUTER_BOUND ( 'NONE', #1106, .T. ) ;
#3419 = EDGE_CURVE ( 'NONE', #3199, #2825, #901, .T. ) ;
#3420 = ORIENTED_EDGE ( 'NONE', *, *, #436, .T. ) ;
#3421 = ORIENTED_EDGE ( 'NONE', *, *, #879, .F. ) ;
#3422 = CARTESIAN_POINT ( 'NONE',  ( -8.660254037844373087, -15.50000000000000711, -3.750000000000000000 ) ) ;
#3423 = CARTESIAN_POINT ( 'NONE',  ( 9.693860759728320176, -17.81631978732466237, -1.588913661505113151 ) ) ;
#3424 = EDGE_LOOP ( 'NONE', ( #3829, #3859, #3053, #558 ) ) ;
#3425 = ADVANCED_FACE ( 'NONE', ( #1827 ), #386, .T. ) ;
#3426 = ORIENTED_EDGE ( 'NONE', *, *, #2185, .T. ) ;
#3427 = LINE ( 'NONE', #1883, #1698 ) ;
#3428 = DIRECTION ( 'NONE',  ( -0.0000000000000000000, -0.0000000000000000000, -1.000000000000000000 ) ) ;
#3429 = CARTESIAN_POINT ( 'NONE',  ( 9.533802439760044933, -15.48696978501150667, -2.249999999999999556 ) ) ;
#3430 = EDGE_LOOP ( 'NONE', ( #554, #1876, #2588, #2940 ) ) ;
#3431 = EDGE_CURVE ( 'NONE', #1959, #945, #2226, .T. ) ;
#3432 = DIRECTION ( 'NONE',  ( 1.000000000000000000, 0.0000000000000000000, 0.0000000000000000000 ) ) ;
#3433 = CARTESIAN_POINT ( 'NONE',  ( -19.91858428704208350, -1.500000000000005551, -1.522059531467601756 ) ) ;
#3434 = ORIENTED_EDGE ( 'NONE', *, *, #2593, .F. ) ;
#3435 = VECTOR ( 'NONE', #3537, 999.9999999999998863 ) ;
#3436 = PLANE ( 'NONE',  #3241 ) ;
#3437 = DIRECTION ( 'NONE',  ( -0.6123724356957906956, -0.3535533905932718435, 0.7071067811865519026 ) ) ;
#3438 = VECTOR ( 'NONE', #3274, 1000.000000000000000 ) ;
#3439 = PRODUCT_RELATED_PRODUCT_CATEGORY ( 'part', '', ( #1711 ) ) ;
#3440 = ORIENTED_EDGE ( 'NONE', *, *, #1155, .F. ) ;
#3441 = ORIENTED_EDGE ( 'NONE', *, *, #304, .T. ) ;
#3442 = CIRCLE ( 'NONE', #3629, 2.000000000000000000 ) ;
#3443 = CARTESIAN_POINT ( 'NONE',  ( -4.075000000000052580, 10.52220865598089894, 0.7499999999999997780 ) ) ;
#3444 = ADVANCED_FACE ( 'NONE', ( #1212 ), #2823, .T. ) ;
#3445 = ORIENTED_EDGE ( 'NONE', *, *, #60, .T. ) ;
#3446 = DIRECTION ( 'NONE',  ( -0.0000000000000000000, -0.0000000000000000000, 1.000000000000000000 ) ) ;
#3447 = EDGE_CURVE ( 'NONE', #1899, #3727, #2538, .T. ) ;
#3448 = DIRECTION ( 'NONE',  ( -1.000000000000000000, 0.0000000000000000000, 0.0000000000000000000 ) ) ;
#3449 = CARTESIAN_POINT ( 'NONE',  ( 9.526279441628835443, -15.50000000000001066, 3.250000000000012879 ) ) ;
#3450 = LINE ( 'NONE', #928, #3308 ) ;
#3451 = VERTEX_POINT ( 'NONE', #3457 ) ;
#3452 = VECTOR ( 'NONE', #3467, 999.9999999999998863 ) ;
#3453 = AXIS2_PLACEMENT_3D ( 'NONE', #3312, #3900, #2363 ) ;
#3454 = DIRECTION ( 'NONE',  ( 0.5000000000000004441, -0.8660254037844383745, 0.0000000000000000000 ) ) ;
#3455 = CARTESIAN_POINT ( 'NONE',  ( 9.084685710407393699, 15.90962358581270131, -2.251733525891697951 ) ) ;
#3456 = CONICAL_SURFACE ( 'NONE', #3958, 0.4999999999999935052, 0.7853981633974539411 ) ;
#3457 = CARTESIAN_POINT ( 'NONE',  ( -18.18653347947320853, -0.5000000000000102141, 3.250000000000013767 ) ) ;
#3458 = ORIENTED_EDGE ( 'NONE', *, *, #3756, .T. ) ;
#3459 = LINE ( 'NONE', #2225, #16 ) ;
#3460 = FACE_OUTER_BOUND ( 'NONE', #2412, .T. ) ;
#3461 = EDGE_LOOP ( 'NONE', ( #3493, #2820, #3595, #1511 ) ) ;
#3462 = ORIENTED_EDGE ( 'NONE', *, *, #1209, .T. ) ;
#3463 = CARTESIAN_POINT ( 'NONE',  ( 5.200000000000059686, 11.69134295108989363, -3.750000000000000000 ) ) ;
#3464 = ADVANCED_FACE ( 'NONE', ( #3065 ), #3149, .F. ) ;
#3465 = ORIENTED_EDGE ( 'NONE', *, *, #3398, .T. ) ;
#3466 = ADVANCED_FACE ( 'NONE', ( #2477 ), #3715, .T. ) ;
#3467 = DIRECTION ( 'NONE',  ( 0.0000000000000000000, 0.7071067811865425767, -0.7071067811865525687 ) ) ;
#3468 = CARTESIAN_POINT ( 'NONE',  ( 8.299999999999943867, -11.69134295108995580, -3.750000000000000000 ) ) ;
#3469 = CARTESIAN_POINT ( 'NONE',  ( 11.08154546982721200, -16.80620021987457235, 0.02205953146760087497 ) ) ;
#3470 = CARTESIAN_POINT ( 'NONE',  ( -20.32050807568876749, 0.1720665721936289194, 0.1213195146595714285 ) ) ;
#3471 = VERTEX_POINT ( 'NONE', #2178 ) ;
#3472 = EDGE_CURVE ( 'NONE', #1043, #1910, #2807, .T. ) ;
#3473 = DIRECTION ( 'NONE',  ( 0.4768709627114740002, 0.8259647360705568708, -0.3006265784832193311 ) ) ;
#3474 = DIRECTION ( 'NONE',  ( -1.000000000000000000, 0.0000000000000000000, 0.0000000000000000000 ) ) ;
#3475 = DIRECTION ( 'NONE',  ( -0.0000000000000000000, -0.0000000000000000000, 1.000000000000000000 ) ) ;
#3476 = ORIENTED_EDGE ( 'NONE', *, *, #1264, .T. ) ;
#3477 = CARTESIAN_POINT ( 'NONE',  ( 13.42339375865882367, 7.750000000000019540, 3.750000000000000000 ) ) ;
#3478 = LINE ( 'NONE', #119, #2208 ) ;
#3479 = EDGE_CURVE ( 'NONE', #3643, #1199, #3838, .T. ) ;
#3480 = ORIENTED_EDGE ( 'NONE', *, *, #2203, .T. ) ;
#3481 = VERTEX_POINT ( 'NONE', #3105 ) ;
#3482 = CARTESIAN_POINT ( 'NONE',  ( 11.25833024919771574, -16.50000000000000711, 0.02205953146760110395 ) ) ;
#3483 = MANIFOLD_SOLID_BREP ( '倒角1', #1117 ) ;
#3484 = ORIENTED_EDGE ( 'NONE', *, *, #851, .T. ) ;
#3485 = CARTESIAN_POINT ( 'NONE',  ( -17.75352077758098446, 0.2499999999999868439, -3.750000000000000000 ) ) ;
#3486 = DIRECTION ( 'NONE',  ( 0.8571673007021121116, 0.0000000000000000000, 0.5150380749100544886 ) ) ;
#3487 = CARTESIAN_POINT ( 'NONE',  ( 9.526279441628831890, 15.50000000000000533, 3.250000000000012434 ) ) ;
#3488 = EDGE_LOOP ( 'NONE', ( #923, #2877, #1529, #1920, #47, #288 ) ) ;
#3489 = DIRECTION ( 'NONE',  ( 0.0000000000000000000, 0.0000000000000000000, -1.000000000000000000 ) ) ;
#3490 = CARTESIAN_POINT ( 'NONE',  ( -8.834643857193045235, 15.98853869802633731, -2.250212000460416917 ) ) ;
#3491 = SURFACE_STYLE_USAGE ( .BOTH. , #2257 ) ;
#3492 = ADVANCED_FACE ( 'NONE', ( #3777, #3550, #2592, #2497, #2923 ), #154, .F. ) ;
#3493 = ORIENTED_EDGE ( 'NONE', *, *, #671, .F. ) ;
#3494 = AXIS2_PLACEMENT_3D ( 'NONE', #3078, #1476, #1519 ) ;
#3495 = CIRCLE ( 'NONE', #1748, 9.500000000000001776 ) ;
#3496 = CARTESIAN_POINT ( 'NONE',  ( 20.27631591763469032, -0.5130302149884853335, -1.588913661505111596 ) ) ;
#3497 = CARTESIAN_POINT ( 'NONE',  ( 6.750000000000058620, 11.69134295108989363, -0.6499999999999995781 ) ) ;
#3498 = ADVANCED_FACE ( 'NONE', ( #2300 ), #486, .F. ) ;
#3499 = VECTOR ( 'NONE', #1934, 1000.000000000000000 ) ;
#3500 = VERTEX_POINT ( 'NONE', #1077 ) ;
#3501 = ORIENTED_EDGE ( 'NONE', *, *, #2666, .T. ) ;
#3502 = AXIS2_PLACEMENT_3D ( 'NONE', #1353, #800, #2018 ) ;
#3503 = CARTESIAN_POINT ( 'NONE',  ( -8.660254037844373087, -15.00000000000001421, 3.750000000000000000 ) ) ;
#3504 = AXIS2_PLACEMENT_3D ( 'NONE', #245, #3991, #1806 ) ;
#3505 = EDGE_LOOP ( 'NONE', ( #2229, #2896 ) ) ;
#3506 = PLANE ( 'NONE',  #2801 ) ;
#3507 = CARTESIAN_POINT ( 'NONE',  ( 9.750000000000056843, 11.69134295108989363, -0.6499999999999995781 ) ) ;
#3508 = ORIENTED_EDGE ( 'NONE', *, *, #3224, .F. ) ;
#3509 =( BOUNDED_CURVE ( )  B_SPLINE_CURVE ( 3, ( #1684, #1725, #2921, #484 ),
 .UNSPECIFIED., .F., .T. ) 
 B_SPLINE_CURVE_WITH_KNOTS ( ( 4, 4 ),
 ( 0.9188710341391181924, 0.9232777062381689603 ),
 .UNSPECIFIED. ) 
 CURVE ( )  GEOMETRIC_REPRESENTATION_ITEM ( )  RATIONAL_B_SPLINE_CURVE ( ( 1.000000000000000000, 0.9999983817707388534, 0.9999983817707388534, 1.000000000000000000 ) ) 
 REPRESENTATION_ITEM ( '' )  );
#3510 = ORIENTED_EDGE ( 'NONE', *, *, #896, .T. ) ;
#3511 = VECTOR ( 'NONE', #1033, 1000.000000000000114 ) ;
#3512 = CARTESIAN_POINT ( 'NONE',  ( 6.749999999999944933, -11.69134295108995580, -3.750000000000000000 ) ) ;
#3513 = CARTESIAN_POINT ( 'NONE',  ( 8.748426797734449423, 16.00000000000001066, -2.249605836009242132 ) ) ;
#3514 = CARTESIAN_POINT ( 'NONE',  ( -8.660254037844387298, 18.00000000000001066, -1.522059531467601756 ) ) ;
#3515 = ORIENTED_EDGE ( 'NONE', *, *, #1635, .F. ) ;
#3516 = EDGE_CURVE ( 'NONE', #2478, #35, #2900, .T. ) ;
#3517 = AXIS2_PLACEMENT_3D ( 'NONE', #875, #2094, #143 ) ;
#3518 = CARTESIAN_POINT ( 'NONE',  ( -9.526279441628808797, -15.50000000000001776, 3.250000000000013323 ) ) ;
#3519 = CIRCLE ( 'NONE', #3956, 1.999999999999999112 ) ;
#3520 = CARTESIAN_POINT ( 'NONE',  ( -8.748426797734449423, 16.00000000000001066, 0.7496058360092432427 ) ) ;
#3521 = CARTESIAN_POINT ( 'NONE',  ( 19.91858428704210837, -1.499999999999984013, 0.02205953146760110395 ) ) ;
#3522 = VERTEX_POINT ( 'NONE', #1096 ) ;
#3523 = EDGE_CURVE ( 'NONE', #3722, #1947, #1992, .T. ) ;
#3524 = PLANE ( 'NONE',  #2991 ) ;
#3525 = VERTEX_POINT ( 'NONE', #3533 ) ;
#3526 = CARTESIAN_POINT ( 'NONE',  ( -19.91858428704208706, 1.499999999999990896, -1.522059531467601756 ) ) ;
#3527 = VERTEX_POINT ( 'NONE', #773 ) ;
#3528 = DIRECTION ( 'NONE',  ( -1.000000000000000000, -1.877893248421449775E-16, 0.0000000000000000000 ) ) ;
#3529 = EDGE_LOOP ( 'NONE', ( #1667, #63, #2755, #187, #3559, #1988, #3841, #748 ) ) ;
#3530 = DIRECTION ( 'NONE',  ( -0.0000000000000000000, -0.0000000000000000000, -1.000000000000000000 ) ) ;
#3531 = CARTESIAN_POINT ( 'NONE',  ( 14.14999999999999147, 0.0000000000000000000, 3.750000000000001332 ) ) ;
#3532 = CARTESIAN_POINT ( 'NONE',  ( 9.305717245385730862, 15.76876382218369699, -2.251280612097266598 ) ) ;
#3533 = CARTESIAN_POINT ( 'NONE',  ( -11.25833024919770331, 16.50000000000000711, 0.02205953146760110395 ) ) ;
#3534 =( BOUNDED_CURVE ( )  B_SPLINE_CURVE ( 3, ( #1560, #2711, #1206, #3059 ),
 .UNSPECIFIED., .F., .T. ) 
 B_SPLINE_CURVE_WITH_KNOTS ( ( 4, 4 ),
 ( 5.359907600941416383, 5.364314273040466929 ),
 .UNSPECIFIED. ) 
 CURVE ( )  GEOMETRIC_REPRESENTATION_ITEM ( )  RATIONAL_B_SPLINE_CURVE ( ( 1.000000000000000000, 0.9999983817707388534, 0.9999983817707388534, 1.000000000000000000 ) ) 
 REPRESENTATION_ITEM ( '' )  );
#3535 = VERTEX_POINT ( 'NONE', #1950 ) ;
#3536 = CARTESIAN_POINT ( 'NONE',  ( 12.15000000000000036, 0.0000000000000000000, 3.750000000000001332 ) ) ;
#3537 = DIRECTION ( 'NONE',  ( 0.7071067811865425767, 8.659560562354873694E-17, -0.7071067811865525687 ) ) ;
#3538 = EDGE_CURVE ( 'NONE', #3066, #1307, #3245, .T. ) ;
#3539 = CARTESIAN_POINT ( 'NONE',  ( 10.85391285048760146, -17.07674563839223225, -1.544575793614552328 ) ) ;
#3540 = ORIENTED_EDGE ( 'NONE', *, *, #2135, .T. ) ;
#3541 = CARTESIAN_POINT ( 'NONE',  ( 6.749999999999944933, -11.69134295108995580, 3.750000000000000000 ) ) ;
#3542 = EDGE_CURVE ( 'NONE', #681, #2405, #291, .T. ) ;
#3543 = VERTEX_POINT ( 'NONE', #2013 ) ;
#3544 = CARTESIAN_POINT ( 'NONE',  ( 11.25833024919771574, -16.50000000000000711, -1.522059531467601756 ) ) ;
#3545 = CARTESIAN_POINT ( 'NONE',  ( 20.21585196205659329, 0.8613914397885209517, 0.04457579361455078076 ) ) ;
#3546 = ORIENTED_EDGE ( 'NONE', *, *, #3523, .T. ) ;
#3547 = VERTEX_POINT ( 'NONE', #116 ) ;
#3548 = CARTESIAN_POINT ( 'NONE',  ( -9.237604307033997486, -16.00000000000001421, 3.750000000000000000 ) ) ;
#3549 = DIRECTION ( 'NONE',  ( -0.0000000000000000000, -0.0000000000000000000, -1.000000000000000000 ) ) ;
#3550 = FACE_OUTER_BOUND ( 'NONE', #1859, .T. ) ;
#3551 = ORIENTED_EDGE ( 'NONE', *, *, #313, .T. ) ;
#3552 = CARTESIAN_POINT ( 'NONE',  ( -8.748426447681563189, -16.00000000000001066, 0.7496058374510420341 ) ) ;
#3553 = CARTESIAN_POINT ( 'NONE',  ( -11.08154546982717825, -16.80620021987458301, -1.522059531467601756 ) ) ;
#3554 = AXIS2_PLACEMENT_3D ( 'NONE', #2922, #1726, #2372 ) ;
#3555 = CARTESIAN_POINT ( 'NONE',  ( 0.0000000000000000000, 18.00000000000001066, 0.02205953146760110395 ) ) ;
#3556 = VERTEX_POINT ( 'NONE', #2881 ) ;
#3557 = FACE_OUTER_BOUND ( 'NONE', #3424, .T. ) ;
#3558 = VECTOR ( 'NONE', #91, 999.9999999999998863 ) ;
#3559 = ORIENTED_EDGE ( 'NONE', *, *, #1217, .F. ) ;
#3560 = AXIS2_PLACEMENT_3D ( 'NONE', #390, #1612, #3153 ) ;
#3561 = EDGE_CURVE ( 'NONE', #2487, #3525, #2389, .T. ) ;
#3562 = FACE_BOUND ( 'NONE', #1568, .T. ) ;
#3563 = CARTESIAN_POINT ( 'NONE',  ( 8.660254037844390851, 15.00000000000000711, -3.249999999999999556 ) ) ;
#3564 = VERTEX_POINT ( 'NONE', #403 ) ;
#3565 = CIRCLE ( 'NONE', #1810, 1.000000000000000888 ) ;
#3566 = DIRECTION ( 'NONE',  ( -0.0000000000000000000, -0.0000000000000000000, 1.000000000000000000 ) ) ;
#3567 = ORIENTED_EDGE ( 'NONE', *, *, #2756, .F. ) ;
#3568 = ADVANCED_FACE ( 'NONE', ( #2277 ), #1035, .T. ) ;
#3569 = AXIS2_PLACEMENT_3D ( 'NONE', #1873, #2845, #1933 ) ;
#3570 = CARTESIAN_POINT ( 'NONE',  ( 6.750000000000058620, 11.69134295108989363, 3.750000000000000000 ) ) ;
#3571 = CARTESIAN_POINT ( 'NONE',  ( 8.660254037844390851, 16.00000000000000711, 3.750000000000000000 ) ) ;
#3572 = CARTESIAN_POINT ( 'NONE',  ( 8.660254037844397956, -15.00000000000001066, 0.02205953146760110395 ) ) ;
#3573 = ORIENTED_EDGE ( 'NONE', *, *, #3651, .T. ) ;
#3574 = VECTOR ( 'NONE', #1364, 1000.000000000000000 ) ;
#3575 = DIRECTION ( 'NONE',  ( 0.0000000000000000000, 0.0000000000000000000, -1.000000000000000000 ) ) ;
#3576 = VECTOR ( 'NONE', #337, 1000.000000000000000 ) ;
#3577 = CARTESIAN_POINT ( 'NONE',  ( -8.660254037844389075, 15.50000000000002842, 3.750000000000000000 ) ) ;
#3578 = DIRECTION ( 'NONE',  ( 0.0000000000000000000, 0.0000000000000000000, -1.000000000000000000 ) ) ;
#3579 = VECTOR ( 'NONE', #987, 1000.000000000000000 ) ;
#3580 = AXIS2_PLACEMENT_3D ( 'NONE', #3414, #606, #647 ) ;
#3581 = DIRECTION ( 'NONE',  ( -0.0000000000000000000, -0.0000000000000000000, -1.000000000000000000 ) ) ;
#3582 = VECTOR ( 'NONE', #715, 1000.000000000000000 ) ;
#3583 = VECTOR ( 'NONE', #3894, 1000.000000000000114 ) ;
#3584 = EDGE_LOOP ( 'NONE', ( #1986, #2184, #3919, #499, #2153, #2931 ) ) ;
#3585 = ORIENTED_EDGE ( 'NONE', *, *, #1759, .T. ) ;
#3586 = LINE ( 'NONE', #1675, #3187 ) ;
#3587 = DIRECTION ( 'NONE',  ( 0.0000000000000000000, 0.0000000000000000000, 1.000000000000000000 ) ) ;
#3588 = VERTEX_POINT ( 'NONE', #3514 ) ;
#3589 = EDGE_CURVE ( 'NONE', #1959, #1555, #754, .T. ) ;
#3590 = FACE_OUTER_BOUND ( 'NONE', #1270, .T. ) ;
#3591 = CARTESIAN_POINT ( 'NONE',  ( 20.21585196205659329, 0.8613914397885180652, -1.544575793614551662 ) ) ;
#3592 = CARTESIAN_POINT ( 'NONE',  ( -8.645208041581947001, -16.00000000000001066, -2.249999999999999556 ) ) ;
#3593 = LINE ( 'NONE', #927, #1230 ) ;
#3594 = CARTESIAN_POINT ( 'NONE',  ( 18.23061968439181868, -0.4236404531680954544, -2.249605837451043922 ) ) ;
#3595 = ORIENTED_EDGE ( 'NONE', *, *, #1323, .T. ) ;
#3596 = EDGE_CURVE ( 'NONE', #1165, #664, #1153, .T. ) ;
#3597 = DIRECTION ( 'NONE',  ( -1.000000000000000000, -0.0000000000000000000, -0.0000000000000000000 ) ) ;
#3598 = CARTESIAN_POINT ( 'NONE',  ( -8.645208041581970093, 16.00000000000000711, -2.249999999999999556 ) ) ;
#3599 = EDGE_CURVE ( 'NONE', #2014, #1959, #3928, .T. ) ;
#3600 = CARTESIAN_POINT ( 'NONE',  ( 18.18653347947322274, -0.4999999999999952260, 3.750000000000000000 ) ) ;
#3601 = EDGE_CURVE ( 'NONE', #619, #2454, #493, .T. ) ;
#3602 = ORIENTED_EDGE ( 'NONE', *, *, #984, .T. ) ;
#3603 = FACE_OUTER_BOUND ( 'NONE', #2678, .T. ) ;
#3604 = DIRECTION ( 'NONE',  ( 0.0000000000000000000, -1.000000000000000000, 0.0000000000000000000 ) ) ;
#3605 = EDGE_LOOP ( 'NONE', ( #2441, #3441, #525, #3848 ) ) ;
#3606 = LINE ( 'NONE', #1703, #666 ) ;
#3607 = FACE_OUTER_BOUND ( 'NONE', #929, .T. ) ;
#3608 = FACE_OUTER_BOUND ( 'NONE', #2729, .T. ) ;
#3609 = CARTESIAN_POINT ( 'NONE',  ( -8.660254037844369535, -18.00000000000001421, 0.02205953146760110395 ) ) ;
#3610 = CARTESIAN_POINT ( 'NONE',  ( 18.23061985941825469, 0.4236401500134290843, -2.249605836009245241 ) ) ;
#3611 = EDGE_LOOP ( 'NONE', ( #2749, #1723, #1673, #3299 ) ) ;
#3612 = EDGE_CURVE ( 'NONE', #3029, #1083, #1314, .T. ) ;
#3613 = LINE ( 'NONE', #2757, #1633 ) ;
#3614 = DIRECTION ( 'NONE',  ( -0.4768709627114740002, -0.8259647360705566488, 0.3006265784832201082 ) ) ;
#3615 = AXIS2_PLACEMENT_3D ( 'NONE', #772, #3202, #1929 ) ;
#3616 = EDGE_CURVE ( 'NONE', #150, #3882, #1508, .T. ) ;
#3617 = ORIENTED_EDGE ( 'NONE', *, *, #2449, .F. ) ;
#3618 = CARTESIAN_POINT ( 'NONE',  ( 9.526279441628835443, -15.50000000000001066, -2.249969002532634210 ) ) ;
#3619 = AXIS2_PLACEMENT_3D ( 'NONE', #1127, #1415, #2310 ) ;
#3620 = CARTESIAN_POINT ( 'NONE',  ( -13.50000000000000355, 7.041308691801725122E-14, -3.750000000000000000 ) ) ;
#3621 = VERTEX_POINT ( 'NONE', #3649 ) ;
#3622 = ORIENTED_EDGE ( 'NONE', *, *, #1125, .T. ) ;
#3623 = AXIS2_PLACEMENT_3D ( 'NONE', #747, #1660, #382 ) ;
#3624 = CARTESIAN_POINT ( 'NONE',  ( 9.091507353750765574, 16.77301308405938229, 0.4686462467040730107 ) ) ;
#3625 = DIRECTION ( 'NONE',  ( -0.9537419254229481114, 0.0000000000000000000, -0.3006265784832199972 ) ) ;
#3626 = CARTESIAN_POINT ( 'NONE',  ( -9.429263457736659859, 15.64511528729300949, -2.250210677488174493 ) ) ;
#3627 = CARTESIAN_POINT ( 'NONE',  ( -19.08489444295115334, -7.589415207398531038E-15, 0.5107941606151893410 ) ) ;
#3628 = VERTEX_POINT ( 'NONE', #2036 ) ;
#3629 = AXIS2_PLACEMENT_3D ( 'NONE', #2332, #3566, #1071 ) ;
#3630 = FACE_BOUND ( 'NONE', #1968, .T. ) ;
#3631 = FACE_OUTER_BOUND ( 'NONE', #688, .T. ) ;
#3632 = DIRECTION ( 'NONE',  ( -1.000000000000000000, 0.0000000000000000000, 0.0000000000000000000 ) ) ;
#3633 = AXIS2_PLACEMENT_3D ( 'NONE', #3512, #1664, #1094 ) ;
#3634 = EDGE_CURVE ( 'NONE', #1018, #378, #1112, .T. ) ;
#3635 =( BOUNDED_CURVE ( )  B_SPLINE_CURVE ( 3, ( #2529, #2584, #3469, #3826 ),
 .UNSPECIFIED., .F., .F. ) 
 B_SPLINE_CURVE_WITH_KNOTS ( ( 4, 4 ),
 ( 5.931441282900025591, 6.283185307179586232 ),
 .UNSPECIFIED. ) 
 CURVE ( )  GEOMETRIC_REPRESENTATION_ITEM ( )  RATIONAL_B_SPLINE_CURVE ( ( 1.000000000000000000, 0.9897162267460037910, 0.9897162267460037910, 1.000000000000000000 ) ) 
 REPRESENTATION_ITEM ( '' )  );
#3636 = VECTOR ( 'NONE', #1243, 1000.000000000000114 ) ;
#3637 = AXIS2_PLACEMENT_3D ( 'NONE', #3356, #3010, #2684 ) ;
#3638 = ADVANCED_FACE ( 'NONE', ( #2654 ), #1187, .F. ) ;
#3639 = ORIENTED_EDGE ( 'NONE', *, *, #3756, .F. ) ;
#3640 = VECTOR ( 'NONE', #2602, 1000.000000000000000 ) ;
#3641 = DIRECTION ( 'NONE',  ( 1.000000000000000000, 1.877893248421449775E-16, -0.0000000000000000000 ) ) ;
#3642 = CARTESIAN_POINT ( 'NONE',  ( 9.528788052105294781, -15.49565495919838476, 0.7499896674941578523 ) ) ;
#3643 = VERTEX_POINT ( 'NONE', #2980 ) ;
#3644 = B_SPLINE_CURVE_WITH_KNOTS ( 'NONE', 3,
 ( #2276, #2299, #1628, #3532, #1311, #3455, #1991, #57, #3513, #2822 ),
 .UNSPECIFIED., .F., .F.,
 ( 4, 2, 2, 2, 4 ),
 ( 0.0000000000000000000, 0.0002607588621995473666, 0.0005215177243990947332, 0.0007822765865986420998, 0.001043035448798189466 ),
 .UNSPECIFIED. ) ;
#3645 = VERTEX_POINT ( 'NONE', #3018 ) ;
#3646 = FACE_OUTER_BOUND ( 'NONE', #1534, .T. ) ;
#3647 = CARTESIAN_POINT ( 'NONE',  ( -17.32050807568877104, -9.215718466126787689E-15, 3.750000000000000000 ) ) ;
#3648 = DIRECTION ( 'NONE',  ( 0.0000000000000000000, 0.0000000000000000000, -1.000000000000000000 ) ) ;
#3649 = CARTESIAN_POINT ( 'NONE',  ( 18.18653347947322274, 0.5000000000000065503, 3.250000000000013323 ) ) ;
#3650 = ORIENTED_EDGE ( 'NONE', *, *, #479, .F. ) ;
#3651 = EDGE_CURVE ( 'NONE', #3868, #3471, #3062, .T. ) ;
#3652 = DIRECTION ( 'NONE',  ( 0.0000000000000000000, 0.0000000000000000000, -1.000000000000000000 ) ) ;
#3653 = CARTESIAN_POINT ( 'NONE',  ( -18.18301470750149207, -7.589415207398531038E-15, -2.350431615653655104 ) ) ;
#3654 = CARTESIAN_POINT ( 'NONE',  ( 8.650221476688040312, -16.00000000000001066, -2.249999999999999112 ) ) ;
#3655 = ORIENTED_EDGE ( 'NONE', *, *, #2993, .F. ) ;
#3656 =( BOUNDED_CURVE ( )  B_SPLINE_CURVE ( 3, ( #1763, #3910, #3591, #1683 ),
 .UNSPECIFIED., .F., .T. ) 
 B_SPLINE_CURVE_WITH_KNOTS ( ( 4, 4 ),
 ( 3.141592653589793116, 3.493336677869355533 ),
 .UNSPECIFIED. ) 
 CURVE ( )  GEOMETRIC_REPRESENTATION_ITEM ( )  RATIONAL_B_SPLINE_CURVE ( ( 1.000000000000000000, 0.9897162267460037910, 0.9897162267460037910, 1.000000000000000000 ) ) 
 REPRESENTATION_ITEM ( '' )  );
#3657 = VERTEX_POINT ( 'NONE', #2359 ) ;
#3658 = CARTESIAN_POINT ( 'NONE',  ( -9.500000000000001776, 0.0000000000000000000, -3.750000000000000000 ) ) ;
#3659 = EDGE_CURVE ( 'NONE', #1650, #504, #255, .T. ) ;
#3660 = CARTESIAN_POINT ( 'NONE',  ( 20.21585196205659329, -0.8613914397884891994, 0.04457579361455142608 ) ) ;
#3661 = ORIENTED_EDGE ( 'NONE', *, *, #883, .T. ) ;
#3662 = ORIENTED_EDGE ( 'NONE', *, *, #3909, .F. ) ;
#3663 = DIRECTION ( 'NONE',  ( -0.0000000000000000000, -0.0000000000000000000, -1.000000000000000000 ) ) ;
#3664 = EDGE_CURVE ( 'NONE', #2175, #3294, #1462, .T. ) ;
#3665 = CARTESIAN_POINT ( 'NONE',  ( 18.23061968439181868, 0.4236404531681070562, 0.7496058374510449207 ) ) ;
#3666 = DIRECTION ( 'NONE',  ( 0.9537419254229482224, 4.831685012272692626E-16, -0.3006265784832193311 ) ) ;
#3667 = CARTESIAN_POINT ( 'NONE',  ( 9.013823596585405440, -18.00000000000001421, 0.02205953146760045516 ) ) ;
#3668 = ORIENTED_EDGE ( 'NONE', *, *, #1060, .F. ) ;
#3669 = DIRECTION ( 'NONE',  ( -1.000000000000000000, 0.0000000000000000000, 0.0000000000000000000 ) ) ;
#3670 = DIRECTION ( 'NONE',  ( 0.4768709627114746663, -0.8259647360705564267, -0.3006265784832192756 ) ) ;
#3671 = DIRECTION ( 'NONE',  ( -0.8660254037844388186, 0.4999999999999996114, 0.0000000000000000000 ) ) ;
#3672 = VERTEX_POINT ( 'NONE', #2692 ) ;
#3673 = VERTEX_POINT ( 'NONE', #3913 ) ;
#3674 = ORIENTED_EDGE ( 'NONE', *, *, #2766, .F. ) ;
#3675 = VECTOR ( 'NONE', #385, 1000.000000000000000 ) ;
#3676 = CARTESIAN_POINT ( 'NONE',  ( 9.528788052105294781, -15.49565495919838298, -2.249989667494157963 ) ) ;
#3677 = CARTESIAN_POINT ( 'NONE',  ( 6.749999999999944933, -11.69134295108995580, -3.750000000000000000 ) ) ;
#3678 = VECTOR ( 'NONE', #2564, 1000.000000000000000 ) ;
#3679 = VERTEX_POINT ( 'NONE', #175 ) ;
#3680 = ORIENTED_EDGE ( 'NONE', *, *, #2400, .T. ) ;
#3681 = ADVANCED_FACE ( 'NONE', ( #2632 ), #3872, .T. ) ;
#3682 = VECTOR ( 'NONE', #3486, 1000.000000000000000 ) ;
#3683 = DIRECTION ( 'NONE',  ( -0.4999999999999996114, -0.8660254037844388186, 0.0000000000000000000 ) ) ;
#3684 = DIRECTION ( 'NONE',  ( -0.0000000000000000000, -0.0000000000000000000, -1.000000000000000000 ) ) ;
#3685 = LINE ( 'NONE', #1864, #332 ) ;
#3686 = DIRECTION ( 'NONE',  ( 0.0000000000000000000, 0.9396926207859092051, -0.3420201433256663259 ) ) ;
#3687 = ORIENTED_EDGE ( 'NONE', *, *, #3248, .T. ) ;
#3688 = EDGE_CURVE ( 'NONE', #3397, #880, #2677, .T. ) ;
#3689 = VECTOR ( 'NONE', #409, 1000.000000000000000 ) ;
#3690 = DIRECTION ( 'NONE',  ( -0.8660254037844388186, 0.4999999999999996114, 0.0000000000000000000 ) ) ;
#3691 = CARTESIAN_POINT ( 'NONE',  ( 0.0000000000000000000, 15.50000000000002842, 3.750000000000000000 ) ) ;
#3692 = AXIS2_PLACEMENT_3D ( 'NONE', #70, #2637, #1306 ) ;
#3693 = CARTESIAN_POINT ( 'NONE',  ( -9.093266739736602489, 15.25000000000000533, -3.750000000000000000 ) ) ;
#3694 = ORIENTED_EDGE ( 'NONE', *, *, #3659, .T. ) ;
#3695 = AXIS2_PLACEMENT_3D ( 'NONE', #3369, #2415, #2718 ) ;
#3696 = DIRECTION ( 'NONE',  ( 0.0000000000000000000, 0.0000000000000000000, -1.000000000000000000 ) ) ;
#3697 = ORIENTED_EDGE ( 'NONE', *, *, #41, .F. ) ;
#3698 = CIRCLE ( 'NONE', #1955, 2.999999999999999112 ) ;
#3699 = ORIENTED_EDGE ( 'NONE', *, *, #3419, .T. ) ;
#3700 = CARTESIAN_POINT ( 'NONE',  ( -9.093266739736625581, 15.25000000000001776, 3.750000000000000000 ) ) ;
#3701 = CYLINDRICAL_SURFACE ( 'NONE', #2909, 2.999999999999999112 ) ;
#3702 = VECTOR ( 'NONE', #3026, 1000.000000000000000 ) ;
#3703 = ORIENTED_EDGE ( 'NONE', *, *, #2521, .T. ) ;
#3704 = EDGE_LOOP ( 'NONE', ( #3661, #168, #1717, #2887 ) ) ;
#3705 = CIRCLE ( 'NONE', #3256, 1.549999999999999378 ) ;
#3706 = AXIS2_PLACEMENT_3D ( 'NONE', #3834, #427, #1385 ) ;
#3707 = CARTESIAN_POINT ( 'NONE',  ( -6.075000000000001066, -10.52220865598098776, 0.7499999999999997780 ) ) ;
#3708 = DIRECTION ( 'NONE',  ( 1.000000000000000000, 0.0000000000000000000, 0.0000000000000000000 ) ) ;
#3709 = DIRECTION ( 'NONE',  ( 0.4999999999999993894, 0.8660254037844389297, 0.0000000000000000000 ) ) ;
#3710 = CARTESIAN_POINT ( 'NONE',  ( 20.89234471774550883, -0.1866025403784339620, -1.522059531467601756 ) ) ;
#3711 = EDGE_CURVE ( 'NONE', #3994, #2483, #2717, .T. ) ;
#3712 = ORIENTED_EDGE ( 'NONE', *, *, #1879, .T. ) ;
#3713 = PLANE ( 'NONE',  #3890 ) ;
#3714 = CARTESIAN_POINT ( 'NONE',  ( -11.25833024919770331, 16.50000000000000711, 0.02205953146760110395 ) ) ;
#3715 = CYLINDRICAL_SURFACE ( 'NONE', #2092, 1.000000000000000000 ) ;
#3716 = ADVANCED_FACE ( 'NONE', ( #545 ), #240, .F. ) ;
#3717 = ORIENTED_EDGE ( 'NONE', *, *, #576, .F. ) ;
#3718 = CARTESIAN_POINT ( 'NONE',  ( 11.25833024919771397, 16.50000000000001066, 0.02205953146760110395 ) ) ;
#3719 = CARTESIAN_POINT ( 'NONE',  ( -18.47520861406802339, -1.012826494920088876E-14, -3.249999999999999556 ) ) ;
#3720 = EDGE_CURVE ( 'NONE', #3854, #2230, #2810, .T. ) ;
#3721 = ORIENTED_EDGE ( 'NONE', *, *, #475, .F. ) ;
#3722 = VERTEX_POINT ( 'NONE', #906 ) ;
#3723 = PLANE ( 'NONE',  #2228 ) ;
#3724 = EDGE_CURVE ( 'NONE', #2183, #3500, #1539, .T. ) ;
#3725 = CARTESIAN_POINT ( 'NONE',  ( 9.361939111569004268, -17.93813707818074121, -1.544575793614551884 ) ) ;
#3726 = VERTEX_POINT ( 'NONE', #600 ) ;
#3727 = VERTEX_POINT ( 'NONE', #1820 ) ;
#3728 = CARTESIAN_POINT ( 'NONE',  ( 0.0000000000000000000, 0.0000000000000000000, -3.750000000000000000 ) ) ;
#3729 = CYLINDRICAL_SURFACE ( 'NONE', #482, 2.999999999999999556 ) ;
#3730 = DIRECTION ( 'NONE',  ( 0.8660254037844390407, -0.4999999999999994449, 0.0000000000000000000 ) ) ;
#3731 = DIRECTION ( 'NONE',  ( 0.0000000000000000000, 0.0000000000000000000, -1.000000000000000000 ) ) ;
#3732 = ORIENTED_EDGE ( 'NONE', *, *, #3042, .T. ) ;
#3733 = CARTESIAN_POINT ( 'NONE',  ( 17.75352077758102354, 0.2500000000000164313, 3.750000000000000000 ) ) ;
#3734 = CARTESIAN_POINT ( 'NONE',  ( 8.660254037844396180, -18.00000000000001066, 0.02205953146760110395 ) ) ;
#3735 = CARTESIAN_POINT ( 'NONE',  ( -11.25833024919768022, -16.50000000000001776, 0.02205953146760110395 ) ) ;
#3736 = ORIENTED_EDGE ( 'NONE', *, *, #553, .F. ) ;
#3737 = ADVANCED_FACE ( 'NONE', ( #3748 ), #3079, .T. ) ;
#3738 = CARTESIAN_POINT ( 'NONE',  ( 8.834643857193041683, 15.98853869802633731, 0.7502120004604186931 ) ) ;
#3739 = CARTESIAN_POINT ( 'NONE',  ( -9.093266739736582949, -15.25000000000001421, -3.750000000000000000 ) ) ;
#3740 = ORIENTED_EDGE ( 'NONE', *, *, #3374, .F. ) ;
#3741 = ORIENTED_EDGE ( 'NONE', *, *, #930, .F. ) ;
#3742 = EDGE_CURVE ( 'NONE', #3547, #2366, #3450, .T. ) ;
#3743 = ORIENTED_EDGE ( 'NONE', *, *, #2128, .F. ) ;
#3744 = CARTESIAN_POINT ( 'NONE',  ( 0.0000000000000000000, 15.50000000000000000, -3.750000000000000000 ) ) ;
#3745 = AXIS2_PLACEMENT_3D ( 'NONE', #2860, #753, #1648 ) ;
#3746 = CARTESIAN_POINT ( 'NONE',  ( -19.96724431911907871, -5.529431079676072613E-15, 1.412834115817596103 ) ) ;
#3747 = DIRECTION ( 'NONE',  ( 1.000000000000000000, 0.0000000000000000000, 0.0000000000000000000 ) ) ;
#3748 = FACE_OUTER_BOUND ( 'NONE', #1283, .T. ) ;
#3749 = ORIENTED_EDGE ( 'NONE', *, *, #3323, .T. ) ;
#3750 = DIRECTION ( 'NONE',  ( -1.000000000000000000, 0.0000000000000000000, 0.0000000000000000000 ) ) ;
#3751 = FACE_OUTER_BOUND ( 'NONE', #515, .T. ) ;
#3752 = DIRECTION ( 'NONE',  ( 0.0000000000000000000, 0.0000000000000000000, 1.000000000000000000 ) ) ;
#3753 = CIRCLE ( 'NONE', #2007, 1.549999999999999378 ) ;
#3754 = VERTEX_POINT ( 'NONE', #364 ) ;
#3755 = VECTOR ( 'NONE', #1452, 1000.000000000000000 ) ;
#3756 = EDGE_CURVE ( 'NONE', #1882, #1418, #2271, .T. ) ;
#3757 = VECTOR ( 'NONE', #3390, 1000.000000000000000 ) ;
#3758 = CYLINDRICAL_SURFACE ( 'NONE', #1493, 2.999999999999999112 ) ;
#3759 = CARTESIAN_POINT ( 'NONE',  ( 8.660254037844390851, 15.50000000000002842, 3.750000000000000000 ) ) ;
#3760 =( BOUNDED_CURVE ( )  B_SPLINE_CURVE ( 3, ( #2211, #2527, #684, #1046 ),
 .UNSPECIFIED., .F., .F. ) 
 B_SPLINE_CURVE_WITH_KNOTS ( ( 4, 4 ),
 ( 2.969737902271055496, 3.313447404908532068 ),
 .UNSPECIFIED. ) 
 CURVE ( )  GEOMETRIC_REPRESENTATION_ITEM ( )  RATIONAL_B_SPLINE_CURVE ( ( 1.000000000000000000, 0.9901795204324213007, 0.9901795204324213007, 1.000000000000000000 ) ) 
 REPRESENTATION_ITEM ( '' )  );
#3761 = EDGE_CURVE ( 'NONE', #1413, #2278, #2151, .T. ) ;
#3762 = ORIENTED_EDGE ( 'NONE', *, *, #3295, .F. ) ;
#3763 = EDGE_LOOP ( 'NONE', ( #53, #615, #2861, #1904, #2071 ) ) ;
#3764 = VECTOR ( 'NONE', #389, 1000.000000000000000 ) ;
#3765 = DIRECTION ( 'NONE',  ( 0.0000000000000000000, -0.0000000000000000000, -1.000000000000000000 ) ) ;
#3766 = EDGE_CURVE ( 'NONE', #7, #353, #52, .T. ) ;
#3767 = AXIS2_PLACEMENT_3D ( 'NONE', #791, #460, #444 ) ;
#3768 = EDGE_LOOP ( 'NONE', ( #423, #1025, #1530, #1636 ) ) ;
#3769 =( BOUNDED_CURVE ( )  B_SPLINE_CURVE ( 3, ( #253, #272, #1781, #848 ),
 .UNSPECIFIED., .F., .F. ) 
 B_SPLINE_CURVE_WITH_KNOTS ( ( 4, 4 ),
 ( 5.359907600941417272, 5.364314273040467818 ),
 .UNSPECIFIED. ) 
 CURVE ( )  GEOMETRIC_REPRESENTATION_ITEM ( )  RATIONAL_B_SPLINE_CURVE ( ( 1.000000000000000000, 0.9999983817707388534, 0.9999983817707388534, 1.000000000000000000 ) ) 
 REPRESENTATION_ITEM ( '' )  );
#3770 = LINE ( 'NONE', #1303, #3386 ) ;
#3771 = CARTESIAN_POINT ( 'NONE',  ( 9.526279441628830114, 15.50000000000000711, -2.249969002532636431 ) ) ;
#3772 = LINE ( 'NONE', #126, #3678 ) ;
#3773 = ORIENTED_EDGE ( 'NONE', *, *, #1733, .F. ) ;
#3774 = CARTESIAN_POINT ( 'NONE',  ( -9.526279441628828337, 15.50000000000000711, 3.750000000000000000 ) ) ;
#3775 = CARTESIAN_POINT ( 'NONE',  ( 8.660254037844390851, 15.00000000000000711, 3.750000000000000000 ) ) ;
#3776 = VECTOR ( 'NONE', #2932, 1000.000000000000114 ) ;
#3777 = FACE_BOUND ( 'NONE', #713, .T. ) ;
#3778 = VERTEX_POINT ( 'NONE', #3429 ) ;
#3779 = ADVANCED_FACE ( 'NONE', ( #2775 ), #3371, .T. ) ;
#3780 = AXIS2_PLACEMENT_3D ( 'NONE', #2337, #1446, #3947 ) ;
#3781 = CARTESIAN_POINT ( 'NONE',  ( 8.300000000000059330, 11.69134295108989363, -0.6499999999999995781 ) ) ;
#3782 = CARTESIAN_POINT ( 'NONE',  ( 18.47520861406803760, 6.490238746183330561E-15, -3.249999999999999556 ) ) ;
#3783 = ORIENTED_EDGE ( 'NONE', *, *, #2423, .T. ) ;
#3784 = ORIENTED_EDGE ( 'NONE', *, *, #1985, .F. ) ;
#3785 = DIRECTION ( 'NONE',  ( -0.0000000000000000000, -0.0000000000000000000, -1.000000000000000000 ) ) ;
#3786 = VERTEX_POINT ( 'NONE', #1796 ) ;
#3787 = ADVANCED_FACE ( 'NONE', ( #2447 ), #643, .F. ) ;
#3788 = CARTESIAN_POINT ( 'NONE',  ( -6.075000000000051692, 10.52220865598089894, 3.750000000000000000 ) ) ;
#3789 = CARTESIAN_POINT ( 'NONE',  ( -20.27631591763466545, -0.5130302149885040963, -1.588913661505112485 ) ) ;
#3790 = DIRECTION ( 'NONE',  ( 0.0000000000000000000, 0.0000000000000000000, 1.000000000000000000 ) ) ;
#3791 = CARTESIAN_POINT ( 'NONE',  ( 9.980101751928829756, -16.25998286907088541, 0.4686462467040719004 ) ) ;
#3792 = VERTEX_POINT ( 'NONE', #950 ) ;
#3793 =( BOUNDED_CURVE ( )  B_SPLINE_CURVE ( 3, ( #2612, #2961, #1168, #2336 ),
 .UNSPECIFIED., .F., .T. ) 
 B_SPLINE_CURVE_WITH_KNOTS ( ( 4, 4 ),
 ( 2.969737902271055052, 3.313447404908530292 ),
 .UNSPECIFIED. ) 
 CURVE ( )  GEOMETRIC_REPRESENTATION_ITEM ( )  RATIONAL_B_SPLINE_CURVE ( ( 1.000000000000000000, 0.9901795204324213007, 0.9901795204324213007, 1.000000000000000000 ) ) 
 REPRESENTATION_ITEM ( '' )  );
#3794 = EDGE_CURVE ( 'NONE', #3294, #375, #2492, .T. ) ;
#3795 = CARTESIAN_POINT ( 'NONE',  ( -10.28456981849430285, 18.18660254037845192, -1.522059531467601756 ) ) ;
#3796 = DIRECTION ( 'NONE',  ( 0.0000000000000000000, 0.0000000000000000000, -1.000000000000000000 ) ) ;
#3797 = CARTESIAN_POINT ( 'NONE',  ( -10.58245515790636837, 17.30328957233616549, 0.08891366150511145761 ) ) ;
#3798 = ORIENTED_EDGE ( 'NONE', *, *, #1953, .T. ) ;
#3799 = DIRECTION ( 'NONE',  ( 0.6123724356957990222, -0.3535533905932760068, 0.7071067811865426878 ) ) ;
#3800 = CARTESIAN_POINT ( 'NONE',  ( -20.27631591763466545, 0.5130302149884896634, 0.08891366150511102739 ) ) ;
#3801 = LINE ( 'NONE', #2682, #3367 ) ;
#3802 = ORIENTED_EDGE ( 'NONE', *, *, #894, .T. ) ;
#3803 = DIRECTION ( 'NONE',  ( -0.0000000000000000000, -0.0000000000000000000, -1.000000000000000000 ) ) ;
#3804 = ORIENTED_EDGE ( 'NONE', *, *, #374, .F. ) ;
#3805 = FACE_OUTER_BOUND ( 'NONE', #2352, .T. ) ;
#3806 = CARTESIAN_POINT ( 'NONE',  ( 9.533802439760048486, 15.48696978501150667, -2.249999999999999556 ) ) ;
#3807 = FACE_OUTER_BOUND ( 'NONE', #1297, .T. ) ;
#3808 = EDGE_LOOP ( 'NONE', ( #2078, #1021 ) ) ;
#3809 = EDGE_CURVE ( 'NONE', #3384, #1735, #3216, .T. ) ;
#3810 = ORIENTED_EDGE ( 'NONE', *, *, #3191, .T. ) ;
#3811 = CARTESIAN_POINT ( 'NONE',  ( -17.82050807568879236, -9.215718466126787689E-15, 3.750000000000000000 ) ) ;
#3812 = CARTESIAN_POINT ( 'NONE',  ( -9.533802439760007630, -15.48696978501152088, -2.249999999999999556 ) ) ;
#3813 = CARTESIAN_POINT ( 'NONE',  ( -10.85391285048758725, 17.07674563839223580, 0.04457579361455056566 ) ) ;
#3814 = ORIENTED_EDGE ( 'NONE', *, *, #130, .T. ) ;
#3815 = AXIS2_PLACEMENT_3D ( 'NONE', #110, #2509, #2549 ) ;
#3816 = ADVANCED_FACE ( 'NONE', ( #1842 ), #2214, .T. ) ;
#3817 = CIRCLE ( 'NONE', #857, 1.000000000000000000 ) ;
#3818 = CARTESIAN_POINT ( 'NONE',  ( -17.75352077758100933, 0.2500000000000013878, 3.750000000000000000 ) ) ;
#3819 = LINE ( 'NONE', #2574, #469 ) ;
#3820 = CARTESIAN_POINT ( 'NONE',  ( 8.660254037844396180, -15.00000000000001066, -3.249999999999999556 ) ) ;
#3821 = ORIENTED_EDGE ( 'NONE', *, *, #3842, .F. ) ;
#3822 = PLANE ( 'NONE',  #877 ) ;
#3823 = CIRCLE ( 'NONE', #3504, 2.999999999999997335 ) ;
#3824 = ORIENTED_EDGE ( 'NONE', *, *, #1148, .T. ) ;
#3825 = CARTESIAN_POINT ( 'NONE',  ( 8.552519010925434984, -17.18660254037845192, 0.7500000000000006661 ) ) ;
#3826 = CARTESIAN_POINT ( 'NONE',  ( 11.25833024919771574, -16.50000000000000711, 0.02205953146760110395 ) ) ;
#3827 = VECTOR ( 'NONE', #3454, 1000.000000000000114 ) ;
#3828 = VERTEX_POINT ( 'NONE', #2735 ) ;
#3829 = ORIENTED_EDGE ( 'NONE', *, *, #952, .T. ) ;
#3830 = CARTESIAN_POINT ( 'NONE',  ( 10.58245515790638080, -17.30328957233616549, 0.08891366150511173516 ) ) ;
#3831 = EDGE_CURVE ( 'NONE', #3792, #1681, #1887, .T. ) ;
#3832 = DIRECTION ( 'NONE',  ( -1.000000000000000000, 0.0000000000000000000, 0.0000000000000000000 ) ) ;
#3833 = FACE_OUTER_BOUND ( 'NONE', #3461, .T. ) ;
#3834 = CARTESIAN_POINT ( 'NONE',  ( 0.0000000000000000000, 0.0000000000000000000, -3.750000000000000000 ) ) ;
#3835 = VERTEX_POINT ( 'NONE', #3967 ) ;
#3836 = EDGE_CURVE ( 'NONE', #1463, #2601, #6, .T. ) ;
#3837 = CARTESIAN_POINT ( 'NONE',  ( -8.660254037844373087, -16.00000000000001421, 0.7499690025326332110 ) ) ;
#3838 = CIRCLE ( 'NONE', #1074, 1.000000000000000888 ) ;
#3839 = CARTESIAN_POINT ( 'NONE',  ( 19.91858428704210837, -1.499999999999984013, 0.02205953146760110395 ) ) ;
#3840 = CARTESIAN_POINT ( 'NONE',  ( -18.17901048134199726, -0.5130302149885032081, -2.249999999999999556 ) ) ;
#3841 = ORIENTED_EDGE ( 'NONE', *, *, #2259, .T. ) ;
#3842 = EDGE_CURVE ( 'NONE', #150, #1783, #2429, .T. ) ;
#3843 = FACE_OUTER_BOUND ( 'NONE', #2188, .T. ) ;
#3844 = ORIENTED_EDGE ( 'NONE', *, *, #3794, .T. ) ;
#3845 = ADVANCED_FACE ( 'NONE', ( #3807 ), #1142, .F. ) ;
#3846 = CARTESIAN_POINT ( 'NONE',  ( 10.28456981849431351, -18.18660254037845192, -1.522059531467601756 ) ) ;
#3847 = CARTESIAN_POINT ( 'NONE',  ( 10.60777489925119710, 16.00000000000000711, -2.249999999999999556 ) ) ;
#3848 = ORIENTED_EDGE ( 'NONE', *, *, #3315, .T. ) ;
#3849 = CYLINDRICAL_SURFACE ( 'NONE', #1754, 1.000000000000000888 ) ;
#3850 = ORIENTED_EDGE ( 'NONE', *, *, #140, .F. ) ;
#3851 = DIRECTION ( 'NONE',  ( -0.9537419254229483334, -4.927636820761204545E-16, -0.3006265784832193311 ) ) ;
#3852 = CARTESIAN_POINT ( 'NONE',  ( -18.47520861406802339, -1.012826494920088876E-14, -3.250000000000000444 ) ) ;
#3853 = LINE ( 'NONE', #2012, #2578 ) ;
#3854 = VERTEX_POINT ( 'NONE', #1329 ) ;
#3855 = DIRECTION ( 'NONE',  ( 1.000000000000000000, 0.0000000000000000000, 0.0000000000000000000 ) ) ;
#3856 = CARTESIAN_POINT ( 'NONE',  ( 9.429158753284868411, -15.64529536273048826, 0.7502120004604164727 ) ) ;
#3857 = ADVANCED_FACE ( 'NONE', ( #3180 ), #1048, .F. ) ;
#3858 = CARTESIAN_POINT ( 'NONE',  ( -8.660254037844387298, 18.00000000000001066, -1.522059531467601756 ) ) ;
#3859 = ORIENTED_EDGE ( 'NONE', *, *, #1960, .T. ) ;
#3860 = CARTESIAN_POINT ( 'NONE',  ( 8.552519010925434984, -17.18660254037845192, -2.249999999999999556 ) ) ;
#3861 = EDGE_CURVE ( 'NONE', #1416, #3199, #420, .T. ) ;
#3862 = ORIENTED_EDGE ( 'NONE', *, *, #3042, .F. ) ;
#3863 = CYLINDRICAL_SURFACE ( 'NONE', #95, 3.000000000000001332 ) ;
#3864 = APPLICATION_CONTEXT ( 'automotive_design' ) ;
#3865 = DIRECTION ( 'NONE',  ( -0.0000000000000000000, -0.0000000000000000000, -1.000000000000000000 ) ) ;
#3866 = ORIENTED_EDGE ( 'NONE', *, *, #984, .F. ) ;
#3867 = CARTESIAN_POINT ( 'NONE',  ( -9.531295722207007159, 15.49131154717357894, -2.249999999999999112 ) ) ;
#3868 = VERTEX_POINT ( 'NONE', #1734 ) ;
#3869 = PLANE ( 'NONE',  #795 ) ;
#3870 = CARTESIAN_POINT ( 'NONE',  ( -18.17901048134199726, 0.5130302149884918839, 0.7500000000000002220 ) ) ;
#3871 = CARTESIAN_POINT ( 'NONE',  ( 10.15000000000000036, 2.449293598294706414E-16, 0.7499999999999997780 ) ) ;
#3872 = CYLINDRICAL_SURFACE ( 'NONE', #1694, 3.000000000000000000 ) ;
#3873 = ORIENTED_EDGE ( 'NONE', *, *, #1103, .F. ) ;
#3874 = DIRECTION ( 'NONE',  ( -0.5000000000000004441, 0.8660254037844383745, 0.0000000000000000000 ) ) ;
#3875 = CARTESIAN_POINT ( 'NONE',  ( -9.526279441628826561, 15.50000000000000711, 0.7499690025326336551 ) ) ;
#3876 = CYLINDRICAL_SURFACE ( 'NONE', #1751, 1.549999999999999378 ) ;
#3877 = EDGE_CURVE ( 'NONE', #1220, #3672, #465, .T. ) ;
#3878 = CARTESIAN_POINT ( 'NONE',  ( -8.660254037844387298, 16.00000000000000711, 0.7499690025326345433 ) ) ;
#3879 = VECTOR ( 'NONE', #2422, 1000.000000000000000 ) ;
#3880 = B_SPLINE_CURVE_WITH_KNOTS ( 'NONE', 3,
 ( #3875, #3251, #1408, #758, #1956, #2865, #448, #1713, #3520, #2598 ),
 .UNSPECIFIED., .F., .F.,
 ( 4, 2, 2, 2, 4 ),
 ( 0.0000000000000000000, 0.0002607588621995477461, 0.0005215177243990954921, 0.0007822765865986432924, 0.001043035448798190984 ),
 .UNSPECIFIED. ) ;
#3881 = ORIENTED_EDGE ( 'NONE', *, *, #1931, .T. ) ;
#3882 = VERTEX_POINT ( 'NONE', #3487 ) ;
#3883 = AXIS2_PLACEMENT_3D ( 'NONE', #297, #1865, #1520 ) ;
#3884 = DIRECTION ( 'NONE',  ( 0.0000000000000000000, 0.0000000000000000000, -1.000000000000000000 ) ) ;
#3885 = EDGE_CURVE ( 'NONE', #1692, #1792, #1242, .T. ) ;
#3886 = CARTESIAN_POINT ( 'NONE',  ( -9.361939111568986505, 17.93813707818074121, 0.04457579361455099587 ) ) ;
#3887 = VERTEX_POINT ( 'NONE', #203 ) ;
#3888 = FACE_OUTER_BOUND ( 'NONE', #946, .T. ) ;
#3889 = ORIENTED_EDGE ( 'NONE', *, *, #140, .T. ) ;
#3890 = AXIS2_PLACEMENT_3D ( 'NONE', #1868, #3129, #37 ) ;
#3891 = CARTESIAN_POINT ( 'NONE',  ( -8.655236816891450857, -16.00000000000001421, 0.7499896674941566310 ) ) ;
#3892 = CARTESIAN_POINT ( 'NONE',  ( 18.18402486899676518, -0.5043450408016195707, -2.249989667494157963 ) ) ;
#3893 = CARTESIAN_POINT ( 'NONE',  ( 17.32050807568878170, 5.854691731421723944E-15, 3.750000000000000000 ) ) ;
#3894 = DIRECTION ( 'NONE',  ( -0.4999999999999993894, -0.8660254037844389297, 0.0000000000000000000 ) ) ;
#3895 = VERTEX_POINT ( 'NONE', #687 ) ;
#3896 = AXIS2_PLACEMENT_3D ( 'NONE', #645, #1289, #3750 ) ;
#3897 = ADVANCED_FACE ( 'NONE', ( #1432 ), #399, .F. ) ;
#3898 = CARTESIAN_POINT ( 'NONE',  ( 19.16029391017663031, -1.186602540378434822, 0.7500000000000006661 ) ) ;
#3899 = AXIS2_PLACEMENT_3D ( 'NONE', #2255, #3489, #3184 ) ;
#3900 = DIRECTION ( 'NONE',  ( 0.0000000000000000000, -0.7071067811865425767, 0.7071067811865524577 ) ) ;
#3901 = DIRECTION ( 'NONE',  ( -0.4768709627114743888, 0.8259647360705567598, -0.3006265784832194421 ) ) ;
#3902 = CIRCLE ( 'NONE', #2863, 9.500000000000008882 ) ;
#3903 = CARTESIAN_POINT ( 'NONE',  ( -18.17901048134199371, -0.5130302149885070939, 0.7500000000000005551 ) ) ;
#3904 = ORIENTED_EDGE ( 'NONE', *, *, #1298, .F. ) ;
#3905 = DIRECTION ( 'NONE',  ( 0.0000000000000000000, 0.0000000000000000000, -1.000000000000000000 ) ) ;
#3906 = CARTESIAN_POINT ( 'NONE',  ( 18.18653347947322274, -0.4999999999999954481, 0.7499690025326329890 ) ) ;
#3907 = VERTEX_POINT ( 'NONE', #2346 ) ;
#3908 = DIRECTION ( 'NONE',  ( 0.0000000000000000000, 0.0000000000000000000, 1.000000000000000000 ) ) ;
#3909 = EDGE_CURVE ( 'NONE', #769, #3722, #2129, .T. ) ;
#3910 = CARTESIAN_POINT ( 'NONE',  ( 20.09536906641260856, 1.193799780125448295, -1.522059531467601312 ) ) ;
#3911 = DIRECTION ( 'NONE',  ( 0.0000000000000000000, 0.0000000000000000000, 1.000000000000000000 ) ) ;
#3912 = DIRECTION ( 'NONE',  ( -0.0000000000000000000, -0.0000000000000000000, -1.000000000000000000 ) ) ;
#3913 = CARTESIAN_POINT ( 'NONE',  ( -18.18653347947320853, -0.5000000000000102141, -3.250000000000000444 ) ) ;
#3914 = ORIENTED_EDGE ( 'NONE', *, *, #1682, .F. ) ;
#3915 = ADVANCED_FACE ( 'NONE', ( #93 ), #3144, .T. ) ;
#3916 = CARTESIAN_POINT ( 'NONE',  ( 9.750000000000056843, 11.69134295108989363, -3.750000000000000000 ) ) ;
#3917 = CARTESIAN_POINT ( 'NONE',  ( 0.0000000000000000000, 16.00000000000000711, 0.7500000000000006661 ) ) ;
#3918 =( BOUNDED_CURVE ( )  B_SPLINE_CURVE ( 3, ( #2968, #1429, #225, #1752 ),
 .UNSPECIFIED., .F., .F. ) 
 B_SPLINE_CURVE_WITH_KNOTS ( ( 4, 4 ),
 ( 5.931441282900025591, 6.283185307179586232 ),
 .UNSPECIFIED. ) 
 CURVE ( )  GEOMETRIC_REPRESENTATION_ITEM ( )  RATIONAL_B_SPLINE_CURVE ( ( 1.000000000000000000, 0.9897162267460037910, 0.9897162267460037910, 1.000000000000000000 ) ) 
 REPRESENTATION_ITEM ( '' )  );
#3919 = ORIENTED_EDGE ( 'NONE', *, *, #1528, .T. ) ;
#3920 = ORIENTED_EDGE ( 'NONE', *, *, #2673, .F. ) ;
#3921 = CARTESIAN_POINT ( 'NONE',  ( 9.533802439760044933, -15.48696978501150667, -2.249999999999999556 ) ) ;
#3922 = FACE_OUTER_BOUND ( 'NONE', #112, .T. ) ;
#3923 = ORIENTED_EDGE ( 'NONE', *, *, #3162, .T. ) ;
#3924 = ORIENTED_EDGE ( 'NONE', *, *, #3809, .F. ) ;
#3925 = DIRECTION ( 'NONE',  ( -0.6123724356957888082, 0.3535533905932701226, 0.7071067811865543451 ) ) ;
#3926 = CARTESIAN_POINT ( 'NONE',  ( 9.093266739736629134, 15.25000000000001776, 3.750000000000000000 ) ) ;
#3927 = CARTESIAN_POINT ( 'NONE',  ( -8.660254037844373087, -16.00000000000001421, 0.7499690025326332110 ) ) ;
#3928 = LINE ( 'NONE', #218, #1007 ) ;
#3929 = EDGE_CURVE ( 'NONE', #3401, #2437, #2550, .T. ) ;
#3930 = ORIENTED_EDGE ( 'NONE', *, *, #3419, .F. ) ;
#3931 = DIRECTION ( 'NONE',  ( 1.000000000000000000, 0.0000000000000000000, 0.0000000000000000000 ) ) ;
#3932 = LINE ( 'NONE', #1979, #1257 ) ;
#3933 = CARTESIAN_POINT ( 'NONE',  ( -9.237604307033997486, -16.00000000000001421, 3.750000000000000000 ) ) ;
#3934 = EDGE_CURVE ( 'NONE', #99, #842, #720, .T. ) ;
#3935 =( BOUNDED_CURVE ( )  B_SPLINE_CURVE ( 3, ( #2491, #3946, #1841, #3966 ),
 .UNSPECIFIED., .F., .T. ) 
 B_SPLINE_CURVE_WITH_KNOTS ( ( 4, 4 ),
 ( 4.060463687728910642, 4.064870359827960300 ),
 .UNSPECIFIED. ) 
 CURVE ( )  GEOMETRIC_REPRESENTATION_ITEM ( )  RATIONAL_B_SPLINE_CURVE ( ( 1.000000000000000000, 0.9999983817707388534, 0.9999983817707388534, 1.000000000000000000 ) ) 
 REPRESENTATION_ITEM ( '' )  );
#3936 = VECTOR ( 'NONE', #167, 1000.000000000000000 ) ;
#3937 = ORIENTED_EDGE ( 'NONE', *, *, #2802, .F. ) ;
#3938 = LINE ( 'NONE', #943, #744 ) ;
#3939 = ADVANCED_FACE ( 'NONE', ( #1944 ), #1602, .T. ) ;
#3940 = DIRECTION ( 'NONE',  ( 0.0000000000000000000, 0.7071067811865425767, 0.7071067811865525687 ) ) ;
#3941 = ORIENTED_EDGE ( 'NONE', *, *, #2449, .T. ) ;
#3942 = EDGE_LOOP ( 'NONE', ( #516, #3844, #2311, #3930, #437, #1855 ) ) ;
#3943 = VECTOR ( 'NONE', #2470, 1000.000000000000227 ) ;
#3944 = CARTESIAN_POINT ( 'NONE',  ( -10.58245515790634173, -17.30328957233617615, -1.588913661505114039 ) ) ;
#3945 = LINE ( 'NONE', #3926, #2147 ) ;
#3946 = CARTESIAN_POINT ( 'NONE',  ( 9.531295722207012489, 15.49131154717357362, 0.7500000000000045519 ) ) ;
#3947 = DIRECTION ( 'NONE',  ( 1.000000000000000000, 5.204170427930416550E-15, 0.0000000000000000000 ) ) ;
#3948 = ORIENTED_EDGE ( 'NONE', *, *, #2200, .F. ) ;
#3949 = DIRECTION ( 'NONE',  ( -1.000000000000000000, 0.0000000000000000000, 0.0000000000000000000 ) ) ;
#3950 = CARTESIAN_POINT ( 'NONE',  ( -18.18402486899675452, -0.5043450408016358910, -2.249989667494154855 ) ) ;
#3951 = CARTESIAN_POINT ( 'NONE',  ( -18.18653347947320853, 0.4999999999999900080, 3.250000000000013323 ) ) ;
#3952 = CIRCLE ( 'NONE', #3379, 0.4999999999999935052 ) ;
#3953 = ADVANCED_FACE ( 'NONE', ( #1411 ), #1345, .F. ) ;
#3954 = AXIS2_PLACEMENT_3D ( 'NONE', #1421, #3016, #3344 ) ;
#3955 = ORIENTED_EDGE ( 'NONE', *, *, #617, .F. ) ;
#3956 = AXIS2_PLACEMENT_3D ( 'NONE', #1567, #2841, #2805 ) ;
#3957 = EDGE_CURVE ( 'NONE', #3294, #3200, #1434, .T. ) ;
#3958 = AXIS2_PLACEMENT_3D ( 'NONE', #1616, #1260, #963 ) ;
#3959 = DIRECTION ( 'NONE',  ( 1.000000000000000000, 0.0000000000000000000, 0.0000000000000000000 ) ) ;
#3960 = FACE_OUTER_BOUND ( 'NONE', #1097, .T. ) ;
#3961 = VECTOR ( 'NONE', #1499, 1000.000000000000000 ) ;
#3962 = ORIENTED_EDGE ( 'NONE', *, *, #2794, .F. ) ;
#3963 = ORIENTED_EDGE ( 'NONE', *, *, #2843, .F. ) ;
#3964 = CARTESIAN_POINT ( 'NONE',  ( -10.28456981849430285, 18.18660254037845192, 0.02205953146760110395 ) ) ;
#3965 = DIRECTION ( 'NONE',  ( 1.000000000000000000, 0.0000000000000000000, 0.0000000000000000000 ) ) ;
#3966 = CARTESIAN_POINT ( 'NONE',  ( 9.526279441628833666, 15.50000000000000533, 0.7499690025326382070 ) ) ;
#3967 = CARTESIAN_POINT ( 'NONE',  ( -18.18653347947321208, 0.4999999999999900080, -2.249969002532633322 ) ) ;
#3968 = VERTEX_POINT ( 'NONE', #1012 ) ;
#3969 = CARTESIAN_POINT ( 'NONE',  ( -8.660254037844373087, -15.00000000000001421, 3.750000000000000000 ) ) ;
#3970 = FACE_OUTER_BOUND ( 'NONE', #3605, .T. ) ;
#3971 = CARTESIAN_POINT ( 'NONE',  ( -20.32050807568876749, -8.043617798948561949E-15, 0.1213195146595714147 ) ) ;
#3972 = ORIENTED_EDGE ( 'NONE', *, *, #1605, .F. ) ;
#3973 = CARTESIAN_POINT ( 'NONE',  ( 18.18653347947322274, -0.4999999999999943934, -2.249969002532634210 ) ) ;
#3974 = EDGE_CURVE ( 'NONE', #1258, #1650, #1308, .T. ) ;
#3975 = ORIENTED_EDGE ( 'NONE', *, *, #2890, .F. ) ;
#3976 = ORIENTED_EDGE ( 'NONE', *, *, #436, .F. ) ;
#3977 = LINE ( 'NONE', #3658, #2284 ) ;
#3978 = CARTESIAN_POINT ( 'NONE',  ( -9.533802439760030722, 15.48696978501150667, -2.249999999999999556 ) ) ;
#3979 = EDGE_CURVE ( 'NONE', #1580, #1108, #3823, .T. ) ;
#3980 = ORIENTED_EDGE ( 'NONE', *, *, #3120, .T. ) ;
#3981 = ORIENTED_EDGE ( 'NONE', *, *, #1342, .T. ) ;
#3982 = DIRECTION ( 'NONE',  ( -0.0000000000000000000, -0.0000000000000000000, 1.000000000000000000 ) ) ;
#3983 = CARTESIAN_POINT ( 'NONE',  ( 9.526279441628835443, -15.50000000000001066, -3.249999999999999556 ) ) ;
#3984 = CARTESIAN_POINT ( 'NONE',  ( -8.660254037844389075, 15.00000000000000711, 3.750000000000000000 ) ) ;
#3985 = ORIENTED_EDGE ( 'NONE', *, *, #782, .F. ) ;
#3986 = DIRECTION ( 'NONE',  ( -0.9537419254229481114, 0.0000000000000000000, 0.3006265784832199972 ) ) ;
#3987 = CARTESIAN_POINT ( 'NONE',  ( -18.23064609356035248, 0.4235947111463742032, 0.7496056199025392663 ) ) ;
#3988 = FILL_AREA_STYLE_COLOUR ( '', #3322 ) ;
#3989 = VERTEX_POINT ( 'NONE', #1509 ) ;
#3990 = CARTESIAN_POINT ( 'NONE',  ( -19.91858428704208706, 1.499999999999990896, -1.522059531467601756 ) ) ;
#3991 = DIRECTION ( 'NONE',  ( -0.0000000000000000000, -0.0000000000000000000, -1.000000000000000000 ) ) ;
#3992 = EDGE_CURVE ( 'NONE', #395, #2245, #916, .T. ) ;
#3993 = EDGE_LOOP ( 'NONE', ( #3650, #1000, #3154, #2110, #121, #2763, #2238, #2814 ) ) ;
#3994 = VERTEX_POINT ( 'NONE', #3973 ) ;
#3995 = AXIS2_PLACEMENT_3D ( 'NONE', #3775, #3796, #3474 ) ;
#3996 = EDGE_CURVE ( 'NONE', #2242, #3854, #3045, .T. ) ;
#3997 = CARTESIAN_POINT ( 'NONE',  ( -17.82050807568879236, -9.215718466126787689E-15, 3.750000000000000000 ) ) ;
#3998 = ORIENTED_EDGE ( 'NONE', *, *, #2694, .F. ) ;
#3999 = ORIENTED_EDGE ( 'NONE', *, *, #458, .T. ) ;
ENDSEC;
END-ISO-10303-21;
