ISO-10303-21;
HEADER;
FILE_DESCRIPTION (( 'STEP AP214' ),
    '1' );
FILE_NAME ('Ò¡±Û.step',
    '2026-09-25T10:03:27',
    ( '' ),
    ( '' ),
    'SwSTEP 2.0',
    'SolidWorks 2024',
    '' );
FILE_SCHEMA (( 'AUTOMOTIVE_DESIGN' ));
ENDSEC;

DATA;
#1 = AXIS2_PLACEMENT_3D ( 'NONE', #212, #826, #241 ) ;
#2 = VERTEX_POINT ( 'NONE', #1842 ) ;
#3 = CARTESIAN_POINT ( 'NONE',  ( -6.000000000000107470, 10.39230484541190513, 2.081668171172168513E-12 ) ) ;
#4 = ORIENTED_EDGE ( 'NONE', *, *, #824, .F. ) ;
#5 = CARTESIAN_POINT ( 'NONE',  ( 6.749999999999560352, -11.69134295108976929, 4.600000000009152323 ) ) ;
#6 = AXIS2_PLACEMENT_3D ( 'NONE', #397, #675, #842 ) ;
#7 = DIRECTION ( 'NONE',  ( 0.4375000000000001665, 0.8992184106211348338, -1.001584556124098943E-22 ) ) ;
#8 = STYLED_ITEM ( 'NONE', ( #1840 ), #428 ) ;
#9 = EDGE_CURVE ( 'NONE', #1476, #644, #1358, .T. ) ;
#10 = CIRCLE ( 'NONE', #1866, 1.549999999999954081 ) ;
#11 = CARTESIAN_POINT ( 'NONE',  ( -6.000000000000107470, 10.39230484541190513, 2.081668171172168513E-12 ) ) ;
#12 = EDGE_LOOP ( 'NONE', ( #451, #316, #663 ) ) ;
#13 = CIRCLE ( 'NONE', #486, 2.499999999999927169 ) ;
#14 = ORIENTED_EDGE ( 'NONE', *, *, #1705, .T. ) ;
#15 = DIRECTION ( 'NONE',  ( 1.430513376220121878E-22, -1.809830632667533286E-22, 1.000000000000000000 ) ) ;
#16 = VERTEX_POINT ( 'NONE', #584 ) ;
#17 = ORIENTED_EDGE ( 'NONE', *, *, #1752, .F. ) ;
#18 = VERTEX_POINT ( 'NONE', #1207 ) ;
#19 = CARTESIAN_POINT ( 'NONE',  ( 3.749999999999618971, 11.69134295108977284, 4.600000000007097967 ) ) ;
#20 = FACE_OUTER_BOUND ( 'NONE', #1600, .T. ) ;
#21 = CARTESIAN_POINT ( 'NONE',  ( 14.06379382171001247, 10.33987557800364243, 0.4454813167856341849 ) ) ;
#22 = ORIENTED_EDGE ( 'NONE', *, *, #1583, .T. ) ;
#23 = CARTESIAN_POINT ( 'NONE',  ( 15.73632218586924125, 7.656249999999274358, 4.600000000002074430 ) ) ;
#24 = ORIENTED_EDGE ( 'NONE', *, *, #788, .F. ) ;
#25 = VERTEX_POINT ( 'NONE', #1807 ) ;
#26 = DIRECTION ( 'NONE',  ( -1.430513376220121878E-22, 1.809830632667533286E-22, -1.000000000000000000 ) ) ;
#27 = DIRECTION ( 'NONE',  ( -1.430513376220121878E-22, 1.809830632667533286E-22, -1.000000000000000000 ) ) ;
#28 = DIRECTION ( 'NONE',  ( -1.000000000000000000, 0.0000000000000000000, 0.0000000000000000000 ) ) ;
#29 = CARTESIAN_POINT ( 'NONE',  ( 13.50568765050817355, 10.66212571986097934, 0.2071067811881473486 ) ) ;
#30 = ORIENTED_EDGE ( 'NONE', *, *, #115, .T. ) ;
#31 = FACE_OUTER_BOUND ( 'NONE', #801, .T. ) ;
#32 = ORIENTED_EDGE ( 'NONE', *, *, #362, .F. ) ;
#33 = ORIENTED_EDGE ( 'NONE', *, *, #1710, .F. ) ;
#34 = VECTOR ( 'NONE', #648, 1000.000000000000000 ) ;
#35 = EDGE_CURVE ( 'NONE', #1366, #936, #353, .T. ) ;
#36 = CIRCLE ( 'NONE', #349, 17.49999999999948841 ) ;
#37 = CARTESIAN_POINT ( 'NONE',  ( -1.382574610353515254E-12, -1.894318035766673347E-12, 5.099999999999993427 ) ) ;
#38 = DIRECTION ( 'NONE',  ( -1.430513376220121878E-22, 1.809830632667533286E-22, -1.000000000000000000 ) ) ;
#39 = CYLINDRICAL_SURFACE ( 'NONE', #828, 2.349999999999932143 ) ;
#40 = CARTESIAN_POINT ( 'NONE',  ( -5.204170427930421283E-13, 21.71428571428601373, 5.100000000007071321 ) ) ;
#41 = ORIENTED_EDGE ( 'NONE', *, *, #1787, .F. ) ;
#42 = ORIENTED_EDGE ( 'NONE', *, *, #1667, .T. ) ;
#43 = AXIS2_PLACEMENT_3D ( 'NONE', #1110, #1225, #1828 ) ;
#44 = DIRECTION ( 'NONE',  ( -1.430513376220121878E-22, 1.809830632667533286E-22, -1.000000000000000000 ) ) ;
#45 = ORIENTED_EDGE ( 'NONE', *, *, #1428, .F. ) ;
#46 = AXIS2_PLACEMENT_3D ( 'NONE', #118, #591, #731 ) ;
#47 = AXIS2_PLACEMENT_3D ( 'NONE', #1742, #991, #140 ) ;
#48 = CARTESIAN_POINT ( 'NONE',  ( -14.61652850024763950, 9.957825081615290230, 0.5000000000064290795 ) ) ;
#49 = FACE_OUTER_BOUND ( 'NONE', #1472, .T. ) ;
#50 = EDGE_CURVE ( 'NONE', #1077, #1429, #694, .T. ) ;
#51 = LINE ( 'NONE', #1571, #1734 ) ;
#52 = VERTEX_POINT ( 'NONE', #1887 ) ;
#53 = CARTESIAN_POINT ( 'NONE',  ( 6.749999999999532818, 11.69134295108977284, 4.600000000007097967 ) ) ;
#54 = EDGE_LOOP ( 'NONE', ( #1526, #150 ) ) ;
#55 = DIRECTION ( 'NONE',  ( -1.430513376220121878E-22, 1.809830632667533286E-22, -1.000000000000000000 ) ) ;
#56 = VERTEX_POINT ( 'NONE', #350 ) ;
#57 = CARTESIAN_POINT ( 'NONE',  ( 6.749999999999997335, -11.69134295109017252, 2.100000000009150103 ) ) ;
#58 = CARTESIAN_POINT ( 'NONE',  ( -5.637851296924623057E-13, 22.99999999999897327, 11.60000000000023590 ) ) ;
#59 = ORIENTED_EDGE ( 'NONE', *, *, #1743, .T. ) ;
#60 = PRODUCT_RELATED_PRODUCT_CATEGORY ( 'part', '', ( #1759 ) ) ;
#61 = LINE ( 'NONE', #1851, #766 ) ;
#62 = CIRCLE ( 'NONE', #434, 2.999999999999914291 ) ;
#63 = DIRECTION ( 'NONE',  ( -1.430513376220121878E-22, 1.809830632667533286E-22, -1.000000000000000000 ) ) ;
#64 = ORIENTED_EDGE ( 'NONE', *, *, #1873, .F. ) ;
#65 = CONICAL_SURFACE ( 'NONE', #1159, 2.999999999999914291, 0.7853981633974512766 ) ;
#66 = ORIENTED_EDGE ( 'NONE', *, *, #624, .T. ) ;
#67 = LINE ( 'NONE', #1277, #1203 ) ;
#68 = DIRECTION ( 'NONE',  ( 1.000000000000000000, -9.958700530887935633E-14, 0.0000000000000000000 ) ) ;
#69 = EDGE_CURVE ( 'NONE', #883, #1476, #1299, .T. ) ;
#70 = ORIENTED_EDGE ( 'NONE', *, *, #209, .T. ) ;
#71 = CIRCLE ( 'NONE', #914, 2.499999999999927169 ) ;
#72 = DIRECTION ( 'NONE',  ( 1.000000000000000000, -1.110223024625188834E-16, 0.0000000000000000000 ) ) ;
#73 = CIRCLE ( 'NONE', #43, 2.349999999999932143 ) ;
#74 = ORIENTED_EDGE ( 'NONE', *, *, #788, .T. ) ;
#75 = CARTESIAN_POINT ( 'NONE',  ( -4.000000000000057732, -10.39230484541327293, 2.861027446637921694E-22 ) ) ;
#76 = CIRCLE ( 'NONE', #1737, 17.49999999999948841 ) ;
#77 = ORIENTED_EDGE ( 'NONE', *, *, #750, .T. ) ;
#78 = AXIS2_PLACEMENT_3D ( 'NONE', #1621, #1319, #1769 ) ;
#79 = CARTESIAN_POINT ( 'NONE',  ( 6.749999999999653610, 11.69134295108767496, 2.100000000007068657 ) ) ;
#80 = FACE_OUTER_BOUND ( 'NONE', #1061, .T. ) ;
#81 = ORIENTED_EDGE ( 'NONE', *, *, #338, .F. ) ;
#82 = EDGE_LOOP ( 'NONE', ( #456, #1264 ) ) ;
#83 = EDGE_CURVE ( 'NONE', #331, #568, #1794, .T. ) ;
#84 = CARTESIAN_POINT ( 'NONE',  ( 15.73632218586924125, 7.656249999999274358, 4.600000000002074430 ) ) ;
#85 = LINE ( 'NONE', #817, #700 ) ;
#86 = LINE ( 'NONE', #961, #1513 ) ;
#87 = ADVANCED_FACE ( 'NONE', ( #383 ), #1155, .F. ) ;
#88 = DIRECTION ( 'NONE',  ( 1.000000000000000000, 0.0000000000000000000, 0.0000000000000000000 ) ) ;
#89 = DIRECTION ( 'NONE',  ( 1.430513376220121878E-22, -1.809830632667533286E-22, 1.000000000000000000 ) ) ;
#90 = ORIENTED_EDGE ( 'NONE', *, *, #1824, .F. ) ;
#91 = DIRECTION ( 'NONE',  ( 1.000000000000000000, -1.110223024625188834E-16, 0.0000000000000000000 ) ) ;
#92 = CARTESIAN_POINT ( 'NONE',  ( -2.107689023311820620E-12, 21.71428571428411658, 4.600000000007070433 ) ) ;
#93 = CARTESIAN_POINT ( 'NONE',  ( 5.199999999999652900, 11.69134295108909960, 2.100000000007068657 ) ) ;
#94 = ORIENTED_EDGE ( 'NONE', *, *, #1145, .T. ) ;
#95 = ADVANCED_FACE ( 'NONE', ( #947 ), #1557, .F. ) ;
#96 = CIRCLE ( 'NONE', #1754, 2.999999999999914291 ) ;
#97 = CARTESIAN_POINT ( 'NONE',  ( -17.00000000000088818, -1.892430656624810581E-12, 5.099999999999993427 ) ) ;
#98 = CONICAL_SURFACE ( 'NONE', #907, 7.999999999999767297, 0.7853981633974552734 ) ;
#99 = VECTOR ( 'NONE', #1427, 1000.000000000000000 ) ;
#100 = CARTESIAN_POINT ( 'NONE',  ( 6.749999999999560352, -11.69134295108976929, 4.600000000009152323 ) ) ;
#101 = LINE ( 'NONE', #498, #850 ) ;
#102 = FACE_OUTER_BOUND ( 'NONE', #1645, .T. ) ;
#103 = ORIENTED_EDGE ( 'NONE', *, *, #180, .T. ) ;
#104 = DIRECTION ( 'NONE',  ( -1.000000000000000000, 1.110223024625066561E-16, 0.0000000000000000000 ) ) ;
#105 = VECTOR ( 'NONE', #1090, 999.9999999999998863 ) ;
#106 = CIRCLE ( 'NONE', #204, 2.349999999999932143 ) ;
#107 = EDGE_CURVE ( 'NONE', #798, #195, #1591, .T. ) ;
#108 = DIRECTION ( 'NONE',  ( -1.430513723319002695E-22, -1.809830632667532816E-22, 1.000000000000000000 ) ) ;
#109 = CIRCLE ( 'NONE', #514, 3.499999999999895639 ) ;
#110 = EDGE_CURVE ( 'NONE', #993, #1392, #1038, .T. ) ;
#111 = CARTESIAN_POINT ( 'NONE',  ( -8.933825901280556536E-13, 21.71428571428480225, 0.5000000000070781159 ) ) ;
#112 = VERTEX_POINT ( 'NONE', #1757 ) ;
#113 = DIRECTION ( 'NONE',  ( -1.000000000000000000, 1.439959262938869180E-13, 0.0000000000000000000 ) ) ;
#114 = CARTESIAN_POINT ( 'NONE',  ( -13.50000000000010836, -3.747002708109903324E-13, 2.100000000006790657 ) ) ;
#115 = EDGE_CURVE ( 'NONE', #580, #820, #408, .T. ) ;
#116 = DIRECTION ( 'NONE',  ( -1.000000000000000000, 0.0000000000000000000, -1.430513723319002695E-22 ) ) ;
#117 = LINE ( 'NONE', #1496, #1065 ) ;
#118 = CARTESIAN_POINT ( 'NONE',  ( -5.999999999999998224, -10.39230484541327293, 0.0000000000000000000 ) ) ;
#119 = LINE ( 'NONE', #84, #1103 ) ;
#120 = DIRECTION ( 'NONE',  ( -1.000000000000000000, 0.0000000000000000000, -1.430513723319001754E-22 ) ) ;
#121 = ORIENTED_EDGE ( 'NONE', *, *, #1135, .T. ) ;
#122 = FACE_OUTER_BOUND ( 'NONE', #1804, .T. ) ;
#123 = CARTESIAN_POINT ( 'NONE',  ( 11.99999999999997335, -1.942890293094023946E-13, 0.0000000000000000000 ) ) ;
#124 = DIRECTION ( 'NONE',  ( -1.000000000000000000, 1.110223024625188834E-16, -1.430513723319002460E-22 ) ) ;
#125 = VERTEX_POINT ( 'NONE', #862 ) ;
#126 = DIRECTION ( 'NONE',  ( 1.430513376220121878E-22, -1.809830632667533286E-22, 1.000000000000000000 ) ) ;
#127 = EDGE_CURVE ( 'NONE', #1190, #2, #101, .T. ) ;
#128 = CARTESIAN_POINT ( 'NONE',  ( -2.500000000001354916, 22.99999999999972999, 12.60000000000048637 ) ) ;
#129 = EDGE_LOOP ( 'NONE', ( #1415, #1511 ) ) ;
#130 = ORIENTED_EDGE ( 'NONE', *, *, #776, .F. ) ;
#131 = CARTESIAN_POINT ( 'NONE',  ( 2.844946500601963635E-13, 22.99999999999852207, 12.00000000000049560 ) ) ;
#132 = AXIS2_PLACEMENT_3D ( 'NONE', #530, #999, #239 ) ;
#133 = FACE_OUTER_BOUND ( 'NONE', #1030, .T. ) ;
#134 = VECTOR ( 'NONE', #1659, 1000.000000000000227 ) ;
#135 = CARTESIAN_POINT ( 'NONE',  ( -17.50000000000000000, -1.892375145012053335E-12, 0.5000000000000004441 ) ) ;
#136 = CIRCLE ( 'NONE', #569, 2.999999999999914291 ) ;
#137 = ORIENTED_EDGE ( 'NONE', *, *, #534, .T. ) ;
#138 = AXIS2_PLACEMENT_3D ( 'NONE', #1721, #800, #230 ) ;
#139 = LINE ( 'NONE', #880, #1520 ) ;
#140 = DIRECTION ( 'NONE',  ( 1.000000000000000000, -2.363664819427025422E-13, 0.0000000000000000000 ) ) ;
#141 = EDGE_LOOP ( 'NONE', ( #475, #229, #1340, #30 ) ) ;
#142 = CYLINDRICAL_SURFACE ( 'NONE', #1756, 2.999999999999914291 ) ;
#143 = EDGE_CURVE ( 'NONE', #465, #743, #1598, .T. ) ;
#144 = FACE_BOUND ( 'NONE', #1837, .T. ) ;
#145 = ADVANCED_FACE ( 'NONE', ( #696 ), #1829, .T. ) ;
#146 = DIRECTION ( 'NONE',  ( -1.430513376220121878E-22, 1.809830632667533286E-22, -1.000000000000000000 ) ) ;
#147 = DIRECTION ( 'NONE',  ( -1.430513376220121878E-22, 1.809830632667533286E-22, -1.000000000000000000 ) ) ;
#148 = EDGE_LOOP ( 'NONE', ( #1117, #1289, #1367, #1250 ) ) ;
#149 = FACE_OUTER_BOUND ( 'NONE', #746, .T. ) ;
#150 = ORIENTED_EDGE ( 'NONE', *, *, #655, .T. ) ;
#151 = ORIENTED_EDGE ( 'NONE', *, *, #1098, .T. ) ;
#152 = CARTESIAN_POINT ( 'NONE',  ( 15.28671298055859928, 7.437499999998906652, 5.099999999999993427 ) ) ;
#153 = EDGE_CURVE ( 'NONE', #1436, #674, #976, .T. ) ;
#154 = DIRECTION ( 'NONE',  ( -1.430513376220121878E-22, 1.809830632667533286E-22, -1.000000000000000000 ) ) ;
#155 = AXIS2_PLACEMENT_3D ( 'NONE', #1205, #490, #457 ) ;
#156 = CARTESIAN_POINT ( 'NONE',  ( -8.000000000000076383, 10.39230484541138466, 3.000000000002084555 ) ) ;
#157 = AXIS2_PLACEMENT_3D ( 'NONE', #131, #556, #1934 ) ;
#158 = ORIENTED_EDGE ( 'NONE', *, *, #996, .F. ) ;
#159 = DIRECTION ( 'NONE',  ( -1.430513376220121878E-22, 1.809830632667533286E-22, -1.000000000000000000 ) ) ;
#160 = ORIENTED_EDGE ( 'NONE', *, *, #186, .F. ) ;
#161 = ORIENTED_EDGE ( 'NONE', *, *, #1303, .T. ) ;
#162 = CARTESIAN_POINT ( 'NONE',  ( 7.193747284969064459, 25.21428571428518239, 0.5000000000018461899 ) ) ;
#163 = VECTOR ( 'NONE', #1094, 999.9999999999998863 ) ;
#164 = EDGE_CURVE ( 'NONE', #56, #1803, #119, .T. ) ;
#165 = CARTESIAN_POINT ( 'NONE',  ( 11.99999999999830536, -3.462508058049706960E-12, 4.201721238055372787 ) ) ;
#166 = AXIS2_PLACEMENT_3D ( 'NONE', #1177, #561, #439 ) ;
#167 = AXIS2_PLACEMENT_3D ( 'NONE', #1886, #1153, #1425 ) ;
#168 = CARTESIAN_POINT ( 'NONE',  ( -6.000000000000135003, 10.39230484541138466, 3.000000000002084555 ) ) ;
#169 = EDGE_LOOP ( 'NONE', ( #832, #958 ) ) ;
#170 = ADVANCED_FACE ( 'NONE', ( #1281 ), #1146, .T. ) ;
#171 = AXIS2_PLACEMENT_3D ( 'NONE', #987, #1870, #1876 ) ;
#172 = CIRCLE ( 'NONE', #47, 7.999999999999767297 ) ;
#173 = CARTESIAN_POINT ( 'NONE',  ( -13.50000000000034639, -4.857225732735059864E-14, 4.600000000006793321 ) ) ;
#174 = ORIENTED_EDGE ( 'NONE', *, *, #1360, .T. ) ;
#175 = CARTESIAN_POINT ( 'NONE',  ( -13.50568765051185594, 10.66212571986438284, 0.2071067811931421587 ) ) ;
#176 = DIRECTION ( 'NONE',  ( -1.430513376220121878E-22, 1.809830632667533286E-22, -1.000000000000000000 ) ) ;
#177 = CARTESIAN_POINT ( 'NONE',  ( 0.0000000000000000000, 0.0000000000000000000, 0.0000000000000000000 ) ) ;
#178 = FACE_OUTER_BOUND ( 'NONE', #335, .T. ) ;
#179 = VERTEX_POINT ( 'NONE', #1608 ) ;
#180 = EDGE_CURVE ( 'NONE', #1844, #899, #71, .T. ) ;
#181 = DIRECTION ( 'NONE',  ( 1.000000000000000000, -1.110223024625189327E-16, 0.0000000000000000000 ) ) ;
#182 = ORIENTED_EDGE ( 'NONE', *, *, #1532, .F. ) ;
#183 = VERTEX_POINT ( 'NONE', #258 ) ;
#184 = CARTESIAN_POINT ( 'NONE',  ( -15.42095523949669911, 8.202277824629126357, 0.4553034088789997269 ) ) ;
#185 = ORIENTED_EDGE ( 'NONE', *, *, #889, .T. ) ;
#186 = EDGE_CURVE ( 'NONE', #2, #768, #1163, .T. ) ;
#187 = LINE ( 'NONE', #782, #887 ) ;
#188 = CARTESIAN_POINT ( 'NONE',  ( 2.844946500601963635E-13, 22.99999999999852207, 12.00000000000049560 ) ) ;
#189 = FILL_AREA_STYLE_COLOUR ( '', #444 ) ;
#190 = ORIENTED_EDGE ( 'NONE', *, *, #1570, .T. ) ;
#191 = LINE ( 'NONE', #308, #193 ) ;
#192 = ORIENTED_EDGE ( 'NONE', *, *, #996, .T. ) ;
#193 = VECTOR ( 'NONE', #1053, 1000.000000000000000 ) ;
#194 = CARTESIAN_POINT ( 'NONE',  ( 15.73632218586983811, 7.656250000000135003, 0.5000000000020821123 ) ) ;
#195 = VERTEX_POINT ( 'NONE', #705 ) ;
#196 = CARTESIAN_POINT ( 'NONE',  ( -10.00000000000046008, -4.896083547646090005E-14, 5.100000000006793321 ) ) ;
#197 = AXIS2_PLACEMENT_3D ( 'NONE', #544, #1470, #710 ) ;
#198 = CARTESIAN_POINT ( 'NONE',  ( 14.41266249551454592, 9.808336159624341022, 0.4218636761309748628 ) ) ;
#199 = CIRCLE ( 'NONE', #630, 1.999999999999941158 ) ;
#200 = ORIENTED_EDGE ( 'NONE', *, *, #1259, .F. ) ;
#201 = VERTEX_POINT ( 'NONE', #1338 ) ;
#202 = DIRECTION ( 'NONE',  ( 1.000000000000000000, 0.0000000000000000000, 0.0000000000000000000 ) ) ;
#203 = ORIENTED_EDGE ( 'NONE', *, *, #881, .F. ) ;
#204 = AXIS2_PLACEMENT_3D ( 'NONE', #536, #89, #1450 ) ;
#205 = CIRCLE ( 'NONE', #78, 17.49999999999948841 ) ;
#206 = CARTESIAN_POINT ( 'NONE',  ( 6.749999999999997335, -11.69134295109017252, 2.100000000009150103 ) ) ;
#207 = LINE ( 'NONE', #19, #873 ) ;
#208 = CARTESIAN_POINT ( 'NONE',  ( -15.73632218586985054, 7.656250000000016875, 0.5000000000070781159 ) ) ;
#209 = EDGE_CURVE ( 'NONE', #1813, #256, #1939, .T. ) ;
#210 = CARTESIAN_POINT ( 'NONE',  ( 14.27480890846201156, 9.679474623122725774, 0.2358355811872051289 ) ) ;
#211 = ORIENTED_EDGE ( 'NONE', *, *, #69, .T. ) ;
#212 = CARTESIAN_POINT ( 'NONE',  ( 6.749999999999653610, 11.69134295108767496, 2.100000000007068657 ) ) ;
#213 = DIRECTION ( 'NONE',  ( 0.4375000000000000555, -0.8992184106211348338, 2.253281862613274012E-22 ) ) ;
#214 = ORIENTED_EDGE ( 'NONE', *, *, #639, .F. ) ;
#215 = EDGE_CURVE ( 'NONE', #1429, #1077, #1917, .T. ) ;
#216 = LINE ( 'NONE', #1306, #1706 ) ;
#217 = DIRECTION ( 'NONE',  ( 0.8571673007020991220, 9.808125007502413446E-18, -0.5150380749100763600 ) ) ;
#218 = FACE_OUTER_BOUND ( 'NONE', #307, .T. ) ;
#219 = ORIENTED_EDGE ( 'NONE', *, *, #919, .T. ) ;
#220 = ORIENTED_EDGE ( 'NONE', *, *, #1857, .F. ) ;
#221 = DIRECTION ( 'NONE',  ( -1.000000000000000000, 0.0000000000000000000, 0.0000000000000000000 ) ) ;
#222 = DIRECTION ( 'NONE',  ( -1.000000000000000000, 0.0000000000000000000, 0.0000000000000000000 ) ) ;
#223 = CIRCLE ( 'NONE', #1066, 7.999999999999767297 ) ;
#224 = CIRCLE ( 'NONE', #1578, 1.999999999999941158 ) ;
#225 = ORIENTED_EDGE ( 'NONE', *, *, #333, .F. ) ;
#226 = LINE ( 'NONE', #237, #1617 ) ;
#227 = CARTESIAN_POINT ( 'NONE',  ( -13.50000000000057376, -9.367506770274758310E-13, 5.100000000006793321 ) ) ;
#228 = EDGE_LOOP ( 'NONE', ( #17, #623, #280, #22 ) ) ;
#229 = ORIENTED_EDGE ( 'NONE', *, *, #83, .F. ) ;
#230 = DIRECTION ( 'NONE',  ( 1.000000000000000000, -1.110223024625189327E-16, 0.0000000000000000000 ) ) ;
#231 = ADVANCED_FACE ( 'NONE', ( #1808 ), #721, .T. ) ;
#232 = AXIS2_PLACEMENT_3D ( 'NONE', #1516, #920, #1530 ) ;
#233 = FACE_OUTER_BOUND ( 'NONE', #784, .T. ) ;
#234 = VERTEX_POINT ( 'NONE', #1037 ) ;
#235 = AXIS2_PLACEMENT_3D ( 'NONE', #1449, #108, #701 ) ;
#236 =( GEOMETRIC_REPRESENTATION_CONTEXT ( 3 ) GLOBAL_UNCERTAINTY_ASSIGNED_CONTEXT ( ( #629 ) ) GLOBAL_UNIT_ASSIGNED_CONTEXT ( ( #1549, #1827, #812 ) ) REPRESENTATION_CONTEXT ( 'NONE', 'WORKASPACE' ) );
#237 = CARTESIAN_POINT ( 'NONE',  ( -15.73632218587054510, 7.656249999998292921, 4.600000000007070433 ) ) ;
#238 = DIRECTION ( 'NONE',  ( -1.000000000000000000, 0.0000000000000000000, 0.0000000000000000000 ) ) ;
#239 = DIRECTION ( 'NONE',  ( -1.000000000000000000, 1.110223024625080366E-16, 0.0000000000000000000 ) ) ;
#240 = EDGE_CURVE ( 'NONE', #1392, #993, #951, .T. ) ;
#241 = DIRECTION ( 'NONE',  ( 1.000000000000000000, 0.0000000000000000000, 0.0000000000000000000 ) ) ;
#242 = EDGE_LOOP ( 'NONE', ( #1239, #1105, #1181 ) ) ;
#243 = DIRECTION ( 'NONE',  ( 1.000000000000000000, -1.110223024625188834E-16, 1.430513723319002460E-22 ) ) ;
#244 = CARTESIAN_POINT ( 'NONE',  ( 15.28671298055859928, 7.437499999998906652, 5.099999999999993427 ) ) ;
#245 = CARTESIAN_POINT ( 'NONE',  ( 13.99999999999925571, -9.644833678882002550E-13, 3.000000000000252243 ) ) ;
#246 = DIRECTION ( 'NONE',  ( 1.430513376220121878E-22, -1.809830632667533286E-22, 1.000000000000000000 ) ) ;
#247 = DIRECTION ( 'NONE',  ( -1.430513376220121878E-22, 1.809830632667533286E-22, -1.000000000000000000 ) ) ;
#248 = EDGE_LOOP ( 'NONE', ( #405, #785 ) ) ;
#249 = CARTESIAN_POINT ( 'NONE',  ( -16.50000000000025935, -4.787179638021884624E-14, 4.600000000006793321 ) ) ;
#250 = CIRCLE ( 'NONE', #1604, 7.999999999999767297 ) ;
#251 = AXIS2_PLACEMENT_3D ( 'NONE', #320, #499, #1823 ) ;
#252 = DIRECTION ( 'NONE',  ( 1.000000000000000000, 0.0000000000000000000, 0.0000000000000000000 ) ) ;
#253 = EDGE_CURVE ( 'NONE', #1500, #299, #199, .T. ) ;
#254 = AXIS2_PLACEMENT_3D ( 'NONE', #358, #1864, #202 ) ;
#255 = CARTESIAN_POINT ( 'NONE',  ( -13.50568765050922515, 10.66212571985772684, 0.2071067811909854672 ) ) ;
#256 = VERTEX_POINT ( 'NONE', #1057 ) ;
#257 = ADVANCED_FACE ( 'NONE', ( #1330 ), #1197, .T. ) ;
#258 = CARTESIAN_POINT ( 'NONE',  ( 9.749999999999911182, -11.69134295109017252, 2.100000000009150103 ) ) ;
#259 = DIRECTION ( 'NONE',  ( -1.430513376220121878E-22, 1.809830632667533286E-22, -1.000000000000000000 ) ) ;
#260 = AXIS2_PLACEMENT_3D ( 'NONE', #1776, #1308, #91 ) ;
#261 = CARTESIAN_POINT ( 'NONE',  ( -2.500000000000563993, 22.99999999999972999, 11.60000000000023590 ) ) ;
#262 = AXIS2_PLACEMENT_3D ( 'NONE', #1551, #1082, #1862 ) ;
#263 = CYLINDRICAL_SURFACE ( 'NONE', #435, 2.999999999999914291 ) ;
#264 = EDGE_CURVE ( 'NONE', #432, #1209, #295, .T. ) ;
#265 = VECTOR ( 'NONE', #1134, 1000.000000000000114 ) ;
#266 = AXIS2_PLACEMENT_3D ( 'NONE', #870, #734, #1147 ) ;
#267 = ADVANCED_FACE ( 'NONE', ( #1027 ), #305, .T. ) ;
#268 = CARTESIAN_POINT ( 'NONE',  ( -5.637851296924623057E-13, 22.99999999999897327, 11.60000000000023590 ) ) ;
#269 = ORIENTED_EDGE ( 'NONE', *, *, #702, .T. ) ;
#270 = CARTESIAN_POINT ( 'NONE',  ( -5.999999999999694467, -10.39230484541349497, 3.000000000000002665 ) ) ;
#271 = DIRECTION ( 'NONE',  ( -1.430513376220121878E-22, 1.809830632667533286E-22, -1.000000000000000000 ) ) ;
#272 = ORIENTED_EDGE ( 'NONE', *, *, #624, .F. ) ;
#273 = DIRECTION ( 'NONE',  ( -1.000000000000000000, 1.110223024625188834E-16, -1.430513723319002460E-22 ) ) ;
#274 = CARTESIAN_POINT ( 'NONE',  ( -17.50000000000087752, -1.892375145473579323E-12, 5.099999999999993427 ) ) ;
#275 = ADVANCED_FACE ( 'NONE', ( #1188 ), #916, .T. ) ;
#276 = CARTESIAN_POINT ( 'NONE',  ( 0.0000000000000000000, 0.0000000000000000000, 0.0000000000000000000 ) ) ;
#277 = ORIENTED_EDGE ( 'NONE', *, *, #127, .F. ) ;
#278 = DIRECTION ( 'NONE',  ( -1.000000000000000000, 0.0000000000000000000, -1.430515276102628544E-22 ) ) ;
#279 = LINE ( 'NONE', #863, #888 ) ;
#280 = ORIENTED_EDGE ( 'NONE', *, *, #1730, .T. ) ;
#281 = ORIENTED_EDGE ( 'NONE', *, *, #990, .F. ) ;
#282 = DIRECTION ( 'NONE',  ( -1.430513376220121878E-22, 1.809830632667533286E-22, -1.000000000000000000 ) ) ;
#283 = EDGE_CURVE ( 'NONE', #234, #1911, #1329, .T. ) ;
#284 = ORIENTED_EDGE ( 'NONE', *, *, #1121, .F. ) ;
#285 = FACE_OUTER_BOUND ( 'NONE', #141, .T. ) ;
#286 = DIRECTION ( 'NONE',  ( 1.000000000000000000, -1.110223024625230250E-16, 0.0000000000000000000 ) ) ;
#287 = ORIENTED_EDGE ( 'NONE', *, *, #449, .T. ) ;
#288 = ADVANCED_FACE ( 'NONE', ( #1786 ), #1040, .T. ) ;
#289 = DIRECTION ( 'NONE',  ( -1.000000000000000000, 0.0000000000000000000, -1.430514449071035733E-22 ) ) ;
#290 = LINE ( 'NONE', #1635, #1369 ) ;
#291 = ORIENTED_EDGE ( 'NONE', *, *, #1715, .T. ) ;
#292 = DIRECTION ( 'NONE',  ( -1.000000000000000000, 1.110223024625560092E-16, 0.0000000000000000000 ) ) ;
#293 = ORIENTED_EDGE ( 'NONE', *, *, #833, .F. ) ;
#294 = DIRECTION ( 'NONE',  ( 0.6358434359179795381, 0.3093592167691076034, 0.7071067811865634489 ) ) ;
#295 = CIRCLE ( 'NONE', #410, 1.549999999999955858 ) ;
#296 = DIRECTION ( 'NONE',  ( -0.6358434359179772066, 0.3093592167691065487, 0.7071067811865661135 ) ) ;
#297 = CIRCLE ( 'NONE', #1739, 17.49999999999949196 ) ;
#298 = FACE_OUTER_BOUND ( 'NONE', #228, .T. ) ;
#299 = VERTEX_POINT ( 'NONE', #156 ) ;
#300 = EDGE_CURVE ( 'NONE', #1260, #1212, #1830, .T. ) ;
#301 = DIRECTION ( 'NONE',  ( -0.6358434359179763184, -0.3093592167691085471, 0.7071067811865660024 ) ) ;
#302 = EDGE_LOOP ( 'NONE', ( #497, #966, #42, #1701 ) ) ;
#303 = CARTESIAN_POINT ( 'NONE',  ( 0.0000000000000000000, 0.0000000000000000000, 0.0000000000000000000 ) ) ;
#304 = CARTESIAN_POINT ( 'NONE',  ( -15.04999999999957794, -9.697243008588429045E-14, 12.60000000000728626 ) ) ;
#305 = CYLINDRICAL_SURFACE ( 'NONE', #1106, 2.349999999999932143 ) ;
#306 = ORIENTED_EDGE ( 'NONE', *, *, #1187, .F. ) ;
#307 = EDGE_LOOP ( 'NONE', ( #1169, #1832, #1812, #1112 ) ) ;
#308 = CARTESIAN_POINT ( 'NONE',  ( 7.193747284969164824, 25.21428571428460685, 5.100000000002061107 ) ) ;
#309 = ORIENTED_EDGE ( 'NONE', *, *, #1873, .T. ) ;
#310 = ADVANCED_FACE ( 'NONE', ( #298 ), #1357, .F. ) ;
#311 = LINE ( 'NONE', #1846, #1785 ) ;
#312 = LINE ( 'NONE', #208, #984 ) ;
#313 = EDGE_CURVE ( 'NONE', #201, #805, #139, .T. ) ;
#314 = CONICAL_SURFACE ( 'NONE', #1663, 1.999999999999941158, 1.029744258676654090 ) ;
#315 = DIRECTION ( 'NONE',  ( 1.000000000000000000, -1.795230630818929623E-13, 0.0000000000000000000 ) ) ;
#316 = ORIENTED_EDGE ( 'NONE', *, *, #1923, .T. ) ;
#317 = CARTESIAN_POINT ( 'NONE',  ( 11.99999999999931433, -9.645062526431047445E-13, 3.000000000000252243 ) ) ;
#318 = ORIENTED_EDGE ( 'NONE', *, *, #1438, .T. ) ;
#319 = EDGE_LOOP ( 'NONE', ( #364, #479, #318, #1524 ) ) ;
#320 = CARTESIAN_POINT ( 'NONE',  ( 0.0000000000000000000, 0.0000000000000000000, 0.0000000000000000000 ) ) ;
#321 = AXIS2_PLACEMENT_3D ( 'NONE', #852, #1463, #113 ) ;
#322 = CYLINDRICAL_SURFACE ( 'NONE', #1893, 2.499999999999927169 ) ;
#323 = AXIS2_PLACEMENT_3D ( 'NONE', #40, #1119, #238 ) ;
#324 = ORIENTED_EDGE ( 'NONE', *, *, #1506, .T. ) ;
#325 = AXIS2_PLACEMENT_3D ( 'NONE', #1640, #296, #7 ) ;
#326 = CARTESIAN_POINT ( 'NONE',  ( 15.73632218586788412, 7.656250000000370370, 0.4999999999995389244 ) ) ;
#327 = ORIENTED_EDGE ( 'NONE', *, *, #50, .T. ) ;
#328 = VECTOR ( 'NONE', #526, 1000.000000000000000 ) ;
#329 = CIRCLE ( 'NONE', #956, 2.349999999999932143 ) ;
#330 = DIRECTION ( 'NONE',  ( 1.430513376220121878E-22, -1.809830632667533286E-22, 1.000000000000000000 ) ) ;
#331 = VERTEX_POINT ( 'NONE', #601 ) ;
#332 = ORIENTED_EDGE ( 'NONE', *, *, #1213, .F. ) ;
#333 = EDGE_CURVE ( 'NONE', #1476, #56, #891, .T. ) ;
#334 = DIRECTION ( 'NONE',  ( 0.8571673007020991220, 9.808125007502413446E-18, -0.5150380749100763600 ) ) ;
#335 = EDGE_LOOP ( 'NONE', ( #340, #1863, #174, #744 ) ) ;
#336 = DIRECTION ( 'NONE',  ( -1.430513376220121878E-22, 1.809830632667533286E-22, -1.000000000000000000 ) ) ;
#337 = LINE ( 'NONE', #774, #1675 ) ;
#338 = EDGE_CURVE ( 'NONE', #622, #547, #794, .T. ) ;
#339 = FACE_OUTER_BOUND ( 'NONE', #242, .T. ) ;
#340 = ORIENTED_EDGE ( 'NONE', *, *, #1145, .F. ) ;
#341 = CARTESIAN_POINT ( 'NONE',  ( 8.299999999999998934, -11.69134295109007482, 2.100000000009150103 ) ) ;
#342 = EDGE_LOOP ( 'NONE', ( #1567, #594, #272, #970, #1791 ) ) ;
#343 = CARTESIAN_POINT ( 'NONE',  ( 13.50568765050879705, 10.66212571985750479, 0.2071067811907773004 ) ) ;
#344 = EDGE_LOOP ( 'NONE', ( #735, #45, #1542, #957 ) ) ;
#345 = CARTESIAN_POINT ( 'NONE',  ( -2.500000000001282086, 22.99999999999972999, 12.60000000000048637 ) ) ;
#346 = VERTEX_POINT ( 'NONE', #908 ) ;
#347 = AXIS2_PLACEMENT_3D ( 'NONE', #1581, #1440, #243 ) ;
#348 = CARTESIAN_POINT ( 'NONE',  ( 6.749999999999997335, -11.69134295109017252, 2.100000000009150103 ) ) ;
#349 = AXIS2_PLACEMENT_3D ( 'NONE', #1928, #1750, #400 ) ;
#350 = CARTESIAN_POINT ( 'NONE',  ( 7.193747284968169176, 25.21428571428337051, 4.600000000002061107 ) ) ;
#351 = CARTESIAN_POINT ( 'NONE',  ( 2.499999999998572253, 22.99999999999972999, 12.60000000000048637 ) ) ;
#352 = LINE ( 'NONE', #627, #1170 ) ;
#353 = CIRCLE ( 'NONE', #260, 17.49999999999949196 ) ;
#354 =( GEOMETRIC_REPRESENTATION_CONTEXT ( 3 ) GLOBAL_UNCERTAINTY_ASSIGNED_CONTEXT ( ( #1388 ) ) GLOBAL_UNIT_ASSIGNED_CONTEXT ( ( #1686, #1698, #501 ) ) REPRESENTATION_CONTEXT ( 'NONE', 'WORKASPACE' ) );
#355 = ORIENTED_EDGE ( 'NONE', *, *, #910, .T. ) ;
#356 = ORIENTED_EDGE ( 'NONE', *, *, #83, .T. ) ;
#357 = VECTOR ( 'NONE', #1195, 1000.000000000000000 ) ;
#358 = CARTESIAN_POINT ( 'NONE',  ( 6.749999999999997335, -11.69134295109017252, 2.100000000009150103 ) ) ;
#359 = ORIENTED_EDGE ( 'NONE', *, *, #1743, .F. ) ;
#360 = CIRCLE ( 'NONE', #1461, 7.999999999999767297 ) ;
#361 = VECTOR ( 'NONE', #259, 1000.000000000000000 ) ;
#362 = EDGE_CURVE ( 'NONE', #1803, #936, #51, .T. ) ;
#363 = DIRECTION ( 'NONE',  ( -1.000000000000000000, 0.0000000000000000000, 0.0000000000000000000 ) ) ;
#364 = ORIENTED_EDGE ( 'NONE', *, *, #934, .F. ) ;
#365 = CARTESIAN_POINT ( 'NONE',  ( -2.349999999999647482, 22.99999999999852207, 12.00000000000049560 ) ) ;
#366 = ORIENTED_EDGE ( 'NONE', *, *, #164, .T. ) ;
#367 = CARTESIAN_POINT ( 'NONE',  ( -8.000000000000047962, 10.39230484541190513, 2.081668170886065803E-12 ) ) ;
#368 = LINE ( 'NONE', #75, #1033 ) ;
#369 = DIRECTION ( 'NONE',  ( 1.430513376220121878E-22, -1.809830632667533286E-22, 1.000000000000000000 ) ) ;
#370 = ADVANCED_FACE ( 'NONE', ( #178 ), #483, .F. ) ;
#371 = DIRECTION ( 'NONE',  ( 1.430513376220121878E-22, -1.809830632667533286E-22, 1.000000000000000000 ) ) ;
#372 = VERTEX_POINT ( 'NONE', #1216 ) ;
#373 = ORIENTED_EDGE ( 'NONE', *, *, #1385, .F. ) ;
#374 = ORIENTED_EDGE ( 'NONE', *, *, #910, .F. ) ;
#375 = FACE_OUTER_BOUND ( 'NONE', #1719, .T. ) ;
#376 = CARTESIAN_POINT ( 'NONE',  ( 2.499999999998572253, 22.99999999999972999, 12.60000000000048637 ) ) ;
#377 = TOROIDAL_SURFACE ( 'NONE', #877, 17.91421356237308871, 1.000000000000000000 ) ;
#378 = DIRECTION ( 'NONE',  ( 1.000000000000000000, -1.110223024625188834E-16, 1.430513723319002460E-22 ) ) ;
#379 = EDGE_CURVE ( 'NONE', #1444, #619, #641, .T. ) ;
#380 = CARTESIAN_POINT ( 'NONE',  ( -14.28248258831659356, 9.678161539151524551, 0.2071067811908236245 ) ) ;
#381 = ORIENTED_EDGE ( 'NONE', *, *, #1665, .T. ) ;
#382 = EDGE_LOOP ( 'NONE', ( #518, #578, #1575, #1564 ) ) ;
#383 = FACE_OUTER_BOUND ( 'NONE', #646, .T. ) ;
#384 = CARTESIAN_POINT ( 'NONE',  ( -5.342948306008565851E-13, -8.326672684688674053E-13, -0.5000000000000004441 ) ) ;
#385 = LINE ( 'NONE', #818, #816 ) ;
#386 = AXIS2_PLACEMENT_3D ( 'NONE', #1377, #27, #1222 ) ;
#387 = CIRCLE ( 'NONE', #636, 8.499999999999772626 ) ;
#388 = DIRECTION ( 'NONE',  ( -1.430513376220121878E-22, 1.809830632667533286E-22, -1.000000000000000000 ) ) ;
#389 = CARTESIAN_POINT ( 'NONE',  ( -5.999999999999694467, -10.39230484541349497, 3.000000000000002665 ) ) ;
#390 = DIRECTION ( 'NONE',  ( 0.4375000000000000555, -0.8992184106211348338, 2.253281862613274012E-22 ) ) ;
#391 = FACE_OUTER_BOUND ( 'NONE', #472, .T. ) ;
#392 = EDGE_CURVE ( 'NONE', #1481, #179, #1069, .T. ) ;
#393 = DIRECTION ( 'NONE',  ( -1.430513376220121878E-22, 1.809830632667533286E-22, -1.000000000000000000 ) ) ;
#394 = ADVANCED_FACE ( 'NONE', ( #783 ), #1372, .T. ) ;
#395 = FACE_OUTER_BOUND ( 'NONE', #82, .T. ) ;
#396 = DIRECTION ( 'NONE',  ( 1.430513376220121878E-22, -1.809830632667533286E-22, 1.000000000000000000 ) ) ;
#397 = CARTESIAN_POINT ( 'NONE',  ( -1.382574610353515254E-12, -1.894318035766673347E-12, 5.099999999999993427 ) ) ;
#398 = FACE_OUTER_BOUND ( 'NONE', #1176, .T. ) ;
#399 = ORIENTED_EDGE ( 'NONE', *, *, #737, .T. ) ;
#400 = DIRECTION ( 'NONE',  ( 1.000000000000000000, -1.511013536514880966E-13, 0.0000000000000000000 ) ) ;
#401 = AXIS2_PLACEMENT_3D ( 'NONE', #1043, #1638, #423 ) ;
#402 = CYLINDRICAL_SURFACE ( 'NONE', #1288, 1.999999999999941158 ) ;
#403 = CIRCLE ( 'NONE', #157, 2.499999999999927169 ) ;
#404 = CARTESIAN_POINT ( 'NONE',  ( 13.50568765050879705, 10.66212571985750479, 0.2071067811907773004 ) ) ;
#405 = ORIENTED_EDGE ( 'NONE', *, *, #115, .F. ) ;
#406 = DIRECTION ( 'NONE',  ( -1.000000000000000000, 1.110223024625190314E-16, -1.430513723319002930E-22 ) ) ;
#407 = DIRECTION ( 'NONE',  ( -1.000000000000000000, 0.0000000000000000000, 0.0000000000000000000 ) ) ;
#408 = CIRCLE ( 'NONE', #1890, 1.999999999999941158 ) ;
#409 = DIRECTION ( 'NONE',  ( 1.000000000000000000, -1.110223024625188834E-16, 1.430513723319002460E-22 ) ) ;
#410 = AXIS2_PLACEMENT_3D ( 'NONE', #1627, #1499, #278 ) ;
#411 = ADVANCED_FACE ( 'NONE', ( #339 ), #1681, .F. ) ;
#412 = CIRCLE ( 'NONE', #631, 3.499999999999905853 ) ;
#413 = CARTESIAN_POINT ( 'NONE',  ( -8.000000000001151079, -1.893429857346973222E-12, 5.099999999999993427 ) ) ;
#414 = AXIS2_PLACEMENT_3D ( 'NONE', #1079, #336, #930 ) ;
#415 = EDGE_CURVE ( 'NONE', #256, #1229, #510, .T. ) ;
#416 = VECTOR ( 'NONE', #1093, 1000.000000000000000 ) ;
#417 = DIRECTION ( 'NONE',  ( 1.430513376220121878E-22, -1.809830632667533286E-22, 1.000000000000000000 ) ) ;
#418 = VERTEX_POINT ( 'NONE', #618 ) ;
#419 = DIRECTION ( 'NONE',  ( -1.000000000000000000, 0.0000000000000000000, 0.0000000000000000000 ) ) ;
#420 = CARTESIAN_POINT ( 'NONE',  ( -13.49999999999962341, -9.714451465470119729E-14, 12.60000000000728626 ) ) ;
#421 = ORIENTED_EDGE ( 'NONE', *, *, #1680, .T. ) ;
#422 = ORIENTED_EDGE ( 'NONE', *, *, #1780, .T. ) ;
#423 = DIRECTION ( 'NONE',  ( 1.000000000000000000, 0.0000000000000000000, 0.0000000000000000000 ) ) ;
#424 = LINE ( 'NONE', #274, #1723 ) ;
#425 = CARTESIAN_POINT ( 'NONE',  ( 3.249999999999671374, -11.69134295108976929, 5.100000000009153212 ) ) ;
#426 = EDGE_CURVE ( 'NONE', #1229, #256, #73, .T. ) ;
#427 = CARTESIAN_POINT ( 'NONE',  ( -1.354819034737886341E-12, 22.99999999999972999, 12.60000000000048637 ) ) ;
#428 = MANIFOLD_SOLID_BREP ( 'Ô²½Ç3', #1641 ) ;
#429 = DIRECTION ( 'NONE',  ( -1.430513376220121878E-22, 1.809830632667533286E-22, -1.000000000000000000 ) ) ;
#430 = ORIENTED_EDGE ( 'NONE', *, *, #1039, .T. ) ;
#431 = CARTESIAN_POINT ( 'NONE',  ( 6.744138079658771545, 24.99553571428429066, 5.100000000009111467 ) ) ;
#432 = VERTEX_POINT ( 'NONE', #1901 ) ;
#433 = FACE_OUTER_BOUND ( 'NONE', #747, .T. ) ;
#434 = AXIS2_PLACEMENT_3D ( 'NONE', #5, #1221, #1529 ) ;
#435 = AXIS2_PLACEMENT_3D ( 'NONE', #570, #875, #858 ) ;
#436 = DIRECTION ( 'NONE',  ( -1.000000000000000000, 0.0000000000000000000, -1.430515276102628544E-22 ) ) ;
#437 = ADVANCED_FACE ( 'NONE', ( #218 ), #597, .T. ) ;
#438 = AXIS2_PLACEMENT_3D ( 'NONE', #1059, #474, #637 ) ;
#439 = DIRECTION ( 'NONE',  ( 1.000000000000000000, -1.110223024625188834E-16, 0.0000000000000000000 ) ) ;
#440 = ORIENTED_EDGE ( 'NONE', *, *, #1680, .F. ) ;
#441 = DIRECTION ( 'NONE',  ( -0.7071067811865280328, 1.651001005833869633E-16, 0.7071067811865670016 ) ) ;
#442 = ORIENTED_EDGE ( 'NONE', *, *, #1595, .T. ) ;
#443 = ORIENTED_EDGE ( 'NONE', *, *, #1008, .T. ) ;
#444 = COLOUR_RGB ( '',0.7921568627450980005, 0.8196078431372548767, 0.9333333333333333481 ) ;
#445 = FACE_OUTER_BOUND ( 'NONE', #504, .T. ) ;
#446 = CONICAL_SURFACE ( 'NONE', #539, 1.999999999999941158, 1.029744258676654090 ) ;
#447 = CYLINDRICAL_SURFACE ( 'NONE', #1398, 7.999999999999767297 ) ;
#448 = DIRECTION ( 'NONE',  ( 1.000000000000000000, 0.0000000000000000000, 0.0000000000000000000 ) ) ;
#449 = EDGE_CURVE ( 'NONE', #778, #331, #521, .T. ) ;
#450 = ORIENTED_EDGE ( 'NONE', *, *, #1906, .F. ) ;
#451 = ORIENTED_EDGE ( 'NONE', *, *, #895, .F. ) ;
#452 = VERTEX_POINT ( 'NONE', #543 ) ;
#453 = CARTESIAN_POINT ( 'NONE',  ( -4.000000000000194511, 10.39230484541138466, 3.000000000002084555 ) ) ;
#454 = ORIENTED_EDGE ( 'NONE', *, *, #553, .T. ) ;
#455 = EDGE_CURVE ( 'NONE', #18, #1190, #761, .T. ) ;
#456 = ORIENTED_EDGE ( 'NONE', *, *, #1703, .F. ) ;
#457 = DIRECTION ( 'NONE',  ( -1.000000000000000000, 0.0000000000000000000, -1.430514449071035733E-22 ) ) ;
#458 = EDGE_CURVE ( 'NONE', #901, #669, #1738, .T. ) ;
#459 = CARTESIAN_POINT ( 'NONE',  ( -13.50000000000001421, -1.804112415015879378E-13, 6.800116025829083810E-12 ) ) ;
#460 = DIRECTION ( 'NONE',  ( -1.430513376220121878E-22, 1.809830632667533286E-22, -1.000000000000000000 ) ) ;
#461 = EDGE_LOOP ( 'NONE', ( #1243, #287, #356 ) ) ;
#462 = VERTEX_POINT ( 'NONE', #977 ) ;
#463 = CARTESIAN_POINT ( 'NONE',  ( -13.49999999999962341, -9.714451465470119729E-14, 12.60000000000728626 ) ) ;
#464 = ORIENTED_EDGE ( 'NONE', *, *, #209, .F. ) ;
#465 = VERTEX_POINT ( 'NONE', #550 ) ;
#466 = ADVANCED_FACE ( 'NONE', ( #80 ), #813, .F. ) ;
#467 = EDGE_LOOP ( 'NONE', ( #1662, #1772, #1070, #1351 ) ) ;
#468 = CARTESIAN_POINT ( 'NONE',  ( 8.300000000000061107, -11.69134295109007482, 1.124100812410798033E-11 ) ) ;
#469 = CARTESIAN_POINT ( 'NONE',  ( 6.750000000000126121, 11.69134295108909960, 12.59999999999340758 ) ) ;
#470 = CIRCLE ( 'NONE', #251, 8.499999999999753086 ) ;
#471 = CARTESIAN_POINT ( 'NONE',  ( 15.45569360804786996, 8.233041734222469543, 0.4999999999995261013 ) ) ;
#472 = EDGE_LOOP ( 'NONE', ( #1279, #1822, #1672 ) ) ;
#473 = CONICAL_SURFACE ( 'NONE', #1424, 16.99999999999950973, 0.7853981633974447263 ) ;
#474 = DIRECTION ( 'NONE',  ( 1.430513376220121878E-22, -1.809830632667533286E-22, 1.000000000000000000 ) ) ;
#475 = ORIENTED_EDGE ( 'NONE', *, *, #1380, .F. ) ;
#476 = ORIENTED_EDGE ( 'NONE', *, *, #628, .T. ) ;
#477 = CARTESIAN_POINT ( 'NONE',  ( 9.749999999999445777, 11.69134295108977284, 4.600000000007097967 ) ) ;
#478 = EDGE_CURVE ( 'NONE', #755, #418, #566, .T. ) ;
#479 = ORIENTED_EDGE ( 'NONE', *, *, #1259, .T. ) ;
#480 = DIRECTION ( 'NONE',  ( -1.000000000000000000, 0.0000000000000000000, 0.0000000000000000000 ) ) ;
#481 = AXIS2_PLACEMENT_3D ( 'NONE', #593, #1020, #448 ) ;
#482 = EDGE_CURVE ( 'NONE', #610, #1813, #106, .T. ) ;
#483 = CYLINDRICAL_SURFACE ( 'NONE', #262, 2.999999999999914291 ) ;
#484 = ORIENTED_EDGE ( 'NONE', *, *, #1838, .F. ) ;
#485 = AXIS2_PLACEMENT_3D ( 'NONE', #123, #1004, #1908 ) ;
#486 = AXIS2_PLACEMENT_3D ( 'NONE', #654, #513, #959 ) ;
#487 = PLANE ( 'NONE',  #1550 ) ;
#488 = ORIENTED_EDGE ( 'NONE', *, *, #264, .F. ) ;
#489 = ORIENTED_EDGE ( 'NONE', *, *, #1213, .T. ) ;
#490 = DIRECTION ( 'NONE',  ( -1.430513376220121878E-22, 1.809830632667533286E-22, -1.000000000000000000 ) ) ;
#491 = ORIENTED_EDGE ( 'NONE', *, *, #215, .T. ) ;
#492 = ADVANCED_FACE ( 'NONE', ( #681 ), #703, .T. ) ;
#493 = FACE_OUTER_BOUND ( 'NONE', #642, .T. ) ;
#494 = CARTESIAN_POINT ( 'NONE',  ( 15.02293261753815301, 8.677388795262858778, 0.3377394883016510141 ) ) ;
#495 = VERTEX_POINT ( 'NONE', #404 ) ;
#496 = DIRECTION ( 'NONE',  ( 1.430513376220121878E-22, -1.809830632667533286E-22, 1.000000000000000000 ) ) ;
#497 = ORIENTED_EDGE ( 'NONE', *, *, #628, .F. ) ;
#498 = CARTESIAN_POINT ( 'NONE',  ( 15.73632218586974751, 7.656249999999746869, 0.5000000000020821123 ) ) ;
#499 = DIRECTION ( 'NONE',  ( 1.430513376220121878E-22, -1.809830632667533286E-22, 1.000000000000000000 ) ) ;
#500 = FACE_OUTER_BOUND ( 'NONE', #319, .T. ) ;
#501 =( NAMED_UNIT ( * ) SI_UNIT ( $, .STERADIAN. ) SOLID_ANGLE_UNIT ( ) );
#502 = ORIENTED_EDGE ( 'NONE', *, *, #639, .T. ) ;
#503 = DIRECTION ( 'NONE',  ( -1.000000000000000000, 1.110223024625188834E-16, -1.430513723319002460E-22 ) ) ;
#504 = EDGE_LOOP ( 'NONE', ( #1183, #810 ) ) ;
#505 = AXIS2_PLACEMENT_3D ( 'NONE', #1899, #282, #409 ) ;
#506 = CARTESIAN_POINT ( 'NONE',  ( -6.000000000000107470, 10.39230484541190513, 2.081668171172168513E-12 ) ) ;
#507 = VERTEX_POINT ( 'NONE', #662 ) ;
#508 = CARTESIAN_POINT ( 'NONE',  ( 2.499999999998645084, 22.99999999999972999, 12.60000000000048637 ) ) ;
#509 = CARTESIAN_POINT ( 'NONE',  ( 15.17613032470175938, 8.807643908665392374, 0.5000000000013117285 ) ) ;
#510 = CIRCLE ( 'NONE', #1009, 2.349999999999932143 ) ;
#511 = ORIENTED_EDGE ( 'NONE', *, *, #655, .F. ) ;
#512 = AXIS2_PLACEMENT_3D ( 'NONE', #276, #1909, #124 ) ;
#513 = DIRECTION ( 'NONE',  ( 1.430513376220121878E-22, -1.809830632667533286E-22, 1.000000000000000000 ) ) ;
#514 = AXIS2_PLACEMENT_3D ( 'NONE', #690, #1143, #830 ) ;
#515 = AXIS2_PLACEMENT_3D ( 'NONE', #1898, #711, #1011 ) ;
#516 = FACE_OUTER_BOUND ( 'NONE', #1699, .T. ) ;
#517 = EDGE_CURVE ( 'NONE', #234, #743, #412, .T. ) ;
#518 = ORIENTED_EDGE ( 'NONE', *, *, #127, .T. ) ;
#519 = DIRECTION ( 'NONE',  ( -1.430513376220121878E-22, 1.809830632667533286E-22, -1.000000000000000000 ) ) ;
#520 = ADVANCED_FACE ( 'NONE', ( #1136 ), #854, .F. ) ;
#521 = LINE ( 'NONE', #1006, #1164 ) ;
#522 = EDGE_LOOP ( 'NONE', ( #1328, #70, #1233, #374 ) ) ;
#523 = DIRECTION ( 'NONE',  ( -1.430513376220121878E-22, 1.809830632667533286E-22, -1.000000000000000000 ) ) ;
#524 = FACE_BOUND ( 'NONE', #1637, .T. ) ;
#525 = ADVANCED_FACE ( 'NONE', ( #1718 ), #446, .F. ) ;
#526 = DIRECTION ( 'NONE',  ( -1.430513376220121878E-22, 1.809830632667533286E-22, -1.000000000000000000 ) ) ;
#527 = LINE ( 'NONE', #1587, #981 ) ;
#528 = ORIENTED_EDGE ( 'NONE', *, *, #143, .T. ) ;
#529 = ORIENTED_EDGE ( 'NONE', *, *, #1285, .T. ) ;
#530 = CARTESIAN_POINT ( 'NONE',  ( -1.382574610353515254E-12, -1.894318035766673347E-12, 5.099999999999993427 ) ) ;
#531 = CARTESIAN_POINT ( 'NONE',  ( -1.209102262755834545E-12, 40.00000000000019895, 5.099999999999993427 ) ) ;
#532 = CYLINDRICAL_SURFACE ( 'NONE', #1290, 1.999999999999941158 ) ;
#533 = VECTOR ( 'NONE', #334, 1000.000000000000114 ) ;
#534 = EDGE_CURVE ( 'NONE', #626, #183, #1796, .T. ) ;
#535 = FACE_OUTER_BOUND ( 'NONE', #467, .T. ) ;
#536 = CARTESIAN_POINT ( 'NONE',  ( 2.844946500601963635E-13, 22.99999999999852207, 12.00000000000049560 ) ) ;
#537 = DIRECTION ( 'NONE',  ( 1.000000000000000000, 0.0000000000000000000, 0.0000000000000000000 ) ) ;
#538 = CARTESIAN_POINT ( 'NONE',  ( 6.749999999999653610, 11.69134295108767496, 2.100000000007068657 ) ) ;
#539 = AXIS2_PLACEMENT_3D ( 'NONE', #823, #1753, #1895 ) ;
#540 = CARTESIAN_POINT ( 'NONE',  ( -1.354819034737886341E-12, 22.99999999999972999, 12.60000000000048637 ) ) ;
#541 = DIRECTION ( 'NONE',  ( 0.6358434359179859774, -0.3093592167691098238, 0.7071067811865566766 ) ) ;
#542 = B_SPLINE_CURVE_WITH_KNOTS ( 'NONE', 3,
 ( #343, #937, #1546, #194 ),
 .UNSPECIFIED., .F., .F.,
 ( 4, 4 ),
 ( 0.0000000000000000000, 0.003757945824601832512 ),
 .UNSPECIFIED. ) ;
#543 = CARTESIAN_POINT ( 'NONE',  ( 3.749999999999653166, 11.69134295108767496, 2.100000000007068657 ) ) ;
#544 = CARTESIAN_POINT ( 'NONE',  ( -5.637851296924623057E-13, 22.99999999999897327, 11.60000000000023590 ) ) ;
#545 = CARTESIAN_POINT ( 'NONE',  ( 5.200000000000027711, -11.69134295109007482, 12.59999999999548947 ) ) ;
#546 = ADVANCED_FACE ( 'NONE', ( #969 ), #1201, .F. ) ;
#547 = VERTEX_POINT ( 'NONE', #1877 ) ;
#548 = DIRECTION ( 'NONE',  ( 1.430513376220121878E-22, -1.809830632667533286E-22, 1.000000000000000000 ) ) ;
#549 = CARTESIAN_POINT ( 'NONE',  ( -13.50000000000034639, -4.857225732735059864E-14, 4.600000000006793321 ) ) ;
#550 = CARTESIAN_POINT ( 'NONE',  ( -10.50000000000043343, -4.890532423473814561E-14, 4.600000000006793321 ) ) ;
#551 = VERTEX_POINT ( 'NONE', #1278 ) ;
#552 = CARTESIAN_POINT ( 'NONE',  ( 11.99999999999931433, -9.645062526431047445E-13, 3.000000000000252243 ) ) ;
#553 = EDGE_CURVE ( 'NONE', #1088, #864, #1081, .T. ) ;
#554 = DIRECTION ( 'NONE',  ( -1.430513723319002695E-22, -1.809830632667532816E-22, 1.000000000000000000 ) ) ;
#555 = ORIENTED_EDGE ( 'NONE', *, *, #1322, .F. ) ;
#556 = DIRECTION ( 'NONE',  ( 1.430513376220121878E-22, -1.809830632667533286E-22, 1.000000000000000000 ) ) ;
#557 = AXIS2_PLACEMENT_3D ( 'NONE', #37, #917, #1376 ) ;
#558 = CARTESIAN_POINT ( 'NONE',  ( 11.99999999999931433, -9.645062526431047445E-13, 3.000000000000252243 ) ) ;
#559 = CARTESIAN_POINT ( 'NONE',  ( 3.750000000000083045, -11.69134295109017252, 2.100000000009150103 ) ) ;
#560 = ORIENTED_EDGE ( 'NONE', *, *, #1017, .T. ) ;
#561 = DIRECTION ( 'NONE',  ( 1.430513376220121878E-22, -1.809830632667533286E-22, 1.000000000000000000 ) ) ;
#562 = FACE_OUTER_BOUND ( 'NONE', #759, .T. ) ;
#563 = AXIS2_PLACEMENT_3D ( 'NONE', #1619, #1881, #1452 ) ;
#564 = ORIENTED_EDGE ( 'NONE', *, *, #264, .T. ) ;
#565 = LINE ( 'NONE', #845, #844 ) ;
#566 = CIRCLE ( 'NONE', #1919, 8.499999999999772626 ) ;
#567 = EDGE_CURVE ( 'NONE', #125, #1544, #527, .T. ) ;
#568 = VERTEX_POINT ( 'NONE', #245 ) ;
#569 = AXIS2_PLACEMENT_3D ( 'NONE', #1498, #1505, #286 ) ;
#570 = CARTESIAN_POINT ( 'NONE',  ( 6.749999999999997335, -11.69134295109017252, 2.100000000009150103 ) ) ;
#571 = ADVANCED_FACE ( 'NONE', ( #1806 ), #739, .F. ) ;
#572 = CIRCLE ( 'NONE', #1674, 1.999999999999941158 ) ;
#573 = CIRCLE ( 'NONE', #730, 1.999999999999941158 ) ;
#574 = PLANE ( 'NONE',  #325 ) ;
#575 = ORIENTED_EDGE ( 'NONE', *, *, #1689, .F. ) ;
#576 = DIRECTION ( 'NONE',  ( -1.000000000000000000, 0.0000000000000000000, 0.0000000000000000000 ) ) ;
#577 = DIRECTION ( 'NONE',  ( 1.430513376220121878E-22, -1.809830632667533286E-22, 1.000000000000000000 ) ) ;
#578 = ORIENTED_EDGE ( 'NONE', *, *, #186, .T. ) ;
#579 = CARTESIAN_POINT ( 'NONE',  ( 8.299999999999654321, 11.69134295108909960, 2.100000000007068657 ) ) ;
#580 = VERTEX_POINT ( 'NONE', #1632 ) ;
#581 = FACE_BOUND ( 'NONE', #248, .T. ) ;
#582 = CARTESIAN_POINT ( 'NONE',  ( 13.99999999999925571, -9.644833678882002550E-13, 3.000000000000252243 ) ) ;
#583 = EDGE_LOOP ( 'NONE', ( #1100, #269, #1789, #1072 ) ) ;
#584 = CARTESIAN_POINT ( 'NONE',  ( 7.999999999999075406, -1.894226496285621893E-12, 4.599999999999992539 ) ) ;
#585 = CARTESIAN_POINT ( 'NONE',  ( -13.50000000000010836, -3.747002708109903324E-13, 2.100000000006790657 ) ) ;
#586 = ORIENTED_EDGE ( 'NONE', *, *, #815, .F. ) ;
#587 = DIRECTION ( 'NONE',  ( 1.430513723319002695E-22, 1.809830632667532816E-22, -1.000000000000000000 ) ) ;
#588 = ORIENTED_EDGE ( 'NONE', *, *, #1322, .T. ) ;
#589 = DIRECTION ( 'NONE',  ( 1.000000000000000000, -1.110223024625066561E-16, 0.0000000000000000000 ) ) ;
#590 = AXIS2_PLACEMENT_3D ( 'NONE', #540, #1142, #1744 ) ;
#591 = DIRECTION ( 'NONE',  ( -1.430513376220121878E-22, 1.809830632667533286E-22, -1.000000000000000000 ) ) ;
#592 = AXIS2_PLACEMENT_3D ( 'NONE', #317, #44, #1350 ) ;
#593 = CARTESIAN_POINT ( 'NONE',  ( -5.950101522600448334E-13, 22.99999999999806732, 5.099999999999993427 ) ) ;
#594 = ORIENTED_EDGE ( 'NONE', *, *, #379, .T. ) ;
#595 = CARTESIAN_POINT ( 'NONE',  ( -9.246076126956381813E-13, -1.047772979489991485E-12, 4.599999999999992539 ) ) ;
#596 = ORIENTED_EDGE ( 'NONE', *, *, #1838, .T. ) ;
#597 = CONICAL_SURFACE ( 'NONE', #323, 7.499999999999785061, 0.7853981633974447263 ) ;
#598 = CARTESIAN_POINT ( 'NONE',  ( 6.749999999999653610, 11.69134295108767496, 2.100000000007068657 ) ) ;
#599 = CONICAL_SURFACE ( 'NONE', #1560, 2.999999999999914291, 0.7853981633974517207 ) ;
#600 = AXIS2_PLACEMENT_3D ( 'NONE', #177, #1697, #1247 ) ;
#601 = CARTESIAN_POINT ( 'NONE',  ( 9.999999999999374722, -9.642842080381797132E-13, 3.000000000000252243 ) ) ;
#602 = EDGE_CURVE ( 'NONE', #507, #52, #10, .T. ) ;
#603 = ORIENTED_EDGE ( 'NONE', *, *, #1467, .T. ) ;
#604 = CARTESIAN_POINT ( 'NONE',  ( -7.193747284971021116, 25.21428571428167231, 4.600000000002352429 ) ) ;
#605 = ORIENTED_EDGE ( 'NONE', *, *, #1736, .T. ) ;
#606 = ORIENTED_EDGE ( 'NONE', *, *, #1506, .F. ) ;
#607 = DIRECTION ( 'NONE',  ( 1.000000000000000000, -1.110223024625188834E-16, 1.430513723319002460E-22 ) ) ;
#608 = CARTESIAN_POINT ( 'NONE',  ( 6.749999999999983125, -11.69134295109007482, 12.59999999999548947 ) ) ;
#609 = CARTESIAN_POINT ( 'NONE',  ( 15.08725136624953578, 8.745376351344447130, 0.4275699537835961905 ) ) ;
#610 = VERTEX_POINT ( 'NONE', #1937 ) ;
#611 = EDGE_CURVE ( 'NONE', #768, #18, #867, .T. ) ;
#612 = DIRECTION ( 'NONE',  ( -1.000000000000000000, 1.110223024625226305E-16, 0.0000000000000000000 ) ) ;
#613 = ORIENTED_EDGE ( 'NONE', *, *, #1086, .T. ) ;
#614 = ORIENTED_EDGE ( 'NONE', *, *, #1285, .F. ) ;
#615 = CARTESIAN_POINT ( 'NONE',  ( -13.73557663641246407, 10.84361261136631427, 0.5000000000045021764 ) ) ;
#616 = DIRECTION ( 'NONE',  ( 1.000000000000000000, -1.110223024625153705E-16, 0.0000000000000000000 ) ) ;
#617 = AXIS2_PLACEMENT_3D ( 'NONE', #1836, #1395, #638 ) ;
#618 = CARTESIAN_POINT ( 'NONE',  ( 8.499999999998820499, -1.048716669151414327E-12, 5.099999999999993427 ) ) ;
#619 = VERTEX_POINT ( 'NONE', #425 ) ;
#620 = VECTOR ( 'NONE', #1031, 1000.000000000000000 ) ;
#621 = CARTESIAN_POINT ( 'NONE',  ( 0.0000000000000000000, 0.0000000000000000000, 0.5000000000000004441 ) ) ;
#622 = VERTEX_POINT ( 'NONE', #1327 ) ;
#623 = ORIENTED_EDGE ( 'NONE', *, *, #1740, .F. ) ;
#624 = EDGE_CURVE ( 'NONE', #1911, #619, #1459, .T. ) ;
#625 = DIRECTION ( 'NONE',  ( 1.430513376220121878E-22, -1.809830632667533286E-22, 1.000000000000000000 ) ) ;
#626 = VERTEX_POINT ( 'NONE', #878 ) ;
#627 = CARTESIAN_POINT ( 'NONE',  ( 15.73632218586974751, 7.656249999999746869, 0.5000000000020821123 ) ) ;
#628 = EDGE_CURVE ( 'NONE', #1219, #902, #136, .T. ) ;
#629 = UNCERTAINTY_MEASURE_WITH_UNIT (LENGTH_MEASURE( 1.000000000000000082E-05 ), #1549, 'distance_accuracy_value', 'NONE');
#630 = AXIS2_PLACEMENT_3D ( 'NONE', #168, #1643, #1651 ) ;
#631 = AXIS2_PLACEMENT_3D ( 'NONE', #227, #1296, #672 ) ;
#632 = FILL_AREA_STYLE ('',( #189 ) ) ;
#633 = ORIENTED_EDGE ( 'NONE', *, *, #300, .T. ) ;
#634 = ORIENTED_EDGE ( 'NONE', *, *, #1457, .T. ) ;
#635 = CIRCLE ( 'NONE', #386, 3.499999999999907629 ) ;
#636 = AXIS2_PLACEMENT_3D ( 'NONE', #1166, #247, #1628 ) ;
#637 = DIRECTION ( 'NONE',  ( 1.000000000000000000, -1.110223024625188834E-16, 1.430513723319002460E-22 ) ) ;
#638 = DIRECTION ( 'NONE',  ( 1.000000000000000000, -1.110223024625188834E-16, 0.0000000000000000000 ) ) ;
#639 = EDGE_CURVE ( 'NONE', #674, #1436, #1523, .T. ) ;
#640 = DIRECTION ( 'NONE',  ( 1.000000000000000000, -1.110223024625188834E-16, 1.430513723319002460E-22 ) ) ;
#641 = LINE ( 'NONE', #767, #1361 ) ;
#642 = EDGE_LOOP ( 'NONE', ( #1311, #502 ) ) ;
#643 = EDGE_LOOP ( 'NONE', ( #819, #1063, #1113, #327 ) ) ;
#644 = VERTEX_POINT ( 'NONE', #1763 ) ;
#645 = DIRECTION ( 'NONE',  ( -0.7848900935092355535, 0.6196350063634749050, 0.0000000000000000000 ) ) ;
#646 = EDGE_LOOP ( 'NONE', ( #440, #658, #1695, #192 ) ) ;
#647 = ORIENTED_EDGE ( 'NONE', *, *, #1730, .F. ) ;
#648 = DIRECTION ( 'NONE',  ( -0.7071067811865321406, 1.651001005833879248E-16, 0.7071067811865630048 ) ) ;
#649 = ORIENTED_EDGE ( 'NONE', *, *, #1667, .F. ) ;
#650 = CARTESIAN_POINT ( 'NONE',  ( -1.382574610353515254E-12, -1.894318035766673347E-12, 5.099999999999993427 ) ) ;
#651 = PRODUCT_CONTEXT ( 'NONE', #1525, 'mechanical' ) ;
#652 = CARTESIAN_POINT ( 'NONE',  ( 9.749999999999474198, -11.69134295108976929, 4.600000000009152323 ) ) ;
#653 = ORIENTED_EDGE ( 'NONE', *, *, #1241, .T. ) ;
#654 = CARTESIAN_POINT ( 'NONE',  ( 2.844946500601963635E-13, 22.99999999999852207, 12.00000000000049560 ) ) ;
#655 = EDGE_CURVE ( 'NONE', #547, #622, #1138, .T. ) ;
#656 = AXIS2_PLACEMENT_3D ( 'NONE', #893, #900, #787 ) ;
#657 = DIRECTION ( 'NONE',  ( -1.430513376220121878E-22, 1.809830632667533286E-22, -1.000000000000000000 ) ) ;
#658 = ORIENTED_EDGE ( 'NONE', *, *, #1017, .F. ) ;
#659 = EDGE_CURVE ( 'NONE', #622, #507, #1018, .T. ) ;
#660 = ORIENTED_EDGE ( 'NONE', *, *, #69, .F. ) ;
#661 = CARTESIAN_POINT ( 'NONE',  ( 0.0000000000000000000, 0.0000000000000000000, 0.2071067811865445751 ) ) ;
#662 = CARTESIAN_POINT ( 'NONE',  ( -15.04999999999996874, -1.802391569327710436E-13, 6.800116025607354169E-12 ) ) ;
#663 = ORIENTED_EDGE ( 'NONE', *, *, #253, .T. ) ;
#664 = VECTOR ( 'NONE', #1185, 1000.000000000000114 ) ;
#665 = CARTESIAN_POINT ( 'NONE',  ( -8.000000000000047962, 10.39230484541190513, 2.081668170886065803E-12 ) ) ;
#666 = AXIS2_PLACEMENT_3D ( 'NONE', #1745, #388, #840 ) ;
#667 = CIRCLE ( 'NONE', #515, 16.99999999999950262 ) ;
#668 = FACE_BOUND ( 'NONE', #169, .T. ) ;
#669 = VERTEX_POINT ( 'NONE', #135 ) ;
#670 = ORIENTED_EDGE ( 'NONE', *, *, #1397, .T. ) ;
#671 = DIRECTION ( 'NONE',  ( -0.6358434359179808704, 0.3093592167691161521, -0.7071067811865585639 ) ) ;
#672 = DIRECTION ( 'NONE',  ( 1.000000000000000000, -2.541300503367055518E-13, 0.0000000000000000000 ) ) ;
#673 = ORIENTED_EDGE ( 'NONE', *, *, #379, .F. ) ;
#674 = VERTEX_POINT ( 'NONE', #1625 ) ;
#675 = DIRECTION ( 'NONE',  ( -1.430513376220121878E-22, 1.809830632667533286E-22, -1.000000000000000000 ) ) ;
#676 = DIRECTION ( 'NONE',  ( 1.430513376220121878E-22, -1.809830632667533286E-22, 1.000000000000000000 ) ) ;
#677 = ADVANCED_FACE ( 'NONE', ( #1614 ), #447, .T. ) ;
#678 = DIRECTION ( 'NONE',  ( -1.430513376220121878E-22, 1.809830632667533286E-22, -1.000000000000000000 ) ) ;
#679 = CARTESIAN_POINT ( 'NONE',  ( -3.999999999999753975, -10.39230484541349497, 3.000000000000002665 ) ) ;
#680 = EDGE_CURVE ( 'NONE', #778, #568, #1930, .T. ) ;
#681 = FACE_OUTER_BOUND ( 'NONE', #1878, .T. ) ;
#682 = ORIENTED_EDGE ( 'NONE', *, *, #980, .T. ) ;
#683 = CARTESIAN_POINT ( 'NONE',  ( 8.499999999999753086, 9.726020834386653811E-17, 1.215936664821116908E-21 ) ) ;
#684 = CARTESIAN_POINT ( 'NONE',  ( 6.750000000000059508, -11.69134295108995047, 1.124100812432970997E-11 ) ) ;
#685 = VECTOR ( 'NONE', #1882, 1000.000000000000000 ) ;
#686 = FACE_OUTER_BOUND ( 'NONE', #1002, .T. ) ;
#687 = AXIS2_PLACEMENT_3D ( 'NONE', #838, #678, #363 ) ;
#688 = ADVANCED_FACE ( 'NONE', ( #1175 ), #1365, .F. ) ;
#689 = CONICAL_SURFACE ( 'NONE', #1858, 8.499999999999753086, 0.7853981633974482790 ) ;
#690 = CARTESIAN_POINT ( 'NONE',  ( 6.749999999999369393, 11.69134295108791655, 5.100000000007071321 ) ) ;
#691 = EDGE_CURVE ( 'NONE', #879, #452, #1232, .T. ) ;
#692 = EDGE_CURVE ( 'NONE', #1019, #1927, #763, .T. ) ;
#693 = DIRECTION ( 'NONE',  ( 1.000000000000000000, 0.0000000000000000000, 0.0000000000000000000 ) ) ;
#694 = CIRCLE ( 'NONE', #949, 2.499999999999927169 ) ;
#695 = AXIS2_PLACEMENT_3D ( 'NONE', #427, #1518, #419 ) ;
#696 = FACE_OUTER_BOUND ( 'NONE', #704, .T. ) ;
#697 = CARTESIAN_POINT ( 'NONE',  ( -15.28671298055989425, 7.437500000000020428, 5.100000000011512213 ) ) ;
#698 = CIRCLE ( 'NONE', #1368, 17.20710678118604875 ) ;
#699 = DIRECTION ( 'NONE',  ( -1.430513376220121878E-22, 1.809830632667533286E-22, -1.000000000000000000 ) ) ;
#700 = VECTOR ( 'NONE', #1114, 1000.000000000000000 ) ;
#701 = DIRECTION ( 'NONE',  ( 1.000000000000000000, -1.110223024625188834E-16, 1.430513723319002460E-22 ) ) ;
#702 = EDGE_CURVE ( 'NONE', #626, #1444, #896, .T. ) ;
#703 = CYLINDRICAL_SURFACE ( 'NONE', #167, 2.499999999999927169 ) ;
#704 = EDGE_LOOP ( 'NONE', ( #756, #220, #1902, #1192 ) ) ;
#705 = CARTESIAN_POINT ( 'NONE',  ( 8.499999999999753086, 9.726020834386653811E-17, -1.215936369787068014E-21 ) ) ;
#706 = CARTESIAN_POINT ( 'NONE',  ( -5.999999999999998224, -10.39230484541327293, 0.0000000000000000000 ) ) ;
#707 = CARTESIAN_POINT ( 'NONE',  ( -10.50000000000019540, -3.750333377183778794E-13, 2.100000000006790657 ) ) ;
#708 = DIRECTION ( 'NONE',  ( 1.000000000000000000, -9.199630304857909176E-13, 0.0000000000000000000 ) ) ;
#709 = DIRECTION ( 'NONE',  ( 0.4375000000000001110, 0.8992184106211348338, -1.001587222473958590E-22 ) ) ;
#710 = DIRECTION ( 'NONE',  ( 1.000000000000000000, 0.0000000000000000000, 0.0000000000000000000 ) ) ;
#711 = DIRECTION ( 'NONE',  ( 1.430513376220121878E-22, -1.809830632667533286E-22, 1.000000000000000000 ) ) ;
#712 = EDGE_CURVE ( 'NONE', #179, #1911, #1167, .T. ) ;
#713 = ORIENTED_EDGE ( 'NONE', *, *, #1062, .F. ) ;
#714 = CARTESIAN_POINT ( 'NONE',  ( 3.749999999999559019, -11.69134295109017252, 4.600000000009152323 ) ) ;
#715 = ORIENTED_EDGE ( 'NONE', *, *, #300, .F. ) ;
#716 = CIRCLE ( 'NONE', #505, 16.99999999999949907 ) ;
#717 = DIRECTION ( 'NONE',  ( -1.430513376220121878E-22, 1.809830632667533286E-22, -1.000000000000000000 ) ) ;
#718 = AXIS2_PLACEMENT_3D ( 'NONE', #1831, #330, #925 ) ;
#719 = DIRECTION ( 'NONE',  ( 1.000000000000000000, 0.0000000000000000000, 0.0000000000000000000 ) ) ;
#720 = ORIENTED_EDGE ( 'NONE', *, *, #50, .F. ) ;
#721 = CYLINDRICAL_SURFACE ( 'NONE', #885, 17.49999999999949551 ) ;
#722 = DIRECTION ( 'NONE',  ( -1.430513376220121878E-22, 1.809830632667533286E-22, -1.000000000000000000 ) ) ;
#723 = EDGE_LOOP ( 'NONE', ( #1800, #130, #758, #219, #1283 ) ) ;
#724 = ADVANCED_FACE ( 'NONE', ( #1036 ), #574, .T. ) ;
#725 = DIRECTION ( 'NONE',  ( -1.430513723319002695E-22, -1.809830632667532816E-22, 1.000000000000000000 ) ) ;
#726 = EDGE_LOOP ( 'NONE', ( #1880, #190 ) ) ;
#727 = AXIS2_PLACEMENT_3D ( 'NONE', #1468, #146, #1355 ) ;
#728 = DIRECTION ( 'NONE',  ( -1.000000000000000000, 1.110223024625560092E-16, 0.0000000000000000000 ) ) ;
#729 = AXIS2_PLACEMENT_3D ( 'NONE', #650, #1089, #616 ) ;
#730 = AXIS2_PLACEMENT_3D ( 'NONE', #1252, #1566, #221 ) ;
#731 = DIRECTION ( 'NONE',  ( -1.000000000000000000, 0.0000000000000000000, -1.430513723319002695E-22 ) ) ;
#732 = ORIENTED_EDGE ( 'NONE', *, *, #712, .T. ) ;
#733 = DIRECTION ( 'NONE',  ( -0.7071067811865272557, 7.850475090854010378E-17, -0.7071067811865678898 ) ) ;
#734 = DIRECTION ( 'NONE',  ( 0.6196350063635027716, -0.7848900935092135711, -1.468696954620736923E-13 ) ) ;
#735 = ORIENTED_EDGE ( 'NONE', *, *, #458, .F. ) ;
#736 = FACE_OUTER_BOUND ( 'NONE', #804, .T. ) ;
#737 = EDGE_CURVE ( 'NONE', #1469, #1353, #1432, .T. ) ;
#738 = FACE_BOUND ( 'NONE', #726, .T. ) ;
#739 = CYLINDRICAL_SURFACE ( 'NONE', #46, 1.999999999999941158 ) ;
#740 = EDGE_CURVE ( 'NONE', #1844, #25, #1411, .T. ) ;
#741 = CARTESIAN_POINT ( 'NONE',  ( 6.749999999999532818, 11.69134295108977284, 4.600000000007097967 ) ) ;
#742 = ADVANCED_FACE ( 'NONE', ( #500 ), #322, .T. ) ;
#743 = VERTEX_POINT ( 'NONE', #196 ) ;
#744 = ORIENTED_EDGE ( 'NONE', *, *, #1724, .T. ) ;
#745 = DIRECTION ( 'NONE',  ( 1.430513376220121878E-22, -1.809830632667533286E-22, 1.000000000000000000 ) ) ;
#746 = EDGE_LOOP ( 'NONE', ( #511, #1379, #807, #1391 ) ) ;
#747 = EDGE_LOOP ( 'NONE', ( #649, #1626, #779, #1001 ) ) ;
#748 = DIRECTION ( 'NONE',  ( -1.430513376220121878E-22, 1.809830632667533286E-22, -1.000000000000000000 ) ) ;
#749 = VECTOR ( 'NONE', #441, 999.9999999999998863 ) ;
#750 = EDGE_CURVE ( 'NONE', #743, #234, #1076, .T. ) ;
#751 = CARTESIAN_POINT ( 'NONE',  ( 6.750000000000254019, 11.69134295108837485, 7.077671781985372945E-12 ) ) ;
#752 = AXIS2_PLACEMENT_3D ( 'NONE', #173, #15, #181 ) ;
#753 = ADVANCED_FACE ( 'NONE', ( #20 ), #1815, .F. ) ;
#754 = CARTESIAN_POINT ( 'NONE',  ( 2.350000000000216360, 22.99999999999852207, 12.00000000000049560 ) ) ;
#755 = VERTEX_POINT ( 'NONE', #1562 ) ;
#756 = ORIENTED_EDGE ( 'NONE', *, *, #919, .F. ) ;
#757 = DIRECTION ( 'NONE',  ( -1.430513376220121878E-22, 1.809830632667533286E-22, -1.000000000000000000 ) ) ;
#758 = ORIENTED_EDGE ( 'NONE', *, *, #283, .F. ) ;
#759 = EDGE_LOOP ( 'NONE', ( #41, #81, #1343, #1933 ) ) ;
#760 = ORIENTED_EDGE ( 'NONE', *, *, #692, .T. ) ;
#761 = CIRCLE ( 'NONE', #1865, 7.999999999999769074 ) ;
#762 = LINE ( 'NONE', #1664, #1478 ) ;
#763 = CIRCLE ( 'NONE', #1764, 1.549999999999955858 ) ;
#764 = DIRECTION ( 'NONE',  ( -1.430513376220121878E-22, 1.809830632667533286E-22, -1.000000000000000000 ) ) ;
#765 = AXIS2_PLACEMENT_3D ( 'NONE', #79, #1441, #252 ) ;
#766 = VECTOR ( 'NONE', #1888, 1000.000000000000000 ) ;
#767 = CARTESIAN_POINT ( 'NONE',  ( 3.749999999999646061, -11.69134295108976929, 4.600000000009152323 ) ) ;
#768 = VERTEX_POINT ( 'NONE', #1056 ) ;
#769 = ADVANCED_FACE ( 'NONE', ( #49 ), #599, .F. ) ;
#770 = CARTESIAN_POINT ( 'NONE',  ( -8.000000000000925482, -1.893429856885466621E-12, 4.599999999999992539 ) ) ;
#771 = ORIENTED_EDGE ( 'NONE', *, *, #313, .F. ) ;
#772 = CARTESIAN_POINT ( 'NONE',  ( -15.17613032470077172, 8.807643908663706611, 0.5000000000055622174 ) ) ;
#773 = CARTESIAN_POINT ( 'NONE',  ( 8.000000000000000000, -1.894226496285931278E-12, 0.5000000000000004441 ) ) ;
#774 = CARTESIAN_POINT ( 'NONE',  ( -4.000000000000194511, 10.39230484541138466, 3.000000000002084555 ) ) ;
#775 = CARTESIAN_POINT ( 'NONE',  ( 14.06068875811418906, 11.10027383471973828, 0.5000000000020821123 ) ) ;
#776 = EDGE_CURVE ( 'NONE', #1911, #112, #1046, .T. ) ;
#777 = FACE_OUTER_BOUND ( 'NONE', #461, .T. ) ;
#778 = VERTEX_POINT ( 'NONE', #165 ) ;
#779 = ORIENTED_EDGE ( 'NONE', *, *, #750, .F. ) ;
#780 = CARTESIAN_POINT ( 'NONE',  ( -14.06068875811369168, 11.10027383472124640, 0.5000000000070781159 ) ) ;
#781 = VERTEX_POINT ( 'NONE', #793 ) ;
#782 = CARTESIAN_POINT ( 'NONE',  ( 17.49999999999810640, -1.894117794161259569E-12, 5.099999999999993427 ) ) ;
#783 = FACE_OUTER_BOUND ( 'NONE', #643, .T. ) ;
#784 = EDGE_LOOP ( 'NONE', ( #938, #1565, #1916, #647 ) ) ;
#785 = ORIENTED_EDGE ( 'NONE', *, *, #847, .F. ) ;
#786 = AXIS2_PLACEMENT_3D ( 'NONE', #1465, #1334, #116 ) ;
#787 = DIRECTION ( 'NONE',  ( 1.000000000000000000, -1.110223024625066561E-16, 0.0000000000000000000 ) ) ;
#788 = EDGE_CURVE ( 'NONE', #462, #1504, #1766, .T. ) ;
#789 = DIRECTION ( 'NONE',  ( -0.8571673007020991220, 9.516478053269781789E-17, -0.5150380749100763600 ) ) ;
#790 = AXIS2_PLACEMENT_3D ( 'NONE', #552, #989, #1131 ) ;
#791 = ORIENTED_EDGE ( 'NONE', *, *, #1748, .T. ) ;
#792 = AXIS2_PLACEMENT_3D ( 'NONE', #1850, #1092, #942 ) ;
#793 = CARTESIAN_POINT ( 'NONE',  ( 10.24999999999939426, 11.69134295108977284, 5.100000000007071321 ) ) ;
#794 = CIRCLE ( 'NONE', #1487, 1.549999999999954081 ) ;
#795 = AXIS2_PLACEMENT_3D ( 'NONE', #598, #1067, #1666 ) ;
#796 = ORIENTED_EDGE ( 'NONE', *, *, #1039, .F. ) ;
#797 = EDGE_LOOP ( 'NONE', ( #185, #1382, #682, #1271 ) ) ;
#798 = VERTEX_POINT ( 'NONE', #773 ) ;
#799 = AXIS2_PLACEMENT_3D ( 'NONE', #1758, #1453, #407 ) ;
#800 = DIRECTION ( 'NONE',  ( 1.430513376220121878E-22, -1.809830632667533286E-22, 1.000000000000000000 ) ) ;
#801 = EDGE_LOOP ( 'NONE', ( #4, #1616, #1491, #454, #1731, #1374, #1362, #33 ) ) ;
#802 = DIRECTION ( 'NONE',  ( 0.7071067811865272557, 8.091110663711843278E-18, -0.7071067811865678898 ) ) ;
#803 = CARTESIAN_POINT ( 'NONE',  ( 16.99999999999949907, -1.887379141862765330E-15, 2.431873329642232688E-21 ) ) ;
#804 = EDGE_LOOP ( 'NONE', ( #291, #137 ) ) ;
#805 = VERTEX_POINT ( 'NONE', #1658 ) ;
#806 = DIRECTION ( 'NONE',  ( -1.430513376220121878E-22, 1.809830632667533286E-22, -1.000000000000000000 ) ) ;
#807 = ORIENTED_EDGE ( 'NONE', *, *, #1906, .T. ) ;
#808 = CARTESIAN_POINT ( 'NONE',  ( 5.200000000000169820, 11.69134295108909960, 12.59999999999340758 ) ) ;
#809 = PLANE ( 'NONE',  #1606 ) ;
#810 = ORIENTED_EDGE ( 'NONE', *, *, #824, .T. ) ;
#811 = CARTESIAN_POINT ( 'NONE',  ( 9.749999999999568345, 11.69134295108767496, 2.100000000007068657 ) ) ;
#812 =( NAMED_UNIT ( * ) SI_UNIT ( $, .STERADIAN. ) SOLID_ANGLE_UNIT ( ) );
#813 = CYLINDRICAL_SURFACE ( 'NONE', #1670, 2.999999999999914291 ) ;
#814 = ORIENTED_EDGE ( 'NONE', *, *, #215, .F. ) ;
#815 = EDGE_CURVE ( 'NONE', #1088, #768, #312, .T. ) ;
#816 = VECTOR ( 'NONE', #1568, 1000.000000000000000 ) ;
#817 = CARTESIAN_POINT ( 'NONE',  ( 17.49999999999949196, -1.942890293094023946E-15, 0.5000000000000004441 ) ) ;
#818 = CARTESIAN_POINT ( 'NONE',  ( -15.73632218587099629, 7.656249999999094058, 5.100000000007071321 ) ) ;
#819 = ORIENTED_EDGE ( 'NONE', *, *, #1231, .F. ) ;
#820 = VERTEX_POINT ( 'NONE', #1677 ) ;
#821 = CARTESIAN_POINT ( 'NONE',  ( -5.637851296924623057E-13, 22.99999999999897327, 11.60000000000023590 ) ) ;
#822 = VECTOR ( 'NONE', #1797, 1000.000000000000000 ) ;
#823 = CARTESIAN_POINT ( 'NONE',  ( -6.000000000000135003, 10.39230484541138466, 3.000000000002084555 ) ) ;
#824 = EDGE_CURVE ( 'NONE', #901, #1325, #954, .T. ) ;
#825 = AXIS2_PLACEMENT_3D ( 'NONE', #100, #997, #1871 ) ;
#826 = DIRECTION ( 'NONE',  ( 1.430513376220121878E-22, -1.809830632667533286E-22, 1.000000000000000000 ) ) ;
#827 = AXIS2_PLACEMENT_3D ( 'NONE', #57, #1860, #1215 ) ;
#828 = AXIS2_PLACEMENT_3D ( 'NONE', #188, #1068, #28 ) ;
#829 = FACE_OUTER_BOUND ( 'NONE', #1375, .T. ) ;
#830 = DIRECTION ( 'NONE',  ( 1.000000000000000000, -5.303297483700682498E-13, 0.0000000000000000000 ) ) ;
#831 = DIRECTION ( 'NONE',  ( -1.430513376220121878E-22, 1.809830632667533286E-22, -1.000000000000000000 ) ) ;
#832 = ORIENTED_EDGE ( 'NONE', *, *, #1792, .T. ) ;
#833 = EDGE_CURVE ( 'NONE', #619, #179, #635, .T. ) ;
#834 = CARTESIAN_POINT ( 'NONE',  ( -1.354819034737886341E-12, 22.99999999999972999, 12.60000000000048637 ) ) ;
#835 = CARTESIAN_POINT ( 'NONE',  ( 10.00000000000003375, -1.940669847044773633E-13, -2.861027446637920754E-22 ) ) ;
#836 = ORIENTED_EDGE ( 'NONE', *, *, #1665, .F. ) ;
#837 = EDGE_CURVE ( 'NONE', #1803, #551, #76, .T. ) ;
#838 = CARTESIAN_POINT ( 'NONE',  ( -5.999999999999694467, -10.39230484541349497, 3.000000000000002665 ) ) ;
#839 = ADVANCED_FACE ( 'NONE', ( #906 ), #1696, .F. ) ;
#840 = DIRECTION ( 'NONE',  ( -1.000000000000000000, 0.0000000000000000000, -1.430515276102628544E-22 ) ) ;
#841 = CARTESIAN_POINT ( 'NONE',  ( -17.49999999999949196, 4.086022191601891405E-15, 0.5000000000000004441 ) ) ;
#842 = DIRECTION ( 'NONE',  ( -1.000000000000000000, 1.110223024625153336E-16, 0.0000000000000000000 ) ) ;
#843 = LINE ( 'NONE', #1028, #1462 ) ;
#844 = VECTOR ( 'NONE', #1341, 1000.000000000000000 ) ;
#845 = CARTESIAN_POINT ( 'NONE',  ( 13.99999999999991473, -1.942661445544979556E-13, 2.861027446637921224E-22 ) ) ;
#846 = VECTOR ( 'NONE', #1242, 999.9999999999998863 ) ;
#847 = EDGE_CURVE ( 'NONE', #820, #580, #1868, .T. ) ;
#848 = FACE_BOUND ( 'NONE', #924, .T. ) ;
#849 = DIRECTION ( 'NONE',  ( -1.000000000000000000, 0.0000000000000000000, 0.0000000000000000000 ) ) ;
#850 = VECTOR ( 'NONE', #390, 1000.000000000000114 ) ;
#851 = AXIS2_PLACEMENT_3D ( 'NONE', #1258, #1817, #1678 ) ;
#852 = CARTESIAN_POINT ( 'NONE',  ( 0.0000000000000000000, 0.0000000000000000000, 0.5000000000000004441 ) ) ;
#853 = FACE_OUTER_BOUND ( 'NONE', #522, .T. ) ;
#854 = CONICAL_SURFACE ( 'NONE', #825, 2.999999999999914291, 0.7853981633974512766 ) ;
#855 = AXIS2_PLACEMENT_3D ( 'NONE', #821, #1603, #378 ) ;
#856 = CARTESIAN_POINT ( 'NONE',  ( 2.500000000000284661, 22.99999999999972999, 12.00000000000049560 ) ) ;
#857 = EDGE_CURVE ( 'NONE', #551, #1366, #187, .T. ) ;
#858 = DIRECTION ( 'NONE',  ( 1.000000000000000000, 0.0000000000000000000, 0.0000000000000000000 ) ) ;
#859 = DIRECTION ( 'NONE',  ( 1.000000000000000000, -1.110223024625146680E-16, 0.0000000000000000000 ) ) ;
#860 = ORIENTED_EDGE ( 'NONE', *, *, #934, .T. ) ;
#861 = EDGE_CURVE ( 'NONE', #2, #936, #352, .T. ) ;
#862 = CARTESIAN_POINT ( 'NONE',  ( -15.73632218587054510, 7.656249999998292921, 4.600000000007070433 ) ) ;
#863 = CARTESIAN_POINT ( 'NONE',  ( -4.000000000000166978, 10.39230484541190513, 2.081668171458271223E-12 ) ) ;
#864 = VERTEX_POINT ( 'NONE', #1839 ) ;
#865 = FACE_BOUND ( 'NONE', #1460, .T. ) ;
#866 = DIRECTION ( 'NONE',  ( -1.430513376220121878E-22, 1.809830632667533286E-22, -1.000000000000000000 ) ) ;
#867 = LINE ( 'NONE', #1475, #1108 ) ;
#868 = ORIENTED_EDGE ( 'NONE', *, *, #692, .F. ) ;
#869 = DIRECTION ( 'NONE',  ( -1.000000000000000000, 1.110223024625080366E-16, 0.0000000000000000000 ) ) ;
#870 = CARTESIAN_POINT ( 'NONE',  ( 14.06068875811349628, 11.10027383471906504, -0.4999999999955595520 ) ) ;
#871 = ORIENTED_EDGE ( 'NONE', *, *, #1135, .F. ) ;
#872 = CARTESIAN_POINT ( 'NONE',  ( 2.499999999999404920, 22.99999999999972999, 5.099999999999993427 ) ) ;
#873 = VECTOR ( 'NONE', #1805, 1000.000000000000000 ) ;
#874 = VECTOR ( 'NONE', #657, 1000.000000000000000 ) ;
#875 = DIRECTION ( 'NONE',  ( 1.430513376220121878E-22, -1.809830632667533286E-22, 1.000000000000000000 ) ) ;
#876 = ADVANCED_FACE ( 'NONE', ( #493, #1107 ), #1286, .T. ) ;
#877 = AXIS2_PLACEMENT_3D ( 'NONE', #384, #1405, #1555 ) ;
#878 = CARTESIAN_POINT ( 'NONE',  ( 3.749999999999996003, -11.69134295109017252, 2.100000000009150103 ) ) ;
#879 = VERTEX_POINT ( 'NONE', #811 ) ;
#880 = CARTESIAN_POINT ( 'NONE',  ( -8.499999999999753086, 9.436895709313830594E-16, -1.215936664821116720E-21 ) ) ;
#881 = EDGE_CURVE ( 'NONE', #346, #781, #109, .T. ) ;
#882 = FACE_BOUND ( 'NONE', #1073, .T. ) ;
#883 = VERTEX_POINT ( 'NONE', #244 ) ;
#884 = FACE_OUTER_BOUND ( 'NONE', #302, .T. ) ;
#885 = AXIS2_PLACEMENT_3D ( 'NONE', #1208, #1049, #869 ) ;
#886 = DIRECTION ( 'NONE',  ( -1.000000000000000000, 1.110223024625190314E-16, -1.430513723319002460E-22 ) ) ;
#887 = VECTOR ( 'NONE', #1387, 1000.000000000000000 ) ;
#888 = VECTOR ( 'NONE', #429, 1000.000000000000000 ) ;
#889 = EDGE_CURVE ( 'NONE', #644, #1544, #67, .T. ) ;
#890 = CARTESIAN_POINT ( 'NONE',  ( 6.749999999999969802, -11.69134295109006771, 5.100000000009153212 ) ) ;
#891 = LINE ( 'NONE', #1932, #134 ) ;
#892 = ORIENTED_EDGE ( 'NONE', *, *, #426, .T. ) ;
#893 = CARTESIAN_POINT ( 'NONE',  ( -9.246076126956381813E-13, -1.047772979489991485E-12, 4.599999999999992539 ) ) ;
#894 = DIRECTION ( 'NONE',  ( -1.430513723319002695E-22, -1.809830632667532816E-22, 1.000000000000000000 ) ) ;
#895 = EDGE_CURVE ( 'NONE', #1272, #299, #216, .T. ) ;
#896 = LINE ( 'NONE', #559, #1297 ) ;
#897 = CARTESIAN_POINT ( 'NONE',  ( -1.382574610353515254E-12, -1.894318035766673347E-12, 5.099999999999993427 ) ) ;
#898 = ORIENTED_EDGE ( 'NONE', *, *, #1127, .F. ) ;
#899 = VERTEX_POINT ( 'NONE', #508 ) ;
#900 = DIRECTION ( 'NONE',  ( 1.430513376220121878E-22, -1.809830632667533286E-22, 1.000000000000000000 ) ) ;
#901 = VERTEX_POINT ( 'NONE', #1267 ) ;
#902 = VERTEX_POINT ( 'NONE', #1709 ) ;
#903 = CARTESIAN_POINT ( 'NONE',  ( -15.38621183487571642, 8.171523863931772880, 0.4106066421101820518 ) ) ;
#904 = ADVANCED_FACE ( 'NONE', ( #535 ), #1596, .F. ) ;
#905 = CIRCLE ( 'NONE', #401, 2.999999999999914291 ) ;
#906 = FACE_OUTER_BOUND ( 'NONE', #1629, .T. ) ;
#907 = AXIS2_PLACEMENT_3D ( 'NONE', #595, #1660, #1084 ) ;
#908 = CARTESIAN_POINT ( 'NONE',  ( 3.249999999999671374, 11.69134295108977284, 5.100000000007071321 ) ) ;
#909 = ORIENTED_EDGE ( 'NONE', *, *, #1792, .F. ) ;
#910 = EDGE_CURVE ( 'NONE', #610, #1229, #1892, .T. ) ;
#911 = CARTESIAN_POINT ( 'NONE',  ( 9.749999999999445777, 11.69134295108977284, 4.600000000007097967 ) ) ;
#912 = EDGE_LOOP ( 'NONE', ( #488, #836 ) ) ;
#913 = VERTEX_POINT ( 'NONE', #962 ) ;
#914 = AXIS2_PLACEMENT_3D ( 'NONE', #834, #1747, #1445 ) ;
#915 = ORIENTED_EDGE ( 'NONE', *, *, #567, .T. ) ;
#916 = CONICAL_SURFACE ( 'NONE', #1074, 16.99999999999950973, 0.7853981633974447263 ) ;
#917 = DIRECTION ( 'NONE',  ( -1.430513376220121878E-22, 1.809830632667533286E-22, -1.000000000000000000 ) ) ;
#918 = AXIS2_PLACEMENT_3D ( 'NONE', #268, #1795, #1485 ) ;
#919 = EDGE_CURVE ( 'NONE', #234, #1058, #1735, .T. ) ;
#920 = DIRECTION ( 'NONE',  ( -1.430513376220121878E-22, 1.809830632667533286E-22, -1.000000000000000000 ) ) ;
#921 = AXIS2_PLACEMENT_3D ( 'NONE', #1400, #764, #640 ) ;
#922 = VECTOR ( 'NONE', #1140, 1000.000000000000000 ) ;
#923 = DIRECTION ( 'NONE',  ( 1.430513376220121878E-22, -1.809830632667533286E-22, 1.000000000000000000 ) ) ;
#924 = EDGE_LOOP ( 'NONE', ( #1265, #1784 ) ) ;
#925 = DIRECTION ( 'NONE',  ( 1.000000000000000000, -1.110223024625189327E-16, 0.0000000000000000000 ) ) ;
#926 = EDGE_LOOP ( 'NONE', ( #1914, #1652, #1148, #160 ) ) ;
#927 = EDGE_LOOP ( 'NONE', ( #359, #791, #1168, #1199 ) ) ;
#928 = FACE_OUTER_BOUND ( 'NONE', #1154, .T. ) ;
#929 = ORIENTED_EDGE ( 'NONE', *, *, #482, .F. ) ;
#930 = DIRECTION ( 'NONE',  ( -1.000000000000000000, 1.110223024625190314E-16, -1.430513723319002930E-22 ) ) ;
#931 = APPLICATION_PROTOCOL_DEFINITION ( 'draft international standard', 'automotive_design', 1998, #1525 ) ;
#932 = CARTESIAN_POINT ( 'NONE',  ( 15.73632218586837972, 7.656250000000413003, 0.5000000000000052180 ) ) ;
#933 = EDGE_LOOP ( 'NONE', ( #796, #442, #1922, #324 ) ) ;
#934 = EDGE_CURVE ( 'NONE', #899, #1844, #1235, .T. ) ;
#935 = LINE ( 'NONE', #23, #972 ) ;
#936 = VERTEX_POINT ( 'NONE', #1725 ) ;
#937 = CARTESIAN_POINT ( 'NONE',  ( 14.28248138424699221, 9.678163064342495403, 0.2071067811904675482 ) ) ;
#938 = ORIENTED_EDGE ( 'NONE', *, *, #253, .F. ) ;
#939 = CARTESIAN_POINT ( 'NONE',  ( -1.354819034737886341E-12, 22.99999999999972999, 12.60000000000048637 ) ) ;
#940 = CIRCLE ( 'NONE', #254, 1.549999999999955858 ) ;
#941 = EDGE_LOOP ( 'NONE', ( #1050, #450 ) ) ;
#942 = DIRECTION ( 'NONE',  ( 1.000000000000000000, 0.0000000000000000000, 0.0000000000000000000 ) ) ;
#943 = ORIENTED_EDGE ( 'NONE', *, *, #973, .F. ) ;
#944 = AXIS2_PLACEMENT_3D ( 'NONE', #621, #1200, #1801 ) ;
#945 = EDGE_CURVE ( 'NONE', #644, #1833, #1421, .T. ) ;
#946 = DIRECTION ( 'NONE',  ( 0.6196350063634753491, 0.7848900935092351094, -5.341255458153153917E-23 ) ) ;
#947 = FACE_OUTER_BOUND ( 'NONE', #583, .T. ) ;
#948 = CYLINDRICAL_SURFACE ( 'NONE', #557, 17.49999999999949551 ) ;
#949 = AXIS2_PLACEMENT_3D ( 'NONE', #1691, #1010, #1903 ) ;
#950 = ORIENTED_EDGE ( 'NONE', *, *, #1589, .F. ) ;
#951 = CIRCLE ( 'NONE', #1702, 1.999999999999941158 ) ;
#952 = DIRECTION ( 'NONE',  ( 0.4375000000000001110, 0.8992184106211348338, -1.001587222473958590E-22 ) ) ;
#953 = AXIS2_PLACEMENT_3D ( 'NONE', #890, #1025, #1783 ) ;
#954 = CIRCLE ( 'NONE', #921, 16.99999999999949907 ) ;
#955 = CARTESIAN_POINT ( 'NONE',  ( 13.89122747531154545, 10.17376340220710951, 0.2071067825227856651 ) ) ;
#956 = AXIS2_PLACEMENT_3D ( 'NONE', #1926, #577, #1179 ) ;
#957 = ORIENTED_EDGE ( 'NONE', *, *, #1172, .F. ) ;
#958 = ORIENTED_EDGE ( 'NONE', *, *, #478, .T. ) ;
#959 = DIRECTION ( 'NONE',  ( 1.000000000000000000, 0.0000000000000000000, 0.0000000000000000000 ) ) ;
#960 = ORIENTED_EDGE ( 'NONE', *, *, #945, .T. ) ;
#961 = CARTESIAN_POINT ( 'NONE',  ( 7.999999999998385292, -1.894226496747055389E-12, 5.099999999999993427 ) ) ;
#962 = CARTESIAN_POINT ( 'NONE',  ( -16.50000000000034817, -3.739998100901227950E-13, 4.600000000006793321 ) ) ;
#963 = EDGE_CURVE ( 'NONE', #201, #798, #360, .T. ) ;
#964 = LINE ( 'NONE', #808, #99 ) ;
#965 = CARTESIAN_POINT ( 'NONE',  ( 3.749999999999531930, 11.69134295108767496, 4.600000000007097967 ) ) ;
#966 = ORIENTED_EDGE ( 'NONE', *, *, #973, .T. ) ;
#967 = EDGE_CURVE ( 'NONE', #864, #495, #698, .T. ) ;
#968 = LINE ( 'NONE', #975, #1080 ) ;
#969 = FACE_OUTER_BOUND ( 'NONE', #1349, .T. ) ;
#970 = ORIENTED_EDGE ( 'NONE', *, *, #712, .F. ) ;
#971 = DIRECTION ( 'NONE',  ( 1.430513376220121878E-22, -1.809830632667533286E-22, 1.000000000000000000 ) ) ;
#972 = VECTOR ( 'NONE', #301, 1000.000000000000000 ) ;
#973 = EDGE_CURVE ( 'NONE', #1219, #913, #968, .T. ) ;
#974 = PLANE ( 'NONE',  #347 ) ;
#975 = CARTESIAN_POINT ( 'NONE',  ( -16.50000000000002132, -3.739998098638586052E-13, 2.100000000006790657 ) ) ;
#976 = CIRCLE ( 'NONE', #197, 2.499999999999927169 ) ;
#977 = CARTESIAN_POINT ( 'NONE',  ( 5.199999999999996625, -11.69134295109007482, 2.100000000009150103 ) ) ;
#978 = ORIENTED_EDGE ( 'NONE', *, *, #1303, .F. ) ;
#979 = VERTEX_POINT ( 'NONE', #1585 ) ;
#980 = EDGE_CURVE ( 'NONE', #125, #1833, #226, .T. ) ;
#981 = VECTOR ( 'NONE', #1597, 1000.000000000000114 ) ;
#982 = DIRECTION ( 'NONE',  ( -1.000000000000000000, 0.0000000000000000000, 0.0000000000000000000 ) ) ;
#983 = CARTESIAN_POINT ( 'NONE',  ( 0.0000000000000000000, 0.0000000000000000000, 0.0000000000000000000 ) ) ;
#984 = VECTOR ( 'NONE', #952, 1000.000000000000114 ) ;
#985 = CIRCLE ( 'NONE', #1302, 2.999999999999914291 ) ;
#986 = CARTESIAN_POINT ( 'NONE',  ( -6.000000000000159872, 10.39230484541290700, 4.201721238057204211 ) ) ;
#987 = CARTESIAN_POINT ( 'NONE',  ( -1.382574610353515254E-12, -1.894318035766673347E-12, 5.099999999999993427 ) ) ;
#988 = DIRECTION ( 'NONE',  ( -1.430513376220121878E-22, 1.809830632667533286E-22, -1.000000000000000000 ) ) ;
#989 = DIRECTION ( 'NONE',  ( -1.430513376220121878E-22, 1.809830632667533286E-22, -1.000000000000000000 ) ) ;
#990 = EDGE_CURVE ( 'NONE', #452, #879, #1527, .T. ) ;
#991 = DIRECTION ( 'NONE',  ( -1.430513376220121878E-22, 1.809830632667533286E-22, -1.000000000000000000 ) ) ;
#992 = EDGE_LOOP ( 'NONE', ( #1091, #66, #1211, #732, #1054, #430, #211, #1825, #960, #1552, #1240, #77 ) ) ;
#993 = VERTEX_POINT ( 'NONE', #679 ) ;
#994 = LINE ( 'NONE', #1602, #1693 ) ;
#995 = CARTESIAN_POINT ( 'NONE',  ( 0.0000000000000000000, 0.0000000000000000000, 0.5000000000000004441 ) ) ;
#996 = EDGE_CURVE ( 'NONE', #1927, #1019, #1433, .T. ) ;
#997 = DIRECTION ( 'NONE',  ( 1.430513376220121878E-22, -1.809830632667533286E-22, 1.000000000000000000 ) ) ;
#998 = AXIS2_PLACEMENT_3D ( 'NONE', #152, #294, #1466 ) ;
#999 = DIRECTION ( 'NONE',  ( -1.430513376220121878E-22, 1.809830632667533286E-22, -1.000000000000000000 ) ) ;
#1000 = DIRECTION ( 'NONE',  ( 1.000000000000000000, -1.110223024625188834E-16, 1.430513723319002460E-22 ) ) ;
#1001 = ORIENTED_EDGE ( 'NONE', *, *, #143, .F. ) ;
#1002 = EDGE_LOOP ( 'NONE', ( #103, #860 ) ) ;
#1003 = DIRECTION ( 'NONE',  ( 1.430513376220121878E-22, -1.809830632667533286E-22, 1.000000000000000000 ) ) ;
#1004 = DIRECTION ( 'NONE',  ( -1.430513376220121878E-22, 1.809830632667533286E-22, -1.000000000000000000 ) ) ;
#1005 = ADVANCED_FACE ( 'NONE', ( #395, #848 ), #1456, .F. ) ;
#1006 = CARTESIAN_POINT ( 'NONE',  ( 9.999999999999374722, -9.642842080381797132E-13, 3.000000000000252243 ) ) ;
#1007 = EDGE_LOOP ( 'NONE', ( #1041, #529, #422, #1688 ) ) ;
#1008 = EDGE_CURVE ( 'NONE', #568, #331, #572, .T. ) ;
#1009 = AXIS2_PLACEMENT_3D ( 'NONE', #58, #923, #1378 ) ;
#1010 = DIRECTION ( 'NONE',  ( 1.430513376220121878E-22, -1.809830632667533286E-22, 1.000000000000000000 ) ) ;
#1011 = DIRECTION ( 'NONE',  ( 1.000000000000000000, -1.110223024625153705E-16, 0.0000000000000000000 ) ) ;
#1012 = CARTESIAN_POINT ( 'NONE',  ( 11.99999999999931433, -9.645062526431047445E-13, 3.000000000000252243 ) ) ;
#1013 = AXIS2_PLACEMENT_3D ( 'NONE', #706, #1599, #120 ) ;
#1014 =( BOUNDED_SURFACE ( )  B_SPLINE_SURFACE ( 3, 2, ( 
 ( #780, #615, #175 ),
 ( #1055, #1095, #1370 ),
 ( #48, #1354, #1244 ),
 ( #772, #1684, #1559 ),
 ( #1656, #184, #903 ),
 ( #1064, #1515, #1814 ) ),
 .UNSPECIFIED., .F., .F., .T. ) 
 B_SPLINE_SURFACE_WITH_KNOTS ( ( 4, 2, 4 ),
 ( 3, 3 ),
 ( 0.007065390218999056254, 0.009054516602956480184, 0.01104364298691390411 ),
 ( 0.0000000000000000000, 1.000000000000000000 ),
 .UNSPECIFIED. ) 
 GEOMETRIC_REPRESENTATION_ITEM ( )  RATIONAL_B_SPLINE_SURFACE ( (
 ( 1.000000000000000000, 0.9238795325123460023, 1.000000000000000000),
 ( 1.000000000000000000, 0.9497503973340098993, 1.000000000000000000),
 ( 1.000000000000000000, 0.9687055373162591909, 1.000000000000000000),
 ( 1.000000000000000000, 0.9938349165651312322, 1.000000000000000000),
 ( 1.000000000000000000, 0.9999781049114581100, 1.000000000000000000),
 ( 1.000000000000000000, 1.000000000000000000, 1.000000000000000000) ) ) 
 REPRESENTATION_ITEM ( '' )  SURFACE ( )  );
#1015 = FACE_OUTER_BOUND ( 'NONE', #1280, .T. ) ;
#1016 = ADVANCED_FACE ( 'NONE', ( #285 ), #1918, .F. ) ;
#1017 = EDGE_CURVE ( 'NONE', #1353, #1469, #1333, .T. ) ;
#1018 = LINE ( 'NONE', #304, #357 ) ;
#1019 = VERTEX_POINT ( 'NONE', #1034 ) ;
#1020 = DIRECTION ( 'NONE',  ( 1.430513376220121878E-22, -1.809830632667533286E-22, 1.000000000000000000 ) ) ;
#1021 = DIRECTION ( 'NONE',  ( 1.000000000000000000, 9.410874857174452380E-14, 0.0000000000000000000 ) ) ;
#1022 = EDGE_LOOP ( 'NONE', ( #1104, #1342, #443 ) ) ;
#1023 = CARTESIAN_POINT ( 'NONE',  ( 6.749999999999997335, -11.69134295109017252, 2.100000000009150103 ) ) ;
#1024 = FACE_BOUND ( 'NONE', #941, .T. ) ;
#1025 = DIRECTION ( 'NONE',  ( -1.430513376220121878E-22, 1.809830632667533286E-22, -1.000000000000000000 ) ) ;
#1026 = ORIENTED_EDGE ( 'NONE', *, *, #1172, .T. ) ;
#1027 = FACE_OUTER_BOUND ( 'NONE', #1399, .T. ) ;
#1028 = CARTESIAN_POINT ( 'NONE',  ( -2.500000000001282086, 22.99999999999972999, 12.60000000000048637 ) ) ;
#1029 = ADVANCED_FACE ( 'NONE', ( #133 ), #1160, .T. ) ;
#1030 = EDGE_LOOP ( 'NONE', ( #606, #1305, #225, #660 ) ) ;
#1031 = DIRECTION ( 'NONE',  ( 1.430513376220121878E-22, -1.809830632667533286E-22, 1.000000000000000000 ) ) ;
#1032 = CONICAL_SURFACE ( 'NONE', #1348, 2.999999999999914291, 0.7853981633974496113 ) ;
#1033 = VECTOR ( 'NONE', #63, 1000.000000000000000 ) ;
#1034 = CARTESIAN_POINT ( 'NONE',  ( 8.300000000000254730, 11.69134295108909960, 7.077671781763643305E-12 ) ) ;
#1035 = CONICAL_SURFACE ( 'NONE', #656, 7.999999999999767297, 0.7853981633974552734 ) ;
#1036 = FACE_OUTER_BOUND ( 'NONE', #797, .T. ) ;
#1037 = CARTESIAN_POINT ( 'NONE',  ( -17.00000000000002842, -7.632783294297951215E-14, 5.100000000002352429 ) ) ;
#1038 = CIRCLE ( 'NONE', #1733, 1.999999999999941158 ) ;
#1039 = EDGE_CURVE ( 'NONE', #112, #883, #1819, .T. ) ;
#1040 = CONICAL_SURFACE ( 'NONE', #166, 17.49999999999949196, 0.7853981633974552734 ) ;
#1041 = ORIENTED_EDGE ( 'NONE', *, *, #110, .F. ) ;
#1042 = PRODUCT_DEFINITION ( 'æœ', '', #1708, #1607 ) ;
#1043 = CARTESIAN_POINT ( 'NONE',  ( 6.749999999999560352, -11.69134295108976929, 4.600000000009152323 ) ) ;
#1044 = PRESENTATION_LAYER_ASSIGNMENT (  '', '', ( #8 ) ) ;
#1045 = ORIENTED_EDGE ( 'NONE', *, *, #517, .F. ) ;
#1046 = CIRCLE ( 'NONE', #729, 16.99999999999950262 ) ;
#1047 = DIRECTION ( 'NONE',  ( 1.430513376220121878E-22, -1.809830632667533286E-22, 1.000000000000000000 ) ) ;
#1048 = DIRECTION ( 'NONE',  ( -1.430513376220121878E-22, 1.809830632667533286E-22, -1.000000000000000000 ) ) ;
#1049 = DIRECTION ( 'NONE',  ( -1.430513376220121878E-22, 1.809830632667533286E-22, -1.000000000000000000 ) ) ;
#1050 = ORIENTED_EDGE ( 'NONE', *, *, #602, .F. ) ;
#1051 = ORIENTED_EDGE ( 'NONE', *, *, #1532, .T. ) ;
#1052 = ADVANCED_FACE ( 'NONE', ( #433 ), #1032, .F. ) ;
#1053 = DIRECTION ( 'NONE',  ( 1.430513376220121878E-22, -1.809830632667533286E-22, 1.000000000000000000 ) ) ;
#1054 = ORIENTED_EDGE ( 'NONE', *, *, #776, .T. ) ;
#1055 = CARTESIAN_POINT ( 'NONE',  ( -14.33753022308961889, 10.53126596699436313, 0.5000000000066349148 ) ) ;
#1056 = CARTESIAN_POINT ( 'NONE',  ( -14.06068875811601693, 11.10027383471698315, 0.5000000000020821123 ) ) ;
#1057 = CARTESIAN_POINT ( 'NONE',  ( 2.349999999999436540, 22.99999999999852207, 11.60000000000023590 ) ) ;
#1058 = VERTEX_POINT ( 'NONE', #1900 ) ;
#1059 = CARTESIAN_POINT ( 'NONE',  ( 0.0000000000000000000, 0.0000000000000000000, 0.0000000000000000000 ) ) ;
#1060 = EDGE_LOOP ( 'NONE', ( #158, #868 ) ) ;
#1061 = EDGE_LOOP ( 'NONE', ( #943, #978, #634, #1051 ) ) ;
#1062 = EDGE_CURVE ( 'NONE', #1572, #201, #1474, .T. ) ;
#1063 = ORIENTED_EDGE ( 'NONE', *, *, #153, .F. ) ;
#1064 = CARTESIAN_POINT ( 'NONE',  ( -15.73632218586890730, 7.656249999997903011, 0.5000000000017734703 ) ) ;
#1065 = VECTOR ( 'NONE', #1184, 1000.000000000000000 ) ;
#1066 = AXIS2_PLACEMENT_3D ( 'NONE', #1304, #548, #1473 ) ;
#1067 = DIRECTION ( 'NONE',  ( -1.430513376220121878E-22, 1.809830632667533286E-22, -1.000000000000000000 ) ) ;
#1068 = DIRECTION ( 'NONE',  ( -1.430513376220121878E-22, 1.809830632667533286E-22, -1.000000000000000000 ) ) ;
#1069 = LINE ( 'NONE', #652, #105 ) ;
#1070 = ORIENTED_EDGE ( 'NONE', *, *, #1062, .T. ) ;
#1071 = DIRECTION ( 'NONE',  ( 0.7071067811865296981, -7.850475090854037495E-17, 0.7071067811865654473 ) ) ;
#1072 = ORIENTED_EDGE ( 'NONE', *, *, #1467, .F. ) ;
#1073 = EDGE_LOOP ( 'NONE', ( #560, #399 ) ) ;
#1074 = AXIS2_PLACEMENT_3D ( 'NONE', #1479, #1777, #1634 ) ;
#1075 = LINE ( 'NONE', #1676, #533 ) ;
#1076 = CIRCLE ( 'NONE', #232, 3.499999999999905853 ) ;
#1077 = VERTEX_POINT ( 'NONE', #1761 ) ;
#1078 = ADVANCED_FACE ( 'NONE', ( #1751 ), #402, .F. ) ;
#1079 = CARTESIAN_POINT ( 'NONE',  ( 11.99999999999997335, -1.942890293094023946E-13, 0.0000000000000000000 ) ) ;
#1080 = VECTOR ( 'NONE', #1577, 1000.000000000000000 ) ;
#1081 = B_SPLINE_CURVE_WITH_KNOTS ( 'NONE', 3,
 ( #1128, #1726, #380, #255 ),
 .UNSPECIFIED., .F., .F.,
 ( 4, 4 ),
 ( -3.146370341359302510E-05, 0.003725792350149990072 ),
 .UNSPECIFIED. ) ;
#1082 = DIRECTION ( 'NONE',  ( 1.430513376220121878E-22, -1.809830632667533286E-22, 1.000000000000000000 ) ) ;
#1083 = EDGE_LOOP ( 'NONE', ( #1486, #1315, #1276, #575 ) ) ;
#1084 = DIRECTION ( 'NONE',  ( 1.000000000000000000, -1.110223024625066561E-16, 0.0000000000000000000 ) ) ;
#1085 = ORIENTED_EDGE ( 'NONE', *, *, #1657, .F. ) ;
#1086 = EDGE_CURVE ( 'NONE', #1364, #1120, #1189, .T. ) ;
#1087 = CARTESIAN_POINT ( 'NONE',  ( -2.350000000000564526, 22.99999999999852207, 11.60000000000023590 ) ) ;
#1088 = VERTEX_POINT ( 'NONE', #1174 ) ;
#1089 = DIRECTION ( 'NONE',  ( 1.430513376220121878E-22, -1.809830632667533286E-22, 1.000000000000000000 ) ) ;
#1090 = DIRECTION ( 'NONE',  ( 0.7071067811865293651, -7.850475090854033798E-17, 0.7071067811865656694 ) ) ;
#1091 = ORIENTED_EDGE ( 'NONE', *, *, #283, .T. ) ;
#1092 = DIRECTION ( 'NONE',  ( 1.430513376220121878E-22, -1.809830632667533286E-22, 1.000000000000000000 ) ) ;
#1093 = DIRECTION ( 'NONE',  ( -1.430513376220121878E-22, 1.809830632667533286E-22, -1.000000000000000000 ) ) ;
#1094 = DIRECTION ( 'NONE',  ( 0.7071067811865280328, -7.850475090854020239E-17, 0.7071067811865670016 ) ) ;
#1095 = CARTESIAN_POINT ( 'NONE',  ( -14.06379382171110493, 10.33987557800440804, 0.4454813167886487735 ) ) ;
#1096 = DIRECTION ( 'NONE',  ( 1.000000000000000000, 0.0000000000000000000, 0.0000000000000000000 ) ) ;
#1097 = CARTESIAN_POINT ( 'NONE',  ( 15.73632218586888065, 7.656250000000454747, 0.5000000000004714007 ) ) ;
#1098 = EDGE_CURVE ( 'NONE', #1392, #1364, #117, .T. ) ;
#1099 = DIRECTION ( 'NONE',  ( -1.430513376220121878E-22, 1.809830632667533286E-22, -1.000000000000000000 ) ) ;
#1100 = ORIENTED_EDGE ( 'NONE', *, *, #534, .F. ) ;
#1101 = ADVANCED_FACE ( 'NONE', ( #1015 ), #263, .F. ) ;
#1102 = CARTESIAN_POINT ( 'NONE',  ( -1.209102262755834545E-12, 40.00000000000019895, 5.099999999999993427 ) ) ;
#1103 = VECTOR ( 'NONE', #1728, 1000.000000000000114 ) ;
#1104 = ORIENTED_EDGE ( 'NONE', *, *, #449, .F. ) ;
#1105 = ORIENTED_EDGE ( 'NONE', *, *, #1226, .F. ) ;
#1106 = AXIS2_PLACEMENT_3D ( 'NONE', #1317, #1925, #1912 ) ;
#1107 = FACE_BOUND ( 'NONE', #129, .T. ) ;
#1108 = VECTOR ( 'NONE', #709, 1000.000000000000114 ) ;
#1109 = AXIS2_PLACEMENT_3D ( 'NONE', #1431, #369, #88 ) ;
#1110 = CARTESIAN_POINT ( 'NONE',  ( -5.637851296924623057E-13, 22.99999999999897327, 11.60000000000023590 ) ) ;
#1111 = CIRCLE ( 'NONE', #1528, 2.999999999999914291 ) ;
#1112 = ORIENTED_EDGE ( 'NONE', *, *, #9, .F. ) ;
#1113 = ORIENTED_EDGE ( 'NONE', *, *, #1774, .T. ) ;
#1114 = DIRECTION ( 'NONE',  ( 0.7071067811865321406, -7.850475090854064613E-17, 0.7071067811865630048 ) ) ;
#1115 = EDGE_CURVE ( 'NONE', #16, #1572, #250, .T. ) ;
#1116 = CYLINDRICAL_SURFACE ( 'NONE', #1855, 1.549999999999955858 ) ;
#1117 = ORIENTED_EDGE ( 'NONE', *, *, #107, .F. ) ;
#1118 = DIRECTION ( 'NONE',  ( 1.000000000000000000, 1.437738816889618614E-13, 0.0000000000000000000 ) ) ;
#1119 = DIRECTION ( 'NONE',  ( -1.430513376220121878E-22, 1.809830632667533286E-22, -1.000000000000000000 ) ) ;
#1120 = VERTEX_POINT ( 'NONE', #1773 ) ;
#1121 = EDGE_CURVE ( 'NONE', #1058, #669, #424, .T. ) ;
#1122 = DIRECTION ( 'NONE',  ( -1.000000000000000000, 0.0000000000000000000, -1.430515276102628544E-22 ) ) ;
#1123 = LINE ( 'NONE', #1430, #685 ) ;
#1124 = ADVANCED_FACE ( 'NONE', ( #1024, #1335, #1929, #581, #1782, #144, #738, #445 ), #1649, .F. ) ;
#1125 = DIRECTION ( 'NONE',  ( -0.7071067811865248132, 7.850475090853983261E-17, -0.7071067811865702213 ) ) ;
#1126 = EDGE_CURVE ( 'NONE', #1444, #1481, #62, .T. ) ;
#1127 = EDGE_CURVE ( 'NONE', #781, #346, #1420, .T. ) ;
#1128 = CARTESIAN_POINT ( 'NONE',  ( -15.73632218586985054, 7.656250000000016875, 0.5000000000070781159 ) ) ;
#1129 = ORIENTED_EDGE ( 'NONE', *, *, #1178, .F. ) ;
#1130 = ORIENTED_EDGE ( 'NONE', *, *, #1248, .T. ) ;
#1131 = DIRECTION ( 'NONE',  ( -1.000000000000000000, 1.110223024625560092E-16, 0.0000000000000000000 ) ) ;
#1132 = CARTESIAN_POINT ( 'NONE',  ( -7.193747284967440869, 25.21428571428339183, 5.100000000002352429 ) ) ;
#1133 = DIRECTION ( 'NONE',  ( 1.000000000000000000, -1.110223024625230250E-16, 0.0000000000000000000 ) ) ;
#1134 = DIRECTION ( 'NONE',  ( -0.4375000000000001110, -0.8992184106211348338, 1.001584556124098943E-22 ) ) ;
#1135 = EDGE_CURVE ( 'NONE', #372, #1392, #311, .T. ) ;
#1136 = FACE_OUTER_BOUND ( 'NONE', #1712, .T. ) ;
#1137 = ORIENTED_EDGE ( 'NONE', *, *, #362, .T. ) ;
#1138 = CIRCLE ( 'NONE', #1558, 1.549999999999954081 ) ;
#1139 = DIRECTION ( 'NONE',  ( -1.430513376220121878E-22, 1.809830632667533286E-22, -1.000000000000000000 ) ) ;
#1140 = DIRECTION ( 'NONE',  ( -1.430513376220121878E-22, 1.809830632667533286E-22, -1.000000000000000000 ) ) ;
#1141 = AXIS2_PLACEMENT_3D ( 'NONE', #114, #554, #1000 ) ;
#1142 = DIRECTION ( 'NONE',  ( -1.430513723319002695E-22, -1.809830632667532816E-22, 1.000000000000000000 ) ) ;
#1143 = DIRECTION ( 'NONE',  ( -1.430513376220121878E-22, 1.809830632667533286E-22, -1.000000000000000000 ) ) ;
#1144 = CARTESIAN_POINT ( 'NONE',  ( 6.749999999999997335, -11.69134295109017252, 2.100000000009150103 ) ) ;
#1145 = EDGE_CURVE ( 'NONE', #452, #1260, #762, .T. ) ;
#1146 = CYLINDRICAL_SURFACE ( 'NONE', #132, 17.49999999999949551 ) ;
#1147 = DIRECTION ( 'NONE',  ( -0.7848900935092134601, -0.6196350063635029937, -1.847480501915359130E-13 ) ) ;
#1148 = ORIENTED_EDGE ( 'NONE', *, *, #1736, .F. ) ;
#1149 = EDGE_CURVE ( 'NONE', #1260, #346, #207, .T. ) ;
#1150 = CARTESIAN_POINT ( 'NONE',  ( -7.999999999999941380, -10.39230484541327293, -2.861027446637921694E-22 ) ) ;
#1151 = ADVANCED_FACE ( 'NONE', ( #1230 ), #948, .T. ) ;
#1152 = DIRECTION ( 'NONE',  ( 1.000000000000000000, -1.110223024625153705E-16, 0.0000000000000000000 ) ) ;
#1153 = DIRECTION ( 'NONE',  ( -1.430513376220121878E-22, 1.809830632667533286E-22, -1.000000000000000000 ) ) ;
#1154 = EDGE_LOOP ( 'NONE', ( #1537, #1905, #605 ) ) ;
#1155 = CYLINDRICAL_SURFACE ( 'NONE', #563, 1.549999999999955858 ) ;
#1156 = PLANE ( 'NONE',  #1588 ) ;
#1157 = AXIS2_PLACEMENT_3D ( 'NONE', #1323, #1191, #104 ) ;
#1158 = CARTESIAN_POINT ( 'NONE',  ( 9.749999999999911182, -11.69134295109017252, 2.100000000009150103 ) ) ;
#1159 = AXIS2_PLACEMENT_3D ( 'NONE', #1682, #496, #1543 ) ;
#1160 = PLANE ( 'NONE',  #998 ) ;
#1161 = DIRECTION ( 'NONE',  ( -1.000000000000000000, 1.110223024625146680E-16, -1.430515276102630189E-22 ) ) ;
#1162 = ORIENTED_EDGE ( 'NONE', *, *, #1149, .F. ) ;
#1163 = CIRCLE ( 'NONE', #321, 17.91421356237256646 ) ;
#1164 = VECTOR ( 'NONE', #1287, 1000.000000000000114 ) ;
#1165 = DIRECTION ( 'NONE',  ( 1.000000000000000000, 0.0000000000000000000, 0.0000000000000000000 ) ) ;
#1166 = CARTESIAN_POINT ( 'NONE',  ( -1.382574610353515254E-12, -1.894318035766673347E-12, 5.099999999999993427 ) ) ;
#1167 = CIRCLE ( 'NONE', #727, 3.499999999999907629 ) ;
#1168 = ORIENTED_EDGE ( 'NONE', *, *, #1517, .F. ) ;
#1169 = ORIENTED_EDGE ( 'NONE', *, *, #333, .T. ) ;
#1170 = VECTOR ( 'NONE', #1234, 1000.000000000000114 ) ;
#1171 = FACE_OUTER_BOUND ( 'NONE', #382, .T. ) ;
#1172 = EDGE_CURVE ( 'NONE', #669, #1366, #1788, .T. ) ;
#1173 = EDGE_LOOP ( 'NONE', ( #555, #915, #59, #1590, #586 ) ) ;
#1174 = CARTESIAN_POINT ( 'NONE',  ( -15.73632218586985054, 7.656250000000016875, 0.5000000000070781159 ) ) ;
#1175 = FACE_OUTER_BOUND ( 'NONE', #1406, .T. ) ;
#1176 = EDGE_LOOP ( 'NONE', ( #161, #476 ) ) ;
#1177 = CARTESIAN_POINT ( 'NONE',  ( 0.0000000000000000000, 0.0000000000000000000, 0.5000000000000004441 ) ) ;
#1178 = EDGE_CURVE ( 'NONE', #979, #1727, #1320, .T. ) ;
#1179 = DIRECTION ( 'NONE',  ( 1.000000000000000000, 0.0000000000000000000, 0.0000000000000000000 ) ) ;
#1180 = ORIENTED_EDGE ( 'NONE', *, *, #857, .T. ) ;
#1181 = ORIENTED_EDGE ( 'NONE', *, *, #1810, .F. ) ;
#1182 = CYLINDRICAL_SURFACE ( 'NONE', #1157, 7.999999999999767297 ) ;
#1183 = ORIENTED_EDGE ( 'NONE', *, *, #1428, .T. ) ;
#1184 = DIRECTION ( 'NONE',  ( -1.430513376220121878E-22, 1.809830632667533286E-22, -1.000000000000000000 ) ) ;
#1185 = DIRECTION ( 'NONE',  ( 0.8571673007020991220, 9.808125007502413446E-18, -0.5150380749100763600 ) ) ;
#1186 = ORIENTED_EDGE ( 'NONE', *, *, #1231, .T. ) ;
#1187 = EDGE_CURVE ( 'NONE', #805, #195, #470, .T. ) ;
#1188 = FACE_OUTER_BOUND ( 'NONE', #933, .T. ) ;
#1189 = CIRCLE ( 'NONE', #1938, 1.999999999999942712 ) ;
#1190 = VERTEX_POINT ( 'NONE', #162 ) ;
#1191 = DIRECTION ( 'NONE',  ( -1.430513376220121878E-22, 1.809830632667533286E-22, -1.000000000000000000 ) ) ;
#1192 = ORIENTED_EDGE ( 'NONE', *, *, #1447, .F. ) ;
#1193 = AXIS2_PLACEMENT_3D ( 'NONE', #463, #159, #612 ) ;
#1194 = DIRECTION ( 'NONE',  ( 1.430513376220121878E-22, -1.809830632667533286E-22, 1.000000000000000000 ) ) ;
#1195 = DIRECTION ( 'NONE',  ( -1.430513376220121878E-22, 1.809830632667533286E-22, -1.000000000000000000 ) ) ;
#1196 = ADVANCED_FACE ( 'NONE', ( #928 ), #1014, .F. ) ;
#1197 = CYLINDRICAL_SURFACE ( 'NONE', #695, 2.499999999999927169 ) ;
#1198 = AXIS2_PLACEMENT_3D ( 'NONE', #741, #1488, #1165 ) ;
#1199 = ORIENTED_EDGE ( 'NONE', *, *, #455, .F. ) ;
#1200 = DIRECTION ( 'NONE',  ( 1.430513376220121878E-22, -1.809830632667533286E-22, 1.000000000000000000 ) ) ;
#1201 = CONICAL_SURFACE ( 'NONE', #1298, 1.999999999999941158, 1.029744258676654090 ) ;
#1202 = ORIENTED_EDGE ( 'NONE', *, *, #737, .F. ) ;
#1203 = VECTOR ( 'NONE', #671, 1000.000000000000000 ) ;
#1204 = CIRCLE ( 'NONE', #1924, 1.549999999999955858 ) ;
#1205 = CARTESIAN_POINT ( 'NONE',  ( -6.000000000000107470, 10.39230484541190513, 2.081668171172168513E-12 ) ) ;
#1206 = CARTESIAN_POINT ( 'NONE',  ( 6.749999999999653610, 11.69134295108767496, 2.100000000007068657 ) ) ;
#1207 = CARTESIAN_POINT ( 'NONE',  ( -7.193747284969322919, 25.21428571428507937, 0.5000000000023596680 ) ) ;
#1208 = CARTESIAN_POINT ( 'NONE',  ( -1.382574610353515254E-12, -1.894318035766673347E-12, 5.099999999999993427 ) ) ;
#1209 = VERTEX_POINT ( 'NONE', #468 ) ;
#1210 = CYLINDRICAL_SURFACE ( 'NONE', #1193, 1.549999999999954081 ) ;
#1211 = ORIENTED_EDGE ( 'NONE', *, *, #833, .T. ) ;
#1212 = VERTEX_POINT ( 'NONE', #477 ) ;
#1213 = EDGE_CURVE ( 'NONE', #372, #993, #1075, .T. ) ;
#1214 = DIRECTION ( 'NONE',  ( 1.000000000000000000, 0.0000000000000000000, 0.0000000000000000000 ) ) ;
#1215 = DIRECTION ( 'NONE',  ( 1.000000000000000000, -6.267388042238965988E-14, 0.0000000000000000000 ) ) ;
#1216 = CARTESIAN_POINT ( 'NONE',  ( -6.000000000000003553, -10.39230484541406341, 4.201721238055123209 ) ) ;
#1217 = EDGE_LOOP ( 'NONE', ( #614, #1394, #151, #613 ) ) ;
#1218 = DIRECTION ( 'NONE',  ( -1.000000000000000000, 0.0000000000000000000, -1.430514449071035733E-22 ) ) ;
#1219 = VERTEX_POINT ( 'NONE', #1538 ) ;
#1220 = EDGE_LOOP ( 'NONE', ( #1426, #1130, #909, #1579 ) ) ;
#1221 = DIRECTION ( 'NONE',  ( 1.430513376220121878E-22, -1.809830632667533286E-22, 1.000000000000000000 ) ) ;
#1222 = DIRECTION ( 'NONE',  ( 1.000000000000000000, -8.524926796229105606E-14, 0.0000000000000000000 ) ) ;
#1223 = CARTESIAN_POINT ( 'NONE',  ( 8.500000000000131450, -14.72243186433564510, 5.100000000004434320 ) ) ;
#1224 = CIRCLE ( 'NONE', #438, 8.499999999999753086 ) ;
#1225 = DIRECTION ( 'NONE',  ( 1.430513376220121878E-22, -1.809830632667533286E-22, 1.000000000000000000 ) ) ;
#1226 = EDGE_CURVE ( 'NONE', #495, #936, #542, .T. ) ;
#1227 = FACE_OUTER_BOUND ( 'NONE', #1173, .T. ) ;
#1228 = ORIENTED_EDGE ( 'NONE', *, *, #1703, .T. ) ;
#1229 = VERTEX_POINT ( 'NONE', #1087 ) ;
#1230 = FACE_OUTER_BOUND ( 'NONE', #1818, .T. ) ;
#1231 = EDGE_CURVE ( 'NONE', #674, #1429, #1692, .T. ) ;
#1232 = CIRCLE ( 'NONE', #1615, 2.999999999999914291 ) ;
#1233 = ORIENTED_EDGE ( 'NONE', *, *, #415, .T. ) ;
#1234 = DIRECTION ( 'NONE',  ( 0.4375000000000000555, -0.8992184106211348338, 2.253281862613274012E-22 ) ) ;
#1235 = CIRCLE ( 'NONE', #1109, 2.499999999999927169 ) ;
#1236 = APPLICATION_PROTOCOL_DEFINITION ( 'draft international standard', 'automotive_design', 1998, #1497 ) ;
#1237 = AXIS2_PLACEMENT_3D ( 'NONE', #1273, #946, #645 ) ;
#1238 = SURFACE_STYLE_FILL_AREA ( #632 ) ;
#1239 = ORIENTED_EDGE ( 'NONE', *, *, #861, .T. ) ;
#1240 = ORIENTED_EDGE ( 'NONE', *, *, #517, .T. ) ;
#1241 = EDGE_CURVE ( 'NONE', #16, #418, #1123, .T. ) ;
#1242 = DIRECTION ( 'NONE',  ( 0.7071067811865248132, 8.091110663711815545E-18, -0.7071067811865702213 ) ) ;
#1243 = ORIENTED_EDGE ( 'NONE', *, *, #680, .F. ) ;
#1244 = CARTESIAN_POINT ( 'NONE',  ( -14.27480890846686989, 9.679474623124011856, 0.2358355811919992384 ) ) ;
#1245 = EDGE_LOOP ( 'NONE', ( #373, #182, #528, #1045 ) ) ;
#1246 = DIRECTION ( 'NONE',  ( -1.000000000000000000, 0.0000000000000000000, 0.0000000000000000000 ) ) ;
#1247 = DIRECTION ( 'NONE',  ( 1.000000000000000000, 0.0000000000000000000, 0.0000000000000000000 ) ) ;
#1248 = EDGE_CURVE ( 'NONE', #1572, #755, #1594, .T. ) ;
#1249 = DIRECTION ( 'NONE',  ( -0.7071067811865293651, 1.651001005833872838E-16, 0.7071067811865656694 ) ) ;
#1250 = ORIENTED_EDGE ( 'NONE', *, *, #1570, .F. ) ;
#1251 = ADVANCED_FACE ( 'NONE', ( #1722 ), #1352, .F. ) ;
#1252 = CARTESIAN_POINT ( 'NONE',  ( -6.000000000000135003, 10.39230484541138466, 3.000000000002084555 ) ) ;
#1253 = ORIENTED_EDGE ( 'NONE', *, *, #1774, .F. ) ;
#1254 = CARTESIAN_POINT ( 'NONE',  ( -8.000000000000692779, -1.045905083630973479E-12, 4.599999999999992539 ) ) ;
#1255 = DIRECTION ( 'NONE',  ( 1.430513376220121878E-22, -1.809830632667533286E-22, 1.000000000000000000 ) ) ;
#1256 = DIRECTION ( 'NONE',  ( -1.000000000000000000, 1.110223024625146680E-16, -1.430515276102630189E-22 ) ) ;
#1257 = AXIS2_PLACEMENT_3D ( 'NONE', #1455, #587, #273 ) ;
#1258 = CARTESIAN_POINT ( 'NONE',  ( -1.354819034737886341E-12, 22.99999999999972999, 12.60000000000048637 ) ) ;
#1259 = EDGE_CURVE ( 'NONE', #899, #1437, #1854, .T. ) ;
#1260 = VERTEX_POINT ( 'NONE', #965 ) ;
#1261 = DIRECTION ( 'NONE',  ( 0.8992184106211348338, -0.4375000000000001665, 2.078141518866308408E-22 ) ) ;
#1262 = DIRECTION ( 'NONE',  ( -0.8992184106211348338, -0.4375000000000000555, -4.945363492804359259E-23 ) ) ;
#1263 = VECTOR ( 'NONE', #1845, 1000.000000000000114 ) ;
#1264 = ORIENTED_EDGE ( 'NONE', *, *, #1438, .F. ) ;
#1265 = ORIENTED_EDGE ( 'NONE', *, *, #482, .T. ) ;
#1266 = ADVANCED_FACE ( 'NONE', ( #233 ), #532, .F. ) ;
#1267 = CARTESIAN_POINT ( 'NONE',  ( -16.99999999999999289, 4.027650491253463485E-15, 2.431872739574207498E-21 ) ) ;
#1268 = VECTOR ( 'NONE', #1125, 999.9999999999998863 ) ;
#1269 = CARTESIAN_POINT ( 'NONE',  ( -13.50000000000010836, -3.747002708109903324E-13, 2.100000000006790657 ) ) ;
#1270 = CIRCLE ( 'NONE', #266, 0.9999999999999678035 ) ;
#1271 = ORIENTED_EDGE ( 'NONE', *, *, #945, .F. ) ;
#1272 = VERTEX_POINT ( 'NONE', #986 ) ;
#1273 = CARTESIAN_POINT ( 'NONE',  ( -14.06068875811575936, 11.10027383471513751, -0.4999999999979187759 ) ) ;
#1274 = ADVANCED_FACE ( 'NONE', ( #1408 ), #809, .F. ) ;
#1275 = FACE_OUTER_BOUND ( 'NONE', #992, .T. ) ;
#1276 = ORIENTED_EDGE ( 'NONE', *, *, #847, .T. ) ;
#1277 = CARTESIAN_POINT ( 'NONE',  ( -6.744138079657695961, 24.99553571428333143, 5.100000000002075318 ) ) ;
#1278 = CARTESIAN_POINT ( 'NONE',  ( 17.49999999999907985, -1.894117793699799416E-12, 4.599999999999992539 ) ) ;
#1279 = ORIENTED_EDGE ( 'NONE', *, *, #1923, .F. ) ;
#1280 = EDGE_LOOP ( 'NONE', ( #1454, #1679, #603, #670 ) ) ;
#1281 = FACE_OUTER_BOUND ( 'NONE', #1798, .T. ) ;
#1282 = LINE ( 'NONE', #1132, #1494 ) ;
#1283 = ORIENTED_EDGE ( 'NONE', *, *, #1875, .F. ) ;
#1284 = FACE_BOUND ( 'NONE', #1553, .T. ) ;
#1285 = EDGE_CURVE ( 'NONE', #993, #1120, #368, .T. ) ;
#1286 = PLANE ( 'NONE',  #855 ) ;
#1287 = DIRECTION ( 'NONE',  ( -0.8571673007020991220, 9.516478053269781789E-17, -0.5150380749100763600 ) ) ;
#1288 = AXIS2_PLACEMENT_3D ( 'NONE', #1612, #1631, #886 ) ;
#1289 = ORIENTED_EDGE ( 'NONE', *, *, #963, .F. ) ;
#1290 = AXIS2_PLACEMENT_3D ( 'NONE', #506, #1732, #1874 ) ;
#1291 = CARTESIAN_POINT ( 'NONE',  ( 11.99999999999997335, -1.942890293094023946E-13, 0.0000000000000000000 ) ) ;
#1292 = DIRECTION ( 'NONE',  ( -1.430513376220121878E-22, 1.809830632667533286E-22, -1.000000000000000000 ) ) ;
#1293 = PRODUCT_DEFINITION_SHAPE ( 'NONE', 'NONE',  #1042 ) ;
#1294 = DIRECTION ( 'NONE',  ( 1.430513376220121878E-22, -1.809830632667533286E-22, 1.000000000000000000 ) ) ;
#1295 = DIRECTION ( 'NONE',  ( 1.000000000000000000, 2.370326157574777371E-13, 0.0000000000000000000 ) ) ;
#1296 = DIRECTION ( 'NONE',  ( -1.430513376220121878E-22, 1.809830632667533286E-22, -1.000000000000000000 ) ) ;
#1297 = VECTOR ( 'NONE', #1650, 1000.000000000000000 ) ;
#1298 = AXIS2_PLACEMENT_3D ( 'NONE', #389, #988, #1746 ) ;
#1299 = LINE ( 'NONE', #1897, #1263 ) ;
#1300 = PLANE ( 'NONE',  #1141 ) ;
#1301 = ORIENTED_EDGE ( 'NONE', *, *, #1780, .F. ) ;
#1302 = AXIS2_PLACEMENT_3D ( 'NONE', #53, #676, #1872 ) ;
#1303 = EDGE_CURVE ( 'NONE', #902, #1219, #96, .T. ) ;
#1304 = CARTESIAN_POINT ( 'NONE',  ( -9.246076126956381813E-13, -1.047772979489991485E-12, 4.599999999999992539 ) ) ;
#1305 = ORIENTED_EDGE ( 'NONE', *, *, #164, .F. ) ;
#1306 = CARTESIAN_POINT ( 'NONE',  ( -8.000000000000076383, 10.39230484541138466, 3.000000000002084555 ) ) ;
#1307 = ORIENTED_EDGE ( 'NONE', *, *, #1583, .F. ) ;
#1308 = DIRECTION ( 'NONE',  ( 1.430513376220121878E-22, -1.809830632667533286E-22, 1.000000000000000000 ) ) ;
#1309 = CARTESIAN_POINT ( 'NONE',  ( 15.73632218586924125, 7.656249999999274358, 4.600000000002074430 ) ) ;
#1310 = EDGE_CURVE ( 'NONE', #16, #798, #86, .T. ) ;
#1311 = ORIENTED_EDGE ( 'NONE', *, *, #153, .T. ) ;
#1312 = LINE ( 'NONE', #707, #620 ) ;
#1313 = DIRECTION ( 'NONE',  ( 1.430513376220121878E-22, -1.809830632667533286E-22, 1.000000000000000000 ) ) ;
#1314 = CARTESIAN_POINT ( 'NONE',  ( -5.204170427930421283E-13, 21.71428571428601373, 5.100000000007071321 ) ) ;
#1315 = ORIENTED_EDGE ( 'NONE', *, *, #1380, .T. ) ;
#1316 = AXIS2_PLACEMENT_3D ( 'NONE', #1384, #26, #1214 ) ;
#1317 = CARTESIAN_POINT ( 'NONE',  ( 2.844946500601963635E-13, 22.99999999999852207, 12.00000000000049560 ) ) ;
#1318 = ADVANCED_FACE ( 'NONE', ( #516 ), #1116, .F. ) ;
#1319 = DIRECTION ( 'NONE',  ( -1.430513376220121878E-22, 1.809830632667533286E-22, -1.000000000000000000 ) ) ;
#1320 = CIRCLE ( 'NONE', #155, 1.999999999999941158 ) ;
#1321 = ORIENTED_EDGE ( 'NONE', *, *, #1517, .T. ) ;
#1322 = EDGE_CURVE ( 'NONE', #125, #1088, #385, .T. ) ;
#1323 = CARTESIAN_POINT ( 'NONE',  ( -1.382574610353515254E-12, -1.894318035766673347E-12, 5.099999999999993427 ) ) ;
#1324 = CONICAL_SURFACE ( 'NONE', #718, 2.999999999999914291, 0.7853981633974496113 ) ;
#1325 = VERTEX_POINT ( 'NONE', #803 ) ;
#1326 = DIRECTION ( 'NONE',  ( -1.430513376220121878E-22, 1.809830632667533286E-22, -1.000000000000000000 ) ) ;
#1327 = CARTESIAN_POINT ( 'NONE',  ( -15.05000000000010907, -9.697242799543476160E-14, 2.100000000006790657 ) ) ;
#1328 = ORIENTED_EDGE ( 'NONE', *, *, #1883, .F. ) ;
#1329 = CIRCLE ( 'NONE', #1584, 16.99999999999950262 ) ;
#1330 = FACE_OUTER_BOUND ( 'NONE', #1519, .T. ) ;
#1331 = DIRECTION ( 'NONE',  ( -1.000000000000000000, 1.110223024625226305E-16, 0.0000000000000000000 ) ) ;
#1332 = ORIENTED_EDGE ( 'NONE', *, *, #1875, .T. ) ;
#1333 = CIRCLE ( 'NONE', #1586, 1.549999999999955858 ) ;
#1334 = DIRECTION ( 'NONE',  ( -1.430513376220121878E-22, 1.809830632667533286E-22, -1.000000000000000000 ) ) ;
#1335 = FACE_BOUND ( 'NONE', #912, .T. ) ;
#1336 = ADVANCED_FACE ( 'NONE', ( #1284, #668, #1275, #524 ), #974, .T. ) ;
#1337 = DIRECTION ( 'NONE',  ( -1.000000000000000000, 0.0000000000000000000, 0.0000000000000000000 ) ) ;
#1338 = CARTESIAN_POINT ( 'NONE',  ( -8.000000000000000000, -1.893429856885357972E-12, 0.5000000000000004441 ) ) ;
#1339 = LINE ( 'NONE', #1904, #922 ) ;
#1340 = ORIENTED_EDGE ( 'NONE', *, *, #1689, .T. ) ;
#1341 = DIRECTION ( 'NONE',  ( -1.430513376220121878E-22, 1.809830632667533286E-22, -1.000000000000000000 ) ) ;
#1342 = ORIENTED_EDGE ( 'NONE', *, *, #680, .T. ) ;
#1343 = ORIENTED_EDGE ( 'NONE', *, *, #659, .T. ) ;
#1344 = CARTESIAN_POINT ( 'NONE',  ( -1.382574610353515254E-12, -1.894318035766673347E-12, 5.099999999999993427 ) ) ;
#1345 = ADVANCED_FACE ( 'NONE', ( #829 ), #1910, .F. ) ;
#1346 = DIRECTION ( 'NONE',  ( -1.430513376220121878E-22, 1.809830632667533286E-22, -1.000000000000000000 ) ) ;
#1347 = DIRECTION ( 'NONE',  ( -1.430513376220121878E-22, 1.809830632667533286E-22, -1.000000000000000000 ) ) ;
#1348 = AXIS2_PLACEMENT_3D ( 'NONE', #549, #1313, #1793 ) ;
#1349 = EDGE_LOOP ( 'NONE', ( #871, #489, #1720 ) ) ;
#1350 = DIRECTION ( 'NONE',  ( -1.000000000000000000, 1.110223024625560092E-16, 0.0000000000000000000 ) ) ;
#1351 = ORIENTED_EDGE ( 'NONE', *, *, #963, .T. ) ;
#1352 = CONICAL_SURFACE ( 'NONE', #1636, 2.999999999999914291, 0.7853981633974517207 ) ;
#1353 = VERTEX_POINT ( 'NONE', #93 ) ;
#1354 = CARTESIAN_POINT ( 'NONE',  ( -14.41266249551479994, 9.808336159625556050, 0.4218636761336733154 ) ) ;
#1355 = DIRECTION ( 'NONE',  ( 1.000000000000000000, 0.0000000000000000000, 0.0000000000000000000 ) ) ;
#1356 = ADVANCED_FACE ( 'NONE', ( #686 ), #1891, .T. ) ;
#1357 = CYLINDRICAL_SURFACE ( 'NONE', #1642, 1.999999999999941158 ) ;
#1358 = CIRCLE ( 'NONE', #792, 7.499999999999785061 ) ;
#1359 = ORIENTED_EDGE ( 'NONE', *, *, #1657, .T. ) ;
#1360 = EDGE_CURVE ( 'NONE', #879, #1212, #994, .T. ) ;
#1361 = VECTOR ( 'NONE', #1249, 999.9999999999998863 ) ;
#1362 = ORIENTED_EDGE ( 'NONE', *, *, #35, .F. ) ;
#1363 = LINE ( 'NONE', #911, #1694 ) ;
#1364 = VERTEX_POINT ( 'NONE', #1150 ) ;
#1365 = CONICAL_SURFACE ( 'NONE', #512, 8.499999999999753086, 0.7853981633974482790 ) ;
#1366 = VERTEX_POINT ( 'NONE', #1915 ) ;
#1367 = ORIENTED_EDGE ( 'NONE', *, *, #313, .T. ) ;
#1368 = AXIS2_PLACEMENT_3D ( 'NONE', #661, #519, #1118 ) ;
#1369 = VECTOR ( 'NONE', #1749, 1000.000000000000000 ) ;
#1370 = CARTESIAN_POINT ( 'NONE',  ( -13.89122747531441071, 10.17376340220938502, 0.2071067825264212292 ) ) ;
#1371 = DIRECTION ( 'NONE',  ( 1.000000000000000000, 3.063105324940894743E-13, 0.0000000000000000000 ) ) ;
#1372 = CYLINDRICAL_SURFACE ( 'NONE', #851, 2.499999999999927169 ) ;
#1373 = FACE_OUTER_BOUND ( 'NONE', #1841, .T. ) ;
#1374 = ORIENTED_EDGE ( 'NONE', *, *, #1226, .T. ) ;
#1375 = EDGE_LOOP ( 'NONE', ( #332, #121, #1931 ) ) ;
#1376 = DIRECTION ( 'NONE',  ( -1.000000000000000000, 1.110223024625080366E-16, 0.0000000000000000000 ) ) ;
#1377 = CARTESIAN_POINT ( 'NONE',  ( 6.749999999999969802, -11.69134295109006771, 5.100000000009153212 ) ) ;
#1378 = DIRECTION ( 'NONE',  ( 1.000000000000000000, 0.0000000000000000000, 0.0000000000000000000 ) ) ;
#1379 = ORIENTED_EDGE ( 'NONE', *, *, #1787, .T. ) ;
#1380 = EDGE_CURVE ( 'NONE', #568, #820, #565, .T. ) ;
#1381 = CARTESIAN_POINT ( 'NONE',  ( 16.99999999999812772, -1.894123515349985389E-12, 5.099999999999993427 ) ) ;
#1382 = ORIENTED_EDGE ( 'NONE', *, *, #567, .F. ) ;
#1383 = EDGE_LOOP ( 'NONE', ( #1307, #1129 ) ) ;
#1384 = CARTESIAN_POINT ( 'NONE',  ( 6.749999999999369393, 11.69134295108791655, 5.100000000007071321 ) ) ;
#1385 = EDGE_CURVE ( 'NONE', #913, #234, #1610, .T. ) ;
#1386 = VECTOR ( 'NONE', #393, 1000.000000000000000 ) ;
#1387 = DIRECTION ( 'NONE',  ( -1.430513376220121878E-22, 1.809830632667533286E-22, -1.000000000000000000 ) ) ;
#1388 = UNCERTAINTY_MEASURE_WITH_UNIT (LENGTH_MEASURE( 1.000000000000000082E-05 ), #1686, 'distance_accuracy_value', 'NONE');
#1389 = ADVANCED_FACE ( 'NONE', ( #1171 ), #1493, .T. ) ;
#1390 = CARTESIAN_POINT ( 'NONE',  ( 14.61652850025030226, 9.957825081613355778, 0.5000000000022170044 ) ) ;
#1391 = ORIENTED_EDGE ( 'NONE', *, *, #659, .F. ) ;
#1392 = VERTEX_POINT ( 'NONE', #1771 ) ;
#1393 = DIRECTION ( 'NONE',  ( -1.430513376220121878E-22, 1.809830632667533286E-22, -1.000000000000000000 ) ) ;
#1394 = ORIENTED_EDGE ( 'NONE', *, *, #240, .F. ) ;
#1395 = DIRECTION ( 'NONE',  ( 1.430513376220121878E-22, -1.809830632667533286E-22, 1.000000000000000000 ) ) ;
#1396 = ADVANCED_BREP_SHAPE_REPRESENTATION ( '\X2\644781c2\X0\', ( #428, #600 ), #236 ) ;
#1397 = EDGE_CURVE ( 'NONE', #1481, #1444, #905, .T. ) ;
#1398 = AXIS2_PLACEMENT_3D ( 'NONE', #1314, #1048, #1337 ) ;
#1399 = EDGE_LOOP ( 'NONE', ( #464, #929, #355, #892 ) ) ;
#1400 = CARTESIAN_POINT ( 'NONE',  ( 0.0000000000000000000, 0.0000000000000000000, 0.0000000000000000000 ) ) ;
#1401 = ADVANCED_FACE ( 'NONE', ( #122 ), #1182, .F. ) ;
#1402 = AXIS2_PLACEMENT_3D ( 'NONE', #92, #271, #1021 ) ;
#1403 = DIRECTION ( 'NONE',  ( -1.430513376220121878E-22, 1.809830632667533286E-22, -1.000000000000000000 ) ) ;
#1404 = ORIENTED_EDGE ( 'NONE', *, *, #1149, .T. ) ;
#1405 = DIRECTION ( 'NONE',  ( -1.430513376220121878E-22, 1.809830632667533286E-22, -1.000000000000000000 ) ) ;
#1406 = EDGE_LOOP ( 'NONE', ( #484, #1495, #306, #771 ) ) ;
#1407 = CARTESIAN_POINT ( 'NONE',  ( -10.50000000000043343, -4.890532423473814561E-14, 4.600000000006793321 ) ) ;
#1408 = FACE_OUTER_BOUND ( 'NONE', #1809, .T. ) ;
#1409 = ORIENTED_EDGE ( 'NONE', *, *, #861, .F. ) ;
#1410 = ADVANCED_FACE ( 'NONE', ( #736, #865 ), #1482, .T. ) ;
#1411 = LINE ( 'NONE', #345, #1921 ) ;
#1412 = DIRECTION ( 'NONE',  ( -1.430513376220121878E-22, 1.809830632667533286E-22, -1.000000000000000000 ) ) ;
#1413 = CARTESIAN_POINT ( 'NONE',  ( 15.42095523949894620, 8.202277824622745683, 0.4553034088812074054 ) ) ;
#1414 = ORIENTED_EDGE ( 'NONE', *, *, #990, .T. ) ;
#1415 = ORIENTED_EDGE ( 'NONE', *, *, #426, .F. ) ;
#1416 = FACE_OUTER_BOUND ( 'NONE', #148, .T. ) ;
#1417 = ADVANCED_FACE ( 'NONE', ( #1781 ), #314, .F. ) ;
#1418 = CARTESIAN_POINT ( 'NONE',  ( 6.749999999999532818, 11.69134295108977284, 4.600000000007097967 ) ) ;
#1419 = ORIENTED_EDGE ( 'NONE', *, *, #1589, .T. ) ;
#1420 = CIRCLE ( 'NONE', #1316, 3.499999999999895639 ) ;
#1421 = LINE ( 'NONE', #1569, #265 ) ;
#1422 = AXIS2_PLACEMENT_3D ( 'NONE', #1023, #725, #1630 ) ;
#1423 = EDGE_CURVE ( 'NONE', #1572, #16, #223, .T. ) ;
#1424 = AXIS2_PLACEMENT_3D ( 'NONE', #1843, #1393, #1646 ) ;
#1425 = DIRECTION ( 'NONE',  ( -1.000000000000000000, 0.0000000000000000000, 0.0000000000000000000 ) ) ;
#1426 = ORIENTED_EDGE ( 'NONE', *, *, #1423, .F. ) ;
#1427 = DIRECTION ( 'NONE',  ( -1.430513376220121878E-22, 1.809830632667533286E-22, -1.000000000000000000 ) ) ;
#1428 = EDGE_CURVE ( 'NONE', #1325, #901, #716, .T. ) ;
#1429 = VERTEX_POINT ( 'NONE', #872 ) ;
#1430 = CARTESIAN_POINT ( 'NONE',  ( 7.999999999998842704, -1.048661157909691610E-12, 4.599999999999992539 ) ) ;
#1431 = CARTESIAN_POINT ( 'NONE',  ( -1.354819034737886341E-12, 22.99999999999972999, 12.60000000000048637 ) ) ;
#1432 = CIRCLE ( 'NONE', #795, 1.549999999999955858 ) ;
#1433 = CIRCLE ( 'NONE', #666, 1.549999999999955858 ) ;
#1434 = DIRECTION ( 'NONE',  ( -1.430513376220121878E-22, 1.809830632667533286E-22, -1.000000000000000000 ) ) ;
#1435 = AXIS2_PLACEMENT_3D ( 'NONE', #420, #722, #1331 ) ;
#1436 = VERTEX_POINT ( 'NONE', #261 ) ;
#1437 = VERTEX_POINT ( 'NONE', #856 ) ;
#1438 = EDGE_CURVE ( 'NONE', #1437, #25, #403, .T. ) ;
#1439 = LINE ( 'NONE', #835, #416 ) ;
#1440 = DIRECTION ( 'NONE',  ( -1.430513723319002695E-22, -1.809830632667532816E-22, 1.000000000000000000 ) ) ;
#1441 = DIRECTION ( 'NONE',  ( 1.430513376220121878E-22, -1.809830632667533286E-22, 1.000000000000000000 ) ) ;
#1442 = ADVANCED_FACE ( 'NONE', ( #1790 ), #1622, .F. ) ;
#1443 = CARTESIAN_POINT ( 'NONE',  ( -1.382574610353515254E-12, -1.894318035766673347E-12, 5.099999999999993427 ) ) ;
#1444 = VERTEX_POINT ( 'NONE', #714 ) ;
#1445 = DIRECTION ( 'NONE',  ( 1.000000000000000000, 0.0000000000000000000, 0.0000000000000000000 ) ) ;
#1446 = DIRECTION ( 'NONE',  ( 1.430513376220121878E-22, -1.809830632667533286E-22, 1.000000000000000000 ) ) ;
#1447 = EDGE_CURVE ( 'NONE', #1058, #125, #36, .T. ) ;
#1448 = DIRECTION ( 'NONE',  ( 1.000000000000000000, 0.0000000000000000000, 0.0000000000000000000 ) ) ;
#1449 = CARTESIAN_POINT ( 'NONE',  ( 2.844946500601963635E-13, 22.99999999999852207, 12.00000000000049560 ) ) ;
#1450 = DIRECTION ( 'NONE',  ( 1.000000000000000000, 0.0000000000000000000, 0.0000000000000000000 ) ) ;
#1451 = CONICAL_SURFACE ( 'NONE', #592, 1.999999999999941158, 1.029744258676654090 ) ;
#1452 = DIRECTION ( 'NONE',  ( -1.000000000000000000, 0.0000000000000000000, 0.0000000000000000000 ) ) ;
#1453 = DIRECTION ( 'NONE',  ( -1.430513376220121878E-22, 1.809830632667533286E-22, -1.000000000000000000 ) ) ;
#1454 = ORIENTED_EDGE ( 'NONE', *, *, #702, .F. ) ;
#1455 = CARTESIAN_POINT ( 'NONE',  ( 0.0000000000000000000, 0.0000000000000000000, 0.5000000000000004441 ) ) ;
#1456 = PLANE ( 'NONE',  #235 ) ;
#1457 = EDGE_CURVE ( 'NONE', #902, #465, #1312, .T. ) ;
#1458 = DIRECTION ( 'NONE',  ( 1.000000000000000000, -1.110223024625230250E-16, 0.0000000000000000000 ) ) ;
#1459 = CIRCLE ( 'NONE', #953, 3.499999999999907629 ) ;
#1460 = EDGE_LOOP ( 'NONE', ( #74, #1359 ) ) ;
#1461 = AXIS2_PLACEMENT_3D ( 'NONE', #995, #1717, #1295 ) ;
#1462 = VECTOR ( 'NONE', #1471, 1000.000000000000000 ) ;
#1463 = DIRECTION ( 'NONE',  ( 1.430513376220121878E-22, -1.809830632667533286E-22, 1.000000000000000000 ) ) ;
#1464 = DIRECTION ( 'NONE',  ( 1.000000000000000000, -1.110223024625188834E-16, 1.430513723319002460E-22 ) ) ;
#1465 = CARTESIAN_POINT ( 'NONE',  ( -5.999999999999998224, -10.39230484541327293, 0.0000000000000000000 ) ) ;
#1466 = DIRECTION ( 'NONE',  ( 0.4375000000000000555, -0.8992184106211348338, 2.253281862613274012E-22 ) ) ;
#1467 = EDGE_CURVE ( 'NONE', #183, #1481, #1907, .T. ) ;
#1468 = CARTESIAN_POINT ( 'NONE',  ( 6.749999999999969802, -11.69134295109006771, 5.100000000009153212 ) ) ;
#1469 = VERTEX_POINT ( 'NONE', #579 ) ;
#1470 = DIRECTION ( 'NONE',  ( 1.430513376220121878E-22, -1.809830632667533286E-22, 1.000000000000000000 ) ) ;
#1471 = DIRECTION ( 'NONE',  ( -1.430513376220121878E-22, 1.809830632667533286E-22, -1.000000000000000000 ) ) ;
#1472 = EDGE_LOOP ( 'NONE', ( #1162, #1661, #1419, #203 ) ) ;
#1473 = DIRECTION ( 'NONE',  ( 1.000000000000000000, -1.110223024625066561E-16, 0.0000000000000000000 ) ) ;
#1474 = LINE ( 'NONE', #413, #1510 ) ;
#1475 = CARTESIAN_POINT ( 'NONE',  ( -15.73632218586985054, 7.656250000000016875, 0.5000000000070781159 ) ) ;
#1476 = VERTEX_POINT ( 'NONE', #431 ) ;
#1477 = ADVANCED_FACE ( 'NONE', ( #884 ), #142, .F. ) ;
#1478 = VECTOR ( 'NONE', #625, 1000.000000000000000 ) ;
#1479 = CARTESIAN_POINT ( 'NONE',  ( -1.382574610353515254E-12, -1.894318035766673347E-12, 5.099999999999993427 ) ) ;
#1480 = CARTESIAN_POINT ( 'NONE',  ( 2.350000000000285194, 22.99999999999852207, 12.00000000000049560 ) ) ;
#1481 = VERTEX_POINT ( 'NONE', #1521 ) ;
#1482 = PLANE ( 'NONE',  #1422 ) ;
#1483 = CONICAL_SURFACE ( 'NONE', #944, 17.49999999999949196, 0.7853981633974552734 ) ;
#1484 = CARTESIAN_POINT ( 'NONE',  ( -5.999999999999998224, -10.39230484541327293, 0.0000000000000000000 ) ) ;
#1485 = DIRECTION ( 'NONE',  ( 1.000000000000000000, 0.0000000000000000000, 0.0000000000000000000 ) ) ;
#1486 = ORIENTED_EDGE ( 'NONE', *, *, #1008, .F. ) ;
#1487 = AXIS2_PLACEMENT_3D ( 'NONE', #585, #1347, #315 ) ;
#1488 = DIRECTION ( 'NONE',  ( 1.430513376220121878E-22, -1.809830632667533286E-22, 1.000000000000000000 ) ) ;
#1489 = FACE_BOUND ( 'NONE', #54, .T. ) ;
#1490 = AXIS2_PLACEMENT_3D ( 'NONE', #469, #1685, #1246 ) ;
#1491 = ORIENTED_EDGE ( 'NONE', *, *, #1705, .F. ) ;
#1492 = ADVANCED_FACE ( 'NONE', ( #1820 ), #98, .F. ) ;
#1493 = PLANE ( 'NONE',  #1257 ) ;
#1494 = VECTOR ( 'NONE', #1099, 1000.000000000000000 ) ;
#1495 = ORIENTED_EDGE ( 'NONE', *, *, #107, .T. ) ;
#1496 = CARTESIAN_POINT ( 'NONE',  ( -7.999999999999939604, -10.39230484541327293, -2.861027446637921224E-22 ) ) ;
#1497 = APPLICATION_CONTEXT ( 'automotive_design' ) ;
#1498 = CARTESIAN_POINT ( 'NONE',  ( -13.50000000000010836, -3.747002708109903324E-13, 2.100000000006790657 ) ) ;
#1499 = DIRECTION ( 'NONE',  ( -1.430513376220121878E-22, 1.809830632667533286E-22, -1.000000000000000000 ) ) ;
#1500 = VERTEX_POINT ( 'NONE', #453 ) ;
#1501 = FACE_OUTER_BOUND ( 'NONE', #342, .T. ) ;
#1502 = ADVANCED_FACE ( 'NONE', ( #1512 ), #473, .T. ) ;
#1503 = DIRECTION ( 'NONE',  ( -1.430513376220121878E-22, 1.809830632667533286E-22, -1.000000000000000000 ) ) ;
#1504 = VERTEX_POINT ( 'NONE', #341 ) ;
#1505 = DIRECTION ( 'NONE',  ( 1.430513376220121878E-22, -1.809830632667533286E-22, 1.000000000000000000 ) ) ;
#1506 = EDGE_CURVE ( 'NONE', #1803, #883, #935, .T. ) ;
#1507 = DIRECTION ( 'NONE',  ( 1.000000000000000000, -1.110223024625153705E-16, 0.0000000000000000000 ) ) ;
#1508 = ADVANCED_FACE ( 'NONE', ( #1501 ), #65, .F. ) ;
#1509 = ORIENTED_EDGE ( 'NONE', *, *, #478, .F. ) ;
#1510 = VECTOR ( 'NONE', #717, 1000.000000000000000 ) ;
#1511 = ORIENTED_EDGE ( 'NONE', *, *, #415, .F. ) ;
#1512 = FACE_OUTER_BOUND ( 'NONE', #723, .T. ) ;
#1513 = VECTOR ( 'NONE', #55, 1000.000000000000000 ) ;
#1514 = VECTOR ( 'NONE', #1760, 1000.000000000000000 ) ;
#1515 = CARTESIAN_POINT ( 'NONE',  ( -15.73632218587048648, 7.656249999998920863, 0.5000000000036377568 ) ) ;
#1516 = CARTESIAN_POINT ( 'NONE',  ( -13.50000000000057376, -9.367506770274758310E-13, 5.100000000006793321 ) ) ;
#1517 = EDGE_CURVE ( 'NONE', #1190, #56, #191, .T. ) ;
#1518 = DIRECTION ( 'NONE',  ( -1.430513376220121878E-22, 1.809830632667533286E-22, -1.000000000000000000 ) ) ;
#1519 = EDGE_LOOP ( 'NONE', ( #214, #1186, #491, #1253 ) ) ;
#1520 = VECTOR ( 'NONE', #733, 1000.000000000000000 ) ;
#1521 = CARTESIAN_POINT ( 'NONE',  ( 9.749999999999474198, -11.69134295108976929, 4.600000000009152323 ) ) ;
#1522 = ORIENTED_EDGE ( 'NONE', *, *, #1423, .T. ) ;
#1523 = CIRCLE ( 'NONE', #918, 2.499999999999927169 ) ;
#1524 = ORIENTED_EDGE ( 'NONE', *, *, #740, .F. ) ;
#1525 = APPLICATION_CONTEXT ( 'automotive_design' ) ;
#1526 = ORIENTED_EDGE ( 'NONE', *, *, #338, .T. ) ;
#1527 = CIRCLE ( 'NONE', #765, 2.999999999999914291 ) ;
#1528 = AXIS2_PLACEMENT_3D ( 'NONE', #348, #1446, #1713 ) ;
#1529 = DIRECTION ( 'NONE',  ( 1.000000000000000000, 0.0000000000000000000, 0.0000000000000000000 ) ) ;
#1530 = DIRECTION ( 'NONE',  ( 1.000000000000000000, -1.110223024625416371E-16, 0.0000000000000000000 ) ) ;
#1531 = CARTESIAN_POINT ( 'NONE',  ( 5.200000000000297717, 11.69134295108837485, 7.077671781763643305E-12 ) ) ;
#1532 = EDGE_CURVE ( 'NONE', #465, #913, #1885, .T. ) ;
#1533 = CARTESIAN_POINT ( 'NONE',  ( 13.73557663641062909, 10.84361261136355026, 0.5000000000013513635 ) ) ;
#1534 = ORIENTED_EDGE ( 'NONE', *, *, #180, .F. ) ;
#1535 = LINE ( 'NONE', #1381, #846 ) ;
#1536 = ORIENTED_EDGE ( 'NONE', *, *, #837, .T. ) ;
#1537 = ORIENTED_EDGE ( 'NONE', *, *, #553, .F. ) ;
#1538 = CARTESIAN_POINT ( 'NONE',  ( -16.50000000000011013, -3.739998100900874036E-13, 2.100000000006790657 ) ) ;
#1539 = DIRECTION ( 'NONE',  ( -1.430513376220121878E-22, 1.809830632667533286E-22, -1.000000000000000000 ) ) ;
#1540 = CARTESIAN_POINT ( 'NONE',  ( 15.38621183487666677, 8.171523863938533694, 0.4106066421116846277 ) ) ;
#1541 = ADVANCED_FACE ( 'NONE', ( #149 ), #1210, .F. ) ;
#1542 = ORIENTED_EDGE ( 'NONE', *, *, #1710, .T. ) ;
#1543 = DIRECTION ( 'NONE',  ( 1.000000000000000000, 0.0000000000000000000, 0.0000000000000000000 ) ) ;
#1544 = VERTEX_POINT ( 'NONE', #604 ) ;
#1545 = ADVANCED_FACE ( 'NONE', ( #1373 ), #1035, .F. ) ;
#1546 = CARTESIAN_POINT ( 'NONE',  ( 15.03947724761339977, 8.681864170491953914, 0.3220904017638516192 ) ) ;
#1547 = AXIS2_PLACEMENT_3D ( 'NONE', #303, #894, #607 ) ;
#1548 = DIRECTION ( 'NONE',  ( -1.000000000000000000, 0.0000000000000000000, 0.0000000000000000000 ) ) ;
#1549 =( LENGTH_UNIT ( ) NAMED_UNIT ( * ) SI_UNIT ( .MILLI., .METRE. ) );
#1550 = AXIS2_PLACEMENT_3D ( 'NONE', #531, #1261, #1592 ) ;
#1551 = CARTESIAN_POINT ( 'NONE',  ( 6.749999999999653610, 11.69134295108767496, 2.100000000007068657 ) ) ;
#1552 = ORIENTED_EDGE ( 'NONE', *, *, #1857, .T. ) ;
#1553 = EDGE_LOOP ( 'NONE', ( #1935, #1770 ) ) ;
#1554 = VECTOR ( 'NONE', #802, 1000.000000000000000 ) ;
#1555 = DIRECTION ( 'NONE',  ( -1.000000000000000000, 1.110223024625170345E-16, 1.430513376220122113E-22 ) ) ;
#1556 = ADVANCED_FACE ( 'NONE', ( #777 ), #1451, .F. ) ;
#1557 = CYLINDRICAL_SURFACE ( 'NONE', #1582, 2.999999999999914291 ) ;
#1558 = AXIS2_PLACEMENT_3D ( 'NONE', #1775, #154, #859 ) ;
#1559 = CARTESIAN_POINT ( 'NONE',  ( -15.02293261754775422, 8.677388795270527311, 0.3377394883138595816 ) ) ;
#1560 = AXIS2_PLACEMENT_3D ( 'NONE', #1826, #1255, #1096 ) ;
#1561 = ORIENTED_EDGE ( 'NONE', *, *, #1360, .F. ) ;
#1562 = CARTESIAN_POINT ( 'NONE',  ( -8.500000000000669687, -1.045788340230276198E-12, 5.099999999999993427 ) ) ;
#1563 = SURFACE_STYLE_USAGE ( .BOTH. , #1711 ) ;
#1564 = ORIENTED_EDGE ( 'NONE', *, *, #455, .T. ) ;
#1565 = ORIENTED_EDGE ( 'NONE', *, *, #1752, .T. ) ;
#1566 = DIRECTION ( 'NONE',  ( -1.430513376220121878E-22, 1.809830632667533286E-22, -1.000000000000000000 ) ) ;
#1567 = ORIENTED_EDGE ( 'NONE', *, *, #1126, .F. ) ;
#1568 = DIRECTION ( 'NONE',  ( -1.430513376220121878E-22, 1.809830632667533286E-22, -1.000000000000000000 ) ) ;
#1569 = CARTESIAN_POINT ( 'NONE',  ( -15.28671298055989425, 7.437500000000020428, 5.100000000011512213 ) ) ;
#1570 = EDGE_CURVE ( 'NONE', #195, #805, #1224, .T. ) ;
#1571 = CARTESIAN_POINT ( 'NONE',  ( 15.73632218586915066, 7.656249999999101163, 5.100000000002075318 ) ) ;
#1572 = VERTEX_POINT ( 'NONE', #770 ) ;
#1573 = CARTESIAN_POINT ( 'NONE',  ( 0.0000000000000000000, 0.0000000000000000000, 0.5000000000000004441 ) ) ;
#1574 = CARTESIAN_POINT ( 'NONE',  ( -13.50000000000010836, -3.747002708109903324E-13, 2.100000000006790657 ) ) ;
#1575 = ORIENTED_EDGE ( 'NONE', *, *, #611, .T. ) ;
#1576 = AXIS2_PLACEMENT_3D ( 'NONE', #1344, #1194, #1152 ) ;
#1577 = DIRECTION ( 'NONE',  ( 1.430513376220121878E-22, -1.809830632667533286E-22, 1.000000000000000000 ) ) ;
#1578 = AXIS2_PLACEMENT_3D ( 'NONE', #3, #757, #1218 ) ;
#1579 = ORIENTED_EDGE ( 'NONE', *, *, #1241, .F. ) ;
#1580 = CYLINDRICAL_SURFACE ( 'NONE', #1, 2.999999999999914291 ) ;
#1581 = CARTESIAN_POINT ( 'NONE',  ( -1.382574610353515254E-12, -1.894318035766673347E-12, 5.099999999999993427 ) ) ;
#1582 = AXIS2_PLACEMENT_3D ( 'NONE', #206, #246, #537 ) ;
#1583 = EDGE_CURVE ( 'NONE', #1727, #979, #224, .T. ) ;
#1584 = AXIS2_PLACEMENT_3D ( 'NONE', #897, #126, #1507 ) ;
#1585 = CARTESIAN_POINT ( 'NONE',  ( -4.000000000000107470, 10.39230484541190513, 2.081668170886066207E-12 ) ) ;
#1586 = AXIS2_PLACEMENT_3D ( 'NONE', #1639, #1503, #708 ) ;
#1587 = CARTESIAN_POINT ( 'NONE',  ( -7.193747284971021116, 25.21428571428167231, 4.600000000002352429 ) ) ;
#1588 = AXIS2_PLACEMENT_3D ( 'NONE', #538, #1778, #1464 ) ;
#1589 = EDGE_CURVE ( 'NONE', #1212, #781, #1363, .T. ) ;
#1590 = ORIENTED_EDGE ( 'NONE', *, *, #611, .F. ) ;
#1591 = LINE ( 'NONE', #683, #1554 ) ;
#1592 = DIRECTION ( 'NONE',  ( 0.4375000000000001665, 0.8992184106211348338, -1.001584556124098943E-22 ) ) ;
#1593 = ADVANCED_FACE ( 'NONE', ( #1671 ), #1324, .F. ) ;
#1594 = LINE ( 'NONE', #1254, #34 ) ;
#1595 = EDGE_CURVE ( 'NONE', #112, #551, #1535, .T. ) ;
#1596 = CYLINDRICAL_SURFACE ( 'NONE', #171, 7.999999999999767297 ) ;
#1597 = DIRECTION ( 'NONE',  ( 0.4375000000000001110, 0.8992184106211348338, -1.001584556124098943E-22 ) ) ;
#1598 = LINE ( 'NONE', #1407, #163 ) ;
#1599 = DIRECTION ( 'NONE',  ( -1.430513376220121878E-22, 1.809830632667533286E-22, -1.000000000000000000 ) ) ;
#1600 = EDGE_LOOP ( 'NONE', ( #1202, #421, #760, #1716 ) ) ;
#1601 = ADVANCED_FACE ( 'NONE', ( #31 ), #1483, .T. ) ;
#1602 = CARTESIAN_POINT ( 'NONE',  ( 9.749999999999568345, 11.69134295108767496, 2.100000000007068657 ) ) ;
#1603 = DIRECTION ( 'NONE',  ( -1.430513723319002695E-22, -1.809830632667532816E-22, 1.000000000000000000 ) ) ;
#1604 = AXIS2_PLACEMENT_3D ( 'NONE', #1623, #1047, #589 ) ;
#1605 = DIRECTION ( 'NONE',  ( -0.7071067811865321406, 1.651001005833879248E-16, 0.7071067811865630048 ) ) ;
#1606 = AXIS2_PLACEMENT_3D ( 'NONE', #1102, #1262, #213 ) ;
#1607 = PRODUCT_DEFINITION_CONTEXT ( 'detailed design', #1497, 'design' ) ;
#1608 = CARTESIAN_POINT ( 'NONE',  ( 10.24999999999944933, -11.69134295108976929, 5.100000000009153212 ) ) ;
#1609 = LINE ( 'NONE', #545, #361 ) ;
#1610 = LINE ( 'NONE', #249, #749 ) ;
#1611 = ADVANCED_FACE ( 'NONE', ( #1227 ), #487, .F. ) ;
#1612 = CARTESIAN_POINT ( 'NONE',  ( 11.99999999999997335, -1.942890293094023946E-13, 0.0000000000000000000 ) ) ;
#1613 = MECHANICAL_DESIGN_GEOMETRIC_PRESENTATION_REPRESENTATION (  '', ( #8 ), #354 ) ;
#1614 = FACE_OUTER_BOUND ( 'NONE', #927, .T. ) ;
#1615 = AXIS2_PLACEMENT_3D ( 'NONE', #1206, #417, #719 ) ;
#1616 = ORIENTED_EDGE ( 'NONE', *, *, #458, .T. ) ;
#1617 = VECTOR ( 'NONE', #541, 1000.000000000000114 ) ;
#1618 = CIRCLE ( 'NONE', #1013, 1.999999999999942712 ) ;
#1619 = CARTESIAN_POINT ( 'NONE',  ( 6.750000000000126121, 11.69134295108909960, 12.59999999999340758 ) ) ;
#1620 = EDGE_CURVE ( 'NONE', #1353, #1927, #964, .T. ) ;
#1621 = CARTESIAN_POINT ( 'NONE',  ( -9.246076126956381813E-13, -1.047772979489991485E-12, 4.599999999999992539 ) ) ;
#1622 = CYLINDRICAL_SURFACE ( 'NONE', #786, 1.999999999999941158 ) ;
#1623 = CARTESIAN_POINT ( 'NONE',  ( -9.246076126956381813E-13, -1.047772979489991485E-12, 4.599999999999992539 ) ) ;
#1624 = ADVANCED_FACE ( 'NONE', ( #1729 ), #377, .F. ) ;
#1625 = CARTESIAN_POINT ( 'NONE',  ( 2.499999999999436451, 22.99999999999972999, 11.60000000000023590 ) ) ;
#1626 = ORIENTED_EDGE ( 'NONE', *, *, #1385, .T. ) ;
#1627 = CARTESIAN_POINT ( 'NONE',  ( 6.750000000000059508, -11.69134295108995047, 1.124100812432970997E-11 ) ) ;
#1628 = DIRECTION ( 'NONE',  ( 1.000000000000000000, -1.110223024625383091E-16, 0.0000000000000000000 ) ) ;
#1629 = EDGE_LOOP ( 'NONE', ( #90, #24, #309, #564 ) ) ;
#1630 = DIRECTION ( 'NONE',  ( 1.000000000000000000, -1.110223024625188834E-16, 1.430513723319002460E-22 ) ) ;
#1631 = DIRECTION ( 'NONE',  ( -1.430513376220121878E-22, 1.809830632667533286E-22, -1.000000000000000000 ) ) ;
#1632 = CARTESIAN_POINT ( 'NONE',  ( 10.00000000000003375, -1.940669847044773633E-13, -2.861027446637921694E-22 ) ) ;
#1633 = ADVANCED_FACE ( 'NONE', ( #1416 ), #689, .F. ) ;
#1634 = DIRECTION ( 'NONE',  ( -1.000000000000000000, 1.110223024625153336E-16, 0.0000000000000000000 ) ) ;
#1635 = CARTESIAN_POINT ( 'NONE',  ( -11.94999999999966889, -9.712677896965025328E-14, 12.60000000000728626 ) ) ;
#1636 = AXIS2_PLACEMENT_3D ( 'NONE', #1418, #1294, #1448 ) ;
#1637 = EDGE_LOOP ( 'NONE', ( #720, #814 ) ) ;
#1638 = DIRECTION ( 'NONE',  ( 1.430513376220121878E-22, -1.809830632667533286E-22, 1.000000000000000000 ) ) ;
#1639 = CARTESIAN_POINT ( 'NONE',  ( 6.749999999999653610, 11.69134295108767496, 2.100000000007068657 ) ) ;
#1640 = CARTESIAN_POINT ( 'NONE',  ( -15.28671298055989425, 7.437500000000020428, 5.100000000011512213 ) ) ;
#1641 = CLOSED_SHELL ( 'NONE', ( #1052, #1251, #1508, #1648, #95, #1477, #1078, #1417, #1266, #525, #571, #546, #275, #1502, #1601, #1492, #688, #742, #1894, #1401, #170, #1151, #257, #1541, #1318, #753, #87, #839, #1879, #677, #1124, #1611, #1274, #394, #1336, #231, #904, #1005, #876, #267, #1356, #492, #1389, #1633, #1545, #288, #1029, #437, #145, #724, #1345, #1442, #1852, #310, #1556, #1016, #1849, #466, #1410, #1101, #1816, #370, #520, #769, #1593, #411, #1624, #1196 ) ) ;
#1642 = AXIS2_PLACEMENT_3D ( 'NONE', #11, #147, #289 ) ;
#1643 = DIRECTION ( 'NONE',  ( -1.430513376220121878E-22, 1.809830632667533286E-22, -1.000000000000000000 ) ) ;
#1644 = AXIS2_PLACEMENT_3D ( 'NONE', #1144, #371, #693 ) ;
#1645 = EDGE_LOOP ( 'NONE', ( #1821, #1414 ) ) ;
#1646 = DIRECTION ( 'NONE',  ( -1.000000000000000000, 1.110223024625153336E-16, 0.0000000000000000000 ) ) ;
#1647 = CONICAL_SURFACE ( 'NONE', #799, 1.999999999999941158, 1.029744258676654090 ) ;
#1648 = ADVANCED_FACE ( 'NONE', ( #375 ), #1580, .F. ) ;
#1649 = PLANE ( 'NONE',  #1547 ) ;
#1650 = DIRECTION ( 'NONE',  ( 1.430513376220121878E-22, -1.809830632667533286E-22, 1.000000000000000000 ) ) ;
#1651 = DIRECTION ( 'NONE',  ( -1.000000000000000000, 0.0000000000000000000, 0.0000000000000000000 ) ) ;
#1652 = ORIENTED_EDGE ( 'NONE', *, *, #967, .F. ) ;
#1653 = ORIENTED_EDGE ( 'NONE', *, *, #1121, .T. ) ;
#1654 = DIRECTION ( 'NONE',  ( 1.000000000000000000, -1.110223024625230250E-16, 0.0000000000000000000 ) ) ;
#1655 = ORIENTED_EDGE ( 'NONE', *, *, #35, .T. ) ;
#1656 = CARTESIAN_POINT ( 'NONE',  ( -15.45569360804257286, 8.233041734234369358, 0.5000000000023615554 ) ) ;
#1657 = EDGE_CURVE ( 'NONE', #1504, #462, #940, .T. ) ;
#1658 = CARTESIAN_POINT ( 'NONE',  ( -8.499999999999753086, 9.436895709313830594E-16, 1.215936369787068202E-21 ) ) ;
#1659 = DIRECTION ( 'NONE',  ( 0.6358434359179772066, 0.3093592167691038286, -0.7071067811865672237 ) ) ;
#1660 = DIRECTION ( 'NONE',  ( 1.430513376220121878E-22, -1.809830632667533286E-22, 1.000000000000000000 ) ) ;
#1661 = ORIENTED_EDGE ( 'NONE', *, *, #1724, .F. ) ;
#1662 = ORIENTED_EDGE ( 'NONE', *, *, #1310, .F. ) ;
#1663 = AXIS2_PLACEMENT_3D ( 'NONE', #1012, #699, #292 ) ;
#1664 = CARTESIAN_POINT ( 'NONE',  ( 3.749999999999740652, 11.69134295108767496, 2.100000000007068657 ) ) ;
#1665 = EDGE_CURVE ( 'NONE', #1209, #432, #1204, .T. ) ;
#1666 = DIRECTION ( 'NONE',  ( 1.000000000000000000, 0.0000000000000000000, 0.0000000000000000000 ) ) ;
#1667 = EDGE_CURVE ( 'NONE', #913, #465, #1835, .T. ) ;
#1668 = CARTESIAN_POINT ( 'NONE',  ( 14.33753022309065095, 10.53126596699631534, 0.5000000000015730750 ) ) ;
#1669 = ORIENTED_EDGE ( 'NONE', *, *, #1310, .T. ) ;
#1670 = AXIS2_PLACEMENT_3D ( 'NONE', #1269, #396, #1458 ) ;
#1671 = FACE_OUTER_BOUND ( 'NONE', #1245, .T. ) ;
#1672 = ORIENTED_EDGE ( 'NONE', *, *, #1740, .T. ) ;
#1673 = ORIENTED_EDGE ( 'NONE', *, *, #1447, .T. ) ;
#1674 = AXIS2_PLACEMENT_3D ( 'NONE', #558, #748, #728 ) ;
#1675 = VECTOR ( 'NONE', #217, 1000.000000000000114 ) ;
#1676 = CARTESIAN_POINT ( 'NONE',  ( -3.999999999999753975, -10.39230484541349497, 3.000000000000002665 ) ) ;
#1677 = CARTESIAN_POINT ( 'NONE',  ( 13.99999999999997513, -1.942661448259725590E-13, -2.861026752440243755E-22 ) ) ;
#1678 = DIRECTION ( 'NONE',  ( -1.000000000000000000, 0.0000000000000000000, 0.0000000000000000000 ) ) ;
#1679 = ORIENTED_EDGE ( 'NONE', *, *, #1715, .F. ) ;
#1680 = EDGE_CURVE ( 'NONE', #1469, #1019, #61, .T. ) ;
#1681 =( BOUNDED_SURFACE ( )  B_SPLINE_SURFACE ( 3, 2, ( 
 ( #29, #1533, #775 ),
 ( #955, #21, #1668 ),
 ( #210, #198, #1390 ),
 ( #494, #609, #509 ),
 ( #1540, #1413, #471 ),
 ( #326, #932, #1097 ) ),
 .UNSPECIFIED., .F., .F., .T. ) 
 B_SPLINE_SURFACE_WITH_KNOTS ( ( 4, 2, 4 ),
 ( 3, 3 ),
 ( 0.007065390219002026101, 0.009054516602957186217, 0.01104364298691234807 ),
 ( 0.0000000000000000000, 1.000000000000000000 ),
 .UNSPECIFIED. ) 
 GEOMETRIC_REPRESENTATION_ITEM ( )  RATIONAL_B_SPLINE_SURFACE ( (
 ( 1.000000000000000000, 0.9238795325114936841, 1.000000000000000000),
 ( 1.000000000000000000, 0.9497503973328697002, 1.000000000000000000),
 ( 1.000000000000000000, 0.9687055373153891091, 1.000000000000000000),
 ( 1.000000000000000000, 0.9938349165639427385, 1.000000000000000000),
 ( 1.000000000000000000, 0.9999781049100008312, 1.000000000000000000),
 ( 1.000000000000000000, 1.000000000000000000, 1.000000000000000000) ) ) 
 REPRESENTATION_ITEM ( '' )  SURFACE ( )  );
#1682 = CARTESIAN_POINT ( 'NONE',  ( 6.749999999999560352, -11.69134295108976929, 4.600000000009152323 ) ) ;
#1683 = ORIENTED_EDGE ( 'NONE', *, *, #1115, .F. ) ;
#1684 = CARTESIAN_POINT ( 'NONE',  ( -15.08725136625621666, 8.745376351348973287, 0.4275699537898751124 ) ) ;
#1685 = DIRECTION ( 'NONE',  ( -1.430513376220121878E-22, 1.809830632667533286E-22, -1.000000000000000000 ) ) ;
#1686 =( LENGTH_UNIT ( ) NAMED_UNIT ( * ) SI_UNIT ( .MILLI., .METRE. ) );
#1687 = ORIENTED_EDGE ( 'NONE', *, *, #740, .T. ) ;
#1688 = ORIENTED_EDGE ( 'NONE', *, *, #1098, .F. ) ;
#1689 = EDGE_CURVE ( 'NONE', #331, #580, #1439, .T. ) ;
#1690 = DIRECTION ( 'NONE',  ( -1.430513376220121878E-22, 1.809830632667533286E-22, -1.000000000000000000 ) ) ;
#1691 = CARTESIAN_POINT ( 'NONE',  ( -5.950101522600448334E-13, 22.99999999999806732, 5.099999999999993427 ) ) ;
#1692 = LINE ( 'NONE', #351, #874 ) ;
#1693 = VECTOR ( 'NONE', #1003, 1000.000000000000000 ) ;
#1694 = VECTOR ( 'NONE', #1071, 1000.000000000000000 ) ;
#1695 = ORIENTED_EDGE ( 'NONE', *, *, #1620, .T. ) ;
#1696 = CYLINDRICAL_SURFACE ( 'NONE', #1834, 1.549999999999955858 ) ;
#1697 = DIRECTION ( 'NONE',  ( 0.0000000000000000000, 0.0000000000000000000, 1.000000000000000000 ) ) ;
#1698 =( NAMED_UNIT ( * ) PLANE_ANGLE_UNIT ( ) SI_UNIT ( $, .RADIAN. ) );
#1699 = EDGE_LOOP ( 'NONE', ( #1085, #1856, #381, #64 ) ) ;
#1700 = LINE ( 'NONE', #367, #1767 ) ;
#1701 = ORIENTED_EDGE ( 'NONE', *, *, #1457, .F. ) ;
#1702 = AXIS2_PLACEMENT_3D ( 'NONE', #1768, #460, #576 ) ;
#1703 = EDGE_CURVE ( 'NONE', #25, #1437, #13, .T. ) ;
#1704 = CARTESIAN_POINT ( 'NONE',  ( 6.749999999999983125, -11.69134295109007482, 12.59999999999548947 ) ) ;
#1705 = EDGE_CURVE ( 'NONE', #1088, #669, #297, .T. ) ;
#1706 = VECTOR ( 'NONE', #1884, 1000.000000000000114 ) ;
#1707 = ORIENTED_EDGE ( 'NONE', *, *, #1248, .F. ) ;
#1708 = PRODUCT_DEFINITION_FORMATION_WITH_SPECIFIED_SOURCE ( 'ä»', '', #1759, .NOT_KNOWN. ) ;
#1709 = CARTESIAN_POINT ( 'NONE',  ( -10.50000000000019540, -3.750333377183778794E-13, 2.100000000006790657 ) ) ;
#1710 = EDGE_CURVE ( 'NONE', #1325, #1366, #85, .T. ) ;
#1711 = SURFACE_SIDE_STYLE ('',( #1238 ) ) ;
#1712 = EDGE_LOOP ( 'NONE', ( #673, #1765, #1755, #293 ) ) ;
#1713 = DIRECTION ( 'NONE',  ( 1.000000000000000000, 0.0000000000000000000, 0.0000000000000000000 ) ) ;
#1714 = DIRECTION ( 'NONE',  ( -1.430513376220121878E-22, 1.809830632667533286E-22, -1.000000000000000000 ) ) ;
#1715 = EDGE_CURVE ( 'NONE', #183, #626, #1111, .T. ) ;
#1716 = ORIENTED_EDGE ( 'NONE', *, *, #1620, .F. ) ;
#1717 = DIRECTION ( 'NONE',  ( -1.430513376220121878E-22, 1.809830632667533286E-22, -1.000000000000000000 ) ) ;
#1718 = FACE_OUTER_BOUND ( 'NONE', #12, .T. ) ;
#1719 = EDGE_LOOP ( 'NONE', ( #281, #94, #633, #1561 ) ) ;
#1720 = ORIENTED_EDGE ( 'NONE', *, *, #110, .T. ) ;
#1721 = CARTESIAN_POINT ( 'NONE',  ( -13.50000000000034639, -4.857225732735059864E-14, 4.600000000006793321 ) ) ;
#1722 = FACE_OUTER_BOUND ( 'NONE', #1859, .T. ) ;
#1723 = VECTOR ( 'NONE', #866, 1000.000000000000000 ) ;
#1724 = EDGE_CURVE ( 'NONE', #1212, #1260, #985, .T. ) ;
#1725 = CARTESIAN_POINT ( 'NONE',  ( 15.73632218586983811, 7.656250000000135003, 0.5000000000020821123 ) ) ;
#1726 = CARTESIAN_POINT ( 'NONE',  ( -15.03960515352283878, 8.681675918993635221, 0.3221230570870413090 ) ) ;
#1727 = VERTEX_POINT ( 'NONE', #665 ) ;
#1728 = DIRECTION ( 'NONE',  ( 0.4375000000000000555, -0.8992184106211348338, 2.253281862613274012E-22 ) ) ;
#1729 = FACE_OUTER_BOUND ( 'NONE', #926, .T. ) ;
#1730 = EDGE_CURVE ( 'NONE', #299, #1727, #1700, .T. ) ;
#1731 = ORIENTED_EDGE ( 'NONE', *, *, #967, .T. ) ;
#1732 = DIRECTION ( 'NONE',  ( -1.430513376220121878E-22, 1.809830632667533286E-22, -1.000000000000000000 ) ) ;
#1733 = AXIS2_PLACEMENT_3D ( 'NONE', #270, #1139, #982 ) ;
#1734 = VECTOR ( 'NONE', #1403, 1000.000000000000000 ) ;
#1735 = LINE ( 'NONE', #97, #1268 ) ;
#1736 = EDGE_CURVE ( 'NONE', #768, #864, #1869, .T. ) ;
#1737 = AXIS2_PLACEMENT_3D ( 'NONE', #1847, #1539, #1371 ) ;
#1738 = LINE ( 'NONE', #841, #1762 ) ;
#1739 = AXIS2_PLACEMENT_3D ( 'NONE', #1573, #971, #72 ) ;
#1740 = EDGE_CURVE ( 'NONE', #299, #1500, #573, .T. ) ;
#1741 = DIRECTION ( 'NONE',  ( -1.430513376220121878E-22, 1.809830632667533286E-22, -1.000000000000000000 ) ) ;
#1742 = CARTESIAN_POINT ( 'NONE',  ( 0.0000000000000000000, 0.0000000000000000000, 0.5000000000000004441 ) ) ;
#1743 = EDGE_CURVE ( 'NONE', #1544, #18, #1282, .T. ) ;
#1744 = DIRECTION ( 'NONE',  ( 1.000000000000000000, -1.110223024625188834E-16, 1.430513723319002460E-22 ) ) ;
#1745 = CARTESIAN_POINT ( 'NONE',  ( 6.750000000000254019, 11.69134295108837485, 7.077671781985372945E-12 ) ) ;
#1746 = DIRECTION ( 'NONE',  ( -1.000000000000000000, 0.0000000000000000000, 0.0000000000000000000 ) ) ;
#1747 = DIRECTION ( 'NONE',  ( 1.430513376220121878E-22, -1.809830632667533286E-22, 1.000000000000000000 ) ) ;
#1748 = EDGE_CURVE ( 'NONE', #1544, #56, #1799, .T. ) ;
#1749 = DIRECTION ( 'NONE',  ( -1.430513376220121878E-22, 1.809830632667533286E-22, -1.000000000000000000 ) ) ;
#1750 = DIRECTION ( 'NONE',  ( -1.430513376220121878E-22, 1.809830632667533286E-22, -1.000000000000000000 ) ) ;
#1751 = FACE_OUTER_BOUND ( 'NONE', #1083, .T. ) ;
#1752 = EDGE_CURVE ( 'NONE', #1500, #979, #279, .T. ) ;
#1753 = DIRECTION ( 'NONE',  ( -1.430513376220121878E-22, 1.809830632667533286E-22, -1.000000000000000000 ) ) ;
#1754 = AXIS2_PLACEMENT_3D ( 'NONE', #1574, #1867, #1133 ) ;
#1755 = ORIENTED_EDGE ( 'NONE', *, *, #392, .T. ) ;
#1756 = AXIS2_PLACEMENT_3D ( 'NONE', #1811, #745, #1654 ) ;
#1757 = CARTESIAN_POINT ( 'NONE',  ( 16.99999999999862155, -1.894120654710376749E-12, 5.099999999999993427 ) ) ;
#1758 = CARTESIAN_POINT ( 'NONE',  ( -6.000000000000135003, 10.39230484541138466, 3.000000000002084555 ) ) ;
#1759 = PRODUCT ( '\X2\644781c2\X0\', '\X2\644781c2\X0\', '', ( #651 ) ) ;
#1760 = DIRECTION ( 'NONE',  ( 1.430513376220121878E-22, -1.809830632667533286E-22, 1.000000000000000000 ) ) ;
#1761 = CARTESIAN_POINT ( 'NONE',  ( -2.500000000000595080, 22.99999999999972999, 5.099999999999993427 ) ) ;
#1762 = VECTOR ( 'NONE', #1605, 1000.000000000000000 ) ;
#1763 = CARTESIAN_POINT ( 'NONE',  ( -6.744138079657695961, 24.99553571428333143, 5.100000000002075318 ) ) ;
#1764 = AXIS2_PLACEMENT_3D ( 'NONE', #751, #1920, #436 ) ;
#1765 = ORIENTED_EDGE ( 'NONE', *, *, #1397, .F. ) ;
#1766 = CIRCLE ( 'NONE', #827, 1.549999999999955858 ) ;
#1767 = VECTOR ( 'NONE', #523, 1000.000000000000000 ) ;
#1768 = CARTESIAN_POINT ( 'NONE',  ( -5.999999999999694467, -10.39230484541349497, 3.000000000000002665 ) ) ;
#1769 = DIRECTION ( 'NONE',  ( 1.000000000000000000, -4.807265696627064135E-14, 0.0000000000000000000 ) ) ;
#1770 = ORIENTED_EDGE ( 'NONE', *, *, #881, .T. ) ;
#1771 = CARTESIAN_POINT ( 'NONE',  ( -7.999999999999635847, -10.39230484541349497, 3.000000000000002665 ) ) ;
#1772 = ORIENTED_EDGE ( 'NONE', *, *, #1115, .T. ) ;
#1773 = CARTESIAN_POINT ( 'NONE',  ( -3.999999999999998224, -10.39230484541327293, -2.861026752440243755E-22 ) ) ;
#1774 = EDGE_CURVE ( 'NONE', #1436, #1077, #843, .T. ) ;
#1775 = CARTESIAN_POINT ( 'NONE',  ( -13.50000000000010836, -3.747002708109903324E-13, 2.100000000006790657 ) ) ;
#1776 = CARTESIAN_POINT ( 'NONE',  ( 0.0000000000000000000, 0.0000000000000000000, 0.5000000000000004441 ) ) ;
#1777 = DIRECTION ( 'NONE',  ( -1.430513376220121878E-22, 1.809830632667533286E-22, -1.000000000000000000 ) ) ;
#1778 = DIRECTION ( 'NONE',  ( -1.430513723319002695E-22, -1.809830632667532816E-22, 1.000000000000000000 ) ) ;
#1779 = ORIENTED_EDGE ( 'NONE', *, *, #1086, .F. ) ;
#1780 = EDGE_CURVE ( 'NONE', #1120, #1364, #1618, .T. ) ;
#1781 = FACE_OUTER_BOUND ( 'NONE', #1022, .T. ) ;
#1782 = FACE_BOUND ( 'NONE', #1383, .T. ) ;
#1783 = DIRECTION ( 'NONE',  ( 1.000000000000000000, 3.717264591378970615E-14, 0.0000000000000000000 ) ) ;
#1784 = ORIENTED_EDGE ( 'NONE', *, *, #1883, .T. ) ;
#1785 = VECTOR ( 'NONE', #789, 1000.000000000000114 ) ;
#1786 = FACE_OUTER_BOUND ( 'NONE', #344, .T. ) ;
#1787 = EDGE_CURVE ( 'NONE', #547, #52, #290, .T. ) ;
#1788 = CIRCLE ( 'NONE', #617, 17.49999999999949196 ) ;
#1789 = ORIENTED_EDGE ( 'NONE', *, *, #1126, .T. ) ;
#1790 = FACE_OUTER_BOUND ( 'NONE', #1217, .T. ) ;
#1791 = ORIENTED_EDGE ( 'NONE', *, *, #392, .F. ) ;
#1792 = EDGE_CURVE ( 'NONE', #418, #755, #387, .T. ) ;
#1793 = DIRECTION ( 'NONE',  ( 1.000000000000000000, -1.110223024625189327E-16, 0.0000000000000000000 ) ) ;
#1794 = CIRCLE ( 'NONE', #790, 1.999999999999941158 ) ;
#1795 = DIRECTION ( 'NONE',  ( 1.430513376220121878E-22, -1.809830632667533286E-22, 1.000000000000000000 ) ) ;
#1796 = CIRCLE ( 'NONE', #1644, 2.999999999999914291 ) ;
#1797 = DIRECTION ( 'NONE',  ( -1.430513376220121878E-22, 1.809830632667533286E-22, -1.000000000000000000 ) ) ;
#1798 = EDGE_LOOP ( 'NONE', ( #1536, #1180, #1655, #32 ) ) ;
#1799 = CIRCLE ( 'NONE', #1402, 7.999999999999767297 ) ;
#1800 = ORIENTED_EDGE ( 'NONE', *, *, #1595, .F. ) ;
#1801 = DIRECTION ( 'NONE',  ( 1.000000000000000000, -1.110223024625188834E-16, 0.0000000000000000000 ) ) ;
#1802 = CIRCLE ( 'NONE', #1896, 1.549999999999954081 ) ;
#1803 = VERTEX_POINT ( 'NONE', #1309 ) ;
#1804 = EDGE_LOOP ( 'NONE', ( #1522, #1669, #596, #713 ) ) ;
#1805 = DIRECTION ( 'NONE',  ( -0.7071067811865296981, 1.651001005833873578E-16, 0.7071067811865654473 ) ) ;
#1806 = FACE_OUTER_BOUND ( 'NONE', #1007, .T. ) ;
#1807 = CARTESIAN_POINT ( 'NONE',  ( -2.499999999999715339, 22.99999999999972999, 12.00000000000049560 ) ) ;
#1808 = FACE_OUTER_BOUND ( 'NONE', #1853, .T. ) ;
#1809 = EDGE_LOOP ( 'NONE', ( #1321, #366, #1137, #1409, #277 ) ) ;
#1810 = EDGE_CURVE ( 'NONE', #2, #495, #1270, .T. ) ;
#1811 = CARTESIAN_POINT ( 'NONE',  ( -13.50000000000010836, -3.747002708109903324E-13, 2.100000000006790657 ) ) ;
#1812 = ORIENTED_EDGE ( 'NONE', *, *, #889, .F. ) ;
#1813 = VERTEX_POINT ( 'NONE', #1480 ) ;
#1814 = CARTESIAN_POINT ( 'NONE',  ( -15.73632218587206566, 7.656249999999939604, 0.5000000000055019322 ) ) ;
#1815 = CYLINDRICAL_SURFACE ( 'NONE', #1490, 1.549999999999955858 ) ;
#1816 = ADVANCED_FACE ( 'NONE', ( #102, #882 ), #1156, .T. ) ;
#1817 = DIRECTION ( 'NONE',  ( -1.430513376220121878E-22, 1.809830632667533286E-22, -1.000000000000000000 ) ) ;
#1818 = EDGE_LOOP ( 'NONE', ( #1889, #1332, #1653, #1026 ) ) ;
#1819 = CIRCLE ( 'NONE', #1576, 16.99999999999950262 ) ;
#1820 = FACE_OUTER_BOUND ( 'NONE', #1220, .T. ) ;
#1821 = ORIENTED_EDGE ( 'NONE', *, *, #691, .T. ) ;
#1822 = ORIENTED_EDGE ( 'NONE', *, *, #895, .T. ) ;
#1823 = DIRECTION ( 'NONE',  ( 1.000000000000000000, -1.110223024625188834E-16, 1.430513723319002460E-22 ) ) ;
#1824 = EDGE_CURVE ( 'NONE', #1504, #1209, #1339, .T. ) ;
#1825 = ORIENTED_EDGE ( 'NONE', *, *, #9, .T. ) ;
#1826 = CARTESIAN_POINT ( 'NONE',  ( 6.749999999999532818, 11.69134295108977284, 4.600000000007097967 ) ) ;
#1827 =( NAMED_UNIT ( * ) PLANE_ANGLE_UNIT ( ) SI_UNIT ( $, .RADIAN. ) );
#1828 = DIRECTION ( 'NONE',  ( 1.000000000000000000, 0.0000000000000000000, 0.0000000000000000000 ) ) ;
#1829 = CONICAL_SURFACE ( 'NONE', #6, 16.99999999999950973, 0.7853981633974447263 ) ;
#1830 = CIRCLE ( 'NONE', #1198, 2.999999999999914291 ) ;
#1831 = CARTESIAN_POINT ( 'NONE',  ( -13.50000000000034639, -4.857225732735059864E-14, 4.600000000006793321 ) ) ;
#1832 = ORIENTED_EDGE ( 'NONE', *, *, #1748, .F. ) ;
#1833 = VERTEX_POINT ( 'NONE', #697 ) ;
#1834 = AXIS2_PLACEMENT_3D ( 'NONE', #608, #806, #480 ) ;
#1835 = CIRCLE ( 'NONE', #138, 2.999999999999914291 ) ;
#1836 = CARTESIAN_POINT ( 'NONE',  ( 0.0000000000000000000, 0.0000000000000000000, 0.5000000000000004441 ) ) ;
#1837 = EDGE_LOOP ( 'NONE', ( #1779, #1301 ) ) ;
#1838 = EDGE_CURVE ( 'NONE', #798, #201, #172, .T. ) ;
#1839 = CARTESIAN_POINT ( 'NONE',  ( -13.50568765050922515, 10.66212571985772684, 0.2071067811909854672 ) ) ;
#1840 = PRESENTATION_STYLE_ASSIGNMENT (( #1563 ) ) ;
#1841 = EDGE_LOOP ( 'NONE', ( #1707, #1683, #653, #1509 ) ) ;
#1842 = CARTESIAN_POINT ( 'NONE',  ( 14.06068875811499019, 11.10027383471717854, 0.5000000000044413362 ) ) ;
#1843 = CARTESIAN_POINT ( 'NONE',  ( -1.382574610353515254E-12, -1.894318035766673347E-12, 5.099999999999993427 ) ) ;
#1844 = VERTEX_POINT ( 'NONE', #128 ) ;
#1845 = DIRECTION ( 'NONE',  ( -0.4375000000000000555, 0.8992184106211348338, -2.253281862613274012E-22 ) ) ;
#1846 = CARTESIAN_POINT ( 'NONE',  ( -7.999999999999635847, -10.39230484541349497, 3.000000000000002665 ) ) ;
#1847 = CARTESIAN_POINT ( 'NONE',  ( -9.246076126956381813E-13, -1.047772979489991485E-12, 4.599999999999992539 ) ) ;
#1848 = CARTESIAN_POINT ( 'NONE',  ( -13.50000000000001421, -1.804112415015879378E-13, 6.800116025829083810E-12 ) ) ;
#1849 = ADVANCED_FACE ( 'NONE', ( #398, #1489 ), #1300, .T. ) ;
#1850 = CARTESIAN_POINT ( 'NONE',  ( -5.204170427930421283E-13, 21.71428571428601373, 5.100000000007071321 ) ) ;
#1851 = CARTESIAN_POINT ( 'NONE',  ( 8.300000000000082423, 11.69134295108909960, 12.59999999999340758 ) ) ;
#1852 = ADVANCED_FACE ( 'NONE', ( #391 ), #1647, .F. ) ;
#1853 = EDGE_LOOP ( 'NONE', ( #284, #1673, #588, #14 ) ) ;
#1854 = LINE ( 'NONE', #376, #1386 ) ;
#1855 = AXIS2_PLACEMENT_3D ( 'NONE', #1704, #1714, #222 ) ;
#1856 = ORIENTED_EDGE ( 'NONE', *, *, #1824, .T. ) ;
#1857 = EDGE_CURVE ( 'NONE', #1833, #234, #667, .T. ) ;
#1858 = AXIS2_PLACEMENT_3D ( 'NONE', #983, #1690, #503 ) ;
#1859 = EDGE_LOOP ( 'NONE', ( #715, #1404, #898, #950 ) ) ;
#1860 = DIRECTION ( 'NONE',  ( -1.430513376220121878E-22, 1.809830632667533286E-22, -1.000000000000000000 ) ) ;
#1861 = SHAPE_DEFINITION_REPRESENTATION ( #1293, #1396 ) ;
#1862 = DIRECTION ( 'NONE',  ( 1.000000000000000000, 0.0000000000000000000, 0.0000000000000000000 ) ) ;
#1863 = ORIENTED_EDGE ( 'NONE', *, *, #691, .F. ) ;
#1864 = DIRECTION ( 'NONE',  ( -1.430513376220121878E-22, 1.809830632667533286E-22, -1.000000000000000000 ) ) ;
#1865 = AXIS2_PLACEMENT_3D ( 'NONE', #111, #831, #849 ) ;
#1866 = AXIS2_PLACEMENT_3D ( 'NONE', #459, #1346, #1161 ) ;
#1867 = DIRECTION ( 'NONE',  ( 1.430513376220121878E-22, -1.809830632667533286E-22, 1.000000000000000000 ) ) ;
#1868 = CIRCLE ( 'NONE', #414, 1.999999999999941158 ) ;
#1869 = CIRCLE ( 'NONE', #1237, 0.9999999999999683586 ) ;
#1870 = DIRECTION ( 'NONE',  ( -1.430513376220121878E-22, 1.809830632667533286E-22, -1.000000000000000000 ) ) ;
#1871 = DIRECTION ( 'NONE',  ( 1.000000000000000000, 0.0000000000000000000, 0.0000000000000000000 ) ) ;
#1872 = DIRECTION ( 'NONE',  ( 1.000000000000000000, 0.0000000000000000000, 0.0000000000000000000 ) ) ;
#1873 = EDGE_CURVE ( 'NONE', #462, #432, #1609, .T. ) ;
#1874 = DIRECTION ( 'NONE',  ( -1.000000000000000000, 0.0000000000000000000, -1.430514449071035733E-22 ) ) ;
#1875 = EDGE_CURVE ( 'NONE', #551, #1058, #205, .T. ) ;
#1876 = DIRECTION ( 'NONE',  ( -1.000000000000000000, 1.110223024625066561E-16, 0.0000000000000000000 ) ) ;
#1877 = CARTESIAN_POINT ( 'NONE',  ( -11.95000000000010942, -9.712677687933129669E-14, 2.100000000006790657 ) ) ;
#1878 = EDGE_LOOP ( 'NONE', ( #200, #1534, #1687, #1228 ) ) ;
#1879 = ADVANCED_FACE ( 'NONE', ( #562 ), #1913, .F. ) ;
#1880 = ORIENTED_EDGE ( 'NONE', *, *, #1187, .T. ) ;
#1881 = DIRECTION ( 'NONE',  ( -1.430513376220121878E-22, 1.809830632667533286E-22, -1.000000000000000000 ) ) ;
#1882 = DIRECTION ( 'NONE',  ( 0.7071067811865321406, -7.850475090854064613E-17, 0.7071067811865630048 ) ) ;
#1883 = EDGE_CURVE ( 'NONE', #1813, #610, #329, .T. ) ;
#1884 = DIRECTION ( 'NONE',  ( -0.8571673007020991220, 9.516478053269781789E-17, -0.5150380749100763600 ) ) ;
#1885 = CIRCLE ( 'NONE', #752, 2.999999999999914291 ) ;
#1886 = CARTESIAN_POINT ( 'NONE',  ( -1.354819034737886341E-12, 22.99999999999972999, 12.60000000000048637 ) ) ;
#1887 = CARTESIAN_POINT ( 'NONE',  ( -11.95000000000001528, -9.712677687930398317E-14, 6.800116025607354169E-12 ) ) ;
#1888 = DIRECTION ( 'NONE',  ( -1.430513376220121878E-22, 1.809830632667533286E-22, -1.000000000000000000 ) ) ;
#1889 = ORIENTED_EDGE ( 'NONE', *, *, #857, .F. ) ;
#1890 = AXIS2_PLACEMENT_3D ( 'NONE', #1291, #1741, #406 ) ;
#1891 = PLANE ( 'NONE',  #590 ) ;
#1892 = LINE ( 'NONE', #365, #328 ) ;
#1893 = AXIS2_PLACEMENT_3D ( 'NONE', #939, #38, #1548 ) ;
#1894 = ADVANCED_FACE ( 'NONE', ( #853 ), #39, .T. ) ;
#1895 = DIRECTION ( 'NONE',  ( -1.000000000000000000, 0.0000000000000000000, 0.0000000000000000000 ) ) ;
#1896 = AXIS2_PLACEMENT_3D ( 'NONE', #1848, #1412, #1256 ) ;
#1897 = CARTESIAN_POINT ( 'NONE',  ( 6.744138079658771545, 24.99553571428429066, 5.100000000009111467 ) ) ;
#1898 = CARTESIAN_POINT ( 'NONE',  ( -1.382574610353515254E-12, -1.894318035766673347E-12, 5.099999999999993427 ) ) ;
#1899 = CARTESIAN_POINT ( 'NONE',  ( 0.0000000000000000000, 0.0000000000000000000, 0.0000000000000000000 ) ) ;
#1900 = CARTESIAN_POINT ( 'NONE',  ( -17.50000000000092371, -1.892375145012086454E-12, 4.599999999999992539 ) ) ;
#1901 = CARTESIAN_POINT ( 'NONE',  ( 5.200000000000104095, -11.69134295108995047, 1.124100812410798033E-11 ) ) ;
#1902 = ORIENTED_EDGE ( 'NONE', *, *, #980, .F. ) ;
#1903 = DIRECTION ( 'NONE',  ( 1.000000000000000000, 0.0000000000000000000, 0.0000000000000000000 ) ) ;
#1904 = CARTESIAN_POINT ( 'NONE',  ( 8.299999999999938538, -11.69134295109007482, 12.59999999999548947 ) ) ;
#1905 = ORIENTED_EDGE ( 'NONE', *, *, #815, .T. ) ;
#1906 = EDGE_CURVE ( 'NONE', #52, #507, #1802, .T. ) ;
#1907 = LINE ( 'NONE', #1158, #1514 ) ;
#1908 = DIRECTION ( 'NONE',  ( -1.000000000000000000, 1.110223024625190314E-16, -1.430513723319002460E-22 ) ) ;
#1909 = DIRECTION ( 'NONE',  ( -1.430513376220121878E-22, 1.809830632667533286E-22, -1.000000000000000000 ) ) ;
#1910 = CONICAL_SURFACE ( 'NONE', #687, 1.999999999999941158, 1.029744258676654090 ) ;
#1911 = VERTEX_POINT ( 'NONE', #1223 ) ;
#1912 = DIRECTION ( 'NONE',  ( -1.000000000000000000, 0.0000000000000000000, 0.0000000000000000000 ) ) ;
#1913 = CYLINDRICAL_SURFACE ( 'NONE', #1435, 1.549999999999954081 ) ;
#1914 = ORIENTED_EDGE ( 'NONE', *, *, #1810, .T. ) ;
#1915 = CARTESIAN_POINT ( 'NONE',  ( 17.50000000000000355, -1.894117793699957744E-12, 0.5000000000000004441 ) ) ;
#1916 = ORIENTED_EDGE ( 'NONE', *, *, #1178, .T. ) ;
#1917 = CIRCLE ( 'NONE', #481, 2.499999999999927169 ) ;
#1918 = CYLINDRICAL_SURFACE ( 'NONE', #485, 1.999999999999941158 ) ;
#1919 = AXIS2_PLACEMENT_3D ( 'NONE', #1443, #1434, #68 ) ;
#1920 = DIRECTION ( 'NONE',  ( -1.430513376220121878E-22, 1.809830632667533286E-22, -1.000000000000000000 ) ) ;
#1921 = VECTOR ( 'NONE', #176, 1000.000000000000000 ) ;
#1922 = ORIENTED_EDGE ( 'NONE', *, *, #837, .F. ) ;
#1923 = EDGE_CURVE ( 'NONE', #1272, #1500, #337, .T. ) ;
#1924 = AXIS2_PLACEMENT_3D ( 'NONE', #684, #1292, #1122 ) ;
#1925 = DIRECTION ( 'NONE',  ( -1.430513376220121878E-22, 1.809830632667533286E-22, -1.000000000000000000 ) ) ;
#1926 = CARTESIAN_POINT ( 'NONE',  ( 2.844946500601963635E-13, 22.99999999999852207, 12.00000000000049560 ) ) ;
#1927 = VERTEX_POINT ( 'NONE', #1531 ) ;
#1928 = CARTESIAN_POINT ( 'NONE',  ( -9.246076126956381813E-13, -1.047772979489991485E-12, 4.599999999999992539 ) ) ;
#1929 = FACE_BOUND ( 'NONE', #1060, .T. ) ;
#1930 = LINE ( 'NONE', #582, #664 ) ;
#1931 = ORIENTED_EDGE ( 'NONE', *, *, #240, .T. ) ;
#1932 = CARTESIAN_POINT ( 'NONE',  ( 6.744138079658771545, 24.99553571428429066, 5.100000000009111467 ) ) ;
#1933 = ORIENTED_EDGE ( 'NONE', *, *, #602, .T. ) ;
#1934 = DIRECTION ( 'NONE',  ( 1.000000000000000000, 0.0000000000000000000, 0.0000000000000000000 ) ) ;
#1935 = ORIENTED_EDGE ( 'NONE', *, *, #1127, .T. ) ;
#1936 = DIRECTION ( 'NONE',  ( -1.000000000000000000, 0.0000000000000000000, -1.430513723319001754E-22 ) ) ;
#1937 = CARTESIAN_POINT ( 'NONE',  ( -2.349999999999715872, 22.99999999999852207, 12.00000000000049560 ) ) ;
#1938 = AXIS2_PLACEMENT_3D ( 'NONE', #1484, #1326, #1936 ) ;
#1939 = LINE ( 'NONE', #754, #822 ) ;
ENDSEC;
END-ISO-10303-21;
